obs_id,target
911345,0.11685623
911346,0.10996488
911347,0.044401206
911348,0.043532386
911349,0.04329846
911350,0.04329846
911351,0.04329846
911352,0.05577919
911353,0.49043953
911354,0.54040504
911355,0.47436574
911356,0.48691288
911357,0.5430463
911358,0.54043484
911359,0.5518581
911360,0.5518581
911361,0.5222728
911362,0.5222728
911363,0.482405
911364,0.51339805
911365,0.40692928
911366,0.21101323
911367,0.08813356
911368,0.0933805
911369,0.08470461
911370,0.08545007
911371,0.073429026
911372,0.022594934
911373,0.08593775
911374,0.08304384
911375,0.07797683
911376,0.07591775
911377,0.07503533
911378,0.07503533
911379,0.054059766
911380,0.02595286
911381,0.09534897
911382,0.09278665
911383,0.0919234
911384,0.09193025
911385,0.09216579
911386,0.09216579
911387,0.09317968
911388,0.0738527
911389,0.103194
911390,0.06220816
911391,0.061739128
911392,0.05914797
911393,0.05802806
911394,0.048058037
911395,0.10830281
911396,0.02589368
911397,0.062857755
911398,0.06719001
911399,0.23018399
911400,0.13788308
911401,0.13019742
911402,0.12131256
911403,0.11673714
911404,0.09210098
911405,0.03310186
911406,0.12058902
911407,0.11667715
911408,0.10859974
911409,0.10444683
911410,0.10328185
911411,0.08185318
911412,0.14979303
911413,0.034940906
911414,0.122494034
911415,0.119298436
911416,0.11549317
911417,0.11327431
911418,0.11443996
911419,0.11443996
911420,0.111863926
911421,0.08806472
911422,0.21588376
911423,0.050165787
911424,0.12906896
911425,0.13019742
911426,0.12131256
911427,0.113235
911428,0.14068478
911429,0.13511641
911430,0.13039683
911431,0.05975935
911432,0.05809199
911433,0.057292774
911434,0.059090815
911435,0.059090815
911436,0.059090815
911437,0.06417353
911438,0.047786552
911439,0.1919203
911440,0.07275498
911441,0.10296956
911442,0.108673066
911443,0.016582973
911444,0.05975935
911445,0.05809199
911446,0.07281768
911447,0.06417353
911448,0.059090815
911449,0.059090815
911450,0.059090815
911451,0.047786552
911452,0.02308856
911453,0.06823266
911454,0.067599475
911455,0.06571051
911456,0.066860504
911457,0.07090252
911458,0.07235334
911459,0.07808927
911460,0.06232521
911461,0.031509563
911462,0.14348075
911463,0.14953451
911464,0.1515519
911465,0.15446942
911466,0.15446942
911467,0.16845955
911468,0.16845955
911469,0.1506502
911470,0.016206056
911471,0.059909023
911472,0.06084237
911473,0.05208037
911474,0.053269222
911475,0.053269222
911476,0.053269222
911477,0.043007676
911478,0.32521337
911479,0.3189537
911480,0.31312984
911481,0.31603923
911482,0.31566828
911483,0.40695676
911484,0.31566828
911485,0.31566828
911486,0.31566828
911487,0.31566828
911488,0.3107177
911489,0.30317283
911490,0.25353104
911491,0.10616019
911492,0.122889124
911493,0.018007383
911494,0.05975935
911495,0.05809199
911496,0.057292774
911497,0.059090815
911498,0.059090815
911499,0.06417353
911500,0.059090815
911501,0.047786552
911502,0.015230745
911503,0.06422689
911504,0.06446809
911505,0.049406543
911506,0.04945586
911507,0.04945586
911508,0.04216977
911509,0.016179902
911510,0.059909023
911511,0.057836156
911512,0.05480481
911513,0.053269222
911514,0.053269222
911515,0.053269222
911516,0.043420836
911517,0.015230745
911518,0.06422689
911519,0.06446809
911520,0.049406543
911521,0.04945586
911522,0.04945586
911523,0.04216977
911524,0.021702612
911525,0.06706294
911526,0.06559043
911527,0.05789184
911528,0.05920507
911529,0.047722988
911530,0.2016762
911531,0.101321235
911532,0.09659628
911533,0.085259974
911534,0.08450535
911535,0.083316624
911536,0.083316624
911537,0.062294047
911538,0.03216848
911539,0.07441711
911540,0.039878383
911541,0.1518137
911542,0.14705831
911543,0.13115266
911544,0.1286341
911545,0.12691066
911546,0.09680781
911547,0.38631597
911548,0.18011783
911549,0.16558763
911550,0.14798307
911551,0.1066822
911552,0.025462056
911553,0.10066776
911554,0.10317349
911555,0.09114317
911556,0.07813585
911557,0.06696486
911558,0.20444019
911559,0.11451921
911560,0.5265411
911561,0.5450633
911562,0.5571463
911563,0.5733644
911564,0.55337197
911565,0.55337197
911566,0.55337197
911567,0.55337197
911568,0.55337197
911569,0.5551808
911570,0.55484986
911571,0.5432668
911572,0.5398359
911573,0.5398359
911574,0.5277436
911575,0.51629144
911576,0.48552564
911577,0.2979586
911578,0.034378145
911579,0.10403672
911580,0.09440144
911581,0.16394174
911582,0.08090646
911583,0.080508396
911584,0.030127328
911585,0.15984966
911586,0.15488845
911587,0.15336536
911588,0.15588704
911589,0.14548747
911590,0.14548747
911591,0.14548747
911592,0.095137134
911593,0.034378145
911594,0.11500437
911595,0.09440144
911596,0.03784506
911597,0.093803234
911598,0.34779447
911599,0.03559229
911600,0.20103112
911601,0.20328182
911602,0.20769829
911603,0.21089087
911604,0.1976812
911605,0.1976812
911606,0.14114136
911607,0.14114136
911608,0.14114136
911609,0.0938306
911610,0.018044526
911611,0.101321235
911612,0.09659628
911613,0.08088735
911614,0.08450535
911615,0.083316624
911616,0.077814125
911617,0.062294047
911618,0.10250183
911619,0.046593443
911620,0.046236336
911621,0.039417427
911622,0.034469694
911623,0.23686406
911624,0.24322109
911625,0.24929102
911626,0.25974777
911627,0.24442576
911628,0.24442576
911629,0.24442576
911630,0.24442576
911631,0.24442576
911632,0.24221464
911633,0.23883839
911634,0.13057221
911635,0.019399628
911636,0.10665038
911637,0.09608021
911638,0.08982879
911639,0.089037664
911640,0.0877913
911641,0.08327712
911642,0.06474979
911643,0.017447136
911644,0.051499218
911645,0.052056585
911646,0.0528406
911647,0.05328119
911648,0.05328119
911649,0.05328119
911650,0.05328119
911651,0.056161646
911652,0.029524142
911653,0.12882969
911654,0.1327611
911655,0.12173126
911656,0.12297395
911657,0.16085204
911658,0.03028709
911659,0.12189402
911660,0.07689349
911661,0.078988895
911662,0.1789824
911663,0.08248772
911664,0.07969985
911665,0.07384059
911666,0.07458686
911667,0.08117423
911668,0.066882774
911669,0.022649363
911670,0.04645275
911671,0.052927274
911672,0.033673152
911673,0.1123805
911674,0.111910634
911675,0.09708001
911676,0.07896702
911677,0.030519161
911678,0.092972204
911679,0.0871797
911680,0.027142815
911681,0.118269436
911682,0.10940811
911683,0.08979602
911684,0.095883735
911685,0.10357731
911686,0.047481265
911687,0.11526897
911688,0.10620423
911689,0.14675127
911690,0.23780388
911691,0.17418765
911692,0.1623509
911693,0.15257666
911694,0.1670409
911695,0.11071751
911696,0.102610976
911697,0.08428483
911698,0.05004529
911699,0.0496631
911700,0.048135057
911701,0.043760423
911702,0.057768773
911703,0.28296855
911704,0.29158482
911705,0.3053761
911706,0.32795435
911707,0.33479455
911708,0.33479455
911709,0.34148946
911710,0.3473183
911711,0.36356935
911712,0.34845904
911713,0.3366291
911714,0.23258728
911715,0.015235689
911716,0.04576501
911717,0.045940273
911718,0.04504276
911719,0.0448011
911720,0.0448011
911721,0.09441074
911722,0.042753283
911723,0.13483824
911724,0.13825756
911725,0.13870938
911726,0.14013706
911727,0.14132519
911728,0.13998744
911729,0.14668302
911730,0.14668302
911731,0.14454594
911732,0.5918107
911733,0.66455567
911734,0.70527685
911735,0.8083455
911736,0.82366645
911737,0.83430564
911738,0.8640746
911739,0.8783536
911740,0.90048164
911741,0.90048164
911742,0.911215
911743,0.911215
911744,0.9110545
911745,0.9095513
911746,0.9095513
911747,0.9103916
911748,0.9103916
911749,0.91223824
911750,0.91223824
911751,0.91223824
911752,0.9119269
911753,0.9113539
911754,0.9113539
911755,0.9113539
911756,0.91059905
911757,0.9100817
911758,0.9100817
911759,0.90951145
911760,0.9075997
911761,0.9070318
911762,0.9070318
911763,0.9070318
911764,0.9070318
911765,0.88939744
911766,0.88939744
911767,0.8498245
911768,0.8498245
911769,0.8427774
911770,0.8427774
911771,0.8427774
911772,0.8040188
911773,0.8040188
911774,0.8040188
911775,0.8040188
911776,0.60004205
911777,0.25735536
911778,0.11627219
911779,0.104754604
911780,0.095274195
911781,0.07579002
911782,0.07165133
911783,0.018003875
911784,0.08400091
911785,0.08001174
911786,0.07574648
911787,0.074606486
911788,0.073492825
911789,0.057198577
911790,0.20169082
911791,0.2502751
911792,0.20292039
911793,0.19725709
911794,0.15075368
911795,0.015104566
911796,0.08400091
911797,0.08001174
911798,0.07283948
911799,0.074606486
911800,0.07354583
911801,0.07354583
911802,0.057622697
911803,0.1674626
911804,0.05748402
911805,0.2902953
911806,0.28305945
911807,0.26535803
911808,0.25920868
911809,0.28051534
911810,0.018308504
911811,0.08231294
911812,0.07453086
911813,0.07338522
911814,0.073031
911815,0.07296321
911816,0.056622297
911817,0.032036953
911818,0.10523058
911819,0.09851737
911820,0.085425
911821,0.24528745
911822,0.3421573
911823,0.19750121
911824,0.18322241
911825,0.17143455
911826,0.14106135
911827,0.05871631
911828,0.4833418
911829,0.5269657
911830,0.5994777
911831,0.6075966
911832,0.6075966
911833,0.6075966
911834,0.6075966
911835,0.6075966
911836,0.6075966
911837,0.5966745
911838,0.58763295
911839,0.5529707
911840,0.5529707
911841,0.5529707
911842,0.45736808
911843,0.11478737
911844,0.11235349
911845,0.11506005
911846,0.114035815
911847,0.3414093
911848,0.2721693
911849,0.28191236
911850,0.28412244
911851,0.28469965
911852,0.2872792
911853,0.32690632
911854,0.32690632
911855,0.32690632
911856,0.22714067
911857,0.025579514
911858,0.117032565
911859,0.11744716
911860,0.12839243
911861,0.13201053
911862,0.13201053
911863,0.16008316
911864,0.14962924
911865,0.21317303
911866,0.22962427
911867,0.23787531
911868,0.24396317
911869,0.24396317
911870,0.24396317
911871,0.24396317
911872,0.24396317
911873,0.24396317
911874,0.23565221
911875,0.22897558
911876,0.12692286
911877,0.046034247
911878,0.28942245
911879,0.27401778
911880,0.2360164
911881,0.025517855
911882,0.16417785
911883,0.16819656
911884,0.17474097
911885,0.17933081
911886,0.17933081
911887,0.17933081
911888,0.17933081
911889,0.17933081
911890,0.17933081
911891,0.17271866
911892,0.10241623
911893,0.42246607
911894,0.47272313
911895,0.48416725
911896,0.49992633
911897,0.5118714
911898,0.5118714
911899,0.5118714
911900,0.5118714
911901,0.5118714
911902,0.5118714
911903,0.49857038
911904,0.31120536
911905,0.113312624
911906,0.062075965
911907,0.022322262
911908,0.11010888
911909,0.112983026
911910,0.11494351
911911,0.115394354
911912,0.115394354
911913,0.113966696
911914,0.113966696
911915,0.11413857
911916,0.11413857
911917,0.07297066
911918,0.042880826
911919,0.32956308
911920,0.32866436
911921,0.33353123
911922,0.34266347
911923,0.34266347
911924,0.34266347
911925,0.34266347
911926,0.34266347
911927,0.30344605
911928,0.022342985
911929,0.07119144
911930,0.07065978
911931,0.058479648
911932,0.06455494
911933,0.016337393
911934,0.0585087
911935,0.056874145
911936,0.056324277
911937,0.05655989
911938,0.05655989
911939,0.05655989
911940,0.05655989
911941,0.042481266
911942,0.12955081
911943,0.034702737
911944,0.03743813
911945,0.020885358
911946,0.10410652
911947,0.1068428
911948,0.1087098
911949,0.1091392
911950,0.1091392
911951,0.1077795
911952,0.1077795
911953,0.10794318
911954,0.10794318
911955,0.068836205
911956,0.20889352
911957,0.013147829
911958,0.026024342
911959,0.023588385
911960,0.022710808
911961,0.02468321
911962,0.022839528
911963,0.014921902
911964,0.05366724
911965,0.05179843
911966,0.049189996
911967,0.049036115
911968,0.048319995
911969,0.03355466
911970,0.01842536
911971,0.0224351
911972,0.027518185
911973,0.025951346
911974,0.036334585
911975,0.10287677
911976,0.032983772
911977,0.030457763
911978,0.06278437
911979,0.05085996
911980,0.03824629
911981,0.031236948
911982,0.06433567
911983,0.008477781
911984,0.024009796
911985,0.022798667
911986,0.021949809
911987,0.023857739
911988,0.023839623
911989,0.022695515
911990,0.048706856
911991,0.01883409
911992,0.030631814
911993,0.045231797
911994,0.023403842
911995,0.1034207
911996,0.11752173
911997,0.11364849
911998,0.083964385
911999,0.5302101
912000,0.59294766
912001,0.6413671
912002,0.6528751
912003,0.6528751
912004,0.6528751
912005,0.6528751
912006,0.6528751
912007,0.6528751
912008,0.6533012
912009,0.6491389
912010,0.64488035
912011,0.64488035
912012,0.64488035
912013,0.6432989
912014,0.6432989
912015,0.6270397
912016,0.40749162
912017,0.048225448
912018,0.14573708
912019,0.1330535
912020,0.13852139
912021,0.24821363
912022,0.08663384
912023,0.080371425
912024,0.07333199
912025,0.04658103
912026,0.12309137
912027,0.11321833
912028,0.10522531
912029,0.07376094
912030,0.0732116
912031,0.052413255
912032,0.16354398
912033,0.034290306
912034,0.11270802
912035,0.10902011
912036,0.10471455
912037,0.10573723
912038,0.10746206
912039,0.10746206
912040,0.0884223
912041,0.022908233
912042,0.07376094
912043,0.0732116
912044,0.05982066
912045,0.052298017
912046,0.29241666
912047,0.41427106
912048,0.48240387
912049,0.51051754
912050,0.5282152
912051,0.53599805
912052,0.53599805
912053,0.53599805
912054,0.53599805
912055,0.53599805
912056,0.53599805
912057,0.5207771
912058,0.51191974
912059,0.36108175
912060,0.09916719
912061,0.46547168
912062,0.56892455
912063,0.6396668
912064,0.67543155
912065,0.685833
912066,0.68766016
912067,0.69981533
912068,0.69981533
912069,0.69981533
912070,0.7019052
912071,0.7019052
912072,0.6996131
912073,0.69803995
912074,0.69803995
912075,0.69431233
912076,0.69431233
912077,0.68316805
912078,0.68316805
912079,0.68327874
912080,0.67009896
912081,0.66852456
912082,0.66852456
912083,0.66852456
912084,0.42520967
912085,0.016652595
912086,0.06904176
912087,0.0692997
912088,0.0572347
912089,0.05729136
912090,0.05729136
912091,0.0487542
912092,0.03803522
912093,0.19673768
912094,0.1989523
912095,0.20020504
912096,0.22718343
912097,0.22718343
912098,0.22718343
912099,0.22718343
912100,0.22718343
912101,0.22718343
912102,0.14798222
912103,0.2503447
912104,0.11113146
912105,0.10687269
912106,0.1347255
912107,0.10158586
912108,0.075974874
912109,0.046418186
912110,0.45997384
912111,0.48994625
912112,0.5076704
912113,0.51548135
912114,0.51548135
912115,0.51548135
912116,0.51548135
912117,0.51548135
912118,0.51548135
912119,0.50199586
912120,0.49312925
912121,0.4784639
912122,0.46559602
912123,0.042997256
912124,0.13059348
912125,0.12721717
912126,0.12607816
912127,0.12813973
912128,0.13116452
912129,0.13116452
912130,0.13619827
912131,0.109268986
912132,0.023339724
912133,0.07279851
912134,0.07225579
912135,0.06580573
912136,0.20574407
912137,0.6111928
912138,0.657378
912139,0.76319325
912140,0.8054392
912141,0.81988424
912142,0.84606916
912143,0.85531163
912144,0.8828916
912145,0.8828916
912146,0.891278
912147,0.891278
912148,0.88903904
912149,0.8894343
912150,0.8894343
912151,0.88882416
912152,0.88882416
912153,0.88985425
912154,0.88985425
912155,0.88985425
912156,0.89498883
912157,0.89431846
912158,0.89431846
912159,0.89431846
912160,0.8912301
912161,0.8839817
912162,0.8825683
912163,0.8818462
912164,0.8765303
912165,0.87579757
912166,0.87579757
912167,0.87579757
912168,0.87579757
912169,0.8445835
912170,0.8445835
912171,0.7806351
912172,0.7806351
912173,0.7625552
912174,0.7625552
912175,0.46623757
912176,0.027679404
912177,0.12404369
912178,0.15109003
912179,0.11212762
912180,0.11192911
912181,0.114002
912182,0.108879656
912183,0.11192911
912184,0.085164316
912185,0.044498824
912186,0.115219295
912187,0.12364183
912188,0.10842206
912189,0.036948927
912190,0.16939774
912191,0.15680434
912192,0.1499018
912193,0.17046133
912194,0.22221707
912195,0.034483302
912196,0.11934577
912197,0.1129961
912198,0.1168057
912199,0.13778438
912200,0.10909031
912201,0.10909031
912202,0.10909031
912203,0.0839766
912204,0.038696375
912205,0.11857207
912206,0.11471702
912207,0.115798116
912208,0.11622676
912209,0.117396876
912210,0.093607605
912211,0.036643635
912212,0.13781455
912213,0.13728498
912214,0.15399909
912215,0.14370449
912216,0.13670675
912217,0.13670675
912218,0.13670675
912219,0.13670675
912220,0.09532255
912221,0.028234119
912222,0.09279013
912223,0.089688085
912224,0.0892964
912225,0.08705901
912226,0.085739814
912227,0.079885975
912228,0.26184547
912229,0.019738637
912230,0.09218175
912231,0.09180887
912232,0.092125125
912233,0.091401905
912234,0.091401905
912235,0.08855597
912236,0.08945577
912237,0.09640443
912238,0.0818939
912239,0.03156675
912240,0.10481227
912241,0.09662235
912242,0.09620358
912243,0.094965704
912244,0.07685273
912245,0.18407564
912246,0.13049899
912247,0.06879413
912248,0.12793674
912249,0.117346704
912250,0.016655259
912251,0.070578724
912252,0.06718022
912253,0.05697686
912254,0.06258285
912255,0.05926269
912256,0.049104486
912257,0.26482904
912258,0.18384393
912259,0.17269303
912260,0.15981978
912261,0.18058093
912262,0.032021634
912263,0.10684874
912264,0.10964822
912265,0.11001848
912266,0.11138612
912267,0.1125417
912268,0.1125417
912269,0.11375166
912270,0.11375166
912271,0.08418595
912272,0.034603264
912273,0.11403685
912274,0.11681728
912275,0.11408207
912276,0.11889459
912277,0.1231041
912278,0.1231041
912279,0.12257797
912280,0.094267376
912281,0.556891
912282,0.5915651
912283,0.817837
912284,0.75339824
912285,0.7684258
912286,0.8655004
912287,0.79982793
912288,0.8304164
912289,0.8966808
912290,0.8454889
912291,0.8454889
912292,0.8828636
912293,0.89803827
912294,0.84303296
912295,0.88790363
912296,0.843389
912297,0.843389
912298,0.8445445
912299,0.83726174
912300,0.88287604
912301,0.8372859
912302,0.8818867
912303,0.84874237
912304,0.851126
912305,0.84962064
912306,0.8481717
912307,0.8787606
912308,0.83830065
912309,0.8256548
912310,0.8336589
912311,0.8336589
912312,0.8256548
912313,0.77805436
912314,0.8317481
912315,0.7122208
912316,0.7122208
912317,0.7739893
912318,0.76874995
912319,0.70215124
912320,0.6384995
912321,0.6384995
912322,0.6384995
912323,0.6384995
912324,0.5268671
912325,0.05496677
912326,0.1228632
912327,0.032709043
912328,0.105653815
912329,0.108254835
912330,0.10569611
912331,0.11019885
912332,0.11783373
912333,0.11960182
912334,0.029906955
912335,0.13355748
912336,0.08962343
912337,0.089932896
912338,0.0897697
912339,0.092950776
912340,0.092950776
912341,0.092950776
912342,0.09802893
912343,0.07140949
912344,0.25117758
912345,0.13719296
912346,0.13367231
912347,0.12947595
912348,0.12798424
912349,0.12831365
912350,0.12831365
912351,0.12546957
912352,0.09963484
912353,0.025379766
912354,0.07523572
912355,0.11025843
912356,0.16003394
912357,0.11915352
912358,0.12075366
912359,0.11793871
912360,0.12141036
912361,0.10421584
912362,0.06568588
912363,0.31059813
912364,0.33318064
912365,0.34406123
912366,0.34977323
912367,0.35044402
912368,0.35044402
912369,0.35044402
912370,0.35044402
912371,0.35044402
912372,0.3445014
912373,0.3365367
912374,0.22891559
912375,0.04320092
912376,0.11969241
912377,0.121298775
912378,0.1443074
912379,0.036460124
912380,0.13361368
912381,0.12934144
912382,0.118206404
912383,0.11720025
912384,0.11591137
912385,0.14990838
912386,0.25423807
912387,0.38528082
912388,0.46854624
912389,0.6180008
912390,0.64202595
912391,0.6426635
912392,0.6741179
912393,0.682564
912394,0.682564
912395,0.6760156
912396,0.6864948
912397,0.6864948
912398,0.68633366
912399,0.68633366
912400,0.6936309
912401,0.701906
912402,0.69216293
912403,0.68724203
912404,0.6834962
912405,0.68144643
912406,0.6800431
912407,0.672133
912408,0.69681334
912409,0.6869781
912410,0.67999864
912411,0.67953664
912412,0.40558654
912413,0.044517532
912414,0.23216163
912415,0.24086857
912416,0.266088
912417,0.28443345
912418,0.27210465
912419,0.27210465
912420,0.28211775
912421,0.28211775
912422,0.27251714
912423,0.27069396
912424,0.26894954
912425,0.19297329
912426,0.024171615
912427,0.09395449
912428,0.096452646
912429,0.096783176
912430,0.10223193
912431,0.09945585
912432,0.10142714
912433,0.10895129
912434,0.10491776
912435,0.07914264
912436,0.031197235
912437,0.08121073
912438,0.07468472
912439,0.071788296
912440,0.09231262
912441,0.39048392
912442,0.53342235
912443,0.4483903
912444,0.5112861
912445,0.5278711
912446,0.5418298
912447,0.5526784
912448,0.5278711
912449,0.55443794
912450,0.5353193
912451,0.55849534
912452,0.54734033
912453,0.5308128
912454,0.5308128
912455,0.61732996
912456,0.5183576
912457,0.6101911
912458,0.47263905
912459,0.32603133
912460,0.25138167
912461,0.24364445
912462,0.23758647
912463,0.23739223
912464,0.22015677
912465,0.24741463
912466,0.09241907
912467,0.07093472
912468,0.063161515
912469,0.18546526
912470,0.100049034
912471,0.09595657
912472,0.08842432
912473,0.080872335
912474,0.039312147
912475,0.028204717
912476,0.08919476
912477,0.08624025
912478,0.08098372
912479,0.08467147
912480,0.06910932
912481,0.017128227
912482,0.07317568
912483,0.0751672
912484,0.077674024
912485,0.085829414
912486,0.085829414
912487,0.085829414
912488,0.088118084
912489,0.088118084
912490,0.070031196
912491,0.0893645
912492,0.07195551
912493,0.029929519
912494,0.090701975
912495,0.084804825
912496,0.105340704
912497,0.17540517
912498,0.073191546
912499,0.072698146
912500,0.070004866
912501,0.06979064
912502,0.06879335
912503,0.06879335
912504,0.079154596
912505,0.20036072
912506,0.12493628
912507,0.106795035
912508,0.045103513
912509,0.02848737
912510,0.11818137
912511,0.123501495
912512,0.13492481
912513,0.12378088
912514,0.26464993
912515,0.17934385
912516,0.25283396
912517,0.20744824
912518,0.20664655
912519,0.2009462
912520,0.13752876
912521,0.02844996
912522,0.11818137
912523,0.123501495
912524,0.12354931
912525,0.04493005
912526,0.2405323
912527,0.21922696
912528,0.21671197
912529,0.21588422
912530,0.2008788
912531,0.11909476
912532,0.12733012
912533,0.038643662
912534,0.036214463
912535,0.033296864
912536,0.033648267
912537,0.034768775
912538,0.030637406
912539,0.015336503
912540,0.049741346
912541,0.047322277
912542,0.04716488
912543,0.04800698
912544,0.03892726
912545,0.05875899
912546,0.063490964
912547,0.051722452
912548,0.025507635
912549,0.12906109
912550,0.13235633
912551,0.13467753
912552,0.1423842
912553,0.16742471
912554,0.17267214
912555,0.18477686
912556,0.18477686
912557,0.18863899
912558,0.18723254
912559,0.14097707
912560,0.022984708
912561,0.078527875
912562,0.074819066
912563,0.07457736
912564,0.07586993
912565,0.082745865
912566,0.082745865
912567,0.08750234
912568,0.07018533
912569,0.2707689
912570,0.0259437
912571,0.09871997
912572,0.10133067
912573,0.10167605
912574,0.10338581
912575,0.112452
912576,0.112452
912577,0.118695155
912578,0.118695155
912579,0.0905683
912580,0.08225103
912581,0.051195964
912582,0.052905932
912583,0.22731763
912584,0.22353041
912585,0.22860454
912586,0.23166843
912587,0.23135774
912588,0.23135774
912589,0.23135774
912590,0.22682405
912591,0.22682405
912592,0.22682405
912593,0.2454576
912594,0.37353978
912595,0.30904433
912596,0.31073648
912597,0.31241858
912598,0.3362598
912599,0.31836554
912600,0.31836554
912601,0.31836554
912602,0.3085871
912603,0.3085871
912604,0.32511088
912605,0.31531325
912606,0.15620196
912607,0.11493641
912608,0.13017203
912609,0.14772837
912610,0.08707199
912611,0.0740665
912612,0.55631703
912613,0.62427545
912614,0.6642044
912615,0.6828404
912616,0.6822891
912617,0.6958908
912618,0.67797726
912619,0.58269745
912620,0.67797726
912621,0.6767186
912622,0.6750653
912623,0.66348225
912624,0.68353117
912625,0.65470517
912626,0.653144
912627,0.6655373
912628,0.6575062
912629,0.40001556
912630,0.032415587
912631,0.20964694
912632,0.214493
912633,0.21742105
912634,0.22059922
912635,0.2340059
912636,0.2340059
912637,0.2418876
912638,0.2418876
912639,0.2418876
912640,0.20327918
912641,0.033049144
912642,0.05539127
912643,0.04634335
912644,0.1368044
912645,0.15800796
912646,0.0393104
912647,0.47022963
912648,0.5100113
912649,0.53880006
912650,0.54655814
912651,0.54655814
912652,0.53489995
912653,0.54655814
912654,0.54655814
912655,0.53489995
912656,0.5408365
912657,0.5362433
912658,0.52834374
912659,0.52259034
912660,0.33056504
912661,0.05765216
912662,0.20964694
912663,0.214493
912664,0.21742105
912665,0.24914463
912666,0.26019168
912667,0.26019168
912668,0.26864603
912669,0.27222568
912670,0.26864603
912671,0.22503814
912672,0.023984686
912673,0.05247899
912674,0.05070673
912675,0.056228712
912676,0.15247437
912677,0.046021268
912678,0.45966908
912679,0.52814
912680,0.57482463
912681,0.5709866
912682,0.5824464
912683,0.5824464
912684,0.5824464
912685,0.5824464
912686,0.5824464
912687,0.5633035
912688,0.5723091
912689,0.5670232
912690,0.5613499
912691,0.5613499
912692,0.3353601
912693,0.15080337
912694,0.024405617
912695,0.050842322
912696,0.04912247
912697,0.29259932
912698,0.028166436
912699,0.09864098
912700,0.1011094
912701,0.1376365
912702,0.09549824
912703,0.09423493
912704,0.07397051
912705,0.0302099
912706,0.3176218
912707,0.3282581
912708,0.33630475
912709,0.33544686
912710,0.25314057
912711,0.25314057
912712,0.25314057
912713,0.33544686
912714,0.33544686
912715,0.23610084
912716,0.024405617
912717,0.050842322
912718,0.04912247
912719,0.032991562
912720,0.258627
912721,0.17499098
912722,0.17612602
912723,0.1905446
912724,0.1905446
912725,0.17487036
912726,0.17487036
912727,0.17662692
912728,0.17750369
912729,0.131025
912730,0.08925383
912731,0.1902092
912732,0.027096353
912733,0.0487501
912734,0.048377324
912735,0.06199836
912736,0.0272098
912737,0.1149618
912738,0.10443277
912739,0.10777789
912740,0.10379577
912741,0.09893804
912742,0.036492944
912743,0.24183539
912744,0.20470926
912745,0.25382593
912746,0.25617453
912747,0.2676309
912748,0.27579805
912749,0.26654205
912750,0.2561834
912751,0.18879144
912752,0.040848743
912753,0.15733945
912754,0.15114981
912755,0.2788012
912756,0.20647186
912757,0.19370008
912758,0.15875149
912759,0.062141445
912760,0.25439575
912761,0.25993598
912762,0.26327643
912763,0.26562306
912764,0.26619858
912765,0.26619858
912766,0.26121414
912767,0.26121414
912768,0.26121414
912769,0.1859056
912770,0.041902624
912771,0.18121618
912772,0.17573062
912773,0.16134188
912774,0.15552388
912775,0.15388712
912776,0.15388712
912777,0.17420985
912778,0.2554175
912779,0.17725079
912780,0.51862085
912781,0.5778824
912782,0.59728706
912783,0.6250158
912784,0.6490015
912785,0.6265421
912786,0.6323595
912787,0.6451525
912788,0.6451525
912789,0.6490015
912790,0.618177
912791,0.6097709
912792,0.606914
912793,0.606914
912794,0.6015824
912795,0.5944454
912796,0.34146854
912797,0.37037438
912798,0.20203891
912799,0.21175861
912800,0.20301941
912801,0.16528648
912802,0.16316395
912803,0.114061296
912804,0.03344949
912805,0.17275836
912806,0.16336292
912807,0.15961067
912808,0.1668543
912809,0.18296462
912810,0.27153626
912811,0.24465089
912812,0.24209921
912813,0.04620097
912814,0.22027871
912815,0.23986301
912816,0.24129574
912817,0.19478607
912818,0.19478607
912819,0.19478607
912820,0.19478607
912821,0.19478607
912822,0.19478607
912823,0.13196656
912824,0.15370631
912825,0.07273149
912826,0.24891905
912827,0.23429687
912828,0.21479203
912829,0.22285576
912830,0.037957348
912831,0.18258122
912832,0.18623123
912833,0.18014392
912834,0.14330989
912835,0.09841035
912836,0.46598563
912837,0.45470288
912838,0.31112283
912839,0.44187045
912840,0.45326245
912841,0.412375
912842,0.040571503
912843,0.22387546
912844,0.23977248
912845,0.24046345
912846,0.24459915
912847,0.24459915
912848,0.24459915
912849,0.24459915
912850,0.24459915
912851,0.21214417
912852,0.032916434
912853,0.18260126
912854,0.19161034
912855,0.1853873
912856,0.16381246
912857,0.15185668
912858,0.10152516
912859,0.14460228
912860,0.43442664
912861,0.5065689
912862,0.527114
912863,0.5390063
912864,0.5521193
912865,0.5521193
912866,0.5521193
912867,0.5521193
912868,0.53218126
912869,0.53218126
912870,0.5160121
912871,0.50241137
912872,0.40824324
912873,0.052918117
912874,0.19419757
912875,0.15842533
912876,0.03332809
912877,0.05170663
912878,0.18883759
912879,0.19112912
912880,0.18171123
912881,0.1604484
912882,0.266983
912883,0.40960595
912884,0.40596944
912885,0.40138924
912886,0.39905724
912887,0.39535457
912888,0.39535457
912889,0.35240597
912890,0.32788736
912891,0.4612287
912892,0.48635572
912893,0.4808494
912894,0.4829072
912895,0.4829072
912896,0.4829072
912897,0.4829072
912898,0.4829072
912899,0.4829072
912900,0.474029
912901,0.46519497
912902,0.36068374
912903,0.056373756
912904,0.38584146
912905,0.26963532
912906,0.21235037
912907,0.24936925
912908,0.23454775
912909,0.20415495
912910,0.10083975
912911,0.2247404
912912,0.260638
912913,0.24630521
912914,0.23544382
912915,0.23456594
912916,0.16101253
912917,0.08652232
912918,0.35896903
912919,0.043832064
912920,0.24194732
912921,0.24477763
912922,0.23014534
912923,0.22131798
912924,0.12223582
912925,0.13465446
912926,0.2927004
912927,0.028421385
912928,0.117874265
912929,0.12318254
912930,0.13458084
912931,0.13731866
912932,0.11519211
912933,0.028096832
912934,0.12637056
912935,0.12940775
912936,0.14128925
912937,0.14414081
912938,0.14414081
912939,0.16266972
912940,0.2802408
912941,0.28892952
912942,0.29902604
912943,0.30131403
912944,0.42423615
912945,0.3019114
912946,0.3019114
912947,0.3019114
912948,0.3019114
912949,0.2145498
912950,0.18161258
912951,0.15137129
912952,0.13808975
912953,0.030425403
912954,0.23719881
912955,0.23344211
912956,0.22298011
912957,0.22213517
912958,0.21625583
912959,0.21625583
912960,0.15117815
912961,0.04537988
912962,0.15290678
912963,0.15186462
912964,0.14998044
912965,0.15011424
912966,0.15221074
912967,0.030400077
912968,0.23719881
912969,0.19137424
912970,0.22298011
912971,0.22213517
912972,0.21625583
912973,0.14244965
912974,0.24151945
912975,0.021102766
912976,0.29170656
912977,0.304306
912978,0.30415916
912979,0.30475974
912980,0.30475974
912981,0.30475974
912982,0.30475974
912983,0.30475974
912984,0.21682993
912985,0.04085801
912986,0.14649984
912987,0.13243681
912988,0.1255159
912989,0.09887589
912990,0.046427622
912991,0.22928737
912992,0.24689281
912993,0.23217297
912994,0.17379285
912995,0.09833181
912996,0.073593296
912997,0.07304514
912998,0.059682652
912999,0.051263154
913000,0.054087732
913001,0.3531092
913002,0.36699298
913003,0.42294404
913004,0.37422058
913005,0.37422058
913006,0.43849012
913007,0.37422058
913008,0.37422058
913009,0.38062114
913010,0.36758104
913011,0.35937527
913012,0.24051903
913013,0.094034895
913014,0.019698441
913015,0.06924892
913016,0.06873073
913017,0.056758735
913018,0.056457933
913019,0.04578596
913020,0.31222883
913021,0.14448819
913022,0.13992442
913023,0.13509952
913024,0.15399653
913025,0.15286706
913026,0.102201626
913027,0.031524446
913028,0.16461067
913029,0.16399772
913030,0.16717507
913031,0.16597036
913032,0.16597036
913033,0.16597036
913034,0.16597036
913035,0.16597036
913036,0.11752215
913037,0.019698441
913038,0.06924892
913039,0.06873073
913040,0.056758735
913041,0.056457933
913042,0.04578596
913043,0.049169652
913044,0.1579991
913045,0.14629567
913046,0.13870807
913047,0.20784843
913048,0.03833888
913049,0.13334696
913050,0.15944092
913051,0.06562131
913052,0.26264572
913053,0.13296573
913054,0.121674895
913055,0.089334294
913056,0.109508745
913057,0.042526193
913058,0.22413358
913059,0.22921738
913060,0.22479747
913061,0.22444989
913062,0.22496352
913063,0.22496352
913064,0.22496352
913065,0.22496352
913066,0.22496352
913067,0.22490221
913068,0.01844191
913069,0.045623157
913070,0.046120025
913071,0.046819042
913072,0.048295815
913073,0.04883888
913074,0.04883888
913075,0.04883888
913076,0.052232884
913077,0.0141744055
913078,0.03950845
913079,0.039660756
913080,0.03988784
913081,0.040296838
913082,0.04075381
913083,0.03717042
913084,0.0141744055
913085,0.03950845
913086,0.039660756
913087,0.03988784
913088,0.040296838
913089,0.04075381
913090,0.03717042
913091,0.020909641
913092,0.04367606
913093,0.043340318
913094,0.043082226
913095,0.040746633
913096,0.032762274
913097,0.047334973
913098,0.05499886
913099,0.38176703
913100,0.50027883
913101,0.6079244
913102,0.63891417
913103,0.6878088
913104,0.6890093
913105,0.6881276
913106,0.7454579
913107,0.6881276
913108,0.69145805
913109,0.6920206
913110,0.691861
913111,0.691861
913112,0.691861
913113,0.7192949
913114,0.6903884
913115,0.6826481
913116,0.6826481
913117,0.67801625
913118,0.6651896
913119,0.66360354
913120,0.6786502
913121,0.5167031
913122,0.045919828
913123,0.36970195
913124,0.30358827
913125,0.3274687
913126,0.32830328
913127,0.2710134
913128,0.2710134
913129,0.26800987
913130,0.26800987
913131,0.26800987
913132,0.16135365
913133,0.31842077
913134,0.32314375
913135,0.31117934
913136,0.307282
913137,0.27075362
913138,0.044435654
913139,0.26373225
913140,0.27457234
913141,0.26924294
913142,0.1577121
913143,0.04644275
913144,0.28673732
913145,0.28467855
913146,0.2809777
913147,0.28948545
913148,0.28631505
913149,0.28631505
913150,0.20246732
913151,0.10122966
913152,0.116389155
913153,0.108478144
913154,0.12466304
913155,0.19639768
913156,0.2903533
913157,0.24340707
913158,0.23141836
913159,0.21568844
913160,0.21338956
913161,0.16516067
913162,0.028174367
913163,0.113900475
913164,0.11430542
913165,0.12499942
913166,0.14279059
913167,0.14279059
913168,0.11919453
913169,0.049795408
913170,0.21422751
913171,0.20920931
913172,0.20319785
913173,0.20105295
913174,0.20105295
913175,0.20105295
913176,0.1969609
913177,0.21601374
913178,0.035860997
913179,0.15314224
913180,0.08105661
913181,0.054808807
913182,0.055399902
913183,0.056231283
913184,0.057237092
913185,0.057237092
913186,0.057237092
913187,0.057237092
913188,0.06044131
913189,0.30692607
913190,0.21442537
913191,0.20572133
913192,0.14510871
913193,0.020820796
913194,0.048302554
913195,0.04793301
913196,0.04473178
913197,0.028829137
913198,0.233312
913199,0.19983487
913200,0.21622482
913201,0.21425402
913202,0.19884053
913203,0.014158823
913204,0.047802754
913205,0.047985435
913206,0.048815683
913207,0.049332548
913208,0.049332548
913209,0.049332548
913210,0.04708439
913211,0.014158823
913212,0.047802754
913213,0.047985435
913214,0.048815683
913215,0.049332548
913216,0.049332548
913217,0.049332548
913218,0.04708439
913219,0.062635586
913220,0.08339086
913221,0.02903179
913222,0.11638327
913223,0.11679587
913224,0.12768926
913225,0.13144848
913226,0.13144848
913227,0.10948726
913228,0.32444847
913229,0.2862178
913230,0.2709939
913231,0.25941852
913232,0.25848147
913233,0.17795801
913234,0.02903179
913235,0.11638327
913236,0.11679587
913237,0.12768926
913238,0.13144848
913239,0.13144848
913240,0.10948726
913241,0.5480013
913242,0.5497852
913243,0.5865573
913244,0.65668714
913245,0.66429573
913246,0.66429573
913247,0.66429573
913248,0.66429573
913249,0.66429573
913250,0.66429573
913251,0.6540532
913252,0.6416377
913253,0.63499254
913254,0.6297797
913255,0.6297797
913256,0.62157375
913257,0.34694567
913258,0.0994712
913259,0.58702147
913260,0.68376994
913261,0.7475604
913262,0.7667604
913263,0.7733677
913264,0.779317
913265,0.7795723
913266,0.7795723
913267,0.7795723
913268,0.7781451
913269,0.7781451
913270,0.7757575
913271,0.77303225
913272,0.77303225
913273,0.76992524
913274,0.76992524
913275,0.7605869
913276,0.7507354
913277,0.7606801
913278,0.7495405
913279,0.7482028
913280,0.7482028
913281,0.7376653
913282,0.73548657
913283,0.44438788
913284,0.032772996
913285,0.103665255
913286,0.028256256
913287,0.14531727
913288,0.14162235
913289,0.13790822
913290,0.13767113
913291,0.13767113
913292,0.13767113
913293,0.13767113
913294,0.094854355
913295,0.028141765
913296,0.26421925
913297,0.26018053
913298,0.24750106
913299,0.24799754
913300,0.24164632
913301,0.24164632
913302,0.25656956
913303,0.020308532
913304,0.049929485
913305,0.049548134
913306,0.049159154
913307,0.074691735
913308,0.044606566
913309,0.12765883
913310,0.08713063
913311,0.2680667
913312,0.07423481
913313,0.36037552
913314,0.37266353
913315,0.38321176
913316,0.3863341
913317,0.3863341
913318,0.39585546
913319,0.39585546
913320,0.39585546
913321,0.39585546
913322,0.38223037
913323,0.37389097
913324,0.24225807
913325,0.05293668
913326,0.21988492
913327,0.22490029
913328,0.22287521
913329,0.22257291
913330,0.22257291
913331,0.22257291
913332,0.21816248
913333,0.21816248
913334,0.22195354
913335,0.29330072
913336,0.16834942
913337,0.16835642
913338,0.18915954
913339,0.17243445
913340,0.18224448
913341,0.18224448
913342,0.17334722
913343,0.13921031
913344,0.019674856
913345,0.11724942
913346,0.11649632
913347,0.1093977
913348,0.110460475
913349,0.117244296
913350,0.0892355
913351,0.08867992
913352,0.051287834
913353,0.050896667
913354,0.051085267
913355,0.050812915
913356,0.044938836
913357,0.052656285
913358,0.3511389
913359,0.41075638
913360,0.4843787
913361,0.5103206
913362,0.5103206
913363,0.6161112
913364,0.6161112
913365,0.6161112
913366,0.6161112
913367,0.61655587
913368,0.6162391
913369,0.61382806
913370,0.61382806
913371,0.61382806
913372,0.61219156
913373,0.61219156
913374,0.4971951
913375,0.4971951
913376,0.32513177
913377,0.015354344
913378,0.04253697
913379,0.04270043
913380,0.042860016
913381,0.04304063
913382,0.04304063
913383,0.038912855
913384,0.015672062
913385,0.04445412
913386,0.044624608
913387,0.044791054
913388,0.044979416
913389,0.044979416
913390,0.044979416
913391,0.043065745
913392,0.015887475
913393,0.03701905
913394,0.03716213
913395,0.03737547
913396,0.03826471
913397,0.038699564
913398,0.03529016
913399,0.25978822
913400,0.21282189
913401,0.22354633
913402,0.01788538
913403,0.04428337
913404,0.04476633
913405,0.04544581
913406,0.0468814
913407,0.047409352
913408,0.047409352
913409,0.047409352
913410,0.050709315
913411,0.05403351
913412,0.22113499
913413,0.22617066
913414,0.22921157
913415,0.23134993
913416,0.23187463
913417,0.23187463
913418,0.22733377
913419,0.22733377
913420,0.22733377
913421,0.16558677
913422,0.046616144
913423,0.38381314
913424,0.41249594
913425,0.4436005
913426,0.48233315
913427,0.49646723
913428,0.49646723
913429,0.50254697
913430,0.4933093
913431,0.50254697
913432,0.50024307
913433,0.4956225
913434,0.48776507
913435,0.48776507
913436,0.47462082
913437,0.24613336
913438,0.013943641
913439,0.03949917
913440,0.03965144
913441,0.039878473
913442,0.04028738
913443,0.04074425
913444,0.037161667
913445,0.038517218
913446,0.1523804
913447,0.14761037
913448,0.13514657
913449,0.13012663
913450,0.12871641
913451,0.12871641
913452,0.15360571
913453,0.029366728
913454,0.11818805
913455,0.11853518
913456,0.1167819
913457,0.113824636
913458,0.11555785
913459,0.11555785
913460,0.11281773
913461,0.044942264
913462,0.33013546
913463,0.38858312
913464,0.56244224
913465,0.5935461
913466,0.59637827
913467,0.59637827
913468,0.5998376
913469,0.5998376
913470,0.5998376
913471,0.60419875
913472,0.6038783
913473,0.6023819
913474,0.6023819
913475,0.6023819
913476,0.60072845
913477,0.60072845
913478,0.59583414
913479,0.5060943
913480,0.50077003
913481,0.31771693
913482,0.017572396
913483,0.041903272
913484,0.041580565
913485,0.041818157
913486,0.042246073
913487,0.038421042
913488,0.020606395
913489,0.04305716
913490,0.04272596
913491,0.042471368
913492,0.040167503
913493,0.24051875
913494,0.020345425
913495,0.043309495
913496,0.042976446
913497,0.042720422
913498,0.040403616
913499,0.23130175
913500,0.10544213
913501,0.036217883
913502,0.01737109
913503,0.08264314
913504,0.07871291
913505,0.06971531
913506,0.07332694
913507,0.069273256
913508,0.05685582
913509,0.022817021
913510,0.087817535
913511,0.08685914
913512,0.08135405
913513,0.08096474
913514,0.11580896
913515,0.39952633
913516,0.24887997
913517,0.25837752
913518,0.25325277
913519,0.15949884
913520,0.08333368
913521,0.052796636
913522,0.05299734
913523,0.053909395
913524,0.054923985
913525,0.054923985
913526,0.049167812
913527,0.27306977
913528,0.2273511
913529,0.21592748
913530,0.2009752
913531,0.1987934
913532,0.1504242
913533,0.02986277
913534,0.22914478
913535,0.2453098
913536,0.23808786
913537,0.19218326
913538,0.17949042
913539,0.17725453
913540,0.12614264
913541,0.034887936
913542,0.22054175
913543,0.15871237
913544,0.14787059
913545,0.14360157
913546,0.086512335
913547,0.40669137
913548,0.42626557
913549,0.43727347
913550,0.4377499
913551,0.4377499
913552,0.4279384
913553,0.4279384
913554,0.44255215
913555,0.4279384
913556,0.42153445
913557,0.4129106
913558,0.2686888
913559,0.04571338
913560,0.22059195
913561,0.2293396
913562,0.22461633
913563,0.20446375
913564,0.055985343
913565,0.23474868
913566,0.33647224
913567,0.32411414
913568,0.19733703
913569,0.22587779
913570,0.17848852
913571,0.058587875
913572,0.055732146
913573,0.053313717
913574,0.053161234
913575,0.052725237
913576,0.062864296
913577,0.25183207
913578,0.08637253
913579,0.085798495
913580,0.08266315
913581,0.082266055
913582,0.081106044
913583,0.081106044
913584,0.10070625
913585,0.15770602
913586,0.15095522
913587,0.14055482
913588,0.11632277
913589,0.10398603
913590,0.025353879
913591,0.16547741
913592,0.15749413
913593,0.13105309
913594,0.05647536
913595,0.109052
913596,0.103412665
913597,0.10251539
913598,0.1011013
913599,0.1011013
913600,0.07634604
913601,0.030061906
913602,0.1205352
913603,0.108647324
913604,0.14470848
913605,0.5290839
913606,0.42341363
913607,0.09797135
913608,0.5317767
913609,0.5716472
913610,0.58550954
913611,0.59503454
913612,0.59503454
913613,0.59503454
913614,0.59503454
913615,0.59503454
913616,0.59503454
913617,0.5937705
913618,0.5934472
913619,0.5889408
913620,0.5889408
913621,0.5889408
913622,0.5872697
913623,0.5872697
913624,0.57342315
913625,0.33332798
913626,0.11886072
913627,0.10862515
913628,0.1193683
913629,0.34559602
913630,0.080846414
913631,0.49161097
913632,0.52301776
913633,0.53628707
913634,0.5383362
913635,0.5383362
913636,0.5383362
913637,0.5383362
913638,0.5383362
913639,0.5383362
913640,0.5342729
913641,0.52967113
913642,0.52292365
913643,0.52292365
913644,0.52292365
913645,0.52292365
913646,0.34286729
913647,0.332211
913648,0.3630004
913649,0.26116765
913650,0.3768771
913651,0.37754336
913652,0.37754336
913653,0.37754336
913654,0.37754336
913655,0.37754336
913656,0.25967774
913657,0.026070291
913658,0.10862515
913659,0.1193683
913660,0.0997147
913661,0.5051208
913662,0.5804118
913663,0.60570407
913664,0.6179566
913665,0.6179566
913666,0.6199597
913667,0.62030953
913668,0.62030953
913669,0.62030953
913670,0.6203251
913671,0.6203251
913672,0.61877966
913673,0.61877966
913674,0.61877966
913675,0.617151
913676,0.617151
913677,0.6107639
913678,0.6107639
913679,0.6079542
913680,0.5961588
913681,0.5961588
913682,0.5961588
913683,0.6005386
913684,0.36177135
913685,0.026852746
913686,0.3062552
913687,0.30183756
913688,0.19431478
913689,0.28846455
913690,0.2814649
913691,0.1958811
913692,0.08285496
913693,0.0526408
913694,0.4081847
913695,0.4312109
913696,0.43025643
913697,0.43227804
913698,0.43227804
913699,0.43227804
913700,0.43227804
913701,0.43227804
913702,0.43227804
913703,0.42356816
913704,0.41906196
913705,0.3287746
913706,0.037268605
913707,0.19890499
913708,0.26151052
913709,0.16206977
913710,0.10691638
913711,0.030275656
913712,0.024466192
913713,0.013769938
913714,0.02679818
913715,0.022630323
913716,0.023388484
913717,0.02588198
913718,0.024722701
913719,0.19210744
913720,0.14807056
913721,0.13783664
913722,0.11401104
913723,0.1660402
913724,0.010204931
913725,0.024690414
913726,0.023445778
913727,0.021589175
913728,0.024982208
913729,0.024982208
913730,0.023349801
913731,0.02376654
913732,0.010548866
913733,0.024912387
913734,0.022776602
913735,0.022776766
913736,0.025206735
913737,0.025206735
913738,0.02277822
913739,0.19227584
913740,0.32012954
913741,0.30100277
913742,0.26330927
913743,0.013895137
913744,0.12508795
913745,0.113750614
913746,0.10789773
913747,0.10696617
913748,0.124153055
913749,0.088310696
913750,0.037191592
913751,0.0371843
913752,0.04252695
913753,0.04733507
913754,0.041845325
913755,0.01429157
913756,0.042295184
913757,0.042457756
913758,0.04584871
913759,0.04837998
913760,0.04837998
913761,0.04837998
913762,0.04593205
913763,0.023356073
913764,0.13528387
913765,0.13871269
913766,0.14118326
913767,0.13746762
913768,0.1424055
913769,0.1424055
913770,0.1424055
913771,0.1424055
913772,0.1424055
913773,0.14028764
913774,0.11400217
913775,0.21839121
913776,0.11297662
913777,0.10777332
913778,0.10219252
913779,0.101304635
913780,0.09990539
913781,0.07541839
913782,0.037143495
913783,0.2792339
913784,0.3045386
913785,0.35652843
913786,0.3747067
913787,0.3747067
913788,0.3747067
913789,0.3747067
913790,0.3747067
913791,0.36307177
913792,0.36160374
913793,0.35291806
913794,0.3200119
913795,0.3200119
913796,0.3069982
913797,0.30553252
913798,0.30553252
913799,0.19822893
913800,0.07816865
913801,0.024573196
913802,0.052406564
913803,0.052007336
913804,0.0516001
913805,0.07739961
913806,0.047092907
913807,0.11647516
913808,0.027983619
913809,0.085706994
913810,0.10583734
913811,0.10034552
913812,0.090071656
913813,0.07383977
913814,0.029938532
913815,0.22036333
913816,0.20291445
913817,0.19680023
913818,0.19391577
913819,0.17624952
913820,0.12530938
913821,0.25702962
913822,0.09062451
913823,0.20891857
913824,0.20874777
913825,0.19586997
913826,0.17596401
913827,0.1475635
913828,0.04508142
913829,0.18424268
913830,0.17976618
913831,0.17441414
913832,0.17250727
913833,0.17292856
913834,0.17292856
913835,0.16928764
913836,0.15973122
913837,0.2204109
913838,0.12024185
913839,0.13244286
913840,0.1328786
913841,0.104391076
913842,0.097830616
913843,0.097830616
913844,0.097830616
913845,0.097830616
913846,0.18465878
913847,0.29286882
913848,0.1229953
913849,0.12221039
913850,0.12107847
913851,0.118026875
913852,0.10431346
913853,0.0919161
913854,0.0457003
913855,0.1449698
913856,0.144976
913857,0.14540634
913858,0.14541651
913859,0.15180354
913860,0.15180354
913861,0.15336268
913862,0.116212994
913863,0.050945453
913864,0.13116099
913865,0.10056877
913866,0.04575346
913867,0.045402486
913868,0.046296332
913869,0.045408014
913870,0.040459696
913871,0.29525015
913872,0.19115593
913873,0.016785474
913874,0.06863936
913875,0.0705168
913876,0.07076542
913877,0.07134421
913878,0.07153978
913879,0.07153978
913880,0.07153978
913881,0.07466063
913882,0.066544555
913883,0.01549728
913884,0.044518415
913885,0.044689134
913886,0.0455696
913887,0.04469457
913888,0.044820614
913889,0.044820614
913890,0.04277003
913891,0.27426112
913892,0.019706015
913893,0.04575346
913894,0.045402486
913895,0.046296332
913896,0.045408014
913897,0.06475065
913898,0.28056678
913899,0.2690315
913900,0.12687686
913901,0.13358596
913902,0.13146974
913903,0.10324832
913904,0.10324832
913905,0.10324832
913906,0.10324832
913907,0.07680922
913908,0.02930877
913909,0.22798166
913910,0.24803297
913911,0.2018814
913912,0.23028944
913913,0.21619761
913914,0.21619761
913915,0.17084186
913916,0.17084186
913917,0.17084186
913918,0.16838413
913919,0.105466396
913920,0.21062241
913921,0.16925664
913922,0.17617425
913923,0.17847562
913924,0.18180038
913925,0.18180038
913926,0.18180038
913927,0.18180038
913928,0.15965688
913929,0.02930877
913930,0.17950773
913931,0.19638017
913932,0.2018814
913933,0.18266636
913934,0.17084186
913935,0.17084186
913936,0.17084186
913937,0.17084186
913938,0.17084186
913939,0.16838413
913940,0.105466396
913941,0.29149047
913942,0.21691819
913943,0.25217056
913944,0.2722881
913945,0.1896274
913946,0.051840637
913947,0.050124165
913948,0.04974141
913949,0.046823062
913950,0.024424583
913951,0.14002019
913952,0.15387717
913953,0.15490097
913954,0.13617188
913955,0.12688984
913956,0.12688984
913957,0.12688984
913958,0.12688984
913959,0.12688984
913960,0.08369986
913961,0.10887829
913962,0.56025016
913963,0.6708759
913964,0.72841716
913965,0.7485835
913966,0.80296844
913967,0.7485835
913968,0.74597174
913969,0.74597174
913970,0.74597174
913971,0.74968106
913972,0.74968106
913973,0.74708664
913974,0.74412787
913975,0.74412787
913976,0.740758
913977,0.740758
913978,0.7265265
913979,0.7265265
913980,0.7218039
913981,0.7095458
913982,0.70807767
913983,0.4161097
913984,0.022671413
913985,0.050124165
913986,0.04974141
913987,0.050710965
913988,0.058950704
913989,0.024424583
913990,0.14002019
913991,0.15387717
913992,0.15490097
913993,0.13617188
913994,0.12688984
913995,0.12688984
913996,0.12688984
913997,0.12688984
913998,0.12688984
913999,0.20334607
914000,0.052280523
914001,0.54677165
914002,0.60251725
914003,0.64036524
914004,0.6475325
914005,0.6475325
914006,0.6475325
914007,0.6475325
914008,0.6475325
914009,0.6475325
914010,0.6294753
914011,0.6340612
914012,0.6260698
914013,0.6093576
914014,0.62241083
914015,0.37173507
914016,0.039584182
914017,0.25488022
914018,0.24437028
914019,0.18002646
914020,0.074903935
914021,0.07439991
914022,0.07164846
914023,0.07142959
914024,0.070410654
914025,0.045755886
914026,0.015460155
914027,0.06989003
914028,0.07439991
914029,0.07164846
914030,0.07142959
914031,0.070410654
914032,0.045755886
914033,0.085195914
914034,0.05001971
914035,0.049845442
914036,0.023842247
914037,0.0862949
914038,0.091444895
914039,0.016700286
914040,0.05640379
914041,0.057011046
914042,0.057865124
914043,0.058345027
914044,0.058345027
914045,0.058345027
914046,0.058345027
914047,0.061287835
914048,0.015296419
914049,0.050681822
914050,0.05087492
914051,0.05176997
914052,0.051821515
914053,0.051821515
914054,0.051821515
914055,0.09172005
914056,0.25779137
914057,0.20934437
914058,0.20321868
914059,0.18779217
914060,0.18441682
914061,0.18210217
914062,0.13737565
914063,0.054405686
914064,0.22949195
914065,0.21574773
914066,0.19960839
914067,0.19607191
914068,0.15102188
914069,0.22019836
914070,0.29771847
914071,0.15844138
914072,0.16031095
914073,0.1608214
914074,0.17177466
914075,0.16051674
914076,0.16051674
914077,0.16051674
914078,0.16051674
914079,0.09700106
914080,0.1283222
914081,0.4780488
914082,0.41877258
914083,0.42244285
914084,0.39940602
914085,0.39501247
914086,0.39132285
914087,0.39132285
914088,0.3247241
914089,0.06619841
914090,0.43255383
914091,0.4545711
914092,0.45487645
914093,0.45990568
914094,0.45990568
914095,0.45990568
914096,0.45990568
914097,0.45990568
914098,0.45990568
914099,0.45242894
914100,0.44365785
914101,0.3515178
914102,0.061278723
914103,0.33705926
914104,0.3204865
914105,0.2994052
914106,0.2575711
914107,0.44394988
914108,0.39710674
914109,0.47682604
914110,0.61761725
914111,0.64955723
914112,0.66245943
914113,0.6930038
914114,0.70117736
914115,0.70117736
914116,0.70117736
914117,0.7079312
914118,0.7079312
914119,0.70716363
914120,0.70716363
914121,0.7029444
914122,0.7015019
914123,0.7015019
914124,0.6919078
914125,0.6885981
914126,0.6860615
914127,0.68431884
914128,0.6827802
914129,0.68841136
914130,0.68841136
914131,0.68144906
914132,0.68098825
914133,0.6729424
914134,0.67141134
914135,0.39083806
914136,0.058573984
914137,0.3825031
914138,0.4330585
914139,0.5143773
914140,0.5388288
914141,0.54783
914142,0.54783
914143,0.5574002
914144,0.5574002
914145,0.5499721
914146,0.56538945
914147,0.5650602
914148,0.5641484
914149,0.57950056
914150,0.5511606
914151,0.54945344
914152,0.5608475
914153,0.54056597
914154,0.5367191
914155,0.53083545
914156,0.52199405
914157,0.30046058
914158,0.05281711
914159,0.3052821
914160,0.33085647
914161,0.394441
914162,0.41284934
914163,0.42167032
914164,0.42167032
914165,0.42761195
914166,0.42761195
914167,0.42761195
914168,0.42884317
914169,0.42667595
914170,0.42076248
914171,0.42076248
914172,0.40798572
914173,0.43152198
914174,0.23815143
914175,0.045619212
914176,0.2392746
914177,0.2532234
914178,0.26660764
914179,0.28182662
914180,0.26956823
914181,0.26956823
914182,0.2743835
914183,0.2743835
914184,0.2743835
914185,0.2753858
914186,0.26428574
914187,0.18818422
914188,0.045902044
914189,0.109048985
914190,0.4239557
914191,0.34587848
914192,0.35668635
914193,0.35428888
914194,0.34960288
914195,0.35027355
914196,0.35027355
914197,0.35027355
914198,0.41725358
914199,0.35027355
914200,0.3450539
914201,0.27080157
914202,0.18072432
914203,0.061291616
914204,0.35613605
914205,0.3628138
914206,0.36368978
914207,0.36322805
914208,0.36391023
914209,0.32023436
914210,0.36391023
914211,0.32023436
914212,0.2687293
914213,0.1510498
914214,0.30335242
914215,0.22017741
914216,0.10280511
914217,0.04248632
914218,0.22021542
914219,0.22278315
914220,0.18623538
914221,0.1858319
914222,0.1568363
914223,0.16483055
914224,0.1469341
914225,0.14064181
914226,0.13878313
914227,0.13696972
914228,0.09938785
914229,0.032856442
914230,0.16662702
914231,0.17002438
914232,0.15166639
914233,0.13337335
914234,0.12453179
914235,0.15332228
914236,0.045948386
914237,0.04143035
914238,0.036719136
914239,0.0362657
914240,0.009854545
914241,0.035459533
914242,0.033471912
914243,0.030937614
914244,0.030580372
914245,0.03307226
914246,0.033777133
914247,0.029479088
914248,0.3092921
914249,0.012669195
914250,0.039247762
914251,0.035351973
914252,0.03196563
914253,0.03230345
914254,0.030081676
914255,0.20649682
914256,0.13945533
914257,0.14671779
914258,0.13048065
914259,0.11352575
914260,0.10478019
914261,0.16977686
914262,0.04860737
914263,0.11713517
914264,0.3898715
914265,0.4371592
914266,0.5239073
914267,0.69833183
914268,0.71734965
914269,0.71734965
914270,0.71734965
914271,0.72025853
914272,0.72025853
914273,0.72025853
914274,0.7267492
914275,0.7267492
914276,0.7254452
914277,0.7254452
914278,0.7254452
914279,0.722774
914280,0.722774
914281,0.70794445
914282,0.7047335
914283,0.6997901
914284,0.58123267
914285,0.5795003
914286,0.5795003
914287,0.3514809
914288,0.30840188
914289,0.22283918
914290,0.24010374
914291,0.21234664
914292,0.16016205
914293,0.014885729
914294,0.04998314
914295,0.05052498
914296,0.051287174
914297,0.05171552
914298,0.05171552
914299,0.05171552
914300,0.05171552
914301,0.05340146
914302,0.33410352
914303,0.22428915
914304,0.20640495
914305,0.15252861
914306,0.026235692
914307,0.23108314
914308,0.22739442
914309,0.20417719
914310,0.20338485
914311,0.19787551
914312,0.19787551
914313,0.13731982
914314,0.014885729
914315,0.04998314
914316,0.05052498
914317,0.051287174
914318,0.05171552
914319,0.05171552
914320,0.05171552
914321,0.05171552
914322,0.05340146
914323,0.048890907
914324,0.22428915
914325,0.20640495
914326,0.18646298
914327,0.23207282
914328,0.0885837
914329,0.08140932
914330,0.0691133
914331,0.07053341
914332,0.058425322
914333,0.29039824
914334,0.24323988
914335,0.02643528
914336,0.23108314
914337,0.22739442
914338,0.20417719
914339,0.20338485
914340,0.19787551
914341,0.13731982
914342,0.023882866
914343,0.04774773
914344,0.047382236
914345,0.06070638
914346,0.014781491
914347,0.067393325
914348,0.06507938
914349,0.059550192
914350,0.06078665
914351,0.059909735
914352,0.051218633
914353,0.0284968
914354,0.24519582
914355,0.24270028
914356,0.23706742
914357,0.23758076
914358,0.23417616
914359,0.23417616
914360,0.23417616
914361,0.16348954
914362,0.014454522
914363,0.067393325
914364,0.06507938
914365,0.059550192
914366,0.06078665
914367,0.059909735
914368,0.059909735
914369,0.071063876
914370,0.2593325
914371,0.3094862
914372,0.025857288
914373,0.25187922
914374,0.2257237
914375,0.16468792
914376,0.20338485
914377,0.19787551
914378,0.19787551
914379,0.13731982
914380,0.025857288
914381,0.23108314
914382,0.22739442
914383,0.20417719
914384,0.20338485
914385,0.19787551
914386,0.1905871
914387,0.13731982
914388,0.03924914
914389,0.28197312
914390,0.2919263
914391,0.29719898
914392,0.29477197
914393,0.25732663
914394,0.2977917
914395,0.38992217
914396,0.38015932
914397,0.26953492
914398,0.24955674
914399,0.13360837
914400,0.015283933
914401,0.06955781
914402,0.067174904
914403,0.06147939
914404,0.062753215
914405,0.06093244
914406,0.053059407
914407,0.28842598
914408,0.1830223
914409,0.014918714
914410,0.06992232
914411,0.06752784
914412,0.061804377
914413,0.06308449
914414,0.062176626
914415,0.062176626
914416,0.053342413
914417,0.27918804
914418,0.15654418
914419,0.14492992
914420,0.12647511
914421,0.10561188
914422,0.025089538
914423,0.21885562
914424,0.21761078
914425,0.19968599
914426,0.19813798
914427,0.19569245
914428,0.19776143
914429,0.015256019
914430,0.06992232
914431,0.06752784
914432,0.061804377
914433,0.06308449
914434,0.062176626
914435,0.053342413
914436,0.029681785
914437,0.15495792
914438,0.14344133
914439,0.097841494
914440,0.021453457
914441,0.08722627
914442,0.08015216
914443,0.07409643
914444,0.075610615
914445,0.12684529
914446,0.09086526
914447,0.60756564
914448,0.6180368
914449,0.65682554
914450,0.7309458
914451,0.7417432
914452,0.7382526
914453,0.7417432
914454,0.7382526
914455,0.75312346
914456,0.75312346
914457,0.7537693
914458,0.75035226
914459,0.746518
914460,0.7345042
914461,0.7408189
914462,0.7326858
914463,0.7326858
914464,0.7214034
914465,0.47239408
914466,0.03448093
914467,0.19676574
914468,0.18195708
914469,0.16732988
914470,0.16505772
914471,0.19349596
914472,0.29196975
914473,0.20216775
914474,0.16537647
914475,0.23799066
914476,0.20235859
914477,0.20087259
914478,0.16712725
914479,0.20498735
914480,0.10172627
914481,0.039739113
914482,0.03989227
914483,0.040120628
914484,0.039871246
914485,0.039984256
914486,0.05734508
914487,0.24386118
914488,0.25355604
914489,0.10082539
914490,0.09440874
914491,0.08385609
914492,0.036283303
914493,0.15366454
914494,0.15747438
914495,0.1597824
914496,0.16229273
914497,0.16676469
914498,0.15538448
914499,0.1720733
914500,0.1720733
914501,0.1720733
914502,0.13632615
914503,0.024148412
914504,0.08874169
914505,0.08633999
914506,0.087636635
914507,0.08699563
914508,0.08788676
914509,0.08788676
914510,0.09095856
914511,0.071831286
914512,0.026460068
914513,0.09206801
914514,0.08689653
914515,0.08556586
914516,0.084748425
914517,0.08650153
914518,0.19588092
914519,0.28483757
914520,0.17501879
914521,0.17656602
914522,0.14470053
914523,0.02625137
914524,0.17014539
914525,0.1729961
914526,0.16725248
914527,0.16285133
914528,0.15537657
914529,0.3114823
914530,0.30564132
914531,0.25569
914532,0.24901411
914533,0.2349149
914534,0.23247184
914535,0.16705802
914536,0.22526594
914537,0.22967361
914538,0.22963206
914539,0.21670328
914540,0.13369122
914541,0.058877528
914542,0.28216466
914543,0.28217477
914544,0.27754694
914545,0.27488795
914546,0.27488795
914547,0.27488795
914548,0.26980066
914549,0.27813983
914550,0.02893957
914551,0.2112739
914552,0.22131456
914553,0.21228719
914554,0.17024559
914555,0.16807216
914556,0.24158838
914557,0.32327425
914558,0.27582937
914559,0.2463233
914560,0.26387447
914561,0.26760006
914562,0.28633082
914563,0.2639142
914564,0.2639142
914565,0.18728173
914566,0.31587696
914567,0.29893
914568,0.23922794
914569,0.045813438
914570,0.27839643
914571,0.2636579
914572,0.1481882
914573,0.043942954
914574,0.36233485
914575,0.35482848
914576,0.3598751
914577,0.37248647
914578,0.37248647
914579,0.37248647
914580,0.37248647
914581,0.37248647
914582,0.24974078
914583,0.12409891
914584,0.16170408
914585,0.092449814
914586,0.027839797
914587,0.026440717
914588,0.025459787
914589,0.02833709
914590,0.02833709
914591,0.026962679
914592,0.033483613
914593,0.20288362
914594,0.15950885
914595,0.094542444
914596,0.091387704
914597,0.08478928
914598,0.08650157
914599,0.085287385
914600,0.07208528
914601,0.01248114
914602,0.027839797
914603,0.026440717
914604,0.025459787
914605,0.02833709
914606,0.028315669
914607,0.026962679
914608,0.014377207
914609,0.04599901
914610,0.04617513
914611,0.0469756
914612,0.04702261
914613,0.04702261
914614,0.050285067
914615,0.022719013
914616,0.12377021
914617,0.112736285
914618,0.09543194
914619,0.12715194
914620,0.0138066895
914621,0.03190116
914622,0.0341258
914623,0.023066834
914624,0.038641866
914625,0.26542455
914626,0.23071994
914627,0.19742641
914628,0.048946492
914629,0.032904185
914630,0.027704012
914631,0.027893146
914632,0.03074343
914633,0.0100406315
914634,0.024553481
914635,0.023315582
914636,0.021681868
914637,0.024398068
914638,0.023404751
914639,0.023210147
914640,0.090618655
914641,0.017837608
914642,0.032904185
914643,0.02957366
914644,0.027893146
914645,0.040974304
914646,0.029510325
914647,0.1190708
914648,0.025478002
914649,0.121187076
914650,0.12411739
914651,0.13558882
914652,0.13834387
914653,0.13834387
914654,0.14526239
914655,0.12788567
914656,0.4501502
914657,0.528307
914658,0.57204884
914659,0.5869306
914660,0.59685576
914661,0.59685576
914662,0.59685576
914663,0.59685576
914664,0.59685576
914665,0.58551
914666,0.5820745
914667,0.5598728
914668,0.5625141
914669,0.45143676
914670,0.024342831
914671,0.10833537
914672,0.11326919
914673,0.123879805
914674,0.13815074
914675,0.3937915
914676,0.5594011
914677,0.57390946
914678,0.5892528
914679,0.6202297
914680,0.6202297
914681,0.6202297
914682,0.6202297
914683,0.6202297
914684,0.6202297
914685,0.5986034
914686,0.59068245
914687,0.3533375
914688,0.26123366
914689,0.13663554
914690,0.12440044
914691,0.11807256
914692,0.11706467
914693,0.085450985
914694,0.16749978
914695,0.044511307
914696,0.04081303
914697,0.03657724
914698,0.036961935
914699,0.03549513
914700,0.053394496
914701,0.29059663
914702,0.2280823
914703,0.072262935
914704,0.011273948
914705,0.0391013
914706,0.036917355
914707,0.03307194
914708,0.03342105
914709,0.03753763
914710,0.032644473
914711,0.19247685
914712,0.034184363
914713,0.13291514
914714,0.13078167
914715,0.016474385
914716,0.061590344
914717,0.05822643
914718,0.052281894
914719,0.052822705
914720,0.055103265
914721,0.055103265
914722,0.04592982
914723,0.020139253
914724,0.06988561
914725,0.06422077
914726,0.057701755
914727,0.05829518
914728,0.050060306
914729,0.26849455
914730,0.273748
914731,0.28804561
914732,0.29082063
914733,0.29493493
914734,0.29493493
914735,0.29493493
914736,0.29493493
914737,0.29493493
914738,0.29493493
914739,0.2890523
914740,0.28181842
914741,0.19941555
914742,0.38280678
914743,0.43568507
914744,0.4476812
914745,0.46527106
914746,0.467714
914747,0.34259874
914748,0.467714
914749,0.467714
914750,0.467714
914751,0.467714
914752,0.45254102
914753,0.3103784
914754,0.017013589
914755,0.06414
914756,0.060645822
914757,0.054468565
914758,0.05503069
914759,0.057400793
914760,0.057400793
914761,0.047067568
914762,0.03732848
914763,0.21139838
914764,0.033401884
914765,0.43568507
914766,0.4476812
914767,0.46527106
914768,0.467714
914769,0.467714
914770,0.467714
914771,0.467714
914772,0.467714
914773,0.467714
914774,0.45254102
914775,0.38350096
914776,0.020795885
914777,0.072752036
914778,0.06687156
914779,0.060100738
914780,0.06071725
914781,0.051294874
914782,0.020149084
914783,0.07029497
914784,0.06459925
914785,0.05804419
914786,0.05827314
914787,0.06815829
914788,0.08325379
914789,0.14418703
914790,0.14319427
914791,0.11849946
914792,0.25510633
914793,0.27263117
914794,0.129048
914795,0.09692004
914796,0.05105483
914797,0.14284736
914798,0.1261862
914799,0.08410603
914800,0.03604314
914801,0.22977331
914802,0.22898422
914803,0.23037171
914804,0.2288367
914805,0.2288367
914806,0.2288367
914807,0.2288367
914808,0.24301417
914809,0.24648975
914810,0.15968464
914811,0.06292196
914812,0.18276668
914813,0.023921503
914814,0.12461131
914815,0.1267659
914816,0.12763654
914817,0.12403434
914818,0.12403434
914819,0.16407306
914820,0.12403434
914821,0.12403434
914822,0.18380223
914823,0.11368472
914824,0.2246275
914825,0.24712338
914826,0.26827317
914827,0.27093023
914828,0.23562749
914829,0.23562749
914830,0.23562749
914831,0.23562749
914832,0.23562749
914833,0.23562749
914834,0.23397173
914835,0.15427716
914836,0.0186619
914837,0.08305927
914838,0.084044136
914839,0.11316221
914840,0.076506376
914841,0.082318746
914842,0.082318746
914843,0.10189203
914844,0.05987389
914845,0.31226975
914846,0.27331197
914847,0.27063283
914848,0.23911364
914849,0.23962998
914850,0.26203603
914851,0.26203603
914852,0.26203603
914853,0.17876016
914854,0.2843784
914855,0.17471185
914856,0.19143389
914857,0.030313717
914858,0.14913
914859,0.15680447
914860,0.14836894
914861,0.11751342
914862,0.11922809
914863,0.11922809
914864,0.09144018
914865,0.016715046
914866,0.06720858
914867,0.06396119
914868,0.06502509
914869,0.065200485
914870,0.079295605
914871,0.06660766
914872,0.05355524
914873,0.086243816
914874,0.16085234
914875,0.09528852
914876,0.09211142
914877,0.09070886
914878,0.09226888
914879,0.09370859
914880,0.09309779
914881,0.107681416
914882,0.06388563
914883,0.27579266
914884,0.28162286
914885,0.29078865
914886,0.29601583
914887,0.29663056
914888,0.29663056
914889,0.29663056
914890,0.29663056
914891,0.29663056
914892,0.29119137
914893,0.18458264
914894,0.082241364
914895,0.35456914
914896,0.39326444
914897,0.39818323
914898,0.34551528
914899,0.33786717
914900,0.33786717
914901,0.35567644
914902,0.35567644
914903,0.35567644
914904,0.3516875
914905,0.3344434
914906,0.327405
914907,0.327405
914908,0.327405
914909,0.22616568
914910,0.028653763
914911,0.13696878
914912,0.08283043
914913,0.076040246
914914,0.0625265
914915,0.029512422
914916,0.15686193
914917,0.13051564
914918,0.130946
914919,0.13095531
914920,0.1347026
914921,0.13386406
914922,0.13526833
914923,0.13526833
914924,0.105038084
914925,0.077025495
914926,0.41218624
914927,0.43765542
914928,0.45865604
914929,0.4649221
914930,0.46565557
914931,0.46565557
914932,0.46565557
914933,0.46565557
914934,0.46565557
914935,0.46392176
914936,0.45511308
914937,0.44732824
914938,0.44732824
914939,0.44732824
914940,0.44467825
914941,0.26314273
914942,0.027527265
914943,0.14341508
914944,0.1508638
914945,0.14422804
914946,0.11284939
914947,0.114504814
914948,0.16438921
914949,0.079204954
914950,0.050566893
914951,0.260828
914952,0.2342958
914953,0.24244109
914954,0.25203297
914955,0.2444782
914956,0.24314834
914957,0.24537423
914958,0.24537423
914959,0.24537423
914960,0.24014346
914961,0.17995451
914962,0.059229415
914963,0.17469546
914964,0.16406119
914965,0.14773597
914966,0.16108444
914967,0.039833415
914968,0.12240505
914969,0.11479029
914970,0.13039498
914971,0.33307204
914972,0.1754123
914973,0.17735246
914974,0.16972749
914975,0.13513485
914976,0.1788458
914977,0.34438083
914978,0.28238237
914979,0.2911064
914980,0.27425763
914981,0.2549665
914982,0.26841903
914983,0.26841903
914984,0.19280446
914985,0.091174416
914986,0.29511786
914987,0.34868932
914988,0.37945244
914989,0.49636486
914990,0.43408933
914991,0.45804697
914992,0.45047835
914993,0.45047835
914994,0.546631
914995,0.45047835
914996,0.45047835
914997,0.54625547
914998,0.54010457
914999,0.43197396
915000,0.43197396
915001,0.28968194
915002,0.09027337
915003,0.23827791
915004,0.018896436
915005,0.11204196
915006,0.10840178
915007,0.11073629
915008,0.102693334
915009,0.10562404
915010,0.10309565
915011,0.07758033
915012,0.036541823
915013,0.056712255
915014,0.16833304
915015,0.017850878
915016,0.03628582
915017,0.032061253
915018,0.030878423
915019,0.034634326
915020,0.03358388
915021,0.037240505
915022,0.15487707
915023,0.017850878
915024,0.03663572
915025,0.051562198
915026,0.030754387
915027,0.035594862
915028,0.07267767
915029,0.47424594
915030,0.44644165
915031,0.38250446
915032,0.0359871
915033,0.05903823
915034,0.027258309
915035,0.06391633
915036,0.40558487
915037,0.5138617
915038,0.5254772
915039,0.5274322
915040,0.53165925
915041,0.42730942
915042,0.53165925
915043,0.53165925
915044,0.41622815
915045,0.5203305
915046,0.44334102
915047,0.06951745
915048,0.053753953
915049,0.05334504
915050,0.05381637
915051,0.09668247
915052,0.17860213
915053,0.028048024
915054,0.13038279
915055,0.13616738
915056,0.15655412
915057,0.29959688
915058,0.3427254
915059,0.36350238
915060,0.3406133
915061,0.34306374
915062,0.3437032
915063,0.3437032
915064,0.3437032
915065,0.3437032
915066,0.3513255
915067,0.2652942
915068,0.024649087
915069,0.29643303
915070,0.29304105
915071,0.2808868
915072,0.27317646
915073,0.2759565
915074,0.2759565
915075,0.25696632
915076,0.1867883
915077,0.24892633
915078,0.19491494
915079,0.2519209
915080,0.1858389
915081,0.28594038
915082,0.31331024
915083,0.3104065
915084,0.30958644
915085,0.31019297
915086,0.30044788
915087,0.3061657
915088,0.3061657
915089,0.2908591
915090,0.08232029
915091,0.081943914
915092,0.056787424
915093,0.054704912
915094,0.28039983
915095,0.17182101
915096,0.16895676
915097,0.18224435
915098,0.16920842
915099,0.16920842
915100,0.17058446
915101,0.18182327
915102,0.18194713
915103,0.1228421
915104,0.023761258
915105,0.05559366
915106,0.055171568
915107,0.050596856
915108,0.18007687
915109,0.527007
915110,0.55055004
915111,0.64101785
915112,0.731
915113,0.67078876
915114,0.67625123
915115,0.6828989
915116,0.68409324
915117,0.66936135
915118,0.6733774
915119,0.73168993
915120,0.6802713
915121,0.73040074
915122,0.6802713
915123,0.67876905
915124,0.67876905
915125,0.72000563
915126,0.6573091
915127,0.6519639
915128,0.63617796
915129,0.69665366
915130,0.69665366
915131,0.38662612
915132,0.44507897
915133,0.38787398
915134,0.42479044
915135,0.45896068
915136,0.47646648
915137,0.48841467
915138,0.48841467
915139,0.5023454
915140,0.5023454
915141,0.5023454
915142,0.5000415
915143,0.49542093
915144,0.48893848
915145,0.48707092
915146,0.52038735
915147,0.330003
915148,0.06730479
915149,0.21443675
915150,0.39181137
915151,0.40255383
915152,0.41009885
915153,0.41009885
915154,0.41009885
915155,0.41009885
915156,0.41009885
915157,0.41009885
915158,0.40323287
915159,0.2242187
915160,0.18600285
915161,0.22713016
915162,0.19350074
915163,0.02564597
915164,0.108668126
915165,0.103640065
915166,0.09824973
915167,0.09809934
915168,0.095462844
915169,0.09849906
915170,0.07296667
915171,0.03321412
915172,0.16759321
915173,0.17167835
915174,0.17415151
915175,0.17320429
915176,0.17205909
915177,0.17205909
915178,0.17126812
915179,0.17630944
915180,0.17291878
915181,0.16772142
915182,0.06443362
915183,0.32030085
915184,0.34091467
915185,0.36208782
915186,0.3805788
915187,0.36793122
915188,0.3805788
915189,0.3729063
915190,0.36793122
915191,0.36793122
915192,0.3610165
915193,0.35287556
915194,0.34572998
915195,0.34572998
915196,0.34572998
915197,0.3433079
915198,0.18201531
915199,0.021477073
915200,0.12436131
915201,0.10528806
915202,0.10564534
915203,0.10482824
915204,0.10482824
915205,0.10482824
915206,0.10482824
915207,0.10482824
915208,0.076481596
915209,0.033394266
915210,0.16759321
915211,0.17167835
915212,0.17415151
915213,0.17320429
915214,0.17205909
915215,0.1771187
915216,0.17126812
915217,0.17126812
915218,0.17126812
915219,0.14811745
915220,0.048601694
915221,0.16962427
915222,0.17262143
915223,0.01918758
915224,0.08669987
915225,0.0825941
915226,0.07820287
915227,0.07649414
915228,0.07593672
915229,0.05615525
915230,0.021147612
915231,0.077607244
915232,0.074970834
915233,0.073808044
915234,0.072776906
915235,0.07251811
915236,0.072034456
915237,0.05919084
915238,0.057195116
915239,0.22111662
915240,0.22615193
915241,0.22919269
915242,0.2313309
915243,0.23185557
915244,0.23185557
915245,0.22731496
915246,0.22731496
915247,0.22731496
915248,0.15831636
915249,0.01929402
915250,0.085144185
915251,0.077116914
915252,0.07593478
915253,0.075569265
915254,0.07469953
915255,0.057111852
915256,0.07361573
915257,0.34724048
915258,0.385913
915259,0.43011785
915260,0.544673
915261,0.4656655
915262,0.45894572
915263,0.46499035
915264,0.46499035
915265,0.46499035
915266,0.4655799
915267,0.46049806
915268,0.46247
915269,0.45959127
915270,0.43406996
915271,0.27252287
915272,0.08487352
915273,0.32964104
915274,0.34767985
915275,0.3606166
915276,0.36966205
915277,0.37034926
915278,0.37034926
915279,0.37034926
915280,0.37034926
915281,0.37034926
915282,0.3642584
915283,0.35608506
915284,0.22025543
915285,0.10755194
915286,0.08214883
915287,0.41664404
915288,0.3598638
915289,0.4332562
915290,0.40266442
915291,0.41142026
915292,0.41142026
915293,0.41732168
915294,0.41732168
915295,0.41732168
915296,0.41508248
915297,0.41293454
915298,0.45423517
915299,0.40707633
915300,0.4287753
915301,0.26826456
915302,0.2794677
915303,0.02492985
915304,0.104269385
915305,0.10700941
915306,0.10737183
915307,0.09695982
915308,0.10849881
915309,0.11703108
915310,0.1100983
915311,0.10896833
915312,0.077597536
915313,0.01946886
915314,0.07427909
915315,0.074086584
915316,0.065717205
915317,0.064082086
915318,0.06553712
915319,0.06382554
915320,0.05772515
915321,0.020459073
915322,0.0863711
915323,0.079371095
915324,0.08235857
915325,0.08236477
915326,0.08413595
915327,0.08269868
915328,0.083618015
915329,0.092660636
915330,0.22956716
915331,0.34219617
915332,0.04084789
915333,0.21805882
915334,0.22034468
915335,0.21134613
915336,0.17240039
915337,0.119718686
915338,0.050530892
915339,0.22405209
915340,0.22474435
915341,0.21201502
915342,0.13023768
915343,0.04620097
915344,0.22027871
915345,0.23986301
915346,0.24129574
915347,0.14407045
915348,0.19478607
915349,0.19478607
915350,0.19478607
915351,0.19478607
915352,0.19478607
915353,0.13050815
915354,0.06670919
915355,0.32052198
915356,0.35157365
915357,0.35465583
915358,0.3005536
915359,0.3005536
915360,0.3005536
915361,0.3005536
915362,0.3005536
915363,0.3005536
915364,0.29861987
915365,0.2947632
915366,0.27738014
915367,0.17789742
915368,0.034803495
915369,0.27011532
915370,0.29246852
915371,0.29526848
915372,0.120915495
915373,0.2528891
915374,0.18542439
915375,0.25688234
915376,0.2528891
915377,0.2528891
915378,0.13237742
915379,0.2585426
915380,0.098391525
915381,0.27829584
915382,0.2949809
915383,0.2854875
915384,0.35529155
915385,0.35529155
915386,0.34617233
915387,0.34617233
915388,0.34617233
915389,0.3391653
915390,0.27443862
915391,0.2608362
915392,0.229078
915393,0.22541189
915394,0.21520875
915395,0.21438515
915396,0.2086559
915397,0.2086559
915398,0.14777277
915399,0.08119837
915400,0.53592646
915401,0.61310166
915402,0.6574658
915403,0.6813098
915404,0.67322683
915405,0.67322683
915406,0.67355335
915407,0.67355335
915408,0.6816321
915409,0.67754304
915410,0.6835016
915411,0.6746086
915412,0.6746086
915413,0.6746086
915414,0.67938626
915415,0.67309254
915416,0.6651577
915417,0.63160235
915418,0.6598715
915419,0.4650624
915420,0.24034028
915421,0.10811452
915422,0.10712226
915423,0.101262026
915424,0.12155144
915425,0.117756784
915426,0.09976177
915427,0.0774269
915428,0.063702665
915429,0.50390476
915430,0.56907326
915431,0.6182528
915432,0.6256031
915433,0.6256031
915434,0.6256031
915435,0.6256031
915436,0.6256031
915437,0.6220092
915438,0.6201858
915439,0.6158225
915440,0.6093995
915441,0.6056801
915442,0.6056801
915443,0.6056801
915444,0.34542716
915445,0.050706
915446,0.44659984
915447,0.49438867
915448,0.5190702
915449,0.5350745
915450,0.5350745
915451,0.5284104
915452,0.5350745
915453,0.5284104
915454,0.33941144
915455,0.52611333
915456,0.52390546
915457,0.46706733
915458,0.52432495
915459,0.51715064
915460,0.3672162
915461,0.0529101
915462,0.3287128
915463,0.3012068
915464,0.35034752
915465,0.30429664
915466,0.305434
915467,0.30990943
915468,0.35156038
915469,0.30990943
915470,0.305434
915471,0.32540366
915472,0.32135957
915473,0.20070904
915474,0.05325822
915475,0.47773793
915476,0.5360779
915477,0.5760626
915478,0.58367825
915479,0.58367825
915480,0.58367825
915481,0.58367825
915482,0.58367825
915483,0.58367825
915484,0.57806337
915485,0.573549
915486,0.5669163
915487,0.559516
915488,0.5630824
915489,0.32415926
915490,0.023126606
915491,0.096768014
915492,0.09711874
915493,0.10020169
915494,0.101204745
915495,0.101204745
915496,0.10627038
915497,0.049442478
915498,0.03870863
915499,0.109022066
915500,0.10929979
915501,0.07857836
915502,0.14713837
915503,0.038765922
915504,0.22337396
915505,0.1915297
915506,0.021958195
915507,0.096768014
915508,0.09711874
915509,0.10020169
915510,0.101204745
915511,0.101204745
915512,0.101204745
915513,0.08916954
915514,0.04281217
915515,0.2666559
915516,0.28291693
915517,0.30848145
915518,0.28456584
915519,0.28456584
915520,0.28456584
915521,0.28456584
915522,0.28456584
915523,0.32613015
915524,0.26290146
915525,0.059020925
915526,0.26658168
915527,0.29959518
915528,0.36170658
915529,0.38041517
915530,0.38041517
915531,0.38041517
915532,0.38041517
915533,0.38041517
915534,0.38041517
915535,0.37824547
915536,0.37616557
915537,0.36507988
915538,0.36507988
915539,0.36507988
915540,0.36507988
915541,0.24415858
915542,0.2659465
915543,0.24405587
915544,0.23315305
915545,0.22990674
915546,0.23702078
915547,0.23423554
915548,0.23423554
915549,0.16463713
915550,0.35855708
915551,0.46306553
915552,0.50035906
915553,0.52919143
915554,0.53901905
915555,0.53901905
915556,0.5405713
915557,0.5405713
915558,0.5405713
915559,0.5405713
915560,0.5348384
915561,0.5302373
915562,0.5209534
915563,0.5170593
915564,0.3085969
915565,0.029312972
915566,0.15050621
915567,0.16267256
915568,0.16975926
915569,0.18136065
915570,0.18136065
915571,0.18136065
915572,0.18136065
915573,0.18136065
915574,0.18136065
915575,0.17999642
915576,0.17869334
915577,0.13638714
915578,0.039464384
915579,0.24405587
915580,0.23315305
915581,0.22990674
915582,0.23702078
915583,0.23423554
915584,0.23423554
915585,0.19477159
915586,0.043407075
915587,0.24196202
915588,0.22669086
915589,0.21283506
915590,0.18399493
915591,0.15850632
915592,0.055785794
915593,0.034835935
915594,0.08054517
915595,0.051770907
915596,0.25744492
915597,0.25494114
915598,0.012534204
915599,0.041254558
915600,0.037167273
915601,0.034175634
915602,0.034535978
915603,0.032061297
915604,0.016789023
915605,0.046164494
915606,0.04123947
915607,0.037158914
915608,0.036224727
915609,0.40762898
915610,0.54812115
915611,0.6326953
915612,0.6832334
915613,0.70009774
915614,0.70461494
915615,0.70461494
915616,0.7004094
915617,0.69909656
915618,0.7004094
915619,0.70132256
915620,0.7449424
915621,0.6996658
915622,0.6963777
915623,0.7407099
915624,0.6949172
915625,0.6949172
915626,0.7311255
915627,0.7019513
915628,0.6969813
915629,0.6674989
915630,0.4818073
915631,0.018263765
915632,0.047204785
915633,0.042173687
915634,0.050189957
915635,0.09575576
915636,0.027253598
915637,0.026793621
915638,0.025799949
915639,0.028543023
915640,0.028543023
915641,0.028543023
915642,0.02667586
915643,0.012711716
915644,0.028210836
915645,0.026793621
915646,0.025799949
915647,0.028543023
915648,0.028543023
915649,0.028543023
915650,0.02667586
915651,0.016279576
915652,0.031325422
915653,0.028407741
915654,0.026504189
915655,0.03025926
915656,0.028396461
915657,0.24514613
915658,0.1596976
915659,0.12939101
915660,0.022537414
915661,0.036297288
915662,0.0326349
915663,0.04323378
915664,0.038618933
915665,0.14536512
915666,0.12206714
915667,0.29988146
915668,0.15764107
915669,0.18227352
915670,0.031325422
915671,0.11321302
915672,0.10738444
915673,0.106456794
915674,0.079671636
915675,0.08075998
915676,0.03814563
915677,0.12579167
915678,0.09909014
915679,0.18743892
915680,0.14009953
915681,0.13033228
915682,0.15462635
915683,0.08448296
915684,0.0913805
915685,0.052087855
915686,0.05169092
915687,0.052707188
915688,0.052426662
915689,0.04637515
915690,0.025625253
915691,0.052932855
915692,0.052529834
915693,0.052947164
915694,0.058858186
915695,0.20551364
915696,0.045696005
915697,0.1258595
915698,0.10807369
915699,0.3301294
915700,0.15430455
915701,0.15482435
915702,0.13214429
915703,0.29213426
915704,0.021883732
915705,0.045696005
915706,0.045345448
915707,0.045076
915708,0.041430097
915709,0.2231065
915710,0.034549467
915711,0.14990315
915712,0.1516131
915713,0.14340933
915714,0.11263551
915715,0.09090775
915716,0.014250338
915717,0.04500176
915718,0.04517424
915719,0.045431405
915720,0.044597566
915721,0.044723347
915722,0.044723347
915723,0.042677015
915724,0.042609148
915725,0.118014865
915726,0.13585478
915727,0.103100486
915728,0.016572455
915729,0.053462476
915730,0.054039884
915731,0.054852042
915732,0.05530842
915733,0.05546266
915734,0.05546266
915735,0.05546266
915736,0.08940927
915737,0.2690158
915738,0.350726
915739,0.3515374
915740,0.38206768
915741,0.39024466
915742,0.3335192
915743,0.3335192
915744,0.3335192
915745,0.3335192
915746,0.3335192
915747,0.3335192
915748,0.33147386
915749,0.3273909
915750,0.23175117
915751,0.032688998
915752,0.19403867
915753,0.20347159
915754,0.19498982
915755,0.15845254
915756,0.15640132
915757,0.15640132
915758,0.11498502
915759,0.34100336
915760,0.25674987
915761,0.2510539
915762,0.26684928
915763,0.2474753
915764,0.26645902
915765,0.26645902
915766,0.26645902
915767,0.1967687
915768,0.28237277
915769,0.035220295
915770,0.19880739
915771,0.20841224
915772,0.1550261
915773,0.16259667
915774,0.16259667
915775,0.16259667
915776,0.16259667
915777,0.11759427
915778,0.07453885
915779,0.47250915
915780,0.47974312
915781,0.491678
915782,0.49794853
915783,0.49794853
915784,0.49794853
915785,0.49794853
915786,0.47310948
915787,0.47310948
915788,0.45698187
915789,0.30531842
915790,0.48151955
915791,0.5931792
915792,0.6222954
915793,0.66151863
915794,0.70551056
915795,0.70551056
915796,0.70551056
915797,0.6624467
915798,0.70551056
915799,0.70551056
915800,0.6904117
915801,0.68287355
915802,0.6716192
915803,0.628806
915804,0.40445155
915805,0.078041345
915806,0.24811372
915807,0.23427898
915808,0.18317881
915809,0.024905374
915810,0.19403867
915811,0.20347159
915812,0.19498982
915813,0.15845254
915814,0.15640132
915815,0.15640132
915816,0.11498502
915817,0.12480418
915818,0.05721151
915819,0.24922937
915820,0.26843834
915821,0.27277583
915822,0.2918593
915823,0.2918593
915824,0.2918593
915825,0.2918593
915826,0.2918593
915827,0.27509204
915828,0.16968353
915829,0.03355783
915830,0.1852549
915831,0.20253418
915832,0.20314653
915833,0.162416
915834,0.162416
915835,0.162416
915836,0.162416
915837,0.162416
915838,0.10866827
915839,0.077066384
915840,0.4878496
915841,0.54040766
915842,0.5447906
915843,0.55670714
915844,0.5713267
915845,0.5713267
915846,0.57484764
915847,0.57484764
915848,0.57484764
915849,0.57728195
915850,0.57695496
915851,0.5735885
915852,0.5735885
915853,0.5735885
915854,0.5692726
915855,0.5692726
915856,0.55865675
915857,0.55483663
915858,0.5447806
915859,0.5298035
915860,0.31368983
915861,0.045260035
915862,0.25227544
915863,0.27370593
915864,0.28061697
915865,0.2321382
915866,0.2321382
915867,0.2321382
915868,0.2321382
915869,0.2321382
915870,0.2321382
915871,0.23049958
915872,0.15253781
915873,0.12969102
915874,0.13428187
915875,0.30627185
915876,0.068633825
915877,0.20333953
915878,0.19306044
915879,0.17619851
915880,0.14719002
915881,0.033004012
915882,0.17689626
915883,0.18568783
915884,0.18106183
915885,0.15976764
915886,0.14915495
915887,0.14915495
915888,0.14915495
915889,0.2098341
915890,0.47583255
915891,0.5483075
915892,0.6335183
915893,0.68143964
915894,0.6952977
915895,0.6952977
915896,0.6952977
915897,0.6952977
915898,0.6952977
915899,0.6952977
915900,0.69275665
915901,0.6924713
915902,0.6896653
915903,0.6863168
915904,0.6863168
915905,0.6848298
915906,0.6848298
915907,0.6756022
915908,0.6704198
915909,0.41068438
915910,0.030204102
915911,0.120685115
915912,0.13386449
915913,0.082562
915914,0.22067115
915915,0.10324576
915916,0.5326427
915917,0.6644462
915918,0.72286373
915919,0.7455844
915920,0.7455844
915921,0.7455844
915922,0.62950224
915923,0.74586594
915924,0.74586594
915925,0.74669063
915926,0.74669063
915927,0.7454486
915928,0.7424773
915929,0.7424773
915930,0.74115604
915931,0.74115604
915932,0.7297943
915933,0.7297943
915934,0.72510684
915935,0.7129364
915936,0.7114784
915937,0.7114784
915938,0.44495678
915939,0.030351153
915940,0.05048497
915941,0.050099608
915942,0.050378196
915943,0.046411656
915944,0.071585715
915945,0.54896754
915946,0.62183464
915947,0.6692954
915948,0.6829591
915949,0.6829591
915950,0.6829591
915951,0.588298
915952,0.6829591
915953,0.588298
915954,0.6803623
915955,0.6800709
915956,0.6772044
915957,0.6737851
915958,0.6737851
915959,0.67226696
915960,0.67226696
915961,0.66285264
915962,0.38110587
915963,0.016627908
915964,0.05772099
915965,0.05834156
915966,0.05921431
915967,0.059704702
915968,0.059704702
915969,0.059704702
915970,0.059704702
915971,0.07672703
915972,0.04409229
915973,0.29105315
915974,0.22967735
915975,0.21813506
915976,0.2705782
915977,0.18705295
915978,0.023238305
915979,0.17807221
915980,0.17044689
915981,0.1622107
915982,0.1608948
915983,0.15881792
915984,0.14241421
915985,0.22592154
915986,0.20573546
915987,0.20907372
915988,0.14725366
915989,0.13445887
915990,0.09673568
915991,0.5029757
915992,0.57574236
915993,0.70202583
915994,0.74706477
915995,0.7569969
915996,0.7698276
915997,0.7723677
915998,0.7723677
915999,0.7723677
916000,0.77555215
916001,0.77555215
916002,0.7744088
916003,0.7744088
916004,0.7744088
916005,0.77320147
916006,0.77320147
916007,0.76395535
916008,0.76395535
916009,0.76182026
916010,0.7507164
916011,0.74938285
916012,0.74938285
916013,0.74938285
916014,0.7432749
916015,0.7428697
916016,0.45635962
916017,0.025146086
916018,0.11227455
916019,0.11267444
916020,0.12323705
916021,0.12577765
916022,0.12577765
916023,0.11257945
916024,0.11371867
916025,0.5291203
916026,0.61478436
916027,0.7096978
916028,0.7531441
916029,0.7719281
916030,0.79486525
916031,0.8053432
916032,0.8296409
916033,0.8296409
916034,0.84202665
916035,0.84202665
916036,0.8427223
916037,0.8427223
916038,0.8427223
916039,0.8418059
916040,0.8418059
916041,0.8431947
916042,0.8431947
916043,0.8431947
916044,0.84194916
916045,0.8410003
916046,0.8410003
916047,0.8410003
916048,0.83663845
916049,0.835104
916050,0.84002054
916051,0.83908457
916052,0.83539957
916053,0.8309909
916054,0.8309909
916055,0.8309909
916056,0.8309909
916057,0.78982633
916058,0.78982633
916059,0.7245354
916060,0.7245354
916061,0.47713035
916062,0.059440076
916063,0.32384193
916064,0.33847398
916065,0.3606425
916066,0.36747044
916067,0.36747044
916068,0.36747044
916069,0.36747044
916070,0.36747044
916071,0.36747044
916072,0.36088154
916073,0.3123729
916074,0.072055735
916075,0.23059548
916076,0.18247806
916077,0.0937319
916078,0.08765673
916079,0.08071781
916080,0.07307285
916081,0.02361323
916082,0.08234868
916083,0.07761744
916084,0.07284462
916085,0.07297696
916086,0.06591341
916087,0.10865317
916088,0.18078123
916089,0.26521057
916090,0.041874137
916091,0.11024068
916092,0.129758
916093,0.103358254
916094,0.104313634
916095,0.0359094
916096,0.10035449
916097,0.0954711
916098,0.08622293
916099,0.11798366
916100,0.29444313
916101,0.19812155
916102,0.18493924
916103,0.1748585
916104,0.13710123
916105,0.045253824
916106,0.19208588
916107,0.03868615
916108,0.20388481
916109,0.1703017
916110,0.03859525
916111,0.2117483
916112,0.20132977
916113,0.18342365
916114,0.17011218
916115,0.4661962
916116,0.53532624
916117,0.61614984
916118,0.65989435
916119,0.67375714
916120,0.67375714
916121,0.67375714
916122,0.67375714
916123,0.67375714
916124,0.67375714
916125,0.67112136
916126,0.67082554
916127,0.66791666
916128,0.6627792
916129,0.6627792
916130,0.5886778
916131,0.6612356
916132,0.6516686
916133,0.3929429
916134,0.08553164
916135,0.051044073
916136,0.0483355
916137,0.08324369
916138,0.02243081
916139,0.048799988
916140,0.048426826
916141,0.0480462
916142,0.044046406
916143,0.20089872
916144,0.100799374
916145,0.09143345
916146,0.086616635
916147,0.08532817
916148,0.0658487
916149,0.25996295
916150,0.13028324
916151,0.01564744
916152,0.04584081
916153,0.046016358
916154,0.04618774
916155,0.045940235
916156,0.045940235
916157,0.041256037
916158,0.34935206
916159,0.16030148
916160,0.19642328
916161,0.019532936
916162,0.09097717
916163,0.08668804
916164,0.082098626
916165,0.08087141
916166,0.07972936
916167,0.07972936
916168,0.06209983
916169,0.030962408
916170,0.12657478
916171,0.11964355
916172,0.122178935
916173,0.12367672
916174,0.12350148
916175,0.12644733
916176,0.12778525
916177,0.09799364
916178,0.042329725
916179,0.02215439
916180,0.087964706
916181,0.08990839
916182,0.08741239
916183,0.087253325
916184,0.0874884
916185,0.0874884
916186,0.0874884
916187,0.14281835
916188,0.033608913
916189,0.122847036
916190,0.12328771
916191,0.11222726
916192,0.12367672
916193,0.1272462
916194,0.12644733
916195,0.12778525
916196,0.095668025
916197,0.020254742
916198,0.042901218
916199,0.042571146
916200,0.04231745
916201,0.039093085
916202,0.032429133
916203,0.11773953
916204,0.124788195
916205,0.12001393
916206,0.12367672
916207,0.1272462
916208,0.12272278
916209,0.119060114
916210,0.10734028
916211,0.017411686
916212,0.044533823
916213,0.04419177
916214,0.04444361
916215,0.043589216
916216,0.039369904
916217,0.053669937
916218,0.1339291
916219,0.015502426
916220,0.06658202
916221,0.06840732
916222,0.06864905
916223,0.069211826
916224,0.06997278
916225,0.06997278
916226,0.06997278
916227,0.073030666
916228,0.06541707
916229,0.023209883
916230,0.13154058
916231,0.12343752
916232,0.115462855
916233,0.10092203
916234,0.014016339
916235,0.042577557
916236,0.04274117
916237,0.0429851
916238,0.042157512
916239,0.042634647
916240,0.038619976
916241,0.014016339
916242,0.042577557
916243,0.04274117
916244,0.0429851
916245,0.042157512
916246,0.042634647
916247,0.038619976
916248,0.20102686
916249,0.021530982
916250,0.045639675
916251,0.047177114
916252,0.021983687
916253,0.046024084
916254,0.04567113
916255,0.06328182
916256,0.34303284
916257,0.16977571
916258,0.17033716
916259,0.14601403
916260,0.04284674
916261,0.20606335
916262,0.2247481
916263,0.22611742
916264,0.18183218
916265,0.18183218
916266,0.18183218
916267,0.18183218
916268,0.18183218
916269,0.18183218
916270,0.14370777
916271,0.03445904
916272,0.19781604
916273,0.20738539
916274,0.20235321
916275,0.11917902
916276,0.16174942
916277,0.16174942
916278,0.16174942
916279,0.1169488
916280,0.032347705
916281,0.15227336
916282,0.20437361
916283,0.19586349
916284,0.15919489
916285,0.15713584
916286,0.15713584
916287,0.09803803
916288,0.032347705
916289,0.19490913
916290,0.20437361
916291,0.19586349
916292,0.15919489
916293,0.123586185
916294,0.15713584
916295,0.11555159
916296,0.29600638
916297,0.032347705
916298,0.15227336
916299,0.20437361
916300,0.19586349
916301,0.15919489
916302,0.15713584
916303,0.15713584
916304,0.09803803
916305,0.05560972
916306,0.22827797
916307,0.2230241
916308,0.21672444
916309,0.21447517
916310,0.21447517
916311,0.21447517
916312,0.21018182
916313,0.15755162
916314,0.045668334
916315,0.14150572
916316,0.14332435
916317,0.23145097
916318,0.053854153
916319,0.23189564
916320,0.22529812
916321,0.20987064
916322,0.20761736
916323,0.20508474
916324,0.20508474
916325,0.15139416
916326,0.26688787
916327,0.13357191
916328,0.12657407
916329,0.12319796
916330,0.12298255
916331,0.12298255
916332,0.12298255
916333,0.12298255
916334,0.17268619
916335,0.12861875
916336,0.14082377
916337,0.05322551
916338,0.21755323
916339,0.21247818
916340,0.21010354
916341,0.20422728
916342,0.20422728
916343,0.20422728
916344,0.20008682
916345,0.15054306
916346,0.52958727
916347,0.5716736
916348,0.62798184
916349,0.682025
916350,0.69284946
916351,0.69284946
916352,0.69284946
916353,0.69284946
916354,0.69284946
916355,0.69284946
916356,0.69029695
916357,0.6863656
916358,0.68077046
916359,0.6773709
916360,0.6773709
916361,0.5897773
916362,0.67350745
916363,0.6608833
916364,0.43439803
916365,0.028961346
916366,0.11911925
916367,0.121966355
916368,0.13326925
916369,0.12023553
916370,0.31470165
916371,0.08313637
916372,0.24668743
916373,0.02197057
916374,0.051141966
916375,0.13038644
916376,0.03073085
916377,0.059122216
916378,0.14313817
916379,0.11522811
916380,0.10292026
916381,0.4365478
916382,0.0217164
916383,0.05046428
916384,0.050079066
916385,0.050357543
916386,0.04663817
916387,0.023890797
916388,0.15946883
916389,0.1633948
916390,0.16446963
916391,0.16600074
916392,0.2127746
916393,0.16879661
916394,0.16879661
916395,0.16879661
916396,0.16879661
916397,0.12734105
916398,0.27184394
916399,0.112675115
916400,0.5500923
916401,0.5422474
916402,0.6104431
916403,0.6174509
916404,0.6174509
916405,0.6174509
916406,0.61780155
916407,0.61780155
916408,0.61780155
916409,0.61482793
916410,0.6145106
916411,0.6099332
916412,0.6766518
916413,0.6099332
916414,0.31038293
916415,0.6057323
916416,0.5920749
916417,0.5920749
916418,0.58635235
916419,0.33915278
916420,0.014887631
916421,0.048473597
916422,0.048658714
916423,0.049500003
916424,0.049549405
916425,0.049549405
916426,0.057568695
916427,0.014392986
916428,0.06894364
916429,0.06658032
916430,0.061862826
916431,0.06318104
916432,0.06266832
916433,0.054039873
916434,0.06031307
916435,0.39534545
916436,0.3917515
916437,0.3880926
916438,0.5445408
916439,0.38227782
916440,0.38227782
916441,0.3624809
916442,0.28885013
916443,0.3062552
916444,0.19382729
916445,0.18793984
916446,0.28846455
916447,0.18303467
916448,0.1971453
916449,0.030934198
916450,0.3070076
916451,0.38440228
916452,0.38760024
916453,0.39232627
916454,0.39232627
916455,0.39232627
916456,0.3268833
916457,0.3268833
916458,0.3268833
916459,0.3206532
916460,0.31297666
916461,0.29933733
916462,0.21558467
916463,0.03742003
916464,0.3112034
916465,0.243967
916466,0.01863967
916467,0.094539054
916468,0.08726307
916469,0.07527099
916470,0.07685151
916471,0.14654621
916472,0.32259467
916473,0.06657347
916474,0.11034884
916475,0.06368841
916476,0.12967166
916477,0.12320676
916478,0.12364017
916479,0.13507429
916480,0.13782054
916481,0.13782054
916482,0.11493559
916483,0.027414152
916484,0.12320676
916485,0.12364017
916486,0.13507429
916487,0.13782054
916488,0.13782054
916489,0.11493559
916490,0.11956443
916491,0.11035898
916492,0.011970316
916493,0.026328387
916494,0.024788298
916495,0.024540575
916496,0.026837574
916497,0.026837574
916498,0.026837574
916499,0.026837574
916500,0.025298528
916501,0.013458263
916502,0.026199464
916503,0.022886459
916504,0.022864155
916505,0.023396231
916506,0.024169203
916507,0.011003541
916508,0.02368146
916509,0.023510646
916510,0.022635892
916511,0.025051218
916512,0.02341441
916513,0.025051218
916514,0.04330645
916515,0.19084574
916516,0.037240796
916517,0.290441
916518,0.26669773
916519,0.21744822
916520,0.023894584
916521,0.108257435
916522,0.05726714
916523,0.05664046
916524,0.056177646
916525,0.056177646
916526,0.075769514
916527,0.2999443
916528,0.1533103
916529,0.04341827
916530,0.17872407
916531,0.036367908
916532,0.16299236
916533,0.15795204
916534,0.15388651
916535,0.16622524
916536,0.15526284
916537,0.15526284
916538,0.15526284
916539,0.20629242
916540,0.248614
916541,0.161263
916542,0.26487216
916543,0.26047614
916544,0.26610175
916545,0.27495572
916546,0.27723494
916547,0.27723494
916548,0.27723494
916549,0.27723494
916550,0.27723494
916551,0.27723494
916552,0.2675063
916553,0.17238936
916554,0.06351579
916555,0.2684565
916556,0.27419034
916557,0.28320962
916558,0.28835595
916559,0.28896132
916560,0.28896132
916561,0.28896132
916562,0.28896132
916563,0.28896132
916564,0.28360605
916565,0.19496149
916566,0.04358873
916567,0.15043218
916568,0.14662954
916569,0.14209314
916570,0.1421553
916571,0.14251523
916572,0.14251523
916573,0.13940671
916574,0.11256389
916575,0.23283008
916576,0.12149731
916577,0.13380635
916578,0.13424587
916579,0.10487201
916580,0.10526711
916581,0.106615126
916582,0.106615126
916583,0.106615126
916584,0.07663003
916585,0.11773398
916586,0.060675822
916587,0.059220877
916588,0.17534325
916589,0.16467744
916590,0.14736055
916591,0.12725562
916592,0.027672637
916593,0.13998218
916594,0.15383604
916595,0.15485962
916596,0.12232434
916597,0.12541161
916598,0.123591766
916599,0.123591766
916600,0.123591766
916601,0.123591766
916602,0.17180805
916603,0.29206446
916604,0.04207388
916605,0.15220569
916606,0.14836605
916607,0.14378497
916608,0.1421553
916609,0.14251523
916610,0.14251523
916611,0.13940671
916612,0.11256389
916613,0.14402999
916614,0.11666532
916615,0.11583644
916616,0.11458281
916617,0.09778237
916618,0.03856058
916619,0.14826243
916620,0.14359942
916621,0.1305716
916622,0.1256969
916623,0.12432784
916624,0.1804867
916625,0.023604779
916626,0.047377117
916627,0.04871281
916628,0.015097559
916629,0.04551152
916630,0.109993875
916631,0.10879571
916632,0.10684252
916633,0.04582014
916634,0.04582014
916635,0.04372592
916636,0.039381366
916637,0.055210516
916638,0.20265165
916639,0.09254378
916640,0.026655555
916641,0.048054025
916642,0.04768628
916643,0.04460443
916644,0.027470836
916645,0.11572197
916646,0.118723065
916647,0.10900299
916648,0.12252807
916649,0.12148428
916650,0.12678601
916651,0.12970868
916652,0.12970868
916653,0.11979835
916654,0.13460629
916655,0.015853737
916656,0.04551152
916657,0.04568587
916658,0.046585012
916659,0.04569142
916660,0.04582014
916661,0.04582014
916662,0.04372592
916663,0.04021389
916664,0.11523548
916665,0.11441545
916666,0.09972335
916667,0.15245633
916668,0.028551351
916669,0.11083026
916670,0.11122565
916671,0.111204155
916672,0.109213024
916673,0.10811697
916674,0.10811697
916675,0.14483187
916676,0.27583852
916677,0.13597816
916678,0.030482888
916679,0.15544342
916680,0.17052405
916681,0.17163615
916682,0.13614397
916683,0.13614397
916684,0.13614397
916685,0.13614397
916686,0.13614397
916687,0.13614397
916688,0.10190979
916689,0.03124226
916690,0.16862744
916691,0.16797982
916692,0.15967411
916693,0.12869638
916694,0.096018076
916695,0.07014152
916696,0.33965617
916697,0.37547457
916698,0.40970707
916699,0.3638748
916700,0.3638748
916701,0.3638748
916702,0.3638748
916703,0.3638748
916704,0.3638748
916705,0.36431023
916706,0.3582357
916707,0.34696066
916708,0.3454788
916709,0.3454788
916710,0.34016904
916711,0.34016904
916712,0.22278786
916713,0.07284839
916714,0.36868146
916715,0.42497754
916716,0.47840562
916717,0.43875924
916718,0.43875924
916719,0.4493232
916720,0.44230622
916721,0.44230622
916722,0.44230622
916723,0.43131548
916724,0.4309868
916725,0.4293796
916726,0.4293796
916727,0.4293796
916728,0.4134502
916729,0.40236506
916730,0.36456245
916731,0.36098394
916732,0.32053563
916733,0.3079773
916734,0.2151827
916735,0.07465543
916736,0.3295854
916737,0.4106659
916738,0.54918647
916739,0.49720106
916740,0.5418615
916741,0.6395756
916742,0.6958373
916743,0.72780335
916744,0.72780335
916745,0.7305858
916746,0.7305858
916747,0.7316157
916748,0.7316157
916749,0.7316157
916750,0.7289066
916751,0.7289066
916752,0.7322623
916753,0.7322623
916754,0.7242603
916755,0.7396343
916756,0.7382621
916757,0.7382621
916758,0.7382621
916759,0.74682695
916760,0.7464255
916761,0.7464255
916762,0.74544185
916763,0.730962
916764,0.7285999
916765,0.7285999
916766,0.7696845
916767,0.7696845
916768,0.7246901
916769,0.7246901
916770,0.65087193
916771,0.65087193
916772,0.6449779
916773,0.34705156
916774,0.04372252
916775,0.19649336
916776,0.20703346
916777,0.07906905
916778,0.0740814
916779,0.07565625
916780,0.07177905
916781,0.06800247
916782,0.29058015
916783,0.021945018
916784,0.07465795
916785,0.07211388
916786,0.06903851
916787,0.07259891
916788,0.07348599
916789,0.073076785
916790,0.062558204
916791,0.25874177
916792,0.023265058
916793,0.079566926
916794,0.07186249
916795,0.07666029
916796,0.072416924
916797,0.08092233
916798,0.08255996
916799,0.08809226
916800,0.06940594
916801,0.02314867
916802,0.07472364
916803,0.076148294
916804,0.0762389
916805,0.093028754
916806,0.07243829
916807,0.08037955
916808,0.08761399
916809,0.06828071
916810,0.28178594
916811,0.08070697
916812,0.06870909
916813,0.04990688
916814,0.2739456
916815,0.23432662
916816,0.22094265
916817,0.24072805
916818,0.19376077
916819,0.026292814
916820,0.07553089
916821,0.07243836
916822,0.073850535
916823,0.07459689
916824,0.06382568
916825,0.015161064
916826,0.06365588
916827,0.061461832
916828,0.05839675
916829,0.058215827
916830,0.05737374
916831,0.055655517
916832,0.03948187
916833,0.30719864
916834,0.04100092
916835,0.5204114
916836,0.56186336
916837,0.5792347
916838,0.58683425
916839,0.58683425
916840,0.58683425
916841,0.58683425
916842,0.58683425
916843,0.58683425
916844,0.5719491
916845,0.56324434
916846,0.5522793
916847,0.35158563
916848,0.03805757
916849,0.15263459
916850,0.14987539
916851,0.15267771
916852,0.17235182
916853,0.17646483
916854,0.18193369
916855,0.19453502
916856,0.19453502
916857,0.19453502
916858,0.19309506
916859,0.13577597
916860,0.033723686
916861,0.076402284
916862,0.03381056
916863,0.42614853
916864,0.43808594
916865,0.45560983
916866,0.45804545
916867,0.45804545
916868,0.45804545
916869,0.45804545
916870,0.45804545
916871,0.45804545
916872,0.4429251
916873,0.2921278
916874,0.042742144
916875,0.17571281
916876,0.18787128
916877,0.18987963
916878,0.19938353
916879,0.20398264
916880,0.20398264
916881,0.21770474
916882,0.22223055
916883,0.19765946
916884,0.19309506
916885,0.13577597
916886,0.25463152
916887,0.1246353
916888,0.10423165
916889,0.0498479
916890,0.54108244
916891,0.60251725
916892,0.64036524
916893,0.6475325
916894,0.6475325
916895,0.6475325
916896,0.6475325
916897,0.6475325
916898,0.6475325
916899,0.6422511
916900,0.6340612
916901,0.58469987
916902,0.5707608
916903,0.5727014
916904,0.32691395
916905,0.051900357
916906,0.25222322
916907,0.28415808
916908,0.31006658
916909,0.32435176
916910,0.35508284
916911,0.35906902
916912,0.38115415
916913,0.38115415
916914,0.3858401
916915,0.37898278
916916,0.3769013
916917,0.3688605
916918,0.26195073
916919,0.10921345
916920,0.046151824
916921,0.11501215
916922,0.0380958
916923,0.22055094
916924,0.23483314
916925,0.056815922
916926,0.33806014
916927,0.37356693
916928,0.44274762
916929,0.46510956
916930,0.49436635
916931,0.49759567
916932,0.52127147
916933,0.52127147
916934,0.52127147
916935,0.5217408
916936,0.5214065
916937,0.51746273
916938,0.51746273
916939,0.50430614
916940,0.4954256
916941,0.4954256
916942,0.30545706
916943,0.02164456
916944,0.10994863
916945,0.100930035
916946,0.09386714
916947,0.09722849
916948,0.12962747
916949,0.07275535
916950,0.02716215
916951,0.07719467
916952,0.07280024
916953,0.0748246
916954,0.0494274
916955,0.04961596
916956,0.050490048
916957,0.050540384
916958,0.050540384
916959,0.045333836
916960,0.020503283
916961,0.10676822
916962,0.10492163
916963,0.13183638
916964,0.097892955
916965,0.09653577
916966,0.09698586
916967,0.07315628
916968,0.027665298
916969,0.07854979
916970,0.071620256
916971,0.065214716
916972,0.019257592
916973,0.051576015
916974,0.051182777
916975,0.05208296
916976,0.052134797
916977,0.04611311
916978,0.314428
916979,0.21091929
916980,0.19554587
916981,0.18389428
916982,0.17210338
916983,0.07506989
916984,0.08331179
916985,0.04828646
916986,0.45697412
916987,0.5143229
916988,0.58664787
916989,0.5942115
916990,0.5942115
916991,0.5942115
916992,0.5942115
916993,0.5942115
916994,0.5942115
916995,0.594665
916996,0.5920183
916997,0.587507
916998,0.42327774
916999,0.42327774
917000,0.4215947
917001,0.4215947
917002,0.2743236
917003,0.044866975
917004,0.188657
917005,0.045458194
917006,0.20130558
917007,0.3604351
917008,0.17793693
917009,0.07736946
917010,0.0711534
917011,0.07034621
917012,0.06513373
917013,0.06952166
917014,0.23937574
917015,0.13761519
917016,0.13708627
917017,0.13753487
917018,0.13729832
917019,0.18383665
917020,0.13729832
917021,0.13729832
917022,0.13729832
917023,0.24763261
917024,0.09196705
917025,0.059896387
917026,0.15774979
917027,0.08357819
917028,0.07690489
917029,0.07603778
917030,0.076804414
917031,0.06924161
917032,0.050430454
917033,0.14839253
917034,0.14737578
917035,0.123713434
917036,0.30551732
917037,0.22591735
917038,0.114183195
917039,0.10893113
917040,0.10260736
917041,0.10156843
917042,0.10031197
917043,0.07573371
917044,0.15355454
917045,0.049976103
917046,0.11697844
917047,0.11978146
917048,0.1309121
917049,0.11606258
917050,0.024433004
917051,0.110900775
917052,0.10893113
917053,0.10074581
917054,0.101716265
917055,0.10031197
917056,0.07567925
917057,0.13173981
917058,0.024453484
917059,0.110900775
917060,0.10893113
917061,0.099861376
917062,0.10291522
917063,0.10024176
917064,0.13450542
917065,0.07567925
917066,0.023662627
917067,0.108283974
917068,0.1064143
917069,0.1340754
917070,0.099621624
917071,0.09824309
917072,0.09846673
917073,0.07430325
917074,0.024053453
917075,0.111863784
917076,0.14051695
917077,0.10049642
917078,0.099621624
917079,0.09739189
917080,0.089174844
917081,0.023519367
917082,0.10624344
917083,0.10131481
917084,0.09538585
917085,0.11940209
917086,0.092671834
917087,0.08406991
917088,0.33283582
917089,0.14561124
917090,0.13259672
917091,0.17106065
917092,0.023539096
917093,0.103162676
917094,0.094960935
917095,0.09555286
917096,0.0933397
917097,0.09449274
917098,0.092671834
917099,0.06982027
917100,0.031602245
917101,0.09003725
917102,0.0803593
917103,0.020277468
917104,0.09619019
917105,0.09094524
917106,0.08979869
917107,0.08909194
917108,0.08909194
917109,0.08909194
917110,0.08909194
917111,0.13584435
917112,0.44679946
917113,0.48011294
917114,0.52433157
917115,0.5439673
917116,0.5201096
917117,0.49979874
917118,0.49979874
917119,0.49979874
917120,0.49979874
917121,0.49979874
917122,0.4995705
917123,0.49923548
917124,0.48771635
917125,0.48771635
917126,0.48771635
917127,0.47452444
917128,0.46309468
917129,0.4326634
917130,0.25051478
917131,0.37274393
917132,0.048768986
917133,0.16150865
917134,0.1880508
917135,0.032658856
917136,0.07208762
917137,0.069597304
917138,0.22027682
917139,0.022723973
917140,0.057209082
917141,0.063160315
917142,0.05359253
917143,0.027157387
917144,0.15128094
917145,0.114007585
917146,0.15663914
917147,0.13622203
917148,0.12693703
917149,0.12693703
917150,0.12693703
917151,0.12619573
917152,0.031087566
917153,0.06933244
917154,0.063160315
917155,0.04885986
917156,0.095252454
917157,0.07793665
917158,0.24130136
917159,0.10033786
917160,0.10317349
917161,0.08229119
917162,0.08382377
917163,0.10100992
917164,0.05453051
917165,0.14524983
917166,0.15323211
917167,0.14750822
917168,0.1505283
917169,0.14315967
917170,0.14019646
917171,0.14019646
917172,0.14019646
917173,0.14019646
917174,0.13259532
917175,0.1285688
917176,0.10078315
917177,0.32954478
917178,0.13282108
917179,0.014263332
917180,0.042220056
917181,0.042382352
917182,0.037876092
917183,0.037843183
917184,0.037843183
917185,0.036965832
917186,0.049180254
917187,0.03031179
917188,0.15685466
917189,0.15445629
917190,0.1521071
917191,0.15461184
917192,0.14271066
917193,0.14271066
917194,0.14271066
917195,0.16980779
917196,0.17636992
917197,0.066432975
917198,0.06529573
917199,0.063972786
917200,0.065094486
917201,0.06978597
917202,0.07121569
917203,0.0768689
917204,0.059940495
917205,0.01983857
917206,0.05810707
917207,0.05609281
917208,0.049315173
917209,0.049826913
917210,0.050176114
917211,0.05122621
917212,0.045833513
917213,0.022700021
917214,0.06715511
917215,0.06529573
917216,0.06467003
917217,0.065803096
917218,0.06679644
917219,0.0681694
917220,0.073599964
917221,0.057346728
917222,0.04671709
917223,0.27850226
917224,0.30989146
917225,0.35295138
917226,0.3654672
917227,0.39480498
917228,0.40827906
917229,0.436222
917230,0.4313539
917231,0.4267263
917232,0.4259422
917233,0.42095223
917234,0.22310698
917235,0.41612375
917236,0.25613102
917237,0.25351608
917238,0.12189402
917239,0.109888874
917240,0.078988895
917241,0.041563056
917242,0.09291329
917243,0.19643956
917244,0.20468646
917245,0.21900523
917246,0.2183604
917247,0.2247733
917248,0.24536484
917249,0.24171352
917250,0.24171352
917251,0.10826669
917252,0.24101314
917253,0.17203338
917254,0.058556013
917255,0.4729103
917256,0.49903685
917257,0.57564133
917258,0.5146902
917259,0.5146902
917260,0.5146902
917261,0.5146902
917262,0.5769415
917263,0.66699827
917264,0.5137473
917265,0.6563706
917266,0.65024054
917267,0.5066313
917268,0.5037701
917269,0.29155263
917270,0.030073397
917271,0.090137005
917272,0.07468836
917273,0.09384307
917274,0.049027372
917275,0.10401847
917276,0.10606955
917277,0.0805963
917278,0.055370357
917279,0.08445519
917280,0.06818485
917281,0.46474683
917282,0.4914543
917283,0.48445025
917284,0.50898975
917285,0.50898975
917286,0.4840215
917287,0.4840215
917288,0.52529454
917289,0.4840215
917290,0.48307884
917291,0.4742281
917292,0.62209463
917293,0.45797694
917294,0.29874972
917295,0.043471467
917296,0.15355027
917297,0.1558277
917298,0.13826144
917299,0.17454481
917300,0.18750069
917301,0.19323131
917302,0.2064177
917303,0.2064177
917304,0.2064177
917305,0.20915252
917306,0.16843493
917307,0.34253252
917308,0.12545191
917309,0.115827724
917310,0.102242455
917311,0.1728995
917312,0.026371878
917313,0.10745735
917314,0.09426819
917315,0.08685855
917316,0.08972475
917317,0.08766718
917318,0.06359894
917319,0.052426577
917320,0.24949652
917321,0.27141714
917322,0.27936992
917323,0.29284114
917324,0.2992751
917325,0.2992751
917326,0.3148804
917327,0.3148804
917328,0.3148804
917329,0.30725583
917330,0.3165569
917331,0.22337298
917332,0.02327348
917333,0.10745735
917334,0.09728254
917335,0.0939275
917336,0.093103975
917337,0.09180643
917338,0.09180643
917339,0.1535385
917340,0.037481517
917341,0.105704896
917342,0.10397027
917343,0.101949185
917344,0.107463725
917345,0.10457955
917346,0.10457955
917347,0.11043998
917348,0.08671933
917349,0.040282726
917350,0.115610614
917351,0.111419365
917352,0.11040386
917353,0.11224206
917354,0.11322487
917355,0.11322487
917356,0.11766336
917357,0.09255267
917358,0.044819295
917359,0.13529815
917360,0.13872728
917361,0.13918038
917362,0.1428341
917363,0.14261873
917364,0.14261873
917365,0.14801717
917366,0.15370893
917367,0.111712456
917368,0.038814377
917369,0.115105435
917370,0.10620658
917371,0.10345025
917372,0.10383856
917373,0.08320646
917374,0.038938116
917375,0.10157211
917376,0.10098156
917377,0.09834589
917378,0.09881194
917379,0.09821661
917380,0.078713864
917381,0.03779118
917382,0.14104487
917383,0.11585381
917384,0.16881655
917385,0.25351983
917386,0.119051844
917387,0.10815711
917388,0.13281105
917389,0.10959944
917390,0.04702772
917391,0.046667468
917392,0.046390526
917393,0.041247156
917394,0.02774333
917395,0.05321811
917396,0.426326
917397,0.35761416
917398,0.37403604
917399,0.37887925
917400,0.38975203
917401,0.39045346
917402,0.39045346
917403,0.39045346
917404,0.39045346
917405,0.39045346
917406,0.3751374
917407,0.36246896
917408,0.3024305
917409,0.34651992
917410,0.4826417
917411,0.52539706
917412,0.54388005
917413,0.4872692
917414,0.49524042
917415,0.49524042
917416,0.49524042
917417,0.49524042
917418,0.48883197
917419,0.49571052
917420,0.49537554
917421,0.48439616
917422,0.4759409
917423,0.5013777
917424,0.47603253
917425,0.45244318
917426,0.43044612
917427,0.32167092
917428,0.02774333
917429,0.05321811
917430,0.087430134
917431,0.027089603
917432,0.070803106
917433,0.2147699
917434,0.048452873
917435,0.2230673
917436,0.32597992
917437,0.2877747
917438,0.28057685
917439,0.26532188
917440,0.26672232
917441,0.1919966
917442,0.049708527
917443,0.2477231
917444,0.24636585
917445,0.23237023
917446,0.22994566
917447,0.22721878
917448,0.22721878
917449,0.20170861
917450,0.27241516
917451,0.29856482
917452,0.2682029
917453,0.25784644
917454,0.21766701
917455,0.2553249
917456,0.24335341
917457,0.26452622
917458,0.28278965
917459,0.3001072
917460,0.3001072
917461,0.3001072
917462,0.3001072
917463,0.3001072
917464,0.3001072
917465,0.29286522
917466,0.29103503
917467,0.18575853
917468,0.14424898
917469,0.14353526
917470,0.18106659
917471,0.07476137
917472,0.07326224
917473,0.09171787
917474,0.5574002
917475,0.6020328
917476,0.6602882
917477,0.67644626
917478,0.67644626
917479,0.67644626
917480,0.67644626
917481,0.67644626
917482,0.67644626
917483,0.6714193
917484,0.6598542
917485,0.65402454
917486,0.65402454
917487,0.65402454
917488,0.6500259
917489,0.6500259
917490,0.36425844
917491,0.19961889
917492,0.38635507
917493,0.17947423
917494,0.18307604
917495,0.17988601
917496,0.15882657
917497,0.10802256
917498,0.16959032
917499,0.61056274
917500,0.64111924
917501,0.716096
917502,0.7407448
917503,0.73612875
917504,0.76807344
917505,0.77897215
917506,0.8106833
917507,0.8106833
917508,0.8161047
917509,0.8161047
917510,0.8173321
917511,0.81499165
917512,0.81499165
917513,0.8286671
917514,0.8304638
917515,0.83887726
917516,0.8371063
917517,0.8371063
917518,0.8371063
917519,0.8361341
917520,0.8346
917521,0.83619237
917522,0.8349135
917523,0.8357543
917524,0.8357543
917525,0.8357543
917526,0.8357543
917527,0.839058
917528,0.839058
917529,0.839058
917530,0.839058
917531,0.82998
917532,0.82998
917533,0.8219107
917534,0.8219107
917535,0.80804163
917536,0.80804163
917537,0.80804163
917538,0.7935497
917539,0.7935497
917540,0.7935497
917541,0.7935497
917542,0.7906538
917543,0.7906538
917544,0.7906538
917545,0.7906538
917546,0.7879731
917547,0.7879731
917548,0.7879731
917549,0.7879731
917550,0.7879731
917551,0.7879731
917552,0.77214247
917553,0.77214247
917554,0.77214247
917555,0.77214247
917556,0.77214247
917557,0.5830536
917558,0.03426201
917559,0.14353526
917560,0.055547338
917561,0.28331673
917562,0.23076077
917563,0.20119706
917564,0.107197076
917565,0.5267952
917566,0.57743806
917567,0.6016591
917568,0.58033776
917569,0.56042165
917570,0.56042165
917571,0.56042165
917572,0.56042165
917573,0.56042165
917574,0.5608849
917575,0.56055486
917576,0.54899955
917577,0.54899955
917578,0.54899955
917579,0.5369416
917580,0.52551186
917581,0.49475858
917582,0.48393095
917583,0.40057868
917584,0.10830488
917585,0.5440181
917586,0.6262992
917587,0.71655786
917588,0.7366597
917589,0.7438348
917590,0.7524067
917591,0.7526832
917592,0.7526832
917593,0.7526832
917594,0.7534931
917595,0.7534931
917596,0.7528245
917597,0.7499104
917598,0.7499104
917599,0.74861443
917600,0.73353493
917601,0.7511083
917602,0.7511083
917603,0.74779755
917604,0.7507455
917605,0.74104625
917606,0.73890007
917607,0.73890007
917608,0.73672783
917609,0.736316
917610,0.736316
917611,0.73496485
917612,0.72978884
917613,0.72978884
917614,0.72978884
917615,0.5335985
917616,0.020410614
917617,0.051588304
917618,0.05105385
917619,0.21504225
917620,0.02716593
917621,0.30078897
917622,0.31111863
917623,0.32796156
917624,0.33241022
917625,0.33241022
917626,0.33241022
917627,0.33241022
917628,0.33241022
917629,0.33241022
917630,0.3231902
917631,0.21290995
917632,0.12522072
917633,0.26345402
917634,0.13999392
917635,0.116764784
917636,0.121999025
917637,0.11684803
917638,0.08750222
917639,0.05554934
917640,0.47049215
917641,0.5229595
917642,0.5734571
917643,0.58348995
917644,0.58348995
917645,0.58348995
917646,0.58348995
917647,0.58348995
917648,0.58348995
917649,0.57787436
917650,0.57571316
917651,0.5698146
917652,0.5659868
917653,0.5659868
917654,0.5659868
917655,0.34141856
917656,0.024457214
917657,0.058954578
917658,0.042068228
917659,0.2971629
917660,0.29623136
917661,0.33276027
917662,0.29684263
917663,0.33197883
917664,0.29684263
917665,0.35536975
917666,0.29684263
917667,0.29684263
917668,0.29093763
917669,0.18645357
917670,0.043349177
917671,0.23425053
917672,0.21626188
917673,0.20272355
917674,0.023394166
917675,0.1284657
917676,0.1216978
917677,0.11804582
917678,0.118225925
917679,0.11808739
917680,0.118225925
917681,0.11808739
917682,0.08559329
917683,0.08160844
917684,0.021511333
917685,0.119096085
917686,0.10972778
917687,0.10314327
917688,0.10686795
917689,0.10540087
917690,0.1458512
917691,0.08358336
917692,0.13732421
917693,0.13479608
917694,0.13800378
917695,0.15053809
917696,0.15354294
917697,0.15354294
917698,0.124172024
917699,0.028280417
917700,0.13038085
917701,0.13616541
917702,0.1294452
917703,0.16271323
917704,0.2584316
917705,0.4093165
917706,0.4151037
917707,0.3969915
917708,0.38735014
917709,0.3687179
917710,0.25033173
917711,0.019039731
917712,0.13972381
917713,0.1291661
917714,0.09330066
917715,0.09323765
917716,0.5370646
917717,0.4372314
917718,0.4460714
917719,0.5808444
917720,0.5808444
917721,0.5808444
917722,0.5808444
917723,0.5808444
917724,0.5808444
917725,0.5768611
917726,0.5681808
917727,0.55974966
917728,0.55974966
917729,0.52718407
917730,0.55710495
917731,0.34639934
917732,0.22776291
917733,0.24134162
917734,0.13587171
917735,0.12369519
917736,0.107741706
917737,0.118315786
917738,0.112602934
917739,0.25147328
917740,0.111800075
917741,0.035921272
917742,0.18210071
917743,0.18646027
917744,0.18703541
917745,0.18987715
917746,0.20366156
917747,0.21183456
917748,0.2237504
917749,0.2237504
917750,0.1947208
917751,0.17580868
917752,0.37291917
917753,0.1688482
917754,0.1636622
917755,0.1620693
917756,0.17492858
917757,0.16350475
917758,0.16350475
917759,0.16350475
917760,0.108718365
917761,0.21688583
917762,0.13353181
917763,0.26341355
917764,0.16454032
917765,0.0568981
917766,0.19080897
917767,0.25206015
917768,0.14422497
917769,0.1308989
917770,0.12197454
917771,0.12218437
917772,0.05106674
917773,0.5121031
917774,0.5495795
917775,0.5779672
917776,0.58797014
917777,0.58797014
917778,0.58797014
917779,0.58797014
917780,0.58797014
917781,0.5794966
917782,0.5738666
917783,0.5717001
917784,0.5646412
917785,0.56080276
917786,0.38167247
917787,0.13996893
917788,0.19108321
917789,0.079263434
917790,0.07038658
917791,0.06558314
917792,0.051645037
917793,0.020466883
917794,0.117666885
917795,0.108416975
917796,0.09826336
917797,0.10027434
917798,0.085051924
917799,0.34647807
917800,0.35180515
917801,0.40647995
917802,0.08283061
917803,0.5760776
917804,0.61888194
917805,0.6646576
917806,0.6737656
917807,0.6737656
917808,0.6792023
917809,0.6792023
917810,0.6792023
917811,0.671557
917812,0.66645
917813,0.664479
917814,0.6603191
917815,0.6568116
917816,0.6568116
917817,0.6568116
917818,0.46055228
917819,0.017916271
917820,0.06938597
917821,0.06746931
917822,0.066824265
917823,0.067100674
917824,0.067100674
917825,0.067100674
917826,0.067100674
917827,0.052152757
917828,0.017914644
917829,0.119133174
917830,0.116013765
917831,0.14018546
917832,0.118375316
917833,0.118375316
917834,0.118375316
917835,0.118375316
917836,0.101347774
917837,0.06259143
917838,0.461918
917839,0.47372583
917840,0.47111776
917841,0.47096732
917842,0.47096732
917843,0.47096732
917844,0.47096732
917845,0.47096732
917846,0.47096732
917847,0.4621125
917848,0.37906992
917849,0.05954797
917850,0.27877834
917851,0.24483402
917852,0.19874682
917853,0.020987198
917854,0.07184052
917855,0.06373743
917856,0.07525713
917857,0.018244384
917858,0.11979706
917859,0.14675559
917860,0.1178764
917861,0.11833659
917862,0.13401473
917863,0.13401473
917864,0.13401473
917865,0.113252275
917866,0.3091021
917867,0.17204945
917868,0.20767385
917869,0.08031634
917870,0.44117925
917871,0.5659472
917872,0.2996102
917873,0.023373693
917874,0.15962428
917875,0.15320131
917876,0.20320071
917877,0.18355313
917878,0.018782083
917879,0.074534655
917880,0.069106534
917881,0.0661484
917882,0.06514269
917883,0.05591559
917884,0.015227642
917885,0.064839646
917886,0.06366654
917887,0.06092603
917888,0.059994612
917889,0.05950611
917890,0.059333444
917891,0.023270309
917892,0.114980504
917893,0.11452701
917894,0.11532469
917895,0.116551295
917896,0.14831924
917897,0.11908302
917898,0.12964675
917899,0.12799545
917900,0.12539153
917901,0.09656387
917902,0.283284
917903,0.021181894
917904,0.09090708
917905,0.09206725
917906,0.08640157
917907,0.09068646
917908,0.093896665
917909,0.12162305
917910,0.102076516
917911,0.10802308
917912,0.07374516
917913,0.01841724
917914,0.08818213
917915,0.12953204
917916,0.095391855
917917,0.09560472
917918,0.09260437
917919,0.09109108
917920,0.09109108
917921,0.096078396
917922,0.06994755
917923,0.032582905
917924,0.25217047
917925,0.26830432
917926,0.29803672
917927,0.31470913
917928,0.3230323
917929,0.35793653
917930,0.35793653
917931,0.3715613
917932,0.3715613
917933,0.3644382
917934,0.33200434
917935,0.35970926
917936,0.35970926
917937,0.25570288
917938,0.042503975
917939,0.34492984
917940,0.232483
917941,0.28124452
917942,0.2998987
917943,0.29975146
917944,0.47270843
917945,0.47270843
917946,0.48738572
917947,0.48738572
917948,0.48785555
917949,0.3158828
917950,0.31262872
917951,0.31262872
917952,0.31262872
917953,0.4818519
917954,0.4818519
917955,0.47454453
917956,0.267289
917957,0.0153993135
917958,0.06688029
917959,0.06364768
917960,0.059517838
917961,0.059679326
917962,0.061450407
917963,0.048968535
917964,0.014716765
917965,0.065439075
917966,0.06227148
917967,0.058225382
917968,0.058383573
917969,0.059653018
917970,0.059653018
917971,0.047893498
917972,0.07973055
917973,0.25835007
917974,0.06150853
917975,0.38665774
917976,0.626806
917977,0.65237254
917978,0.66002727
917979,0.66002727
917980,0.66002727
917981,0.66002727
917982,0.66002727
917983,0.66002727
917984,0.6497232
917985,0.63723844
917986,0.5950159
917987,0.5950159
917988,0.48149893
917989,0.29009712
917990,0.3402351
917991,0.32794455
917992,0.32393596
917993,0.33619806
917994,0.25625172
917995,0.04656166
917996,0.28664973
917997,0.28459132
917998,0.28089115
917999,0.28939733
918000,0.28622752
918001,0.28622752
918002,0.20391195
918003,0.12706554
918004,0.07121657
918005,0.06077663
918006,0.056589082
918007,0.046286892
918008,0.23567694
918009,0.2123497
918010,0.2213737
918011,0.23714736
918012,0.23783317
918013,0.24193801
918014,0.24193801
918015,0.24193801
918016,0.24193801
918017,0.24193801
918018,0.20943029
918019,0.02829425
918020,0.07174268
918021,0.05589972
918022,0.13383745
918023,0.016591078
918024,0.057438426
918025,0.055831987
918026,0.055291604
918027,0.055523157
918028,0.055523157
918029,0.055523157
918030,0.055523157
918031,0.04215186
918032,0.03904201
918033,0.25002274
918034,0.26353082
918035,0.26842454
918036,0.2750122
918037,0.2750122
918038,0.2750122
918039,0.2750122
918040,0.2750122
918041,0.2750122
918042,0.2660156
918043,0.2555253
918044,0.21229745
918045,0.4826428
918046,0.43172765
918047,0.49430075
918048,0.57830167
918049,0.59982055
918050,0.59982055
918051,0.59982055
918052,0.59982055
918053,0.59982055
918054,0.59982055
918055,0.5986576
918056,0.59833556
918057,0.59384626
918058,0.5900784
918059,0.5900784
918060,0.58840877
918061,0.58840877
918062,0.58129835
918063,0.30678132
918064,0.0732125
918065,0.4356779
918066,0.51148516
918067,0.60120875
918068,0.6260413
918069,0.6260413
918070,0.6260413
918071,0.62940437
918072,0.62940437
918073,0.62940437
918074,0.63207793
918075,0.6317663
918076,0.6302396
918077,0.6265971
918078,0.6265971
918079,0.6249817
918080,0.6249817
918081,0.618093
918082,0.6103088
918083,0.60467136
918084,0.59018236
918085,0.32543114
918086,0.08550999
918087,0.4439756
918088,0.57782876
918089,0.6851078
918090,0.7178846
918091,0.72538054
918092,0.7469598
918093,0.74432296
918094,0.74432296
918095,0.74432296
918096,0.7465014
918097,0.7465014
918098,0.7452587
918099,0.7422859
918100,0.7422859
918101,0.74096406
918102,0.74096406
918103,0.7334376
918104,0.72696596
918105,0.7259964
918106,0.7249873
918107,0.7235669
918108,0.7235669
918109,0.7235669
918110,0.7213152
918111,0.43400866
918112,0.036145158
918113,0.43572956
918114,0.47676712
918115,0.5056157
918116,0.5155653
918117,0.50383353
918118,0.5155653
918119,0.5155653
918120,0.4416032
918121,0.4416032
918122,0.37676498
918123,0.43549874
918124,0.42154232
918125,0.4177433
918126,0.25755444
918127,0.12309504
918128,0.11742578
918129,0.12271668
918130,0.13407847
918131,0.1368077
918132,0.115927085
918133,0.017822843
918134,0.18443024
918135,0.18131062
918136,0.17265873
918137,0.1719623
918138,0.16712557
918139,0.119408466
918140,0.030351434
918141,0.13983206
918142,0.14313976
918143,0.15605612
918144,0.15904637
918145,0.15904637
918146,0.15904637
918147,0.13667378
918148,0.025470119
918149,0.18443024
918150,0.18131062
918151,0.17265873
918152,0.1719623
918153,0.16712557
918154,0.1612243
918155,0.0848434
918156,0.37033588
918157,0.20834567
918158,0.20224172
918159,0.19379869
918160,0.2072777
918161,0.19182973
918162,0.18947567
918163,0.13002908
918164,0.2787115
918165,0.12614937
918166,0.11948677
918167,0.11627458
918168,0.15963416
918169,0.116069674
918170,0.13035491
918171,0.116069674
918172,0.092076756
918173,0.25999573
918174,0.24295375
918175,0.22449274
918176,0.16968346
918177,0.09338446
918178,0.034092158
918179,0.15261002
918180,0.201395
918181,0.19297877
918182,0.20641533
918183,0.19101617
918184,0.18866976
918185,0.101787485
918186,0.1149676
918187,0.51198125
918188,0.5421684
918189,0.62965405
918190,0.6819183
918191,0.6819183
918192,0.6714948
918193,0.66455376
918194,0.6756666
918195,0.6633646
918196,0.69496477
918197,0.6751936
918198,0.67375404
918199,0.67375404
918200,0.67375404
918201,0.67223585
918202,0.6756801
918203,0.6383663
918204,0.6641152
918205,0.66072446
918206,0.7607968
918207,0.64546484
918208,0.64546484
918209,0.64546484
918210,0.40534797
918211,0.089592926
918212,0.023811499
918213,0.05184549
918214,0.051450327
918215,0.049574755
918216,0.046761006
918217,0.22855015
918218,0.21041837
918219,0.19829291
918220,0.15764117
918221,0.04564467
918222,0.18606369
918223,0.02358299
918224,0.05314388
918225,0.05273937
918226,0.052326694
918227,0.049084697
918228,0.021869784
918229,0.19128668
918230,0.18556537
918231,0.1809417
918232,0.20599285
918233,0.20599285
918234,0.20350875
918235,0.20350875
918236,0.15111294
918237,0.04086979
918238,0.27904615
918239,0.12303067
918240,0.12986186
918241,0.13087747
918242,0.13135366
918243,0.1326532
918244,0.10488163
918245,0.023997044
918246,0.051487606
918247,0.051095027
918248,0.05069452
918249,0.047246866
918250,0.116967924
918251,0.40190762
918252,0.42092156
918253,0.4425574
918254,0.45996955
918255,0.47187686
918256,0.47187686
918257,0.48578382
918258,0.48578382
918259,0.47459328
918260,0.48348206
918261,0.47886798
918262,0.46494663
918263,0.46308762
918264,0.3216011
918265,0.023997044
918266,0.051487606
918267,0.051095027
918268,0.05069452
918269,0.047246866
918270,0.28105852
918271,0.14737746
918272,0.13583817
918273,0.12871115
918274,0.17867972
918275,0.063396886
918276,0.3665401
918277,0.42860213
918278,0.5104813
918279,0.5342061
918280,0.5293737
918281,0.53221047
918282,0.53745735
918283,0.53745735
918284,0.5571523
918285,0.5419793
918286,0.55928004
918287,0.5400942
918288,0.5400942
918289,0.5400942
918290,0.53838027
918291,0.53838027
918292,0.5488851
918293,0.53331536
918294,0.52801085
918295,0.2901906
918296,0.027252689
918297,0.04871229
918298,0.049566228
918299,0.20371795
918300,0.08141801
918301,0.076717064
918302,0.13922149
918303,0.57535607
918304,0.62072575
918305,0.71496946
918306,0.7353418
918307,0.7526365
918308,0.78677595
918309,0.7987844
918310,0.8198596
918311,0.8198596
918312,0.8358369
918313,0.8321756
918314,0.8337128
918315,0.8337128
918316,0.8337128
918317,0.83408576
918318,0.83408576
918319,0.83388466
918320,0.83388466
918321,0.83388466
918322,0.8333462
918323,0.8323559
918324,0.84405047
918325,0.83396566
918326,0.8326729
918327,0.8431877
918328,0.832377
918329,0.832377
918330,0.832377
918331,0.82790405
918332,0.83163965
918333,0.82790405
918334,0.82790405
918335,0.7962852
918336,0.7962852
918337,0.7032403
918338,0.7032403
918339,0.692992
918340,0.692992
918341,0.692992
918342,0.6513059
918343,0.6817562
918344,0.6513059
918345,0.6513059
918346,0.6485952
918347,0.6485952
918348,0.39518225
918349,0.016473297
918350,0.047437787
918351,0.04761914
918352,0.04867812
918353,0.04841794
918354,0.04841794
918355,0.04841794
918356,0.049381413
918357,0.019733895
918358,0.093079776
918359,0.07556135
918360,0.07501418
918361,0.06850721
918362,0.057587974
918363,0.024542853
918364,0.08990979
918365,0.08747951
918366,0.086660914
918367,0.087766826
918368,0.08870187
918369,0.08870187
918370,0.081311956
918371,0.08242711
918372,0.043190595
918373,0.19201782
918374,0.20698039
918375,0.21436276
918376,0.22175656
918377,0.2222658
918378,0.2222658
918379,0.2222658
918380,0.2222658
918381,0.2222658
918382,0.22067684
918383,0.21463752
918384,0.16105406
918385,0.21886586
918386,0.060236264
918387,0.05131703
918388,0.049025696
918389,0.06410459
918390,0.05405099
918391,0.28745034
918392,0.29768157
918393,0.3311099
918394,0.33821172
918395,0.33995816
918396,0.33995816
918397,0.38280213
918398,0.33995816
918399,0.33995816
918400,0.4763621
918401,0.37660685
918402,0.3358774
918403,0.3358774
918404,0.22443807
918405,0.105761394
918406,0.36035433
918407,0.45992026
918408,0.5639887
918409,0.5929772
918410,0.6017028
918411,0.6017028
918412,0.61094254
918413,0.61094254
918414,0.61094254
918415,0.61526036
918416,0.61526036
918417,0.6150831
918418,0.6150831
918419,0.59035987
918420,0.59307635
918421,0.5886905
918422,0.5837509
918423,0.5837509
918424,0.57856673
918425,0.569896
918426,0.5681516
918427,0.3362644
918428,0.07617642
918429,0.42996567
918430,0.48475355
918431,0.5476921
918432,0.5640634
918433,0.56478816
918434,0.56478816
918435,0.56832224
918436,0.66300035
918437,0.66300035
918438,0.5727823
918439,0.6667576
918440,0.57019824
918441,0.57019824
918442,0.653333
918443,0.65029854
918444,0.65029854
918445,0.6372604
918446,0.6271854
918447,0.52369064
918448,0.45601195
918449,0.016153047
918450,0.08090291
918451,0.06740767
918452,0.05931822
918453,0.06116347
918454,0.06268848
918455,0.06299416
918456,0.049917247
918457,0.02392271
918458,0.10402345
918459,0.1026395
918460,0.107119426
918461,0.10712727
918462,0.091854684
918463,0.10824404
918464,0.109413505
918465,0.109413505
918466,0.08290195
918467,0.025931347
918468,0.08850272
918469,0.08707168
918470,0.02392271
918471,0.10402345
918472,0.10675776
918473,0.107119426
918474,0.10712727
918475,0.0983294
918476,0.10824404
918477,0.109413505
918478,0.109413505
918479,0.08290195
918480,0.023440892
918481,0.10402345
918482,0.10675776
918483,0.107119426
918484,0.10712727
918485,0.10824404
918486,0.10824404
918487,0.109413505
918488,0.109413505
918489,0.08290195
918490,0.14960329
918491,0.12735243
918492,0.13241957
918493,0.25407696
918494,0.31678402
918495,0.31528622
918496,0.07013053
918497,0.1905947
918498,0.18159805
918499,0.18455058
918500,0.13750745
918501,0.2819276
918502,0.028929273
918503,0.17096522
918504,0.054417387
918505,0.051684264
918506,0.051946975
918507,0.051190637
918508,0.07936897
918509,0.050527073
918510,0.30201986
918511,0.26611197
918512,0.23982856
918513,0.21816769
918514,0.1021838
918515,0.09742297
918516,0.09232269
918517,0.09151181
918518,0.09023425
918519,0.1515671
918520,0.2528997
918521,0.2310222
918522,0.22862719
918523,0.17578429
918524,0.17619556
918525,0.17347048
918526,0.22045344
918527,0.22045344
918528,0.15616508
918529,0.035046563
918530,0.2448524
918531,0.22793639
918532,0.21765111
918533,0.21682075
918534,0.15071045
918535,0.027145484
918536,0.22191046
918537,0.21832661
918538,0.20835792
918539,0.20755361
918540,0.20195998
918541,0.20195998
918542,0.14324433
918543,0.2804921
918544,0.039765853
918545,0.23985757
918546,0.22156295
918547,0.16257465
918548,0.05052983
918549,0.2950157
918550,0.2713868
918551,0.02752546
918552,0.22666635
918553,0.22430335
918554,0.21897404
918555,0.21945941
918556,0.17347048
918557,0.17347048
918558,0.17347048
918559,0.122175075
918560,0.024901593
918561,0.18231359
918562,0.18030515
918563,0.17578429
918564,0.17619556
918565,0.17347048
918566,0.17347048
918567,0.17347048
918568,0.122175075
918569,0.26256377
918570,0.02828627
918571,0.21272868
918572,0.22098993
918573,0.22729684
918574,0.22779532
918575,0.22779532
918576,0.22779532
918577,0.22779532
918578,0.22779532
918579,0.22779532
918580,0.15651649
918581,0.022294072
918582,0.19239284
918583,0.20006506
918584,0.20181383
918585,0.20227106
918586,0.20227106
918587,0.20227106
918588,0.20227106
918589,0.20227106
918590,0.1386995
918591,0.27312914
918592,0.1515493
918593,0.112236165
918594,0.083014764
918595,0.023949983
918596,0.022741811
918597,0.021895023
918598,0.024233248
918599,0.024233248
918600,0.024233248
918601,0.022882776
918602,0.034528363
918603,0.19628708
918604,0.18052648
918605,0.16887617
918606,0.1297749
918607,0.025767514
918608,0.13406287
918609,0.12977844
918610,0.12321549
918611,0.12216985
918612,0.120520905
918613,0.120520905
918614,0.08466838
918615,0.010863292
918616,0.023949983
918617,0.019382983
918618,0.021895023
918619,0.024233248
918620,0.022872869
918621,0.022882776
918622,0.119268015
918623,0.43712834
918624,0.54708594
918625,0.69697547
918626,0.7284173
918627,0.73573625
918628,0.75801474
918629,0.7606448
918630,0.7606448
918631,0.7606448
918632,0.76272845
918633,0.77480805
918634,0.77417994
918635,0.77144116
918636,0.77144116
918637,0.77022254
918638,0.77022254
918639,0.767745
918640,0.767745
918641,0.76825386
918642,0.7623517
918643,0.7610606
918644,0.7610606
918645,0.7610606
918646,0.75901264
918647,0.7586243
918648,0.7539247
918649,0.7526334
918650,0.5002573
918651,0.033041585
918652,0.14829095
918653,0.13700777
918654,0.1301339
918655,0.12903814
918656,0.13067502
918657,0.011078365
918658,0.023949983
918659,0.021965954
918660,0.021895023
918661,0.024233248
918662,0.022872869
918663,0.022882776
918664,0.13024594
918665,0.54754263
918666,0.6462053
918667,0.735425
918668,0.7563864
918669,0.76319677
918670,0.7756722
918671,0.7759305
918672,0.7759305
918673,0.7759305
918674,0.77668685
918675,0.77668685
918676,0.77606255
918677,0.77333987
918678,0.77333987
918679,0.77212834
918680,0.77212834
918681,0.7696653
918682,0.7696653
918683,0.7701712
918684,0.75933367
918685,0.75803137
918686,0.75803137
918687,0.75803137
918688,0.7559658
918689,0.7555741
918690,0.7508346
918691,0.49981743
918692,0.123871006
918693,0.11982588
918694,0.12489132
918695,0.27231407
918696,0.11739956
918697,0.020369291
918698,0.03121557
918699,0.028904663
918700,0.02703862
918701,0.026822515
918702,0.218462
918703,0.25006306
918704,0.20506454
918705,0.20333523
918706,0.19267534
918707,0.2412635
918708,0.039137915
918709,0.13040559
918710,0.039057508
918711,0.01074232
918712,0.022589365
918713,0.022059862
918714,0.021237915
918715,0.023507651
918716,0.02254975
918717,0.022196695
918718,0.1283879
918719,0.013306184
918720,0.028527753
918721,0.026862562
918722,0.026594674
918723,0.029078208
918724,0.029078208
918725,0.029078208
918726,0.029078208
918727,0.027941905
918728,0.03330364
918729,0.056577705
918730,0.019592494
918731,0.032767616
918732,0.028428413
918733,0.10116606
918734,0.083180524
918735,0.03333235
918736,0.056297798
918737,0.25335425
918738,0.13812701
918739,0.13373275
918740,0.12699902
918741,0.12592588
918742,0.12423342
918743,0.12423342
918744,0.1385046
918745,0.035902906
918746,0.08876659
918747,0.11235089
918748,0.12195335
918749,0.03333235
918750,0.056297798
918751,0.03561948
918752,0.06358719
918753,0.21340393
918754,0.115708254
918755,0.15644798
918756,0.078742065
918757,0.051440157
918758,0.04863893
918759,0.04684831
918760,0.5339898
918761,0.5497193
918762,0.59628534
918763,0.6740299
918764,0.68144053
918765,0.68144053
918766,0.68144053
918767,0.68144053
918768,0.68144053
918769,0.68144053
918770,0.6989364
918771,0.6889741
918772,0.6875342
918773,0.6810755
918774,0.67810225
918775,0.671898
918776,0.671898
918777,0.443715
918778,0.026767436
918779,0.10254658
918780,0.105044916
918781,0.11498505
918782,0.102778345
918783,0.08264001
918784,0.29053518
918785,0.11842656
918786,0.1190433
918787,0.1833015
918788,0.04974779
918789,0.24565347
918790,0.25563982
918791,0.2589444
918792,0.2590139
918793,0.2590139
918794,0.2590139
918795,0.2590139
918796,0.2590139
918797,0.2590139
918798,0.21174659
918799,0.32805827
918800,0.32781863
918801,0.34710866
918802,0.3684514
918803,0.37433723
918804,0.37433723
918805,0.37433723
918806,0.37433723
918807,0.37433723
918808,0.37433723
918809,0.36737216
918810,0.35916844
918811,0.35322082
918812,0.35322082
918813,0.35322082
918814,0.35077447
918815,0.1911881
918816,0.04484813
918817,0.1266494
918818,0.1283355
918819,0.11186948
918820,0.059253313
918821,0.17237023
918822,0.16184972
918823,0.1457062
918824,0.12171365
918825,0.19603
918826,0.21164885
918827,0.26860973
918828,0.23948921
918829,0.24481142
918830,0.2455122
918831,0.2451889
918832,0.2451889
918833,0.2451889
918834,0.24046893
918835,0.24046893
918836,0.2371835
918837,0.24437381
918838,0.28358763
918839,0.4050241
918840,0.30316198
918841,0.3328447
918842,0.38245705
918843,0.40245318
918844,0.40245318
918845,0.39838877
918846,0.39838877
918847,0.39838877
918848,0.39838877
918849,0.4061893
918850,0.4040556
918851,0.39242592
918852,0.38871297
918853,0.23994681
918854,0.12863508
918855,0.13868837
918856,0.07366527
918857,0.56193537
918858,0.59843993
918859,0.64716744
918860,0.6548762
918861,0.6548762
918862,0.6548762
918863,0.6548762
918864,0.6548762
918865,0.6548762
918866,0.6445001
918867,0.63193464
918868,0.6089048
918869,0.6089048
918870,0.6089048
918871,0.51156396
918872,0.13580602
918873,0.14534265
918874,0.13480558
918875,0.11674189
918876,0.10801915
918877,0.13113542
918878,0.026585888
918879,0.1689097
918880,0.16701876
918881,0.20757651
918882,0.20804341
918883,0.20494829
918884,0.2022035
918885,0.2022035
918886,0.1442835
918887,0.03246924
918888,0.14494288
918889,0.14835063
918890,0.16164844
918891,0.16602518
918892,0.16602518
918893,0.16602518
918894,0.1517421
918895,0.3112543
918896,0.14506827
918897,0.24052018
918898,0.033910185
918899,0.28774217
918900,0.2978146
918901,0.30545434
918902,0.30605635
918903,0.30605635
918904,0.30247265
918905,0.30247265
918906,0.30247265
918907,0.21507221
918908,0.15318784
918909,0.031622317
918910,0.05109626
918911,0.050706502
918912,0.0493285
918913,0.028209794
918914,0.16593292
918915,0.16306363
918916,0.15511748
918917,0.15447858
918918,0.15004452
918919,0.14789826
918920,0.1041035
918921,0.015097673
918922,0.048438147
918923,0.04862313
918924,0.04946384
918925,0.04951321
918926,0.04951321
918927,0.04505151
918928,0.054485124
918929,0.35424313
918930,0.3927094
918931,0.47479033
918932,0.51703113
918933,0.49573866
918934,0.49573866
918935,0.49573866
918936,0.49573866
918937,0.49573866
918938,0.5038489
918939,0.50163555
918940,0.49698508
918941,0.49308565
918942,0.4871334
918943,0.4871334
918944,0.37520546
918945,0.02980173
918946,0.059416097
918947,0.08735911
918948,0.17663361
918949,0.10978456
918950,0.031216634
918951,0.028051969
918952,0.026455566
918953,0.029163359
918954,0.29241824
918955,0.29451847
918956,0.2822029
918957,0.27852172
918958,0.29240215
918959,0.29060632
918960,0.25504917
918961,0.18369426
918962,0.01084069
918963,0.024095267
918964,0.02287993
918965,0.022028113
918966,0.023942683
918967,0.023942683
918968,0.023942683
918969,0.022776416
918970,0.050983876
918971,0.2937242
918972,0.28291664
918973,0.28500447
918974,0.29339293
918975,0.29339293
918976,0.29339293
918977,0.29339293
918978,0.21911831
918979,0.18008062
918980,0.10471321
918981,0.099641174
918982,0.08434785
918983,0.013601367
918984,0.025699133
918985,0.023616128
918986,0.017843457
918987,0.025163427
918988,0.024035538
918989,0.05632511
918990,0.27154422
918991,0.22819617
918992,0.018566722
918993,0.076823115
918994,0.07421119
918995,0.069632016
918996,0.07119144
918997,0.07119144
918998,0.057980027
918999,0.011777438
919000,0.026457012
919001,0.0249096
919002,0.024660686
919003,0.02593237
919004,0.026968623
919005,0.026968623
919006,0.02593237
919007,0.025422258
919008,0.19586667
919009,0.035780538
919010,0.10463545
919011,0.10463503
919012,0.019625004
919013,0.028817518
919014,0.027150193
919015,0.025583057
919016,0.12682398
919017,0.11980577
919018,0.12518863
919019,0.13674365
919020,0.12170266
919021,0.01092447
919022,0.023145158
919023,0.022468712
919024,0.021631867
919025,0.023942683
919026,0.02296747
919027,0.022776416
919028,0.030143008
919029,0.11916058
919030,0.12731674
919031,0.020132314
919032,0.030988744
919033,0.02784651
919034,0.028207324
919035,0.12218391
919036,0.29135916
919037,0.21026716
919038,0.16930711
919039,0.14276884
919040,0.010960611
919041,0.02427184
919042,0.023047805
919043,0.022189882
919044,0.02455881
919045,0.02455881
919046,0.02455881
919047,0.023363251
919048,0.18428363
919049,0.12918413
919050,0.12583902
919051,0.12713474
919052,0.1283717
919053,0.1283717
919054,0.1283717
919055,0.1283717
919056,0.10579414
919057,0.19454555
919058,0.13948472
919059,0.14116812
919060,0.14212157
919061,0.15368839
919062,0.14341056
919063,0.14341056
919064,0.14341056
919065,0.14341056
919066,0.14341056
919067,0.09647083
919068,0.014110726
919069,0.027017813
919070,0.024491204
919071,0.02358085
919072,0.026094304
919073,0.024925759
919074,0.1901581
919075,0.020767575
919076,0.13860929
919077,0.12748286
919078,0.11027528
919079,0.11243904
919080,0.094044015
919081,0.022791678
919082,0.11834046
919083,0.11449209
919084,0.11263908
919085,0.122148074
919086,0.113696136
919087,0.113696136
919088,0.113696136
919089,0.10424979
919090,0.022207813
919091,0.024539497
919092,0.10650409
919093,0.100981586
919094,0.100103036
919095,0.09871857
919096,0.1276613
919097,0.28225628
919098,0.14459817
919099,0.15858857
919100,0.13542353
919101,0.11088846
919102,0.046297166
919103,0.18395214
919104,0.01725157
919105,0.10865497
919106,0.105083995
919107,0.095478795
919108,0.09954591
919109,0.098168276
919110,0.15963142
919111,0.039647564
919112,0.30556276
919113,0.31467357
919114,0.31759074
919115,0.34401423
919116,0.3259099
919117,0.27408937
919118,0.33538043
919119,0.3259099
919120,0.3259099
919121,0.32388857
919122,0.31985438
919123,0.3043115
919124,0.18773536
919125,0.057652224
919126,0.2562371
919127,0.27270707
919128,0.27615047
919129,0.25526628
919130,0.2853146
919131,0.2853146
919132,0.29793313
919133,0.3001155
919134,0.29793313
919135,0.2323953
919136,0.035345078
919137,0.21271901
919138,0.19700417
919139,0.18777515
919140,0.18629798
919141,0.20484506
919142,0.0377383
919143,0.17438872
919144,0.17640702
919145,0.17695792
919146,0.19072959
919147,0.12657852
919148,0.17849712
919149,0.17849712
919150,0.17849712
919151,0.108788736
919152,0.12401102
919153,0.034883842
919154,0.11508507
919155,0.16508453
919156,0.16560715
919157,0.18902522
919158,0.18902522
919159,0.18902522
919160,0.13454589
919161,0.18902522
919162,0.11578479
919163,0.21535067
919164,0.111194946
919165,0.10606389
919166,0.100561626
919167,0.09968634
919168,0.098307
919169,0.098307
919170,0.12714605
919171,0.04577317
919172,0.17091465
919173,0.15698487
919174,0.10921004
919175,0.1815711
919176,0.48203364
919177,0.73511505
919178,0.8014447
919179,0.90263593
919180,0.90931875
919181,0.9392846
919182,0.9480436
919183,0.96230114
919184,0.9619446
919185,0.9606472
919186,0.9627514
919187,0.95892227
919188,0.9591995
919189,0.9525287
919190,0.9550127
919191,0.95240545
919192,0.9538322
919193,0.96419907
919194,0.968757
919195,0.96419907
919196,0.96419907
919197,0.9639528
919198,0.9639528
919199,0.9643529
919200,0.96559626
919201,0.9649967
919202,0.9677086
919203,0.96305025
919204,0.961674
919205,0.96092886
919206,0.960886
919207,0.9556395
919208,0.9556395
919209,0.95467293
919210,0.9554582
919211,0.95465153
919212,0.9485474
919213,0.90398496
919214,0.951002
919215,0.947492
919216,0.944859
919217,0.954324
919218,0.954324
919219,0.954324
919220,0.96135306
919221,0.96135306
919222,0.96135306
919223,0.96135306
919224,0.96322036
919225,0.96135306
919226,0.96322036
919227,0.96135306
919228,0.96135306
919229,0.96322036
919230,0.96135306
919231,0.96666706
919232,0.96135306
919233,0.96322036
919234,0.96054935
919235,0.96054935
919236,0.96322036
919237,0.96135306
919238,0.9623625
919239,0.96045333
919240,0.9658867
919241,0.96045333
919242,0.96045333
919243,0.96045333
919244,0.96045333
919245,0.96045333
919246,0.9608838
919247,0.96469814
919248,0.96045333
919249,0.9623625
919250,0.9623625
919251,0.95364636
919252,0.955869
919253,0.95364636
919254,0.95364636
919255,0.95364636
919256,0.95364636
919257,0.95364636
919258,0.95364636
919259,0.95364636
919260,0.95364636
919261,0.95364636
919262,0.95364636
919263,0.95859027
919264,0.95364636
919265,0.95364636
919266,0.95364636
919267,0.95364636
919268,0.95364636
919269,0.95364636
919270,0.95364636
919271,0.95859027
919272,0.95859027
919273,0.9478287
919274,0.9478287
919275,0.9478287
919276,0.9498601
919277,0.9478287
919278,0.9478287
919279,0.9478287
919280,0.9478287
919281,0.9478287
919282,0.9478287
919283,0.9484271
919284,0.9478287
919285,0.9482743
919286,0.9478287
919287,0.9478287
919288,0.9478287
919289,0.9478287
919290,0.9534765
919291,0.9478287
919292,0.9478287
919293,0.9478287
919294,0.9478287
919295,0.9517346
919296,0.95620865
919297,0.95620865
919298,0.9517346
919299,0.9478287
919300,0.95620865
919301,0.9478287
919302,0.9534765
919303,0.9478287
919304,0.9534765
919305,0.94905233
919306,0.9490652
919307,0.9478287
919308,0.9478287
919309,0.9478287
919310,0.9478287
919311,0.9484271
919312,0.94138837
919313,0.9399923
919314,0.9399923
919315,0.92986345
919316,0.17745471
919317,0.080692306
919318,0.067698956
919319,0.17698574
919320,0.16121626
919321,0.16853695
919322,0.16906829
919323,0.17130388
919324,0.17130388
919325,0.17130388
919326,0.17130388
919327,0.17130388
919328,0.15286545
919329,0.022999046
919330,0.08134679
919331,0.07179551
919332,0.058246095
919333,0.23664214
919334,0.13209237
919335,0.039673142
919336,0.1259657
919337,0.27883098
919338,0.3148629
919339,0.1961825
919340,0.021351464
919341,0.078059256
919342,0.07773861
919343,0.07801056
919344,0.07786715
919345,0.080663815
919346,0.080663815
919347,0.080663815
919348,0.086910695
919349,0.06254859
919350,0.039682366
919351,0.118318
919352,0.11370543
919353,0.20465913
919354,0.06508301
919355,0.30827087
919356,0.3067171
919357,0.28813076
919358,0.28165603
919359,0.2764288
919360,0.3054139
919361,0.026524927
919362,0.06850604
919363,0.06648454
919364,0.05065622
919365,0.051738065
919366,0.0136963045
919367,0.05660097
919368,0.056408364
919369,0.052721806
919370,0.051292125
919371,0.053261083
919372,0.05241596
919373,0.041644517
919374,0.1674817
919375,0.13368368
919376,0.013883623
919377,0.059296582
919378,0.056408364
919379,0.050909005
919380,0.051292125
919381,0.054252908
919382,0.041644517
919383,0.06829811
919384,0.45691687
919385,0.5079036
919386,0.54875666
919387,0.5701463
919388,0.6061201
919389,0.6061201
919390,0.6119108
919391,0.6119108
919392,0.6119108
919393,0.6123574
919394,0.61203927
919395,0.60655934
919396,0.60655934
919397,0.59392565
919398,0.5896683
919399,0.5896683
919400,0.575844
919401,0.5720586
919402,0.32543465
919403,0.015571282
919404,0.063122645
919405,0.061995573
919406,0.0602232
919407,0.06011035
919408,0.06529456
919409,0.062312365
919410,0.062312365
919411,0.05311602
919412,0.059277464
919413,0.31673238
919414,0.3373555
919415,0.34830117
919416,0.33928767
919417,0.353623
919418,0.353623
919419,0.3592013
919420,0.3592013
919421,0.3592013
919422,0.35267803
919423,0.34847012
919424,0.23125283
919425,0.018196596
919426,0.06022387
919427,0.054499283
919428,0.056595154
919429,0.05506654
919430,0.045210056
919431,0.027034424
919432,0.1104858
919433,0.10756505
919434,0.10658048
919435,0.10836278
919436,0.11154657
919437,0.11154657
919438,0.10063657
919439,0.093655966
919440,0.0128563205
919441,0.050053347
919442,0.055582494
919443,0.05194694
919444,0.05053715
919445,0.051645335
919446,0.10305473
919447,0.03221689
919448,0.111451946
919449,0.10531791
919450,0.10373723
919451,0.1027657
919452,0.111285836
919453,0.31647456
919454,0.15253028
919455,0.1542648
919456,0.14745449
919457,0.11593012
919458,0.09097331
919459,0.028953087
919460,0.14923432
919461,0.15691316
919462,0.15000664
919463,0.1180121
919464,0.11641201
919465,0.09144814
919466,0.028953087
919467,0.14923432
919468,0.15691316
919469,0.15000664
919470,0.1180121
919471,0.11641201
919472,0.09144814
919473,0.03247975
919474,0.19557063
919475,0.20505907
919476,0.19652744
919477,0.15975924
919478,0.15769427
919479,0.15769427
919480,0.11598258
919481,0.03090758
919482,0.18518716
919483,0.19429348
919484,0.18800355
919485,0.15252733
919486,0.16485853
919487,0.11673704
919488,0.030676823
919489,0.18518716
919490,0.19429348
919491,0.18800355
919492,0.15252733
919493,0.16485853
919494,0.15769427
919495,0.11598258
919496,0.25541896
919497,0.028083546
919498,0.19557063
919499,0.20505907
919500,0.19652744
919501,0.15975924
919502,0.15769427
919503,0.17692047
919504,0.14250675
919505,0.13885243
919506,0.13933212
919507,0.15196578
919508,0.1561292
919509,0.1561292
919510,0.1561292
919511,0.13759069
919512,0.29943374
919513,0.17954963
919514,0.1884429
919515,0.18044569
919516,0.15933347
919517,0.14679697
919518,0.14679697
919519,0.08034918
919520,0.12091025
919521,0.20824808
919522,0.081084706
919523,0.06753403
919524,0.023275664
919525,0.13468273
919526,0.14173761
919527,0.13686007
919528,0.12010005
919529,0.110911496
919530,0.110911496
919531,0.10056743
919532,0.022432305
919533,0.051570214
919534,0.12009899
919535,0.04777
919536,0.030685943
919537,0.1774857
919538,0.19421309
919539,0.19480643
919540,0.17223571
919541,0.16095343
919542,0.15707384
919543,0.15707384
919544,0.15707384
919545,0.093526416
919546,0.045638826
919547,0.035708398
919548,0.17226145
919549,0.17574951
919550,0.16993326
919551,0.14872861
919552,0.2127651
919553,0.22383496
919554,0.1022439
919555,0.091223754
919556,0.04160217
919557,0.017821075
919558,0.048910502
919559,0.04765199
919560,0.048476774
919561,0.04852521
919562,0.04312954
919563,0.14929636
919564,0.076297924
919565,0.06436527
919566,0.047489766
919567,0.017847935
919568,0.07798381
919569,0.080169514
919570,0.07589653
919571,0.07521797
919572,0.07414931
919573,0.07414931
919574,0.056157626
919575,0.046143964
919576,0.032522824
919577,0.12544055
919578,0.12865701
919579,0.13084927
919580,0.13135321
919581,0.13135321
919582,0.1297572
919583,0.1297572
919584,0.12994939
919585,0.12994939
919586,0.08006035
919587,0.060073033
919588,0.020779932
919589,0.049545646
919590,0.049633514
919591,0.029122079
919592,0.073423
919593,0.015929174
919594,0.05407408
919595,0.05427936
919596,0.055212196
919597,0.05526697
919598,0.05526697
919599,0.05526697
919600,0.06161285
919601,0.17335966
919602,0.11315573
919603,0.10935922
919604,0.09691505
919605,0.09884579
919606,0.0974768
919607,0.079538286
919608,0.08626838
919609,0.01917185
919610,0.14466475
919611,0.13462904
919612,0.11128638
919613,0.113467395
919614,0.089953676
919615,0.078339644
919616,0.023484282
919617,0.014417106
919618,0.026868638
919619,0.11341133
919620,0.116140075
919621,0.12698112
919622,0.12958747
919623,0.10946192
919624,0.08395309
919625,0.021608783
919626,0.028695606
919627,0.026868638
919628,0.11341133
919629,0.116140075
919630,0.12698112
919631,0.12958747
919632,0.10946192
919633,0.16916844
919634,0.07715245
919635,0.06509557
919636,0.06062966
919637,0.07626116
919638,0.01862177
919639,0.022594754
919640,0.019931527
919641,0.010923244
919642,0.019666638
919643,0.09114615
919644,0.00872131
919645,0.016223231
919646,0.015398684
919647,0.014821167
919648,0.01641664
919649,0.015462347
919650,0.01641664
919651,0.015852792
919652,0.011032576
919653,0.01877037
919654,0.01670363
919655,0.014746283
919656,0.017806292
919657,0.017265264
919658,0.01861002
919659,0.023645248
919660,0.020860847
919661,0.019689977
919662,0.019079003
919663,0.023147238
919664,0.020420248
919665,0.019249566
919666,0.030689891
919667,0.1243263
919668,0.13459127
919669,0.24094835
919670,0.020608338
919671,0.08917919
919672,0.09095093
919673,0.082106486
919674,0.029898558
919675,0.116733015
919676,0.119531065
919677,0.13064174
919678,0.11636908
919679,0.040865526
919680,0.11885853
919681,0.09466097
919682,0.02476682
919683,0.117277764
919684,0.053666648
919685,0.048386063
919686,0.04106355
919687,0.12340346
919688,0.110586405
919689,0.088307925
919690,0.017194636
919691,0.052217264
919692,0.052415885
919693,0.052609786
919694,0.052662123
919695,0.052662123
919696,0.052662123
919697,0.050008915
919698,0.12131991
919699,0.52212703
919700,0.53620434
919701,0.5785916
919702,0.59626055
919703,0.6129671
919704,0.58737624
919705,0.59589094
919706,0.6063451
919707,0.6013216
919708,0.60611206
919709,0.62235415
919710,0.5990078
919711,0.5990078
919712,0.5986882
919713,0.5973497
919714,0.5973497
919715,0.55678004
919716,0.59726995
919717,0.34729677
919718,0.019544601
919719,0.050839145
919720,0.050451223
919721,0.050638262
919722,0.050368164
919723,0.044543087
919724,0.051064618
919725,0.23214197
919726,0.24276833
919727,0.24916612
919728,0.26339784
919729,0.26339784
919730,0.26339784
919731,0.26339784
919732,0.26780653
919733,0.26780653
919734,0.26439866
919735,0.26268032
919736,0.18078665
919737,0.03160169
919738,0.1664673
919739,0.355282
919740,0.3705103
919741,0.38097933
919742,0.38097933
919743,0.38097933
919744,0.38097933
919745,0.18689391
919746,0.25760138
919747,0.25427827
919748,0.2526031
919749,0.17042609
919750,0.09707769
919751,0.44347635
919752,0.4898011
919753,0.55107766
919754,0.56256086
919755,0.56256086
919756,0.58287174
919757,0.56866443
919758,0.57419956
919759,0.57419956
919760,0.57465935
919761,0.5743318
919762,0.5718404
919763,0.5718404
919764,0.5718404
919765,0.5701506
919766,0.5701506
919767,0.56561714
919768,0.56561714
919769,0.3554757
919770,0.016697632
919771,0.058506645
919772,0.058727704
919773,0.049079243
919774,0.04928471
919775,0.04928471
919776,0.042252906
919777,0.026614718
919778,0.10229613
919779,0.10188692
919780,0.102233976
919781,0.10144027
919782,0.10144027
919783,0.10144027
919784,0.10144027
919785,0.1091052
919786,0.07838161
919787,0.020115362
919788,0.06025305
919789,0.059797842
919790,0.04998289
919791,0.050191946
919792,0.042427883
919793,0.026614718
919794,0.10229613
919795,0.10188692
919796,0.102233976
919797,0.11318894
919798,0.10144027
919799,0.10144027
919800,0.10144027
919801,0.1091052
919802,0.07838161
919803,0.04071281
919804,0.06336109
919805,0.030312035
919806,0.10132207
919807,0.09243339
919808,0.09275158
919809,0.0925838
919810,0.09375096
919811,0.09375096
919812,0.104712844
919813,0.10090011
919814,0.072929814
919815,0.30232954
919816,0.02364542
919817,0.09676498
919818,0.04069087
919819,0.027206719
919820,0.07830251
919821,0.0739531
919822,0.08049523
919823,0.07173208
919824,0.07265743
919825,0.07265743
919826,0.07265743
919827,0.062035315
919828,0.013965399
919829,0.039340235
919830,0.039491914
919831,0.040274303
919832,0.04068709
919833,0.041148297
919834,0.041148297
919835,0.039746583
919836,0.031023843
919837,0.117320456
919838,0.11685898
919839,0.117670745
919840,0.11746371
919841,0.118903436
919842,0.118903436
919843,0.118903436
919844,0.12770037
919845,0.12770037
919846,0.09757503
919847,0.013965399
919848,0.039340235
919849,0.039491914
919850,0.040274303
919851,0.04068709
919852,0.041148297
919853,0.041148297
919854,0.039746583
919855,0.2895038
919856,0.20724013
919857,0.21848036
919858,0.049750946
919859,0.2645375
919860,0.28538775
919861,0.3333657
919862,0.3477645
919863,0.3509046
919864,0.3509046
919865,0.3509046
919866,0.36966458
919867,0.36966458
919868,0.36751977
919869,0.36546418
919870,0.43510866
919871,0.36054882
919872,0.39320958
919873,0.23159981
919874,0.014168209
919875,0.039896637
919876,0.040050376
919877,0.040843353
919878,0.041261725
919879,0.041729163
919880,0.041729163
919881,0.040308494
919882,0.21950771
919883,0.022691686
919884,0.07962543
919885,0.0739531
919886,0.07186507
919887,0.07173208
919888,0.07992867
919889,0.07265743
919890,0.07265743
919891,0.07271233
919892,0.021992141
919893,0.10955141
919894,0.112412795
919895,0.3108992
919896,0.3484191
919897,0.35109195
919898,0.3420234
919899,0.3420234
919900,0.3487655
919901,0.40680733
919902,0.30681467
919903,0.27899027
919904,0.029983379
919905,0.086659506
919906,0.077014334
919907,0.07054723
919908,0.07498119
919909,0.054878555
919910,0.044730328
919911,0.27995068
919912,0.28968444
919913,0.3146371
919914,0.35237744
919915,0.34308383
919916,0.3459476
919917,0.3459476
919918,0.35272565
919919,0.34565607
919920,0.3105256
919921,0.21938471
919922,0.031899415
919923,0.09174355
919924,0.07972124
919925,0.072660595
919926,0.12932327
919927,0.019708231
919928,0.069108665
919929,0.16112797
919930,0.08166598
919931,0.07139893
919932,0.07218208
919933,0.07218208
919934,0.06298272
919935,0.03729795
919936,0.38902694
919937,0.4283607
919938,0.4445085
919939,0.4567543
919940,0.4596719
919941,0.5271944
919942,0.4903163
919943,0.45398748
919944,0.45398748
919945,0.46479365
919946,0.4625919
919947,0.45478916
919948,0.24984798
919949,0.19510533
919950,0.014591324
919951,0.03887979
919952,0.03902977
919953,0.03980338
919954,0.040211543
919955,0.04066759
919956,0.03709149
919957,0.0394293
919958,0.07802015
919959,0.2629018
919960,0.34725803
919961,0.17125554
919962,0.16666763
919963,0.026842153
919964,0.09890104
919965,0.16724713
919966,0.16777524
919967,0.13295332
919968,0.13295332
919969,0.13443485
919970,0.13295332
919971,0.13295332
919972,0.087931946
919973,0.3107877
919974,0.06600029
919975,0.17571174
919976,0.16623433
919977,0.16608573
919978,0.124509186
919979,0.09674514
919980,0.49643302
919981,0.5709221
919982,0.69202054
919983,0.65068495
919984,0.67568916
919985,0.747454
919986,0.79925346
919987,0.83625305
919988,0.83625305
919989,0.84917885
919990,0.84917885
919991,0.8498487
919992,0.8498487
919993,0.8498487
919994,0.850192
919995,0.850192
919996,0.8530789
919997,0.8530789
919998,0.8509371
919999,0.8504441
920000,0.8495371
920001,0.8495371
920002,0.8495371
920003,0.8483435
920004,0.8480703
920005,0.8480703
920006,0.8471729
920007,0.8441697
920008,0.8425875
920009,0.8425875
920010,0.8425875
920011,0.8425875
920012,0.8191407
920013,0.8191407
920014,0.7433836
920015,0.7433836
920016,0.715119
920017,0.715119
920018,0.715119
920019,0.6576732
920020,0.6576732
920021,0.66291964
920022,0.6576732
920023,0.46430233
920024,0.046939228
920025,0.1814759
920026,0.16811301
920027,0.12741949
920028,0.030051589
920029,0.16887523
920030,0.16469674
920031,0.16049062
920032,0.1602219
920033,0.1602219
920034,0.1602219
920035,0.1602219
920036,0.15718643
920037,0.20113784
920038,0.0347181
920039,0.17089157
920040,0.17279226
920041,0.16429552
920042,0.1436726
920043,0.13263136
920044,0.22028613
920045,0.50322354
920046,0.5514784
920047,0.6320022
920048,0.6838078
920049,0.6950663
920050,0.6950663
920051,0.6950663
920052,0.6953809
920053,0.6953809
920054,0.6953809
920055,0.6963027
920056,0.6960193
920057,0.6946302
920058,0.6913113
920059,0.6913113
920060,0.6898373
920061,0.6898373
920062,0.6775423
920063,0.6775423
920064,0.6723553
920065,0.6589479
920066,0.37419155
920067,0.101665944
920068,0.54750425
920069,0.66155565
920070,0.7202646
920071,0.7408209
920072,0.7262287
920073,0.72791404
920074,0.78182286
920075,0.74273217
920076,0.74273217
920077,0.74356353
920078,0.74356353
920079,0.74231136
920080,0.7393163
920081,0.7393163
920082,0.77615315
920083,0.7379846
920084,0.72780824
920085,0.73438525
920086,0.7254637
920087,0.7133028
920088,0.71184593
920089,0.71184593
920090,0.71184593
920091,0.43041784
920092,0.20711961
920093,0.2615154
920094,0.2780247
920095,0.28500193
920096,0.29573637
920097,0.29573637
920098,0.29573637
920099,0.29573637
920100,0.30679008
920101,0.3326634
920102,0.32880083
920103,0.32684988
920104,0.31507438
920105,0.21439685
920106,0.027608328
920107,0.28854546
920108,0.22221735
920109,0.2170767
920110,0.21755907
920111,0.21436071
920112,0.21436071
920113,0.21436071
920114,0.16005288
920115,0.23199368
920116,0.23155856
920117,0.27902672
920118,0.16824631
920119,0.16754508
920120,0.15640943
920121,0.18090072
920122,0.029594747
920123,0.104164824
920124,0.10082576
920125,0.10413138
920126,0.10394537
920127,0.10394537
920128,0.10394537
920129,0.10394537
920130,0.07218971
920131,0.04734802
920132,0.23391591
920133,0.15289077
920134,0.043378223
920135,0.15772422
920136,0.1446818
920137,0.13409387
920138,0.1279925
920139,0.19111863
920140,0.13710395
920141,0.1444356
920142,0.038551785
920143,0.17438842
920144,0.32211965
920145,0.32969818
920146,0.3372439
920147,0.3372439
920148,0.3372439
920149,0.3372439
920150,0.2269567
920151,0.2269567
920152,0.22390969
920153,0.15190084
920154,0.101624005
920155,0.094446436
920156,0.096956275
920157,0.09764508
920158,0.2617081
920159,0.2617081
920160,0.2617081
920161,0.2617081
920162,0.27469024
920163,0.27469024
920164,0.091490544
920165,0.034675833
920166,0.13139588
920167,0.12475151
920168,0.1144873
920169,0.11510214
920170,0.046136554
920171,0.18377088
920172,0.18695572
920173,0.2541349
920174,0.18256117
920175,0.21582273
920176,0.2036398
920177,0.2036398
920178,0.20644791
920179,0.22484314
920180,0.22181638
920181,0.16181533
920182,0.0137260575
920183,0.044836957
920184,0.045008842
920185,0.04580567
920186,0.046292216
920187,0.046292216
920188,0.041725043
920189,0.19454342
920190,0.15315498
920191,0.14156324
920192,0.13362911
920193,0.1325084
920194,0.16530402
920195,0.025652906
920196,0.09236329
920197,0.08989774
920198,0.082792796
920199,0.08205806
920200,0.080900714
920201,0.080900714
920202,0.087393254
920203,0.02300038
920204,0.047883514
920205,0.06848853
920206,0.11769847
920207,0.22788417
920208,0.21420951
920209,0.19815618
920210,0.19463918
920211,0.14985697
920212,0.11489285
920213,0.13500425
920214,0.05638393
920215,0.284915
920216,0.29086062
920217,0.30519247
920218,0.29407778
920219,0.29407778
920220,0.29407778
920221,0.28877676
920222,0.295341
920223,0.28877676
920224,0.20587938
920225,0.032513116
920226,0.112551555
920227,0.10983932
920228,0.082792796
920229,0.09034481
920230,0.08707222
920231,0.08707222
920232,0.06616901
920233,0.06843508
920234,0.24609931
920235,0.027042031
920236,0.095377766
920237,0.093035996
920238,0.08854683
920239,0.08776591
920240,0.08707222
920241,0.06616901
920242,0.027042031
920243,0.095377766
920244,0.091405824
920245,0.082792796
920246,0.08205806
920247,0.08236587
920248,0.06616901
920249,0.3437399
920250,0.17534164
920251,0.16112113
920252,0.13813463
920253,0.025355682
920254,0.09236329
920255,0.08801516
920256,0.082792796
920257,0.08205806
920258,0.080900714
920259,0.080900714
920260,0.061379466
920261,0.026228616
920262,0.11321785
920263,0.11277045
920264,0.11314992
920265,0.11996152
920266,0.112949826
920267,0.112949826
920268,0.120025456
920269,0.061546076
920270,0.081695385
920271,0.023262257
920272,0.09090434
920273,0.086618334
920274,0.08147144
920275,0.080747396
920276,0.07960694
920277,0.07960694
920278,0.06037737
920279,0.02842926
920280,0.10851253
920281,0.102672
920282,0.09986055
920283,0.10977052
920284,0.09968131
920285,0.10596764
920286,0.09968131
920287,0.079741135
920288,0.14909871
920289,0.029398037
920290,0.13484082
920291,0.12505455
920292,0.13314173
920293,0.1252507
920294,0.1252507
920295,0.1252507
920296,0.13753265
920297,0.13111855
920298,0.054172017
920299,0.017159313
920300,0.05593418
920301,0.053990938
920302,0.05127807
920303,0.051117998
920304,0.05037309
920305,0.05037309
920306,0.034663726
920307,0.057943303
920308,0.15861431
920309,0.083838195
920310,0.051176038
920311,0.0510004
920312,0.018721482
920313,0.058689497
920314,0.05705019
920315,0.056498725
920316,0.056735024
920317,0.056735024
920318,0.056735024
920319,0.056735024
920320,0.042419285
920321,0.2717519
920322,0.16672683
920323,0.11972936
920324,0.2108165
920325,0.017746337
920326,0.056149274
920327,0.056753963
920328,0.057604417
920329,0.058082297
920330,0.058082297
920331,0.058082297
920332,0.058082297
920333,0.06274663
920334,0.018586334
920335,0.062882714
920336,0.060713597
920337,0.057683527
920338,0.057504673
920339,0.056672253
920340,0.08279148
920341,0.042296857
920342,0.15306614
920343,0.14034475
920344,0.13073295
920345,0.1599378
920346,0.046529237
920347,0.47933194
920348,0.53766614
920349,0.5804453
920350,0.58803844
920351,0.58803844
920352,0.58803844
920353,0.58803844
920354,0.58803844
920355,0.58803844
920356,0.5824404
920357,0.57793856
920358,0.5726703
920359,0.56701446
920360,0.56701446
920361,0.43880692
920362,0.017746337
920363,0.056149274
920364,0.056753963
920365,0.057604417
920366,0.058082297
920367,0.058082297
920368,0.058082297
920369,0.058082297
920370,0.06274663
920371,0.01611405
920372,0.0483957
920373,0.04858053
920374,0.04943732
920375,0.049173295
920376,0.049173295
920377,0.049173295
920378,0.0466872
920379,0.01594047
920380,0.047930494
920381,0.048113637
920382,0.04896262
920383,0.048701003
920384,0.048701003
920385,0.09175323
920386,0.26390582
920387,0.11527987
920388,0.08577393
920389,0.12878613
920390,0.056932464
920391,0.049624443
920392,0.22108139
920393,0.13546413
920394,0.13114169
920395,0.12220146
920396,0.11903762
920397,0.11773133
920398,0.11261809
920399,0.19476499
920400,0.1402312
920401,0.14393014
920402,0.016395072
920403,0.045008533
920404,0.0476852
920405,0.04025383
920406,0.040342126
920407,0.041852217
920408,0.041852217
920409,0.03752984
920410,0.1332557
920411,0.091399826
920412,0.083329506
920413,0.07439817
920414,0.072425626
920415,0.09973144
920416,0.041324597
920417,0.14033125
920418,0.1408118
920419,0.11496704
920420,0.017311115
920421,0.051224876
920422,0.0476852
920423,0.04025383
920424,0.040342126
920425,0.041852217
920426,0.041852217
920427,0.035195608
920428,0.16734253
920429,0.15632947
920430,0.14779186
920431,0.13789669
920432,0.13279027
920433,0.10170477
920434,0.043397818
920435,0.23119466
920436,0.2514365
920437,0.25798494
920438,0.21226244
920439,0.21764447
920440,0.21764447
920441,0.21764447
920442,0.21764447
920443,0.21764447
920444,0.20769705
920445,0.22857769
920446,0.01888057
920447,0.06495678
920448,0.03524102
920449,0.05983008
920450,0.06042065
920451,0.062633276
920452,0.062633276
920453,0.062633276
920454,0.05472979
920455,0.051784333
920456,0.20938373
920457,0.21422537
920458,0.21715075
920459,0.21685408
920460,0.21735519
920461,0.21735519
920462,0.21301982
920463,0.21301982
920464,0.21301982
920465,0.15445068
920466,0.020996043
920467,0.05584408
920468,0.055862274
920469,0.047219757
920470,0.04732258
920471,0.04194267
920472,0.035385232
920473,0.13708965
920474,0.1327233
920475,0.12369058
920476,0.11903762
920477,0.11773133
920478,0.11773133
920479,0.12902878
920480,0.01441395
920481,0.045008533
920482,0.0476852
920483,0.04025383
920484,0.040342126
920485,0.041852217
920486,0.041852217
920487,0.035195608
920488,0.01441395
920489,0.051224876
920490,0.0476852
920491,0.04025383
920492,0.049211893
920493,0.041852217
920494,0.041852217
920495,0.035584487
920496,0.02051289
920497,0.06363718
920498,0.054621555
920499,0.046161607
920500,0.04626224
920501,0.040997684
920502,0.01844518
920503,0.063527666
920504,0.058699615
920505,0.058506697
920506,0.05908503
920507,0.06125193
920508,0.06125193
920509,0.06125193
920510,0.07349513
920511,0.014613816
920512,0.051908255
920513,0.048323754
920514,0.04024359
920515,0.040331863
920516,0.04184159
920517,0.04184159
920518,0.035575386
920519,0.014944334
920520,0.051908255
920521,0.048323754
920522,0.04024359
920523,0.040331863
920524,0.04184159
920525,0.035575386
920526,0.27050108
920527,0.018875174
920528,0.06581064
920529,0.060820356
920530,0.060620915
920531,0.06121879
920532,0.06261617
920533,0.06261617
920534,0.06261617
920535,0.054714717
920536,0.020990055
920537,0.06592382
920538,0.056603823
920539,0.047207832
920540,0.047310628
920541,0.099352755
920542,0.36023048
920543,0.15585344
920544,0.1563775
920545,0.12539959
920546,0.3011113
920547,0.18523602
920548,0.1691125
920549,0.14796434
920550,0.134444
920551,0.03143354
920552,0.18003577
920553,0.18894757
920554,0.1799379
920555,0.12780386
920556,0.14822617
920557,0.14661843
920558,0.14661843
920559,0.10586329
920560,0.03150798
920561,0.18962027
920562,0.19411711
920563,0.20014277
920564,0.19982348
920565,0.19982348
920566,0.19982348
920567,0.19982348
920568,0.19982348
920569,0.14553855
920570,0.03143354
920571,0.18003577
920572,0.1826701
920573,0.18425882
920574,0.14822617
920575,0.14661843
920576,0.14661843
920577,0.14661843
920578,0.10708307
920579,0.03150798
920580,0.18962027
920581,0.19411711
920582,0.20014277
920583,0.19982348
920584,0.19982348
920585,0.19982348
920586,0.19982348
920587,0.19982348
920588,0.14553855
920589,0.04804029
920590,0.1934388
920591,0.18515436
920592,0.03002897
920593,0.16789187
920594,0.1637329
920595,0.15954675
920596,0.15927932
920597,0.15927932
920598,0.15927932
920599,0.15927932
920600,0.1292591
920601,0.048652675
920602,0.19356826
920603,0.1941898
920604,0.17013279
920605,0.026384227
920606,0.14977865
920607,0.14507608
920608,0.12633617
920609,0.12874153
920610,0.12701681
920611,0.10804871
920612,0.061233345
920613,0.3446565
920614,0.37674984
920615,0.38940227
920616,0.33273244
920617,0.33273244
920618,0.33273244
920619,0.33273244
920620,0.33273244
920621,0.33273244
920622,0.33189484
920623,0.32780927
920624,0.3108771
920625,0.3108771
920626,0.20357344
920627,0.025807321
920628,0.14977865
920629,0.14507608
920630,0.1288619
920631,0.12874153
920632,0.12701681
920633,0.12701681
920634,0.10804871
920635,0.046552725
920636,0.17173013
920637,0.16962941
920638,0.029135862
920639,0.16683677
920640,0.17106083
920641,0.17637011
920642,0.1760804
920643,0.1760804
920644,0.1760804
920645,0.1760804
920646,0.1760804
920647,0.13264579
920648,0.02580319
920649,0.13301003
920650,0.13699155
920651,0.121552385
920652,0.12143792
920653,0.11979766
920654,0.11979766
920655,0.10252787
920656,0.045332447
920657,0.15723312
920658,0.17217062
920659,0.25459903
920660,0.12041967
920661,0.22621161
920662,0.0892471
920663,0.09792671
920664,0.08233721
920665,0.08160615
920666,0.06367066
920667,0.026935391
920668,0.14628279
920669,0.15383723
920670,0.14985871
920671,0.1316443
920672,0.12262707
920673,0.12262707
920674,0.12262707
920675,0.079567574
920676,0.028879851
920677,0.12095354
920678,0.11543078
920679,0.09735545
920680,0.09650507
920681,0.09516509
920682,0.07527743
920683,0.040385496
920684,0.16801745
920685,0.16731696
920686,0.14713456
920687,0.17423922
920688,0.050590694
920689,0.17163306
920690,0.18394712
920691,0.17211385
920692,0.17182966
920693,0.17182966
920694,0.17182966
920695,0.17182966
920696,0.1794321
920697,0.1794321
920698,0.13187507
920699,0.08982532
920700,0.39585704
920701,0.42036512
920702,0.4814224
920703,0.49443898
920704,0.49443898
920705,0.49443898
920706,0.49443898
920707,0.507567
920708,0.507567
920709,0.5093968
920710,0.5090619
920711,0.50514126
920712,0.50168663
920713,0.50168663
920714,0.49996203
920715,0.49996203
920716,0.31713805
920717,0.3625116
920718,0.34679067
920719,0.30310836
920720,0.3148137
920721,0.313341
920722,0.20325437
920723,0.029852586
920724,0.12394447
920725,0.11830348
920726,0.09982907
920727,0.097878635
920728,0.097589076
920729,0.097589076
920730,0.08136362
920731,0.041480847
920732,0.31824297
920733,0.26133236
920734,0.28788397
920735,0.27210325
920736,0.30369526
920737,0.2869782
920738,0.31750637
920739,0.30169377
920740,0.3049637
920741,0.28931728
920742,0.28931728
920743,0.28931728
920744,0.30824465
920745,0.17700338
920746,0.029670825
920747,0.12394447
920748,0.11830348
920749,0.1004061
920750,0.098959446
920751,0.097589076
920752,0.08136362
920753,0.14270127
920754,0.032292854
920755,0.13593146
920756,0.14016795
920757,0.13796414
920758,0.13772696
920759,0.13772696
920760,0.13772696
920761,0.13772696
920762,0.109691545
920763,0.03498615
920764,0.14460036
920765,0.14016795
920766,0.13796414
920767,0.13772696
920768,0.12518209
920769,0.12518209
920770,0.13093832
920771,0.09940595
920772,0.039376948
920773,0.13735165
920774,0.12826161
920775,0.10842342
920776,0.105431445
920777,0.08438675
920778,0.025065191
920779,0.104127355
920780,0.09713785
920781,0.083500125
920782,0.08275967
920783,0.08159331
920784,0.08159331
920785,0.06434022
920786,0.028499758
920787,0.13136981
920788,0.13086125
920789,0.13129258
920790,0.13106513
920791,0.13106513
920792,0.13106513
920793,0.13106513
920794,0.13716267
920795,0.09486842
920796,0.028825399
920797,0.15084286
920798,0.15027194
920799,0.15127604
920800,0.15101999
920801,0.15101999
920802,0.15101999
920803,0.15101999
920804,0.15787722
920805,0.15787722
920806,0.11523083
920807,0.17283276
920808,0.05920524
920809,0.0521948
920810,0.04602375
920811,0.04587929
920812,0.03221172
920813,0.031938393
920814,0.18015386
920815,0.1794955
920816,0.18463239
920817,0.18853514
920818,0.18853514
920819,0.18853514
920820,0.18853514
920821,0.19670112
920822,0.19670112
920823,0.19610533
920824,0.13028474
920825,0.015776385
920826,0.056669656
920827,0.05247912
920828,0.051969405
920829,0.052187808
920830,0.052187808
920831,0.052187808
920832,0.052187808
920833,0.057004847
920834,0.03414506
920835,0.13665551
920836,0.10971127
920837,0.10249418
920838,0.10003588
920839,0.0780001
920840,0.025323266
920841,0.10395183
920842,0.11019423
920843,0.08630921
920844,0.092037745
920845,0.09075357
920846,0.07325701
920847,0.0364182
920848,0.14676663
920849,0.14478487
920850,0.14668187
920851,0.14643227
920852,0.15810615
920853,0.14643227
920854,0.14500682
920855,0.15311876
920856,0.10737658
920857,0.16501896
920858,0.1367021
920859,0.12420082
920860,0.11406723
920861,0.11308916
920862,0.08822702
920863,0.03972238
920864,0.13089988
920865,0.120549835
920866,0.099614106
920867,0.071659654
920868,0.05800795
920869,0.12399919
920870,0.22894153
920871,0.19412783
920872,0.15714929
920873,0.16617157
920874,0.1345605
920875,0.11744261
920876,0.015396409
920877,0.07986784
920878,0.061397877
920879,0.060946506
920880,0.058933422
920881,0.05845302
920882,0.07108208
920883,0.04526258
920884,0.21684712
920885,0.12927806
920886,0.123487025
920887,0.081832305
920888,0.23926929
920889,0.26422256
920890,0.14727914
920891,0.14441386
920892,0.13543954
920893,0.09052859
920894,0.0155736
920895,0.06228154
920896,0.059257098
920897,0.05916762
920898,0.05826142
920899,0.07108208
920900,0.057418715
920901,0.04526258
920902,0.121156745
920903,0.09423684
920904,0.028093543
920905,0.07474514
920906,0.05847924
920907,0.054665178
920908,0.053185757
920909,0.0543487
920910,0.04916474
920911,0.02022095
920912,0.07166059
920913,0.0645305
920914,0.0626905
920915,0.062573336
920916,0.070353515
920917,0.06357339
920918,0.06485935
920919,0.05572661
920920,0.21220908
920921,0.17460291
920922,0.16927615
920923,0.1553163
920924,0.14967681
920925,0.1480908
920926,0.14366783
920927,0.021296687
920928,0.07522895
920929,0.06526605
920930,0.07649724
920931,0.06143541
920932,0.11519542
920933,0.28785777
920934,0.3628368
920935,0.39991936
920936,0.44190136
920937,0.47312167
920938,0.42855433
920939,0.28255004
920940,0.42285305
920941,0.29284734
920942,0.42285305
920943,0.42285305
920944,0.42154437
920945,0.44099432
920946,0.39991248
920947,0.39991248
920948,0.39991248
920949,0.39270762
920950,0.39270762
920951,0.26031205
920952,0.10193253
920953,0.4688458
920954,0.5524437
920955,0.68722475
920956,0.66337276
920957,0.6869309
920958,0.7349722
920959,0.737766
920960,0.737766
920961,0.737766
920962,0.7290309
920963,0.80535376
920964,0.80146426
920965,0.80146426
920966,0.80146426
920967,0.7427658
920968,0.7427658
920969,0.7109242
920970,0.68777627
920971,0.66243494
920972,0.64928156
920973,0.64766
920974,0.66931033
920975,0.66931033
920976,0.6621307
920977,0.6406173
920978,0.37830544
920979,0.0347518
920980,0.17142907
920981,0.172324
920982,0.16659823
920983,0.13449217
920984,0.14448985
920985,0.22319345
920986,0.11439273
920987,0.109227896
920988,0.10358053
920989,0.13400675
920990,0.10575731
920991,0.10397841
920992,0.07587761
920993,0.31143323
920994,0.23623446
920995,0.24150729
920996,0.24855028
920997,0.24817774
920998,0.24817774
920999,0.24817774
921000,0.24817774
921001,0.24817774
921002,0.16395833
921003,0.020104783
921004,0.14371385
921005,0.109227896
921006,0.10465339
921007,0.10658248
921008,0.10390594
921009,0.13300087
921010,0.07587761
921011,0.027432766
921012,0.1681496
921013,0.16298085
921014,0.15503797
921015,0.15489753
921016,0.15288395
921017,0.15288395
921018,0.1516139
921019,0.25829202
921020,0.22287674
921021,0.21646349
921022,0.20148362
921023,0.19929767
921024,0.19684134
921025,0.14812563
921026,0.23705065
921027,0.17673305
921028,0.13507089
921029,0.16848008
921030,0.13364218
921031,0.0991952
921032,0.094365746
921033,0.07108972
921034,0.24253263
921035,0.22817163
921036,0.1882856
921037,0.04908798
921038,0.23175403
921039,0.14700878
921040,0.12209107
921041,0.11147758
921042,0.054705422
921043,0.052802477
921044,0.05014616
921045,0.05040147
921046,0.049666457
921047,0.034761038
921048,0.28249136
921049,0.25703228
921050,0.23575209
921051,0.23003341
921052,0.23996753
921053,0.1858033
921054,0.07528303
921055,0.17370243
921056,0.10309513
921057,0.08864309
921058,0.031761937
921059,0.12209107
921060,0.023519892
921061,0.11139343
921062,0.11429678
921063,0.116277054
921064,0.11673242
921065,0.11673242
921066,0.11529041
921067,0.11529041
921068,0.115464024
921069,0.115464024
921070,0.07375052
921071,0.08182582
921072,0.5773965
921073,0.61463857
921074,0.66466576
921075,0.6836502
921076,0.6836502
921077,0.6836502
921078,0.6836502
921079,0.6836502
921080,0.6836502
921081,0.67868197
921082,0.6672458
921083,0.66147786
921084,0.66147786
921085,0.6940414
921086,0.65752023
921087,0.69531935
921088,0.36792552
921089,0.022917703
921090,0.11413398
921091,0.11040522
921092,0.10384322
921093,0.1092875
921094,0.1092875
921095,0.16056117
921096,0.021854453
921097,0.027249902
921098,0.028828623
921099,0.016279416
921100,0.048168734
921101,0.114410736
921102,0.04862738
921103,0.04914235
921104,0.043681208
921105,0.015677057
921106,0.07208027
921107,0.07404435
921108,0.07510438
921109,0.075412266
921110,0.075412266
921111,0.075412266
921112,0.075412266
921113,0.07868774
921114,0.07677289
921115,0.081055224
921116,0.5731269
921117,0.608082
921118,0.64125687
921119,0.66089034
921120,0.66089034
921121,0.66089034
921122,0.66089034
921123,0.66089034
921124,0.66089034
921125,0.65323544
921126,0.63964206
921127,0.6317017
921128,0.6317017
921129,0.6317017
921130,0.3734544
921131,0.013767529
921132,0.021111352
921133,0.018619336
921134,0.017923236
921135,0.019966254
921136,0.019360887
921137,0.019505305
921138,0.04895344
921139,0.048579168
921140,0.04533684
921141,0.196939
921142,0.029496875
921143,0.03185825
921144,0.025415892
921145,0.059109922
921146,0.00910163
921147,0.016097693
921148,0.015279435
921149,0.014706321
921150,0.015994927
921151,0.015994927
921152,0.015994927
921153,0.015445335
921154,0.43442318
921155,0.43525365
921156,0.4423956
921157,0.44433096
921158,0.4438383
921159,0.3390188
921160,0.4438383
921161,0.4438383
921162,0.33855185
921163,0.4438383
921164,0.3889505
921165,0.14846037
921166,0.009171633
921167,0.016097693
921168,0.015279435
921169,0.014706321
921170,0.015994927
921171,0.016007172
921172,0.02231127
921173,0.032636847
921174,0.39272398
921175,0.38913852
921176,0.3846253
921177,0.38232848
921178,0.37868324
921179,0.2806451
921180,0.3517711
921181,0.52882546
921182,0.5165803
921183,0.60266584
921184,0.65380967
921185,0.66761285
921186,0.66761285
921187,0.66761285
921188,0.66761285
921189,0.67199624
921190,0.66761285
921191,0.66495204
921192,0.6574554
921193,0.65324384
921194,0.649702
921195,0.6523341
921196,0.6481304
921197,0.70455015
921198,0.63991386
921199,0.63991386
921200,0.36227855
921201,0.02470565
921202,0.06643012
921203,0.056170166
921204,0.07324386
921205,0.065487325
921206,0.41829506
921207,0.39912826
921208,0.38946852
921209,0.28866893
921210,0.07011209
921211,0.5160536
921212,0.6021607
921213,0.6558799
921214,0.67219996
921215,0.67219996
921216,0.67219996
921217,0.6725271
921218,0.6725271
921219,0.6725271
921220,0.6734856
921221,0.666084
921222,0.6646241
921223,0.6611381
921224,0.6611381
921225,0.65959096
921226,0.65959096
921227,0.65149814
921228,0.65149814
921229,0.646111
921230,0.6322171
921231,0.36006194
921232,0.03342946
921233,0.01722627
921234,0.016351605
921235,0.015738927
921236,0.017116416
921237,0.017116416
921238,0.017116416
921239,0.016528951
921240,0.0705568
921241,0.5057855
921242,0.556602
921243,0.60039675
921244,0.6099104
921245,0.6099104
921246,0.6146156
921247,0.6099104
921248,0.63552815
921249,0.6099104
921250,0.60705966
921251,0.5990487
921252,0.59456193
921253,0.5907961
921254,0.5907961
921255,0.5891274
921256,0.5891274
921257,0.34456924
921258,0.086449854
921259,0.046694774
921260,0.04687343
921261,0.047047853
921262,0.047546934
921263,0.047546934
921264,0.042861536
921265,0.009275376
921266,0.01722627
921267,0.007513052
921268,0.007229111
921269,0.007852549
921270,0.007852549
921271,0.016528951
921272,0.091970146
921273,0.5119808
921274,0.63265985
921275,0.6905834
921276,0.7166477
921277,0.7206551
921278,0.7166477
921279,0.71694916
921280,0.71694916
921281,0.7209539
921282,0.71783215
921283,0.7136531
921284,0.7099314
921285,0.79091066
921286,0.80822283
921287,0.74657375
921288,0.70527667
921289,0.6943911
921290,0.6943911
921291,0.6893508
921292,0.67630404
921293,0.6439971
921294,0.40431887
921295,0.01721485
921296,0.0487307
921297,0.048358046
921298,0.048537716
921299,0.04905179
921300,0.04360025
921301,0.0105882725
921302,0.020034008
921303,0.01885499
921304,0.018665418
921305,0.020056037
921306,0.020056037
921307,0.020056037
921308,0.020056037
921309,0.022333847
921310,0.033814322
921311,0.2272235
921312,0.18691935
921313,0.035319123
921314,0.020455934
921315,0.034575414
921316,0.20268084
921317,0.022682568
921318,0.10004601
921319,0.016622944
921320,0.08437605
921321,0.078902364
921322,0.07608782
921323,0.075407684
921324,0.07433654
921325,0.07433654
921326,0.10459567
921327,0.21892749
921328,0.25498435
921329,0.23624228
921330,0.21814427
921331,0.19321002
921332,0.24196838
921333,0.3889242
921334,0.18277113
921335,0.10024245
921336,0.15552145
921337,0.12014075
921338,0.18073076
921339,0.14302754
921340,0.050733935
921341,0.16957755
921342,0.52691627
921343,0.5777094
921344,0.6970843
921345,0.7423021
921346,0.74164265
921347,0.77831835
921348,0.7807915
921349,0.7807915
921350,0.7807915
921351,0.71928376
921352,0.7730487
921353,0.6963311
921354,0.6947482
921355,0.77298033
921356,0.77176744
921357,0.77176744
921358,0.7559074
921359,0.75303984
921360,0.74117124
921361,0.7384048
921362,0.7370285
921363,0.73486084
921364,0.73486084
921365,0.7285271
921366,0.70938593
921367,0.70655173
921368,0.37901053
921369,0.2658548
921370,0.12007758
921371,0.10650591
921372,0.09905513
921373,0.08141089
921374,0.20504497
921375,0.04801531
921376,0.14302754
921377,0.13115358
921378,0.091100164
921379,0.02917715
921380,0.11644823
921381,0.10411008
921382,0.098698
921383,0.09783716
921384,0.06994935
921385,0.030200507
921386,0.23763989
921387,0.24656555
921388,0.253365
921389,0.25390184
921390,0.25390184
921391,0.25390184
921392,0.3423683
921393,0.3423683
921394,0.3423683
921395,0.32094172
921396,0.041616112
921397,0.14484102
921398,0.14533791
921399,0.14352101
921400,0.14365003
921401,0.14365003
921402,0.14365003
921403,0.124248296
921404,0.17070675
921405,0.17092912
921406,0.1569983
921407,0.18379396
921408,0.024426084
921409,0.105992496
921410,0.088929445
921411,0.095151275
921412,0.08944717
921413,0.093644
921414,0.093644
921415,0.07092387
921416,0.0712547
921417,0.39035416
921418,0.42415184
921419,0.440316
921420,0.46108297
921421,0.46108297
921422,0.46108297
921423,0.46108297
921424,0.46108297
921425,0.46108297
921426,0.45879385
921427,0.4565963
921428,0.4438517
921429,0.3526448
921430,0.041366495
921431,0.12952903
921432,0.11502877
921433,0.107053205
921434,0.0891605
921435,0.20923842
921436,0.5986041
921437,0.65549433
921438,0.7453247
921439,0.7682604
921440,0.7811034
921441,0.81615263
921442,0.83339256
921443,0.8578801
921444,0.8578801
921445,0.8616746
921446,0.8616746
921447,0.8622979
921448,0.8622979
921449,0.8622979
921450,0.86342776
921451,0.86342776
921452,0.8659423
921453,0.87179196
921454,0.87179196
921455,0.87179196
921456,0.87099487
921457,0.87099487
921458,0.87229043
921459,0.87125
921460,0.8692287
921461,0.8692287
921462,0.8692287
921463,0.8692287
921464,0.86693496
921465,0.86693496
921466,0.86693496
921467,0.86693496
921468,0.8562639
921469,0.8562639
921470,0.84599644
921471,0.84599644
921472,0.84139514
921473,0.84139514
921474,0.84139514
921475,0.83016855
921476,0.83016855
921477,0.83016855
921478,0.83016855
921479,0.8457423
921480,0.8457423
921481,0.8457423
921482,0.8457423
921483,0.84231925
921484,0.84231925
921485,0.84231925
921486,0.84231925
921487,0.84231925
921488,0.84231925
921489,0.76805496
921490,0.76805496
921491,0.76805496
921492,0.76805496
921493,0.76805496
921494,0.76805496
921495,0.54499304
921496,0.30360985
921497,0.16476591
921498,0.1489519
921499,0.1768668
921500,0.033749644
921501,0.113667585
921502,0.10302523
921503,0.022763653
921504,0.051522512
921505,0.07506168
921506,0.24161929
921507,0.033483937
921508,0.109061144
921509,0.10552482
921510,0.098145984
921511,0.09882379
921512,0.14468808
921513,0.24354358
921514,0.14991298
921515,0.32311586
921516,0.15133959
921517,0.15910654
921518,0.15212093
921519,0.12059552
921520,0.11896519
921521,0.11896519
921522,0.09443553
921523,0.056391936
921524,0.28746793
921525,0.31077248
921526,0.3190164
921527,0.27310118
921528,0.27310118
921529,0.27310118
921530,0.27310118
921531,0.27310118
921532,0.2816784
921533,0.27127558
921534,0.2695289
921535,0.20871219
921536,0.04116544
921537,0.22256206
921538,0.2258791
921539,0.1522359
921540,0.44381422
921541,0.5083468
921542,0.55175686
921543,0.5649435
921544,0.54804844
921545,0.5702296
921546,0.5305783
921547,0.5305783
921548,0.5702296
921549,0.5405196
921550,0.67302716
921551,0.5768376
921552,0.50395304
921553,0.5610904
921554,0.3169959
921555,0.22079913
921556,0.33474138
921557,0.19279006
921558,0.19207114
921559,0.18395485
921560,0.1464808
921561,0.11044815
921562,0.32067272
921563,0.25008312
921564,0.20383984
921565,0.046137784
921566,0.19622351
921567,0.175412
921568,0.03850405
921569,0.24849424
921570,0.23882768
921571,0.23062964
921572,0.18222876
921573,0.047765307
921574,0.20489314
921575,0.13760328
921576,0.2607665
921577,0.027429242
921578,0.237736
921579,0.2364163
921580,0.22827621
921581,0.22808732
921582,0.22537604
921583,0.25295666
921584,0.096027724
921585,0.2406782
921586,0.13615674
921587,0.019074868
921588,0.11975858
921589,0.11428314
921590,0.106196985
921591,0.10932734
921592,0.10783058
921593,0.07999918
921594,0.031175593
921595,0.13801819
921596,0.12465045
921597,0.110589966
921598,0.097761214
921599,0.32561842
921600,0.328297
921601,0.25317362
921602,0.3566869
921603,0.36327964
921604,0.36327964
921605,0.36327964
921606,0.35249174
921607,0.36327964
921608,0.36327964
921609,0.35365695
921610,0.23830853
921611,0.02657096
921612,0.16188683
921613,0.16353793
921614,0.16344714
921615,0.16643111
921616,0.16591504
921617,0.16643111
921618,0.16643111
921619,0.16643111
921620,0.111255184
921621,0.12128831
921622,0.59830475
921623,0.68248403
921624,0.75461656
921625,0.77264154
921626,0.78258294
921627,0.79805255
921628,0.8027347
921629,0.80422896
921630,0.80422896
921631,0.807378
921632,0.807378
921633,0.80390775
921634,0.8014371
921635,0.8014371
921636,0.7992392
921637,0.7992392
921638,0.7984192
921639,0.7956088
921640,0.7936828
921641,0.7921408
921642,0.79096717
921643,0.79096717
921644,0.79096717
921645,0.7855827
921646,0.78522503
921647,0.78522503
921648,0.7921392
921649,0.7823193
921650,0.7857477
921651,0.7857477
921652,0.7857477
921653,0.7857477
921654,0.76402813
921655,0.76402813
921656,0.5413759
921657,0.02490743
921658,0.13099684
921659,0.12411459
921660,0.12285003
921661,0.12263515
921662,0.12263515
921663,0.12263515
921664,0.12263515
921665,0.0905879
921666,0.074883334
921667,0.52474654
921668,0.61047447
921669,0.660042
921670,0.7015765
921671,0.67626214
921672,0.6805861
921673,0.6765871
921674,0.6765871
921675,0.6765871
921676,0.67753947
921677,0.6772466
921678,0.67581177
921679,0.6723848
921680,0.6723848
921681,0.6708634
921682,0.6708634
921683,0.6643648
921684,0.6604804
921685,0.65515864
921686,0.64142275
921687,0.37146452
921688,0.09805543
921689,0.037920363
921690,0.28202915
921691,0.2811261
921692,0.3155592
921693,0.32758233
921694,0.33134004
921695,0.33893925
921696,0.33893925
921697,0.33893925
921698,0.29795238
921699,0.2903349
921700,0.18914379
921701,0.04563092
921702,0.44667974
921703,0.5089103
921704,0.67211497
921705,0.5591048
921706,0.5591048
921707,0.5591048
921708,0.5591048
921709,0.5591048
921710,0.5591048
921711,0.55341214
921712,0.551223
921713,0.4431735
921714,0.54064727
921715,0.54064727
921716,0.31863466
921717,0.041311465
921718,0.040708575
921719,0.13095714
921720,0.037824277
921721,0.1881961
921722,0.17451194
921723,0.16488457
921724,0.17526594
921725,0.029343765
921726,0.13136625
921727,0.13668978
921728,0.14912538
921729,0.1356579
921730,0.029070292
921731,0.1410105
921732,0.14434141
921733,0.15734625
921734,0.1604613
921735,0.1604613
921736,0.13012236
921737,0.23609626
921738,0.12919609
921739,0.05962633
921740,0.16548692
921741,0.10903458
921742,0.087041415
921743,0.08346083
921744,0.078359224
921745,0.080097266
921746,0.06407661
921747,0.052230787
921748,0.16696887
921749,0.15881677
921750,0.026071858
921751,0.09118872
921752,0.08745388
921753,0.08213006
921754,0.08394412
921755,0.06721026
921756,0.16416928
921757,0.026071858
921758,0.09118872
921759,0.08745388
921760,0.08213006
921761,0.08394412
921762,0.06721026
921763,0.32396007
921764,0.15016034
921765,0.1368043
921766,0.12963423
921767,0.10610052
921768,0.2853223
921769,0.04455293
921770,0.12147885
921771,0.034811657
921772,0.14325361
921773,0.11528473
921774,0.03360879
921775,0.17142135
921776,0.16617212
921777,0.15893498
921778,0.17050189
921779,0.15725106
921780,0.15725106
921781,0.10866489
921782,0.15445335
921783,0.043541268
921784,0.19148773
921785,0.17499202
921786,0.16744787
921787,0.13433826
921788,0.10920144
921789,0.23564348
921790,0.13460612
921791,0.12997353
921792,0.31803083
921793,0.03543442
921794,0.16337427
921795,0.15832435
921796,0.15297775
921797,0.16419578
921798,0.15221708
921799,0.10499249
921800,0.03991134
921801,0.1641399
921802,0.15706891
921803,0.15124871
921804,0.13546936
921805,0.1410243
921806,0.033297863
921807,0.15178677
921808,0.14703207
921809,0.1420025
921810,0.1616846
921811,0.16050948
921812,0.16050948
921813,0.10906534
921814,0.19112244
921815,0.033297863
921816,0.15178677
921817,0.14703207
921818,0.1420025
921819,0.1616846
921820,0.16050948
921821,0.16050948
921822,0.10906534
921823,0.2936635
921824,0.29344535
921825,0.31348065
921826,0.33359087
921827,0.34958512
921828,0.34958512
921829,0.34958512
921830,0.34958512
921831,0.34958512
921832,0.34958512
921833,0.34173214
921834,0.3397433
921835,0.28219333
921836,0.19527213
921837,0.08445392
921838,0.14831036
921839,0.05375706
921840,0.0510107
921841,0.2533095
921842,0.2560705
921843,0.26269728
921844,0.3053212
921845,0.3053212
921846,0.3053212
921847,0.30511144
921848,0.30511144
921849,0.30511144
921850,0.30316105
921851,0.30129394
921852,0.1880249
921853,0.015904026
921854,0.052528962
921855,0.0527287
921856,0.0529237
921857,0.052642085
921858,0.052642085
921859,0.04507794
921860,0.058928754
921861,0.1116209
921862,0.2427093
921863,0.10822489
921864,0.10837457
921865,0.10768843
921866,0.118553415
921867,0.10530089
921868,0.077633314
921869,0.015698964
921870,0.045015473
921871,0.045188006
921872,0.046082623
921873,0.045835648
921874,0.045835648
921875,0.04094364
921876,0.019645516
921877,0.08944623
921878,0.1010387
921879,0.088518396
921880,0.087820746
921881,0.088312514
921882,0.088312514
921883,0.087820746
921884,0.06793097
921885,0.015698964
921886,0.045015473
921887,0.045188006
921888,0.046082623
921889,0.045835648
921890,0.045835648
921891,0.04094364
921892,0.17785342
921893,0.021515243
921894,0.08882473
921895,0.08462763
921896,0.08840378
921897,0.08688843
921898,0.07782026
921899,0.060585063
921900,0.018530125
921901,0.044223737
921902,0.043883953
921903,0.044841643
921904,0.044564277
921905,0.03970408
921906,0.03844408
921907,0.13649754
921908,0.13485533
921909,0.12505934
921910,0.07660732
921911,0.031117313
921912,0.10328181
921913,0.105526395
921914,0.1233914
921915,0.03202892
921916,0.27867827
921917,0.28949192
921918,0.3023063
921919,0.311517
921920,0.31214964
921921,0.15371333
921922,0.15371333
921923,0.15371333
921924,0.15371333
921925,0.15251833
921926,0.11963717
921927,0.12620848
921928,0.36584565
921929,0.45468217
921930,0.61001146
921931,0.58311385
921932,0.61177295
921933,0.6657356
921934,0.66893053
921935,0.66893053
921936,0.66893053
921937,0.65896225
921938,0.65896225
921939,0.6540766
921940,0.6540766
921941,0.64253527
921942,0.64094925
921943,0.64094925
921944,0.61098486
921945,0.61098486
921946,0.5935491
921947,0.5990931
921948,0.59738344
921949,0.61573285
921950,0.61573285
921951,0.6080711
921952,0.58527154
921953,0.5825269
921954,0.5808363
921955,0.28911796
921956,0.024115304
921957,0.047249928
921958,0.046888035
921959,0.050743125
921960,0.049076695
921961,0.17450699
921962,0.193751
921963,0.2029801
921964,0.17520773
921965,0.1769126
921966,0.1769126
921967,0.1769126
921968,0.1769126
921969,0.1769126
921970,0.17557469
921971,0.17429681
921972,0.19510293
921973,0.30465943
921974,0.09110646
921975,0.11722574
921976,0.11639337
921977,0.11535457
921978,0.11329857
921979,0.09505484
921980,0.05015579
921981,0.22257066
921982,0.23190711
921983,0.23800722
921984,0.24211408
921985,0.24265549
921986,0.24265549
921987,0.24265549
921988,0.24265549
921989,0.24265549
921990,0.20390937
921991,0.198097
921992,0.2762013
921993,0.146145
921994,0.14575976
921995,0.13819546
921996,0.08379652
921997,0.02491337
921998,0.12557092
921999,0.13222143
922000,0.12762266
922001,0.09772473
922002,0.0969607
922003,0.072672546
922004,0.09169681
922005,0.3372103
922006,0.273595
922007,0.26329404
922008,0.25453705
922009,0.2583012
922010,0.18056262
922011,0.2764529
922012,0.14835957
922013,0.14071283
922014,0.13705923
922015,0.13678296
922016,0.13678296
922017,0.1615688
922018,0.13678296
922019,0.20356461
922020,0.050308336
922021,0.2298314
922022,0.25896496
922023,0.23971465
922024,0.24504028
922025,0.24825354
922026,0.24792781
922027,0.2576015
922028,0.2576015
922029,0.2527226
922030,0.2527226
922031,0.2527226
922032,0.19017562
922033,0.05170785
922034,0.19871396
922035,0.19519965
922036,0.20398657
922037,0.20370315
922038,0.20370315
922039,0.20370315
922040,0.19151403
922041,0.19957067
922042,0.14531198
922043,0.20632651
922044,0.04727025
922045,0.17308855
922046,0.16779856
922047,0.15551801
922048,0.15373474
922049,0.15260687
922050,0.15270753
922051,0.115358755
922052,0.03325761
922053,0.23110819
922054,0.22380842
922055,0.2181014
922056,0.21791855
922057,0.21858826
922058,0.07508467
922059,0.1972184
922060,0.18281949
922061,0.16666728
922062,0.14045607
922063,0.072242334
922064,0.2908383
922065,0.30639616
922066,0.32057098
922067,0.33507013
922068,0.33507013
922069,0.34844422
922070,0.34844422
922071,0.33507013
922072,0.34844422
922073,0.32845208
922074,0.32650217
922075,0.21884513
922076,0.36841267
922077,0.19843079
922078,0.08860914
922079,0.23788859
922080,0.11035565
922081,0.09914296
922082,0.018010806
922083,0.048374172
922084,0.04800411
922085,0.049613636
922086,0.04966315
922087,0.043913715
922088,0.32108468
922089,0.36458394
922090,0.4440081
922091,0.4877708
922092,0.47854704
922093,0.45830923
922094,0.45830923
922095,0.4618841
922096,0.4618841
922097,0.4618841
922098,0.4508001
922099,0.4504684
922100,0.44821694
922101,0.44821694
922102,0.44821694
922103,0.4536202
922104,0.44227007
922105,0.41096285
922106,0.4193535
922107,0.38630748
922108,0.2476062
922109,0.032749597
922110,0.10834859
922111,0.14315079
922112,0.45087403
922113,0.37057188
922114,0.37736174
922115,0.37825194
922116,0.37778273
922117,0.37778273
922118,0.37778273
922119,0.37778273
922120,0.37778273
922121,0.32772008
922122,0.024201246
922123,0.050329506
922124,0.04994526
922125,0.04711233
922126,0.13579665
922127,0.4244715
922128,0.53472066
922129,0.6750929
922130,0.67930585
922131,0.67855495
922132,0.7208153
922133,0.72370225
922134,0.72370225
922135,0.72370225
922136,0.7129977
922137,0.7129977
922138,0.71226114
922139,0.71226114
922140,0.67076814
922141,0.6832411
922142,0.6832411
922143,0.65490586
922144,0.65490586
922145,0.6382733
922146,0.6274921
922147,0.62582797
922148,0.65832037
922149,0.65832037
922150,0.6510265
922151,0.6161968
922152,0.35285932
922153,0.10169111
922154,0.44517088
922155,0.4988223
922156,0.51303375
922157,0.51532125
922158,0.51532125
922159,0.51532125
922160,0.51532125
922161,0.51532125
922162,0.51532125
922163,0.5140116
922164,0.51367694
922165,0.50901777
922166,0.50901777
922167,0.50901777
922168,0.50729364
922169,0.50729364
922170,0.3416612
922171,0.48946348
922172,0.52933025
922173,0.64010215
922174,0.7502395
922175,0.77171236
922176,0.7782199
922177,0.7857993
922178,0.7882117
922179,0.7882117
922180,0.7882117
922181,0.7901217
922182,0.7901217
922183,0.78782773
922184,0.7852086
922185,0.7852086
922186,0.7829449
922187,0.7829449
922188,0.77398
922189,0.7663098
922190,0.7641895
922191,0.75316036
922192,0.74327886
922193,0.74327886
922194,0.74327886
922195,0.73707426
922196,0.7366628
922197,0.52205914
922198,0.032507394
922199,0.052024726
922200,0.06255919
922201,0.39746734
922202,0.44158295
922203,0.44606352
922204,0.44832733
922205,0.44832733
922206,0.44832733
922207,0.44832733
922208,0.44832733
922209,0.44832733
922210,0.44428957
922211,0.44210473
922212,0.43294182
922213,0.43294182
922214,0.3068116
922215,0.03333721
922216,0.053325295
922217,0.06255919
922218,0.39746734
922219,0.44158295
922220,0.44606352
922221,0.44832733
922222,0.44832733
922223,0.44832733
922224,0.44832733
922225,0.44832733
922226,0.44832733
922227,0.44428957
922228,0.44210473
922229,0.43294182
922230,0.43294182
922231,0.3068116
922232,0.040296525
922233,0.06946795
922234,0.40314132
922235,0.38095772
922236,0.32939962
922237,0.4180745
922238,0.17914325
922239,0.16221732
922240,0.15233362
922241,0.11595426
922242,0.04351984
922243,0.17914325
922244,0.16221732
922245,0.15233362
922246,0.14618248
922247,0.24150065
922248,0.1231331
922249,0.11195028
922250,0.10617893
922251,0.10526046
922252,0.07874978
922253,0.03407073
922254,0.11595747
922255,0.09406864
922256,0.034394518
922257,0.18608826
922258,0.18541309
922259,0.18660043
922260,0.18629773
922261,0.18629773
922262,0.18629773
922263,0.18629773
922264,0.18629773
922265,0.31236959
922266,0.19669689
922267,0.38323846
922268,0.38773182
922269,0.39904967
922270,0.39811656
922271,0.3982903
922272,0.3982903
922273,0.3982903
922274,0.3982903
922275,0.3982903
922276,0.3982903
922277,0.39438105
922278,0.330218
922279,0.11664361
922280,0.511469
922281,0.57771856
922282,0.58757174
922283,0.59730214
922284,0.59730214
922285,0.6032628
922286,0.6032628
922287,0.6032628
922288,0.6032628
922289,0.60200727
922290,0.6016862
922291,0.598532
922292,0.598532
922293,0.598532
922294,0.59687334
922295,0.59687334
922296,0.5915202
922297,0.39196283
922298,0.32689995
922299,0.16340928
922300,0.15835851
922301,0.15428446
922302,0.16664879
922303,0.15566367
922304,0.15566367
922305,0.15566367
922306,0.1038238
922307,0.06629592
922308,0.40415847
922309,0.34011197
922310,0.34248146
922311,0.35426003
922312,0.35426003
922313,0.35426003
922314,0.35426003
922315,0.35426003
922316,0.35426003
922317,0.3521547
922318,0.43148017
922319,0.36297113
922320,0.28690428
922321,0.30003902
922322,0.31439677
922323,0.34521702
922324,0.36023986
922325,0.36023986
922326,0.36023986
922327,0.36023986
922328,0.36023986
922329,0.36023986
922330,0.35338888
922331,0.3513684
922332,0.33972466
922333,0.33972466
922334,0.22597013
922335,0.05364229
922336,0.18900433
922337,0.17134118
922338,0.16100843
922339,0.08501356
922340,0.07917335
922341,0.4038047
922342,0.08835322
922343,0.05957798
922344,0.053648036
922345,0.212618
922346,0.21751383
922347,0.22653058
922348,0.22622477
922349,0.22622477
922350,0.22622477
922351,0.22176263
922352,0.22176263
922353,0.22176263
922354,0.21466085
922355,0.03704671
922356,0.15867893
922357,0.15374748
922358,0.058296073
922359,0.05529938
922360,0.0537051
922361,0.067223206
922362,0.076728664
922363,0.42220658
922364,0.3040724
922365,0.52410793
922366,0.5665616
922367,0.69000864
922368,0.7525758
922369,0.76704824
922370,0.77716357
922371,0.7900061
922372,0.79482675
922373,0.8055678
922374,0.8055678
922375,0.8141629
922376,0.8164536
922377,0.81542516
922378,0.8136749
922379,0.8136749
922380,0.8116393
922381,0.8116393
922382,0.8098463
922383,0.8098463
922384,0.809925
922385,0.8071259
922386,0.8060162
922387,0.8060162
922388,0.8060162
922389,0.8042545
922390,0.79926825
922391,0.79926825
922392,0.7981512
922393,0.79386306
922394,0.78862333
922395,0.78862333
922396,0.78862333
922397,0.78862333
922398,0.76776683
922399,0.5732224
922400,0.019507706
922401,0.07217471
922402,0.0652228
922403,0.061536945
922404,0.16385901
922405,0.11878516
922406,0.24527967
922407,0.26768824
922408,0.30989718
922409,0.3241439
922410,0.3241439
922411,0.3296098
922412,0.3296098
922413,0.3545047
922414,0.3296098
922415,0.3230472
922416,0.32111406
922417,0.31643167
922418,0.3130109
922419,0.31643167
922420,0.31643167
922421,0.2034926
922422,0.22690615
922423,0.073848546
922424,0.26238763
922425,0.34603795
922426,0.43742794
922427,0.47558495
922428,0.47558495
922429,0.48863003
922430,0.49222657
922431,0.49222657
922432,0.5225196
922433,0.49677664
922434,0.49677664
922435,0.49513763
922436,0.49513763
922437,0.49513763
922438,0.52164954
922439,0.4934132
922440,0.4871851
922441,0.47460547
922442,0.47473305
922443,0.4575962
922444,0.4839716
922445,0.45583126
922446,0.45583126
922447,0.3119887
922448,0.028487608
922449,0.13229921
922450,0.1317876
922451,0.12442925
922452,0.13331133
922453,0.13122901
922454,0.12348691
922455,0.13122901
922456,0.13799118
922457,0.1041023
922458,0.31456333
922459,0.016478172
922460,0.08190412
922461,0.061202496
922462,0.06075247
922463,0.05495158
922464,0.054501753
922465,0.05285345
922466,0.24487075
922467,0.16311912
922468,0.16212551
922469,0.16417962
922470,0.16194193
922471,0.1598541
922472,0.1926286
922473,0.01654135
922474,0.06553565
922475,0.059068102
922476,0.056513585
922477,0.05807541
922478,0.05723523
922479,0.072912104
922480,0.04511608
922481,0.14262581
922482,0.03871549
922483,0.09697302
922484,0.09465271
922485,0.0967677
922486,0.09779981
922487,0.08411135
922488,0.03959308
922489,0.43543237
922490,0.31848544
922491,0.3114809
922492,0.32855338
922493,0.33706263
922494,0.33706263
922495,0.39728457
922496,0.35548788
922497,0.41504306
922498,0.35337922
922499,0.40867156
922500,0.35245636
922501,0.4117163
922502,0.3760651
922503,0.2948494
922504,0.016833814
922505,0.046497118
922506,0.22251327
922507,0.047714762
922508,0.049218334
922509,0.049771227
922510,0.09243352
922511,0.09243352
922512,0.09286118
922513,0.04453069
922514,0.099309176
922515,0.09237497
922516,0.09370618
922517,0.095314614
922518,0.09633286
922519,0.09633286
922520,0.09633286
922521,0.13048536
922522,0.02452347
922523,0.082186386
922524,0.07635346
922525,0.07677386
922526,0.08283024
922527,0.063843206
922528,0.062013566
922529,0.5232533
922530,0.5969927
922531,0.6351143
922532,0.6513584
922533,0.65840083
922534,0.6540225
922535,0.65840083
922536,0.6540225
922537,0.6540225
922538,0.654448
922539,0.6878638
922540,0.70693886
922541,0.6518119
922542,0.6518119
922543,0.67386323
922544,0.68416023
922545,0.6420502
922546,0.48374894
922547,0.30555716
922548,0.014486878
922549,0.042150956
922550,0.042313
922551,0.24876003
922552,0.1029859
922553,0.10407668
922554,0.10407668
922555,0.09458274
922556,0.11188264
922557,0.2637906
922558,0.18440157
922559,0.1601298
922560,0.16201545
922561,0.16840759
922562,0.16709882
922563,0.13809945
922564,0.13809945
922565,0.13809945
922566,0.13809945
922567,0.13809945
922568,0.13774884
922569,0.11111961
922570,0.01315512
922571,0.08396303
922572,0.088531286
922573,0.088194594
922574,0.08434853
922575,0.07130658
922576,0.054576404
922577,0.023175972
922578,0.10277466
922579,0.10443123
922580,0.102061026
922581,0.08644994
922582,0.027501002
922583,0.10882616
922584,0.3026804
922585,0.17843544
922586,0.13061552
922587,0.12501018
922588,0.55971164
922589,0.59475183
922590,0.6597091
922591,0.76113504
922592,0.786879
922593,0.79567534
922594,0.8069845
922595,0.8092162
922596,0.8092162
922597,0.8092162
922598,0.8100734
922599,0.8100734
922600,0.80901754
922601,0.80901754
922602,0.80901754
922603,0.80805945
922604,0.80805945
922605,0.8042575
922606,0.8042575
922607,0.79355633
922608,0.7886053
922609,0.78741705
922610,0.78741705
922611,0.78741705
922612,0.79482037
922613,0.79447407
922614,0.8003124
922615,0.7991997
922616,0.8097953
922617,0.8097953
922618,0.7948246
922619,0.81110466
922620,0.5505996
922621,0.022010697
922622,0.12814702
922623,0.13073944
922624,0.12985267
922625,0.13333826
922626,0.08419156
922627,0.22790885
922628,0.1132192
922629,0.13948023
922630,0.10241459
922631,0.13612902
922632,0.098125055
922633,0.075365886
922634,0.062162414
922635,0.3208748
922636,0.28419915
922637,0.24146678
922638,0.01856928
922639,0.10931232
922640,0.11508642
922641,0.115286864
922642,0.11379987
922643,0.10042103
922644,0.10042103
922645,0.10042103
922646,0.07161004
922647,0.08709142
922648,0.5327558
922649,0.5909957
922650,0.6652016
922651,0.6950296
922652,0.78148913
922653,0.7945576
922654,0.80649376
922655,0.76794523
922656,0.76794523
922657,0.77394396
922658,0.85540247
922659,0.7745266
922660,0.82517976
922661,0.769818
922662,0.81925726
922663,0.76737183
922664,0.76645964
922665,0.76645964
922666,0.77791226
922667,0.77477276
922668,0.75708944
922669,0.75708944
922670,0.750949
922671,0.74486613
922672,0.80536914
922673,0.80536914
922674,0.7556494
922675,0.7462893
922676,0.74931026
922677,0.73112017
922678,0.7367158
922679,0.73112017
922680,0.5247019
922681,0.218656
922682,0.027192332
922683,0.11608723
922684,0.1806331
922685,0.12714341
922686,0.1169047
922687,0.11970612
922688,0.13083068
922689,0.119050585
922690,0.31506655
922691,0.24650325
922692,0.19682589
922693,0.029104937
922694,0.11600027
922695,0.12996483
922696,0.03805881
922697,0.24650325
922698,0.23329882
922699,0.11263232
922700,0.033357754
922701,0.29933506
922702,0.13738912
922703,0.092279285
922704,0.027891988
922705,0.10237647
922706,0.10828663
922707,0.087208435
922708,0.049952652
922709,0.049571138
922710,0.046265826
922711,0.34552327
922712,0.022206808
922713,0.049952652
922714,0.049571138
922715,0.049846943
922716,0.054305147
922717,0.32694536
922718,0.30912048
922719,0.31109768
922720,0.30140123
922721,0.30037406
922722,0.29320443
922723,0.29320443
922724,0.26711512
922725,0.085443065
922726,0.08596753
922727,0.028685706
922728,0.02722815
922729,0.11106979
922730,0.113749415
922731,0.12439869
922732,0.12807527
922733,0.1081554
922734,0.010354119
922735,0.018319149
922736,0.018298527
922737,0.017794568
922738,0.019472742
922739,0.019472742
922740,0.019472742
922741,0.019472742
922742,0.019616203
922743,0.101940125
922744,0.05164368
922745,0.018900163
922746,0.022117862
922747,0.020466236
922748,0.01929297
922749,0.02200712
922750,0.018435493
922751,0.10452029
922752,0.09252213
922753,0.072203845
922754,0.027283613
922755,0.104123294
922756,0.09673035
922757,0.091662645
922758,0.090856984
922759,0.06838745
922760,0.027283613
922761,0.094880946
922762,0.08811212
922763,0.08441422
922764,0.0836664
922765,0.06456937
922766,0.23618896
922767,0.2064765
922768,0.19909815
922769,0.17855592
922770,0.15586697
922771,0.023200225
922772,0.094032116
922773,0.09444191
922774,0.09208331
922775,0.08869386
922776,0.08745184
922777,0.11470036
922778,0.0637836
922779,0.28900418
922780,0.02665926
922781,0.109541714
922782,0.10040051
922783,0.09971187
922784,0.12487088
922785,0.069498606
922786,0.2410124
922787,0.2637707
922788,0.022482404
922789,0.09991046
922790,0.095244326
922791,0.09024669
922792,0.08945225
922793,0.08820064
922794,0.066704
922795,0.039384812
922796,0.31368172
922797,0.22475158
922798,0.10750524
922799,0.0768564
922800,0.07628591
922801,0.054668322
922802,0.024314592
922803,0.087891884
922804,0.083734825
922805,0.08020448
922806,0.07949071
922807,0.07885678
922808,0.07885678
922809,0.059488874
922810,0.24849288
922811,0.13611351
922812,0.1311349
922813,0.08735953
922814,0.017742813
922815,0.0712868
922816,0.07155248
922817,0.05912019
922818,0.0591786
922819,0.0591786
922820,0.050377663
922821,0.10392365
922822,0.12113341
922823,0.020442462
922824,0.0739838
922825,0.073432945
922826,0.060695294
922827,0.060755156
922828,0.05100752
922829,0.02032733
922830,0.071248546
922831,0.07071649
922832,0.058420323
922833,0.05811126
922834,0.048765793
922835,0.16035764
922836,0.08826197
922837,0.084089026
922838,0.080545045
922839,0.07933905
922840,0.07870622
922841,0.06451867
922842,0.24708009
922843,0.3104408
922844,0.22850135
922845,0.018639483
922846,0.071255736
922847,0.04993213
922848,0.050117332
922849,0.049849868
922850,0.049849868
922851,0.049849868
922852,0.047331266
922853,0.029710766
922854,0.10108063
922855,0.09110423
922856,0.087292776
922857,0.08599519
922858,0.06472005
922859,0.036331076
922860,0.2765083
922861,0.2666468
922862,0.25781727
922863,0.20825034
922864,0.03700723
922865,0.05277545
922866,0.014258732
922867,0.06634555
922868,0.06313704
922869,0.060417853
922870,0.059493713
922871,0.059009034
922872,0.046532836
922873,0.0155568905
922874,0.045855455
922875,0.046031054
922876,0.046202492
922877,0.045954905
922878,0.045954905
922879,0.041050717
922880,0.01672981
922881,0.08276077
922882,0.07818474
922883,0.06904714
922884,0.075287305
922885,0.075379975
922886,0.075379975
922887,0.075379975
922888,0.059130885
922889,0.24213919
922890,0.25571534
922891,0.2574783
922892,0.24659798
922893,0.24652568
922894,0.2407386
922895,0.2407386
922896,0.2463925
922897,0.014116354
922898,0.041557927
922899,0.04171779
922900,0.041956145
922901,0.041695848
922902,0.04551234
922903,0.041813802
922904,0.03989504
922905,0.2456832
922906,0.0896964
922907,0.08668792
922908,0.081659146
922909,0.080394424
922910,0.076867096
922911,0.0771999
922912,0.062880255
922913,0.018942164
922914,0.077649735
922915,0.073484205
922916,0.079294674
922917,0.07204812
922918,0.07465271
922919,0.07465271
922920,0.07465271
922921,0.0590685
922922,0.014249185
922923,0.04026387
922924,0.040418964
922925,0.040650208
922926,0.040397674
922927,0.04051211
922928,0.03649442
922929,0.34832898
922930,0.03595048
922931,0.19745089
922932,0.20303157
922933,0.21060856
922934,0.21493873
922935,0.20938447
922936,0.054789282
922937,0.054789282
922938,0.20904896
922939,0.20904896
922940,0.20617828
922941,0.20316969
922942,0.16419962
922943,0.02028779
922944,0.09328271
922945,0.09271955
922946,0.09315093
922947,0.0929825
922948,0.096265376
922949,0.096265376
922950,0.09933404
922951,0.096265376
922952,0.06948057
922953,0.01573861
922954,0.05146699
922955,0.052024033
922956,0.052807584
922957,0.053247914
922958,0.053396728
922959,0.053396728
922960,0.053396728
922961,0.056400385
922962,0.01761598
922963,0.08751779
922964,0.0845756
922965,0.08084937
922966,0.077360794
922967,0.07442078
922968,0.0607673
922969,0.015307461
922970,0.070624545
922971,0.067223996
922972,0.063735366
922973,0.061190397
922974,0.06251681
922975,0.049778692
922976,0.01573861
922977,0.05146699
922978,0.052024033
922979,0.052807584
922980,0.053247914
922981,0.053396728
922982,0.053396728
922983,0.053396728
922984,0.056400385
922985,0.06368212
922986,0.028496852
922987,0.09320812
922988,0.09119662
922989,0.09315093
922990,0.0929825
922991,0.096265376
922992,0.13257681
922993,0.096265376
922994,0.09933404
922995,0.06948057
922996,0.013935089
922997,0.04295168
922998,0.043116663
922999,0.043362644
923000,0.042528104
923001,0.04264831
923002,0.05144669
923003,0.0149690285
923004,0.070624545
923005,0.067223996
923006,0.062877685
923007,0.061190397
923008,0.06377285
923009,0.06251681
923010,0.050548498
923011,0.025435032
923012,0.14529224
923013,0.14473876
923014,0.1490617
923015,0.15362677
923016,0.15746285
923017,0.15838104
923018,0.16256192
923019,0.16256192
923020,0.16256192
923021,0.1602003
923022,0.12095979
923023,0.014181909
923024,0.067083105
923025,0.063841365
923026,0.060404524
923027,0.05877943
923028,0.060440168
923029,0.11672984
923030,0.09656865
923031,0.04603941
923032,0.047339264
923033,0.022912059
923034,0.047115993
923035,0.046755075
923036,0.0718731
923037,0.23984765
923038,0.29024464
923039,0.13357
923040,0.12929899
923041,0.12724079
923042,0.12572053
923043,0.12179744
923044,0.12179744
923045,0.12179744
923046,0.08915014
923047,0.023939842
923048,0.13357
923049,0.12929899
923050,0.13163605
923051,0.1300711
923052,0.12603183
923053,0.12603183
923054,0.12603183
923055,0.09209787
923056,0.03720803
923057,0.22919416
923058,0.23166876
923059,0.23786594
923060,0.2402706
923061,0.23372862
923062,0.23372862
923063,0.22632506
923064,0.22632506
923065,0.22632506
923066,0.22328408
923067,0.15900837
923068,0.020747598
923069,0.11211559
923070,0.10844472
923071,0.10457329
923072,0.10337735
923073,0.10128041
923074,0.10128041
923075,0.076206245
923076,0.03158082
923077,0.11893809
923078,0.11063305
923079,0.1706547
923080,0.25677422
923081,0.27099067
923082,0.26617914
923083,0.18502136
923084,0.018206213
923085,0.09322249
923086,0.08737457
923087,0.085112356
923088,0.08719244
923089,0.08368969
923090,0.06354199
923091,0.027366523
923092,0.1168661
923093,0.096718244
923094,0.1352781
923095,0.29850808
923096,0.2903405
923097,0.28017694
923098,0.20396565
923099,0.044091407
923100,0.28577024
923101,0.08318511
923102,0.05217658
923103,0.05177901
923104,0.04024146
923105,0.03944992
923106,0.23313709
923107,0.11453909
923108,0.10237985
923109,0.09704798
923110,0.09077285
923111,0.07251449
923112,0.023103045
923113,0.044690527
923114,0.25116512
923115,0.115753606
923116,0.03267094
923117,0.14985944
923118,0.5864804
923119,0.5371291
923120,0.5676543
923121,0.5806792
923122,0.57842004
923123,0.57842004
923124,0.57842004
923125,0.59469527
923126,0.57842004
923127,0.57842004
923128,0.57443064
923129,0.56573796
923130,0.55729634
923131,0.55729634
923132,0.55729634
923133,0.4114425
923134,0.113189615
923135,0.1078487
923136,0.10823474
923137,0.12665889
923138,0.13561772
923139,0.13561772
923140,0.10654614
923141,0.0662444
923142,0.50650996
923143,0.5292549
923144,0.27733436
923145,0.52870136
923146,0.52870136
923147,0.52870136
923148,0.52870136
923149,0.52870136
923150,0.42043474
923151,0.5198276
923152,0.66793704
923153,0.48035774
923154,0.38716185
923155,0.02878674
923156,0.10224729
923157,0.06361183
923158,0.3997089
923159,0.38083616
923160,0.37134555
923161,0.33886564
923162,0.18925735
923163,0.022257106
923164,0.10408705
923165,0.100649245
923166,0.0959374
923167,0.09409052
923168,0.09159782
923169,0.06424749
923170,0.032296907
923171,0.11718727
923172,0.10707085
923173,0.10014551
923174,0.14566483
923175,0.08908482
923176,0.019411728
923177,0.050804093
923178,0.050416417
923179,0.050603334
923180,0.050333414
923181,0.07771318
923182,0.4481043
923183,0.4856586
923184,0.511327
923185,0.5185117
923186,0.52356875
923187,0.52356875
923188,0.52356875
923189,0.52356875
923190,0.52356875
923191,0.52356875
923192,0.5194915
923193,0.51063263
923194,0.5002323
923195,0.5002323
923196,0.35217917
923197,0.11969155
923198,0.5343055
923199,0.62045044
923200,0.6543211
923201,0.66321594
923202,0.6714998
923203,0.6790133
923204,0.6793369
923205,0.6793369
923206,0.6793369
923207,0.6793513
923208,0.6793513
923209,0.6769656
923210,0.6769656
923211,0.6769656
923212,0.6730997
923213,0.6730997
923214,0.66714245
923215,0.66714245
923216,0.66725606
923217,0.65670633
923218,0.65670633
923219,0.65670633
923220,0.65670633
923221,0.65417033
923222,0.31850988
923223,0.23531276
923224,0.09130893
923225,0.08630471
923226,0.08389953
923227,0.0584606
923228,0.08397277
923229,0.08397277
923230,0.08397277
923231,0.065462716
923232,0.085244015
923233,0.38794646
923234,0.3811662
923235,0.37210894
923236,0.37088996
923237,0.32682633
923238,0.021337872
923239,0.09130893
923240,0.08630471
923241,0.08389953
923242,0.08374628
923243,0.08397277
923244,0.08397277
923245,0.08397277
923246,0.08185515
923247,0.22394206
923248,0.023588194
923249,0.070484035
923250,0.09020763
923251,0.083933726
923252,0.07849862
923253,0.065180525
923254,0.017975349
923255,0.08590558
923256,0.08183404
923257,0.07317455
923258,0.0757276
923259,0.074856184
923260,0.058751423
923261,0.01320138
923262,0.08590558
923263,0.080341384
923264,0.076093815
923265,0.0757276
923266,0.074856184
923267,0.043976784
923268,0.017578984
923269,0.08590558
923270,0.08183404
923271,0.076093815
923272,0.0757276
923273,0.074856184
923274,0.074856184
923275,0.04687077
923276,0.02918747
923277,0.099623494
923278,0.08521616
923279,0.07164605
923280,0.017180605
923281,0.084091336
923282,0.08009826
923283,0.0744699
923284,0.07077669
923285,0.07325659
923286,0.07325659
923287,0.057474587
923288,0.094110444
923289,0.34534428
923290,0.229743
923291,0.028285975
923292,0.22940469
923293,0.22285743
923294,0.21148957
923295,0.21131076
923296,0.20551719
923297,0.23501898
923298,0.3129346
923299,0.3083534
923300,0.21877626
923301,0.20121764
923302,0.18739887
923303,0.1423024
923304,0.026484344
923305,0.19769387
923306,0.19182637
923307,0.18167135
923308,0.18023154
923309,0.177958
923310,0.177958
923311,0.16771257
923312,0.2929344
923313,0.15304542
923314,0.20509839
923315,0.19440982
923316,0.1936462
923317,0.13969386
923318,0.23246424
923319,0.02571388
923320,0.19838764
923321,0.1950884
923322,0.18480021
923323,0.1840657
923324,0.17896211
923325,0.23576438
923326,0.118926324
923327,0.049718942
923328,0.050527617
923329,0.05922732
923330,0.06745366
923331,0.050578326
923332,0.031236297
923333,0.24923393
923334,0.22484498
923335,0.22122715
923336,0.20992
923337,0.20911126
923338,0.20348644
923339,0.20348644
923340,0.15023294
923341,0.10518917
923342,0.5604892
923343,0.6732213
923344,0.7239105
923345,0.72982603
923346,0.72982603
923347,0.72982603
923348,0.73265433
923349,0.73265433
923350,0.73265433
923351,0.74540395
923352,0.74540395
923353,0.73220384
923354,0.7276553
923355,0.7276553
923356,0.7241488
923357,0.7241488
923358,0.7093633
923359,0.70616144
923360,0.7012318
923361,0.68845844
923362,0.6869308
923363,0.6869308
923364,0.38780198
923365,0.2713239
923366,0.12704676
923367,0.1146003
923368,0.0870612
923369,0.027377391
923370,0.1880285
923371,0.18486182
923372,0.17499568
923373,0.17333224
923374,0.16846482
923375,0.12372112
923376,0.023394933
923377,0.10564756
923378,0.10074346
923379,0.0948444
923380,0.09344606
923381,0.09214423
923382,0.09214423
923383,0.06941281
923384,0.028297476
923385,0.22009827
923386,0.21653551
923387,0.24725236
923388,0.20230305
923389,0.21682192
923390,0.14330886
923391,0.02337532
923392,0.10564756
923393,0.095889874
923394,0.093109086
923395,0.09344606
923396,0.09214423
923397,0.06941281
923398,0.037333887
923399,0.42462125
923400,0.4579975
923401,0.47996458
923402,0.48937055
923403,0.48937055
923404,0.48937055
923405,0.48937055
923406,0.48937055
923407,0.48937055
923408,0.4758816
923409,0.4538499
923410,0.3036927
923411,0.020226061
923412,0.099138744
923413,0.09874078
923414,0.11453756
923415,0.0983064
923416,0.0983064
923417,0.0983064
923418,0.0983064
923419,0.0983064
923420,0.069553144
923421,0.024827806
923422,0.22575675
923423,0.23437333
923424,0.2763674
923425,0.23563997
923426,0.23563997
923427,0.23563997
923428,0.22308265
923429,0.24016759
923430,0.15322322
923431,0.017049184
923432,0.074434936
923433,0.07409187
923434,0.068533115
923435,0.06749376
923436,0.06652695
923437,0.051918317
923438,0.032237593
923439,0.28861108
923440,0.29870117
923441,0.25481915
923442,0.23531719
923443,0.30242163
923444,0.30242163
923445,0.30242163
923446,0.28950518
923447,0.30242163
923448,0.21387638
923449,0.019801704
923450,0.08041461
923451,0.07595755
923452,0.08699757
923453,0.07368112
923454,0.076339886
923455,0.076339886
923456,0.076339886
923457,0.059706062
923458,0.040056396
923459,0.47257644
923460,0.48920584
923461,0.5674947
923462,0.525433
923463,0.52616805
923464,0.52616805
923465,0.52616805
923466,0.45315343
923467,0.52616805
923468,0.52916867
923469,0.5203236
923470,0.5184784
923471,0.5184784
923472,0.40993288
923473,0.28438342
923474,0.1467614
923475,0.15135452
923476,0.020554798
923477,0.09255661
923478,0.09218237
923479,0.09249978
923480,0.09233239
923481,0.09559475
923482,0.09559475
923483,0.09559475
923484,0.09559475
923485,0.034232058
923486,0.012519363
923487,0.048191443
923488,0.047987115
923489,0.09249978
923490,0.09233239
923491,0.09559475
923492,0.09559475
923493,0.09559475
923494,0.09559475
923495,0.068167284
923496,0.021893645
923497,0.08780973
923498,0.072380915
923499,0.07039672
923500,0.06852241
923501,0.081343375
923502,0.24473944
923503,0.08929386
923504,0.022637257
923505,0.050890118
923506,0.050300248
923507,0.046187934
923508,0.039621953
923509,0.022637257
923510,0.050890118
923511,0.050300248
923512,0.046187934
923513,0.039621953
923514,0.0497174
923515,0.2897145
923516,0.21833
923517,0.09678561
923518,0.23319863
923519,0.1319763
923520,0.023315968
923521,0.09598648
923522,0.08717781
923523,0.08514154
923524,0.084387876
923525,0.06348542
923526,0.018337894
923527,0.13130046
923528,0.13047045
923529,0.11745699
923530,0.11524867
923531,0.11226492
923532,0.11075339
923533,0.16571541
923534,0.021797884
923535,0.11827257
923536,0.11780781
923537,0.118202
923538,0.11799414
923539,0.11799414
923540,0.11799414
923541,0.11799414
923542,0.11799414
923543,0.081055276
923544,0.020933071
923545,0.10283827
923546,0.09726983
923547,0.09459071
923548,0.09441993
923549,0.09441993
923550,0.09441993
923551,0.03679407
923552,0.070900634
923553,0.08159979
923554,0.053332552
923555,0.051690664
923556,0.018628879
923557,0.07847149
923558,0.088493735
923559,0.0780262
923560,0.07733019
923561,0.07623399
923562,0.05747251
923563,0.01946562
923564,0.17296258
923565,0.17453392
923566,0.15922804
923567,0.15936854
923568,0.09426067
923569,0.3105531
923570,0.20496751
923571,0.1639855
923572,0.018628879
923573,0.07847149
923574,0.088493735
923575,0.0780262
923576,0.07733019
923577,0.07623399
923578,0.094871484
923579,0.028682789
923580,0.12022838
923581,0.040592156
923582,0.23639095
923583,0.22705294
923584,0.20855772
923585,0.1620777
923586,0.027969318
923587,0.120488614
923588,0.12543498
923589,0.12610926
923590,0.12782447
923591,0.0831315
923592,0.25918663
923593,0.20239927
923594,0.18806715
923595,0.14316338
923596,0.17782275
923597,0.042044733
923598,0.20805682
923599,0.19954559
923600,0.19033134
923601,0.22843017
923602,0.22976463
923603,0.019924812
923604,0.14871159
923605,0.13894343
923606,0.116598316
923607,0.116259366
923608,0.09067091
923609,0.15648237
923610,0.125675
923611,0.091243185
923612,0.02714527
923613,0.15727472
923614,0.14704128
923615,0.12495652
923616,0.11512917
923617,0.03328705
923618,0.14589761
923619,0.101204656
923620,0.03328705
923621,0.14589761
923622,0.18020622
923623,0.30969375
923624,0.23691258
923625,0.21588315
923626,0.09749289
923627,0.018003875
923628,0.08400091
923629,0.08001174
923630,0.07574648
923631,0.074606486
923632,0.07016005
923633,0.09029271
923634,0.10974527
923635,0.052441124
923636,0.16719623
923637,0.101286426
923638,0.10088081
923639,0.10443332
923640,0.102703355
923641,0.10452244
923642,0.10131151
923643,0.10131151
923644,0.10452244
923645,0.072012916
923646,0.019429326
923647,0.101286426
923648,0.10088081
923649,0.10443332
923650,0.10104341
923651,0.10131151
923652,0.10131151
923653,0.10131151
923654,0.10131151
923655,0.06991284
923656,0.01563542
923657,0.07041597
923658,0.07432524
923659,0.07338522
923660,0.073031
923661,0.0721882
923662,0.0721882
923663,0.056622297
923664,0.10091461
923665,0.044933565
923666,0.045597456
923667,0.026523443
923668,0.09678049
923669,0.131474
923670,0.023505304
923671,0.045403622
923672,0.045055225
923673,0.05613669
923674,0.33271894
923675,0.2380345
923676,0.22865105
923677,0.16443336
923678,0.03788232
923679,0.25752342
923680,0.44271737
923681,0.4319091
923682,0.44388303
923683,0.46144843
923684,0.46388865
923685,0.46388865
923686,0.46388865
923687,0.46388865
923688,0.46388865
923689,0.46388865
923690,0.36463746
923691,0.23106597
923692,0.13356824
923693,0.13278212
923694,0.041105565
923695,0.24013953
923696,0.24661204
923697,0.028779142
923698,0.12037379
923699,0.13628438
923700,0.026298143
923701,0.050425075
923702,0.02104328
923703,0.04679903
923704,0.04644045
923705,0.04669967
923706,0.04230923
923707,0.26040193
923708,0.1147117
923709,0.034081906
923710,0.029564295
923711,0.119421236
923712,0.107629746
923713,0.10010916
923714,0.14248854
923715,0.034081906
923716,0.016298594
923717,0.046285514
923718,0.045930672
923719,0.046727102
923720,0.046773877
923721,0.03897644
923722,0.025717746
923723,0.04869354
923724,0.014006293
923725,0.045672357
923726,0.04584729
923727,0.04601807
923728,0.04606417
923729,0.04606417
923730,0.038933255
923731,0.020704933
923732,0.04915698
923733,0.06242784
923734,0.20679289
923735,0.10718439
923736,0.10407022
923737,0.09865997
923738,0.097799435
923739,0.09644341
923740,0.09644341
923741,0.072736375
923742,0.2780823
923743,0.22512424
923744,0.22138385
923745,0.21131328
923746,0.24345341
923747,0.16662471
923748,0.031229248
923749,0.175568
923750,0.17492278
923751,0.17605749
923752,0.17576817
923753,0.16130619
923754,0.17576817
923755,0.17576817
923756,0.16130619
923757,0.17576817
923758,0.12768996
923759,0.046779703
923760,0.5301087
923761,0.5714128
923762,0.58868265
923763,0.62124205
923764,0.5962305
923765,0.6368709
923766,0.5962305
923767,0.5962305
923768,0.5962305
923769,0.5814425
923770,0.5903321
923771,0.45327607
923772,0.29508147
923773,0.025743492
923774,0.1404735
923775,0.13977537
923776,0.14039178
923777,0.12816396
923778,0.1423518
923779,0.1423518
923780,0.1401511
923781,0.1399909
923782,0.09784242
923783,0.073164724
923784,0.54219896
923785,0.6051165
923786,0.6568171
923787,0.6622128
923788,0.6622128
923789,0.6598006
923790,0.6622128
923791,0.6622128
923792,0.6622128
923793,0.6568591
923794,0.6945136
923795,0.69017595
923796,0.6852205
923797,0.6852205
923798,0.68140686
923799,0.68140686
923800,0.66893804
923801,0.47787538
923802,0.024748951
923803,0.12309438
923804,0.111914635
923805,0.106144905
923806,0.105226696
923807,0.07872377
923808,0.03141859
923809,0.11553958
923810,0.09821472
923811,0.1113327
923812,0.22677748
923813,0.17909713
923814,0.11465022
923815,0.11544865
923816,0.11896572
923817,0.11456544
923818,0.11896572
923819,0.11456544
923820,0.1616617
923821,0.16287579
923822,0.093931526
923823,0.016525395
923824,0.06837142
923825,0.06630119
923826,0.06348873
923827,0.061759986
923828,0.060869947
923829,0.060869947
923830,0.050912794
923831,0.2015695
923832,0.15624839
923833,0.1447575
923834,0.1628616
923835,0.03356577
923836,0.11274446
923837,0.15377204
923838,0.11308279
923839,0.1128828
923840,0.10636686
923841,0.111213826
923842,0.11677784
923843,0.1254398
923844,0.1254398
923845,0.0966023
923846,0.031204209
923847,0.0861673
923848,0.076731876
923849,0.070403256
923850,0.1090399
923851,0.10286111
923852,0.05325575
923853,0.023447234
923854,0.046671655
923855,0.046314
923856,0.046039052
923857,0.044752937
923858,0.04003726
923859,0.21585144
923860,0.25203127
923861,0.14106646
923862,0.11090258
923863,0.20791028
923864,0.3488342
923865,0.27039358
923866,0.26017004
923867,0.2514814
923868,0.18359464
923869,0.022596998
923870,0.11959566
923871,0.16834961
923872,0.10825681
923873,0.110177465
923874,0.10867049
923875,0.106577896
923876,0.078565784
923877,0.034506682
923878,0.26675457
923879,0.25130066
923880,0.24095538
923881,0.23602447
923882,0.17274325
923883,0.03194138
923884,0.26596552
923885,0.2558507
923886,0.2508126
923887,0.24669544
923888,0.26200232
923889,0.03970241
923890,0.12619826
923891,0.13454513
923892,0.030559424
923893,0.2601864
923894,0.25759035
923895,0.25172678
923896,0.25226134
923897,0.24871501
923898,0.24871501
923899,0.24871501
923900,0.2560122
923901,0.13089429
923902,0.1230491
923903,0.12855646
923904,0.12860593
923905,0.030000713
923906,0.13449687
923907,0.13769858
923908,0.15021
923909,0.15433405
923910,0.15433405
923911,0.12911342
923912,0.022160972
923913,0.049766514
923914,0.04938637
923915,0.04966118
923916,0.047451224
923917,0.030339414
923918,0.053908054
923919,0.023064688
923920,0.049663555
923921,0.049284156
923922,0.052721366
923923,0.22971174
923924,0.1104641
923925,0.097858176
923926,0.08361178
923927,0.07729111
923928,0.034347758
923929,0.079635575
923930,0.09679836
923931,0.12949803
923932,0.09445631
923933,0.031315077
923934,0.054910842
923935,0.027885562
923936,0.11647797
923937,0.1348106
923938,0.20544621
923939,0.22586183
923940,0.17951071
923941,0.21274371
923942,0.20557517
923943,0.20123178
923944,0.13714781
923945,0.027647808
923946,0.11660523
923947,0.121864185
923948,0.133159
923949,0.1400623
923950,0.11993134
923951,0.06024904
923952,0.12596668
923953,0.25720018
923954,0.1135805
923955,0.109825775
923956,0.102614425
923957,0.11782102
923958,0.4198183
923959,0.39054003
923960,0.39413065
923961,0.39287493
923962,0.39056012
923963,0.38688552
923964,0.36585203
923965,0.060089625
923966,0.40332517
923967,0.4087291
923968,0.4062358
923969,0.40575454
923970,0.40575454
923971,0.40575454
923972,0.39011744
923973,0.37380263
923974,0.43144396
923975,0.6066031
923976,0.72193813
923977,0.68449473
923978,0.7719989
923979,0.73416156
923980,0.79278
923981,0.7606857
923982,0.8457986
923983,0.7963634
923984,0.8000953
923985,0.8000953
923986,0.80062795
923987,0.84816647
923988,0.8872088
923989,0.7995245
923990,0.7995245
923991,0.8466144
923992,0.7990313
923993,0.79948956
923994,0.8015993
923995,0.80046564
923996,0.7995547
923997,0.7995547
923998,0.7943339
923999,0.7837787
924000,0.7837787
924001,0.78162855
924002,0.77296466
924003,0.8210493
924004,0.7673494
924005,0.7829579
924006,0.8628233
924007,0.78860736
924008,0.52896464
924009,0.060664173
924010,0.39907402
924011,0.38956293
924012,0.35691795
924013,0.20537332
924014,0.106021136
924015,0.05350891
924016,0.118124016
924017,0.116350465
924018,0.16323964
924019,0.108605884
924020,0.14865707
924021,0.108605884
924022,0.14865707
924023,0.12906824
924024,0.11304251
924025,0.56262165
924026,0.67896014
924027,0.729331
924028,0.7506114
924029,0.7588207
924030,0.75523275
924031,0.78567725
924032,0.7555071
924033,0.7555071
924034,0.75631076
924035,0.75631076
924036,0.7556473
924037,0.7527556
924038,0.7527556
924039,0.75146943
924040,0.75146943
924041,0.7383624
924042,0.74926287
924043,0.73124
924044,0.73363394
924045,0.73224163
924046,0.7177973
924047,0.5206829
924048,0.024032326
924049,0.05845341
924050,0.05801096
924051,0.057559542
924052,0.059281036
924053,0.06821267
924054,0.5571408
924055,0.58681905
924056,0.6572203
924057,0.6559124
924058,0.6664289
924059,0.6719284
924060,0.6614971
924061,0.6719284
924062,0.6455205
924063,0.6408845
924064,0.6689884
924065,0.66672957
924066,0.6632545
924067,0.6632545
924068,0.66171205
924069,0.66171205
924070,0.4818354
924071,0.02465415
924072,0.05845341
924073,0.05801096
924074,0.057472236
924075,0.5012084
924076,0.7246544
924077,0.73445624
924078,0.8489937
924079,0.8394996
924080,0.8152941
924081,0.83006173
924082,0.8823809
924083,0.87650514
924084,0.87650514
924085,0.9170902
924086,0.8968743
924087,0.9177115
924088,0.8891004
924089,0.8891004
924090,0.89003825
924091,0.89003825
924092,0.89003825
924093,0.91858155
924094,0.9195947
924095,0.88900155
924096,0.9181265
924097,0.8882977
924098,0.8882977
924099,0.9146104
924100,0.91254693
924101,0.8823703
924102,0.88224
924103,0.8779215
924104,0.8656055
924105,0.86626655
924106,0.86626655
924107,0.8656055
924108,0.8288045
924109,0.8288045
924110,0.82832336
924111,0.7706728
924112,0.7644476
924113,0.7690496
924114,0.82330436
924115,0.8047667
924116,0.53804564
924117,0.12413438
924118,0.5019937
924119,0.70268404
924120,0.7923354
924121,0.79483926
924122,0.8008577
924123,0.81183827
924124,0.81206495
924125,0.81536144
924126,0.81536144
924127,0.8160162
924128,0.8160162
924129,0.81547564
924130,0.81311685
924131,0.81311685
924132,0.81206626
924133,0.81206626
924134,0.81415004
924135,0.8144569
924136,0.8148881
924137,0.8121451
924138,0.8100168
924139,0.81105745
924140,0.81105745
924141,0.80933064
924142,0.80030257
924143,0.80030257
924144,0.79918975
924145,0.7963039
924146,0.7963039
924147,0.62828714
924148,0.02508653
924149,0.056641556
924150,0.056212004
924151,0.055688996
924152,0.026536264
924153,0.10816899
924154,0.10951183
924155,0.10501926
924156,0.09635601
924157,0.09501789
924158,0.12274717
924159,0.1116371
924160,0.14712407
924161,0.6278279
924162,0.7117597
924163,0.77771384
924164,0.79472107
924165,0.8039421
924166,0.84448
924167,0.82662064
924168,0.8333056
924169,0.8333056
924170,0.83673126
924171,0.8345967
924172,0.82951653
924173,0.83289653
924174,0.83289653
924175,0.8319342
924176,0.8319342
924177,0.8312195
924178,0.831504
924179,0.83190376
924180,0.82936007
924181,0.828351
924182,0.828351
924183,0.828351
924184,0.8267486
924185,0.8139714
924186,0.8139714
924187,0.81291705
924188,0.8101817
924189,0.805255
924190,0.82486635
924191,0.805255
924192,0.805255
924193,0.7876417
924194,0.6293459
924195,0.02508653
924196,0.056641556
924197,0.056212004
924198,0.055688996
924199,0.0316734
924200,0.20978296
924201,0.19668186
924202,0.18477187
924203,0.13870527
924204,0.015474337
924205,0.043708675
924206,0.043876432
924207,0.044746302
924208,0.046028644
924209,0.046028644
924210,0.05275267
924211,0.24541493
924212,0.14573957
924213,0.1420357
924214,0.13991424
924215,0.28304535
924216,0.15027505
924217,0.13752685
924218,0.13453284
924219,0.10511862
924220,0.15527503
924221,0.10822349
924222,0.018857954
924223,0.053453647
924224,0.05365671
924225,0.05470938
924226,0.056260433
924227,0.056260433
924228,0.06276104
924229,0.063273005
924230,0.10261406
924231,0.35194913
924232,0.43750295
924233,0.57904434
924234,0.60408264
924235,0.6632143
924236,0.6681274
924237,0.6617204
924238,0.6617204
924239,0.6617204
924240,0.6657829
924241,0.67350644
924242,0.6710983
924243,0.6839909
924244,0.66334635
924245,0.6603539
924246,0.6603539
924247,0.6468073
924248,0.6368073
924249,0.64836234
924250,0.6413141
924251,0.6396762
924252,0.6396762
924253,0.6396762
924254,0.63220674
924255,0.6317132
924256,0.62576157
924257,0.62385845
924258,0.33161223
924259,0.019244503
924260,0.071556516
924261,0.08282324
924262,0.07842087
924263,0.0726733
924264,0.07614893
924265,0.05926009
924266,0.30539188
924267,0.57767946
924268,0.6773308
924269,0.75908065
924270,0.7776651
924271,0.7845492
924272,0.79197013
924273,0.79221475
924274,0.79221475
924275,0.79221475
924276,0.7929308
924277,0.7929308
924278,0.7911303
924279,0.788541
924280,0.7799768
924281,0.7769374
924282,0.7769374
924283,0.7677979
924284,0.7677979
924285,0.7656869
924286,0.7592642
924287,0.75796163
924288,0.7693249
924289,0.7693249
924290,0.7673262
924291,0.7530461
924292,0.5191582
924293,0.0145484125
924294,0.041268583
924295,0.041427378
924296,0.042333823
924297,0.043514274
924298,0.04217465
924299,0.0487968
924300,0.05895007
924301,0.16573928
924302,0.15554747
924303,0.13167804
924304,0.019351251
924305,0.081199504
924306,0.08133091
924307,0.07614698
924308,0.07128973
924309,0.07490856
924310,0.058793247
924311,0.017553061
924312,0.043578286
924313,0.04324324
924314,0.044187594
924315,0.045417283
924316,0.06408256
924317,0.04592757
924318,0.15413277
924319,0.14705805
924320,0.14184956
924321,0.13039339
924322,0.17068914
924323,0.025990218
924324,0.10222541
924325,0.08637522
924326,0.08518384
924327,0.07027151
924328,0.029794857
924329,0.09295052
924330,0.08629973
924331,0.028463915
924332,0.096946046
924333,0.091698885
924334,0.11717911
924335,0.30933467
924336,0.19226365
924337,0.19113304
924338,0.17447306
924339,0.18632124
924340,0.17861828
924341,0.11531065
924342,0.022523426
924343,0.19226365
924344,0.17838448
924345,0.18511483
924346,0.18632124
924347,0.17861828
924348,0.17639096
924349,0.112653516
924350,0.03152268
924351,0.1983012
924352,0.19818476
924353,0.4905194
924354,0.5199562
924355,0.55280644
924356,0.60145
924357,0.5682333
924358,0.6241972
924359,0.5682333
924360,0.6027257
924361,0.5682333
924362,0.5682333
924363,0.5659709
924364,0.5572387
924365,0.55183417
924366,0.5560616
924367,0.55055106
924368,0.32987615
924369,0.12650658
924370,0.4380132
924371,0.43908736
924372,0.28791365
924373,0.43761036
924374,0.4489809
924375,0.44515812
924376,0.44965345
924377,0.0675132
924378,0.45470288
924379,0.44656792
924380,0.44187045
924381,0.3147261
924382,0.41789138
924383,0.12812187
924384,0.118610054
924385,0.13159667
924386,0.040489208
924387,0.13200803
924388,0.2640913
924389,0.18911938
924390,0.1834482
924391,0.17298758
924392,0.17104457
924393,0.16886303
924394,0.16886303
924395,0.12686552
924396,0.1391528
924397,0.08361789
924398,0.22586213
924399,0.10618031
924400,0.03568517
924401,0.032363046
924402,0.0316661
924403,0.033387363
924404,0.1670536
924405,0.021307549
924406,0.03568517
924407,0.032363046
924408,0.030529024
924409,0.03445243
924410,0.020030357
924411,0.029377548
924412,0.027869856
924413,0.026283536
924414,0.028974243
924415,0.08190345
924416,0.04727648
924417,0.047457248
924418,0.049049377
924419,0.049098354
924420,0.049098354
924421,0.063328885
924422,0.21525447
924423,0.02041768
924424,0.030565673
924425,0.026049517
924426,0.036005657
924427,0.06199802
924428,0.19609696
924429,0.1831015
924430,0.16961797
924431,0.19724447
924432,0.09133464
924433,0.051590003
924434,0.05119666
924435,0.05160397
924436,0.047545746
924437,0.3813908
924438,0.319075
924439,0.3086027
924440,0.14357023
924441,0.03691989
924442,0.1305104
924443,0.03969762
924444,0.2059826
924445,0.21699844
924446,0.22049002
924447,0.2243837
924448,0.2243837
924449,0.2243837
924450,0.2243837
924451,0.2243837
924452,0.19369446
924453,0.13191964
924454,0.25319803
924455,0.26482823
924456,0.24937434
924457,0.18387745
924458,0.25451127
924459,0.118993156
924460,0.115360886
924461,0.10736509
924462,0.1372389
924463,0.080036
924464,0.57134515
924465,0.6510308
924466,0.69239205
924467,0.7572671
924468,0.7034774
924469,0.7034774
924470,0.7021723
924471,0.7034774
924472,0.7034774
924473,0.70097506
924474,0.70069414
924475,0.76057065
924476,0.6915055
924477,0.6915055
924478,0.75388443
924479,0.68773335
924480,0.6753941
924481,0.6753941
924482,0.4500099
924483,0.5128667
924484,0.57377934
924485,0.6143081
924486,0.6236094
924487,0.6300099
924488,0.6300099
924489,0.6300099
924490,0.6300099
924491,0.6300099
924492,0.6300099
924493,0.6287868
924494,0.6244994
924495,0.46237487
924496,0.6179488
924497,0.6179488
924498,0.6137795
924499,0.6137795
924500,0.6002168
924501,0.4190539
924502,0.085542075
924503,0.05124755
924504,0.05106923
924505,0.20356236
924506,0.21466982
924507,0.025370108
924508,0.05297103
924509,0.052567743
924510,0.058006167
924511,0.058814872
924512,0.2521187
924513,0.08802226
924514,0.052379824
924515,0.02365734
924516,0.04683708
924517,0.046478216
924518,0.042931896
924519,0.22021416
924520,0.095836185
924521,0.023170976
924522,0.04644621
924523,0.047275063
924524,0.26970524
924525,0.019035747
924526,0.08834574
924527,0.0841692
924528,0.07074147
924529,0.077962816
924530,0.07327495
924531,0.060248286
924532,0.03247273
924533,0.054506976
924534,0.3036199
924535,0.02229557
924536,0.10554741
924537,0.10512674
924538,0.10548353
924539,0.10529539
924540,0.10557344
924541,0.10335989
924542,0.10557344
924543,0.10557344
924544,0.07514538
924545,0.03005305
924546,0.10167325
924547,0.0878474
924548,0.073675215
924549,0.09914811
924550,0.07439545
924551,0.024128312
924552,0.09859808
924553,0.09015162
924554,0.08393375
924555,0.044506866
924556,0.12985557
924557,0.26236507
924558,0.17033388
924559,0.13413315
924560,0.037372664
924561,0.18537703
924562,0.037372664
924563,0.20082901
924564,0.35220608
924565,0.24631919
924566,0.2311831
924567,0.22079314
924568,0.22060868
924569,0.16892424
924570,0.2829311
924571,0.25237218
924572,0.23837525
924573,0.21862778
924574,0.18654841
924575,0.5351862
924576,0.5122112
924577,0.3789239
924578,0.5002947
924579,0.51181173
924580,0.49665445
924581,0.13495621
924582,0.14015391
924583,0.08172877
924584,0.073042706
924585,0.25010288
924586,0.23619199
924587,0.19045511
924588,0.09429402
924589,0.49034882
924590,0.4936049
924591,0.4888497
924592,0.5003671
924593,0.36915922
924594,0.496501
924595,0.43252787
924596,0.02895247
924597,0.11877683
924598,0.12161688
924599,0.13289228
924600,0.11989034
924601,0.08978396
924602,0.41866392
924603,0.45295328
924604,0.46409288
924605,0.46942526
924606,0.46942526
924607,0.46942526
924608,0.46942526
924609,0.46942526
924610,0.46942526
924611,0.4608562
924612,0.4520566
924613,0.43755835
924614,0.28768134
924615,0.02895247
924616,0.11877683
924617,0.12161688
924618,0.13289228
924619,0.11989034
924620,0.1889312
924621,0.029227579
924622,0.049631547
924623,0.04982085
924624,0.050681166
924625,0.05073169
924626,0.05073169
924627,0.04574753
924628,0.45874465
924629,0.48129866
924630,0.5444239
924631,0.5842471
924632,0.5918199
924633,0.5918199
924634,0.5918199
924635,0.5918199
924636,0.5918199
924637,0.5918199
924638,0.586237
924639,0.58174676
924640,0.5764911
924641,0.57267815
924642,0.57267815
924643,0.3392138
924644,0.021986276
924645,0.051177435
924646,0.0519123
924647,0.29597494
924648,0.2347052
924649,0.20888686
924650,0.07712512
924651,0.5457963
924652,0.6311621
924653,0.6830266
924654,0.6550667
924655,0.6968464
924656,0.6868382
924657,0.69715995
924658,0.69715995
924659,0.68715745
924660,0.686323
924661,0.6977963
924662,0.6964118
924663,0.68124264
924664,0.69310373
924665,0.6540439
924666,0.6540439
924667,0.64438313
924668,0.64082795
924669,0.63536817
924670,0.6212997
924671,0.28040034
924672,0.022617577
924673,0.050392784
924674,0.05000809
924675,0.04667507
924676,0.04909588
924677,0.39116746
924678,0.44688192
924679,0.5145151
924680,0.52231956
924681,0.5886775
924682,0.48701063
924683,0.5886775
924684,0.5886775
924685,0.5886775
924686,0.58308196
924687,0.57858205
924688,0.5733158
924689,0.5694956
924690,0.5694956
924691,0.33630762
924692,0.021684704
924693,0.050392784
924694,0.05000809
924695,0.050286196
924696,0.04657183
924697,0.20783335
924698,0.2004113
924699,0.1956362
924700,0.19082041
924701,0.19051245
924702,0.19051245
924703,0.19051245
924704,0.19051245
924705,0.13529636
924706,0.10945879
924707,0.042959746
924708,0.061120044
924709,0.516754
924710,0.58231485
924711,0.6317986
924712,0.6390404
924713,0.6390404
924714,0.6390404
924715,0.6390404
924716,0.6390404
924717,0.6390404
924718,0.63627553
924719,0.63373315
924720,0.63067704
924721,0.6270363
924722,0.6270363
924723,0.62542164
924724,0.62542164
924725,0.37178963
924726,0.14694211
924727,0.02598646
924728,0.19090566
924729,0.18519314
924730,0.17639588
924731,0.17498893
924732,0.17276758
924733,0.17276758
924734,0.12416713
924735,0.046005454
924736,0.4780558
924737,0.54119945
924738,0.5810877
924739,0.5886775
924740,0.52231956
924741,0.52231956
924742,0.52231956
924743,0.52231956
924744,0.52231956
924745,0.5183414
924746,0.5137255
924747,0.50833756
924748,0.50443846
924749,0.50443846
924750,0.38153082
924751,0.043340128
924752,0.22521475
924753,0.09238417
924754,0.055998612
924755,0.13131675
924756,0.027105512
924757,0.113831535
924758,0.11656907
924759,0.12744437
924760,0.1140287
924761,0.23670034
924762,0.15609524
924763,0.11111215
924764,0.062941045
924765,0.3927815
924766,0.21545802
924767,0.23310332
924768,0.24722904
924769,0.24722904
924770,0.24722904
924771,0.24722904
924772,0.24722904
924773,0.24722904
924774,0.48652142
924775,0.48430985
924776,0.47146282
924777,0.47146282
924778,0.38929224
924779,0.02507304
924780,0.14180669
924781,0.1494143
924782,0.16614863
924783,0.18469888
924784,0.08348982
924785,0.024371749
924786,0.023142796
924787,0.022281418
924788,0.024659872
924789,0.023467619
924790,0.02344169
924791,0.019831974
924792,0.03157219
924793,0.028372532
924794,0.02675839
924795,0.030032115
924796,0.25038365
924797,0.2086745
924798,0.20375268
924799,0.19785875
924800,0.19575636
924801,0.19575636
924802,0.19575636
924803,0.19174625
924804,0.14711198
924805,0.012981
924806,0.027889378
924807,0.026260452
924808,0.025998397
924809,0.02842788
924810,0.02842788
924811,0.02842788
924812,0.02842788
924813,0.027182091
924814,0.06513029
924815,0.23858917
924816,0.244709
924817,0.014169422
924818,0.026758712
924819,0.024591992
924820,0.018585319
924821,0.026201515
924822,0.02502829
924823,0.29729912
924824,0.013249932
924825,0.12546279
924826,0.024591992
924827,0.108227424
924828,0.10729336
924829,0.08031663
924830,0.4606661
924831,0.43534425
924832,0.44248652
924833,0.44442195
924834,0.44392926
924835,0.44392926
924836,0.44392926
924837,0.44392926
924838,0.44392926
924839,0.44392926
924840,0.38610017
924841,0.13449764
924842,0.0730168
924843,0.0732884
924844,0.07894211
924845,0.08050887
924846,0.08050887
924847,0.078723304
924848,0.080277
924849,0.027241826
924850,0.12022314
924851,0.11383282
924852,0.04881928
924853,0.11055707
924854,0.11055707
924855,0.11055707
924856,0.1124398
924857,0.076470666
924858,0.069705956
924859,0.43534425
924860,0.44248652
924861,0.4472843
924862,0.44392926
924863,0.44392926
924864,0.23068446
924865,0.44392926
924866,0.44392926
924867,0.44392926
924868,0.38610017
924869,0.016553177
924870,0.050746016
924871,0.050939344
924872,0.13792332
924873,0.051179025
924874,0.051179025
924875,0.04591208
924876,0.047572393
924877,0.15296414
924878,0.083629556
924879,0.3950906
924880,0.3914975
924881,0.38697425
924882,0.3846722
924883,0.38198614
924884,0.34349993
924885,0.019551229
924886,0.05294877
924887,0.052545637
924888,0.052740004
924889,0.05279246
924890,0.046700805
924891,0.3087553
924892,0.22631681
924893,0.16429263
924894,0.08036097
924895,0.4172147
924896,0.4104165
924897,0.43958676
924898,0.36414352
924899,0.019297209
924900,0.050583556
924901,0.050197482
924902,0.050383627
924903,0.050114814
924904,0.044317674
924905,0.042252887
924906,0.21073641
924907,0.19432169
924908,0.18197879
924909,0.1971
924910,0.016515292
924911,0.04894438
924912,0.049131203
924913,0.049313586
924914,0.04905019
924915,0.04905019
924916,0.04905019
924917,0.04657001
924918,0.20824869
924919,0.104034275
924920,0.09498998
924921,0.08619858
924922,0.092625946
924923,0.09133439
924924,0.16662861
924925,0.024302121
924926,0.09612798
924927,0.040837757
924928,0.04169153
924929,0.04209936
924930,0.10046672
924931,0.0992031
924932,0.0992031
924933,0.09935523
924934,0.09935523
924935,0.09037701
924936,0.018429957
924937,0.044229742
924938,0.04388994
924939,0.04405376
924940,0.044239167
924941,0.03943374
924942,0.017665925
924943,0.03946001
924944,0.039155353
924945,0.039379656
924946,0.04031458
924947,0.036657736
924948,0.2988145
924949,0.014492188
924950,0.037717838
924951,0.03786351
924952,0.03808072
924953,0.038986057
924954,0.039428774
924955,0.035957526
924956,0.02064499
924957,0.043255482
924958,0.04292283
924959,0.04266711
924960,0.040353075
924961,0.02064499
924962,0.043255482
924963,0.04292283
924964,0.04266711
924965,0.040353075
924966,0.017860135
924967,0.04269017
924968,0.04236167
924969,0.042603523
924970,0.04303912
924971,0.039145216
924972,0.0143785905
924973,0.04081144
924974,0.040968552
924975,0.041202806
924976,0.041624703
924977,0.04209607
924978,0.038399387
924979,0.018402336
924980,0.04294045
924981,0.04261011
924982,0.04285332
924983,0.043291353
924984,0.04904185
924985,0.15970095
924986,0.13086466
924987,0.2772118
924988,0.24509965
924989,0.23230122
924990,0.21652822
924991,0.21422283
924992,0.16474064
924993,0.085873604
924994,0.27518028
924995,0.051134303
924996,0.24439554
924997,0.24979097
924998,0.2505013
924999,0.2501736
925000,0.29060718
925001,0.29060718
925002,0.28183383
925003,0.24538888
925004,0.1718783
925005,0.17660576
925006,0.16532142
925007,0.17211151
925008,0.17437103
925009,0.1791053
925010,0.1791053
925011,0.1791053
925012,0.1791053
925013,0.16053204
925014,0.29047057
925015,0.22128238
925016,0.2149023
925017,0.20504892
925018,0.20487414
925019,0.056635786
925020,0.039635636
925021,0.23425327
925022,0.104877494
925023,0.02384317
925024,0.12256936
925025,0.1257228
925026,0.1278724
925027,0.12836657
925028,0.12836657
925029,0.12680154
925030,0.12680154
925031,0.12698999
925032,0.12698999
925033,0.08510326
925034,0.014199887
925035,0.05655821
925036,0.06000895
925037,0.05701192
925038,0.056835026
925039,0.056011718
925040,0.039191112
925041,0.26117635
925042,0.12158477
925043,0.10873254
925044,0.098420784
925045,0.080229014
925046,0.08394103
925047,0.023699244
925048,0.06664228
925049,0.063913055
925050,0.059523094
925051,0.075505845
925052,0.020829417
925053,0.101562664
925054,0.096055895
925055,0.093406744
925056,0.09323789
925057,0.09323789
925058,0.09125659
925059,0.09323789
925060,0.072326906
925061,0.020372074
925062,0.049646046
925063,0.04926675
925064,0.049540956
925065,0.056037113
925066,0.020829417
925067,0.101562664
925068,0.096055895
925069,0.093406744
925070,0.09323789
925071,0.09323789
925072,0.09323789
925073,0.09323789
925074,0.072326906
925075,0.018614374
925076,0.093970366
925077,0.08955404
925078,0.08482699
925079,0.0827283
925080,0.08289263
925081,0.07814299
925082,0.10551783
925083,0.09593499
925084,0.06091469
925085,0.018908039
925086,0.018771002
925087,0.018069332
925088,0.019646732
925089,0.018356398
925090,0.019646732
925091,0.018546999
925092,0.025599806
925093,0.11315221
925094,0.114767686
925095,0.112048805
925096,0.015325296
925097,0.027007071
925098,0.02383646
925099,0.020934753
925100,0.02505149
925101,0.06424915
925102,0.37870234
925103,0.4155244
925104,0.43160623
925105,0.4547793
925106,0.4547793
925107,0.4547793
925108,0.4547793
925109,0.4547793
925110,0.4547793
925111,0.45249522
925112,0.4503027
925113,0.43623853
925114,0.3498655
925115,0.00900745
925116,0.019416012
925117,0.017849373
925118,0.017743004
925119,0.019646732
925120,0.019646732
925121,0.017612275
925122,0.1600963
925123,0.025381448
925124,0.11227312
925125,0.1330128
925126,0.009455595
925127,0.019416012
925128,0.018432241
925129,0.017743004
925130,0.019646732
925131,0.019646732
925132,0.019646732
925133,0.018546999
925134,0.017125756
925135,0.09552573
925136,0.09143763
925137,0.0906287
925138,0.09136561
925139,0.12656622
925140,0.18750025
925141,0.15917519
925142,0.01110497
925143,0.022531899
925144,0.02120905
925145,0.020996328
925146,0.09323789
925147,0.022969397
925148,0.022969397
925149,0.02467852
925150,0.023772856
925151,0.041571453
925152,0.14916308
925153,0.014977522
925154,0.024473239
925155,0.021914735
925156,0.02066018
925157,0.023534872
925158,0.008658233
925159,0.01773002
925160,0.017393397
925161,0.016742341
925162,0.018540729
925163,0.019654535
925164,0.018554373
925165,0.012760491
925166,0.0230494
925167,0.02052136
925168,0.019036451
925169,0.02187044
925170,0.020621156
925171,0.21095897
925172,0.009930904
925173,0.019933375
925174,0.018923888
925175,0.01821661
925176,0.020170113
925177,0.020170113
925178,0.018939422
925179,0.087487824
925180,0.051429898
925181,0.05162569
925182,0.051816832
925183,0.05186842
925184,0.05186842
925185,0.046534006
925186,0.013120567
925187,0.023633892
925188,0.021856567
925189,0.021637494
925190,0.023669358
925191,0.023669358
925192,0.023669358
925193,0.023669358
925194,0.023002507
925195,0.02350555
925196,0.053778093
925197,0.053369
925198,0.0489032
925199,0.011026287
925200,0.0201168
925201,0.019098204
925202,0.018384533
925203,0.02035567
925204,0.02035567
925205,0.01911388
925206,0.016987666
925207,0.05218234
925208,0.052380834
925209,0.052574616
925210,0.05262692
925211,0.05262692
925212,0.047218382
925213,0.30398905
925214,0.12215502
925215,0.21040516
925216,0.1150012
925217,0.10963696
925218,0.014141533
925219,0.02490417
925220,0.020514889
925221,0.10969015
925222,0.10999514
925223,0.078027606
925224,0.025183069
925225,0.054111227
925226,0.05798671
925227,0.028212527
925228,0.21739027
925229,0.14556836
925230,0.16176751
925231,0.16319177
925232,0.03946371
925233,0.13986483
925234,0.12437281
925235,0.1100822
925236,0.1668524
925237,0.16425554
925238,0.059963185
925239,0.29706737
925240,0.0180113
925241,0.045786384
925242,0.045435194
925243,0.046239194
925244,0.04599142
925245,0.039143566
925246,0.22584729
925247,0.17369702
925248,0.15575807
925249,0.21298975
925250,0.04053456
925251,0.058302023
925252,0.30545813
925253,0.110925786
925254,0.013145089
925255,0.041600313
925256,0.04176033
925257,0.042585663
925258,0.041765425
925259,0.04188357
925260,0.04188357
925261,0.038621385
925262,0.02279102
925263,0.04457433
925264,0.044232
925265,0.04458183
925266,0.04633418
925267,0.08507309
925268,0.06155728
925269,0.061789114
925270,0.10928748
925271,0.061796494
925272,0.06196764
925273,0.049025282
925274,0.023176992
925275,0.07207747
925276,0.06627853
925277,0.07290881
925278,0.07279818
925279,0.05190222
925280,0.066115096
925281,0.07183847
925282,0.07130238
925283,0.07185022
925284,0.08847928
925285,0.28007796
925286,0.23287284
925287,0.22125123
925288,0.20480771
925289,0.20120229
925290,0.15625374
925291,0.28627285
925292,0.29760832
925293,0.3078768
925294,0.31565863
925295,0.3162716
925296,0.3162716
925297,0.3224006
925298,0.3224006
925299,0.32102644
925300,0.32102644
925301,0.24422912
925302,0.07670957
925303,0.2451542
925304,0.04235663
925305,0.44548202
925306,0.49089235
925307,0.51974666
925308,0.5264317
925309,0.5264317
925310,0.5264317
925311,0.5264317
925312,0.5248615
925313,0.45183071
925314,0.4598778
925315,0.4576794
925316,0.44430152
925317,0.4404536
925318,0.35778907
925319,0.26270908
925320,0.050299294
925321,0.1860263
925322,0.43822107
925323,0.49124518
925324,0.5317185
925325,0.46458426
925326,0.52404237
925327,0.52404237
925328,0.60031533
925329,0.5988034
925330,0.5988034
925331,0.60487026
925332,0.58827466
925333,0.59696645
925334,0.59320766
925335,0.5786254
925336,0.3936801
925337,0.2625118
925338,0.07819589
925339,0.23107241
925340,0.15944201
925341,0.0613615
925342,0.23406671
925343,0.21924119
925344,0.1994656
925345,0.17397869
925346,0.044518013
925347,0.23344162
925348,0.22320372
925349,0.21982293
925350,0.046506997
925351,0.20972972
925352,0.2047894
925353,0.198873
925354,0.19676249
925355,0.19676249
925356,0.19676249
925357,0.1927367
925358,0.14567734
925359,0.17882454
925360,0.22721587
925361,0.21813676
925362,0.20493108
925363,0.044191126
925364,0.20806298
925365,0.20196515
925366,0.18661152
925367,0.18325259
925368,0.18094936
925369,0.18094936
925370,0.13439043
925371,0.053881843
925372,0.23031269
925373,0.21724853
925374,0.20102571
925375,0.19747032
925376,0.21382086
925377,0.4246358
925378,0.44560003
925379,0.5025578
925380,0.540953
925381,0.3769967
925382,0.56084365
925383,0.3769967
925384,0.56438506
925385,0.5744042
925386,0.38038272
925387,0.57375056
925388,0.57375056
925389,0.57037765
925390,0.57037765
925391,0.57037765
925392,0.5573825
925393,0.5460308
925394,0.49336118
925395,0.4894922
925396,0.45467114
925397,0.43559307
925398,0.43384507
925399,0.43384507
925400,0.2364888
925401,0.029370021
925402,0.13603525
925403,0.15188876
925404,0.24905232
925405,0.24418035
925406,0.21944234
925407,0.2067328
925408,0.20643438
925409,0.2584482
925410,0.24421905
925411,0.22153938
925412,0.21022058
925413,0.20941097
925414,0.15328348
925415,0.2741879
925416,0.14561409
925417,0.6786682
925418,0.75654364
925419,0.88072836
925420,0.90032876
925421,0.9488509
925422,0.9566831
925423,0.9624598
925424,0.9625273
925425,0.9625444
925426,0.9633222
925427,0.9609424
925428,0.9602263
925429,0.953665
925430,0.9548484
925431,0.9540851
925432,0.9571279
925433,0.96769404
925434,0.9668356
925435,0.9668356
925436,0.9679575
925437,0.9666068
925438,0.9677234
925439,0.96916425
925440,0.9727744
925441,0.9675254
925442,0.9675254
925443,0.9675254
925444,0.96768504
925445,0.96705276
925446,0.96565187
925447,0.96097594
925448,0.96097594
925449,0.96148425
925450,0.96148425
925451,0.9502579
925452,0.9502579
925453,0.9502579
925454,0.9502579
925455,0.9502579
925456,0.9526321
925457,0.9526321
925458,0.9526321
925459,0.9526321
925460,0.9582959
925461,0.9582959
925462,0.96315145
925463,0.9582959
925464,0.9604946
925465,0.9604946
925466,0.95968825
925467,0.95968825
925468,0.95968825
925469,0.9604946
925470,0.95725405
925471,0.9563846
925472,0.95814705
925473,0.95725405
925474,0.9563846
925475,0.96145374
925476,0.9563846
925477,0.95725405
925478,0.9539347
925479,0.9539347
925480,0.9539347
925481,0.96518534
925482,0.9539347
925483,0.9539347
925484,0.96518534
925485,0.9539347
925486,0.9539347
925487,0.9593658
925488,0.9539347
925489,0.9539347
925490,0.9550193
925491,0.94606876
925492,0.94606876
925493,0.9474355
925494,0.9591581
925495,0.94606876
925496,0.94606876
925497,0.94606876
925498,0.94606876
925499,0.94606876
925500,0.9482386
925501,0.94606876
925502,0.94606876
925503,0.94606876
925504,0.94606876
925505,0.9474355
925506,0.94606876
925507,0.94606876
925508,0.94606876
925509,0.94606876
925510,0.9083723
925511,0.94606876
925512,0.94606876
925513,0.9562213
925514,0.9519886
925515,0.9519886
925516,0.9519886
925517,0.9519886
925518,0.9519886
925519,0.9519886
925520,0.95339024
925521,0.9532128
925522,0.9519886
925523,0.9519886
925524,0.9519886
925525,0.9519886
925526,0.9519886
925527,0.9519886
925528,0.9519886
925529,0.9531167
925530,0.9519886
925531,0.9562213
925532,0.9562213
925533,0.95392007
925534,0.9519886
925535,0.9519886
925536,0.9519886
925537,0.9519886
925538,0.91807157
925539,0.9636963
925540,0.9519886
925541,0.9519886
925542,0.9555068
925543,0.9555068
925544,0.9555068
925545,0.9519886
925546,0.9555068
925547,0.9555068
925548,0.9519886
925549,0.9519886
925550,0.9519886
925551,0.9519886
925552,0.9402001
925553,0.9402001
925554,0.9402001
925555,0.9417064
925556,0.94158816
925557,0.9402001
925558,0.94158816
925559,0.9402001
925560,0.9402001
925561,0.9402001
925562,0.94158816
925563,0.9402001
925564,0.9419249
925565,0.94158816
925566,0.9419249
925567,0.9546456
925568,0.9402001
925569,0.9402001
925570,0.9402001
925571,0.9417064
925572,0.94541246
925573,0.94541246
925574,0.9402001
925575,0.9402001
925576,0.9402001
925577,0.9402001
925578,0.9402001
925579,0.9402001
925580,0.9402001
925581,0.9402001
925582,0.9402001
925583,0.9419249
925584,0.9417064
925585,0.9419249
925586,0.9417064
925587,0.9402001
925588,0.9402001
925589,0.94259167
925590,0.9402001
925591,0.9281364
925592,0.08947678
925593,0.054006014
925594,0.05458895
925595,0.055408876
925596,0.034050282
925597,0.034050282
925598,0.033257823
925599,0.033257823
925600,0.040493958
925601,0.28548688
925602,0.20818906
925603,0.20698878
925604,0.1984062
925605,0.19581129
925606,0.19338757
925607,0.17620069
925608,0.013751618
925609,0.02868095
925610,0.04619598
925611,0.047012795
925612,0.04802212
925613,0.04802212
925614,0.08400004
925615,0.25788653
925616,0.27848884
925617,0.30866402
925618,0.21666786
925619,0.24473016
925620,0.1872321
925621,0.17991589
925622,0.042132005
925623,0.16410884
925624,0.15904053
925625,0.14205474
925626,0.1393604
925627,0.13751593
925628,0.13751593
925629,0.098563224
925630,0.075272895
925631,0.19951087
925632,0.035080396
925633,0.11825595
925634,0.09689091
925635,0.576665
925636,0.6450353
925637,0.7333957
925638,0.7517622
925639,0.7477503
925640,0.76655966
925641,0.7717631
925642,0.7768256
925643,0.7768256
925644,0.80414504
925645,0.688139
925646,0.78513587
925647,0.78513587
925648,0.78513587
925649,0.7886745
925650,0.8076139
925651,0.5277333
925652,0.7867203
925653,0.7877917
925654,0.76466656
925655,0.78354925
925656,0.80890703
925657,0.78354925
925658,0.8010497
925659,0.5197145
925660,0.78127635
925661,0.7800867
925662,0.77552277
925663,0.5087718
925664,0.77369815
925665,0.8125506
925666,0.7854658
925667,0.59926957
925668,0.37993345
925669,0.28085357
925670,0.27938223
925671,0.2580474
925672,0.25581983
925673,0.25288692
925674,0.25288692
925675,0.2337438
925676,0.22619058
925677,0.05901159
925678,0.53917724
925679,0.59665424
925680,0.61998796
925681,0.6427925
925682,0.62858504
925683,0.62858504
925684,0.62858504
925685,0.62858504
925686,0.65383446
925687,0.63234174
925688,0.62807107
925689,0.6237051
925690,0.6237051
925691,0.6360877
925692,0.4536932
925693,0.6205618
925694,0.6070849
925695,0.44117245
925696,0.30667025
925697,0.10532373
925698,0.019576993
925699,0.092742935
925700,0.09339362
925701,0.07882544
925702,0.08260864
925703,0.08315786
925704,0.08315786
925705,0.060140613
925706,0.03430914
925707,0.11479273
925708,0.104139835
925709,0.37043524
925710,0.21041547
925711,0.16302243
925712,0.15798134
925713,0.1410897
925714,0.1384107
925715,0.13657682
925716,0.10044908
925717,0.07093463
925718,0.18563479
925719,0.18173707
925720,0.17656706
925721,0.16363187
925722,0.16470793
925723,0.16443355
925724,0.16443355
925725,0.16443355
925726,0.16443355
925727,0.16443355
925728,0.16443355
925729,0.17197926
925730,0.29932308
925731,0.22802651
925732,0.031865086
925733,0.4222025
925734,0.4407718
925735,0.45831543
925736,0.45248926
925737,0.45248926
925738,0.45403776
925739,0.45403776
925740,0.45403776
925741,0.45403776
925742,0.4406822
925743,0.2890527
925744,0.26819927
925745,0.15530398
925746,0.11091685
925747,0.03025835
925748,0.2768822
925749,0.24351023
925750,0.21911421
925751,0.14784093
925752,0.21247464
925753,0.1469995
925754,0.24166016
925755,0.20295689
925756,0.1517734
925757,0.029694228
925758,0.19723101
925759,0.19944982
925760,0.20070492
925761,0.20154086
925762,0.19927609
925763,0.19927609
925764,0.19927609
925765,0.18096015
925766,0.18096015
925767,0.26825672
925768,0.051620614
925769,0.5565869
925770,0.6031723
925771,0.7042986
925772,0.6507938
925773,0.6507938
925774,0.6507938
925775,0.6507938
925776,0.6507938
925777,0.6493724
925778,0.64284784
925779,0.6346639
925780,0.62796444
925781,0.6229763
925782,0.61372805
925783,0.2262502
925784,0.07006223
925785,0.42421067
925786,0.43909234
925787,0.45017153
925788,0.45518395
925789,0.45518395
925790,0.45518395
925791,0.45518395
925792,0.45518395
925793,0.45518395
925794,0.44452187
925795,0.43578216
925796,0.4214044
925797,0.21586049
925798,0.050188545
925799,0.2685897
925800,0.2167948
925801,0.13627566
925802,0.6114503
925803,0.63505393
925804,0.7335733
925805,0.7264678
925806,0.79153204
925807,0.7372166
925808,0.72484714
925809,0.71856105
925810,0.7450593
925811,0.7819874
925812,0.7416532
925813,0.7233177
925814,0.7220035
925815,0.71922135
925816,0.71922135
925817,0.7799578
925818,0.7178262
925819,0.7261778
925820,0.7039617
925821,0.76825124
925822,0.6913628
925823,0.689843
925824,0.689843
925825,0.709506
925826,0.68289787
925827,0.37314615
925828,0.028006436
925829,0.134633
925830,0.13623469
925831,0.13455415
925832,0.1367457
925833,0.13432193
925834,0.15827373
925835,0.13432193
925836,0.18111539
925837,0.09312078
925838,0.29851985
925839,0.31371444
925840,0.30194348
925841,0.2651893
925842,0.023337571
925843,0.10741998
925844,0.13372228
925845,0.08815333
925846,0.079582416
925847,0.088238806
925848,0.07894781
925849,0.06934038
925850,0.026834702
925851,0.13406628
925852,0.12598056
925853,0.12639815
925854,0.13298397
925855,0.12544301
925856,0.16180925
925857,0.12544301
925858,0.1480824
925859,0.14714095
925860,0.22274247
925861,0.047026604
925862,0.25786078
925863,0.262109
925864,0.16796756
925865,0.06947347
925866,0.05903831
925867,0.057160072
925868,0.043164335
925869,0.29226843
925870,0.08714561
925871,0.07761216
925872,0.06995219
925873,0.06055765
925874,0.013021704
925875,0.053278614
925876,0.051422603
925877,0.050796807
925878,0.049621347
925879,0.049034413
925880,0.049034413
925881,0.03333397
925882,0.022900743
925883,0.07976117
925884,0.07424651
925885,0.061777297
925886,0.021588126
925887,0.07170595
925888,0.06095744
925889,0.05902197
925890,0.07583191
925891,0.022840243
925892,0.112418
925893,0.11197335
925894,0.11830817
925895,0.118100144
925896,0.12215042
925897,0.12215042
925898,0.11846957
925899,0.11846957
925900,0.11850226
925901,0.14175352
925902,0.22978564
925903,0.21942368
925904,0.21866006
925905,0.22461097
925906,0.2316654
925907,0.2316654
925908,0.2316654
925909,0.2316654
925910,0.2316654
925911,0.2316654
925912,0.23002914
925913,0.15216841
925914,0.032469742
925915,0.13510421
925916,0.13255677
925917,0.12353556
925918,0.1471434
925919,0.17194198
925920,0.13258953
925921,0.13795476
925922,0.13833025
925923,0.22987527
925924,0.2229051
925925,0.099143684
925926,0.15646018
925927,0.062066294
925928,0.2368712
925929,0.23159638
925930,0.21982408
925931,0.20825386
925932,0.15888649
925933,0.029820155
925934,0.12255692
925935,0.102625385
925936,0.036570467
925937,0.14275096
925938,0.012137018
925939,0.025250932
925940,0.024934914
925941,0.024026714
925942,0.0267465
925943,0.0267465
925944,0.06591356
925945,0.02146728
925946,0.05621046
925947,0.055562537
925948,0.056600243
925949,0.05078036
925950,0.06561929
925951,0.2283916
925952,0.22136353
925953,0.20839547
925954,0.20025858
925955,0.011867845
925956,0.026276367
925957,0.023938455
925958,0.024026714
925959,0.0267465
925960,0.0267465
925961,0.0267465
925962,0.025259595
925963,0.01464007
925964,0.05621199
925965,0.05642491
925966,0.058141608
925967,0.058199108
925968,0.058199108
925969,0.058199108
925970,0.05160073
925971,0.0106451865
925972,0.02337875
925973,0.022198739
925974,0.02137173
925975,0.0232306
925976,0.0232306
925977,0.02210352
925978,0.02513142
925979,0.074750334
925980,0.0106451865
925981,0.02337875
925982,0.021712469
925983,0.02137173
925984,0.009354273
925985,0.0232306
925986,0.054827143
925987,0.29977342
925988,0.27327302
925989,0.2516161
925990,0.24726589
925991,0.23859578
925992,0.23429015
925993,0.1522658
925994,0.13969475
925995,0.11511562
925996,0.11126086
925997,0.105950765
925998,0.1127092
925999,0.23384407
926000,0.08765522
926001,0.11294122
926002,0.086268984
926003,0.09232353
926004,0.094830565
926005,0.071455576
926006,0.027933577
926007,0.11398707
926008,0.10840434
926009,0.24736619
926010,0.046919413
926011,0.17369442
926012,0.2958748
926013,0.13120633
926014,0.23594294
926015,0.11221521
926016,0.26508585
926017,0.26590964
926018,0.3090989
926019,0.18221991
926020,0.2975173
926021,0.21565866
926022,0.13661341
926023,0.026588306
926024,0.16721812
926025,0.17961565
926026,0.037745193
926027,0.11221521
926028,0.13125776
926029,0.601973
926030,0.6883384
926031,0.75915945
926032,0.77773964
926033,0.7841235
926034,0.79155517
926035,0.79444754
926036,0.79504853
926037,0.7918001
926038,0.7925172
926039,0.7925172
926040,0.7902425
926041,0.7863922
926042,0.7863922
926043,0.7834168
926044,0.7834168
926045,0.7744658
926046,0.7744658
926047,0.77455515
926048,0.7687651
926049,0.7674982
926050,0.7674982
926051,0.7674982
926052,0.76548845
926053,0.7651073
926054,0.760494
926055,0.7592262
926056,0.50987184
926057,0.1333467
926058,0.031229524
926059,0.25749913
926060,0.058964707
926061,0.056693457
926062,0.55815256
926063,0.62179357
926064,0.66716707
926065,0.67407215
926066,0.67407215
926067,0.5587181
926068,0.67407215
926069,0.67407215
926070,0.67407215
926071,0.668985
926072,0.66108423
926073,0.65460557
926074,0.6493702
926075,0.6493702
926076,0.6469243
926077,0.48945278
926078,0.026836596
926079,0.10885185
926080,0.13020565
926081,0.10017585
926082,0.09999611
926083,0.10312048
926084,0.10534398
926085,0.10312048
926086,0.07750502
926087,0.02342759
926088,0.089054205
926089,0.087929964
926090,0.08288446
926091,0.081646554
926092,0.095739685
926093,0.083889596
926094,0.06337063
926095,0.24281771
926096,0.020250551
926097,0.092397176
926098,0.086415775
926099,0.08183951
926100,0.096495144
926101,0.07947705
926102,0.083889596
926103,0.06337063
926104,0.15168974
926105,0.049557984
926106,0.04782504
926107,0.045407116
926108,0.0449766
926109,0.044317007
926110,0.044317007
926111,0.030814445
926112,0.021461973
926113,0.117797345
926114,0.070482396
926115,0.06668829
926116,0.06567495
926117,0.052429236
926118,0.026327725
926119,0.06056919
926120,0.053878233
926121,0.05014062
926122,0.03998089
926123,0.02671783
926124,0.066245474
926125,0.06112777
926126,0.059622236
926127,0.07797675
926128,0.057860717
926129,0.057860717
926130,0.044361282
926131,0.025214974
926132,0.058587823
926133,0.049899712
926134,0.047668483
926135,0.03957174
926136,0.02414586
926137,0.07841339
926138,0.08312849
926139,0.08341758
926140,0.083265126
926141,0.08623754
926142,0.08623754
926143,0.08623754
926144,0.09631273
926145,0.06904591
926146,0.03420112
926147,0.09712896
926148,0.035531748
926149,0.22100957
926150,0.24831873
926151,0.28725228
926152,0.30358228
926153,0.305297
926154,0.30177963
926155,0.31174505
926156,0.3392805
926157,0.32947412
926158,0.32744136
926159,0.3254946
926160,0.3261074
926161,0.3261074
926162,0.24089041
926163,0.024248006
926164,0.12563545
926165,0.12514588
926166,0.12897189
926167,0.13353987
926168,0.13803677
926169,0.13803677
926170,0.13803677
926171,0.14801145
926172,0.10949907
926173,0.1431156
926174,0.14086112
926175,0.38725466
926176,0.41218624
926177,0.43765542
926178,0.45865604
926179,0.4649221
926180,0.46565557
926181,0.46565557
926182,0.46565557
926183,0.46565557
926184,0.46565557
926185,0.46392176
926186,0.45511308
926187,0.44732824
926188,0.44732824
926189,0.48941463
926190,0.44467825
926191,0.2707077
926192,0.07736726
926193,0.3709829
926194,0.3918102
926195,0.40344703
926196,0.40952942
926197,0.41024253
926198,0.41024253
926199,0.41024253
926200,0.41024253
926201,0.41024253
926202,0.40391642
926203,0.39540666
926204,0.38874274
926205,0.2563213
926206,0.06034304
926207,0.20572181
926208,0.19364202
926209,0.17498945
926210,0.2103666
926211,0.37559962
926212,0.30881298
926213,0.30009547
926214,0.27394593
926215,0.12716469
926216,0.5848839
926217,0.66679174
926218,0.75501794
926219,0.7799932
926220,0.79728395
926221,0.8266174
926222,0.8262026
926223,0.82933456
926224,0.82933456
926225,0.83884454
926226,0.83884454
926227,0.8395515
926228,0.8395515
926229,0.8395515
926230,0.83769023
926231,0.83769023
926232,0.83910835
926233,0.84159136
926234,0.8361255
926235,0.8348348
926236,0.8338517
926237,0.82328093
926238,0.82328093
926239,0.8297054
926240,0.8294053
926241,0.8344581
926242,0.8334961
926243,0.8297091
926244,0.82800996
926245,0.82800996
926246,0.85699946
926247,0.85699946
926248,0.82221127
926249,0.82221127
926250,0.7749211
926251,0.7749211
926252,0.5331787
926253,0.24846998
926254,0.13132618
926255,0.12025887
926256,0.11411426
926257,0.11612534
926258,0.14850976
926259,0.5127287
926260,0.48211476
926261,0.35540396
926262,0.480617
926263,0.38108093
926264,0.4882626
926265,0.4882626
926266,0.4377109
926267,0.12502879
926268,0.6026663
926269,0.6961207
926270,0.77915335
926271,0.8315296
926272,0.84557194
926273,0.8593678
926274,0.8590179
926275,0.86165756
926276,0.86165756
926277,0.8696495
926278,0.8696495
926279,0.87024224
926280,0.87024224
926281,0.85013425
926282,0.86868125
926283,0.86868125
926284,0.86987066
926285,0.86789167
926286,0.8659319
926287,0.864838
926288,0.855042
926289,0.855042
926290,0.855042
926291,0.85099703
926292,0.84715736
926293,0.8545341
926294,0.8536682
926295,0.8502576
926296,0.8419916
926297,0.84872615
926298,0.84872615
926299,0.84872615
926300,0.81236595
926301,0.81236595
926302,0.76321125
926303,0.76321125
926304,0.5162297
926305,0.028086461
926306,0.45986846
926307,0.4670803
926308,0.4680231
926309,0.62520087
926310,0.46752623
926311,0.46752623
926312,0.46752623
926313,0.46752623
926314,0.44255626
926315,0.21768759
926316,0.047490582
926317,0.46585262
926318,0.490751
926319,0.49271095
926320,0.49221215
926321,0.49221215
926322,0.49221215
926323,0.49221215
926324,0.49221215
926325,0.49221215
926326,0.41998678
926327,0.15995295
926328,0.18584023
926329,0.16277876
926330,0.12662522
926331,0.17241435
926332,0.17304648
926333,0.09845182
926334,0.09845182
926335,0.07511668
926336,0.10261693
926337,0.06791587
926338,0.026176961
926339,0.116958894
926340,0.13563217
926341,0.015137167
926342,0.05628521
926343,0.05433047
926344,0.05043383
926345,0.05069053
926346,0.051437866
926347,0.038109854
926348,0.036964294
926349,0.13923733
926350,0.17544252
926351,0.13120456
926352,0.1823909
926353,0.20021614
926354,0.14952524
926355,0.1823909
926356,0.18823807
926357,0.16104767
926358,0.028105525
926359,0.080608934
926360,0.069597624
926361,0.056191087
926362,0.07332607
926363,0.5491032
926364,0.6217347
926365,0.66193426
926366,0.6775905
926367,0.6775905
926368,0.6775905
926369,0.67791474
926370,0.67791474
926371,0.67791474
926372,0.6818763
926373,0.68158555
926374,0.66618496
926375,0.40150273
926376,0.6789626
926377,0.6774571
926378,0.6774571
926379,0.6710249
926380,0.66717887
926381,0.67688
926382,0.1950924
926383,0.018264774
926384,0.06258832
926385,0.056248434
926386,0.053814612
926387,0.053262133
926388,0.037506685
926389,0.03903865
926390,0.30354103
926391,0.32106632
926392,0.25282532
926393,0.38685212
926394,0.38685212
926395,0.37739697
926396,0.37739697
926397,0.36822957
926398,0.17812687
926399,0.33376732
926400,0.12151517
926401,0.023387814
926402,0.089517616
926403,0.5693686
926404,0.44176608
926405,0.7258412
926406,0.7428309
926407,0.7528742
926408,0.5569592
926409,0.7855686
926410,0.7699175
926411,0.7699175
926412,0.77312607
926413,0.77312607
926414,0.4883387
926415,0.771974
926416,0.771974
926417,0.47026753
926418,0.77075744
926419,0.76760644
926420,0.7644933
926421,0.7802129
926422,0.7577731
926423,0.7610922
926424,0.7610922
926425,0.7317735
926426,0.7590444
926427,0.7586561
926428,0.7586561
926429,0.7573816
926430,0.767635
926431,0.75249594
926432,0.61969787
926433,0.33678797
926434,0.31970567
926435,0.32171908
926436,0.31184137
926437,0.31079447
926438,0.30348402
926439,0.20306273
926440,0.0375397
926441,0.4269538
926442,0.4671899
926443,0.4776847
926444,0.48703438
926445,0.48703438
926446,0.48703438
926447,0.48703438
926448,0.48703438
926449,0.48703438
926450,0.47289336
926451,0.48252127
926452,0.4732312
926453,0.3186133
926454,0.38302615
926455,0.033449974
926456,0.31729448
926457,0.25313634
926458,0.03263076
926459,0.27280873
926460,0.20933555
926461,0.024767233
926462,0.113180436
926463,0.115904376
926464,0.11722881
926465,0.19470003
926466,0.05672174
926467,0.38166648
926468,0.42300445
926469,0.46599877
926470,0.48942846
926471,0.48942846
926472,0.48942846
926473,0.48942846
926474,0.48942846
926475,0.48942846
926476,0.48712578
926477,0.48491406
926478,0.4706946
926479,0.4706946
926480,0.3705182
926481,0.17646974
926482,0.024799924
926483,0.113180436
926484,0.115904376
926485,0.12672652
926486,0.16167633
926487,0.24008489
926488,0.11280131
926489,0.10080558
926490,0.09554695
926491,0.09471071
926492,0.07288339
926493,0.07646688
926494,0.27957144
926495,0.16261508
926496,0.15559758
926497,0.100705214
926498,0.36658132
926499,0.2930563
926500,0.37796077
926501,0.027887024
926502,0.18622662
926503,0.06536009
926504,0.43250668
926505,0.4513223
926506,0.43871665
926507,0.43822536
926508,0.44820556
926509,0.43822536
926510,0.43822536
926511,0.44713497
926512,0.41244563
926513,0.38087663
926514,0.31385604
926515,0.31331828
926516,0.3245843
926517,0.33219236
926518,0.34709388
926519,0.43445057
926520,0.34709388
926521,0.34709388
926522,0.35908845
926523,0.35908845
926524,0.35697025
926525,0.35494053
926526,0.3439088
926527,0.2425043
926528,0.06528821
926529,0.43387568
926530,0.34929618
926531,0.4479038
926532,0.44245446
926533,0.44245446
926534,0.62316597
926535,0.35062617
926536,0.44245446
926537,0.44245446
926538,0.3887748
926539,0.2054602
926540,0.107310325
926541,0.5031802
926542,0.5334156
926543,0.6214059
926544,0.6483423
926545,0.6483423
926546,0.65398514
926547,0.6468688
926548,0.6587704
926549,0.6587704
926550,0.66569704
926551,0.66569704
926552,0.6814054
926553,0.66609335
926554,0.7329351
926555,0.66455734
926556,0.6686217
926557,0.6323763
926558,0.729636
926559,0.65347266
926560,0.76223725
926561,0.71179485
926562,0.42760274
926563,0.035102952
926564,0.39003438
926565,0.38645783
926566,0.38017622
926567,0.37966558
926568,0.3760302
926569,0.34260786
926570,0.06351403
926571,0.2986285
926572,0.17202055
926573,0.15801775
926574,0.14755848
926575,0.1841542
926576,0.07905696
926577,0.3694726
926578,0.3552034
926579,0.6357925
926580,0.65165967
926581,0.7106614
926582,0.7321235
926583,0.76247764
926584,0.77436364
926585,0.78254086
926586,0.8057544
926587,0.81121105
926588,0.81473416
926589,0.81473416
926590,0.8152368
926591,0.8152368
926592,0.8152368
926593,0.8141954
926594,0.8141954
926595,0.85930645
926596,0.8279383
926597,0.81416243
926598,0.8257586
926599,0.8103203
926600,0.8247327
926601,0.8103203
926602,0.8200201
926603,0.80034566
926604,0.8488483
926605,0.79923314
926606,0.79108095
926607,0.78578967
926608,0.8371087
926609,0.78578967
926610,0.78578967
926611,0.55535084
926612,0.033432495
926613,0.1684347
926614,0.18299213
926615,0.16890836
926616,0.16769366
926617,0.18022008
926618,0.18112369
926619,0.17024124
926620,0.21806169
926621,0.17345785
926622,0.12923226
926623,0.1855866
926624,0.113609284
926625,0.11656281
926626,0.11737278
926627,0.11758913
926628,0.11758913
926629,0.11613797
926630,0.11613797
926631,0.116312705
926632,0.116312705
926633,0.13721533
926634,0.025199471
926635,0.10031161
926636,0.13720453
926637,0.09322332
926638,0.09184645
926639,0.09791045
926640,0.09346121
926641,0.06913456
926642,0.020467134
926643,0.08174312
926644,0.0694751
926645,0.065731384
926646,0.06876026
926647,0.051838186
926648,0.23040168
926649,0.1665545
926650,0.020467134
926651,0.07806622
926652,0.0694751
926653,0.065731384
926654,0.06925483
926655,0.050563637
926656,0.02453596
926657,0.07209281
926658,0.06705645
926659,0.021320706
926660,0.066043444
926661,0.06456967
926662,0.062396854
926663,0.05997076
926664,0.06455625
926665,0.06455625
926666,0.06455625
926667,0.055048186
926668,0.38920802
926669,0.016657367
926670,0.06597364
926671,0.064228825
926672,0.062396854
926673,0.062280208
926674,0.06455625
926675,0.06455625
926676,0.06455625
926677,0.055048186
926678,0.024527658
926679,0.07665566
926680,0.10228041
926681,0.09983984
926682,0.04359191
926683,0.043256782
926684,0.04350352
926685,0.04266639
926686,0.058111597
926687,0.31626704
926688,0.22433877
926689,0.21534263
926690,0.20574948
926691,0.22674166
926692,0.3014125
926693,0.1587643
926694,0.14677386
926695,0.115617625
926696,0.32169503
926697,0.30111763
926698,0.2939576
926699,0.26473993
926700,0.23304169
926701,0.22686242
926702,0.22812289
926703,0.22541131
926704,0.13998024
926705,0.023359705
926706,0.14346793
926707,0.1389311
926708,0.13269155
926709,0.13361233
926710,0.12774636
926711,0.08916468
926712,0.28075603
926713,0.11219387
926714,0.27371675
926715,0.2581385
926716,0.23726386
926717,0.168288
926718,0.06199138
926719,0.29199013
926720,0.28962174
926721,0.29727057
926722,0.29699185
926723,0.28949398
926724,0.29262316
926725,0.29262316
926726,0.29262316
926727,0.29262316
926728,0.2907192
926729,0.28692284
926730,0.17610253
926731,0.23111185
926732,0.13753651
926733,0.14781617
926734,0.13761398
926735,0.13737732
926736,0.13737732
926737,0.13737732
926738,0.15975574
926739,0.14371996
926740,0.09908163
926741,0.027450524
926742,0.13898832
926743,0.12779349
926744,0.11182246
926745,0.10125581
926746,0.07273149
926747,0.25531635
926748,0.23429687
926749,0.21479203
926750,0.23014377
926751,0.07094558
926752,0.28602344
926753,0.29679233
926754,0.3020993
926755,0.3050232
926756,0.3050232
926757,0.3050232
926758,0.3050232
926759,0.3050232
926760,0.3050232
926761,0.3030731
926762,0.2939712
926763,0.2557808
926764,0.28065592
926765,0.28065592
926766,0.27849573
926767,0.26929078
926768,0.027187128
926769,0.117416166
926770,0.10583609
926771,0.100344345
926772,0.10024756
926773,0.07508214
926774,0.5026104
926775,0.15501826
926776,0.029329643
926777,0.15449601
926778,0.1787664
926779,0.032172736
926780,0.028361011
926781,0.025256073
926782,0.023814894
926783,0.0273245
926784,0.0825942
926785,0.46153635
926786,0.4687517
926787,0.46969485
926788,0.46919778
926789,0.56518185
926790,0.27095273
926791,0.46938887
926792,0.46919778
926793,0.44190544
926794,0.059890736
926795,0.3007282
926796,0.31983352
926797,0.32360712
926798,0.32855427
926799,0.32855427
926800,0.32855427
926801,0.32855427
926802,0.32855427
926803,0.32855427
926804,0.28040537
926805,0.01250477
926806,0.021896053
926807,0.020609748
926808,0.019775836
926809,0.02285824
926810,0.022456499
926811,0.022456499
926812,0.022456499
926813,0.022621432
926814,0.05789981
926815,0.5909033
926816,0.39513105
926817,0.031350818
926818,0.14358425
926819,0.14696555
926820,0.16016254
926821,0.16450696
926822,0.16450696
926823,0.16450696
926824,0.19626693
926825,0.010890507
926826,0.019140761
926827,0.018170679
926828,0.017491052
926829,0.01965159
926830,0.01965159
926831,0.01965159
926832,0.048507094
926833,0.0960515
926834,0.23894809
926835,0.28452766
926836,0.30202597
926837,0.29764315
926838,0.28537506
926839,0.28438026
926840,0.27744108
926841,0.27744108
926842,0.1914329
926843,0.0675921
926844,0.052056186
926845,0.5619641
926846,0.5616266
926847,0.5790003
926848,0.586601
926849,0.586601
926850,0.586601
926851,0.586601
926852,0.586601
926853,0.586601
926854,0.5717136
926855,0.5630077
926856,0.5520415
926857,0.34800887
926858,0.03494543
926859,0.31160465
926860,0.25266185
926861,0.11232951
926862,0.1765187
926863,0.16960138
926864,0.17993182
926865,0.18227145
926866,0.18565093
926867,0.18565093
926868,0.18565093
926869,0.18565093
926870,0.16523725
926871,0.029008707
926872,0.11888277
926873,0.124230035
926874,0.1357103
926875,0.120225884
926876,0.12756096
926877,0.23518617
926878,0.27409524
926879,0.26996088
926880,0.25841403
926881,0.25747934
926882,0.2509663
926883,0.28437677
926884,0.26397523
926885,0.23220962
926886,0.22959541
926887,0.08945225
926888,0.02332758
926889,0.020579798
926890,0.020506337
926891,0.06530922
926892,0.23632865
926893,0.22067605
926894,0.20200597
926895,0.17510642
926896,0.009013505
926897,0.013761838
926898,0.015341135
926899,0.014765737
926900,0.015430216
926901,0.016355349
926902,0.015793571
926903,0.1453202
926904,0.0093802735
926905,0.016238362
926906,0.015961234
926907,0.015362946
926908,0.016053865
926909,0.017015742
926910,0.0163432
926911,0.42346278
926912,0.008680708
926913,0.016815389
926914,0.015350711
926915,0.015362946
926916,0.01604431
926917,0.017015742
926918,0.0163432
926919,0.050012562
926920,0.38297766
926921,0.40723675
926922,0.4081512
926923,0.40766922
926924,0.41046977
926925,0.40766922
926926,0.40766922
926927,0.40766922
926928,0.35391632
926929,0.17867869
926930,0.11880405
926931,0.10906601
926932,0.09853404
926933,0.10049344
926934,0.08354953
926935,0.014392417
926936,0.025012678
926937,0.024938256
926938,0.025816701
926939,0.029037364
926940,0.029037364
926941,0.029037364
926942,0.029037364
926943,0.03055518
926944,0.028366145
926945,0.07930419
926946,0.30914384
926947,0.43214372
926948,0.41867682
926949,0.21258324
926950,0.5996511
926951,0.41819122
926952,0.35384908
926953,0.35384908
926954,0.336258
926955,0.015917173
926956,0.093273275
926957,0.0901567
926958,0.08083449
926959,0.08533021
926960,0.08413096
926961,0.07013
926962,0.017799495
926963,0.023969553
926964,0.021147795
926965,0.017141197
926966,0.021909682
926967,0.108507164
926968,0.51250684
926969,0.5591833
926970,0.585528
926971,0.5959759
926972,0.5959759
926973,0.6027701
926974,0.59943634
926975,0.59943634
926976,0.59943634
926977,0.60596144
926978,0.6008402
926979,0.5975313
926980,0.59573245
926981,0.59573245
926982,0.5925082
926983,0.5925082
926984,0.5787112
926985,0.5730274
926986,0.5623022
926987,0.32339132
926988,0.028836893
926989,0.13034421
926990,0.11880376
926991,0.1603812
926992,0.011102395
926993,0.018242411
926994,0.017317053
926995,0.016668798
926996,0.018459449
926997,0.018459449
926998,0.070303775
926999,0.073667176
927000,0.37566808
927001,0.346408
927002,0.3416153
927003,0.31338847
927004,0.03172039
927005,0.12441384
927006,0.11242255
927007,0.10782502
927008,0.10689402
927009,0.0809062
927010,0.11959422
927011,0.116548255
927012,0.10771711
927013,0.110536486
927014,0.11130994
927015,0.11151652
927016,0.11151652
927017,0.11013091
927018,0.11013091
927019,0.11029774
927020,0.11029774
927021,0.093286216
927022,0.24602292
927023,0.22633478
927024,0.032042474
927025,0.14963539
927026,0.14906825
927027,0.15006573
927028,0.14896227
927029,0.14896227
927030,0.14896227
927031,0.15801361
927032,0.16104403
927033,0.16104403
927034,0.11917537
927035,0.02475884
927036,0.05147997
927037,0.051087443
927038,0.050686996
927039,0.045583744
927040,0.022153094
927041,0.09678121
927042,0.09224624
927043,0.08007786
927044,0.07887825
927045,0.078248784
927046,0.15804577
927047,0.015727777
927048,0.045353353
927049,0.045527123
927050,0.045696773
927051,0.04545177
927052,0.04545177
927053,0.04081525
927054,0.02250708
927055,0.04896143
927056,0.0485871
927057,0.04820528
927058,0.05460538
927059,0.11960244
927060,0.05672876
927061,0.018065987
927062,0.04544248
927063,0.04509378
927064,0.045350514
927065,0.0444795
927066,0.040177632
927067,0.033082515
927068,0.07600908
927069,0.33580902
927070,0.24340026
927071,0.22764772
927072,0.21737175
927073,0.21718934
927074,0.16502899
927075,0.29072917
927076,0.14491813
927077,0.11965841
927078,0.096470416
927079,0.5166766
927080,0.54326516
927081,0.5550942
927082,0.5634576
927083,0.5634576
927084,0.5634576
927085,0.5634576
927086,0.5634576
927087,0.5634576
927088,0.5474501
927089,0.53393495
927090,0.5020513
927091,0.35175613
927092,0.030115474
927093,0.13613847
927094,0.12611963
927095,0.13192217
927096,0.1317994
927097,0.1358334
927098,0.0875766
927099,0.062209237
927100,0.042917106
927101,0.23875377
927102,0.17953654
927103,0.26274014
927104,0.22590208
927105,0.22460349
927106,0.020940652
927107,0.10368105
927108,0.106407456
927109,0.10715544
927110,0.107997276
927111,0.107997276
927112,0.10665017
927113,0.10665017
927114,0.10681234
927115,0.10681234
927116,0.09692397
927117,0.02255756
927118,0.051849533
927119,0.051454317
927120,0.04802978
927121,0.01571603
927122,0.07259142
927123,0.074568294
927124,0.07483005
927125,0.07543939
927126,0.07543939
927127,0.07543939
927128,0.07543939
927129,0.078715935
927130,0.070190534
927131,0.2559523
927132,0.12857634
927133,0.1171238
927134,0.123601526
927135,0.15489967
927136,0.022727603
927137,0.050630935
927138,0.050244514
927139,0.04689652
927140,0.45463103
927141,0.461545
927142,0.49152663
927143,0.5092508
927144,0.5170605
927145,0.5170605
927146,0.5170605
927147,0.5170605
927148,0.5170605
927149,0.5170605
927150,0.5035767
927151,0.4947099
927152,0.5569294
927153,0.30557835
927154,0.01496412
927155,0.04795955
927156,0.048142802
927157,0.04897563
927158,0.04902454
927159,0.04902454
927160,0.044200294
927161,0.082017474
927162,0.53700686
927163,0.60156065
927164,0.6645249
927165,0.67912656
927166,0.67912656
927167,0.67912656
927168,0.68225455
927169,0.68225455
927170,0.68225455
927171,0.6820026
927172,0.6817119
927173,0.6787149
927174,0.6753039
927175,0.6753039
927176,0.67142767
927177,0.67142767
927178,0.65876395
927179,0.6552756
927180,0.64991546
927181,0.63608676
927182,0.38513923
927183,0.01571603
927184,0.07259142
927185,0.074568294
927186,0.07483005
927187,0.033504784
927188,0.033504784
927189,0.032724597
927190,0.032724597
927191,0.03421457
927192,0.036938682
927193,0.29843122
927194,0.038877394
927195,0.27360517
927196,0.063180976
927197,0.3228228
927198,0.42155343
927199,0.5739017
927200,0.59403837
927201,0.5793799
927202,0.5793799
927203,0.5797418
927204,0.5797418
927205,0.5797418
927206,0.57479715
927207,0.7226888
927208,0.5818644
927209,0.5818644
927210,0.5818644
927211,0.58018506
927212,0.58018506
927213,0.5577651
927214,0.57320666
927215,0.5747705
927216,0.69056964
927217,0.63908833
927218,0.48004022
927219,0.05200883
927220,0.10862684
927221,0.18840586
927222,0.17110126
927223,0.06954242
927224,0.066484556
927225,0.060528465
927226,0.061149087
927227,0.051856015
927228,0.0135253705
927229,0.072105646
927230,0.068943426
927231,0.06278187
927232,0.06342403
927233,0.054788828
927234,0.2615481
927235,0.14211506
927236,0.106655285
927237,0.12482447
927238,0.12249685
927239,0.08449001
927240,0.016465234
927241,0.07470911
927242,0.07144151
927243,0.06507226
927244,0.068683
927245,0.025277717
927246,0.1652631
927247,0.13744482
927248,0.16829196
927249,0.16637471
927250,0.16442373
927251,0.16442373
927252,0.16442373
927253,0.16442373
927254,0.16442373
927255,0.108328626
927256,0.027338704
927257,0.16453925
927258,0.16646655
927259,0.16755751
927260,0.16742247
927261,0.16370285
927262,0.16370285
927263,0.16370285
927264,0.16370285
927265,0.16370285
927266,0.18990792
927267,0.26014084
927268,0.12545483
927269,0.12569818
927270,0.12602547
927271,0.08494032
927272,0.48904407
927273,0.50798416
927274,0.58235496
927275,0.641096
927276,0.6501493
927277,0.6501493
927278,0.6501493
927279,0.65048695
927280,0.65048695
927281,0.65048695
927282,0.6476225
927283,0.6476225
927284,0.64447194
927285,0.6427575
927286,0.6427575
927287,0.63870066
927288,0.63870066
927289,0.62759817
927290,0.62759817
927291,0.622056
927292,0.610413
927293,0.610413
927294,0.397191
927295,0.033003975
927296,0.17661968
927297,0.17357963
927298,0.17933099
927299,0.16436014
927300,0.16436014
927301,0.16436014
927302,0.16436014
927303,0.16436014
927304,0.1253477
927305,0.0654846
927306,0.50647026
927307,0.5321008
927308,0.5294947
927309,0.5315476
927310,0.5315476
927311,0.5315476
927312,0.5390194
927313,0.5315476
927314,0.5315476
927315,0.52267903
927316,0.51382405
927317,0.5040893
927318,0.39495292
927319,0.023139315
927320,0.112383544
927321,0.10720415
927322,0.10458061
927323,0.10367437
927324,0.102869116
927325,0.07555314
927326,0.08003793
927327,0.43109092
927328,0.36926094
927329,0.35109162
927330,0.023139315
927331,0.112383544
927332,0.10720415
927333,0.10458061
927334,0.10367437
927335,0.102869116
927336,0.08454149
927337,0.031660456
927338,0.16461067
927339,0.15967678
927340,0.16971634
927341,0.16597036
927342,0.16597036
927343,0.16597036
927344,0.16597036
927345,0.1844749
927346,0.12738115
927347,0.030152906
927348,0.13383603
927349,0.13670784
927350,0.12236251
927351,0.12143366
927352,0.13943571
927353,0.12143366
927354,0.12143366
927355,0.15741147
927356,0.25118238
927357,0.14638078
927358,0.3512981
927359,0.08844904
927360,0.23378837
927361,0.29763976
927362,0.1488441
927363,0.13228393
927364,0.095226474
927365,0.10068356
927366,0.031315163
927367,0.030944794
927368,0.0277443
927369,0.030859372
927370,0.015602728
927371,0.063400924
927372,0.16956891
927373,0.058383852
927374,0.059606805
927375,0.059606805
927376,0.058255445
927377,0.058255445
927378,0.058255445
927379,0.058255445
927380,0.057464942
927381,0.05020416
927382,0.22815105
927383,0.10240615
927384,0.015602728
927385,0.063400924
927386,0.06466486
927387,0.058383852
927388,0.059606805
927389,0.059606805
927390,0.058255445
927391,0.058255445
927392,0.058255445
927393,0.058255445
927394,0.057464942
927395,0.05020416
927396,0.020671062
927397,0.109662406
927398,0.111032315
927399,0.11180875
927400,0.11044955
927401,0.109068565
927402,0.109068565
927403,0.109068565
927404,0.109068565
927405,0.109068565
927406,0.07305909
927407,0.03287232
927408,0.01838566
927409,0.09290446
927410,0.08979899
927411,0.087305725
927412,0.08621548
927413,0.08510851
927414,0.08510851
927415,0.08510851
927416,0.058326185
927417,0.06694135
927418,0.026826074
927419,0.10879262
927420,0.097722314
927421,0.06932189
927422,0.3098998
927423,0.23240602
927424,0.2025543
927425,0.19002552
927426,0.17646319
927427,0.17324801
927428,0.13295001
927429,0.018257072
927430,0.09601326
927431,0.09281449
927432,0.08843336
927433,0.08671709
927434,0.084401526
927435,0.084401526
927436,0.060812708
927437,0.070553154
927438,0.39836296
927439,0.36924833
927440,0.37975848
927441,0.38287014
927442,0.38287014
927443,0.38287014
927444,0.38287014
927445,0.38287014
927446,0.38287014
927447,0.371339
927448,0.36309755
927449,0.3436483
927450,0.34454644
927451,0.026320454
927452,0.104039654
927453,0.098791145
927454,0.09234595
927455,0.102440655
927456,0.17112716
927457,0.061502106
927458,0.060752705
927459,0.057147384
927460,0.05598155
927461,0.056144956
927462,0.056144956
927463,0.039838236
927464,0.016269445
927465,0.061186284
927466,0.057323404
927467,0.057445575
927468,0.056676146
927469,0.055855006
927470,0.039628964
927471,0.016269445
927472,0.061186284
927473,0.059071988
927474,0.057445575
927475,0.056676146
927476,0.055855006
927477,0.07687577
927478,0.22524022
927479,0.17568322
927480,0.024288338
927481,0.13784751
927482,0.13951434
927483,0.14370745
927484,0.1459791
927485,0.14422591
927486,0.14422591
927487,0.14422591
927488,0.14422591
927489,0.14422591
927490,0.1430922
927491,0.092557155
927492,0.18704645
927493,0.20487995
927494,0.19394237
927495,0.17693397
927496,0.17371203
927497,0.13468532
927498,0.111617826
927499,0.4163043
927500,0.47006074
927501,0.5303943
927502,0.5533356
927503,0.5533356
927504,0.5533356
927505,0.5568897
927506,0.5568897
927507,0.5568897
927508,0.56137675
927509,0.56137675
927510,0.55976164
927511,0.55791885
927512,0.55791885
927513,0.5475061
927514,0.53611183
927515,0.50452
927516,0.50065005
927517,0.4657594
927518,0.44659707
927519,0.44483975
927520,0.27387875
927521,0.12132528
927522,0.045320302
927523,0.20711155
927524,0.20572647
927525,0.22195204
927526,0.22668232
927527,0.22668232
927528,0.22668232
927529,0.22668232
927530,0.22668232
927531,0.22668232
927532,0.22507094
927533,0.21922393
927534,0.21555556
927535,0.21429437
927536,0.21429437
927537,0.13229248
927538,0.096628346
927539,0.24985614
927540,0.032423668
927541,0.24043225
927542,0.23910223
927543,0.2308976
927544,0.21237014
927545,0.22611457
927546,0.20270751
927547,0.12031585
927548,0.01823031
927549,0.061630543
927550,0.062427517
927551,0.05581133
927552,0.055706263
927553,0.05643745
927554,0.05643745
927555,0.05538869
927556,0.04716278
927557,0.01823031
927558,0.060905095
927559,0.057461806
927560,0.05581133
927561,0.055706263
927562,0.05643745
927563,0.05643745
927564,0.05538869
927565,0.04716278
927566,0.013416844
927567,0.055101573
927568,0.045139793
927569,0.04862097
927570,0.04729694
927571,0.050284557
927572,0.037476245
927573,0.0135752205
927574,0.055101573
927575,0.05239481
927576,0.04862097
927577,0.04729694
927578,0.050284557
927579,0.037476245
927580,0.102232955
927581,0.07644098
927582,0.07557851
927583,0.061766893
927584,0.022695752
927585,0.12662427
927586,0.12174822
927587,0.14075479
927588,0.12833449
927589,0.12988785
927590,0.12988785
927591,0.12765886
927592,0.13700283
927593,0.14411555
927594,0.12774166
927595,0.08892729
927596,0.027643226
927597,0.07644098
927598,0.07557851
927599,0.07615654
927600,0.09155485
927601,0.013274576
927602,0.055101573
927603,0.052406307
927604,0.04862097
927605,0.04729694
927606,0.047222674
927607,0.047222674
927608,0.10969229
927609,0.32520604
927610,0.25878078
927611,0.11851957
927612,0.10743748
927613,0.07674852
927614,0.018963868
927615,0.10340365
927616,0.1047046
927617,0.10506014
927618,0.10377339
927619,0.10246626
927620,0.10246626
927621,0.10246626
927622,0.10246626
927623,0.063953616
927624,0.22912687
927625,0.57968014
927626,0.5678583
927627,0.65271467
927628,0.69572985
927629,0.7067458
927630,0.7895064
927631,0.7067458
927632,0.7070535
927633,0.7070535
927634,0.7111419
927635,0.7079548
927636,0.7076777
927637,0.7036732
927638,0.7004102
927639,0.7903822
927640,0.7465137
927641,0.69669914
927642,0.68704814
927643,0.6845518
927644,0.67942417
927645,0.36484984
927646,0.019704947
927647,0.10130558
927648,0.09794961
927649,0.09272063
927650,0.09092945
927651,0.0885123
927652,0.1662261
927653,0.020432476
927654,0.08761399
927655,0.08544483
927656,0.08544152
927657,0.08468544
927658,0.08401386
927659,0.0669026
927660,0.047510453
927661,0.20952801
927662,0.029781574
927663,0.13177568
927664,0.13420756
927665,0.14110763
927666,0.14086594
927667,0.14086594
927668,0.14086594
927669,0.14086594
927670,0.14734213
927671,0.09964644
927672,0.040865008
927673,0.20952801
927674,0.23486054
927675,0.027450703
927676,0.0971271
927677,0.08999091
927678,0.10160494
927679,0.09056201
927680,0.09056201
927681,0.09056201
927682,0.09056201
927683,0.073226504
927684,0.07565665
927685,0.02638193
927686,0.09959556
927687,0.09229654
927688,0.099846244
927689,0.09288078
927690,0.09288078
927691,0.09711328
927692,0.102568105
927693,0.07513809
927694,0.027441788
927695,0.25676778
927696,0.2541941
927697,0.24838199
927698,0.24891181
927699,0.24539712
927700,0.24539712
927701,0.24539712
927702,0.18061899
927703,0.14800267
927704,0.031713873
927705,0.1459046
927706,0.14243177
927707,0.16169687
927708,0.1446808
927709,0.1446808
927710,0.15060364
927711,0.1446808
927712,0.16596729
927713,0.16951801
927714,0.12729499
927715,0.031614643
927716,0.39061147
927717,0.4022512
927718,0.45946577
927719,0.4116887
927720,0.4116887
927721,0.4081854
927722,0.4116887
927723,0.41449746
927724,0.4116887
927725,0.29271108
927726,0.12508306
927727,0.021756226
927728,0.08595167
927729,0.08212105
927730,0.091499746
927731,0.09582796
927732,0.089789845
927733,0.0950772
927734,0.08849958
927735,0.08271035
927736,0.19590501
927737,0.09184707
927738,0.08443288
927739,0.0720519
927740,0.07352762
927741,0.06148422
927742,0.16637424
927743,0.6866633
927744,0.7467612
927745,0.76852745
927746,0.76502675
927747,0.7936987
927748,0.79483575
927749,0.8145983
927750,0.8665977
927751,0.8618326
927752,0.8567702
927753,0.8976567
927754,0.8577735
927755,0.8984075
927756,0.8577735
927757,0.85810167
927758,0.87628317
927759,0.89865303
927760,0.85810167
927761,0.85810167
927762,0.8595934
927763,0.8991249
927764,0.85873276
927765,0.9170339
927766,0.85477334
927767,0.89596313
927768,0.8545097
927769,0.85777396
927770,0.8502814
927771,0.8552942
927772,0.8552942
927773,0.83798695
927774,0.83798695
927775,0.8559395
927776,0.81523204
927777,0.7385957
927778,0.75338364
927779,0.7281984
927780,0.7281984
927781,0.7860677
927782,0.69681156
927783,0.47093695
927784,0.09567491
927785,0.020462317
927786,0.09184707
927787,0.08443288
927788,0.0720519
927789,0.07352762
927790,0.06148422
927791,0.02967287
927792,0.12036582
927793,0.14595641
927794,0.10595335
927795,0.10314413
927796,0.07792985
927797,0.043545436
927798,0.17631331
927799,0.03111353
927800,0.121453404
927801,0.10602828
927802,0.09985414
927803,0.09898432
927804,0.07466993
927805,0.3051973
927806,0.32453004
927807,0.34805128
927808,0.3933125
927809,0.41433498
927810,0.41433498
927811,0.41433498
927812,0.41783154
927813,0.41783154
927814,0.41783154
927815,0.4222658
927816,0.42193893
927817,0.41900033
927818,0.41900033
927819,0.41900033
927820,0.4087829
927821,0.39773804
927822,0.3601082
927823,0.35654882
927824,0.32516128
927825,0.18911727
927826,0.020698113
927827,0.094597176
927828,0.09015432
927829,0.084816836
927830,0.08406578
927831,0.08288267
927832,0.08288267
927833,0.06291592
927834,0.08162239
927835,0.37805834
927836,0.42746782
927837,0.55672586
927838,0.58584684
927839,0.6045989
927840,0.6515899
927841,0.6548499
927842,0.6548499
927843,0.6548499
927844,0.6589524
927845,0.6589524
927846,0.6574774
927847,0.6574774
927848,0.6574774
927849,0.6559222
927850,0.6559222
927851,0.6227611
927852,0.6191175
927853,0.6041955
927854,0.5855806
927855,0.58385336
927856,0.58385336
927857,0.58385336
927858,0.5759937
927859,0.5527008
927860,0.24791618
927861,0.029780418
927862,0.15358123
927863,0.14859775
927864,0.14959264
927865,0.14933893
927866,0.14933893
927867,0.14933893
927868,0.14933893
927869,0.15613388
927870,0.15613388
927871,0.1144452
927872,0.027122991
927873,0.111861184
927874,0.08331951
927875,0.01914458
927876,0.09480929
927877,0.09035747
927878,0.085009076
927879,0.08425647
927880,0.083070934
927881,0.07873278
927882,0.063061945
927883,0.12696403
927884,0.051179796
927885,0.05137469
927886,0.05227805
927887,0.052330073
927888,0.052330073
927889,0.044410087
927890,0.07309153
927891,0.021383502
927892,0.10255901
927893,0.09700405
927894,0.093357675
927895,0.10216656
927896,0.09416112
927897,0.09416112
927898,0.09416112
927899,0.074605286
927900,0.014173172
927901,0.051648732
927902,0.051845312
927903,0.052756492
927904,0.052808966
927905,0.052808966
927906,0.052808966
927907,0.047443863
927908,0.033115577
927909,0.20743889
927910,0.19626306
927911,0.20176183
927912,0.2059352
927913,0.2059352
927914,0.20540977
927915,0.2059352
927916,0.21465546
927917,0.2248017
927918,0.083369195
927919,0.14494608
927920,0.02265537
927921,0.087238364
927922,0.086265445
927923,0.0877256
927924,0.09057707
927925,0.09332364
927926,0.04335644
927927,0.33950162
927928,0.35854384
927929,0.39202005
927930,0.40373033
927931,0.42103
927932,0.40450487
927933,0.40450487
927934,0.41721556
927935,0.41643375
927936,0.41497654
927937,0.41282877
927938,0.40111655
927939,0.40111655
927940,0.2710932
927941,0.06328018
927942,0.1480331
927943,0.1659048
927944,0.088624485
927945,0.08010183
927946,0.062028173
927947,0.061836734
927948,0.051668625
927949,0.18938024
927950,0.1054035
927951,0.10672662
927952,0.10708819
927953,0.10577954
927954,0.104450084
927955,0.104450084
927956,0.104450084
927957,0.104450084
927958,0.06580051
927959,0.22023888
927960,0.024248175
927961,0.18576248
927962,0.19018932
927963,0.18747458
927964,0.1892179
927965,0.1892179
927966,0.1892179
927967,0.1892179
927968,0.1892179
927969,0.19315085
927970,0.18875486
927971,0.14296089
927972,0.052681968
927973,0.23744301
927974,0.2393341
927975,0.26152965
927976,0.27203187
927977,0.2841436
927978,0.24540077
927979,0.2841436
927980,0.2841436
927981,0.2841436
927982,0.2806075
927983,0.27382752
927984,0.26354936
927985,0.26210117
927986,0.26210117
927987,0.26210117
927988,0.2595017
927989,0.19704883
927990,0.1380798
927991,0.112871826
927992,0.11083513
927993,0.089900374
927994,0.1708523
927995,0.014993719
927996,0.0732401
927997,0.069286875
927998,0.05511004
927999,0.054938704
928000,0.054938704
928001,0.045262918
928002,0.025938533
928003,0.09022489
928004,0.08422953
928005,0.07089186
928006,0.07632036
928007,0.07632036
928008,0.07632036
928009,0.058785144
928010,0.028078523
928011,0.07845423
928012,0.077928334
928013,0.07505698
928014,0.07436725
928015,0.07330972
928016,0.047012523
928017,0.01956321
928018,0.095780775
928019,0.08663535
928020,0.06917265
928021,0.07452785
928022,0.055208735
928023,0.02517406
928024,0.08314155
928025,0.08220986
928026,0.07302075
928027,0.07401563
928028,0.07401563
928029,0.07401563
928030,0.056977287
928031,0.022805009
928032,0.090406545
928033,0.09041067
928034,0.09069621
928035,0.09051017
928036,0.09051017
928037,0.09051017
928038,0.09051017
928039,0.063750416
928040,0.031493366
928041,0.11303486
928042,0.10156956
928043,0.11411467
928044,0.025448361
928045,0.08604423
928046,0.08220986
928047,0.07302075
928048,0.07401563
928049,0.07401563
928050,0.056977287
928051,0.15822685
928052,0.087499954
928053,0.08194523
928054,0.084809765
928055,0.085428014
928056,0.083611146
928057,0.083611146
928058,0.0635274
928059,0.092997655
928060,0.046436217
928061,0.046080273
928062,0.042829037
928063,0.013301226
928064,0.048716754
928065,0.047011767
928066,0.0435971
928067,0.04318297
928068,0.042548504
928069,0.03002027
928070,0.018126164
928071,0.115730554
928072,0.088363335
928073,0.11795117
928074,0.1151893
928075,0.1151893
928076,0.1151893
928077,0.1151893
928078,0.12326724
928079,0.13282138
928080,0.091304556
928081,0.024322096
928082,0.12127194
928083,0.12071487
928084,0.12111745
928085,0.12041659
928086,0.11957008
928087,0.11957008
928088,0.11243354
928089,0.11243354
928090,0.09051815
928091,0.015065983
928092,0.042581476
928093,0.0427451
928094,0.04048539
928095,0.04165095
928096,0.04165095
928097,0.046326168
928098,0.014454258
928099,0.048716754
928100,0.047011767
928101,0.0435971
928102,0.04318297
928103,0.042548504
928104,0.089961134
928105,0.015005822
928106,0.06656407
928107,0.06546509
928108,0.07547953
928109,0.056240294
928110,0.058725126
928111,0.060454067
928112,0.046233643
928113,0.022654101
928114,0.087299116
928115,0.08133616
928116,0.08783551
928117,0.078960225
928118,0.09590118
928119,0.017437622
928120,0.041986983
928121,0.041663658
928122,0.03987922
928123,0.03963128
928124,0.034210883
928125,0.015205692
928126,0.06346629
928127,0.056344762
928128,0.053828504
928129,0.053623263
928130,0.053754162
928131,0.05351659
928132,0.041667655
928133,0.03450183
928134,0.39973128
928135,0.44027346
928136,0.4650187
928137,0.4813065
928138,0.37611693
928139,0.48204252
928140,0.48204252
928141,0.37611693
928142,0.37611693
928143,0.3753649
928144,0.36708617
928145,0.35673633
928146,0.35673633
928147,0.26980188
928148,0.03380088
928149,0.12480208
928150,0.03425042
928151,0.071267955
928152,0.1533035
928153,0.07720047
928154,0.0712499
928155,0.06408952
928156,0.050739538
928157,0.3121645
928158,0.31028047
928159,0.37569958
928160,0.39139757
928161,0.41913316
928162,0.4372003
928163,0.4540039
928164,0.4540039
928165,0.4540039
928166,0.4552507
928167,0.45305583
928168,0.4445496
928169,0.4445496
928170,0.3020358
928171,0.020870565
928172,0.07830032
928173,0.07198986
928174,0.061579335
928175,0.10985629
928176,0.15362251
928177,0.08897076
928178,0.087722324
928179,0.038336456
928180,0.18467748
928181,0.18908446
928182,0.1970983
928183,0.18934752
928184,0.221477
928185,0.2279547
928186,0.23917228
928187,0.23917228
928188,0.23917228
928189,0.22391452
928190,0.17287819
928191,0.021845076
928192,0.07596483
928193,0.07741117
928194,0.07750315
928195,0.07800481
928196,0.08266087
928197,0.084330454
928198,0.0836909
928199,0.07283924
928200,0.024719607
928201,0.08123566
928202,0.13818921
928203,0.07581582
928204,0.0737356
928205,0.073035344
928206,0.07430333
928207,0.07875732
928208,0.080354966
928209,0.08666598
928210,0.069364436
928211,0.22619632
928212,0.16423696
928213,0.2533501
928214,0.1115065
928215,0.107853144
928216,0.10609472
928217,0.10479679
928218,0.10347825
928219,0.10347825
928220,0.10347825
928221,0.070078835
928222,0.018385526
928223,0.063483156
928224,0.061294664
928225,0.05789782
928226,0.059731074
928227,0.062459636
928228,0.058500286
928229,0.045190226
928230,0.32126656
928231,0.34242928
928232,0.35808107
928233,0.36147976
928234,0.36147976
928235,0.36147976
928236,0.36147976
928237,0.36147976
928238,0.36147976
928239,0.35972282
928240,0.35768616
928241,0.23598644
928242,0.020229634
928243,0.11577951
928244,0.11721579
928245,0.11760821
928246,0.11618773
928247,0.11474424
928248,0.11474424
928249,0.11474424
928250,0.11474424
928251,0.073460914
928252,0.17589352
928253,0.06852608
928254,0.05783672
928255,0.10236901
928256,0.077572875
928257,0.4776213
928258,0.5179391
928259,0.60317194
928260,0.6066983
928261,0.6066983
928262,0.6066983
928263,0.6066983
928264,0.6066983
928265,0.6066983
928266,0.60752743
928267,0.60720795
928268,0.57505405
928269,0.57505405
928270,0.57505405
928271,0.5733675
928272,0.5733675
928273,0.40258318
928274,0.02907479
928275,0.10960864
928276,0.110872515
928277,0.011144287
928278,0.05075814
928279,0.0472491
928280,0.04361447
928281,0.04372855
928282,0.04372855
928283,0.04372855
928284,0.03369764
928285,0.032005142
928286,0.16194358
928287,0.16591847
928288,0.17125481
928289,0.17097175
928290,0.17097175
928291,0.17097175
928292,0.17097175
928293,0.17097175
928294,0.11877343
928295,0.010755533
928296,0.05115584
928297,0.04762069
928298,0.04173044
928299,0.041773632
928300,0.04183981
928301,0.04183981
928302,0.032227553
928303,0.13571818
928304,0.075028196
928305,0.0795009
928306,0.044506207
928307,0.15584396
928308,0.14074184
928309,0.12261795
928310,0.1220508
928311,0.013925081
928312,0.062208425
928313,0.057474487
928314,0.059061002
928315,0.05764965
928316,0.057852346
928317,0.057852346
928318,0.057852346
928319,0.04561332
928320,0.1257827
928321,0.017769616
928322,0.07087829
928323,0.06141974
928324,0.05283695
928325,0.044884786
928326,0.30158806
928327,0.27516866
928328,0.21455197
928329,0.21866393
928330,0.19549143
928331,0.20991807
928332,0.21054684
928333,0.21431318
928334,0.21431318
928335,0.21431318
928336,0.07592049
928337,0.21431318
928338,0.06324264
928339,0.17379019
928340,0.036627404
928341,0.15324388
928342,0.3675778
928343,0.3966743
928344,0.42534438
928345,0.4146782
928346,0.40112725
928347,0.4146782
928348,0.4147217
928349,0.40833384
928350,0.4074222
928351,0.4096668
928352,0.45836192
928353,0.39981705
928354,0.38534167
928355,0.295285
928356,0.0417626
928357,0.29752672
928358,0.24897544
928359,0.013943766
928360,0.0455914
928361,0.045766037
928362,0.042640764
928363,0.04268363
928364,0.04268363
928365,0.04268363
928366,0.039278332
928367,0.26873216
928368,0.027289815
928369,0.103083536
928370,0.09498894
928371,0.0882028
928372,0.022508277
928373,0.048043706
928374,0.04767606
928375,0.043911863
928376,0.04050229
928377,0.024034644
928378,0.048043706
928379,0.04767606
928380,0.06107754
928381,0.14933692
928382,0.1997239
928383,0.21274295
928384,0.096763246
928385,0.09134365
928386,0.075558126
928387,0.065430544
928388,0.117755584
928389,0.53266793
928390,0.56831044
928391,0.5856147
928392,0.5931799
928393,0.5931799
928394,0.5931799
928395,0.5931799
928396,0.5931799
928397,0.5931799
928398,0.5716949
928399,0.65434265
928400,0.5520225
928401,0.47365072
928402,0.08090706
928403,0.16733132
928404,0.102469504
928405,0.09987102
928406,0.047887854
928407,0.08740986
928408,0.055793956
928409,0.17490077
928410,0.096059166
928411,0.086148515
928412,0.0596329
928413,0.018257674
928414,0.094046205
928415,0.08962668
928416,0.07903674
928417,0.07833249
928418,0.07722327
928419,0.07320888
928420,0.05783434
928421,0.014024909
928422,0.075574264
928423,0.07150477
928424,0.057834975
928425,0.057655685
928426,0.057655685
928427,0.057655685
928428,0.047097992
928429,0.18257026
928430,0.020219788
928431,0.10084315
928432,0.0961381
928433,0.084850505
928434,0.08027908
928435,0.07305411
928436,0.08291565
928437,0.06229991
928438,0.2520433
928439,0.123954885
928440,0.11994858
928441,0.10619394
928442,0.105275355
928443,0.103827596
928444,0.103827596
928445,0.081569664
928446,0.026510654
928447,0.09960686
928448,0.081669725
928449,0.03219997
928450,0.12339402
928451,0.10949419
928452,0.09494956
928453,0.07245747
928454,0.03198314
928455,0.12918803
928456,0.12584284
928457,0.12248348
928458,0.122269124
928459,0.122269124
928460,0.122269124
928461,0.122269124
928462,0.102959014
928463,0.028246623
928464,0.101684734
928465,0.08200834
928466,0.017307173
928467,0.10169383
928468,0.09695337
928469,0.088817455
928470,0.08803438
928471,0.086800724
928472,0.0839684
928473,0.06528779
928474,0.04896124
928475,0.014661878
928476,0.071226366
928477,0.06737394
928478,0.056580734
928479,0.056405094
928480,0.056405094
928481,0.056405094
928482,0.046065208
928483,0.186079
928484,0.11405911
928485,0.10418079
928486,0.07581014
928487,0.08873869
928488,0.028653385
928489,0.16585429
928490,0.16990569
928491,0.1765025
928492,0.17830157
928493,0.17830157
928494,0.17830157
928495,0.17830157
928496,0.17830157
928497,0.17830157
928498,0.17847505
928499,0.11806132
928500,0.0159829
928501,0.0767403
928502,0.072612956
928503,0.061763924
928504,0.061573245
928505,0.061573245
928506,0.061573245
928507,0.050336502
928508,0.030587908
928509,0.18074487
928510,0.18282041
928511,0.18484491
928512,0.18559709
928513,0.1834703
928514,0.1834703
928515,0.1834703
928516,0.1834703
928517,0.1834703
928518,0.18290547
928519,0.12072372
928520,0.24074946
928521,0.12585162
928522,0.11527128
928523,0.09702492
928524,0.06356912
928525,0.019181026
928526,0.09075174
928527,0.08204293
928528,0.06789465
928529,0.067686416
928530,0.05611007
928531,0.024929032
928532,0.113547
928533,0.10458286
928534,0.104021385
928535,0.10203645
928536,0.17956385
928537,0.039936434
928538,0.11637243
928539,0.11331586
928540,0.11228526
928541,0.116427906
928542,0.13860486
928543,0.11446903
928544,0.11779474
928545,0.094015665
928546,0.02040708
928547,0.09898133
928548,0.089560576
928549,0.07638798
928550,0.08225241
928551,0.06052157
928552,0.056196842
928553,0.2967802
928554,0.3148929
928555,0.32927418
928556,0.34716934
928557,0.35419908
928558,0.35419908
928559,0.36704814
928560,0.36704814
928561,0.36704814
928562,0.3682172
928563,0.36615992
928564,0.3549455
928565,0.25078547
928566,0.34752566
928567,0.30732113
928568,0.29796445
928569,0.186811
928570,0.030843595
928571,0.11175524
928572,0.15474856
928573,0.031856626
928574,0.10777427
928575,0.09854235
928576,0.13336371
928577,0.047026604
928578,0.3051179
928579,0.2081669
928580,0.06917359
928581,0.061584476
928582,0.05775119
928583,0.04915269
928584,0.0153476335
928585,0.06599272
928586,0.062280875
928587,0.061214473
928588,0.060717687
928589,0.060717687
928590,0.060717687
928591,0.060717687
928592,0.0549747
928593,0.01793877
928594,0.061466582
928595,0.05537975
928596,0.054665178
928597,0.053185757
928598,0.0543487
928599,0.0543487
928600,0.04323227
928601,0.11688682
928602,0.022159256
928603,0.08119415
928604,0.08086176
928605,0.08114367
928606,0.08099501
928607,0.08389379
928608,0.086605884
928609,0.08389379
928610,0.087937325
928611,0.06330739
928612,0.015836025
928613,0.04332033
928614,0.042987183
928615,0.043232467
928616,0.042400327
928617,0.037766803
928618,0.026905704
928619,0.16624182
928620,0.1717358
928621,0.18305886
928622,0.19508688
928623,0.20117511
928624,0.20117511
928625,0.20117511
928626,0.20957817
928627,0.20957817
928628,0.2081072
928629,0.20660064
928630,0.14483361
928631,0.037596505
928632,0.023279294
928633,0.07763804
928634,0.069065996
928635,0.09912948
928636,0.2992307
928637,0.4192186
928638,0.4319091
928639,0.44388303
928640,0.46144843
928641,0.46388865
928642,0.46388865
928643,0.46388865
928644,0.46388865
928645,0.46388865
928646,0.46388865
928647,0.50528085
928648,0.38302273
928649,0.1305431
928650,0.11753671
928651,0.12035108
928652,0.13152672
928653,0.11751036
928654,0.03392348
928655,0.12729874
928656,0.02710064
928657,0.049338363
928658,0.048961297
928659,0.055087674
928660,0.22919238
928661,0.0982899
928662,0.08521117
928663,0.07104661
928664,0.069030404
928665,0.24556303
928666,0.11065938
928667,0.09883205
928668,0.1292774
928669,0.018315615
928670,0.06486671
928671,0.06263371
928672,0.06181997
928673,0.0656584
928674,0.06666895
928675,0.068039484
928676,0.058966074
928677,0.078883395
928678,0.054770455
928679,0.055361163
928680,0.056192
928681,0.05665886
928682,0.05665886
928683,0.05665886
928684,0.05665886
928685,0.059521988
928686,0.016926834
928687,0.06299857
928688,0.060825694
928689,0.06181997
928690,0.063769005
928691,0.06666895
928692,0.07404925
928693,0.058966074
928694,0.014216157
928695,0.046634827
928696,0.046813264
928697,0.047624245
928698,0.047671873
928699,0.047671873
928700,0.042747527
928701,0.018607708
928702,0.065851405
928703,0.061753098
928704,0.062761515
928705,0.064738184
928706,0.06767902
928707,0.06906878
928708,0.05986693
928709,0.022230418
928710,0.050414708
928711,0.050029855
928712,0.055218227
928713,0.017585088
928714,0.06395684
928715,0.061753098
928716,0.062761515
928717,0.064738184
928718,0.06767902
928719,0.058859784
928720,0.017197177
928721,0.06395684
928722,0.061753098
928723,0.062761515
928724,0.064738184
928725,0.06767902
928726,0.06906878
928727,0.05986693
928728,0.042415176
928729,0.1990728
928730,0.21496733
928731,0.22377539
928732,0.23804753
928733,0.2496695
928734,0.25669998
928735,0.27519217
928736,0.27519217
928737,0.27519217
928738,0.2733578
928739,0.26529375
928740,0.1883435
928741,0.08990673
928742,0.051677227
928743,0.05128325
928744,0.046981055
928745,0.05199864
928746,0.31007552
928747,0.34211156
928748,0.36589104
928749,0.3847345
928750,0.4212181
928751,0.4303088
928752,0.45367405
928753,0.45367405
928754,0.45367405
928755,0.45139086
928756,0.44919938
928757,0.44070712
928758,0.44070712
928759,0.29224232
928760,0.03429232
928761,0.15892947
928762,0.16550907
928763,0.16769947
928764,0.17086525
928765,0.17086525
928766,0.17086525
928767,0.17086525
928768,0.1515866
928769,0.01640761
928770,0.062016077
928771,0.05987493
928772,0.06085467
928773,0.06277531
928774,0.06563323
928775,0.066984
928776,0.05804258
928777,0.047373895
928778,0.2665533
928779,0.2796677
928780,0.2831647
928781,0.28775668
928782,0.28775668
928783,0.28775668
928784,0.28775668
928785,0.28775668
928786,0.2914894
928787,0.2500959
928788,0.016020162
928789,0.062016077
928790,0.05987493
928791,0.06085467
928792,0.06277531
928793,0.06280959
928794,0.054587733
928795,0.110133834
928796,0.021763079
928797,0.07725556
928798,0.018814126
928799,0.07079198
928800,0.06900612
928801,0.10066959
928802,0.07146977
928803,0.008500489
928804,0.015890688
928805,0.0150827905
928806,0.014516937
928807,0.016080203
928808,0.016080203
928809,0.015527727
928810,0.023420932
928811,0.078393616
928812,0.07175669
928813,0.07148091
928814,0.07533446
928815,0.0088933185
928816,0.01661932
928817,0.015774963
928818,0.01518355
928819,0.016817376
928820,0.016817376
928821,0.016277576
928822,0.010481418
928823,0.019949984
928824,0.018775815
928825,0.018587025
928826,0.020338396
928827,0.020338396
928828,0.020338396
928829,0.020338396
928830,0.020073697
928831,0.19439407
928832,0.010055805
928833,0.01677277
928834,0.015920743
928835,0.009769039
928836,0.016972624
928837,0.016972624
928838,0.016972624
928839,0.01630176
928840,0.12706073
928841,0.016945237
928842,0.02369207
928843,0.020902276
928844,0.019704506
928845,0.022354988
928846,0.0290834
928847,0.114157535
928848,0.116902
928849,0.12780379
928850,0.11455647
928851,0.013125112
928852,0.10410914
928853,0.10107419
928854,0.09580305
928855,0.0949648
928856,0.093644
928857,0.07092387
928858,0.5469162
928859,0.6271523
928860,0.66963667
928861,0.75483656
928862,0.7716314
928863,0.7816045
928864,0.79695946
928865,0.8037048
928866,0.81844914
928867,0.81844914
928868,0.82761604
928869,0.82761604
928870,0.8273331
928871,0.8256717
928872,0.8256717
928873,0.8247791
928874,0.8247791
928875,0.82308394
928876,0.82308394
928877,0.8231584
928878,0.82178724
928879,0.82074314
928880,0.82074314
928881,0.82074314
928882,0.8159471
928883,0.8047807
928884,0.8047807
928885,0.8036868
928886,0.79566926
928887,0.7945692
928888,0.8010098
928889,0.8010098
928890,0.8010098
928891,0.7783066
928892,0.7783066
928893,0.5535275
928894,0.023028154
928895,0.052446138
928896,0.116902
928897,0.055570107
928898,0.04641253
928899,0.13437901
928900,0.04483975
928901,0.27562866
928902,0.25895846
928903,0.2437521
928904,0.22605583
928905,0.16099471
928906,0.651512
928907,0.64591646
928908,0.7551186
928909,0.75429004
928910,0.78851044
928911,0.76868826
928912,0.8073142
928913,0.81439966
928914,0.81439966
928915,0.8104968
928916,0.8379008
928917,0.8250616
928918,0.81175303
928919,0.8390115
928920,0.8106966
928921,0.8472431
928922,0.83738375
928923,0.8099122
928924,0.8103515
928925,0.8089042
928926,0.8355168
928927,0.80780226
928928,0.80780226
928929,0.8027432
928930,0.7864987
928931,0.79629445
928932,0.7916619
928933,0.7814004
928934,0.81768167
928935,0.7759332
928936,0.8071462
928937,0.7759332
928938,0.7700797
928939,0.7286342
928940,0.48155537
928941,0.073887184
928942,0.048172854
928943,0.04835688
928944,0.04853654
928945,0.048277076
928946,0.048277076
928947,0.04329306
928948,0.027516168
928949,0.10798405
928950,0.110510916
928951,0.10696893
928952,0.1061428
928953,0.12881331
928954,0.1061428
928955,0.1061428
928956,0.077896886
928957,0.026844194
928958,0.048906628
928959,0.04853272
928960,0.046790197
928961,0.029824246
928962,0.086172484
928963,0.08208943
928964,0.077722766
928965,0.076555505
928966,0.09943919
928967,0.05924071
928968,0.02959694
928969,0.15735261
928970,0.16123648
928971,0.17371935
928972,0.17718884
928973,0.17718884
928974,0.17718884
928975,0.17718884
928976,0.17718884
928977,0.17718884
928978,0.17465903
928979,0.14554244
928980,0.01835464
928981,0.086172484
928982,0.11685055
928983,0.077722766
928984,0.076555505
928985,0.07541511
928986,0.052787203
928987,0.02187821
928988,0.04308963
928989,0.042758193
928990,0.043292113
928991,0.06040574
928992,0.01746525
928993,0.08713655
928994,0.076475196
928995,0.070362486
928996,0.07793677
928997,0.06974703
928998,0.07704205
928999,0.06924986
929000,0.019277638
929001,0.07905391
929002,0.076475196
929003,0.073253915
929004,0.07793677
929005,0.07704205
929006,0.07704205
929007,0.12865019
929008,0.20658608
929009,0.17641439
929010,0.36272252
929011,0.3087522
929012,0.32613733
929013,0.31411362
929014,0.272995
929015,0.2917578
929016,0.14675383
929017,0.13731563
929018,0.13036615
929019,0.111529745
929020,0.04656166
929021,0.28664973
929022,0.28459132
929023,0.28089115
929024,0.28939733
929025,0.28622752
929026,0.28622752
929027,0.20391195
929028,0.03441705
929029,0.1878787
929030,0.18719852
929031,0.18839465
929032,0.1880897
929033,0.1880897
929034,0.1880897
929035,0.1880897
929036,0.18327315
929037,0.1880897
929038,0.19297035
929039,0.13051969
929040,0.13023534
929041,0.14805536
929042,0.20105827
929043,0.030647945
929044,0.124688394
929045,0.12764941
929046,0.12985374
929047,0.26103538
929048,0.07473761
929049,0.06820208
929050,0.05311518
929051,0.20328622
929052,0.13696061
929053,0.019646563
929054,0.07409312
929055,0.06760983
929056,0.065091826
929057,0.065418
929058,0.045237377
929059,0.016085561
929060,0.055018142
929061,0.05561136
929062,0.057477612
929063,0.057954494
929064,0.057954494
929065,0.057954494
929066,0.057954494
929067,0.06613365
929068,0.015058364
929069,0.06446802
929070,0.06402936
929071,0.06163589
929072,0.061445583
929073,0.06055978
929074,0.06055978
929075,0.04243476
929076,0.24110611
929077,0.17241259
929078,0.04009398
929079,0.039284587
929080,0.02323956
929081,0.0497109
929082,0.052980192
929083,0.10550837
929084,0.27405596
929085,0.29335478
929086,0.30723524
929087,0.31505883
929088,0.3199371
929089,0.3199371
929090,0.3199371
929091,0.3199371
929092,0.3199371
929093,0.3199371
929094,0.29011247
929095,0.073957704
929096,0.045841325
929097,0.044885267
929098,0.042565964
929099,0.04193018
929100,0.04136607
929101,0.04136607
929102,0.04136607
929103,0.04136607
929104,0.038153995
929105,0.027368745
929106,0.027890496
929107,0.12729998
929108,0.12774567
929109,0.14182098
929110,0.14468145
929111,0.14468145
929112,0.14770433
929113,0.009823032
929114,0.045841325
929115,0.044885267
929116,0.042565964
929117,0.04193018
929118,0.04136607
929119,0.04136607
929120,0.04136607
929121,0.04136607
929122,0.038153995
929123,0.027368745
929124,0.019924868
929125,0.09044605
929126,0.08293077
929127,0.09980915
929128,0.16744508
929129,0.24961317
929130,0.12326917
929131,0.11207553
929132,0.106298506
929133,0.105379134
929134,0.08050716
929135,0.03306737
929136,0.124785185
929137,0.1565996
929138,0.19602892
929139,0.23635682
929140,0.13916813
929141,0.1249656
929142,0.09662131
929143,0.088337354
929144,0.018958619
929145,0.11165218
929146,0.106559776
929147,0.10108273
929148,0.10148543
929149,0.10148543
929150,0.10148543
929151,0.10148543
929152,0.08421173
929153,0.015078038
929154,0.09348671
929155,0.088545024
929156,0.071219824
929157,0.07056266
929158,0.07056266
929159,0.07056266
929160,0.058443703
929161,0.3076729
929162,0.2828319
929163,0.29156625
929164,0.30255735
929165,0.28568068
929166,0.3039345
929167,0.28568068
929168,0.31148607
929169,0.3039345
929170,0.36916474
929171,0.29622862
929172,0.28865045
929173,0.19295275
929174,0.2223172
929175,0.13168979
929176,0.026463864
929177,0.18271479
929178,0.18708566
929179,0.17996292
929180,0.17962989
929181,0.17962989
929182,0.17962989
929183,0.17962989
929184,0.17962989
929185,0.18340866
929186,0.14771192
929187,0.026298674
929188,0.11243244
929189,0.106406115
929190,0.1035042
929191,0.10438576
929192,0.102701746
929193,0.102701746
929194,0.10054164
929195,0.07862454
929196,0.02185305
929197,0.12525755
929198,0.10756406
929199,0.09204854
929200,0.023296833
929201,0.09683983
929202,0.08780591
929203,0.08316271
929204,0.081921004
929205,0.09152809
929206,0.16104507
929207,0.032406803
929208,0.14551504
929209,0.12664829
929210,0.20783718
929211,0.1854265
929212,0.27292746
929213,0.23719275
929214,0.047100246
929215,0.3479587
929216,0.2495217
929217,0.23540278
929218,0.2272959
929219,0.22030471
929220,0.22030471
929221,0.1859603
929222,0.22264113
929223,0.22748375
929224,0.090395175
929225,0.07707781
929226,0.05544169
929227,0.017479314
929228,0.06837639
929229,0.06603112
929230,0.06598037
929231,0.06761106
929232,0.066642694
929233,0.066642694
929234,0.043993413
929235,0.017479314
929236,0.06837639
929237,0.062400144
929238,0.06598037
929239,0.06761106
929240,0.07889126
929241,0.066642694
929242,0.04310073
929243,0.261713
929244,0.12948576
929245,0.13095811
929246,0.12434397
929247,0.12650958
929248,0.12472554
929249,0.12481051
929250,0.13584018
929251,0.03987813
929252,0.10287637
929253,0.6710874
929254,0.4881982
929255,0.48104286
929256,0.47629488
929257,0.46426606
929258,0.46855083
929259,0.19234806
929260,0.11805347
929261,0.08785492
929262,0.46638077
929263,0.46962437
929264,0.3495582
929265,0.5017387
929266,0.47251105
929267,0.3088812
929268,0.13137615
929269,0.13137345
929270,0.024736099
929271,0.036198854
929272,0.032830544
929273,0.03325373
929274,0.1368032
929275,0.031553477
929276,0.13757247
929277,0.13804844
929278,0.15272747
929279,0.1569079
929280,0.1569079
929281,0.1569079
929282,0.1370042
929283,0.057764437
929284,0.14375032
929285,0.03141784
929286,0.042447638
929287,0.014921867
929288,0.048098616
929289,0.048282374
929290,0.04990073
929291,0.049950514
929292,0.049950514
929293,0.044801865
929294,0.055985376
929295,0.018010806
929296,0.048374172
929297,0.04800411
929298,0.049613636
929299,0.04966315
929300,0.053576898
929301,0.19462603
929302,0.0992255
929303,0.10582667
929304,0.10860265
929305,0.11099596
929306,0.111864194
929307,0.111864194
929308,0.11047486
929309,0.11047486
929310,0.11064211
929311,0.11064211
929312,0.09805693
929313,0.124377474
929314,0.03955634
929315,0.25714418
929316,0.061770342
929317,0.08765806
929318,0.07095794
929319,0.12456974
929320,0.62364984
929321,0.6581877
929322,0.6763835
929323,0.67013013
929324,0.67013013
929325,0.67013013
929326,0.67013013
929327,0.67013013
929328,0.6552692
929329,0.630744
929330,0.6133642
929331,0.59976393
929332,0.44272196
929333,0.017502267
929334,0.090579845
929335,0.08754457
929336,0.08510805
929337,0.08404272
929338,0.08296111
929339,0.08296111
929340,0.08296111
929341,0.056812573
929342,0.04062865
929343,0.23021461
929344,0.23092532
929345,0.24749473
929346,0.2504569
929347,0.2504569
929348,0.24597594
929349,0.027002197
929350,0.11829774
929351,0.12162714
929352,0.12536098
929353,0.13282989
929354,0.13121034
929355,0.13121034
929356,0.13121034
929357,0.13121034
929358,0.13121034
929359,0.13016339
929360,0.12916426
929361,0.076787554
929362,0.016893288
929363,0.09514134
929364,0.096349515
929365,0.09667974
929366,0.09548469
929367,0.09427098
929368,0.09427098
929369,0.09427098
929370,0.09427098
929371,0.060676157
929372,0.17407078
929373,0.028857708
929374,0.12885141
929375,0.13534768
929376,0.13943586
929377,0.14760181
929378,0.14760181
929379,0.14760181
929380,0.14760181
929381,0.14760181
929382,0.14760181
929383,0.14644611
929384,0.14534289
929385,0.13840528
929386,0.087061554
929387,0.05809297
929388,0.20620339
929389,0.21890637
929390,0.24045971
929391,0.252804
929392,0.252804
929393,0.25752535
929394,0.25752535
929395,0.25752535
929396,0.25752535
929397,0.25788507
929398,0.25287914
929399,0.2436612
929400,0.2436612
929401,0.2436612
929402,0.24239215
929403,0.24239215
929404,0.13891803
929405,0.028392268
929406,0.12378976
929407,0.1272515
929408,0.13113223
929409,0.13889039
929410,0.13720864
929411,0.13720864
929412,0.13720864
929413,0.13720864
929414,0.13720864
929415,0.13612132
929416,0.13508356
929417,0.13004597
929418,0.10387233
929419,0.035474133
929420,0.03147865
929421,0.029693212
929422,0.029697208
929423,0.012870925
929424,0.027381124
929425,0.026004465
929426,0.025039306
929427,0.023346882
929428,0.027492948
929429,0.022692211
929430,0.43122855
929431,0.29233572
929432,0.19378522
929433,0.024418335
929434,0.035789497
929435,0.031759664
929436,0.02995878
929437,0.02996281
929438,0.42016187
929439,0.17550339
929440,0.5939319
929441,0.6877304
929442,0.7589645
929443,0.7775552
929444,0.78394294
929445,0.79137915
929446,0.7948747
929447,0.79275787
929448,0.79162425
929449,0.79216796
929450,0.7902542
929451,0.7996455
929452,0.78408056
929453,0.78408056
929454,0.781082
929455,0.781082
929456,0.8374326
929457,0.7720625
929458,0.77215254
929459,0.7613795
929460,0.7600847
929461,0.7600847
929462,0.82812524
929463,0.75803113
929464,0.82621664
929465,0.5130052
929466,0.011635159
929467,0.027484097
929468,0.025878211
929469,0.027087323
929470,0.028014999
929471,0.028562868
929472,0.028014999
929473,0.028677948
929474,0.026786804
929475,0.047566015
929476,0.44697034
929477,0.44077566
929478,0.4561248
929479,0.45597497
929480,0.44007736
929481,0.45597497
929482,0.45597497
929483,0.35149416
929484,0.45597497
929485,0.44716376
929486,0.3718861
929487,0.1565522
929488,0.117898785
929489,0.091714926
929490,0.01456858
929491,0.026734179
929492,0.024233436
929493,0.023332432
929494,0.025820108
929495,0.02466353
929496,0.084198266
929497,0.46604833
929498,0.49403515
929499,0.4914197
929500,0.49843445
929501,0.49347982
929502,0.5011508
929503,0.5102578
929504,0.49347982
929505,0.49347982
929506,0.3663042
929507,0.47573647
929508,0.39134285
929509,0.02422618
929510,0.10677324
929511,0.0976599
929512,0.09413282
929513,0.09231714
929514,0.06518687
929515,0.012290947
929516,0.02428123
929517,0.023056734
929518,0.022198485
929519,0.02456831
929520,0.02456831
929521,0.02456831
929522,0.0233723
929523,0.08422318
929524,0.41103306
929525,0.41807187
929526,0.41899347
929527,0.41850775
929528,0.41850775
929529,0.42183435
929530,0.41850775
929531,0.60828274
929532,0.36613053
929533,0.024272889
929534,0.117206566
929535,0.118658185
929536,0.11905479
929537,0.11761919
929538,0.11616026
929539,0.11616026
929540,0.11616026
929541,0.11616026
929542,0.07604827
929543,0.011602408
929544,0.024229273
929545,0.023007337
929546,0.022134036
929547,0.024515755
929548,0.024515755
929549,0.024515755
929550,0.023322241
929551,0.12506267
929552,0.022893604
929553,0.104281805
929554,0.100838296
929555,0.097208805
929556,0.09534002
929557,0.093389146
929558,0.09577346
929559,0.06760586
929560,0.014639044
929561,0.034615442
929562,0.112363815
929563,0.106573716
929564,0.091403805
929565,0.07671734
929566,0.28208074
929567,0.20286836
929568,0.20287646
929569,0.20343775
929570,0.20537275
929571,0.21354951
929572,0.21354951
929573,0.22094095
929574,0.16099483
929575,0.08765562
929576,0.050232127
929577,0.049848594
929578,0.05083058
929579,0.05055951
929580,0.044711187
929581,0.08074225
929582,0.3252476
929583,0.35221562
929584,0.38814706
929585,0.40833014
929586,0.40833014
929587,0.41434535
929588,0.41434535
929589,0.41434535
929590,0.41434535
929591,0.4148018
929592,0.41447657
929593,0.41129047
929594,0.41129047
929595,0.41129047
929596,0.40113124
929597,0.39015672
929598,0.36570045
929599,0.36313522
929600,0.04866061
929601,0.1463593
929602,0.11224534
929603,0.020185577
929604,0.06430011
929605,0.06039654
929606,0.061572835
929607,0.06124817
929608,0.06124817
929609,0.055002436
929610,0.018735772
929611,0.20835473
929612,0.049027696
929613,0.049209733
929614,0.048946857
929615,0.04149853
929616,0.016251376
929617,0.0479572
929618,0.04814044
929619,0.048319336
929620,0.04806098
929621,0.049542874
929622,0.04132723
929623,0.022528267
929624,0.045291673
929625,0.044944074
929626,0.041452184
929627,0.24950202
929628,0.15883183
929629,0.15249121
929630,0.15495746
929631,0.14480923
929632,0.09895785
929633,0.03219339
929634,0.050235134
929635,0.28633213
929636,0.20103401
929637,0.026493061
929638,0.13683502
929639,0.13597551
929640,0.13821818
929641,0.13741805
929642,0.13646992
929643,0.15216075
929644,0.023226948
929645,0.04709755
929646,0.04673677
929647,0.0718457
929648,0.52295303
929649,0.51513004
929650,0.49718907
929651,0.49813575
929652,0.49763688
929653,0.49763688
929654,0.49763688
929655,0.52281725
929656,0.49763688
929657,0.49958977
929658,0.092959896
929659,0.5825533
929660,0.6072963
929661,0.6113596
929662,0.60857624
929663,0.60857624
929664,0.63421696
929665,0.60857624
929666,0.60857624
929667,0.60857624
929668,0.6046771
929669,0.596168
929670,0.58675605
929671,0.58675605
929672,0.4859016
929673,0.3170707
929674,0.22730586
929675,0.06376431
929676,0.21814226
929677,0.061688896
929678,0.060799807
929679,0.060799807
929680,0.080289975
929681,0.2811645
929682,0.18464082
929683,0.08132521
929684,0.050436504
929685,0.05089313
929686,0.018067459
929687,0.04908791
929688,0.048712667
929689,0.04955485
929690,0.049604308
929691,0.053513683
929692,0.07740783
929693,0.050646227
929694,0.054733153
929695,0.10597232
929696,0.113299266
929697,0.04864966
929698,0.18414764
929699,0.1258303
929700,0.020051714
929701,0.04035495
929702,0.024213508
929703,0.04031745
929704,0.122794546
929705,0.11635885
929706,0.11914913
929707,0.13022958
929708,0.11544725
929709,0.28806317
929710,0.24477333
929711,0.23104036
929712,0.22065501
929713,0.21981643
929714,0.15237358
929715,0.030011697
929716,0.13298137
929717,0.13344394
929718,0.14563403
929719,0.14855811
929720,0.16879621
929721,0.18029378
929722,0.19946076
929723,0.15887824
929724,0.07463479
929725,0.067538776
929726,0.065023236
929727,0.050870564
929728,0.10730707
929729,0.59596884
929730,0.5290707
929731,0.7622821
929732,0.78069097
929733,0.78701323
929734,0.79437155
929735,0.794614
929736,0.794614
929737,0.794614
929738,0.7953239
929739,0.7953239
929740,0.79425454
929741,0.79169375
929742,0.79169375
929743,0.79055375
929744,0.79055375
929745,0.7818155
929746,0.7818155
929747,0.7819028
929748,0.7714543
929749,0.77019775
929750,0.77019775
929751,0.77019775
929752,0.7682043
929753,0.76782614
929754,0.7632498
929755,0.5161466
929756,0.13084088
929757,0.020483542
929758,0.07284613
929759,0.06590807
929760,0.05850156
929761,0.063253604
929762,0.078848675
929763,0.16395912
929764,0.115678504
929765,0.0923848
929766,0.03961082
929767,0.04406882
929768,0.030274432
929769,0.37771106
929770,0.38921183
929771,0.40619397
929772,0.45365018
929773,0.45365018
929774,0.40856376
929775,0.40856376
929776,0.40856376
929777,0.53894264
929778,0.39388958
929779,0.25464597
929780,0.01781157
929781,0.12436558
929782,0.12034796
929783,0.11610688
929784,0.11392065
929785,0.11163648
929786,0.11013246
929787,0.07864876
929788,0.030274432
929789,0.37771106
929790,0.38921183
929791,0.40619397
929792,0.40856376
929793,0.40856376
929794,0.42526573
929795,0.40856376
929796,0.40856376
929797,0.40856376
929798,0.39388958
929799,0.25464597
929800,0.08008144
929801,0.057039138
929802,0.032311633
929803,0.23477286
929804,0.22363897
929805,0.22599044
929806,0.22987334
929807,0.22738083
929808,0.22738083
929809,0.22738083
929810,0.22738083
929811,0.22500955
929812,0.21607009
929813,0.21295583
929814,0.11891742
929815,0.02885289
929816,0.2337961
929817,0.231381
929818,0.2259325
929819,0.22642884
929820,0.22313729
929821,0.22313729
929822,0.22313729
929823,0.15955144
929824,0.022930952
929825,0.05194782
929826,0.0517672
929827,0.20879242
929828,0.027190458
929829,0.1448079
929830,0.15885973
929831,0.08403335
929832,0.042719
929833,0.02472142
929834,0.03612236
929835,0.039766006
929836,0.040146757
929837,0.2435474
929838,0.2282063
929839,0.21428356
929840,0.22636595
929841,0.014928549
929842,0.049398325
929843,0.049586788
929844,0.049770776
929845,0.049820434
929846,0.049820434
929847,0.044684563
929848,0.015581869
929849,0.16420269
929850,0.16822186
929851,0.16424018
929852,0.16484831
929853,0.16484831
929854,0.16484831
929855,0.16484831
929856,0.16484831
929857,0.12751688
929858,0.011449929
929859,0.025877172
929860,0.030322036
929861,0.029201431
929862,0.032294165
929863,0.032294165
929864,0.030298378
929865,0.45048928
929866,0.40772367
929867,0.3796397
929868,0.3801428
929869,0.35647154
929870,0.0173026
929871,0.05480772
929872,0.055398807
929873,0.056230173
929874,0.05669733
929875,0.17108047
929876,0.05669733
929877,0.05669733
929878,0.059562284
929879,0.022048296
929880,0.14297652
929881,0.13921358
929882,0.13343492
929883,0.13394728
929884,0.13394728
929885,0.13394728
929886,0.13394728
929887,0.16405225
929888,0.022377765
929889,0.042107966
929890,0.037729107
929891,0.042827033
929892,0.0688203
929893,0.52055776
929894,0.5461123
929895,0.55033994
929896,0.5523787
929897,0.5523787
929898,0.5523787
929899,0.5523787
929900,0.5523787
929901,0.5523787
929902,0.5483353
929903,0.53953695
929904,0.529846
929905,0.5279836
929906,0.39389414
929907,0.035254907
929908,0.06888331
929909,0.3667534
929910,0.087526485
929911,0.04937885
929912,0.049001493
929913,0.049918264
929914,0.19245504
929915,0.12134187
929916,0.023686146
929917,0.046613593
929918,0.046256337
929919,0.05085208
929920,0.050580904
929921,0.055440452
929922,0.08007836
929923,0.18804474
929924,0.17152452
929925,0.16324653
929926,0.16101909
929927,0.1176009
929928,0.028337693
929929,0.14757586
929930,0.13648677
929931,0.13041773
929932,0.14218584
929933,0.10123085
929934,0.02288188
929935,0.044607982
929936,0.044265404
929937,0.046060503
929938,0.04372605
929939,0.047178358
929940,0.06172412
929941,0.14817585
929942,0.023250181
929943,0.05545729
929944,0.14594255
929945,0.12856328
929946,0.0650052
929947,0.05822579
929948,0.05822579
929949,0.05822579
929950,0.057650335
929951,0.016257232
929952,0.07621714
929953,0.072568335
929954,0.06867024
929955,0.07190005
929956,0.06666036
929957,0.06666036
929958,0.052656975
929959,0.018543836
929960,0.04296669
929961,0.042636152
929962,0.042879507
929963,0.04389373
929964,0.037887596
929965,0.016464654
929966,0.07048204
929967,0.06708786
929968,0.06274975
929969,0.061065674
929970,0.062389553
929971,0.049676
929972,0.015522858
929973,0.041076314
929974,0.041234404
929975,0.041470107
929976,0.042452473
929977,0.043654557
929978,0.0371648
929979,0.01619705
929980,0.07048204
929981,0.06708786
929982,0.06274975
929983,0.061065674
929984,0.062389553
929985,0.062389553
929986,0.049676
929987,0.017284537
929988,0.042938344
929989,0.04260802
929990,0.042851217
929991,0.04328923
929992,0.037887596
929993,0.020694137
929994,0.08493044
929995,0.0615355
929996,0.071390554
929997,0.052799128
929998,0.056845594
929999,0.017284537
930000,0.042938344
930001,0.04260802
930002,0.042851217
930003,0.04328923
930004,0.037887596
930005,0.014351277
930006,0.07048204
930007,0.06708786
930008,0.06274975
930009,0.046789292
930010,0.062389553
930011,0.049284108
930012,0.27628627
930013,0.15577035
930014,0.14899568
930015,0.13886213
930016,0.09315055
930017,0.014914061
930018,0.04421544
930019,0.044385053
930020,0.044637933
930021,0.045093346
930022,0.047011945
930023,0.047011945
930024,0.04240072
930025,0.014937021
930026,0.07048204
930027,0.06708786
930028,0.06161641
930029,0.061065674
930030,0.06621587
930031,0.062389553
930032,0.049676
930033,0.19419868
930034,0.01717642
930035,0.05185065
930036,0.05241161
930037,0.053200673
930038,0.054155383
930039,0.05152931
930040,0.05152931
930041,0.05152931
930042,0.055099454
930043,0.023954064
930044,0.117269784
930045,0.116808474
930046,0.11761987
930047,0.117412925
930048,0.12144283
930049,0.12144283
930050,0.12144283
930051,0.12144283
930052,0.12144283
930053,0.13980171
930054,0.018402336
930055,0.04294045
930056,0.04261011
930057,0.04285332
930058,0.043291353
930059,0.03937557
930060,0.021568108
930061,0.04412158
930062,0.04378257
930063,0.040878147
930064,0.013937323
930065,0.043000896
930066,0.04316606
930067,0.04341231
930068,0.043855794
930069,0.04435126
930070,0.04435126
930071,0.042845313
930072,0.041944206
930073,0.21839996
930074,0.19215742
930075,0.18736422
930076,0.20341147
930077,0.46888825
930078,0.49818248
930079,0.49749705
930080,0.49618173
930081,0.4205699
930082,0.32246378
930083,0.46208674
930084,0.46930316
930085,0.47024646
930086,0.46974933
930087,0.46974933
930088,0.46974933
930089,0.46974933
930090,0.46974933
930091,0.45270908
930092,0.24344991
930093,0.24119791
930094,0.14975242
930095,0.06412547
930096,0.44131267
930097,0.41087002
930098,0.19482785
930099,0.71365047
930100,0.7506034
930101,0.8116368
930102,0.8217096
930103,0.8126202
930104,0.8411549
930105,0.8492931
930106,0.85606205
930107,0.85606205
930108,0.87106305
930109,0.87106305
930110,0.87198114
930111,0.8702297
930112,0.8702297
930113,0.87119985
930114,0.87119985
930115,0.8727881
930116,0.8727881
930117,0.8727881
930118,0.8713849
930119,0.87162954
930120,0.87162954
930121,0.87162954
930122,0.87058455
930123,0.8703453
930124,0.8703453
930125,0.86955917
930126,0.86823976
930127,0.8668634
930128,0.8668634
930129,0.8665185
930130,0.8665185
930131,0.85091096
930132,0.85091096
930133,0.79687417
930134,0.79687417
930135,0.7815735
930136,0.7815735
930137,0.7815735
930138,0.7388421
930139,0.7388421
930140,0.57307196
930141,0.27493837
930142,0.12005121
930143,0.110600196
930144,0.07884216
930145,0.03277824
930146,0.22797522
930147,0.22432163
930148,0.21415418
930149,0.21333355
930150,0.20762496
930151,0.21230227
930152,0.15114932
930153,0.50915396
930154,0.49193203
930155,0.54412156
930156,0.6229226
930157,0.6449121
930158,0.65845704
930159,0.6449121
930160,0.6525956
930161,0.6525956
930162,0.6525956
930163,0.6521651
930164,0.65186113
930165,0.6487279
930166,0.64360106
930167,0.64360106
930168,0.63392484
930169,0.63392484
930170,0.62063235
930171,0.61698073
930172,0.6113784
930173,0.59288424
930174,0.3105
930175,0.019781807
930176,0.10806372
930177,0.10941615
930178,0.10978571
930179,0.10844811
930180,0.10708913
930181,0.10708913
930182,0.10708913
930183,0.10708913
930184,0.06629386
930185,0.05310341
930186,0.17258596
930187,0.015697436
930188,0.056257542
930189,0.054303713
930190,0.051575985
930191,0.051415034
930192,0.050666027
930193,0.050666027
930194,0.035920694
930195,0.28778574
930196,0.3287118
930197,0.2304037
930198,0.22106592
930199,0.19245937
930200,0.21505934
930201,0.13269055
930202,0.11083169
930203,0.020209076
930204,0.10568784
930205,0.1022032
930206,0.09742649
930207,0.09555398
930208,0.09302648
930209,0.09302648
930210,0.114445776
930211,0.37330514
930212,0.18769163
930213,0.13058496
930214,0.01505903
930215,0.052200902
930216,0.051643413
930217,0.049042385
930218,0.048888933
930219,0.048174854
930220,0.07302277
930221,0.09050863
930222,0.5748447
930223,0.6163793
930224,0.6683764
930225,0.70041597
930226,0.70041597
930227,0.70041597
930228,0.703427
930229,0.703427
930230,0.703427
930231,0.7072103
930232,0.7069327
930233,0.7029223
930234,0.7029223
930235,0.72477746
930236,0.7212481
930237,0.7212481
930238,0.70967424
930239,0.70967424
930240,0.68203235
930241,0.3543519
930242,0.023046207
930243,0.12338936
930244,0.11783283
930245,0.11414046
930246,0.114588566
930247,0.114588566
930248,0.114588566
930249,0.114588566
930250,0.09318115
930251,0.03251395
930252,0.15462436
930253,0.14671034
930254,0.14442094
930255,0.09710678
930256,0.09710678
930257,0.09710678
930258,0.09710678
930259,0.073341176
930260,0.042089354
930261,0.26499873
930262,0.23004189
930263,0.04906873
930264,0.2627835
930265,0.25105777
930266,0.25040084
930267,0.26073843
930268,0.26073843
930269,0.26073843
930270,0.26073843
930271,0.24729575
930272,0.01997225
930273,0.115372054
930274,0.109413125
930275,0.09026075
930276,0.089990534
930277,0.089990534
930278,0.089990534
930279,0.07308688
930280,0.025197579
930281,0.11589538
930282,0.102180324
930283,0.096857704
930284,0.096011214
930285,0.072368465
930286,0.020421445
930287,0.115372054
930288,0.109413125
930289,0.09026075
930290,0.089990534
930291,0.089990534
930292,0.090883106
930293,0.15311362
930294,0.1154636
930295,0.116896465
930296,0.117708415
930297,0.11628692
930298,0.11484236
930299,0.11484236
930300,0.11484236
930301,0.11484236
930302,0.11484236
930303,0.07484828
930304,0.025197579
930305,0.114318855
930306,0.102180324
930307,0.08889362
930308,0.096011214
930309,0.1362416
930310,0.029078301
930311,0.17180295
930312,0.17681843
930313,0.18189572
930314,0.15969275
930315,0.18185063
930316,0.18185063
930317,0.18185063
930318,0.18185063
930319,0.18185063
930320,0.18048355
930321,0.1777659
930322,0.10229961
930323,0.023144763
930324,0.107826285
930325,0.099263206
930326,0.09460943
930327,0.09278549
930328,0.13583232
930329,0.2446999
930330,0.25786686
930331,0.21678741
930332,0.045122452
930333,0.24815239
930334,0.23686981
930335,0.23623823
930336,0.2461832
930337,0.2461832
930338,0.2461832
930339,0.2461832
930340,0.17783484
930341,0.37648797
930342,0.21578102
930343,0.11628148
930344,0.11426355
930345,0.11701008
930346,0.12792057
930347,0.13168555
930348,0.11127584
930349,0.027097547
930350,0.12412224
930351,0.124558404
930352,0.17431217
930353,0.17916207
930354,0.17916207
930355,0.15061165
930356,0.117389254
930357,0.24160431
930358,0.113958016
930359,0.08548846
930360,0.02234637
930361,0.13068
930362,0.13401021
930363,0.13806444
930364,0.14422509
930365,0.14422509
930366,0.14422509
930367,0.14422509
930368,0.14422509
930369,0.14422509
930370,0.1430914
930371,0.12423224
930372,0.019374259
930373,0.10703463
930374,0.10837575
930375,0.10874223
930376,0.1074158
930377,0.10606822
930378,0.10606822
930379,0.10606822
930380,0.10606822
930381,0.066530816
930382,0.54552996
930383,0.76402795
930384,0.8248427
930385,0.8907074
930386,0.8975202
930387,0.9154743
930388,0.9299903
930389,0.94323516
930390,0.94632435
930391,0.94632435
930392,0.9491539
930393,0.94450223
930394,0.9449305
930395,0.9353501
930396,0.9353501
930397,0.9359251
930398,0.9378802
930399,0.9552151
930400,0.9552151
930401,0.9552151
930402,0.9552151
930403,0.95490986
930404,0.95490986
930405,0.9554058
930406,0.95500755
930407,0.95423216
930408,0.95171714
930409,0.95171714
930410,0.95171714
930411,0.95293105
930412,0.95078826
930413,0.94637656
930414,0.948701
930415,0.9452789
930416,0.9452789
930417,0.9006353
930418,0.9408235
930419,0.9408235
930420,0.9408235
930421,0.96091026
930422,0.94321597
930423,0.9463154
930424,0.94321597
930425,0.96297634
930426,0.94512635
930427,0.94512635
930428,0.94512635
930429,0.94512635
930430,0.9462998
930431,0.9462998
930432,0.9462998
930433,0.9462998
930434,0.9462998
930435,0.9462998
930436,0.9462998
930437,0.9462998
930438,0.96502686
930439,0.9462998
930440,0.9462998
930441,0.9462998
930442,0.9462998
930443,0.9462998
930444,0.96320075
930445,0.9430152
930446,0.946125
930447,0.9430152
930448,0.96320075
930449,0.946125
930450,0.9430152
930451,0.9430152
930452,0.9430152
930453,0.9430152
930454,0.9430152
930455,0.9430152
930456,0.9430152
930457,0.9430152
930458,0.9430152
930459,0.9430152
930460,0.9430152
930461,0.9430152
930462,0.9479982
930463,0.9430152
930464,0.946125
930465,0.9430152
930466,0.9539358
930467,0.9430152
930468,0.9430152
930469,0.9430152
930470,0.9430152
930471,0.9483064
930472,0.946125
930473,0.9483064
930474,0.9430152
930475,0.9430152
930476,0.9430152
930477,0.946125
930478,0.9483064
930479,0.91655815
930480,0.9209909
930481,0.91655815
930482,0.91655815
930483,0.91655815
930484,0.91655815
930485,0.91655815
930486,0.91655815
930487,0.91655815
930488,0.91655815
930489,0.91655815
930490,0.9209909
930491,0.91655815
930492,0.91655815
930493,0.91655815
930494,0.91655815
930495,0.91655815
930496,0.91655815
930497,0.91655815
930498,0.55850494
930499,0.02171415
930500,0.09973115
930501,0.08755837
930502,0.093763545
930503,0.09260083
930504,0.091420084
930505,0.091420084
930506,0.091420084
930507,0.05772076
930508,0.3005863
930509,0.7284024
930510,0.7803715
930511,0.8225956
930512,0.83220357
930513,0.8387238
930514,0.86104333
930515,0.8785199
930516,0.88791
930517,0.88791
930518,0.89554363
930519,0.89554363
930520,0.8963081
930521,0.89484936
930522,0.89484936
930523,0.89574444
930524,0.8969252
930525,0.8990185
930526,0.8990185
930527,0.8990185
930528,0.89866555
930529,0.8980159
930530,0.8980159
930531,0.89907163
930532,0.8982239
930533,0.89580965
930534,0.89580965
930535,0.89580965
930536,0.89580965
930537,0.8928114
930538,0.8928114
930539,0.8874969
930540,0.8874969
930541,0.8722726
930542,0.8722726
930543,0.8374038
930544,0.8374038
930545,0.83259666
930546,0.83259666
930547,0.8864182
930548,0.8023754
930549,0.8023754
930550,0.8023754
930551,0.8023754
930552,0.8023754
930553,0.8023754
930554,0.8023754
930555,0.8023754
930556,0.7998067
930557,0.6649273
930558,0.079264894
930559,0.051927213
930560,0.0521248
930561,0.052317683
930562,0.052369744
930563,0.052369744
930564,0.052369744
930565,0.049730495
930566,0.02159134
930567,0.10187399
930568,0.095810466
930569,0.09387947
930570,0.09055873
930571,0.089623734
930572,0.11578157
930573,0.51420164
930574,0.5361414
930575,0.5661007
930576,0.651949
930577,0.6681624
930578,0.6681624
930579,0.67964387
930580,0.66757
930581,0.67279124
930582,0.67279124
930583,0.67678577
930584,0.67678577
930585,0.67534983
930586,0.67534983
930587,0.67534983
930588,0.6738355
930589,0.6738355
930590,0.6637785
930591,0.6531335
930592,0.6604296
930593,0.63947934
930594,0.64516383
930595,0.6378378
930596,0.64516383
930597,0.37228948
930598,0.025710553
930599,0.054562908
930600,0.05414819
930601,0.04882267
930602,0.082553275
930603,0.025183069
930604,0.054111227
930605,0.05125115
930606,0.023529148
930607,0.1169693
930608,0.095046446
930609,0.10584957
930610,0.10493361
930611,0.10349002
930612,0.07858816
930613,0.02504192
930614,0.052069366
930615,0.04931159
930616,0.25786966
930617,0.13396755
930618,0.12968571
930619,0.12312672
930620,0.12136732
930621,0.11972777
930622,0.085356906
930623,0.2044351
930624,0.11576996
930625,0.109793015
930626,0.09058088
930627,0.08976234
930628,0.08976234
930629,0.08976234
930630,0.071700156
930631,0.04714231
930632,0.15332401
930633,0.06015496
930634,0.029179176
930635,0.13396755
930636,0.12968571
930637,0.12312672
930638,0.12136732
930639,0.11972777
930640,0.085356906
930641,0.03567513
930642,0.18189655
930643,0.16603838
930644,0.13851564
930645,0.14838345
930646,0.09546412
930647,0.03319995
930648,0.10597483
930649,0.03878965
930650,0.12964988
930651,0.11860213
930652,0.10967795
930653,0.10585447
930654,0.02381075
930655,0.11581668
930656,0.09426955
930657,0.04315184
930658,0.22730605
930659,0.23678064
930660,0.23992004
930661,0.24281873
930662,0.24281873
930663,0.24281873
930664,0.24281873
930665,0.24281873
930666,0.24281873
930667,0.24022812
930668,0.068709716
930669,0.1661713
930670,0.072583035
930671,0.068527706
930672,0.066581845
930673,0.066044554
930674,0.066044554
930675,0.066044554
930676,0.066044554
930677,0.055835035
930678,0.015977224
930679,0.095600225
930680,0.09055802
930681,0.0739173
930682,0.07317871
930683,0.073378906
930684,0.073378906
930685,0.060159687
930686,0.026469398
930687,0.07757587
930688,0.052348334
930689,0.06303592
930690,0.061344657
930691,0.052909564
930692,0.1388715
930693,0.25365975
930694,0.015977224
930695,0.095600225
930696,0.09055802
930697,0.0739173
930698,0.07317871
930699,0.073378906
930700,0.073378906
930701,0.060159687
930702,0.01892421
930703,0.0634136
930704,0.06033771
930705,0.05614878
930706,0.054499544
930707,0.05441461
930708,0.057387732
930709,0.043251198
930710,0.023064114
930711,0.046775386
930712,0.04641695
930713,0.0434134
930714,0.014408951
930715,0.09680095
930716,0.09170184
930717,0.07486824
930718,0.07317871
930719,0.073378906
930720,0.073378906
930721,0.060159687
930722,0.016117461
930723,0.061338555
930724,0.06033771
930725,0.059779856
930726,0.054499544
930727,0.054196857
930728,0.043251198
930729,0.036008686
930730,0.15934335
930731,0.07017618
930732,0.070423685
930733,0.0709999
930734,0.07119459
930735,0.07119459
930736,0.07119459
930737,0.07430159
930738,0.06622175
930739,0.02248841
930740,0.114586174
930741,0.10342456
930742,0.07941015
930743,0.09706329
930744,0.01701756
930745,0.07002769
930746,0.07324654
930747,0.06422314
930748,0.06410331
930749,0.06493714
930750,0.06493714
930751,0.06493714
930752,0.05537629
930753,0.022113243
930754,0.046775386
930755,0.04641695
930756,0.046783242
930757,0.04244067
930758,0.016117461
930759,0.0634136
930760,0.06033771
930761,0.058017794
930762,0.056453057
930763,0.056726374
930764,0.045111317
930765,0.013925114
930766,0.04292185
930767,0.04308672
930768,0.043937065
930769,0.043091968
930770,0.043213695
930771,0.038938954
930772,0.015778614
930773,0.06336872
930774,0.0617592
930775,0.058017794
930776,0.056453057
930777,0.056726374
930778,0.045111317
930779,0.024172058
930780,0.046655893
930781,0.070751525
930782,0.023688149
930783,0.07778319
930784,0.07158242
930785,0.11337404
930786,0.2551198
930787,0.29288968
930788,0.19438311
930789,0.1796575
930790,0.16787913
930791,0.13425513
930792,0.025030633
930793,0.20974964
930794,0.20925444
930795,0.20988177
930796,0.18443613
930797,0.17905608
930798,0.17682445
930799,0.17682445
930800,0.17682445
930801,0.3087449
930802,0.20058572
930803,0.089438915
930804,0.085215524
930805,0.08014467
930806,0.08006565
930807,0.07893399
930808,0.061463043
930809,0.2814062
930810,0.23787439
930811,0.19295517
930812,0.21450001
930813,0.2136784
930814,0.15674852
930815,0.020459346
930816,0.08902854
930817,0.08482272
930818,0.07977321
930819,0.07906295
930820,0.07794427
930821,0.0799951
930822,0.060677957
930823,0.10855611
930824,0.5454052
930825,0.65965694
930826,0.7185551
930827,0.7452835
930828,0.74694127
930829,0.74150276
930830,0.7472218
930831,0.74178725
930832,0.74178725
930833,0.74262065
930834,0.74648845
930835,0.8170336
930836,0.7383632
930837,0.7383632
930838,0.73702836
930839,0.73702836
930840,0.7278535
930841,0.72555256
930842,0.72081965
930843,0.7085357
930844,0.7070645
930845,0.7094583
930846,0.43258995
930847,0.32959825
930848,0.020459346
930849,0.08902854
930850,0.08482272
930851,0.07977321
930852,0.07906295
930853,0.07794427
930854,0.0799951
930855,0.060677957
930856,0.077295564
930857,0.54572743
930858,0.6265846
930859,0.6787652
930860,0.6926871
930861,0.6926871
930862,0.6926871
930863,0.6930031
930864,0.6930031
930865,0.8068761
930866,0.69392896
930867,0.6936443
930868,0.6935435
930869,0.6877355
930870,0.6877355
930871,0.6862521
930872,0.6862521
930873,0.67704654
930874,0.67704654
930875,0.6718554
930876,0.42353025
930877,0.048073985
930878,0.17293623
930879,0.193055
930880,0.1931457
930881,0.1962314
930882,0.18105584
930883,0.18105584
930884,0.18105584
930885,0.20594719
930886,0.20036756
930887,0.19758628
930888,0.13709497
930889,0.07434475
930890,0.5463571
930891,0.6271787
930892,0.67432004
930893,0.68834615
930894,0.68834615
930895,0.68834615
930896,0.68834615
930897,0.7198158
930898,0.52100503
930899,0.68577325
930900,0.6854844
930901,0.6814505
930902,0.6780548
930903,0.6780548
930904,0.67654705
930905,0.67654705
930906,0.6671948
930907,0.6671948
930908,0.3773049
930909,0.071974464
930910,0.3416572
930911,0.3744082
930912,0.43290427
930913,0.44777185
930914,0.44777185
930915,0.44777185
930916,0.44777185
930917,0.4465571
930918,0.4465571
930919,0.44428062
930920,0.44209576
930921,0.43615893
930922,0.43615893
930923,0.43615893
930924,0.43615893
930925,0.2688481
930926,0.0257399
930927,0.21586947
930928,0.21235654
930929,0.31523705
930930,0.2006013
930931,0.1951489
930932,0.1951489
930933,0.25201026
930934,0.02475191
930935,0.116986424
930936,0.11652607
930937,0.11691649
930938,0.058416028
930939,0.057487916
930940,0.11671061
930941,0.11671061
930942,0.121560216
930943,0.080415964
930944,0.08662531
930945,0.051821038
930946,0.052018236
930947,0.053645086
930948,0.05369839
930949,0.05369839
930950,0.05369839
930951,0.052406345
930952,0.02283341
930953,0.10161868
930954,0.096187055
930955,0.09353467
930956,0.0933656
930957,0.0933656
930958,0.0933656
930959,0.0933656
930960,0.03752038
930961,0.015809033
930962,0.052519705
930963,0.052719414
930964,0.053645086
930965,0.05369839
930966,0.05369839
930967,0.05369839
930968,0.052406345
930969,0.21408312
930970,0.12812339
930971,0.124001555
930972,0.11886455
930973,0.116633244
930974,0.11430175
930975,0.0795765
930976,0.02283341
930977,0.1017005
930978,0.096187055
930979,0.09353467
930980,0.0933656
930981,0.0933656
930982,0.0933656
930983,0.0933656
930984,0.076201946
930985,0.014563706
930986,0.047270462
930987,0.047451217
930988,0.048289098
930989,0.04833735
930990,0.04833735
930991,0.058888383
930992,0.021758435
930993,0.1454487
930994,0.14719176
930995,0.14817888
930996,0.14645042
930997,0.14469253
930998,0.14469253
930999,0.14469253
931000,0.14469253
931001,0.14469253
931002,0.09134853
931003,0.021704242
931004,0.093037784
931005,0.088661
931006,0.08340382
931007,0.08266415
931008,0.08149901
931009,0.08149901
931010,0.064219385
931011,0.09854586
931012,0.029525405
931013,0.110594116
931014,0.096396856
931015,0.09072664
931016,0.08992839
931017,0.0676714
931018,0.021389758
931019,0.08086732
931020,0.088661
931021,0.08340382
931022,0.08266415
931023,0.08149901
931024,0.08149901
931025,0.061843116
931026,0.08422169
931027,0.05210217
931028,0.051705133
931029,0.05200977
931030,0.047921248
931031,0.022502942
931032,0.1017005
931033,0.096187055
931034,0.09353467
931035,0.0933656
931036,0.0933656
931037,0.0933656
931038,0.0933656
931039,0.076201946
931040,0.01597418
931041,0.073256865
931042,0.0752504
931043,0.075514354
931044,0.0761288
931045,0.0761288
931046,0.0761288
931047,0.0761288
931048,0.079432726
931049,0.070472024
931050,0.029825006
931051,0.110594116
931052,0.07353173
931053,0.09072664
931054,0.08992839
931055,0.06714739
931056,0.035873808
931057,0.08439436
931058,0.29091844
931059,0.15465073
931060,0.14296488
931061,0.13496456
931062,0.13383438
931063,0.09313223
931064,0.31633365
931065,0.033137485
931066,0.11230527
931067,0.0970873
931068,0.09031813
931069,0.07389178
931070,0.12972412
931071,0.5728324
931072,0.63997114
931073,0.771377
931074,0.79654443
931075,0.8060743
931076,0.83326674
931077,0.83789897
931078,0.83789897
931079,0.83789897
931080,0.83764094
931081,0.83764094
931082,0.83575845
931083,0.8326573
931084,0.8326573
931085,0.826732
931086,0.826732
931087,0.82321906
931088,0.82321906
931089,0.82329345
931090,0.821811
931091,0.820767
931092,0.820767
931093,0.820767
931094,0.8097986
931095,0.805799
931096,0.805799
931097,0.80470943
931098,0.7926632
931099,0.5226849
931100,0.019674147
931101,0.08835245
931102,0.08725491
931103,0.082073584
931104,0.081344664
931105,0.08019651
931106,0.08019651
931107,0.06083393
931108,0.021760963
931109,0.10050013
931110,0.09580937
931111,0.09295418
931112,0.089376435
931113,0.08812578
931114,0.08812578
931115,0.06664605
931116,0.030033464
931117,0.119279504
931118,0.10409769
931119,0.09802364
931120,0.09716805
931121,0.07289182
931122,0.027509194
931123,0.10134824
931124,0.09662216
931125,0.09094003
931126,0.09292318
931127,0.088879794
931128,0.088879794
931129,0.06722983
931130,0.35773546
931131,0.26645026
931132,0.27443936
931133,0.27781376
931134,0.28501078
931135,0.29246333
931136,0.29246333
931137,0.305263
931138,0.29571235
931139,0.24301642
931140,0.028792694
931141,0.11020397
931142,0.10428305
931143,0.10143247
931144,0.10468131
931145,0.10125072
931146,0.10125072
931147,0.10125072
931148,0.083459996
931149,0.18367636
931150,0.029132597
931151,0.10939923
931152,0.104341306
931153,0.0982546
931154,0.09739721
931155,0.096046165
931156,0.096046165
931157,0.07279002
931158,0.5216197
931159,0.54539526
931160,0.5773196
931161,0.6041353
931162,0.6122208
931163,0.6122208
931164,0.6122208
931165,0.6122208
931166,0.6122208
931167,0.6122208
931168,0.601343
931169,0.5882267
931170,0.5739355
931171,0.5721067
931172,0.4986772
931173,0.044413842
931174,0.13218926
931175,0.11462475
931176,0.08996978
931177,0.0426855
931178,0.08902982
931179,0.107100874
931180,0.081599586
931181,0.043734163
931182,0.12498687
931183,0.10825996
931184,0.10002574
931185,0.08045109
931186,0.020239083
931187,0.086573735
931188,0.077124685
931189,0.07135593
931190,0.070277005
931191,0.054684624
931192,0.020239083
931193,0.086573735
931194,0.077124685
931195,0.07135593
931196,0.070277005
931197,0.054684624
931198,0.021489669
931199,0.081898965
931200,0.07352997
931201,0.065573834
931202,0.06381912
931203,0.051879045
931204,0.22959802
931205,0.11823859
931206,0.10935866
931207,0.015934817
931208,0.06700481
931209,0.063766584
931210,0.056802094
931211,0.05526822
931212,0.056473985
931213,0.044675283
931214,0.15800282
931215,0.027360938
931216,0.08382459
931217,0.116223104
931218,0.27077484
931219,0.4698228
931220,0.53863436
931221,0.45746374
931222,0.51087976
931223,0.53524256
931224,0.5671675
931225,0.5671675
931226,0.5793958
931227,0.653226
931228,0.59633213
931229,0.6002076
931230,0.59988606
931231,0.5943482
931232,0.5943482
931233,0.58159286
931234,0.5772983
931235,0.5772983
931236,0.57138956
931237,0.29819217
931238,0.040749114
931239,0.11494821
931240,0.10774045
931241,0.093022846
931242,0.17656665
931243,0.072875045
931244,0.04709662
931245,0.046548568
931246,0.042729173
931247,0.03759566
931248,0.22653879
931249,0.1869003
931250,0.17643061
931251,0.16258532
931252,0.15673089
931253,0.13515091
931254,0.014795545
931255,0.06257048
931256,0.06186811
931257,0.05752393
931258,0.056432933
931259,0.056685194
931260,0.05583337
931261,0.045894265
931262,0.022556413
931263,0.06294583
931264,0.062225383
931265,0.057196844
931266,0.04663909
931267,0.19423223
931268,0.017222717
931269,0.11961469
931270,0.062273417
931271,0.057902515
931272,0.056804765
931273,0.04896596
931274,0.019343322
931275,0.062994376
931276,0.062273417
931277,0.057902515
931278,0.056804765
931279,0.043798715
931280,0.023987504
931281,0.071392514
931282,0.07058268
931283,0.06492553
931284,0.07445669
931285,0.30648175
931286,0.29919046
931287,0.20609769
931288,0.05090335
931289,0.39369872
931290,0.40064263
931291,0.41216865
931292,0.41036552
931293,0.41036552
931294,0.41036552
931295,0.41036552
931296,0.41036552
931297,0.41036552
931298,0.40388224
931299,0.34870186
931300,0.28971317
931301,0.24504094
931302,0.21302967
931303,0.04573659
931304,0.2522801
931305,0.24200135
931306,0.22741665
931307,0.23328297
931308,0.21570307
931309,0.21481557
931310,0.19329327
931311,0.08374679
931312,0.07976864
931313,0.07107355
931314,0.070434816
931315,0.06986762
931316,0.05258374
931317,0.016433595
931318,0.08374679
931319,0.07976864
931320,0.07107355
931321,0.070434816
931322,0.06986762
931323,0.0750146
931324,0.05258374
931325,0.28237638
931326,0.19845872
931327,0.15370163
931328,0.23109923
931329,0.2739169
931330,0.31079665
931331,0.32393807
931332,0.3758862
931333,0.3367808
931334,0.3367808
931335,0.3367808
931336,0.3367808
931337,0.3367808
931338,0.3367808
931339,0.3290418
931340,0.33134252
931341,0.30637738
931342,0.2740264
931343,0.020517081
931344,0.10096247
931345,0.083233744
931346,0.092849776
931347,0.092681825
931348,0.08916389
931349,0.092681825
931350,0.092681825
931351,0.070745684
931352,0.033161152
931353,0.19784042
931354,0.18359984
931355,0.16151434
931356,0.16020301
931357,0.17599653
931358,0.1893547
931359,0.018046388
931360,0.09140404
931361,0.07976864
931362,0.07678051
931363,0.07609471
931364,0.0750146
931365,0.056534845
931366,0.05002241
931367,0.2522801
931368,0.24200135
931369,0.22741665
931370,0.18622534
931371,0.017648488
931372,0.09140404
931373,0.08709673
931374,0.07678051
931375,0.07609471
931376,0.0750146
931377,0.0750146
931378,0.056534845
931379,0.2013735
931380,0.08873411
931381,0.08304493
931382,0.07572269
931383,0.07648641
931384,0.06707411
931385,0.21725765
931386,0.018046388
931387,0.08852443
931388,0.08709673
931389,0.07678051
931390,0.07609471
931391,0.0750146
931392,0.056534845
931393,0.097682334
931394,0.017648488
931395,0.09140404
931396,0.07352634
931397,0.07678051
931398,0.07609471
931399,0.0750146
931400,0.0750146
931401,0.056534845
931402,0.021514583
931403,0.10686544
931404,0.10110351
931405,0.09833029
931406,0.0981535
931407,0.0981535
931408,0.0981535
931409,0.0981535
931410,0.07377997
931411,0.025358573
931412,0.10135543
931413,0.102214314
931414,0.06860058
931415,0.08948983
931416,0.06699237
931417,0.20194139
931418,0.01851921
931419,0.10246391
931420,0.09769146
931421,0.08623889
931422,0.07934781
931423,0.0842753
931424,0.06334485
931425,0.01851921
931426,0.10246391
931427,0.09769146
931428,0.081820555
931429,0.08547642
931430,0.079926066
931431,0.14746788
931432,0.16454874
931433,0.068627976
931434,0.066730745
931435,0.065017104
931436,0.06528656
931437,0.06528656
931438,0.06528656
931439,0.06528656
931440,0.050799128
931441,0.01933036
931442,0.06634603
931443,0.061621923
931444,0.0562704
931445,0.048646566
931446,0.07479083
931447,0.761977
931448,0.76423216
931449,0.8220622
931450,0.92360264
931451,0.9278454
931452,0.94655406
931453,0.950118
931454,0.9564822
931455,0.9602677
931456,0.9589156
931457,0.95747924
931458,0.9531345
931459,0.9533679
931460,0.94583046
931461,0.94583046
931462,0.9463175
931463,0.94742596
931464,0.9597061
931465,0.9597061
931466,0.9597061
931467,0.9597061
931468,0.9621686
931469,0.9621686
931470,0.9641341
931471,0.96225125
931472,0.9615956
931473,0.95946807
931474,0.95946807
931475,0.95796406
931476,0.9571501
931477,0.9571501
931478,0.95302016
931479,0.93763083
931480,0.95282865
931481,0.95282865
931482,0.95270073
931483,0.95270073
931484,0.949633
931485,0.95270073
931486,0.95270073
931487,0.95518047
931488,0.95518047
931489,0.95518047
931490,0.95518047
931491,0.95791554
931492,0.96041393
931493,0.96041393
931494,0.96041393
931495,0.96041393
931496,0.96041393
931497,0.96041393
931498,0.96041393
931499,0.96041393
931500,0.96041393
931501,0.95739317
931502,0.95739317
931503,0.95739317
931504,0.95739317
931505,0.95739317
931506,0.95739317
931507,0.95739317
931508,0.96022356
931509,0.9472354
931510,0.94383425
931511,0.9472354
931512,0.9472354
931513,0.9472354
931514,0.9472354
931515,0.9472354
931516,0.9472354
931517,0.9472354
931518,0.9472354
931519,0.9472354
931520,0.9472354
931521,0.9472354
931522,0.94426143
931523,0.94426143
931524,0.94426143
931525,0.94426143
931526,0.9435774
931527,0.94426143
931528,0.94426143
931529,0.94426143
931530,0.94426143
931531,0.94426143
931532,0.94426143
931533,0.94426143
931534,0.95516473
931535,0.94426143
931536,0.94426143
931537,0.94426143
931538,0.94426143
931539,0.94426143
931540,0.94426143
931541,0.94426143
931542,0.94426143
931543,0.94426143
931544,0.9095206
931545,0.9095206
931546,0.9095206
931547,0.9095206
931548,0.9095206
931549,0.9095206
931550,0.9095206
931551,0.9095206
931552,0.9095206
931553,0.9095206
931554,0.9095206
931555,0.9095206
931556,0.906739
931557,0.9095206
931558,0.9095206
931559,0.9095206
931560,0.9095206
931561,0.9095206
931562,0.9095206
931563,0.9095206
931564,0.9095206
931565,0.9095206
931566,0.51408154
931567,0.17598777
931568,0.12901405
931569,0.1073591
931570,0.08181022
931571,0.023307165
931572,0.12630178
931573,0.12174115
931574,0.11075533
931575,0.1156033
931576,0.1191022
931577,0.1191022
931578,0.111989886
931579,0.08487823
931580,0.22954012
931581,0.16238144
931582,0.03383312
931583,0.20851275
931584,0.21134709
931585,0.21424393
931586,0.2131349
931587,0.21179332
931588,0.21179332
931589,0.20040514
931590,0.1853563
931591,0.20040514
931592,0.15074664
931593,0.20128399
931594,0.20114414
931595,0.18200588
931596,0.1772885
931597,0.18318936
931598,0.15009357
931599,0.03146496
931600,0.13855453
931601,0.1420526
931602,0.1401516
931603,0.14848743
931604,0.14828302
931605,0.15171765
931606,0.14514652
931607,0.14514652
931608,0.10501363
931609,0.28277734
931610,0.032805085
931611,0.18754166
931612,0.19200087
931613,0.17091094
931614,0.19688536
931615,0.20208058
931616,0.20092
931617,0.19270195
931618,0.19270195
931619,0.19270195
931620,0.18031488
931621,0.19896626
931622,0.07805495
931623,0.07432524
931624,0.07400581
931625,0.07364884
931626,0.07325769
931627,0.07325769
931628,0.12647073
931629,0.15930638
931630,0.3447381
931631,0.3227876
931632,0.32915977
931633,0.3385285
931634,0.3380818
931635,0.3380818
931636,0.3380818
931637,0.3380818
931638,0.3380818
931639,0.3446036
931640,0.23987776
931641,0.28269964
931642,0.1324778
931643,0.03124965
931644,0.17256498
931645,0.15617497
931646,0.15917493
931647,0.15903144
931648,0.1569741
931649,0.1569741
931650,0.1217773
931651,0.04460358
931652,0.35577735
931653,0.35679552
931654,0.3712217
931655,0.3708211
931656,0.3708211
931657,0.3708211
931658,0.3708211
931659,0.3708211
931660,0.3708211
931661,0.3729063
931662,0.3625447
931663,0.35128656
931664,0.23319215
931665,0.040754825
931666,0.18144193
931667,0.1696126
931668,0.13214137
931669,0.073766105
931670,0.2945657
931671,0.25064185
931672,0.23831211
931673,0.21476898
931674,0.2227398
931675,0.16103669
931676,0.04187361
931677,0.28691843
931678,0.29288882
931679,0.30168954
931680,0.3012693
931681,0.3012693
931682,0.3012693
931683,0.3012693
931684,0.3012693
931685,0.3012693
931686,0.21844387
931687,0.04370555
931688,0.24767223
931689,0.2381192
931690,0.034961134
931691,0.17749219
931692,0.16565585
931693,0.15760718
931694,0.15746483
931695,0.18054089
931696,0.41800597
931697,0.5323952
931698,0.54707277
931699,0.5626461
931700,0.5837895
931701,0.5837895
931702,0.5837895
931703,0.5837895
931704,0.5837895
931705,0.5837895
931706,0.57080495
931707,0.55617565
931708,0.343329
931709,0.07810593
931710,0.06046842
931711,0.081055224
931712,0.5731269
931713,0.608082
931714,0.64125687
931715,0.6845757
931716,0.66089034
931717,0.66089034
931718,0.66089034
931719,0.66089034
931720,0.66089034
931721,0.65323544
931722,0.63964206
931723,0.6317017
931724,0.6317017
931725,0.6317017
931726,0.39570928
931727,0.041905627
931728,0.24064127
931729,0.22829899
931730,0.22270843
931731,0.23088342
931732,0.22814876
931733,0.22814876
931734,0.17011544
931735,0.11184077
931736,0.041102014
931737,0.079453416
931738,0.20581107
931739,0.010352301
931740,0.023616992
931741,0.022442287
931742,0.021606404
931743,0.0234852
931744,0.023796584
931745,0.009458275
931746,0.022340711
931747,0.018002894
931748,0.030156767
931749,0.03542474
931750,0.06879951
931751,0.053402003
931752,0.051986583
931753,0.014010416
931754,0.053671625
931755,0.053875465
931756,0.054801755
931757,0.054856148
931758,0.054856148
931759,0.054856148
931760,0.048988882
931761,0.025597671
931762,0.056338686
931763,0.0853301
931764,0.03585071
931765,0.037507415
931766,0.01601854
931767,0.030631814
931768,0.039291173
931769,0.27592993
931770,0.14206968
931771,0.13708085
931772,0.09132221
931773,0.26993522
931774,0.116594024
931775,0.09510534
931776,0.10335375
931777,0.12430134
931778,0.022699581
931779,0.14206968
931780,0.13708085
931781,0.15079331
931782,0.18677829
931783,0.24459793
931784,0.10503752
931785,0.09776435
931786,0.09799086
931787,0.12782937
931788,0.096375614
931789,0.07227938
931790,0.49514267
931791,0.57426673
931792,0.6412487
931793,0.640061
931794,0.6515842
931795,0.6515842
931796,0.6515842
931797,0.6515842
931798,0.6515842
931799,0.6515842
931800,0.650484
931801,0.6463062
931802,0.6432959
931803,0.637984
931804,0.637984
931805,0.63638926
931806,0.63638926
931807,0.66243666
931808,0.39951771
931809,0.05442709
931810,0.16570467
931811,0.14371678
931812,0.28418633
931813,0.1858169
931814,0.16710751
931815,0.18764624
931816,0.023468759
931817,0.109540634
931818,0.1353643
931819,0.09939927
931820,0.09853298
931821,0.09391501
931822,0.09287146
931823,0.07329721
931824,0.19872954
931825,0.7345002
931826,0.7696311
931827,0.82406026
931828,0.83422303
931829,0.8372684
931830,0.8533311
931831,0.86472714
931832,0.8838998
931833,0.8838998
931834,0.8255375
931835,0.8870144
931836,0.8875384
931837,0.8863767
931838,0.8863767
931839,0.8873348
931840,0.8873348
931841,0.8895989
931842,0.8895989
931843,0.8895989
931844,0.88921696
931845,0.88851434
931846,0.88851434
931847,0.88851434
931848,0.8875891
931849,0.886955
931850,0.886955
931851,0.88625646
931852,0.8863204
931853,0.88308483
931854,0.88308483
931855,0.88308483
931856,0.88308483
931857,0.8673527
931858,0.8673527
931859,0.82784927
931860,0.82784927
931861,0.8121914
931862,0.8121914
931863,0.8121914
931864,0.7884565
931865,0.7884565
931866,0.7884565
931867,0.7884565
931868,0.6507011
931869,0.13084492
931870,0.023366353
931871,0.14168817
931872,0.10484533
931873,0.09939927
931874,0.09493948
931875,0.12778372
931876,0.09716788
931877,0.07329721
931878,0.021976631
931879,0.14655486
931880,0.15021972
931881,0.07794578
931882,0.078095876
931883,0.078095876
931884,0.078095876
931885,0.078095876
931886,0.08147765
931887,0.067977116
931888,0.02153995
931889,0.10099912
931890,0.1185298
931891,0.09124072
931892,0.08927471
931893,0.08863311
931894,0.08301106
931895,0.027893191
931896,0.053844154
931897,0.021558058
931898,0.10099912
931899,0.09455845
931900,0.08363521
931901,0.08989024
931902,0.08701084
931903,0.09350235
931904,0.064875
931905,0.016276164
931906,0.047570046
931907,0.04775188
931908,0.047929406
931909,0.048130307
931910,0.048130307
931911,0.048130307
931912,0.046501935
931913,0.022354035
931914,0.10820487
931915,0.10777487
931916,0.108139575
931917,0.1073055
931918,0.097808056
931919,0.1073055
931920,0.1073055
931921,0.1073055
931922,0.07642032
931923,0.19070362
931924,0.015713809
931925,0.066759564
931926,0.06858937
931927,0.0688317
931928,0.06961214
931929,0.06961214
931930,0.06961214
931931,0.06961214
931932,0.072655484
931933,0.06552443
931934,0.028976284
931935,0.101768695
931936,0.09153909
931937,0.0850357
931938,0.13264269
931939,0.021184124
931940,0.14855881
931941,0.14593738
931942,0.13725069
931943,0.13816655
931944,0.13549723
931945,0.13549723
931946,0.16862048
931947,0.022430323
931948,0.09027371
931949,0.09268401
931950,0.093345605
931951,0.096141905
931952,0.09716805
931953,0.0959415
931954,0.0959415
931955,0.09608915
931956,0.09608915
931957,0.08888103
931958,0.024669038
931959,0.15944694
931960,0.17580147
931961,0.18557382
931962,0.20213223
931963,0.2040343
931964,0.2040343
931965,0.2040343
931966,0.2040343
931967,0.2040343
931968,0.20254172
931969,0.20111546
931970,0.194474
931971,0.16667412
931972,0.024481641
931973,0.16025175
931974,0.1766715
931975,0.18527399
931976,0.19959684
931977,0.20148107
931978,0.20148107
931979,0.20148107
931980,0.20148107
931981,0.20148107
931982,0.20000248
931983,0.19858965
931984,0.18884087
931985,0.16168462
931986,0.035315525
931987,0.2487898
931988,0.277116
931989,0.33835232
931990,0.35929042
931991,0.36200035
931992,0.36200035
931993,0.36200035
931994,0.36200035
931995,0.36200035
931996,0.35987467
931997,0.35783762
931998,0.3483088
931999,0.3483088
932000,0.3483088
932001,0.3483088
932002,0.24701196
932003,0.036480676
932004,0.06835624
932005,0.32004628
932006,0.2781391
932007,0.15022174
932008,0.055368397
932009,0.22280343
932010,0.21673611
932011,0.21565902
932012,0.27274507
932013,0.15285753
932014,0.13159053
932015,0.27852175
932016,0.23766445
932017,0.19642463
932018,0.2153889
932019,0.21354781
932020,0.22179233
932021,0.22452717
932022,0.23024346
932023,0.23024346
932024,0.23024346
932025,0.23024346
932026,0.19919696
932027,0.51498216
932028,0.64540327
932029,0.6732083
932030,0.6961694
932031,0.712688
932032,0.712688
932033,0.712688
932034,0.712688
932035,0.75174415
932036,0.75174415
932037,0.73813593
932038,0.72604597
932039,0.71308964
932040,0.71308964
932041,0.54657745
932042,0.036822237
932043,0.15285753
932044,0.15342455
932045,0.49728677
932046,0.47567734
932047,0.49910688
932048,0.49813375
932049,0.49474317
932050,0.49520895
932051,0.49520895
932052,0.49520895
932053,0.51745665
932054,0.49520895
932055,0.4911249
932056,0.48108754
932057,0.41670656
932058,0.038920186
932059,0.21870779
932060,0.20305054
932061,0.19028415
932062,0.15437996
932063,0.09931916
932064,0.3149183
932065,0.3293436
932066,0.3440534
932067,0.36107907
932068,0.36107907
932069,0.36107907
932070,0.36107907
932071,0.36107907
932072,0.36107907
932073,0.35895574
932074,0.2521852
932075,0.09348917
932076,0.60138816
932077,0.6306694
932078,0.6550881
932079,0.6743491
932080,0.6743491
932081,0.6743491
932082,0.6743491
932083,0.6743491
932084,0.6743491
932085,0.66684484
932086,0.653502
932087,0.6388215
932088,0.6388215
932089,0.39931956
932090,0.052252933
932091,0.42611817
932092,0.43322524
932093,0.43415534
932094,0.43366516
932095,0.43366516
932096,0.4169077
932097,0.43366516
932098,0.4169077
932099,0.41362745
932100,0.0831243
932101,0.06713946
932102,0.23931934
932103,0.25155327
932104,0.25226694
932105,0.25845402
932106,0.25845402
932107,0.25845402
932108,0.25845402
932109,0.25845402
932110,0.21591143
932111,0.05797903
932112,0.31396252
932113,0.2728803
932114,0.07196927
932115,0.45124236
932116,0.45447034
932117,0.59243596
932118,0.46118462
932119,0.35029593
932120,0.44176182
932121,0.3038836
932122,0.06661396
932123,0.07440303
932124,0.45692736
932125,0.44982758
932126,0.44512337
932127,0.4565307
932128,0.41117114
932129,0.014283055
932130,0.052654266
932131,0.05322343
932132,0.054024022
932133,0.05499265
932134,0.05499265
932135,0.05499265
932136,0.05499265
932137,0.05859266
932138,0.022472305
932139,0.045655504
932140,0.045305245
932141,0.045558453
932142,0.044241615
932143,0.28111002
932144,0.26138932
932145,0.12771998
932146,0.10703652
932147,0.09624984
932148,0.018982902
932149,0.091026455
932150,0.093454786
932151,0.094121315
932152,0.09573612
932153,0.09573612
932154,0.09452575
932155,0.09452575
932156,0.09467143
932157,0.09467143
932158,0.08653542
932159,0.32208407
932160,0.24365525
932161,0.23411828
932162,0.2260339
932163,0.22258681
932164,0.08511726
932165,0.013744828
932166,0.044388946
932167,0.044559192
932168,0.045332983
932169,0.04581475
932170,0.04581475
932171,0.037172925
932172,0.23153453
932173,0.099399455
932174,0.014942536
932175,0.051129367
932176,0.052162293
932177,0.046781957
932178,0.047538772
932179,0.047538772
932180,0.047538772
932181,0.047538772
932182,0.049668618
932183,0.040596873
932184,0.06087878
932185,0.3190377
932186,0.33633578
932187,0.35370094
932188,0.37947127
932189,0.41579312
932190,0.24465936
932191,0.43897754
932192,0.43897754
932193,0.43897754
932194,0.43198216
932195,0.42745283
932196,0.41250503
932197,0.27786157
932198,0.08284638
932199,0.093792066
932200,0.39906597
932201,0.5002386
932202,0.5903063
932203,0.6215808
932204,0.6565571
932205,0.6565571
932206,0.6807314
932207,0.6807314
932208,0.67416316
932209,0.6819388
932210,0.6819388
932211,0.67956334
932212,0.67956334
932213,0.6679907
932214,0.65765536
932215,0.65765536
932216,0.6425792
932217,0.63499945
932218,0.6295023
932219,0.61534446
932220,0.61365944
932221,0.32820478
932222,0.075357966
932223,0.048525285
932224,0.11375188
932225,0.07719434
932226,0.3617679
932227,0.15068188
932228,0.034686558
932229,0.05563145
932230,0.2603154
932231,0.20248245
932232,0.18633972
932233,0.17439407
932234,0.19675547
932235,0.23353726
932236,0.17419297
932237,0.16307169
932238,0.13272168
932239,0.11429299
932240,0.02489084
932241,0.17419297
932242,0.16307169
932243,0.13272168
932244,0.1882694
932245,0.23688807
932246,0.10706508
932247,0.09731466
932248,0.103568025
932249,0.2538312
932250,0.15242836
932251,0.09796301
932252,0.09337838
932253,0.08948115
932254,0.0886928
932255,0.08799248
932256,0.0667911
932257,0.040836938
932258,0.13012408
932259,0.38757986
932260,0.39214575
932261,0.4035076
932262,0.40257105
932263,0.40242577
932264,0.40242577
932265,0.40242577
932266,0.40242577
932267,0.40242577
932268,0.40242577
932269,0.3985028
932270,0.32735938
932271,0.20051105
932272,0.17094618
932273,0.30497584
932274,0.2248079
932275,0.17098306
932276,0.105120994
932277,0.54996675
932278,0.60349566
932279,0.59925306
932280,0.60867333
932281,0.60867333
932282,0.6243828
932283,0.6243828
932284,0.60867333
932285,0.60867333
932286,0.6074237
932287,0.6071042
932288,0.60396475
932289,0.6021755
932290,0.6021755
932291,0.6144032
932292,0.6144032
932293,0.5918869
932294,0.39178357
932295,0.28146353
932296,0.2713306
932297,0.253489
932298,0.21606511
932299,0.07178075
932300,0.15041266
932301,0.054026444
932302,0.054225966
932303,0.05427982
932304,0.05427982
932305,0.049145304
932306,0.035691623
932307,0.25521693
932308,0.25522643
932309,0.25198433
932310,0.2516083
932311,0.2516083
932312,0.2516083
932313,0.2516083
932314,0.25028515
932315,0.058894888
932316,0.39138559
932317,0.39831546
932318,0.4001964
932319,0.39971745
932320,0.39971745
932321,0.39971745
932322,0.39971745
932323,0.39971745
932324,0.39971745
932325,0.35272324
932326,0.16843833
932327,0.6325364
932328,0.7292848
932329,0.806169
932330,0.8204398
932331,0.8287545
932332,0.853078
932333,0.8611022
932334,0.8733994
932335,0.8733994
932336,0.87895477
932337,0.87895477
932338,0.87981254
932339,0.87815326
932340,0.87815326
932341,0.86654484
932342,0.86654484
932343,0.87479895
932344,0.8747649
932345,0.87886417
932346,0.87786084
932347,0.8770961
932348,0.8770961
932349,0.8770961
932350,0.84870607
932351,0.8700699
932352,0.8653994
932353,0.86068785
932354,0.854577
932355,0.8505901
932356,0.8505901
932357,0.8505901
932358,0.8505901
932359,0.8162212
932360,0.8162212
932361,0.76548475
932362,0.5946722
932363,0.03305644
932364,0.0645436
932365,0.06572433
932366,0.26324248
932367,0.22999658
932368,0.24795678
932369,0.2504815
932370,0.2534622
932371,0.23118539
932372,0.24850358
932373,0.24850358
932374,0.24850358
932375,0.24850358
932376,0.24322759
932377,0.16262285
932378,0.12558784
932379,0.14008553
932380,0.55491173
932381,0.6851345
932382,0.7672399
932383,0.78876245
932384,0.78876245
932385,0.7578381
932386,0.75811046
932387,0.75811046
932388,0.75811046
932389,0.7610216
932390,0.7589082
932391,0.7577066
932392,0.75483125
932393,0.7309718
932394,0.7296131
932395,0.78648263
932396,0.7205903
932397,0.71787405
932398,0.7130611
932399,0.7005775
932400,0.69908327
932401,0.43029433
932402,0.04820433
932403,0.08109053
932404,0.044772785
932405,0.11762175
932406,0.10334067
932407,0.4446749
932408,0.572079
932409,0.67280394
932410,0.70895094
932411,0.70895094
932412,0.7196134
932413,0.72250795
932414,0.72250795
932415,0.72250795
932416,0.7548143
932417,0.7548143
932418,0.72349375
932419,0.7165191
932420,0.7165191
932421,0.7189706
932422,0.7189706
932423,0.7110543
932424,0.7082829
932425,0.70838857
932426,0.68991065
932427,0.6924478
932428,0.6924478
932429,0.6924478
932430,0.41482607
932431,0.027835343
932432,0.10965797
932433,0.092874415
932434,0.09985322
932435,0.09838905
932436,0.071057506
932437,0.039603002
932438,0.3952823
932439,0.42759717
932440,0.4466574
932441,0.4452242
932442,0.4568478
932443,0.4452242
932444,0.4568478
932445,0.4568478
932446,0.4568478
932447,0.4464846
932448,0.43071872
932449,0.32065883
932450,0.09348101
932451,0.068504915
932452,0.02251953
932453,0.10159182
932454,0.11964527
932455,0.09282811
932456,0.09095773
932457,0.09258863
932458,0.09258863
932459,0.07609204
932460,0.038917948
932461,0.21366836
932462,0.19971249
932463,0.17253496
932464,0.025915675
932465,0.13961218
932466,0.14313254
932467,0.14952001
932468,0.15153368
932469,0.15153368
932470,0.15153368
932471,0.15153368
932472,0.15153368
932473,0.15153368
932474,0.15035261
932475,0.12926464
932476,0.018255787
932477,0.08276619
932478,0.07781243
932479,0.07451147
932480,0.07349878
932481,0.072400354
932482,0.050179888
932483,0.020769678
932484,0.091284074
932485,0.0862811
932486,0.08528119
932487,0.07566639
932488,0.083212115
932489,0.084606685
932490,0.07566639
932491,0.098303474
932492,0.10025725
932493,0.041726187
932494,0.041886672
932495,0.042802714
932496,0.042537395
932497,0.04265763
932498,0.038435683
932499,0.018009508
932500,0.04602852
932501,0.045675535
932502,0.046670415
932503,0.045775265
932504,0.040788636
932505,0.024474515
932506,0.081727006
932507,0.076364905
932508,0.18845351
932509,0.07706599
932510,0.07598561
932511,0.070655815
932512,0.06877512
932513,0.06840794
932514,0.053610083
932515,0.023147421
932516,0.07845213
932517,0.081568286
932518,0.079508506
932519,0.078035064
932520,0.06575706
932521,0.017032858
932522,0.0812748
932523,0.07740415
932524,0.07245077
932525,0.07003279
932526,0.06970985
932527,0.054646883
932528,0.023147421
932529,0.07845213
932530,0.07787082
932531,0.079508506
932532,0.078035064
932533,0.095489405
932534,0.016656915
932535,0.0812748
932536,0.07740415
932537,0.07245077
932538,0.07052592
932539,0.066488005
932540,0.06970985
932541,0.12413917
932542,0.31343988
932543,0.36063662
932544,0.18550354
932545,0.14140154
932546,0.12009092
932547,0.12318968
932548,0.12530214
932549,0.1257878
932550,0.1257878
932551,0.1242497
932552,0.1242497
932553,0.12443489
932554,0.12443489
932555,0.076430365
932556,0.52503663
932557,0.48308018
932558,0.48816955
932559,0.5019197
932560,0.48165363
932561,0.48165363
932562,0.48165363
932563,0.46538225
932564,0.43115616
932565,0.102342755
932566,0.4582466
932567,0.536244
932568,0.6896272
932569,0.7172598
932570,0.73237854
932571,0.7669165
932572,0.7728897
932573,0.7728897
932574,0.7728897
932575,0.7725563
932576,0.7725563
932577,0.7714021
932578,0.7714021
932579,0.7714021
932580,0.7701834
932581,0.7701834
932582,0.76085246
932583,0.75802433
932584,0.76218235
932585,0.75303406
932586,0.7517088
932587,0.7517088
932588,0.7517088
932589,0.7378641
932590,0.7328509
932591,0.7278296
932592,0.7264511
932593,0.40434876
932594,0.07577382
932595,0.43889928
932596,0.4460538
932597,0.44799232
932598,0.44749886
932599,0.47823504
932600,0.44749886
932601,0.47823504
932602,0.44749886
932603,0.44749886
932604,0.4210189
932605,0.01628914
932606,0.06989995
932607,0.07180921
932608,0.07283976
932609,0.0731391
932610,0.0731391
932611,0.0731391
932612,0.0731391
932613,0.076323986
932614,0.04866974
932615,0.060374618
932616,0.42668375
932617,0.43379322
932618,0.43472353
932619,0.43423325
932620,0.43423325
932621,0.45375785
932622,0.45375785
932623,0.43423325
932624,0.43816236
932625,0.1278143
932626,0.13145491
932627,0.016396018
932628,0.055713963
932629,0.054152988
932630,0.053627938
932631,0.053852912
932632,0.053852912
932633,0.053852912
932634,0.053852912
932635,0.040419232
932636,0.09134234
932637,0.43527013
932638,0.057817336
932639,0.27891344
932640,0.29239342
932641,0.29946423
932642,0.30420828
932643,0.30420828
932644,0.30420828
932645,0.30420828
932646,0.30420828
932647,0.30420828
932648,0.2616757
932649,0.019888688
932650,0.06321571
932651,0.056234118
932652,0.053414904
932653,0.053685915
932654,0.07530962
932655,0.1332694
932656,0.2312004
932657,0.105435014
932658,0.09697267
932659,0.0970346
932660,0.09677265
932661,0.09485071
932662,0.07145255
932663,0.03496292
932664,0.19514339
932665,0.19444323
932666,0.19990368
932667,0.2046102
932668,0.2003508
932669,0.2003508
932670,0.2003508
932671,0.2003508
932672,0.2003508
932673,0.19887845
932674,0.13117914
932675,0.031845678
932676,0.12048029
932677,0.1495025
932678,0.10586025
932679,0.28348488
932680,0.26525304
932681,0.26262438
932682,0.25668585
932683,0.25722733
932684,0.25363484
932685,0.24333152
932686,0.25363484
932687,0.22162399
932688,0.08150958
932689,0.05373716
932690,0.022909002
932691,0.10565654
932692,0.10842861
932693,0.110818565
932694,0.111685574
932695,0.111685574
932696,0.11029818
932697,0.11029818
932698,0.1104652
932699,0.1104652
932700,0.11906166
932701,0.22400458
932702,0.05151656
932703,0.5829695
932704,0.5736661
932705,0.6013768
932706,0.6088464
932707,0.6088464
932708,0.6088464
932709,0.6088464
932710,0.6135563
932711,0.6088464
932712,0.60870063
932713,0.5467712
932714,0.584064
932715,0.5802696
932716,0.36049852
932717,0.23553316
932718,0.12423028
932719,0.1202164
932720,0.11407366
932721,0.113095544
932722,0.111553654
932723,0.079484835
932724,0.21891244
932725,0.08888616
932726,0.074163325
932727,0.0795975
932728,0.5713612
932729,0.64232254
932730,0.6901627
932731,0.7008316
932732,0.7008316
932733,0.7008316
932734,0.7008316
932735,0.7008316
932736,0.7008316
932737,0.69831663
932738,0.694442
932739,0.6889256
932740,0.6855728
932741,0.6855728
932742,0.6817615
932743,0.6817615
932744,0.6692998
932745,0.37160861
932746,0.16848505
932747,0.14763749
932748,0.14662506
932749,0.14686802
932750,0.14699952
932751,0.11860367
932752,0.042583216
932753,0.14505571
932754,0.13053262
932755,0.029791834
932756,0.14443481
932757,0.1398724
932758,0.13767256
932759,0.13276048
932760,0.13114165
932761,0.13114165
932762,0.13114165
932763,0.099804215
932764,0.11110099
932765,0.04336852
932766,0.08865763
932767,0.17908518
932768,0.018211268
932769,0.08426249
932770,0.09446377
932771,0.049100924
932772,0.09150004
932773,0.08900609
932774,0.101114884
932775,0.010927764
932776,0.024305277
932777,0.019934056
932778,0.019715363
932779,0.024592634
932780,0.024111498
932781,0.024592634
932782,0.022977775
932783,0.09177783
932784,0.010684907
932785,0.036306936
932786,0.036151074
932787,0.03806161
932788,0.042013835
932789,0.042013835
932790,0.017263507
932791,0.042013835
932792,0.042013835
932793,0.037979435
932794,0.24979769
932795,0.14517443
932796,0.13300584
932797,0.15995845
932798,0.26956362
932799,0.2395578
932800,0.23317109
932801,0.21306726
932802,0.021374144
932803,0.034527037
932804,0.014404903
932805,0.042455323
932806,0.4946301
932807,0.5414863
932808,0.59805065
932809,0.6093919
932810,0.6192456
932811,0.6347854
932812,0.6192456
932813,0.6195957
932814,0.6195957
932815,0.6195957
932816,0.61961126
932817,0.6192954
932818,0.6177484
932819,0.6159818
932820,0.6159818
932821,0.61434865
932822,0.6280473
932823,0.6042501
932824,0.6042501
932825,0.59858257
932826,0.5895033
932827,0.41513434
932828,0.2184974
932829,0.14203586
932830,0.14374498
932831,0.14421172
932832,0.13910396
932833,0.13742004
932834,0.110021584
932835,0.12554373
932836,0.12554373
932837,0.09416813
932838,0.073345825
932839,0.27633113
932840,0.39241242
932841,0.21260235
932842,0.38621014
932843,0.38621014
932844,0.21226849
932845,0.37085634
932846,0.34085616
932847,0.030784804
932848,0.13785216
932849,0.13346526
932850,0.1288297
932851,0.12643816
932852,0.12393812
932853,0.12393812
932854,0.09879829
932855,0.16724327
932856,0.5278616
932857,0.694771
932858,0.6563261
932859,0.65467983
932860,0.6788712
932861,0.6813396
932862,0.6710066
932863,0.6710066
932864,0.6710066
932865,0.6710213
932866,0.6710213
932867,0.66957223
932868,0.6679164
932869,0.6679164
932870,0.6663846
932871,0.6663846
932872,0.65159386
932873,0.6629603
932874,0.6604814
932875,0.6493549
932876,0.6493549
932877,0.6493549
932878,0.7420921
932879,0.709798
932880,0.32727584
932881,0.04523369
932882,0.15312894
932883,0.14172554
932884,0.1343377
932885,0.1427961
932886,0.07760972
932887,0.12575446
932888,0.11255593
932889,0.10675712
932890,0.105834246
932891,0.07919184
932892,0.13428886
932893,0.03647076
932894,0.12827635
932895,0.11389798
932896,0.15177438
932897,0.090615004
932898,0.051443882
932899,0.051051587
932900,0.051457807
932901,0.0463501
932902,0.019425472
932903,0.05062138
932904,0.050235026
932905,0.051224217
932906,0.05095116
932907,0.054832835
932908,0.080772266
932909,0.047178302
932910,0.04681696
932911,0.046448346
932912,0.043288253
932913,0.19687949
932914,0.095444396
932915,0.09226265
932916,0.08740636
932917,0.08610725
932918,0.08489808
932919,0.08489808
932920,0.15307136
932921,0.01526548
932922,0.039680574
932923,0.039833516
932924,0.040061552
932925,0.041011978
932926,0.041476704
932927,0.05069584
932928,0.21369328
932929,0.21340506
932930,0.21787393
932931,0.2228565
932932,0.20174496
932933,0.27658656
932934,0.19964957
932935,0.30429944
932936,0.2177373
932937,0.1955791
932938,0.13546118
932939,0.05692875
932940,0.18695156
932941,0.18152432
932942,0.15643129
932943,0.03980111
932944,0.20416217
932945,0.19768867
932946,0.19125186
932947,0.61148363
932948,0.6658733
932949,0.70464903
932950,0.74620956
932951,0.7738374
932952,0.75531226
932953,0.75531226
932954,0.75531226
932955,0.75531226
932956,0.75531226
932957,0.75105965
932958,0.73565716
932959,0.73167795
932960,0.73167795
932961,0.73167795
932962,0.7244343
932963,0.7244343
932964,0.44261006
932965,0.1892008
932966,0.71723264
932967,0.7466735
932968,0.81945944
932969,0.8429426
932970,0.849771
932971,0.8649246
932972,0.86948836
932973,0.88074034
932974,0.88074034
932975,0.8881379
932976,0.8881379
932977,0.8879408
932978,0.8879408
932979,0.8879408
932980,0.8875642
932981,0.8875642
932982,0.8874192
932983,0.8895771
932984,0.8878975
932985,0.8875105
932986,0.8867984
932987,0.8867984
932988,0.8867984
932989,0.8858607
932990,0.8856459
932991,0.88925534
932992,0.88856924
932993,0.88856924
932994,0.88737774
932995,0.88737774
932996,0.88737774
932997,0.88737774
932998,0.86956954
932999,0.86956954
933000,0.8274671
933001,0.8274671
933002,0.81814533
933003,0.81814533
933004,0.81814533
933005,0.7791462
933006,0.7791462
933007,0.7791462
933008,0.7791462
933009,0.7791462
933010,0.57303816
933011,0.13679543
933012,0.12612464
933013,0.1291147
933014,0.14097369
933015,0.1275076
933016,0.3393925
933017,0.47870028
933018,0.49726453
933019,0.49781328
933020,0.49649796
933021,0.49790916
933022,0.029837886
933023,0.11865408
933024,0.13289006
933025,0.095543735
933026,0.5286775
933027,0.53186214
933028,0.5338142
933029,0.5333175
933030,0.5333175
933031,0.5333175
933032,0.5373516
933033,0.5333175
933034,0.5333175
933035,0.48175615
933036,0.20231736
933037,0.061119076
933038,0.056101773
933039,0.04934787
933040,0.05192906
933041,0.046876382
933042,0.028795727
933043,0.19885899
933044,0.21421334
933045,0.21649337
933046,0.2286596
933047,0.2487538
933048,0.2487538
933049,0.26687914
933050,0.26687914
933051,0.27188504
933052,0.2662885
933053,0.26423204
933054,0.1874715
933055,0.020932414
933056,0.10364371
933057,0.106369235
933058,0.10711699
933059,0.10892794
933060,0.11452175
933061,0.10757064
933062,0.10757064
933063,0.107734025
933064,0.11126122
933065,0.10817135
933066,0.22659743
933067,0.3928753
933068,0.46755353
933069,0.5371818
933070,0.58823156
933071,0.6388848
933072,0.5981604
933073,0.5981604
933074,0.59447384
933075,0.5981604
933076,0.5981604
933077,0.6342111
933078,0.5949578
933079,0.5925015
933080,0.58872986
933081,0.58872986
933082,0.5870586
933083,0.5813383
933084,0.35873166
933085,0.011081076
933086,0.040110346
933087,0.037872266
933088,0.033930887
933089,0.034288745
933090,0.038146753
933091,0.036510862
933092,0.32231966
933093,0.09908977
933094,0.53577626
933095,0.6761221
933096,0.7276235
933097,0.748992
933098,0.75594246
933099,0.7642376
933100,0.764505
933101,0.764505
933102,0.75594825
933103,0.79353726
933104,0.7652883
933105,0.7646417
933106,0.7618228
933107,0.7618228
933108,0.7503762
933109,0.76056886
933110,0.7869002
933111,0.7580199
933112,0.7562807
933113,0.75017273
933114,0.7488373
933115,0.7488373
933116,0.7383171
933117,0.7765508
933118,0.74631786
933119,0.7414603
933120,0.7401262
933121,0.4974693
933122,0.010869678
933123,0.038920417
933124,0.036746193
933125,0.032917995
933126,0.033265535
933127,0.03701283
933128,0.032296132
933129,0.07949905
933130,0.05075854
933131,0.050371192
933132,0.047015175
933133,0.19555183
933134,0.05362282
933135,0.051755473
933136,0.049149092
933137,0.048995323
933138,0.048279777
933139,0.048279777
933140,0.033827014
933141,0.106804214
933142,0.5433223
933143,0.6517319
933144,0.72971565
933145,0.74921095
933146,0.7598585
933147,0.7735875
933148,0.7786796
933149,0.7796304
933150,0.7796304
933151,0.7762305
933152,0.7830684
933153,0.7836341
933154,0.78097755
933155,0.7740928
933156,0.7786159
933157,0.7786159
933158,0.77773505
933159,0.77773505
933160,0.7760956
933161,0.80295044
933162,0.77168715
933163,0.77168715
933164,0.77168715
933165,0.7625713
933166,0.7693263
933167,0.76218677
933168,0.768091
933169,0.7942958
933170,0.76118296
933171,0.76118296
933172,0.76118296
933173,0.76118296
933174,0.74086636
933175,0.5461548
933176,0.014153166
933177,0.044306554
933178,0.040624566
933179,0.036407594
933180,0.036790572
933181,0.035117473
933182,0.016874926
933183,0.06540041
933184,0.0563298
933185,0.059351467
933186,0.05819593
933187,0.05819593
933188,0.06122451
933189,0.05819593
933190,0.06145032
933191,0.015185947
933192,0.06871193
933193,0.070591204
933194,0.071605615
933195,0.071900286
933196,0.071900286
933197,0.071900286
933198,0.071900286
933199,0.075035594
933200,0.046555497
933201,0.027367946
933202,0.24084367
933203,0.21900065
933204,0.20426166
933205,0.20820323
933206,0.20259659
933207,0.20259659
933208,0.14372918
933209,0.010869678
933210,0.038920417
933211,0.036746193
933212,0.032917995
933213,0.033265535
933214,0.03701283
933215,0.032296132
933216,0.015306102
933217,0.050234664
933218,0.050426144
933219,0.05129635
933220,0.051838048
933221,0.051838048
933222,0.052868135
933223,0.05298973
933224,0.027713504
933225,0.027978737
933226,0.22259244
933227,0.21900065
933228,0.2090094
933229,0.20820323
933230,0.20259659
933231,0.14372918
933232,0.014153166
933233,0.044306554
933234,0.040624566
933235,0.036407594
933236,0.036790572
933237,0.048119217
933238,0.015056618
933239,0.048362706
933240,0.050426144
933241,0.05129635
933242,0.052868135
933243,0.051838048
933244,0.051838048
933245,0.04763635
933246,0.02671852
933247,0.21835044
933248,0.21480817
933249,0.204958
933250,0.20416343
933251,0.19863828
933252,0.19863828
933253,0.14071806
933254,0.018853473
933255,0.050851587
933256,0.050463572
933257,0.04998109
933258,0.029147262
933259,0.051408198
933260,0.027750945
933261,0.22735867
933262,0.22499053
933263,0.21964951
933264,0.220136
933265,0.21691024
933266,0.21691024
933267,0.21691024
933268,0.15345174
933269,0.034006294
933270,0.24103832
933271,0.22430755
933272,0.21414056
933273,0.21331997
933274,0.21424362
933275,0.12310117
933276,0.11460215
933277,0.117355816
933278,0.12829377
933279,0.115823336
933280,0.039844953
933281,0.16135305
933282,0.16801296
933283,0.17022976
933284,0.17487538
933285,0.17487538
933286,0.17487538
933287,0.17487538
933288,0.18675296
933289,0.18304625
933290,0.066458225
933291,0.056194186
933292,0.04111297
933293,0.01585033
933294,0.05486887
933295,0.05333023
933296,0.05281271
933297,0.05303446
933298,0.05303446
933299,0.05303446
933300,0.05303446
933301,0.039796356
933302,0.016488763
933303,0.05698789
933304,0.055393316
933305,0.054856937
933306,0.055086765
933307,0.055086765
933308,0.055086765
933309,0.055086765
933310,0.041358754
933311,0.07880674
933312,0.025168667
933313,0.021210074
933314,0.022994118
933315,0.02546597
933316,0.02546597
933317,0.021335453
933318,0.02439194
933319,0.15249883
933320,0.1562851
933321,0.16245659
933322,0.16678897
933323,0.16678897
933324,0.16678897
933325,0.16678897
933326,0.16678897
933327,0.16678897
933328,0.16054878
933329,0.09333929
933330,0.23409016
933331,0.01118766
933332,0.025168667
933333,0.01964675
933334,0.009275915
933335,0.02546597
933336,0.022603381
933337,0.024041416
933338,0.21795022
933339,0.026415737
933340,0.06988482
933341,0.05912508
933342,0.05504466
933343,0.053300496
933344,0.015385821
933345,0.039939646
933346,0.03976883
933347,0.041147638
933348,0.017590243
933349,0.046190172
933350,0.046190172
933351,0.046190172
933352,0.046190172
933353,0.040751666
933354,0.010194297
933355,0.011627616
933356,0.02240705
933357,0.023832029
933358,0.027739484
933359,0.026296372
933360,0.13464068
933361,0.06565784
933362,0.05001965
933363,0.22531119
933364,0.222788
933365,0.3167619
933366,0.17042245
933367,0.16462907
933368,0.16096018
933369,0.120107256
933370,0.030274564
933371,0.029406203
933372,0.13709007
933373,0.13508236
933374,0.12325069
933375,0.13698009
933376,0.059741113
933377,0.13484935
933378,0.099731006
933379,0.090578444
933380,0.053217597
933381,0.053035345
933382,0.018197222
933383,0.07355443
933384,0.07555539
933385,0.07663527
933386,0.07694891
933387,0.07694891
933388,0.07694891
933389,0.07694891
933390,0.080285326
933391,0.050614517
933392,0.027202839
933393,0.19255683
933394,0.18074667
933395,0.16987367
933396,0.15793988
933397,0.15606928
933398,0.14589019
933399,0.14589019
933400,0.107648276
933401,0.023728058
933402,0.13322432
933403,0.12722221
933404,0.060379557
933405,0.11974267
933406,0.10597697
933407,0.13026613
933408,0.27021837
933409,0.20593579
933410,0.16431239
933411,0.018695388
933412,0.07993345
933413,0.082092576
933414,0.082378395
933415,0.08304368
933416,0.08304368
933417,0.08304368
933418,0.08304368
933419,0.22606118
933420,0.07691945
933421,0.020441357
933422,0.085296735
933423,0.087586954
933424,0.08882226
933425,0.08918097
933426,0.08918097
933427,0.08918097
933428,0.08918097
933429,0.092994325
933430,0.11359436
933431,0.039225593
933432,0.15778618
933433,0.033111013
933434,0.2763278
933435,0.29068285
933436,0.3292655
933437,0.34363306
933438,0.34363306
933439,0.31736752
933440,0.33501506
933441,0.32973096
933442,0.33291575
933443,0.33087227
933444,0.20254518
933445,0.05952154
933446,0.39364284
933447,0.061048236
933448,0.19284715
933449,0.23098178
933450,0.08521714
933451,0.12013971
933452,0.099199995
933453,0.01901929
933454,0.13607305
933455,0.051020816
933456,0.051209852
933457,0.050936863
933458,0.045049142
933459,0.14273477
933460,0.029516274
933461,0.2389612
933462,0.25482383
933463,0.28288686
933464,0.46801525
933465,0.29905537
933466,0.29905537
933467,0.29905537
933468,0.46801525
933469,0.46801525
933470,0.46367306
933471,0.46147206
933472,0.44870374
933473,0.44870374
933474,0.32493734
933475,0.2121168
933476,0.23012953
933477,0.015710492
933478,0.052011523
933479,0.052209407
933480,0.05240259
933481,0.0526212
933482,0.0526212
933483,0.052455653
933484,0.04725755
933485,0.19762453
933486,0.07402926
933487,0.06989922
933488,0.06871193
933489,0.06815871
933490,0.06815871
933491,0.06815871
933492,0.06815871
933493,0.058840774
933494,0.015722102
933495,0.05184779
933496,0.05204508
933497,0.052237693
933498,0.052455653
933499,0.052455653
933500,0.052455653
933501,0.04725755
933502,0.02370873
933503,0.12361636
933504,0.12313356
933505,0.12398279
933506,0.12304336
933507,0.12304336
933508,0.12304336
933509,0.12304336
933510,0.12304336
933511,0.12304336
933512,0.093105145
933513,0.023322752
933514,0.12007953
933515,0.123177856
933516,0.12695242
933517,0.13546093
933518,0.1368432
933519,0.1368432
933520,0.1368432
933521,0.1368432
933522,0.1368432
933523,0.13182162
933524,0.104586095
933525,0.020184163
933526,0.092655405
933527,0.092392296
933528,0.09271035
933529,0.09254263
933530,0.09581162
933531,0.09581162
933532,0.095696434
933533,0.09581162
933534,0.069143414
933535,0.020414464
933536,0.045473125
933537,0.045124218
933538,0.045381103
933539,0.04645162
933540,0.03973341
933541,0.02488956
933542,0.117269784
933543,0.116808474
933544,0.11761987
933545,0.117275245
933546,0.12144283
933547,0.12144283
933548,0.12144283
933549,0.12144283
933550,0.12144283
933551,0.046496026
933552,0.014070088
933553,0.046369452
933554,0.046546925
933555,0.04681152
933556,0.04728801
933557,0.047820315
933558,0.041035537
933559,0.017164582
933560,0.07826716
933561,0.07391956
933562,0.071832396
933563,0.07169946
933564,0.07429246
933565,0.07429246
933566,0.07429246
933567,0.058778677
933568,0.022870507
933569,0.04981697
933570,0.04943646
933571,0.049143936
933572,0.07732051
933573,0.018730573
933574,0.09276731
933575,0.092392296
933576,0.09271035
933577,0.09254263
933578,0.09581162
933579,0.09581162
933580,0.09581162
933581,0.09581162
933582,0.069143414
933583,0.029484715
933584,0.13661847
933585,0.29903308
933586,0.190475
933587,0.18477242
933588,0.17879397
933589,0.18171103
933590,0.17942291
933591,0.13527161
933592,0.05851597
933593,0.4530494
933594,0.47636026
933595,0.49309072
933596,0.5015731
933597,0.2906267
933598,0.5015731
933599,0.5015731
933600,0.2906267
933601,0.2906267
933602,0.2813176
933603,0.27044615
933604,0.15048935
933605,0.016003702
933606,0.057275366
933607,0.05528826
933608,0.0534779
933609,0.053749215
933610,0.0529681
933611,0.0529681
933612,0.05324229
933613,0.41860315
933614,0.42882362
933615,0.43271777
933616,0.11238716
933617,0.103177145
933618,0.105689034
933619,0.11568219
933620,0.10510101
933621,0.121653
933622,0.11822849
933623,0.073995076
933624,0.07639898
933625,0.076711744
933626,0.076711744
933627,0.12243512
933628,0.076711744
933629,0.08003877
933630,0.096052706
933631,0.21180773
933632,0.5485427
933633,0.57382685
933634,0.5779958
933635,0.5751395
933636,0.5751395
933637,0.5751395
933638,0.5751395
933639,0.5751395
933640,0.5751395
933641,0.5627129
933642,0.55280924
933643,0.5417954
933644,0.5417954
933645,0.42666098
933646,0.2863741
933647,0.2529455
933648,0.23882979
933649,0.17800815
933650,0.042264502
933651,0.103177145
933652,0.105689034
933653,0.10316014
933654,0.044507757
933655,0.25337154
933656,0.23923968
933657,0.22483991
933658,0.17294595
933659,0.046220556
933660,0.045441248
933661,0.04491979
933662,0.083765395
933663,0.022367753
933664,0.045824066
933665,0.045472573
933666,0.04572667
933667,0.042742442
933668,0.023673397
933669,0.13543218
933670,0.14659028
933671,0.15095873
933672,0.16152525
933673,0.16152525
933674,0.16152525
933675,0.16152525
933676,0.16152525
933677,0.16152525
933678,0.16028103
933679,0.159093
933680,0.12105967
933681,0.27123737
933682,0.27217042
933683,0.254685
933684,0.24865653
933685,0.2548899
933686,0.25196406
933687,0.18356995
933688,0.021872727
933689,0.044912577
933690,0.04456775
933691,0.048336443
933692,0.09459681
933693,0.5076498
933694,0.5295297
933695,0.5452047
933696,0.56321555
933697,0.56321555
933698,0.56321555
933699,0.56321555
933700,0.56321555
933701,0.57776326
933702,0.5554519
933703,0.53532326
933704,0.3225898
933705,0.05478091
933706,0.27178156
933707,0.2415469
933708,0.1980461
933709,0.06685313
933710,0.043130945
933711,0.043296583
933712,0.04404946
933713,0.044518225
933714,0.044518225
933715,0.04011871
933716,0.20372765
933717,0.26294842
933718,0.24332638
933719,0.15702897
933720,0.21408162
933721,0.16414492
933722,0.013415733
933723,0.043717854
933724,0.04388565
933725,0.04404946
933726,0.044518225
933727,0.044518225
933728,0.04011871
933729,0.03493757
933730,0.24311806
933731,0.22944973
933732,0.21911553
933733,0.21828113
933734,0.21922028
933735,0.01713474
933736,0.044995416
933737,0.04464998
933738,0.044816528
933739,0.045293067
933740,0.04024159
933741,0.041004434
933742,0.110062376
933743,0.110455364
933744,0.12083835
933745,0.124424644
933746,0.124424644
933747,0.10349705
933748,0.16244191
933749,0.04036338
933750,0.03811174
933751,0.034146324
933752,0.03450637
933753,0.03838789
933754,0.03920146
933755,0.03392327
933756,0.04598295
933757,0.10207369
933758,0.10456183
933759,0.11446209
933760,0.10317693
933761,0.01506638
933762,0.06942413
933763,0.07132139
933764,0.071572624
933765,0.072817214
933766,0.07995698
933767,0.08157681
933768,0.0879746
933769,0.0879746
933770,0.06640598
933771,0.04399543
933772,0.10207369
933773,0.10456183
933774,0.13048309
933775,0.012544785
933776,0.047857404
933777,0.045184046
933778,0.04537386
933779,0.046185534
933780,0.050857283
933781,0.04831333
933782,0.056134988
933783,0.044603482
933784,0.011007231
933785,0.04169855
933786,0.039375488
933787,0.03491564
933788,0.035655
933789,0.03930546
933790,0.040137663
933791,0.034737974
933792,0.0130518405
933793,0.049719892
933794,0.047301818
933795,0.04766765
933796,0.04798624
933797,0.05283004
933798,0.053932525
933799,0.059544757
933800,0.0463455
933801,0.37432265
933802,0.011548772
933803,0.04319786
933804,0.040794823
933805,0.03618027
933806,0.03694538
933807,0.041477438
933808,0.042353604
933809,0.03666719
933810,0.23895366
933811,0.22423181
933812,0.22062108
933813,0.21057582
933814,0.20976523
933815,0.20412734
933816,0.20412734
933817,0.14432462
933818,0.013692589
933819,0.051492114
933820,0.048992295
933821,0.048829623
933822,0.0496999
933823,0.055706035
933824,0.056864936
933825,0.06145434
933826,0.049567383
933827,0.1671614
933828,0.17391276
933829,0.19141321
933830,0.19680937
933831,0.20813489
933832,0.20813489
933833,0.20813489
933834,0.20813489
933835,0.16459425
933836,0.20813489
933837,0.20662011
933838,0.20517254
933839,0.19039355
933840,0.1526791
933841,0.18967858
933842,0.06523822
933843,0.050066713
933844,0.16174832
933845,0.6180845
933846,0.6932097
933847,0.7553598
933848,0.7697192
933849,0.77975184
933850,0.79248506
933851,0.7972635
933852,0.8332138
933853,0.80790776
933854,0.8384041
933855,0.8093506
933856,0.8094082
933857,0.80761445
933858,0.80761445
933859,0.8065403
933860,0.8065403
933861,0.80471045
933862,0.80471045
933863,0.8047908
933864,0.8019346
933865,0.80080235
933866,0.80080235
933867,0.80080235
933868,0.799005
933869,0.7939194
933870,0.7939194
933871,0.7927803
933872,0.7884083
933873,0.7830678
933874,0.7830678
933875,0.7830678
933876,0.7830678
933877,0.76628405
933878,0.61869705
933879,0.029429294
933880,0.08011261
933881,0.0749467
933882,0.025470644
933883,0.1481065
933884,0.18987936
933885,0.19524273
933886,0.20650129
933887,0.20650129
933888,0.20650129
933889,0.17027079
933890,0.20650129
933891,0.20650129
933892,0.2049953
933893,0.2035562
933894,0.18886596
933895,0.12950699
933896,0.03434027
933897,0.078034446
933898,0.076249175
933899,0.03885885
933900,0.26983982
933901,0.29294384
933902,0.35057512
933903,0.36670932
933904,0.32519323
933905,0.36670932
933906,0.36670932
933907,0.36670932
933908,0.36670932
933909,0.36457175
933910,0.36252317
933911,0.3287012
933912,0.35354477
933913,0.34812018
933914,0.34812018
933915,0.23670594
933916,0.21048199
933917,0.23974927
933918,0.22573872
933919,0.016845081
933920,0.06824294
933921,0.07011035
933922,0.07035765
933923,0.07093336
933924,0.07093336
933925,0.07093336
933926,0.07093336
933927,0.07402987
933928,0.065638304
933929,0.27747488
933930,0.13826695
933931,0.10802619
933932,0.027209679
933933,0.18667252
933934,0.19997624
933935,0.44163966
933936,0.44841164
933937,0.44841164
933938,0.44841164
933939,0.44841164
933940,0.44841164
933941,0.44841164
933942,0.44613335
933943,0.21418804
933944,0.19892219
933945,0.16246545
933946,0.28081727
933947,0.13366884
933948,0.12193989
933949,0.5570157
933950,0.6110679
933951,0.6373781
933952,0.6865688
933953,0.7097075
933954,0.66135705
933955,0.6851776
933956,0.6543122
933957,0.7083755
933958,0.6890909
933959,0.6890909
933960,0.72564983
933961,0.6876844
933962,0.71534544
933963,0.68620086
933964,0.68620086
933965,0.67493546
933966,0.67152995
933967,0.66629386
933968,0.6754249
933969,0.6511525
933970,0.42189485
933971,0.017904999
933972,0.06570486
933973,0.067507856
933974,0.06774664
933975,0.067878544
933976,0.067878544
933977,0.067878544
933978,0.067878544
933979,0.07085187
933980,0.07546597
933981,0.032227322
933982,0.14060779
933983,0.13701344
933984,0.13563782
933985,0.13462365
933986,0.13462365
933987,0.13462365
933988,0.13462365
933989,0.094490126
933990,0.09269684
933991,0.43883717
933992,0.5020349
933993,0.53801745
933994,0.5588753
933995,0.5436765
933996,0.5649906
933997,0.59762913
933998,0.5649906
933999,0.59913194
934000,0.56545275
934001,0.5651235
934002,0.59411716
934003,0.5618906
934004,0.5926084
934005,0.56019175
934006,0.56019175
934007,0.55134314
934008,0.36606774
934009,0.02997205
934010,0.13435149
934011,0.13005923
934012,0.12557831
934013,0.123788826
934014,0.1221211
934015,0.12096177
934016,0.08583907
934017,0.023749784
934018,0.10589106
934019,0.10097693
934020,0.095710315
934021,0.09430054
934022,0.09298802
934023,0.070414685
934024,0.079010904
934025,0.04919628
934026,0.048820265
934027,0.049108762
934028,0.061816808
934029,0.021775171
934030,0.0973892
934031,0.09414935
934032,0.08859837
934033,0.08728324
934034,0.086059116
934035,0.086059116
934036,0.06535736
934037,0.016521977
934038,0.06984794
934039,0.06925575
934040,0.06592624
934041,0.063684165
934042,0.08038847
934043,0.06316764
934044,0.04890613
934045,0.024432806
934046,0.11258519
934047,0.11551555
934048,0.11256108
934049,0.11250743
934050,0.11169717
934051,0.11169717
934052,0.11169717
934053,0.11169717
934054,0.0784714
934055,0.016207919
934056,0.06896677
934057,0.08654512
934058,0.06244992
934059,0.061496742
934060,0.060969166
934061,0.060969166
934062,0.047812708
934063,0.021178909
934064,0.09162061
934065,0.08855384
934066,0.079127155
934067,0.081990734
934068,0.08105357
934069,0.08105357
934070,0.09194267
934071,0.020351477
934072,0.0846181
934073,0.0633226
934074,0.058797702
934075,0.10686507
934076,0.075856864
934077,0.045431696
934078,0.020351477
934079,0.066539876
934080,0.0633226
934081,0.07762155
934082,0.05721321
934083,0.059543937
934084,0.045431696
934085,0.021350617
934086,0.066539876
934087,0.0633226
934088,0.061853833
934089,0.060192253
934090,0.060482513
934091,0.060482513
934092,0.048137613
934093,0.017900253
934094,0.0689614
934095,0.07203159
934096,0.06738646
934097,0.06726116
934098,0.06813306
934099,0.06813306
934100,0.06813306
934101,0.13093515
934102,0.22706267
934103,0.11047652
934104,0.10169209
934105,0.09288195
934106,0.081134565
934107,0.041534923
934108,0.13722023
934109,0.31434402
934110,0.3213364
934111,0.20845056
934112,0.105654225
934113,0.14479874
934114,0.08487882
934115,0.069953896
934116,0.25879127
934117,0.04540008
934118,0.30077454
934119,0.32322565
934120,0.40224805
934121,0.380943
934122,0.41683668
934123,0.3876148
934124,0.3876148
934125,0.44217354
934126,0.40015143
934127,0.43787378
934128,0.4292935
934129,0.39007223
934130,0.39007223
934131,0.39007223
934132,0.30574498
934133,0.053151168
934134,0.16693912
934135,0.2706754
934136,0.11597842
934137,0.1841772
934138,0.08902854
934139,0.08482272
934140,0.07977321
934141,0.07906295
934142,0.07794427
934143,0.0799951
934144,0.060677957
934145,0.036271527
934146,0.117112234
934147,0.11412178
934148,0.114272214
934149,0.09881482
934150,0.37607685
934151,0.48528963
934152,0.52077997
934153,0.60052884
934154,0.6086403
934155,0.6086403
934156,0.6086403
934157,0.6086403
934158,0.6086403
934159,0.6086403
934160,0.597728
934161,0.5886939
934162,0.5540531
934163,0.5540531
934164,0.5540531
934165,0.5540531
934166,0.35436243
934167,0.028499369
934168,0.10591667
934169,0.14357755
934170,0.120737255
934171,0.08675055
934172,0.065223716
934173,0.11855085
934174,0.04172049
934175,0.32057127
934176,0.32308325
934177,0.3529201
934178,0.3459426
934179,0.3459426
934180,0.3459426
934181,0.3459426
934182,0.3459426
934183,0.3459426
934184,0.33570012
934185,0.32740304
934186,0.287627
934187,0.021322414
934188,0.09151843
934189,0.11797553
934190,0.08202756
934191,0.084127665
934192,0.08015144
934193,0.110507004
934194,0.060799032
934195,0.035500903
934196,0.11145308
934197,0.10162024
934198,0.029433217
934199,0.10602081
934200,0.09436002
934201,0.08924131
934202,0.08845486
934203,0.06653591
934204,0.043162778
934205,0.10493877
934206,0.021704242
934207,0.093037784
934208,0.088661
934209,0.08340382
934210,0.08902782
934211,0.08617094
934212,0.08456247
934213,0.07864908
934214,0.079594955
934215,0.053065598
934216,0.022161901
934217,0.09130168
934218,0.092079215
934219,0.087631755
934220,0.112790205
934221,0.08149901
934222,0.08149901
934223,0.061986726
934224,0.02480369
934225,0.05139059
934226,0.050998706
934227,0.052990794
934228,0.18316512
934229,0.12545812
934230,0.124659754
934231,0.11801582
934232,0.11901125
934233,0.11901125
934234,0.089152426
934235,0.024277471
934236,0.093037784
934237,0.088661
934238,0.11386968
934239,0.08266415
934240,0.08149901
934241,0.08264997
934242,0.01893726
934243,0.12686726
934244,0.1260612
934245,0.11935275
934246,0.12035788
934247,0.12035788
934248,0.12035788
934249,0.1556078
934250,0.03035889
934251,0.093037784
934252,0.088661
934253,0.08340382
934254,0.08266415
934255,0.11192297
934256,0.061843116
934257,0.022006737
934258,0.093037784
934259,0.11947438
934260,0.08340382
934261,0.08266415
934262,0.08456247
934263,0.060666174
934264,0.083278455
934265,0.052788787
934266,0.021389758
934267,0.093037784
934268,0.088661
934269,0.08340382
934270,0.08062207
934271,0.0816843
934272,0.08149901
934273,0.0714645
934274,0.014484019
934275,0.046635408
934276,0.04681385
934277,0.047641043
934278,0.04768868
934279,0.04768868
934280,0.040445372
934281,0.02187013
934282,0.093037784
934283,0.088661
934284,0.08307596
934285,0.08266415
934286,0.08149901
934287,0.061843116
934288,0.014484019
934289,0.046635408
934290,0.04681385
934291,0.047641043
934292,0.04768868
934293,0.04768868
934294,0.040445372
934295,0.021389758
934296,0.09265292
934297,0.08731434
934298,0.08599859
934299,0.08266415
934300,0.08149901
934301,0.08149901
934302,0.061843116
934303,0.30838424
934304,0.31073043
934305,0.2465695
934306,0.014819941
934307,0.047798425
934308,0.047981087
934309,0.04882785
934310,0.048876617
934311,0.048876617
934312,0.04146073
934313,0.28113267
934314,0.13077596
934315,0.12612544
934316,0.12238339
934317,0.09026813
934318,0.021846263
934319,0.08653969
934320,0.08725491
934321,0.082073584
934322,0.08471997
934323,0.08019651
934324,0.08037909
934325,0.06083393
934326,0.027324049
934327,0.34843642
934328,0.32865697
934329,0.31975615
934330,0.3182711
934331,0.31231606
934332,0.31230474
934333,0.024635358
934334,0.051191878
934335,0.050801426
934336,0.051101003
934337,0.052463427
934338,0.015941495
934339,0.12568124
934340,0.12488165
934341,0.12117138
934342,0.11890267
934343,0.11653172
934344,0.08456633
934345,0.031186152
934346,0.14325641
934347,0.15481305
934348,0.14367151
934349,0.14342615
934350,0.14342615
934351,0.14342615
934352,0.14342615
934353,0.14919835
934354,0.14919835
934355,0.112927705
934356,0.21678987
934357,0.022782547
934358,0.10929075
934359,0.11751848
934360,0.10058372
934361,0.100403324
934362,0.100403324
934363,0.100403324
934364,0.100403324
934365,0.08018476
934366,0.03639385
934367,0.24952988
934368,0.25500044
934369,0.2682865
934370,0.27323943
934371,0.27323943
934372,0.27323943
934373,0.27323943
934374,0.27323943
934375,0.27323943
934376,0.26427978
934377,0.21726647
934378,0.027996438
934379,0.15046307
934380,0.15317897
934381,0.15419897
934382,0.15393887
934383,0.16661586
934384,0.16661586
934385,0.16661586
934386,0.17313269
934387,0.17313269
934388,0.1380454
934389,0.03796119
934390,0.12712492
934391,0.11056118
934392,0.101359196
934393,0.11180689
934394,0.26531196
934395,0.15155305
934396,0.13213177
934397,0.06002263
934398,0.1547264
934399,0.1416062
934400,0.16216224
934401,0.10939923
934402,0.09297307
934403,0.0982546
934404,0.09739721
934405,0.096046165
934406,0.096046165
934407,0.07279002
934408,0.31195602
934409,0.04962604
934410,0.31821382
934411,0.3295714
934412,0.337238
934413,0.3489796
934414,0.3489796
934415,0.35742983
934416,0.3489796
934417,0.352693
934418,0.3611833
934419,0.35059193
934420,0.34857884
934421,0.34410194
934422,0.27026853
934423,0.27215573
934424,0.14274324
934425,0.16314782
934426,0.027958158
934427,0.10217877
934428,0.08673116
934429,0.09169395
934430,0.090337425
934431,0.08907464
934432,0.06738073
934433,0.04182471
934434,0.122724004
934435,0.14973547
934436,0.20366682
934437,0.13869518
934438,0.14086495
934439,0.043888006
934440,0.17716426
934441,0.18143184
934442,0.19616501
934443,0.20092711
934444,0.20282072
934445,0.20282072
934446,0.20282072
934447,0.20282072
934448,0.20913342
934449,0.20399942
934450,0.1877164
934451,0.15036829
934452,0.26186582
934453,0.27030775
934454,0.1947925
934455,0.06939047
934456,0.2191936
934457,0.22314857
934458,0.22380574
934459,0.17176515
934460,0.1640299
934461,0.1640299
934462,0.16814376
934463,0.16053997
934464,0.11285127
934465,0.17643942
934466,0.5710924
934467,0.605877
934468,0.7486954
934469,0.81569016
934470,0.8405026
934471,0.87020975
934472,0.8679374
934473,0.87802833
934474,0.87802833
934475,0.8658502
934476,0.8582422
934477,0.85887843
934478,0.85887843
934479,0.85887843
934480,0.8542785
934481,0.86104345
934482,0.8652547
934483,0.8652547
934484,0.8652547
934485,0.8652547
934486,0.8737151
934487,0.8737151
934488,0.87498736
934489,0.87396574
934490,0.8807524
934491,0.8807524
934492,0.8807524
934493,0.8807524
934494,0.87894934
934495,0.87894934
934496,0.8768441
934497,0.8768441
934498,0.87135786
934499,0.87135786
934500,0.86647373
934501,0.86647373
934502,0.8667384
934503,0.8667384
934504,0.8667384
934505,0.86653453
934506,0.86653453
934507,0.86653453
934508,0.86653453
934509,0.8497381
934510,0.8497381
934511,0.8497381
934512,0.8497381
934513,0.85221726
934514,0.85221726
934515,0.85221726
934516,0.85221726
934517,0.85221726
934518,0.85221726
934519,0.80173695
934520,0.80173695
934521,0.80173695
934522,0.80173695
934523,0.80173695
934524,0.80173695
934525,0.80173695
934526,0.80173695
934527,0.78249884
934528,0.78249884
934529,0.78249884
934530,0.78249884
934531,0.78249884
934532,0.78249884
934533,0.78249884
934534,0.78249884
934535,0.78249884
934536,0.78249884
934537,0.78249884
934538,0.588452
934539,0.1015897
934540,0.065459
934541,0.066767596
934542,0.06485084
934543,0.06491451
934544,0.06491451
934545,0.05097029
934546,0.21869428
934547,0.2245703
934548,0.08615073
934549,0.099692024
934550,0.07165526
934551,0.07023952
934552,0.056152876
934553,0.25594974
934554,0.13358065
934555,0.084681764
934556,0.10473822
934557,0.08290811
934558,0.05076751
934559,0.029665856
934560,0.13988195
934561,0.13544069
934562,0.13329968
934563,0.12852038
934564,0.12694569
934565,0.12694569
934566,0.12694569
934567,0.09957978
934568,0.019505287
934569,0.11582931
934570,0.11051085
934571,0.097718194
934572,0.09000018
934573,0.09552054
934574,0.09552054
934575,0.06845996
934576,0.047004644
934577,0.029665856
934578,0.13988195
934579,0.13544069
934580,0.13329968
934581,0.12852038
934582,0.12694569
934583,0.12694569
934584,0.12694569
934585,0.060661767
934586,0.037467
934587,0.13094537
934588,0.13578841
934589,0.50266063
934590,0.665881
934591,0.61413586
934592,0.6307965
934593,0.64241457
934594,0.6340145
934595,0.64241457
934596,0.64241457
934597,0.61463284
934598,0.61463284
934599,0.5935044
934600,0.5849199
934601,0.5448285
934602,0.42754984
934603,0.073843434
934604,0.37393463
934605,0.39152786
934606,0.40253273
934607,0.41048205
934608,0.41048205
934609,0.41048205
934610,0.41048205
934611,0.41048205
934612,0.41048205
934613,0.41225493
934614,0.4119303
934615,0.40567866
934616,0.40235117
934617,0.40235117
934618,0.38971177
934619,0.37885198
934620,0.3503442
934621,0.2124617
934622,0.36065522
934623,0.30436814
934624,0.29279825
934625,0.21609315
934626,0.02911604
934627,0.11169492
934628,0.10199776
934629,0.08885367
934630,0.099856585
934631,0.24581292
934632,0.2662177
934633,0.5642631
934634,0.60229343
934635,0.64957464
934636,0.68298066
934637,0.6841567
934638,0.6841567
934639,0.6841567
934640,0.6773547
934641,0.6773547
934642,0.6773547
934643,0.68250006
934644,0.68250006
934645,0.67950696
934646,0.67649007
934647,0.7659085
934648,0.74917
934649,0.67262113
934650,0.6904273
934651,0.6528844
934652,0.68200356
934653,0.7154449
934654,0.6319841
934655,0.40382078
934656,0.26055765
934657,0.20667228
934658,0.19558749
934659,0.17472413
934660,0.114408836
934661,0.10494512
934662,0.09378538
934663,0.09296297
934664,0.06695001
934665,0.04199171
934666,0.18326561
934667,0.17773147
934668,0.16588154
934669,0.15804943
934670,0.15600243
934671,0.15600243
934672,0.11306183
934673,0.019418558
934674,0.1068377
934675,0.101884566
934676,0.09101718
934677,0.10276207
934678,0.10134497
934679,0.14734878
934680,0.24052727
934681,0.29532465
934682,0.2795175
934683,0.26776126
934684,0.2914641
934685,0.15299591
934686,0.12476681
934687,0.09375655
934688,0.06680619
934689,0.07959856
934690,0.20939207
934691,0.34425429
934692,0.23890714
934693,0.23758292
934694,0.21104445
934695,0.20800531
934696,0.18408245
934697,0.20546922
934698,0.14297885
934699,0.023052342
934700,0.1563152
934701,0.15144399
934702,0.13576318
934703,0.14195766
934704,0.14008442
934705,0.14008442
934706,0.10861911
934707,0.21886101
934708,0.20481876
934709,0.08366556
934710,0.07969093
934711,0.07544137
934712,0.07430561
934713,0.073248886
934714,0.056963578
934715,0.022026947
934716,0.1563152
934717,0.15144399
934718,0.14396666
934719,0.13385077
934720,0.14008442
934721,0.14008442
934722,0.10861911
934723,0.24592589
934724,0.017531531
934725,0.08366556
934726,0.07969093
934727,0.07544137
934728,0.07430561
934729,0.073248886
934730,0.073248886
934731,0.056963578
934732,0.037261363
934733,0.17792064
934734,0.16476683
934735,0.13295212
934736,0.01782832
934737,0.08198374
934738,0.0780822
934739,0.07308887
934740,0.071148366
934741,0.070325635
934742,0.070325635
934743,0.120241806
934744,0.25274667
934745,0.13262944
934746,0.026833901
934747,0.16268496
934748,0.15863042
934749,0.15455054
934750,0.15428995
934751,0.15467505
934752,0.15467505
934753,0.15467505
934754,0.14710416
934755,0.18647517
934756,0.21951753
934757,0.26300272
934758,0.12609361
934759,0.13716333
934760,0.13028288
934761,0.13253622
934762,0.09798928
934763,0.37551612
934764,0.38843188
934765,0.40773112
934766,0.4186097
934767,0.49966738
934768,0.53565705
934769,0.5492589
934770,0.5492589
934771,0.5492589
934772,0.5492589
934773,0.54071766
934774,0.53189754
934775,0.26056674
934776,0.07346834
934777,0.07655712
934778,0.266989
934779,0.39855897
934780,0.39083642
934781,0.33660665
934782,0.32424602
934783,0.3068941
934784,0.2899744
934785,0.27177873
934786,0.1493232
934787,0.064893514
934788,0.4235258
934789,0.4240618
934790,0.42277727
934791,0.4335802
934792,0.43019637
934793,0.21531582
934794,0.06931565
934795,0.25593063
934796,0.30335298
934797,0.26890427
934798,0.26265785
934799,0.27350044
934800,0.210405
934801,0.12187611
934802,0.023715643
934803,0.075654455
934804,0.0646092
934805,0.08005628
934806,0.04133049
934807,0.29568508
934808,0.27157652
934809,0.26529044
934810,0.27447668
934811,0.2714078
934812,0.2714078
934813,0.19826102
934814,0.015269076
934815,0.032946706
934816,0.031031817
934817,0.030723663
934818,0.03378023
934819,0.03378023
934820,0.03378023
934821,0.03378023
934822,0.031292174
934823,0.2063187
934824,0.021575874
934825,0.038140617
934826,0.025114855
934827,0.032641694
934828,0.036177702
934829,0.01101112
934830,0.026245557
934831,0.02492454
934832,0.023998475
934833,0.024618302
934834,0.026079724
934835,0.024369659
934836,0.013041016
934837,0.028891068
934838,0.026193995
934839,0.023620762
934840,0.025493693
934841,0.025714537
934842,0.01826552
934843,0.03521899
934844,0.041940313
934845,0.28951246
934846,0.06543288
934847,0.022508932
934848,0.052114867
934849,0.27921644
934850,0.31432876
934851,0.295398
934852,0.2138137
934853,0.024592947
934854,0.3135547
934855,0.31064972
934856,0.30407307
934857,0.30467358
934858,0.30068672
934859,0.30068672
934860,0.30068672
934861,0.20939629
934862,0.069869325
934863,0.22249925
934864,0.31736574
934865,0.46392703
934866,0.45582047
934867,0.4646345
934868,0.47817475
934869,0.47817475
934870,0.47817475
934871,0.47817475
934872,0.47817475
934873,0.47817475
934874,0.33862856
934875,0.019138725
934876,0.14715357
934877,0.14624022
934878,0.14291103
934879,0.14006482
934880,0.13733768
934881,0.13328037
934882,0.25769147
934883,0.11940977
934884,0.0928711
934885,0.08899297
934886,0.08820849
934887,0.10163526
934888,0.11231102
934889,0.09673039
934890,0.1034973
934891,0.09806331
934892,0.053516217
934893,0.29785454
934894,0.26024076
934895,0.2500867
934896,0.26363078
934897,0.02120715
934898,0.097873904
934899,0.10255402
934900,0.0971642
934901,0.08076771
934902,0.024198133
934903,0.0578052
934904,0.0565014
934905,0.21744403
934906,0.10468518
934907,0.1293319
934908,0.28947207
934909,0.14752777
934910,0.02763586
934911,0.05876834
934912,0.40350732
934913,0.4645613
934914,0.6079859
934915,0.49439037
934916,0.4968442
934917,0.4968442
934918,0.4968442
934919,0.4968442
934920,0.4968442
934921,0.50764185
934922,0.4815811
934923,0.4053497
934924,0.04819632
934925,0.16577369
934926,0.15864569
934927,0.15984505
934928,0.123265155
934929,0.035742957
934930,0.13741463
934931,0.025952335
934932,0.06059152
934933,0.06087154
934934,0.05497687
934935,0.035109635
934936,0.25224215
934937,0.2571767
934938,0.11888768
934939,0.10460916
934940,0.11129187
934941,0.108666696
934942,0.108666696
934943,0.108666696
934944,0.108666696
934945,0.08260945
934946,0.18882236
934947,0.1523588
934948,0.13517769
934949,0.07639207
934950,0.24437663
934951,0.25263432
934952,0.2234071
934953,0.026177082
934954,0.11888768
934955,0.09692447
934956,0.10951007
934957,0.108666696
934958,0.052074153
934959,0.10209925
934960,0.108666696
934961,0.08260945
934962,0.10197272
934963,0.09071714
934964,0.0929571
934965,0.10188359
934966,0.10672759
934967,0.094043404
934968,0.021484124
934969,0.10567265
934970,0.045159418
934971,0.1056087
934972,0.10479184
934973,0.10479184
934974,0.10479184
934975,0.10479184
934976,0.10479184
934977,0.074569725
934978,0.024078595
934979,0.092468426
934980,0.094747126
934981,0.10382584
934982,0.12289067
934983,0.2405733
934984,0.02628483
934985,0.13627282
934986,0.13574825
934987,0.10771773
934988,0.13565022
934989,0.13565022
934990,0.063711025
934991,0.1414742
934992,0.13565022
934993,0.13565022
934994,0.1002725
934995,0.031196686
934996,0.104878426
934997,0.0951408
934998,0.08125918
934999,0.115447395
935000,0.11667032
935001,0.04476166
935002,0.04441794
935003,0.04415375
935004,0.047174633
935005,0.022558631
935006,0.04476166
935007,0.04441794
935008,0.04415375
935009,0.068319626
935010,0.2481605
935011,0.15064901
935012,0.13150543
935013,0.13114919
935014,0.12967826
935015,0.12277163
935016,0.26309296
935017,0.5275623
935018,0.6296836
935019,0.66446686
935020,0.6783767
935021,0.69256574
935022,0.69256574
935023,0.69256574
935024,0.69256574
935025,0.69256574
935026,0.69256574
935027,0.68112105
935028,0.66165096
935029,0.6471293
935030,0.4304212
935031,0.38723862
935032,0.32981128
935033,0.3305962
935034,0.33143488
935035,0.32289147
935036,0.26004204
935037,0.26004204
935038,0.25513276
935039,0.3032626
935040,0.17613617
935041,0.2111325
935042,0.1702544
935043,0.4401721
935044,0.44144318
935045,0.45316842
935046,0.45220402
935047,0.44744825
935048,0.44744825
935049,0.44744825
935050,0.44744825
935051,0.48023915
935052,0.44744825
935053,0.4741085
935054,0.3777289
935055,0.044040706
935056,0.29828557
935057,0.27976725
935058,0.2733628
935059,0.28173038
935060,0.27861157
935061,0.20516464
935062,0.057391584
935063,0.22274174
935064,0.21633126
935065,0.25233305
935066,0.19917324
935067,0.19671811
935068,0.19671811
935069,0.23751107
935070,0.0607505
935071,0.51570535
935072,0.5688881
935073,0.5515455
935074,0.5488767
935075,0.5488767
935076,0.5488767
935077,0.5488767
935078,0.5488767
935079,0.58128107
935080,0.54482764
935081,0.5372411
935082,0.5312432
935083,0.5312432
935084,0.5312432
935085,0.5312432
935086,0.35755798
935087,0.1331181
935088,0.1429665
935089,0.18925723
935090,0.06107078
935091,0.048349835
935092,0.061434064
935093,0.45768598
935094,0.46092135
935095,0.45619735
935096,0.4676493
935097,0.46380135
935098,0.46380135
935099,0.40898502
935100,0.2392624
935101,0.12383973
935102,0.123050205
935103,0.12402015
935104,0.12615466
935105,0.080069095
935106,0.060615618
935107,0.02931858
935108,0.13069016
935109,0.13114594
935110,0.1431608
935111,0.14712484
935112,0.14712484
935113,0.15446481
935114,0.012884181
935115,0.029011795
935116,0.02755549
935117,0.02653433
935118,0.029778067
935119,0.029778067
935120,0.029778067
935121,0.02859442
935122,0.15697703
935123,0.23825051
935124,0.012884181
935125,0.029011795
935126,0.02755549
935127,0.02653433
935128,0.029778067
935129,0.029778067
935130,0.029778067
935131,0.02859442
935132,0.07430109
935133,0.04920983
935134,0.048833698
935135,0.049677867
935136,0.04972744
935137,0.044935994
935138,0.2636192
935139,0.09702236
935140,0.08840912
935141,0.021634234
935142,0.035816938
935143,0.03248296
935144,0.030642355
935145,0.035936948
935146,0.030395154
935147,0.0543601
935148,0.012433173
935149,0.027676081
935150,0.026285008
935151,0.025309704
935152,0.028170533
935153,0.028170533
935154,0.028170533
935155,0.027049003
935156,0.31154022
935157,0.022875281
935158,0.04990716
935159,0.04952598
935160,0.04776241
935161,0.49184203
935162,0.5018133
935163,0.3464881
935164,0.3615508
935165,0.364601
935166,0.364601
935167,0.364601
935168,0.364601
935169,0.364601
935170,0.364601
935171,0.35771346
935172,0.35347822
935173,0.34056455
935174,0.22581407
935175,0.013542923
935176,0.026455708
935177,0.02398037
935178,0.022366649
935179,0.02509292
935180,0.020530885
935181,0.030330988
935182,0.06082144
935183,0.12013493
935184,0.5588189
935185,0.60474163
935186,0.7215657
935187,0.74727815
935188,0.7636743
935189,0.79475945
935190,0.80828786
935191,0.82726586
935192,0.82726586
935193,0.8373678
935194,0.8373678
935195,0.83808
935196,0.83808
935197,0.83808
935198,0.8362048
935199,0.8441958
935200,0.83600587
935201,0.8296481
935202,0.8296481
935203,0.83736885
935204,0.82808846
935205,0.82808846
935206,0.82808846
935207,0.82675946
935208,0.8264553
935209,0.8264553
935210,0.82545644
935211,0.82220596
935212,0.8128106
935213,0.8128106
935214,0.8098041
935215,0.8098041
935216,0.7827332
935217,0.7827332
935218,0.72112286
935219,0.6896879
935220,0.67506397
935221,0.61481166
935222,0.67506397
935223,0.6409725
935224,0.6409725
935225,0.6409725
935226,0.6409725
935227,0.63690895
935228,0.4358633
935229,0.010635859
935230,0.024027681
935231,0.02203735
935232,0.021966195
935233,0.023875514
935234,0.023875514
935235,0.02253475
935236,0.022920944
935237,0.1526581
935238,0.048780125
935239,0.095742434
935240,0.21270563
935241,0.14740916
935242,0.22988111
935243,0.109325014
935244,0.04785574
935245,0.27243277
935246,0.28572363
935247,0.28926602
935248,0.29391629
935249,0.29391629
935250,0.29391629
935251,0.29391629
935252,0.29391629
935253,0.29391629
935254,0.25044
935255,0.3102444
935256,0.14774895
935257,0.29377455
935258,0.25312093
935259,0.23412628
935260,0.2199453
935261,0.17527798
935262,0.027274363
935263,0.113796994
935264,0.11653382
935265,0.12740633
935266,0.13002013
935267,0.11100185
935268,0.029491564
935269,0.23948252
935270,0.23702686
935271,0.23148543
935272,0.23199035
935273,0.22864182
935274,0.23069152
935275,0.22864182
935276,0.22282805
935277,0.118188106
935278,0.30454096
935279,0.22662269
935280,0.4611651
935281,0.4175071
935282,0.39729962
935283,0.3927526
935284,0.39043808
935285,0.35729045
935286,0.14396891
935287,0.5904423
935288,0.67797124
935289,0.7504961
935290,0.7715156
935291,0.7780272
935292,0.78578436
935293,0.7860343
935294,0.7860343
935295,0.7860343
935296,0.7867658
935297,0.7867658
935298,0.78566384
935299,0.78175265
935300,0.78175265
935301,0.7805734
935302,0.7805734
935303,0.77751845
935304,0.77449906
935305,0.7745884
935306,0.77141577
935307,0.77015907
935308,0.77015907
935309,0.77015907
935310,0.7681653
935311,0.7677872
935312,0.7677872
935313,0.7665461
935314,0.761787
935315,0.53948456
935316,0.109098405
935317,0.53730875
935318,0.5988074
935319,0.60850203
935320,0.61805964
935321,0.61805964
935322,0.62390643
935323,0.62390643
935324,0.62390643
935325,0.62390643
935326,0.62267536
935327,0.6223605
935328,0.6199642
935329,0.6199642
935330,0.6199642
935331,0.6183376
935332,0.6183376
935333,0.61829776
935334,0.41702142
935335,0.032431282
935336,0.36186653
935337,0.3731742
935338,0.39146757
935339,0.3959518
935340,0.3959518
935341,0.3959518
935342,0.30391407
935343,0.30391407
935344,0.30391407
935345,0.29661915
935346,0.19476107
935347,0.11287388
935348,0.5181157
935349,0.5595863
935350,0.5695473
935351,0.571791
935352,0.571791
935353,0.5778624
935354,0.5778624
935355,0.5778624
935356,0.5778624
935357,0.53386605
935358,0.5762557
935359,0.5737672
935360,0.5737672
935361,0.5737672
935362,0.5720793
935363,0.5720793
935364,0.42496446
935365,0.15387385
935366,0.5753675
935367,0.66294134
935368,0.748337
935369,0.77131337
935370,0.7812964
935371,0.80698216
935372,0.81698376
935373,0.83353275
935374,0.83353275
935375,0.8383711
935376,0.8383711
935377,0.84326965
935378,0.8375092
935379,0.8375092
935380,0.8365683
935381,0.8365683
935382,0.8388859
935383,0.83915997
935384,0.83915997
935385,0.83788854
935386,0.83691996
935387,0.83691996
935388,0.83691996
935389,0.8353816
935390,0.83102167
935391,0.83102167
935392,0.83004373
935393,0.8262857
935394,0.821685
935395,0.821685
935396,0.821685
935397,0.821685
935398,0.79061234
935399,0.79061234
935400,0.7600442
935401,0.7487969
935402,0.53538436
935403,0.14938529
935404,0.65349674
935405,0.68853134
935406,0.75496286
935407,0.76795506
935408,0.78138506
935409,0.8065866
935410,0.8182586
935411,0.8355099
935412,0.8324794
935413,0.832345
935414,0.832345
935415,0.83348614
935416,0.83348614
935417,0.83348614
935418,0.83480716
935419,0.83480716
935420,0.83793396
935421,0.83433485
935422,0.83433485
935423,0.8337976
935424,0.8337976
935425,0.8337976
935426,0.8337976
935427,0.8325038
935428,0.8280425
935429,0.8280425
935430,0.8270509
935431,0.8271417
935432,0.82716227
935433,0.82716227
935434,0.82910573
935435,0.82716227
935436,0.81055397
935437,0.80844843
935438,0.78012764
935439,0.78012764
935440,0.7716871
935441,0.77408385
935442,0.7716871
935443,0.7212009
935444,0.7212009
935445,0.7212009
935446,0.7212009
935447,0.560816
935448,0.045372147
935449,0.26294008
935450,0.24344878
935451,0.22887187
935452,0.26856384
935453,0.23445351
935454,0.10608413
935455,0.10625116
935456,0.100740284
935457,0.09918723
935458,0.088154316
935459,0.09848209
935460,0.13074037
935461,0.06801066
935462,0.48183414
935463,0.45864782
935464,0.44862303
935465,0.44330746
935466,0.1015162
935467,0.067215174
935468,0.05845802
935469,0.05800336
935470,0.05341905
935471,0.28797817
935472,0.25062928
935473,0.15818019
935474,0.1513195
935475,0.13548739
935476,0.01944427
935477,0.063726746
935478,0.059855748
935479,0.060075436
935480,0.14520217
935481,0.059758164
935482,0.054132514
935483,0.04222767
935484,0.2012128
935485,0.12505886
935486,0.113025405
935487,0.111343436
935488,0.109850086
935489,0.11153039
935490,0.084990315
935491,0.18777654
935492,0.07665566
935493,0.06705645
935494,0.22693601
935495,0.15883349
935496,0.04406529
935497,0.044234347
935498,0.045199312
935499,0.044919837
935500,0.04580208
935501,0.03852705
935502,0.026144192
935503,0.070882216
935504,0.111515306
935505,0.018607246
935506,0.059840363
935507,0.060482252
935508,0.06235098
935509,0.0628656
935510,0.064951725
935511,0.064951725
935512,0.064951725
935513,0.064104274
935514,0.05998252
935515,0.052966
935516,0.0401112
935517,0.071851075
935518,0.22301848
935519,0.11260134
935520,0.107413195
935521,0.10184892
935522,0.10366911
935523,0.10294111
935524,0.10224092
935525,0.11446664
935526,0.10276043
935527,0.06279196
935528,0.31077912
935529,0.25014722
935530,0.23194546
935531,0.019655284
935532,0.06586831
935533,0.06611524
935534,0.068288445
935535,0.068907686
935536,0.07098442
935537,0.07098442
935538,0.08388977
935539,0.053320643
935540,0.035557657
935541,0.010890507
935542,0.019140761
935543,0.018170679
935544,0.017491052
935545,0.01965159
935546,0.01965159
935547,0.01965159
935548,0.018978778
935549,0.38842568
935550,0.48985052
935551,0.5149217
935552,0.5837316
935553,0.60842484
935554,0.60842484
935555,0.60842484
935556,0.6118481
935557,0.6118481
935558,0.6118481
935559,0.6131681
935560,0.644313
935561,0.6411492
935562,0.6411492
935563,0.6411492
935564,0.6370844
935565,0.6056939
935566,0.5914814
935567,0.5877357
935568,0.5819953
935569,0.56727004
935570,0.5585172
935571,0.29105932
935572,0.010890507
935573,0.019140761
935574,0.018170679
935575,0.017491052
935576,0.01965159
935577,0.01965159
935578,0.01965159
935579,0.018978778
935580,0.08495359
935581,0.049983855
935582,0.050436605
935583,0.07109002
935584,0.20401703
935585,0.19201314
935586,0.1940517
935587,0.21968998
935588,0.13350427
935589,0.12923501
935590,0.12336849
935591,0.12106425
935592,0.11795003
935593,0.116372004
935594,0.0802722
935595,0.010458184
935596,0.01825097
935597,0.017325187
935598,0.016676655
935599,0.018580254
935600,0.018580254
935601,0.018580254
935602,0.01794345
935603,0.01826642
935604,0.049596194
935605,0.04921726
935606,0.050865293
935607,0.050915983
935608,0.045028385
935609,0.02920957
935610,0.14846933
935611,0.13663204
935612,0.12806888
935613,0.09680004
935614,0.012265873
935615,0.021222126
935616,0.019974612
935617,0.020128755
935618,0.021765709
935619,0.021765709
935620,0.021765709
935621,0.021765709
935622,0.021925684
935623,0.024524763
935624,0.049880467
935625,0.050332334
935626,0.227913
935627,0.22061247
935628,0.21172494
935629,0.14563462
935630,0.018326074
935631,0.12732883
935632,0.12322898
935633,0.11759828
935634,0.115387686
935635,0.112400755
935636,0.11088767
935637,0.07634221
935638,0.009154381
935639,0.01611762
935640,0.015298365
935641,0.014724553
935642,0.016002478
935643,0.016014729
935644,0.016014729
935645,0.015464467
935646,0.024524763
935647,0.07425513
935648,0.065934815
935649,0.025634391
935650,0.21258377
935651,0.21136494
935652,0.20385712
935653,0.20228495
935654,0.199801
935655,0.199801
935656,0.19655477
935657,0.018326074
935658,0.12732883
935659,0.12322898
935660,0.11759828
935661,0.115387686
935662,0.112400755
935663,0.11088767
935664,0.07634221
935665,0.009362602
935666,0.01611762
935667,0.015298365
935668,0.014724553
935669,0.016014729
935670,0.016014729
935671,0.015464467
935672,0.027629977
935673,0.14015393
935674,0.15222193
935675,0.052775335
935676,0.042016648
935677,0.023093905
935678,0.020373078
935679,0.01752574
935680,0.021512985
935681,0.12475568
935682,0.016892986
935683,0.0235717
935684,0.028915562
935685,0.039513677
935686,0.20519279
935687,0.21617793
935688,0.21965997
935689,0.22354323
935690,0.22354323
935691,0.22354323
935692,0.22354323
935693,0.22354323
935694,0.19294032
935695,0.18363097
935696,0.07051541
935697,0.058019053
935698,0.0486186
935699,0.027595785
935700,0.121533334
935701,0.121961676
935702,0.13519847
935703,0.13794684
935704,0.13794684
935705,0.11394373
935706,0.018488435
935707,0.062350422
935708,0.056754638
935709,0.049926296
935710,0.04753834
935711,0.1356108
935712,0.01336127
935713,0.05502761
935714,0.050501753
935715,0.045307912
935716,0.045780074
935717,0.0542329
935718,0.08126874
935719,0.02880185
935720,0.11116407
935721,0.08439996
935722,0.07358049
935723,0.17782757
935724,0.07506591
935725,0.06658168
935726,0.009309216
935727,0.018915081
935728,0.01780072
935729,0.017621558
935730,0.01928374
935731,0.01928374
935732,0.01928374
935733,0.017108997
935734,0.014342604
935735,0.035305534
935736,0.08572174
935737,0.07474665
935738,0.077407524
935739,0.24751015
935740,0.21891004
935741,0.009013505
935742,0.016162643
935743,0.015341135
935744,0.014765737
935745,0.013049654
935746,0.016355349
935747,0.015793571
935748,0.39191368
935749,0.38951248
935750,0.40114102
935751,0.40988412
935752,0.4105703
935753,0.4105703
935754,0.4105703
935755,0.4105703
935756,0.4105703
935757,0.4105703
935758,0.29545957
935759,0.075809754
935760,0.35299295
935761,0.44219187
935762,0.45328617
935763,0.44403425
935764,0.44403425
935765,0.44403425
935766,0.44403425
935767,0.45860064
935768,0.44403425
935769,0.43195048
935770,0.42326954
935771,0.3794514
935772,0.008092635
935773,0.016815389
935774,0.015961234
935775,0.015362946
935776,0.017015742
935777,0.017015742
935778,0.017015742
935779,0.0163432
935780,0.078485906
935781,0.5694508
935782,0.64319265
935783,0.6793819
935784,0.6944769
935785,0.6902554
935786,0.6902554
935787,0.6902554
935788,0.6902554
935789,0.6902554
935790,0.6876911
935791,0.6837418
935792,0.67932177
935793,0.6742747
935794,0.6742747
935795,0.67039216
935796,0.67039216
935797,0.6577088
935798,0.365387
935799,0.012284807
935800,0.024819791
935801,0.024711976
935802,0.025582664
935803,0.028774992
935804,0.028774992
935805,0.028774992
935806,0.028774992
935807,0.030279519
935808,0.02810966
935809,0.0398184
935810,0.23281962
935811,0.49510217
935812,0.51944435
935813,0.546638
935814,0.52724236
935815,0.52724236
935816,0.52724236
935817,0.52724236
935818,0.52724236
935819,0.5119957
935820,0.5031309
935821,0.34795994
935822,0.010605731
935823,0.01697062
935824,0.016096385
935825,0.01550498
935826,0.01717279
935827,0.0152278505
935828,0.01717279
935829,0.016494146
935830,0.55142057
935831,0.549904
935832,0.625073
935833,0.6453232
935834,0.6543273
935835,0.65926135
935836,0.6543273
935837,0.6546631
935838,0.6546631
935839,0.6546631
935840,0.65181464
935841,0.65181464
935842,0.6517865
935843,0.6469758
935844,0.6469758
935845,0.6429403
935846,0.6429403
935847,0.62594324
935848,0.62594324
935849,0.631902
935850,0.6203771
935851,0.6203771
935852,0.41793153
935853,0.09774566
935854,0.3077716
935855,0.22710893
935856,0.22586295
935857,0.013163951
935858,0.015555823
935859,0.017726483
935860,0.017063184
935861,0.098895065
935862,0.07202
935863,0.037307676
935864,0.27080047
935865,0.25610244
935866,0.24494942
935867,0.2440474
935868,0.24505746
935869,0.23397812
935870,0.081736095
935871,0.13053939
935872,0.12999476
935873,0.13122815
935874,0.13252665
935875,0.105742976
935876,0.11513814
935877,0.0769147
935878,0.06698458
935879,0.067508556
935880,0.061293308
935881,0.03183021
935882,0.12684634
935883,0.113548145
935884,0.10770442
935885,0.10677434
935886,0.08031158
935887,0.14302364
935888,0.031936176
935889,0.0769147
935890,0.06698458
935891,0.093206696
935892,0.026584487
935893,0.10781986
935894,0.097250275
935895,0.09320807
935896,0.0923902
935897,0.0696535
935898,0.055177804
935899,0.14220631
935900,0.13250956
935901,0.10722275
935902,0.30746454
935903,0.022498554
935904,0.08775429
935905,0.08360314
935906,0.08739073
935907,0.07887825
935908,0.084882855
935909,0.084882855
935910,0.06413795
935911,0.17986359
935912,0.03443055
935913,0.06323274
935914,0.106185
935915,0.20629053
935916,0.4976159
935917,0.56638855
935918,0.5807986
935919,0.5782488
935920,0.5963903
935921,0.5938557
935922,0.6049218
935923,0.6049218
935924,0.594012
935925,0.594012
935926,0.5770472
935927,0.48784307
935928,0.025909206
935929,0.10739281
935930,0.09924643
935931,0.10393016
935932,0.10344496
935933,0.07778787
935934,0.019243238
935935,0.09592646
935936,0.09142746
935937,0.09578143
935938,0.09533024
935939,0.09483573
935940,0.09483573
935941,0.10706804
935942,0.32577077
935943,0.2607664
935944,0.2442409
935945,0.121684246
935946,0.11057895
935947,0.13132784
935948,0.2673019
935949,0.33034697
935950,0.33424821
935951,0.32915795
935952,0.3299777
935953,0.3972343
935954,0.36341757
935955,0.39110398
935956,0.3630259
935957,0.22130498
935958,0.17907545
935959,0.18311381
935960,0.18092464
935961,0.18236528
935962,0.18236528
935963,0.18236528
935964,0.14625321
935965,0.17122829
935966,0.16623218
935967,0.010653863
935968,0.05271813
935969,0.049813066
935970,0.044653513
935971,0.045152716
935972,0.05016958
935973,0.05016958
935974,0.041039046
935975,0.014089808
935976,0.060563438
935977,0.05538828
935978,0.049718205
935979,0.0502339
935980,0.07331658
935981,0.077649586
935982,0.027127823
935983,0.024591187
935984,0.023677206
935985,0.025731327
935986,0.02431131
935987,0.011065281
935988,0.024639672
935989,0.023397531
935990,0.02252689
935991,0.024483725
935992,0.024483725
935993,0.023038084
935994,0.26303744
935995,0.11892716
935996,0.2988203
935997,0.27154422
935998,0.22819617
935999,0.044305112
936000,0.2889274
936001,0.22733125
936002,0.23178917
936003,0.22137988
936004,0.22053932
936005,0.16617768
936006,0.15156142
936007,0.13931774
936008,0.14543243
936009,0.12729163
936010,0.044126984
936011,0.26674116
936012,0.25516695
936013,0.25171474
936014,0.25799847
936015,0.25504917
936016,0.25504917
936017,0.18369426
936018,0.029111532
936019,0.35507894
936020,0.3662963
936021,0.3844593
936022,0.5147094
936023,0.46145076
936024,0.38678488
936025,0.38678488
936026,0.38678488
936027,0.38678488
936028,0.37690815
936029,0.33357313
936030,0.07559035
936031,0.4766106
936032,0.5157117
936033,0.5376959
936034,0.54750216
936035,0.54750216
936036,0.54750216
936037,0.54750216
936038,0.54750216
936039,0.54750216
936040,0.5431755
936041,0.534362
936042,0.52153
936043,0.52153
936044,0.36694866
936045,0.050983876
936046,0.2937242
936047,0.28291664
936048,0.28500447
936049,0.29339293
936050,0.29339293
936051,0.29339293
936052,0.29339293
936053,0.21911831
936054,0.030867053
936055,0.13931774
936056,0.14543243
936057,0.17265919
936058,0.23265831
936059,0.29553115
936060,0.17668055
936061,0.17130353
936062,0.16560486
936063,0.16265813
936064,0.15957272
936065,0.12764384
936066,0.11419458
936067,0.4009798
936068,0.4133231
936069,0.41637003
936070,0.40616608
936071,0.40616608
936072,0.38133156
936073,0.38133156
936074,0.38133156
936075,0.38133156
936076,0.38852426
936077,0.3800175
936078,0.3687133
936079,0.3669752
936080,0.3669752
936081,0.34774113
936082,0.34774113
936083,0.1609399
936084,0.26011476
936085,0.11656087
936086,0.1341574
936087,0.10182651
936088,0.25071514
936089,0.24114032
936090,0.22590558
936091,0.16536915
936092,0.026157452
936093,0.16133915
936094,0.16323628
936095,0.16431023
936096,0.16242951
936097,0.16051586
936098,0.16051586
936099,0.16051586
936100,0.16051586
936101,0.16051586
936102,0.22525413
936103,0.02663797
936104,0.13239211
936105,0.124418765
936106,0.11809009
936107,0.064500146
936108,0.115492925
936109,0.08453003
936110,0.047301162
936111,0.48589164
936112,0.54418975
936113,0.58682907
936114,0.59438753
936115,0.59438753
936116,0.59915686
936117,0.59438753
936118,0.59438753
936119,0.59438753
936120,0.5888154
936121,0.58433324
936122,0.57908666
936123,0.57345253
936124,0.57345253
936125,0.3556971
936126,0.038118612
936127,0.14324583
936128,0.15996842
936129,0.0552132
936130,0.51759017
936131,0.5784215
936132,0.6261209
936133,0.63340956
936134,0.63340956
936135,0.63340956
936136,0.63799953
936137,0.63340956
936138,0.63340956
936139,0.628038
936140,0.6237102
936141,0.6545883
936142,0.6131779
936143,0.6131779
936144,0.6131779
936145,0.38742298
936146,0.19167079
936147,0.14753033
936148,0.12287993
936149,0.030930063
936150,0.3522869
936151,0.36346573
936152,0.3815729
936153,0.38389188
936154,0.38389188
936155,0.38389188
936156,0.38389188
936157,0.5116579
936158,0.38389188
936159,0.37404397
936160,0.24882112
936161,0.061115302
936162,0.2400092
936163,0.24533924
936164,0.24855512
936165,0.2507842
936166,0.2558545
936167,0.2558545
936168,0.26421824
936169,0.26421824
936170,0.26421824
936171,0.21062937
936172,0.086693875
936173,0.15657258
936174,0.12635854
936175,0.088725075
936176,0.5111007
936177,0.5796098
936178,0.6249839
936179,0.6322818
936180,0.6322818
936181,0.6322818
936182,0.6322818
936183,0.6322818
936184,0.720922
936185,0.71683955
936186,0.714881
936187,0.71219444
936188,0.7074419
936189,0.64855975
936190,0.64698577
936191,0.64698577
936192,0.37461895
936193,0.14335263
936194,0.14270501
936195,0.04798578
936196,0.2896886
936197,0.23703966
936198,0.20569679
936199,0.120351456
936200,0.113366306
936201,0.111679874
936202,0.10632499
936203,0.0882481
936204,0.20454419
936205,0.103615336
936206,0.044314887
936207,0.043974455
936208,0.048873223
936209,0.043951467
936210,0.1880602
936211,0.1683349
936212,0.17930345
936213,0.17986141
936214,0.18320622
936215,0.1897334
936216,0.1897334
936217,0.1897334
936218,0.1897334
936219,0.1490546
936220,0.13146017
936221,0.33959192
936222,0.30082956
936223,0.059261
936224,0.23671116
936225,0.20197107
936226,0.1907009
936227,0.18860433
936228,0.18624914
936229,0.18624914
936230,0.21074063
936231,0.30540103
936232,0.31214738
936233,0.33163407
936234,0.33547825
936235,0.34051552
936236,0.34957334
936237,0.34957334
936238,0.34957334
936239,0.34957334
936240,0.34957334
936241,0.28145975
936242,0.1297528
936243,0.29022112
936244,0.16877587
936245,0.16359162
936246,0.15562454
936247,0.052660897
936248,0.15346386
936249,0.11979799
936250,0.32022884
936251,0.29900658
936252,0.28244078
936253,0.26635107
936254,0.22896692
936255,0.03187659
936256,0.05183813
936257,0.02957767
936258,0.16877587
936259,0.055163287
936260,0.052394774
936261,0.052660897
936262,0.051894736
936263,0.037286684
936264,0.030695105
936265,0.052503664
936266,0.02006019
936267,0.06522368
936268,0.058034066
936269,0.055129882
936270,0.054958485
936271,0.03894107
936272,0.032674264
936273,0.036763623
936274,0.06783996
936275,0.48643598
936276,0.53625643
936277,0.6054002
936278,0.62780094
936279,0.62780094
936280,0.62780094
936281,0.62780094
936282,0.62780094
936283,0.62780094
936284,0.6197054
936285,0.61938953
936286,0.6132728
936287,0.6079413
936288,0.6079413
936289,0.59790176
936290,0.59790176
936291,0.5841593
936292,0.580394
936293,0.35460696
936294,0.16144338
936295,0.09160849
936296,0.07478058
936297,0.07143267
936298,0.07302927
936299,0.07302927
936300,0.04909574
936301,0.06882463
936302,0.28897905
936303,0.24313906
936304,0.027597966
936305,0.26997668
936306,0.2739174
936307,0.25682443
936308,0.26131833
936309,0.25474152
936310,0.24881788
936311,0.15189305
936312,0.2593422
936313,0.29463634
936314,0.2572801
936315,0.21307631
936316,0.042421278
936317,0.29650718
936318,0.27235752
936319,0.26606
936320,0.27526277
936321,0.27218848
936322,0.27218848
936323,0.19888876
936324,0.05685173
936325,0.29463634
936326,0.2572801
936327,0.24940348
936328,0.25817117
936329,0.25904465
936330,0.07158955
936331,0.12325017
936332,0.11697301
936333,0.11597328
936334,0.11439722
936335,0.08470281
936336,0.41362762
936337,0.38877213
936338,0.3288722
936339,0.36785093
936340,0.36559477
936341,0.32352754
936342,0.23943983
936343,0.3194774
936344,0.3023469
936345,0.28996497
936346,0.28896064
936347,0.28049216
936348,0.24928217
936349,0.083539575
936350,0.17526293
936351,0.16517465
936352,0.16212466
936353,0.16003495
936354,0.16003495
936355,0.11991611
936356,0.023304962
936357,0.099974096
936358,0.12424535
936359,0.11792431
936360,0.11691753
936361,0.11533031
936362,0.12240018
936363,0.067361906
936364,0.06239003
936365,0.3902832
936366,0.3737726
936367,0.36932984
936368,0.36706987
936369,0.32491985
936370,0.047071077
936371,0.19416757
936372,0.19874577
936373,0.2024333
936374,0.20215154
936375,0.20215154
936376,0.20215154
936377,0.19804268
936378,0.19804268
936379,0.14093605
936380,0.048239134
936381,0.35293576
936382,0.36681655
936383,0.3699561
936384,0.382722
936385,0.36955607
936386,0.36955607
936387,0.36955607
936388,0.36955607
936389,0.36955607
936390,0.36295122
936391,0.35479084
936392,0.23432799
936393,0.061998732
936394,0.37491563
936395,0.3713933
936396,0.36696222
936397,0.3647084
936398,0.3611329
936399,0.3217922
936400,0.13109675
936401,0.12764539
936402,0.13066609
936403,0.11786103
936404,0.051385626
936405,0.17386301
936406,0.16727632
936407,0.15877771
936408,0.1587062
936409,0.1538004
936410,0.1538004
936411,0.1150305
936412,0.026197184
936413,0.13012804
936414,0.12424535
936415,0.11792431
936416,0.11691753
936417,0.11533031
936418,0.11533031
936419,0.08541706
936420,0.03740109
936421,0.3789634
936422,0.3754259
936423,0.3709751
936424,0.368711
936425,0.36511883
936426,0.3730001
936427,0.2946467
936428,0.18976149
936429,0.18803711
936430,0.188616
936431,0.1914761
936432,0.19566044
936433,0.19566044
936434,0.20545372
936435,0.20545372
936436,0.14989431
936437,0.03135444
936438,0.13474436
936439,0.052279375
936440,0.052472804
936441,0.05252501
936442,0.05455591
936443,0.043831065
936444,0.05285391
936445,0.17386301
936446,0.16855419
936447,0.15877771
936448,0.15582381
936449,0.1538004
936450,0.15380128
936451,0.1150305
936452,0.031197568
936453,0.14350982
936454,0.13075237
936455,0.12414719
936456,0.10867445
936457,0.09043783
936458,0.051326405
936459,0.14583904
936460,0.12089625
936461,0.041783705
936462,0.060273264
936463,0.06091949
936464,0.06182828
936465,0.06233888
936466,0.06472332
936467,0.06472332
936468,0.06472332
936469,0.062416494
936470,0.050877172
936471,0.17267337
936472,0.16739352
936473,0.15767162
936474,0.1538521
936475,0.15272267
936476,0.15781339
936477,0.11418782
936478,0.25790545
936479,0.13410467
936480,0.1298191
936481,0.12392983
936482,0.12161656
936483,0.118489996
936484,0.0808621
936485,0.0313459
936486,0.14324018
936487,0.13050304
936488,0.123908654
936489,0.122857906
936490,0.0902574
936491,0.13850728
936492,0.01963632
936493,0.05425133
936494,0.05383887
936495,0.05403773
936496,0.0540914
936497,0.054424282
936498,0.088045254
936499,0.2436629
936500,0.022629257
936501,0.14892079
936502,0.15069814
936503,0.15118347
936504,0.14942612
936505,0.14763868
936506,0.14572911
936507,0.14572911
936508,0.14572911
936509,0.089187376
936510,0.026322385
936511,0.12987973
936512,0.12400666
936513,0.11769614
936514,0.11669105
936515,0.11510651
936516,0.11510651
936517,0.17210665
936518,0.07001272
936519,0.13928677
936520,0.23425144
936521,0.27523953
936522,0.21532422
936523,0.020489259
936524,0.1268511
936525,0.12276447
936526,0.117152184
936527,0.11494882
936528,0.111971796
936529,0.0762348
936530,0.07279085
936531,0.5567601
936532,0.6516028
936533,0.61259943
936534,0.6329035
936535,0.6329035
936536,0.6329035
936537,0.6329035
936538,0.6329035
936539,0.6329035
936540,0.62497526
936541,0.61093384
936542,0.59689075
936543,0.5950909
936544,0.46947765
936545,0.08369448
936546,0.21561785
936547,0.09148238
936548,0.048853714
936549,0.048480187
936550,0.044148296
936551,0.02631771
936552,0.048853714
936553,0.048480187
936554,0.050789148
936555,0.24590988
936556,0.18513642
936557,0.13111037
936558,0.040511638
936559,0.12959428
936560,0.1354741
936561,0.11636348
936562,0.103031635
936563,0.045512587
936564,0.046059277
936565,0.023531066
936566,0.045988407
936567,0.045635737
936568,0.045996144
936569,0.0648974
936570,0.22761622
936571,0.28070337
936572,0.030970665
936573,0.16891754
936574,0.14123079
936575,0.14123695
936576,0.13682002
936577,0.17201637
936578,0.075059325
936579,0.07709783
936580,0.07819788
936581,0.078517385
936582,0.078517385
936583,0.078517385
936584,0.078517385
936585,0.09498216
936586,0.054948132
936587,0.07369987
936588,0.27337366
936589,0.26101848
936590,0.023912186
936591,0.15546538
936592,0.14431833
936593,0.13698989
936594,0.1354793
936595,0.13194539
936596,0.031506516
936597,0.13183138
936598,0.13767007
936599,0.12418373
936600,0.01609745
936601,0.056425538
936602,0.054466207
936603,0.051730767
936604,0.0519937
936605,0.052989535
936606,0.051236723
936607,0.05464366
936608,0.081591636
936609,0.4018848
936610,0.40887567
936611,0.33514005
936612,0.3347511
936613,0.40733558
936614,0.40733558
936615,0.40115315
936616,0.40115315
936617,0.40115315
936618,0.28780216
936619,0.13011216
936620,0.0717592
936621,0.27147192
936622,0.26985884
936623,0.023485322
936624,0.049740914
936625,0.05007609
936626,0.20769487
936627,0.21078274
936628,0.21448913
936629,0.14248252
936630,0.023592416
936631,0.049372528
936632,0.048995238
936633,0.04601195
936634,0.033877317
936635,0.19128613
936636,0.2914851
936637,0.0230598
936638,0.048863485
936639,0.049193054
936640,0.023258282
936641,0.049272865
936642,0.04898795
936643,0.02379537
936644,0.04978594
936645,0.049405657
936646,0.046398606
936647,0.03264588
936648,0.07544147
936649,0.20903195
936650,0.25024688
936651,0.14417318
936652,0.14050257
936653,0.13681312
936654,0.1389605
936655,0.13657759
936656,0.13657759
936657,0.13657759
936658,0.0957958
936659,0.01950194
936660,0.10190656
936661,0.097157255
936662,0.09248951
936663,0.091677316
936664,0.0909558
936665,0.06849544
936666,0.07559145
936667,0.55444163
936668,0.5911163
936669,0.6703717
936670,0.6734296
936671,0.6734296
936672,0.6734296
936673,0.6734296
936674,0.6734296
936675,0.6968651
936676,0.6657981
936677,0.65528005
936678,0.6494136
936679,0.6442914
936680,0.63748866
936681,0.6346232
936682,0.6346232
936683,0.48773122
936684,0.024202479
936685,0.11138993
936686,0.10214723
936687,0.097265586
936688,0.0964159
936689,0.07240696
936690,0.0326525
936691,0.1127787
936692,0.09637445
936693,0.03459793
936694,0.23197168
936695,0.23117733
936696,0.23358424
936697,0.23169853
936698,0.23169853
936699,0.23169853
936700,0.23169853
936701,0.23169853
936702,0.23169853
936703,0.2266717
936704,0.14370592
936705,0.04363175
936706,0.31809756
936707,0.33130977
936708,0.33430585
936709,0.3339239
936710,0.3339239
936711,0.3339239
936712,0.3339239
936713,0.3339239
936714,0.3339239
936715,0.327625
936716,0.31986007
936717,0.20498244
936718,0.0460369
936719,0.4603656
936720,0.47729757
936721,0.4845799
936722,0.48415115
936723,0.48415115
936724,0.48415115
936725,0.48415115
936726,0.48415115
936727,0.48415115
936728,0.48184985
936729,0.4730011
936730,0.45881972
936731,0.45881972
936732,0.2964701
936733,0.036770504
936734,0.24341334
936735,0.24259219
936736,0.24508005
936737,0.24313098
936738,0.24313098
936739,0.24313098
936740,0.24313098
936741,0.24313098
936742,0.24313098
936743,0.23793295
936744,0.1549221
936745,0.034023877
936746,0.12887986
936747,0.16226105
936748,0.12056062
936749,0.19661967
936750,0.14729811
936751,0.14905947
936752,0.14954047
936753,0.1477989
936754,0.14602757
936755,0.14413531
936756,0.14413531
936757,0.1451984
936758,0.10112541
936759,0.2910466
936760,0.1599515
936761,0.15302794
936762,0.1332624
936763,0.15376386
936764,0.11128902
936765,0.03993131
936766,0.19383591
936767,0.20436938
936768,0.20498584
936769,0.20757774
936770,0.2142482
936771,0.2142482
936772,0.2142482
936773,0.2142482
936774,0.19973569
936775,0.053492624
936776,0.18123315
936777,0.15712938
936778,0.11758838
936779,0.0434972
936780,0.044872463
936781,0.014461514
936782,0.040425234
936783,0.040580925
936784,0.03884099
936785,0.03859924
936786,0.03936246
936787,0.03318247
936788,0.013223854
936789,0.040398497
936790,0.040554084
936791,0.038815256
936792,0.03806475
936793,0.03936246
936794,0.03318247
936795,0.020966033
936796,0.043835483
936797,0.04349855
936798,0.041155297
936799,0.037435595
936800,0.21297556
936801,0.14530648
936802,0.013223854
936803,0.040398497
936804,0.040554084
936805,0.038815256
936806,0.03806475
936807,0.03936246
936808,0.03318247
936809,0.3803455
936810,0.030459752
936811,0.117287375
936812,0.10953962
936813,0.10358229
936814,0.013223779
936815,0.041478507
936816,0.041638076
936817,0.0398547
936818,0.039084915
936819,0.04041594
936820,0.04041594
936821,0.036095157
936822,0.013442779
936823,0.04117329
936824,0.04133174
936825,0.03956094
936826,0.0387966
936827,0.038917698
936828,0.038917698
936829,0.03724701
936830,0.013883375
936831,0.040629506
936832,0.04078595
936833,0.039037585
936834,0.038282953
936835,0.038391642
936836,0.034689028
936837,0.042239804
936838,0.25577074
936839,0.19872423
936840,0.18538725
936841,0.14773925
936842,0.0370895
936843,0.20065206
936844,0.18721594
936845,0.16441205
936846,0.19154982
936847,0.30523828
936848,0.19198409
936849,0.11547937
936850,0.111712195
936851,0.1081934
936852,0.10687286
936853,0.10553128
936854,0.10409975
936855,0.10409975
936856,0.068246156
936857,0.2471472
936858,0.016759211
936859,0.11547937
936860,0.111712195
936861,0.1081934
936862,0.10687286
936863,0.10553128
936864,0.10409975
936865,0.10409975
936866,0.068246156
936867,0.22541383
936868,0.18928047
936869,0.08361027
936870,0.08078777
936871,0.07364858
936872,0.074393064
936873,0.079893395
936874,0.06618636
936875,0.16716838
936876,0.12629351
936877,0.1267362
936878,0.11683674
936879,0.11694505
936880,0.11694505
936881,0.09527771
936882,0.56291544
936883,0.5786495
936884,0.65706897
936885,0.7919109
936886,0.8061368
936887,0.8153215
936888,0.8414722
936889,0.8459187
936890,0.84353906
936891,0.8459187
936892,0.84894836
936893,0.84894836
936894,0.84717304
936895,0.84424716
936896,0.84424716
936897,0.8386528
936898,0.83618265
936899,0.8314935
936900,0.8293134
936901,0.82503253
936902,0.81634194
936903,0.81527305
936904,0.8125251
936905,0.8125251
936906,0.79943573
936907,0.79527336
936908,0.7910908
936909,0.50072974
936910,0.01725196
936911,0.117996514
936912,0.114157885
936913,0.1010972
936914,0.09916189
936915,0.0971412
936916,0.16408105
936917,0.019464787
936918,0.090683736
936919,0.08571055
936920,0.08332042
936921,0.08316813
936922,0.08316813
936923,0.08567315
936924,0.08316813
936925,0.06780046
936926,0.03483923
936927,0.08896483
936928,0.083746314
936929,0.18469846
936930,0.038190577
936931,0.19987746
936932,0.01749587
936933,0.082306765
936934,0.078391165
936935,0.06902812
936936,0.06576793
936937,0.06742748
936938,0.06732368
936939,0.049953334
936940,0.12136875
936941,0.021362431
936942,0.10962962
936943,0.10919464
936944,0.10956355
936945,0.04317547
936946,0.10936904
936947,0.10936904
936948,0.10936904
936949,0.11419662
936950,0.106886715
936951,0.04305759
936952,0.092835955
936953,0.020427214
936954,0.16593802
936955,0.16532108
936956,0.16994877
936957,0.17094745
936958,0.17586806
936959,0.08152691
936960,0.28486955
936961,0.30380607
936962,0.18947862
936963,0.18889956
936964,0.121675365
936965,0.017232511
936966,0.07296959
936967,0.06946457
936968,0.06781131
936969,0.06719978
936970,0.06665677
936971,0.053357672
936972,0.2945865
936973,0.020514533
936974,0.09520143
936975,0.090005025
936976,0.0875066
936977,0.08734738
936978,0.08734738
936979,0.08734738
936980,0.08734738
936981,0.07126751
936982,0.016981704
936983,0.0358801
936984,0.082351945
936985,0.07255306
936986,0.07190207
936987,0.070876904
936988,0.053357672
936989,0.0195173
936990,0.09520143
936991,0.085596666
936992,0.0875066
936993,0.08734738
936994,0.08734738
936995,0.08484101
936996,0.08734738
936997,0.07126751
936998,0.020216933
936999,0.09520143
937000,0.090005025
937001,0.08499608
937002,0.08734738
937003,0.08734738
937004,0.08734738
937005,0.033973552
937006,0.07126751
937007,0.016981704
937008,0.08644682
937009,0.082351945
937010,0.07255306
937011,0.07190207
937012,0.070876904
937013,0.05012438
937014,0.32760653
937015,0.31453857
937016,0.3129675
937017,0.25861514
937018,0.25399524
937019,0.2510762
937020,0.2510762
937021,0.26511815
937022,0.02297568
937023,0.10894778
937024,0.09731688
937025,0.08590405
937026,0.08514425
937027,0.058084305
937028,0.084542714
937029,0.048898544
937030,0.04852467
937031,0.04138292
937032,0.019348746
937033,0.09162587
937034,0.073708296
937035,0.07696986
937036,0.076282494
937037,0.07019245
937038,0.07519995
937039,0.08763189
937040,0.02355233
937041,0.04875125
937042,0.053491514
937043,0.32121634
937044,0.21005835
937045,0.1936835
937046,0.16017242
937047,0.13156189
937048,0.19191399
937049,0.088821046
937050,0.08583912
937051,0.078291565
937052,0.07907898
937053,0.084337726
937054,0.086038
937055,0.09895075
937056,0.089148454
937057,0.17936473
937058,0.116489574
937059,0.104147665
937060,0.08483361
937061,0.09120695
937062,0.06796178
937063,0.021698654
937064,0.09893071
937065,0.09430553
937066,0.08637055
937067,0.08560703
937068,0.08440424
937069,0.08440424
937070,0.059588827
937071,0.2667079
937072,0.026327832
937073,0.110037155
937074,0.10412415
937075,0.09225838
937076,0.10109592
937077,0.098237514
937078,0.10109592
937079,0.10109592
937080,0.08340416
937081,0.032858998
937082,0.13050446
937083,0.09555612
937084,0.063479826
937085,0.08508347
937086,0.092657246
937087,0.533468
937088,0.3255286
937089,0.21385357
937090,0.12586303
937091,0.035125438
937092,0.13920552
937093,0.13371722
937094,0.13475834
937095,0.13309743
937096,0.15064657
937097,0.16958876
937098,0.13223492
937099,0.13636482
937100,0.14053775
937101,0.1449826
937102,0.15039873
937103,0.15039873
937104,0.15039873
937105,0.12727994
937106,0.20958036
937107,0.084303856
937108,0.07570938
937109,0.070856124
937110,0.06897049
937111,0.056413434
937112,0.028854748
937113,0.112064175
937114,0.11476468
937115,0.11020066
937116,0.016868858
937117,0.076961815
937118,0.07268101
937119,0.070626155
937120,0.07049528
937121,0.07304816
937122,0.07304816
937123,0.07304816
937124,0.057777997
937125,0.016868858
937126,0.076961815
937127,0.07268101
937128,0.070626155
937129,0.07049528
937130,0.07304816
937131,0.07304816
937132,0.07304816
937133,0.057777997
937134,0.024542445
937135,0.08697622
937136,0.07745973
937137,0.11607425
937138,0.17975639
937139,0.32736066
937140,0.22636205
937141,0.20485774
937142,0.08569392
937143,0.08799377
937144,0.08923426
937145,0.08959447
937146,0.08959447
937147,0.08959447
937148,0.08959447
937149,0.09342368
937150,0.05611321
937151,0.19691485
937152,0.023505084
937153,0.075718686
937154,0.06466471
937155,0.06022645
937156,0.05918137
937157,0.15554163
937158,0.13493656
937159,0.13888715
937160,0.3178729
937161,0.26843426
937162,0.23291172
937163,0.08352456
937164,0.52247775
937165,0.5788531
937166,0.63362813
937167,0.6408585
937168,0.6408585
937169,0.6408585
937170,0.6408585
937171,0.6408585
937172,0.6408585
937173,0.6412912
937174,0.63483554
937175,0.6305022
937176,0.6305022
937177,0.6305022
937178,0.6273819
937179,0.6273819
937180,0.4832239
937181,0.14166705
937182,0.05852664
937183,0.056498714
937184,0.053666983
937185,0.053939205
937186,0.05315549
937187,0.037499737
937188,0.12755956
937189,0.014819718
937190,0.07323746
937191,0.07523051
937192,0.07630612
937193,0.07661853
937194,0.07661853
937195,0.07661853
937196,0.07661853
937197,0.07994186
937198,0.04996184
937199,0.27538234
937200,0.29697633
937201,0.28557205
937202,0.21436694
937203,0.15304933
937204,0.12209875
937205,0.12970695
937206,0.035639886
937207,0.024091657
937208,0.06876095
937209,0.058658246
937210,0.054608174
937211,0.0539047
937212,0.054731738
937213,0.29431427
937214,0.28297108
937215,0.21222188
937216,0.015778739
937217,0.085491344
937218,0.08261109
937219,0.076593
937220,0.0781539
937221,0.077047005
937222,0.077047005
937223,0.06712254
937224,0.1679402
937225,0.10901028
937226,0.105429076
937227,0.09912984
937228,0.1035508
937229,0.1035508
937230,0.082141615
937231,0.027417276
937232,0.15391588
937233,0.1577308
937234,0.16212425
937235,0.16427487
937236,0.16427487
937237,0.16427487
937238,0.16427487
937239,0.16427487
937240,0.16427487
937241,0.16301358
937242,0.13486953
937243,0.054731738
937244,0.29431427
937245,0.28297108
937246,0.2881925
937247,0.016135173
937248,0.09628236
937249,0.08261109
937250,0.076593
937251,0.0781539
937252,0.077047005
937253,0.09902599
937254,0.022163477
937255,0.111976616
937256,0.10902136
937257,0.10760147
937258,0.113252275
937259,0.113252275
937260,0.113252275
937261,0.113252275
937262,0.08926298
937263,0.63855755
937264,0.65735847
937265,0.6764189
937266,0.7172069
937267,0.7417478
937268,0.7533096
937269,0.7657889
937270,0.78296554
937271,0.77484995
937272,0.77484995
937273,0.7765064
937274,0.7765064
937275,0.77657115
937276,0.77657115
937277,0.77657115
937278,0.7741757
937279,0.7741757
937280,0.7732823
937281,0.7732823
937282,0.77120626
937283,0.7680003
937284,0.7667305
937285,0.7647295
937286,0.7647295
937287,0.7588752
937288,0.7584867
937289,0.7584867
937290,0.75721157
937291,0.7478913
937292,0.7456262
937293,0.7456262
937294,0.7456262
937295,0.7456262
937296,0.4883087
937297,0.02215029
937298,0.049277533
937299,0.049650066
937300,0.017730078
937301,0.09653484
937302,0.093320504
937303,0.08767387
937304,0.08959843
937305,0.08959843
937306,0.07227593
937307,0.028081132
937308,0.11303147
937309,0.14054602
937310,0.035565056
937311,0.032383725
937312,0.14434336
937313,0.022263179
937314,0.050981686
937315,0.050592754
937316,0.05180953
937317,0.04766462
937318,0.18309805
937319,0.11823158
937320,0.023220344
937321,0.050981686
937322,0.050592754
937323,0.05416112
937324,0.032099634
937325,0.18057398
937326,0.105418384
937327,0.10726345
937328,0.102389194
937329,0.10768783
937330,0.10110411
937331,0.10110411
937332,0.10866395
937333,0.10866395
937334,0.06958562
937335,0.016900053
937336,0.057467353
937337,0.051178977
937338,0.04860014
937339,0.048448004
937340,0.033843286
937341,0.12762506
937342,0.015125947
937343,0.055437997
937344,0.053511012
937345,0.05082096
937346,0.050662242
937347,0.050245665
937348,0.050245665
937349,0.035414886
937350,0.02060201
937351,0.059970085
937352,0.051181108
937353,0.047621176
937354,0.03707481
937355,0.014643771
937356,0.053740896
937357,0.05186966
937358,0.049257834
937359,0.04910374
937360,0.04869932
937361,0.04869932
937362,0.045353305
937363,0.14441614
937364,0.06265079
937365,0.050598457
937366,0.04619982
937367,0.21983665
937368,0.097313255
937369,0.092755914
937370,0.08787617
937371,0.0871006
937372,0.08430227
937373,0.06524161
937374,0.140736
937375,0.0799231
937376,0.08720154
937377,0.071558975
937378,0.0730254
937379,0.07198547
937380,0.06286372
937381,0.05582515
937382,0.19760245
937383,0.16988483
937384,0.06068585
937385,0.019989738
937386,0.11206135
937387,0.11497988
937388,0.11536581
937389,0.11650355
937390,0.11650355
937391,0.11650355
937392,0.11650355
937393,0.11650355
937394,0.085927844
937395,0.045466635
937396,0.11499155
937397,0.015594879
937398,0.057487875
937399,0.055493828
937400,0.052709654
937401,0.05254536
937402,0.048827518
937403,0.048827518
937404,0.034218352
937405,0.025721062
937406,0.11215056
937407,0.102418296
937408,0.0734528
937409,0.036929533
937410,0.28344342
937411,0.28113827
937412,0.26425636
937413,0.18355714
937414,0.036929533
937415,0.051409543
937416,0.40105107
937417,0.60419214
937418,0.6446334
937419,0.6752074
937420,0.6517619
937421,0.6562468
937422,0.50447065
937423,0.6517619
937424,0.6697681
937425,0.6465092
937426,0.63836193
937427,0.62252694
937428,0.437805
937429,0.6430239
937430,0.39353892
937431,0.23657082
937432,0.1494743
937433,0.1436487
937434,0.14475422
937435,0.12530313
937436,0.11506563
937437,0.01922802
937438,0.063316636
937439,0.06155654
937440,0.06096433
937441,0.06121809
937442,0.06121809
937443,0.06121809
937444,0.06121809
937445,0.046681747
937446,0.27242738
937447,0.104785934
937448,0.09448227
937449,0.090543576
937450,0.08974677
937451,0.06761215
937452,0.07255268
937453,0.5923832
937454,0.6432002
937455,0.6877476
937456,0.6927339
937457,0.7001948
937458,0.6864466
937459,0.6927339
937460,0.6927339
937461,0.6927339
937462,0.6901809
937463,0.6862488
937464,0.68184745
937465,0.6768212
937466,0.6768212
937467,0.68060124
937468,0.67295426
937469,0.6603196
937470,0.46789825
937471,0.12822741
937472,0.02615671
937473,0.06978075
937474,0.062139515
937475,0.057508618
937476,0.019425042
937477,0.09154524
937478,0.08723191
937479,0.08356757
937480,0.08282657
937481,0.08216841
937482,0.08216841
937483,0.062041923
937484,0.019594854
937485,0.07868333
937486,0.08224885
937487,0.08598083
937488,0.08470092
937489,0.083509706
937490,0.08812471
937491,0.06539651
937492,0.21586573
937493,0.1166376
937494,0.104849875
937495,0.12580548
937496,0.027529504
937497,0.13524024
937498,0.13471903
937499,0.05914797
937500,0.13414992
937501,0.13414992
937502,0.12626056
937503,0.13414992
937504,0.13414992
937505,0.09391123
937506,0.20644572
937507,0.22459969
937508,0.1756793
937509,0.26978928
937510,0.016119359
937511,0.06461345
937512,0.063092686
937513,0.06811861
937514,0.0666143
937515,0.06612372
937516,0.06612372
937517,0.052691594
937518,0.04143315
937519,0.14422448
937520,0.12165096
937521,0.11659965
937522,0.11234442
937523,0.08830947
937524,0.052265294
937525,0.05166036
937526,0.050699636
937527,0.15990005
937528,0.054621864
937529,0.050687246
937530,0.04813193
937531,0.047676876
937532,0.03278217
937533,0.085557975
937534,0.014140012
937535,0.0756098
937536,0.07198781
937537,0.06811861
937538,0.067085095
937539,0.06612372
937540,0.0589674
937541,0.052691594
937542,0.19759332
937543,0.023542566
937544,0.057911087
937545,0.044221718
937546,0.026401173
937547,0.093123645
937548,0.082995676
937549,0.07619307
937550,0.11058504
937551,0.09350828
937552,0.056534134
937553,0.023268308
937554,0.0583014
937555,0.049653526
937556,0.047432754
937557,0.0649943
937558,0.025388338
937559,0.053118315
937560,0.052504048
937561,0.07169889
937562,0.264929
937563,0.27637166
937564,0.1397153
937565,0.13574255
937566,0.108806185
937567,0.51142955
937568,0.6413561
937569,0.6761234
937570,0.71438485
937571,0.73029685
937572,0.73029685
937573,0.73029685
937574,0.73029685
937575,0.73029685
937576,0.73029685
937577,0.7235533
937578,0.705554
937579,0.6983812
937580,0.6983812
937581,0.6983812
937582,0.69118375
937583,0.40362474
937584,0.03242456
937585,0.1934279
937586,0.19273241
937587,0.19813627
937588,0.19364366
937589,0.1978194
937590,0.19364366
937591,0.19364366
937592,0.19649239
937593,0.1924066
937594,0.18988267
937595,0.21189553
937596,0.10518536
937597,0.107413724
937598,0.27540183
937599,0.16456841
937600,0.16047591
937601,0.1580115
937602,0.15774617
937603,0.15774617
937604,0.15535058
937605,0.15774617
937606,0.11935042
937607,0.10607564
937608,0.6088124
937609,0.6378767
937610,0.6523121
937611,0.6716504
937612,0.6716504
937613,0.6716504
937614,0.6716504
937615,0.6716504
937616,0.6716504
937617,0.6598096
937618,0.64633447
937619,0.63152146
937620,0.42320532
937621,0.31992808
937622,0.4399828
937623,0.4469044
937624,0.45118275
937625,0.45544943
937626,0.45544943
937627,0.45544943
937628,0.4490901
937629,0.43787587
937630,0.47524056
937631,0.41428035
937632,0.037406713
937633,0.10518536
937634,0.10423975
937635,0.07233875
937636,0.05391725
937637,0.33222646
937638,0.29677007
937639,0.29013318
937640,0.30164593
937641,0.2805129
937642,0.1914172
937643,0.13283195
937644,0.1199381
937645,0.113807835
937646,0.113699704
937647,0.0872711
937648,0.037447598
937649,0.10746557
937650,0.10029287
937651,0.09141588
937652,0.095995754
937653,0.04418446
937654,0.032824587
937655,0.12919542
937656,0.11564458
937657,0.10763151
937658,0.12933038
937659,0.1245566
937660,0.02703371
937661,0.06757566
937662,0.057636335
937663,0.07859456
937664,0.24318308
937665,0.24999428
937666,0.082669675
937667,0.027064307
937668,0.025703155
937669,0.024748893
937670,0.026893435
937671,0.026893435
937672,0.04274589
937673,0.22555362
937674,0.094210394
937675,0.07278114
937676,0.05029367
937677,0.024858529
937678,0.08308866
937679,0.07090599
937680,0.16669054
937681,0.22734232
937682,0.24091262
937683,0.22733104
937684,0.2157701
937685,0.21623664
937686,0.15259631
937687,0.035613183
937688,0.23258759
937689,0.21465136
937690,0.19337544
937691,0.22852725
937692,0.12358846
937693,0.11915851
937694,0.10964961
937695,0.06902196
937696,0.07963372
937697,0.0546805
937698,0.05488228
937699,0.054936744
937700,0.04699155
937701,0.043375295
937702,0.17045003
937703,0.6057005
937704,0.5556544
937705,0.61023736
937706,0.6646165
937707,0.6807931
937708,0.68413657
937709,0.69928604
937710,0.6995982
937711,0.6995982
937712,0.6995982
937713,0.6996121
937714,0.6996121
937715,0.6982324
937716,0.6982324
937717,0.6982324
937718,0.6967769
937719,0.6967769
937720,0.65441734
937721,0.6887392
937722,0.6888488
937723,0.6841465
937724,0.6841465
937725,0.6841465
937726,0.68807137
937727,0.68565625
937728,0.6851986
937729,0.6796731
937730,0.6781585
937731,0.44325426
937732,0.09646132
937733,0.06233495
937734,0.476252
937735,0.50844264
937736,0.517647
937737,0.6387588
937738,0.3833779
937739,0.5197047
937740,0.5197047
937741,0.5197047
937742,0.5197047
937743,0.52463865
937744,0.5110076
937745,0.5056185
937746,0.50375
937747,0.50936174
937748,0.3524788
937749,0.06625456
937750,0.40411118
937751,0.38616192
937752,0.37661934
937753,0.6603543
937754,0.071463756
937755,0.37905434
937756,0.3617384
937757,0.38680214
937758,0.38632888
937759,0.564718
937760,0.38632888
937761,0.38632888
937762,0.38632888
937763,0.343703
937764,0.24420154
937765,0.2263682
937766,0.22961938
937767,0.23054427
937768,0.32840332
937769,0.22142036
937770,0.22142036
937771,0.22142036
937772,0.11296406
937773,0.28203607
937774,0.13767682
937775,0.1331112
937776,0.096633606
937777,0.057144385
937778,0.402231
937779,0.41368613
937780,0.41274223
937781,0.42895272
937782,0.21062887
937783,0.41259587
937784,0.31912884
937785,0.41259587
937786,0.41259587
937787,0.58722717
937788,0.3360233
937789,0.069433674
937790,0.54854333
937791,0.60842437
937792,0.64884436
937793,0.65593356
937794,0.65593356
937795,0.6603926
937796,0.6492744
937797,0.65593356
937798,0.65593356
937799,0.6532278
937800,0.64686877
937801,0.6438606
937802,0.6385523
937803,0.6385523
937804,0.63789594
937805,0.63695854
937806,0.4026899
937807,0.18731147
937808,0.612958
937809,0.675657
937810,0.79323363
937811,0.81419945
937812,0.83032167
937813,0.86057305
937814,0.86779475
937815,0.877266
937816,0.877266
937817,0.87759626
937818,0.87878054
937819,0.8793376
937820,0.87737054
937821,0.87737054
937822,0.8766264
937823,0.8766264
937824,0.87535685
937825,0.87557817
937826,0.8756339
937827,0.87273586
937828,0.87194365
937829,0.87194365
937830,0.87194365
937831,0.8635866
937832,0.8569754
937833,0.8569754
937834,0.8561216
937835,0.84984547
937836,0.84575224
937837,0.84575224
937838,0.84575224
937839,0.84575224
937840,0.81827503
937841,0.81827503
937842,0.63049096
937843,0.2278109
937844,0.20897397
937845,0.208237
937846,0.21398196
937847,0.21861129
937848,0.20281404
937849,0.21861129
937850,0.21861129
937851,0.22819324
937852,0.21861129
937853,0.21704113
937854,0.15298785
937855,0.073122054
937856,0.30855218
937857,0.2960507
937858,0.3976579
937859,0.3232333
937860,0.07949298
937861,0.5702994
937862,0.70726186
937863,0.6928263
937864,0.70390266
937865,0.70390266
937866,0.757508
937867,0.70421207
937868,0.70421207
937869,0.7103856
937870,0.7051184
937871,0.70483977
937872,0.70347387
937873,0.69863826
937874,0.7142062
937875,0.69718385
937876,0.7127961
937877,0.6864597
937878,0.6868963
937879,0.6817891
937880,0.4139868
937881,0.12806433
937882,0.56265783
937883,0.58410895
937884,0.6175438
937885,0.6783519
937886,0.6783519
937887,0.7486794
937888,0.6923609
937889,0.7427446
937890,0.67148495
937891,0.67548776
937892,0.6782796
937893,0.67684716
937894,0.6740488
937895,0.67684716
937896,0.6753365
937897,0.67651445
937898,0.6665296
937899,0.6623316
937900,0.6541415
937901,0.64038736
937902,0.6804992
937903,0.41896057
937904,0.03074259
937905,0.24591783
937906,0.25505042
937907,0.2692336
937908,0.25639138
937909,0.25639138
937910,0.25639138
937911,0.32083943
937912,0.2089921
937913,0.17453167
937914,0.028039634
937915,0.11791833
937916,0.10544305
937917,0.09996941
937918,0.12289729
937919,0.07549164
937920,0.03526889
937921,0.214698
937922,0.1999222
937923,0.19252256
937924,0.19961761
937925,0.1865095
937926,0.13540447
937927,0.23984578
937928,0.13977307
937929,0.11900728
937930,0.021919943
937931,0.099329114
937932,0.13228387
937933,0.089715965
937934,0.08838585
937935,0.08708585
937936,0.0803522
937937,0.06646707
937938,0.049640805
937939,0.22118509
937940,0.18225051
937941,0.09432879
937942,0.0486396
937943,0.048267607
937944,0.048652805
937945,0.04436947
937946,0.22641215
937947,0.12844707
937948,0.11748798
937949,0.13687037
937950,0.018820692
937951,0.08693933
937952,0.07269413
937953,0.06959391
937954,0.06853966
937955,0.0679866
937956,0.0679866
937957,0.05926009
937958,0.17592214
937959,0.024796436
937960,0.0486396
937961,0.048267607
937962,0.048652805
937963,0.04436947
937964,0.020090906
937965,0.0933364
937966,0.10781218
937967,0.10817699
937968,0.10734266
937969,0.10721524
937970,0.10721524
937971,0.09784229
937972,0.10734266
937973,0.078375615
937974,0.03702075
937975,0.13398059
937976,0.13807343
937977,0.12292417
937978,0.104622826
937979,0.014998663
937980,0.041726187
937981,0.041886672
937982,0.042802714
937983,0.042537395
937984,0.04265763
937985,0.038435683
937986,0.076700605
937987,0.326301
937988,0.19947909
937989,0.018546473
937990,0.04426173
937991,0.04392167
937992,0.044880148
937993,0.044602554
937994,0.03973836
937995,0.092728145
937996,0.018009508
937997,0.04602852
937998,0.045675535
937999,0.046670415
938000,0.045775265
938001,0.040788636
938002,0.2885961
938003,0.17626558
938004,0.1655549
938005,0.14910756
938006,0.16270858
938007,0.018009508
938008,0.04602852
938009,0.045675535
938010,0.046670415
938011,0.045775265
938012,0.040788636
938013,0.27960372
938014,0.03899816
938015,0.2589742
938016,0.27956215
938017,0.14571622
938018,0.13885702
938019,0.13190459
938020,0.13015024
938021,0.15080743
938022,0.4517308
938023,0.524056
938024,0.53439146
938025,0.53326696
938026,0.5281499
938027,0.5281499
938028,0.5276855
938029,0.5281499
938030,0.5281499
938031,0.5281499
938032,0.51927525
938033,0.27248463
938034,0.23365675
938035,0.100179166
938036,0.08504104
938037,0.47178325
938038,0.5017074
938039,0.28219953
938040,0.49941054
938041,0.49941054
938042,0.50166106
938043,0.49941054
938044,0.49941054
938045,0.49941054
938046,0.49051678
938047,0.4327367
938048,0.17364109
938049,0.19950932
938050,0.15077423
938051,0.08367466
938052,0.5320999
938053,0.563212
938054,0.56063616
938055,0.5577523
938056,0.5577523
938057,0.5572925
938058,0.5577523
938059,0.5599716
938060,0.5791734
938061,0.54895884
938062,0.53855085
938063,0.613862
938064,0.4553381
938065,0.25090367
938066,0.18818317
938067,0.17517035
938068,0.15202242
938069,0.1281831
938070,0.05498139
938071,0.15095195
938072,0.14992073
938073,0.15658903
938074,0.24596232
938075,0.20788638
938076,0.21270269
938077,0.21333757
938078,0.25590506
938079,0.25590506
938080,0.25590506
938081,0.25104743
938082,0.25104743
938083,0.18996297
938084,0.03385139
938085,0.31111124
938086,0.3034784
938087,0.3027397
938088,0.3199292
938089,0.31583333
938090,0.31583333
938091,0.31583333
938092,0.26416323
938093,0.08547953
938094,0.2145962
938095,0.20389366
938096,0.16849558
938097,0.11336986
938098,0.036801104
938099,0.033378698
938100,0.03148898
938101,0.035828598
938102,0.25817993
938103,0.078238346
938104,0.05040292
938105,0.050018147
938106,0.047181282
938107,0.029784888
938108,0.042532288
938109,0.024576958
938110,0.049983855
938111,0.05916247
938112,0.21949662
938113,0.15047732
938114,0.12236707
938115,0.12635319
938116,0.0144787105
938117,0.030348595
938118,0.027761117
938119,0.026732545
938120,0.0297493
938121,0.028421855
938122,0.036709644
938123,0.10596441
938124,0.106044985
938125,0.013746024
938126,0.03291316
938127,0.03277137
938128,0.033916146
938129,0.037433285
938130,0.037433285
938131,0.037433285
938132,0.037433285
938133,0.037433285
938134,0.033950847
938135,0.01290127
938136,0.026357438
938137,0.017290022
938138,0.023002498
938139,0.024999583
938140,0.021849468
938141,0.2726157
938142,0.31006643
938143,0.1676768
938144,0.15173708
938145,0.06601674
938146,0.055816807
938147,0.041695874
938148,0.05324753
938149,0.03590426
938150,0.3145725
938151,0.2956334
938152,0.21400383
938153,0.032138
938154,0.061275885
938155,0.15520954
938156,0.116850495
938157,0.11987688
938158,0.12411554
938159,0.12901935
938160,0.12901935
938161,0.12901935
938162,0.12901935
938163,0.12901935
938164,0.12901935
938165,0.09617147
938166,0.025970712
938167,0.30202597
938168,0.29764315
938169,0.28537506
938170,0.28438026
938171,0.26836893
938172,0.2664421
938173,0.08820867
938174,0.051557668
938175,0.051378325
938176,0.032670587
938177,0.037183233
938178,0.10604305
938179,0.101273246
938180,0.087654576
938181,0.051730894
938182,0.04716176
938183,0.33696762
938184,0.34347776
938185,0.35433143
938186,0.36009118
938187,0.36009118
938188,0.36009118
938189,0.36009118
938190,0.36009118
938191,0.36009118
938192,0.34529138
938193,0.31094328
938194,0.026295543
938195,0.123718075
938196,0.12689678
938197,0.1313466
938198,0.1364916
938199,0.1364916
938200,0.1364916
938201,0.1364916
938202,0.1364916
938203,0.1364916
938204,0.15682225
938205,0.25071272
938206,0.10583912
938207,0.08368882
938208,0.052102607
938209,0.11429461
938210,0.11704192
938211,0.114863865
938212,0.01849619
938213,0.097406186
938214,0.09416584
938215,0.09075227
938216,0.08899538
938217,0.08716182
938218,0.060531177
938219,0.029970985
938220,0.11429461
938221,0.11704192
938222,0.114863865
938223,0.01849619
938224,0.097406186
938225,0.09416584
938226,0.09075227
938227,0.08899538
938228,0.08716182
938229,0.060531177
938230,0.029970985
938231,0.11429461
938232,0.11704192
938233,0.114863865
938234,0.01849619
938235,0.097406186
938236,0.09416584
938237,0.09075227
938238,0.08899538
938239,0.08716182
938240,0.13614272
938241,0.029716479
938242,0.11340776
938243,0.1216553
938244,0.15575741
938245,0.26666978
938246,0.031240288
938247,0.11442759
938248,0.10648869
938249,0.08722132
938250,0.027814498
938251,0.12404608
938252,0.11279102
938253,0.106981546
938254,0.106056966
938255,0.15606563
938256,0.18902752
938257,0.103084564
938258,0.09728827
938259,0.090392694
938260,0.09280291
938261,0.13761826
938262,0.47002354
938263,0.37379894
938264,0.37028095
938265,0.25661165
938266,0.36360446
938267,0.25856096
938268,0.36003363
938269,0.30761167
938270,0.061766602
938271,0.45089397
938272,0.4626623
938273,0.62970346
938274,0.44398904
938275,0.45991188
938276,0.46754274
938277,0.64147043
938278,0.45991188
938279,0.45991188
938280,0.45108765
938281,0.37428457
938282,0.26825914
938283,0.15187246
938284,0.14036168
938285,0.13334553
938286,0.13222684
938287,0.093336605
938288,0.28712854
938289,0.27049705
938290,0.2828691
938291,0.28469062
938292,0.28751546
938293,0.28751546
938294,0.28751546
938295,0.28751546
938296,0.28751546
938297,0.28751546
938298,0.28563133
938299,0.27684516
938300,0.26508614
938301,0.26363254
938302,0.26363254
938303,0.26155573
938304,0.15804575
938305,0.10795627
938306,0.37282762
938307,0.08993399
938308,0.05476879
938309,0.09068747
938310,0.5975161
938311,0.6329922
938312,0.6992836
938313,0.7063703
938314,0.7063703
938315,0.7063703
938316,0.7063703
938317,0.7063703
938318,0.7063703
938319,0.69682556
938320,0.6852063
938321,0.67896485
938322,0.67241335
938323,0.67241335
938324,0.6646491
938325,0.54256433
938326,0.025329009
938327,0.11501519
938328,0.10594899
938329,0.10101692
938330,0.09908297
938331,0.06743778
938332,0.027476622
938333,0.09848958
938334,0.09777551
938335,0.09960266
938336,0.09969682
938337,0.082085855
938338,0.021962343
938339,0.10399074
938340,0.10055576
938341,0.09584784
938342,0.0940025
938343,0.09151189
938344,0.15315874
938345,0.039363343
938346,0.10505003
938347,0.104293905
938348,0.0871613
938349,0.039363343
938350,0.10505003
938351,0.104293905
938352,0.0871613
938353,0.047032453
938354,0.08639001
938355,0.031026565
938356,0.08663034
938357,0.08599405
938358,0.085344635
938359,0.070164554
938360,0.038382556
938361,0.30744356
938362,0.328015
938363,0.3573022
938364,0.38555956
938365,0.38625824
938366,0.38625824
938367,0.38625824
938368,0.38625824
938369,0.38625824
938370,0.37953463
938371,0.37519193
938372,0.29346198
938373,0.28006446
938374,0.23843291
938375,0.017134603
938376,0.069267415
938377,0.069526136
938378,0.06991177
938379,0.06949062
938380,0.06968149
938381,0.06968149
938382,0.06040286
938383,0.23211806
938384,0.028989976
938385,0.078817435
938386,0.07363094
938387,0.029885676
938388,0.08019856
938389,0.07960541
938390,0.0961041
938391,0.5931888
938392,0.64802796
938393,0.68456066
938394,0.7278562
938395,0.75531226
938396,0.75531226
938397,0.75531226
938398,0.75531226
938399,0.75531226
938400,0.75531226
938401,0.75105965
938402,0.73565716
938403,0.73167795
938404,0.73167795
938405,0.73167795
938406,0.7244343
938407,0.7244343
938408,0.44261006
938409,0.25501782
938410,0.08026375
938411,0.30498114
938412,0.279342
938413,0.272505
938414,0.23953523
938415,0.27356473
938416,0.26156908
938417,0.20770222
938418,0.21578297
938419,0.21846452
938420,0.22233264
938421,0.22233264
938422,0.22233264
938423,0.22233264
938424,0.1909229
938425,0.03624562
938426,0.22466774
938427,0.2297601
938428,0.23656738
938429,0.23620713
938430,0.23620713
938431,0.23620713
938432,0.23620713
938433,0.23620713
938434,0.15910962
938435,0.30249164
938436,0.07914595
938437,0.2804952
938438,0.2646718
938439,0.24598645
938440,0.2418365
938441,0.055497713
938442,0.19054052
938443,0.18929917
938444,0.18705298
938445,0.18853118
938446,0.14902282
938447,0.047557883
938448,0.18403263
938449,0.15021479
938450,0.0782269
938451,0.22297907
938452,0.047557883
938453,0.18403263
938454,0.19407997
938455,0.37996268
938456,0.24445796
938457,0.25984472
938458,0.28191984
938459,0.31223196
938460,0.31223196
938461,0.30369732
938462,0.30369732
938463,0.30369732
938464,0.29715928
938465,0.28021038
938466,0.27625597
938467,0.46382642
938468,0.07857828
938469,0.095649816
938470,0.050908774
938471,0.034656405
938472,0.10027052
938473,0.09954501
938474,0.0858826
938475,0.25693977
938476,0.12571946
938477,0.033243876
938478,0.10027052
938479,0.09954501
938480,0.100069545
938481,0.08570043
938482,0.029082038
938483,0.13675895
938484,0.12451437
938485,0.11818156
938486,0.117172815
938487,0.14894868
938488,0.02688324
938489,0.09709414
938490,0.09638911
938491,0.09797067
938492,0.09806347
938493,0.10280014
938494,0.12885258
938495,0.103336535
938496,0.10259138
938497,0.08741818
938498,0.049295764
938499,0.25769576
938500,0.26464498
938501,0.23842633
938502,0.23610969
938503,0.2446218
938504,0.24177556
938505,0.18220414
938506,0.10962468
938507,0.5570418
938508,0.6260294
938509,0.7307429
938510,0.7636066
938511,0.7730864
938512,0.7853085
938513,0.787725
938514,0.787725
938515,0.787725
938516,0.7907528
938517,0.7907528
938518,0.78846395
938519,0.78846395
938520,0.78846395
938521,0.7862252
938522,0.7862252
938523,0.7773572
938524,0.7811044
938525,0.7811918
938526,0.7755228
938527,0.7742821
938528,0.7742821
938529,0.7742821
938530,0.76859355
938531,0.7682159
938532,0.7701055
938533,0.76887304
938534,0.4789386
938535,0.28057438
938536,0.16176692
938537,0.14844912
938538,0.10487507
938539,0.07761409
938540,0.2766151
938541,0.034372006
938542,0.15870647
938543,0.14676736
938544,0.13948298
938545,0.13832101
938546,0.095787935
938547,0.100820534
938548,0.032163948
938549,0.028906101
938550,0.029280234
938551,0.045260344
938552,0.16642162
938553,0.15279046
938554,0.10810383
938555,0.011009748
938556,0.024977714
938557,0.023718946
938558,0.02076726
938559,0.025272813
938560,0.025272813
938561,0.025272813
938562,0.024043353
938563,0.06708209
938564,0.011009748
938565,0.024977714
938566,0.023718946
938567,0.022836624
938568,0.025272813
938569,0.025272813
938570,0.025272813
938571,0.024043353
938572,0.020822808
938573,0.033318203
938574,0.03886875
938575,0.25345826
938576,0.16526109
938577,0.12289776
938578,0.057678774
938579,0.17708333
938580,0.17643376
938581,0.1769847
938582,0.1766942
938583,0.1766942
938584,0.1766942
938585,0.1766942
938586,0.16560669
938587,0.121649444
938588,0.4559842
938589,0.41199374
938590,0.4455757
938591,0.46478656
938592,0.47257096
938593,0.59189963
938594,0.47257096
938595,0.59189963
938596,0.47257096
938597,0.49262983
938598,0.4621546
938599,0.45756376
938600,0.31402996
938601,0.030576121
938602,0.14646566
938603,0.14184979
938604,0.13477091
938605,0.1336421
938606,0.13186172
938607,0.12722683
938608,0.17357667
938609,0.038759064
938610,0.1474803
938611,0.13333786
938612,0.12427099
938613,0.12229022
938614,0.0787011
938615,0.5560364
938616,0.64074445
938617,0.5087342
938618,0.69855183
938619,0.69855183
938620,0.71257746
938621,0.67739785
938622,0.6988644
938623,0.72028357
938624,0.6997802
938625,0.6898635
938626,0.6981186
938627,0.6932337
938628,0.7132086
938629,0.6917648
938630,0.6965311
938631,0.6826461
938632,0.6826461
938633,0.7303779
938634,0.66420007
938635,0.41549993
938636,0.1018571
938637,0.5529485
938638,0.6707479
938639,0.72187954
938640,0.74873936
938641,0.72516656
938642,0.72516656
938643,0.7254624
938644,0.74493474
938645,0.7505594
938646,0.74576145
938647,0.7498325
938648,0.7445163
938649,0.74010277
938650,0.74010277
938651,0.75313926
938652,0.73877364
938653,0.7273458
938654,0.7281494
938655,0.72263193
938656,0.7103957
938657,0.7089301
938658,0.7089301
938659,0.45819747
938660,0.18584718
938661,0.14539321
938662,0.13142003
938663,0.09822889
938664,0.04048664
938665,0.45083368
938666,0.49286953
938667,0.5122356
938668,0.5200425
938669,0.5200425
938670,0.5200425
938671,0.5200425
938672,0.5200425
938673,0.5200425
938674,0.50959074
938675,0.3862353
938676,0.3741025
938677,0.2323812
938678,0.038271826
938679,0.134983
938680,0.12186764
938681,0.090836704
938682,0.06848199
938683,0.4179268
938684,0.4852372
938685,0.55966526
938686,0.5673542
938687,0.60399085
938688,0.5673542
938689,0.5673542
938690,0.5673542
938691,0.5673542
938692,0.5661652
938693,0.56346893
938694,0.56023335
938695,0.554541
938696,0.554541
938697,0.55283636
938698,0.55283636
938699,0.376233
938700,0.13086386
938701,0.038271826
938702,0.11835546
938703,0.107700706
938704,0.101621345
938705,0.01631028
938706,0.04677492
938707,0.046230428
938708,0.04640256
938709,0.04615395
938710,0.039017662
938711,0.03703067
938712,0.05816139
938713,0.26339972
938714,0.19525729
938715,0.20203604
938716,0.2104422
938717,0.21616183
938718,0.21616183
938719,0.21616183
938720,0.21616183
938721,0.21616183
938722,0.21616183
938723,0.2132198
938724,0.21013565
938725,0.19375421
938726,0.19375421
938727,0.13948737
938728,0.15863876
938729,0.27734613
938730,0.12861635
938731,0.13190196
938732,0.13233621
938733,0.14290585
938734,0.16476485
938735,0.16476485
938736,0.166431
938737,0.166431
938738,0.1221248
938739,0.0898764
938740,0.39513835
938741,0.47206536
938742,0.59076506
938743,0.61960554
938744,0.65641254
938745,0.69267684
938746,0.69573194
938747,0.69573194
938748,0.69573194
938749,0.6978379
938750,0.6978379
938751,0.6970552
938752,0.64208716
938753,0.64208716
938754,0.64050025
938755,0.64050025
938756,0.61551136
938757,0.6118413
938758,0.5938531
938759,0.5733211
938760,0.5715802
938761,0.5779652
938762,0.5779652
938763,0.5700762
938764,0.5467141
938765,0.54391325
938766,0.2739034
938767,0.16712022
938768,0.021638943
938769,0.09311432
938770,0.090002544
938771,0.08750418
938772,0.08641169
938773,0.08382408
938774,0.08382408
938775,0.08382408
938776,0.14772609
938777,0.30205184
938778,0.11023933
938779,0.05019709
938780,0.04961484
938781,0.062358357
938782,0.26868936
938783,0.22007594
938784,0.07603449
938785,0.067626506
938786,0.054676577
938787,0.023825018
938788,0.07688631
938789,0.068391114
938790,0.047558285
938791,0.098830715
938792,0.23416787
938793,0.28651288
938794,0.13931334
938795,0.173846
938796,0.10499275
938797,0.101203986
938798,0.38678384
938799,0.5277891
938800,0.57355034
938801,0.6021105
938802,0.6103495
938803,0.6103495
938804,0.6103495
938805,0.6107026
938806,0.6107026
938807,0.6107026
938808,0.61202395
938809,0.6117057
938810,0.6084282
938811,0.6084282
938812,0.6084282
938813,0.6042216
938814,0.6042216
938815,0.59385264
938816,0.59385264
938817,0.5805192
938818,0.5657807
938819,0.31258667
938820,0.1353413
938821,0.21546441
938822,0.07880816
938823,0.07751962
938824,0.52516335
938825,0.50756824
938826,0.5940856
938827,0.602381
938828,0.5115783
938829,0.5115783
938830,0.5115783
938831,0.5115783
938832,0.54889107
938833,0.5499127
938834,0.54958105
938835,0.62471056
938836,0.54316986
938837,0.4664683
938838,0.5387936
938839,0.5387936
938840,0.5280494
938841,0.52418995
938842,0.3742525
938843,0.31338525
938844,0.2691912
938845,0.0585133
938846,0.019778138
938847,0.092311576
938848,0.09231578
938849,0.09260673
938850,0.092979155
938851,0.092979155
938852,0.092979155
938853,0.092979155
938854,0.064853214
938855,0.04386728
938856,0.24488749
938857,0.012924749
938858,0.048092492
938859,0.0454301
938860,0.04073548
938861,0.0415045
938862,0.048530634
938863,0.040486086
938864,0.024708029
938865,0.08684314
938866,0.07970115
938867,0.0767699
938868,0.09291121
938869,0.012472333
938870,0.045919843
938871,0.04337225
938872,0.038881615
938873,0.03928956
938874,0.04595872
938875,0.038323324
938876,0.09274435
938877,0.07782224
938878,0.07992929
938879,0.080208234
938880,0.08085754
938881,0.08085754
938882,0.08085754
938883,0.08085754
938884,0.08434796
938885,0.07216148
938886,0.23533663
938887,0.100989655
938888,0.09551066
938889,0.092875
938890,0.09270701
938891,0.07246393
938892,0.09270701
938893,0.09270701
938894,0.08574542
938895,0.012472333
938896,0.045919843
938897,0.04337225
938898,0.038881615
938899,0.03928956
938900,0.04595872
938901,0.038323324
938902,0.027869176
938903,0.063009545
938904,0.019852407
938905,0.09343574
938906,0.089042075
938907,0.08433955
938908,0.08359233
938909,0.0824153
938910,0.06255345
938911,0.019941539
938912,0.05295351
938913,0.06530462
938914,0.32966718
938915,0.020451352
938916,0.10180222
938917,0.08979216
938918,0.08606708
938919,0.08530599
938920,0.09814812
938921,0.10318935
938922,0.20766503
938923,0.019443853
938924,0.098898195
938925,0.09561348
938926,0.09111351
938927,0.08935031
938928,0.08697113
938929,0.062078618
938930,0.16808693
938931,0.30386975
938932,0.32388923
938933,0.29821816
938934,0.31596988
938935,0.28106433
938936,0.30755132
938937,0.30755132
938938,0.20258349
938939,0.019015737
938940,0.098898195
938941,0.09561348
938942,0.09111351
938943,0.08935031
938944,0.08697113
938945,0.08611271
938946,0.06144935
938947,0.038729466
938948,0.034143936
938949,0.3155022
938950,0.24096856
938951,0.02241158
938952,0.101648495
938953,0.09445392
938954,0.091030955
938955,0.0892692
938956,0.1345455
938957,0.012365043
938958,0.020168515
938959,0.017950643
938960,0.017279103
938961,0.018788835
938962,0.018218502
938963,0.015915941
938964,0.023835106
938965,0.021028835
938966,0.019823957
938967,0.022611095
938968,0.009270338
938969,0.017119922
938970,0.01625057
938971,0.015641615
938972,0.012974093
938973,0.017323839
938974,0.017323839
938975,0.01672937
938976,0.29840544
938977,0.012184195
938978,0.019805042
938979,0.017626422
938980,0.016966801
938981,0.018788835
938982,0.018218502
938983,0.0094811665
938984,0.017119922
938985,0.01625057
938986,0.015641615
938987,0.017323839
938988,0.017323839
938989,0.01672937
938990,0.17621212
938991,0.05774684
938992,0.052541066
938993,0.046194844
938994,0.04386677
938995,0.009335472
938996,0.016483698
938997,0.016363936
938998,0.015750794
938999,0.01744456
939000,0.01744456
939001,0.01744456
939002,0.02584699
939003,0.011470678
939004,0.045243174
939005,0.04273144
939006,0.0383045
939007,0.038706634
939008,0.042655706
939009,0.042655706
939010,0.049852964
939011,0.10029222
939012,0.035940673
939013,0.01740818
939014,0.017024662
939015,0.01438627
939016,0.017955638
939017,0.018148122
939018,0.017431628
939019,0.12028509
939020,0.056619957
939021,0.054490305
939022,0.1813274
939023,0.16895838
939024,0.16534236
939025,0.016783742
939026,0.035111796
939027,0.034960873
939028,0.03695496
939029,0.04079715
939030,0.04079715
939031,0.04079715
939032,0.037635256
939033,0.044519145
939034,0.046491385
939035,0.042007703
939036,0.018628735
939037,0.068072096
939038,0.06318732
939039,0.05676684
939040,0.05735124
939041,0.049183477
939042,0.011707682
939043,0.020897744
939044,0.019668914
939045,0.017594727
939046,0.021276487
939047,0.021304207
939048,0.01316307
939049,0.021304207
939050,0.037075944
939051,0.024762917
939052,0.07261575
939053,0.066841185
939054,0.054837544
939055,0.013467958
939056,0.026646921
939057,0.026071368
939058,0.017569186
939059,0.030350931
939060,0.030350931
939061,0.030350931
939062,0.030884072
939063,0.033152837
939064,0.018894006
939065,0.060320243
939066,0.07662717
939067,0.23335598
939068,0.011558214
939069,0.016629148
939070,0.01846911
939071,0.01725652
939072,0.019685982
939073,0.01424571
939074,0.01890994
939075,0.13152316
939076,0.025232144
939077,0.11345129
939078,0.10822877
939079,0.10262711
939080,0.08971575
939081,0.08900816
939082,0.06732923
939083,0.13800673
939084,0.16470107
939085,0.14872748
939086,0.12533195
939087,0.035763793
939088,0.10801347
939089,0.10705997
939090,0.102342814
939091,0.082356215
939092,0.13764039
939093,0.0399827
939094,0.12266282
939095,0.10883513
939096,0.09406364
939097,0.054040298
939098,0.35177666
939099,0.38752764
939100,0.45832735
939101,0.47626188
939102,0.47626188
939103,0.47626188
939104,0.48135653
939105,0.49659643
939106,0.49659643
939107,0.46282843
939108,0.4882408
939109,0.4850335
939110,0.4850335
939111,0.4762471
939112,0.47452664
939113,0.47452664
939114,0.4699224
939115,0.28533456
939116,0.21272117
939117,0.14377698
939118,0.019164464
939119,0.09432689
939120,0.09291454
939121,0.09426908
939122,0.09250317
939123,0.09353076
939124,0.09250317
939125,0.09250317
939126,0.09956762
939127,0.07320261
939128,0.3565721
939129,0.18230225
939130,0.15425257
939131,0.10379164
939132,0.10304353
939133,0.10191243
939134,0.091905
939135,0.024361327
939136,0.11275474
939137,0.112441584
939138,0.11676613
939139,0.11485804
939140,0.11441877
939141,0.11441877
939142,0.11428408
939143,0.11953654
939144,0.06637366
939145,0.085778326
939146,0.031547673
939147,0.11491249
939148,0.11857527
939149,0.12023404
939150,0.053903468
939151,0.1265168
939152,0.049298353
939153,0.049298353
939154,0.05272252
939155,0.02430812
939156,0.11094295
939157,0.1105034
939158,0.11676613
939159,0.11656048
939160,0.11799056
939161,0.11441877
939162,0.11441877
939163,0.122930184
939164,0.122930184
939165,0.08331286
939166,0.013714699
939167,0.040598173
939168,0.040754497
939169,0.041560818
939170,0.041986216
939171,0.0424615
939172,0.07149817
939173,0.062380113
939174,0.016045228
939175,0.075218454
939176,0.07102715
939177,0.06901558
939178,0.068887465
939179,0.06977888
939180,0.06977888
939181,0.06977888
939182,0.05604732
939183,0.0197477
939184,0.08677642
939185,0.0876803
939186,0.088950485
939187,0.09048544
939188,0.09145732
939189,0.09145732
939190,0.09145732
939191,0.08544205
939192,0.016045228
939193,0.075218454
939194,0.07102715
939195,0.06901558
939196,0.068887465
939197,0.06977888
939198,0.08739455
939199,0.06977888
939200,0.05604732
939201,0.24869469
939202,0.1361506
939203,0.12502031
939204,0.04261299
939205,0.23498897
939206,0.24368855
939207,0.26378334
939208,0.096548624
939209,0.097578645
939210,0.09634746
939211,0.09634746
939212,0.09649567
939213,0.09649567
939214,0.08850277
939215,0.017900035
939216,0.08920845
939217,0.08884642
939218,0.089153476
939219,0.08899155
939220,0.09011794
939221,0.09011794
939222,0.09011794
939223,0.09701971
939224,0.06596417
939225,0.043715402
939226,0.1361506
939227,0.13510835
939228,0.023034189
939229,0.043482687
939230,0.04314837
939231,0.04691034
939232,0.2168572
939233,0.08041292
939234,0.07768924
939235,0.07263581
939236,0.069937296
939237,0.06738666
939238,0.05500146
939239,0.021108564
939240,0.08327603
939241,0.05397254
939242,0.06774617
939243,0.06593743
939244,0.051325038
939245,0.02064465
939246,0.09079719
939247,0.08277526
939248,0.07741877
939249,0.07455685
939250,0.119943276
939251,0.025615009
939252,0.08818074
939253,0.07658595
939254,0.06978192
939255,0.05989408
939256,0.08528305
939257,0.043737408
939258,0.04340121
939259,0.043744776
939260,0.041374817
939261,0.016391104
939262,0.064408354
939263,0.06617829
939264,0.06641271
939265,0.06758759
939266,0.06833201
939267,0.06833201
939268,0.06833201
939269,0.07132368
939270,0.064314745
939271,0.03786522
939272,0.06311125
939273,0.21917377
939274,0.17849237
939275,0.1741258
939276,0.21599545
939277,0.16704825
939278,0.16704825
939279,0.16704825
939280,0.21032177
939281,0.1476732
939282,0.11206916
939283,0.46076337
939284,0.5079047
939285,0.67411333
939286,0.6115679
939287,0.6355418
939288,0.6683548
939289,0.67254394
939290,0.70071125
939291,0.70071125
939292,0.7111244
939293,0.7111244
939294,0.7128059
939295,0.7128059
939296,0.6848751
939297,0.7757345
939298,0.7424598
939299,0.7510303
939300,0.7605074
939301,0.7530648
939302,0.7530648
939303,0.7517397
939304,0.7517397
939305,0.75389457
939306,0.7470286
939307,0.76658875
939308,0.7360126
939309,0.7360126
939310,0.6978899
939311,0.7299592
939312,0.7299592
939313,0.76741576
939314,0.76741576
939315,0.7471394
939316,0.7471394
939317,0.70363367
939318,0.70363367
939319,0.69339305
939320,0.69339305
939321,0.69339305
939322,0.69475466
939323,0.69475466
939324,0.69475466
939325,0.69475466
939326,0.6910125
939327,0.68955535
939328,0.6253504
939329,0.6910125
939330,0.68756
939331,0.68756
939332,0.61357296
939333,0.68756
939334,0.68756
939335,0.6190559
939336,0.6680974
939337,0.6578505
939338,0.65902036
939339,0.4843568
939340,0.26759326
939341,0.12979154
939342,0.1256238
939343,0.11911251
939344,0.11995208
939345,0.11460661
939346,0.08799903
939347,0.060531113
939348,0.32144275
939349,0.35244668
939350,0.40314913
939351,0.42744794
939352,0.42744794
939353,0.42744794
939354,0.43097374
939355,0.43097374
939356,0.43097374
939357,0.43544316
939358,0.43511382
939359,0.43350294
939360,0.43350294
939361,0.43350294
939362,0.41753247
939363,0.40641373
939364,0.36846524
939365,0.36487046
939366,0.32420757
939367,0.29824588
939368,0.22516286
939369,0.25779483
939370,0.06103505
939371,0.32501572
939372,0.38326636
939373,0.52520853
939374,0.565795
939375,0.59198177
939376,0.64710844
939377,0.6503879
939378,0.6503879
939379,0.6503879
939380,0.65451545
939381,0.65451545
939382,0.65303135
939383,0.65303135
939384,0.65303135
939385,0.65146667
939386,0.65146667
939387,0.61812615
939388,0.61446553
939389,0.592424
939390,0.5657936
939391,0.56404525
939392,0.56404525
939393,0.56404525
939394,0.5560959
939395,0.532597
939396,0.532597
939397,0.2337331
939398,0.23144075
939399,0.12419323
939400,0.10621489
939401,0.048920102
939402,0.22516054
939403,0.23568675
939404,0.26253214
939405,0.27559853
939406,0.27559853
939407,0.27559853
939408,0.27559853
939409,0.27559853
939410,0.27559853
939411,0.27597418
939412,0.27074522
939413,0.26110345
939414,0.26110345
939415,0.26110345
939416,0.25977474
939417,0.25977474
939418,0.21717742
939419,0.12919
939420,0.15667233
939421,0.105183445
939422,0.10072288
939423,0.3095567
939424,0.17007521
939425,0.15863809
939426,0.14991413
939427,0.14868028
939428,0.1106549
939429,0.16913694
939430,0.09234723
939431,0.031878505
939432,0.10501753
939433,0.09919814
939434,0.09810639
939435,0.09907167
939436,0.084646545
939437,0.028466124
939438,0.16116445
939439,0.18782894
939440,0.18316162
939441,0.18286322
939442,0.18286322
939443,0.18286322
939444,0.18286322
939445,0.13497661
939446,0.019002164
939447,0.08512251
939448,0.081084795
939449,0.07435797
939450,0.07555789
939451,0.074484795
939452,0.055522192
939453,0.030275347
939454,0.13660225
939455,0.14005908
939456,0.14051583
939457,0.1427749
939458,0.15005761
939459,0.15286162
939460,0.16385263
939461,0.16385263
939462,0.1511705
939463,0.037916884
939464,0.1840337
939465,0.1705756
939466,0.15890151
939467,0.16001098
939468,0.17229986
939469,0.22256303
939470,0.10408502
939471,0.08269667
939472,0.017993787
939473,0.081702866
939474,0.076388136
939475,0.07314796
939476,0.07249204
939477,0.071459115
939478,0.071459115
939479,0.054082055
939480,0.025099302
939481,0.10408502
939482,0.11883576
939483,0.018933654
939484,0.08941423
939485,0.0845042
939486,0.08214469
939487,0.08199436
939488,0.08199436
939489,0.08199436
939490,0.08199436
939491,0.06478465
939492,0.17365295
939493,0.08444924
939494,0.048904598
939495,0.04853068
939496,0.04592198
939497,0.28679782
939498,0.3482962
939499,0.358118
939500,0.5532555
939501,0.6650447
939502,0.7110861
939503,0.6432641
939504,0.6465598
939505,0.6465598
939506,0.6465598
939507,0.65070826
939508,0.65070826
939509,0.6498904
939510,0.68018955
939511,0.6498904
939512,0.6753186
939513,0.75828165
939514,0.7325144
939515,0.6603738
939516,0.65824914
939517,0.6896301
939518,0.67252505
939519,0.664512
939520,0.71147853
939521,0.67492634
939522,0.63111085
939523,0.70670664
939524,0.64262456
939525,0.6219799
939526,0.36380038
939527,0.018248672
939528,0.08278412
939529,0.07884777
939530,0.07412514
939531,0.07346115
939532,0.0724155
939533,0.0724155
939534,0.054819603
939535,0.014546423
939536,0.047996406
939537,0.048179787
939538,0.049692884
939539,0.050218545
939540,0.050218545
939541,0.050218545
939542,0.04793205
939543,0.060550038
939544,0.29066125
939545,0.361695
939546,0.5340627
939547,0.5840869
939548,0.6004354
939549,0.64074934
939550,0.6311301
939551,0.6311301
939552,0.6311301
939553,0.6353576
939554,0.6353576
939555,0.634524
939556,0.634524
939557,0.634524
939558,0.63292277
939559,0.63292277
939560,0.6263054
939561,0.6263054
939562,0.62408894
939563,0.60985243
939564,0.60135573
939565,0.60135573
939566,0.60135573
939567,0.5935966
939568,0.59308445
939569,0.5869168
939570,0.3718102
939571,0.033111524
939572,0.23970306
939573,0.2553114
939574,0.26192543
939575,0.2749728
939576,0.2749728
939577,0.27028862
939578,0.2749728
939579,0.28556514
939580,0.28556514
939581,0.2836887
939582,0.281893
939583,0.2710849
939584,0.1807541
939585,0.018216984
939586,0.048587244
939587,0.048215628
939588,0.049066328
939589,0.049585707
939590,0.04407758
939591,0.03460117
939592,0.2790169
939593,0.30730397
939594,0.33852085
939595,0.3415919
939596,0.3415919
939597,0.3415919
939598,0.3633695
939599,0.35349926
939600,0.37949136
939601,0.351396
939602,0.34938076
939603,0.36076498
939604,0.36076498
939605,0.21481737
939606,0.01475035
939607,0.048646152
939608,0.04883189
939609,0.049692884
939610,0.050218545
939611,0.050218545
939612,0.050218545
939613,0.04793205
939614,0.018248672
939615,0.10779663
939616,0.07884777
939617,0.07412514
939618,0.10607281
939619,0.09619139
939620,0.0724155
939621,0.054819603
939622,0.02624193
939623,0.14847597
939624,0.16050921
939625,0.16521217
939626,0.17656888
939627,0.17656888
939628,0.17656888
939629,0.17656888
939630,0.17656888
939631,0.17656888
939632,0.175233
939633,0.17395708
939634,0.13259119
939635,0.024476694
939636,0.13152619
939637,0.17281565
939638,0.13191254
939639,0.17586002
939640,0.13168417
939641,0.17350559
939642,0.13168417
939643,0.13780595
939644,0.13997583
939645,0.096647896
939646,0.044464666
939647,0.11125189
939648,0.11393535
939649,0.12459961
939650,0.1124419
939651,0.21019831
939652,0.12725535
939653,0.16224271
939654,0.116808176
939655,0.12169718
939656,0.1200539
939657,0.1200539
939658,0.16729397
939659,0.22189629
939660,0.10408502
939661,0.13196163
939662,0.036656413
939663,0.122756034
939664,0.026764138
939665,0.11125189
939666,0.11393535
939667,0.12459961
939668,0.1124419
939669,0.25140446
939670,0.17296353
939671,0.16870439
939672,0.16441607
939673,0.16414209
939674,0.16414209
939675,0.16414209
939676,0.16414209
939677,0.112559795
939678,0.025763415
939679,0.11832361
939680,0.1187422
939681,0.12979041
939682,0.13360201
939683,0.13360201
939684,0.19495721
939685,0.038862262
939686,0.37101296
939687,0.377806
939688,0.38910156
939689,0.39508072
939690,0.39508072
939691,0.39508072
939692,0.39508072
939693,0.39508072
939694,0.39508072
939695,0.37801963
939696,0.22821504
939697,0.049473077
939698,0.19432765
939699,0.20515063
939700,0.10659738
939701,0.10006989
939702,0.20979133
939703,0.09071271
939704,0.086434886
939705,0.10053824
939706,0.10529051
939707,0.07943705
939708,0.059935898
939709,0.044642214
939710,0.10747443
939711,0.029576384
939712,0.17202705
939713,0.22356398
939714,0.176347
939715,0.24021518
939716,0.18224187
939717,0.23574196
939718,0.18224187
939719,0.19019917
939720,0.19848846
939721,0.19572689
939722,0.18605345
939723,0.27488637
939724,0.12672201
939725,0.11406075
939726,0.07766225
939727,0.25908932
939728,0.24197519
939729,0.026358921
939730,0.12996078
939731,0.13154681
939732,0.1324453
939733,0.13087219
939734,0.12927295
939735,0.12927295
939736,0.12927295
939737,0.12927295
939738,0.12927295
939739,0.087970026
939740,0.022878582
939741,0.102322705
939742,0.098936744
939743,0.0962166
939744,0.09445363
939745,0.09381817
939746,0.09381817
939747,0.09325168
939748,0.14803548
939749,0.35254875
939750,0.3113603
939751,0.21719134
939752,0.03551592
939753,0.27961856
939754,0.27244064
939755,0.25874826
939756,0.2637325
939757,0.3755229
939758,0.21361543
939759,0.073149376
939760,0.065704755
939761,0.053597476
939762,0.015273674
939763,0.059332047
939764,0.05644221
939765,0.053521134
939766,0.052070968
939767,0.05355295
939768,0.04233714
939769,0.031070929
939770,0.11314166
939771,0.23052289
939772,0.09346513
939773,0.090342775
939774,0.080134094
939775,0.0771802
939776,0.07358136
939777,0.07358136
939778,0.05937531
939779,0.027098108
939780,0.1406558
939781,0.12885305
939782,0.114842184
939783,0.11565565
939784,0.15873663
939785,0.27981225
939786,0.19604795
939787,0.18334359
939788,0.14098582
939789,0.05652799
939790,0.19248788
939791,0.18135071
939792,0.16241756
939793,0.16339564
939794,0.125172
939795,0.13789512
939796,0.11707399
939797,0.10833
939798,0.11326363
939799,0.11566425
939800,0.11897263
939801,0.095765926
939802,0.54552305
939803,0.56177527
939804,0.58680594
939805,0.5983411
939806,0.5986772
939807,0.5986772
939808,0.5986772
939809,0.5986772
939810,0.5986772
939811,0.5986772
939812,0.5821583
939813,0.56886333
939814,0.5408411
939815,0.41096035
939816,0.21497184
939817,0.20291887
939818,0.18963836
939819,0.16279371
939820,0.16094291
939821,0.1247439
939822,0.026842773
939823,0.12556209
939824,0.1285827
939825,0.13125992
939826,0.1349463
939827,0.1349463
939828,0.1349463
939829,0.11330736
939830,0.047563802
939831,0.2469099
939832,0.22354843
939833,0.043965727
939834,0.24587229
939835,0.18686016
939836,0.19707617
939837,0.20453526
939838,0.20453526
939839,0.20453526
939840,0.20453526
939841,0.20453526
939842,0.20453526
939843,0.2999799
939844,0.19887675
939845,0.24798112
939846,0.10775333
939847,0.083835855
939848,0.02664444
939849,0.10370155
939850,0.11425889
939851,0.06736525
939852,0.20147713
939853,0.18683967
939854,0.14289612
939855,0.018911462
939856,0.0956341
939857,0.09244668
939858,0.082966715
939859,0.08134707
939860,0.079657294
939861,0.057530135
939862,0.24133559
939863,0.09623678
939864,0.025976757
939865,0.11301395
939866,0.11577267
939867,0.11821942
939868,0.12067074
939869,0.12067074
939870,0.0957626
939871,0.22767581
939872,0.24423322
939873,0.23056486
939874,0.07224841
939875,0.14591753
939876,0.13591254
939877,0.113416485
939878,0.0985009
939879,0.018911462
939880,0.0956341
939881,0.09244668
939882,0.082966715
939883,0.08134707
939884,0.079657294
939885,0.057530135
939886,0.01990483
939887,0.093838446
939888,0.08942771
939889,0.079771005
939890,0.08116863
939891,0.080522485
939892,0.061078593
939893,0.026861446
939894,0.106319755
939895,0.11117329
939896,0.113535255
939897,0.11590225
939898,0.09323106
939899,0.03829296
939900,0.16527525
939901,0.16931537
939902,0.31897902
939903,0.31859982
939904,0.32376665
939905,0.32376665
939906,0.31817165
939907,0.31817165
939908,0.24876735
939909,0.17757112
939910,0.025158992
939911,0.09910598
939912,0.14736553
939913,0.020867633
939914,0.09749121
939915,0.08538112
939916,0.0786908
939917,0.08007115
939918,0.0604684
939919,0.18666793
939920,0.07425099
939921,0.05878541
939922,0.37458488
939923,0.41003004
939924,0.4209263
939925,0.4285687
939926,0.4285687
939927,0.4285687
939928,0.4285687
939929,0.4285687
939930,0.4285687
939931,0.42509186
939932,0.41644764
939933,0.2950202
939934,0.041613985
939935,0.13796847
939936,0.13357846
939937,0.11355744
939938,0.11133347
939939,0.11282661
939940,0.08542797
939941,0.023216272
939942,0.09749121
939943,0.08538112
939944,0.08369489
939945,0.08295286
939946,0.061986893
939947,0.028970199
939948,0.06863604
939949,0.06489832
939950,0.12068536
939951,0.03835071
939952,0.20687982
939953,0.120763995
939954,0.10243665
939955,0.09934283
939956,0.09901758
939957,0.109042406
939958,0.11936194
939959,0.034494333
939960,0.2218606
939961,0.24169682
939962,0.24807563
939963,0.250637
939964,0.250637
939965,0.250637
939966,0.250637
939967,0.24980816
939968,0.2613571
939969,0.24756438
939970,0.2573496
939971,0.21067166
939972,0.09704503
939973,0.34843853
939974,0.31164178
939975,0.2999146
939976,0.2831434
939977,0.2231631
939978,0.053060457
939979,0.14883421
939980,0.15007645
939981,0.21993802
939982,0.13111879
939983,0.07064015
939984,0.06435966
939985,0.058366667
939986,0.05496068
939987,0.22888047
939988,0.022386279
939989,0.06717913
939990,0.065319136
939991,0.06469322
939992,0.06813397
939993,0.07224701
939994,0.07124105
939995,0.076896116
939996,0.060618464
939997,0.21157849
939998,0.114966564
939999,0.114513144
940000,0.11306547
940001,0.112865545
940002,0.114694916
940003,0.114694916
940004,0.114694916
940005,0.1177674
940006,0.13325459
940007,0.020174515
940008,0.061351564
940009,0.059231903
940010,0.054787803
940011,0.055353023
940012,0.05789391
940013,0.05909548
940014,0.05064108
940015,0.01926625
940016,0.061351564
940017,0.059231903
940018,0.054787803
940019,0.055353023
940020,0.05538349
940021,0.05756497
940022,0.04842899
940023,0.01926625
940024,0.061351564
940025,0.059231903
940026,0.054787803
940027,0.055353023
940028,0.05538349
940029,0.05653608
940030,0.04842899
940031,0.024044605
940032,0.0849049
940033,0.08718557
940034,0.08748743
940035,0.08898223
940036,0.09029164
940037,0.09209986
940038,0.09923381
940039,0.1025835
940040,0.07248818
940041,0.19753993
940042,0.13592538
940043,0.13425864
940044,0.019844254
940045,0.06311092
940046,0.060934417
940047,0.056370236
940048,0.056950796
940049,0.056982085
940050,0.058165893
940051,0.049837448
940052,0.039442685
940053,0.18133005
940054,0.18567535
940055,0.19584215
940056,0.20460321
940057,0.20460321
940058,0.36016756
940059,0.36016756
940060,0.36016756
940061,0.36016756
940062,0.35469154
940063,0.13585433
940064,0.27529988
940065,0.025709407
940066,0.07407157
940067,0.07203548
940068,0.07135012
940069,0.07259114
940070,0.08015005
940071,0.081773445
940072,0.088185176
940073,0.070287734
940074,0.296133
940075,0.03471598
940076,0.13586424
940077,0.13237245
940078,0.12821087
940079,0.12673162
940080,0.12673162
940081,0.12673162
940082,0.12391762
940083,0.09562085
940084,0.2635375
940085,0.11522055
940086,0.10313932
940087,0.09494956
940088,0.08665733
940089,0.04440586
940090,0.27364781
940091,0.023404459
940092,0.06689203
940093,0.06459413
940094,0.059773266
940095,0.060386635
940096,0.065809056
940097,0.056361023
940098,0.03471598
940099,0.13586424
940100,0.13237245
940101,0.12821087
940102,0.12673162
940103,0.12673162
940104,0.12673162
940105,0.12391762
940106,0.09562085
940107,0.24321075
940108,0.10099764
940109,0.13009265
940110,0.5302377
940111,0.5681231
940112,0.653816
940113,0.64799345
940114,0.64799345
940115,0.6536389
940116,0.6685572
940117,0.6751519
940118,0.7935131
940119,0.74064124
940120,0.6803158
940121,0.6788881
940122,0.6758681
940123,0.73670805
940124,0.67435503
940125,0.67435503
940126,0.6917468
940127,0.65940523
940128,0.71729493
940129,0.64032006
940130,0.6386803
940131,0.6428564
940132,0.3957824
940133,0.03035013
940134,0.095013216
940135,0.08222814
940136,0.08839944
940137,0.08927866
940138,0.08882126
940139,0.08882126
940140,0.07308951
940141,0.04723722
940142,0.23906434
940143,0.25206092
940144,0.29138422
940145,0.30515617
940146,0.31322914
940147,0.310449
940148,0.310449
940149,0.310449
940150,0.310449
940151,0.30948392
940152,0.31554753
940153,0.30259445
940154,0.30259445
940155,0.30259445
940156,0.30114064
940157,0.30114064
940158,0.1849967
940159,0.021800647
940160,0.1063851
940161,0.10771912
940162,0.10808367
940163,0.1067643
940164,0.105423935
940165,0.105423935
940166,0.105423935
940167,0.105423935
940168,0.11315486
940169,0.03035013
940170,0.095013216
940171,0.09184438
940172,0.08839944
940173,0.08927866
940174,0.08882126
940175,0.08882126
940176,0.07308951
940177,0.03834077
940178,0.12910222
940179,0.12575892
940180,0.121776074
940181,0.12036081
940182,0.12036081
940183,0.12036081
940184,0.11766921
940185,0.09065163
940186,0.18545142
940187,0.11411331
940188,0.035238054
940189,0.10924045
940190,0.10074344
940191,0.0981133
940192,0.09907865
940193,0.07894688
940194,0.049168963
940195,0.16429655
940196,0.15189572
940197,0.13504814
940198,0.13246617
940199,0.100948624
940200,0.14213839
940201,0.02404934
940202,0.109416515
940203,0.10435788
940204,0.09676573
940205,0.09591995
940206,0.09458725
940207,0.09458725
940208,0.07129515
940209,0.0520071
940210,0.12248406
940211,0.16997111
940212,0.1269859
940213,0.39620385
940214,0.45374852
940215,0.5333056
940216,0.5627568
940217,0.581808
940218,0.6106149
940219,0.6140312
940220,0.6140312
940221,0.6140312
940222,0.6196193
940223,0.6196193
940224,0.61807275
940225,0.61303365
940226,0.61303365
940227,0.60299534
940228,0.59195703
940229,0.56267494
940230,0.55886203
940231,0.54332066
940232,0.52409774
940233,0.52232337
940234,0.52232337
940235,0.52232337
940236,0.5142684
940237,0.2835314
940238,0.028309608
940239,0.12370246
940240,0.11715179
940241,0.11399419
940242,0.11379279
940243,0.11379279
940244,0.11379279
940245,0.11061956
940246,0.08661945
940247,0.032635454
940248,0.11065134
940249,0.09941297
940250,0.07111308
940251,0.031232214
940252,0.16570975
940253,0.1650935
940254,0.16617727
940255,0.16497833
940256,0.16497833
940257,0.16497833
940258,0.16497833
940259,0.16497833
940260,0.16497833
940261,0.12165303
940262,0.08380566
940263,0.3533203
940264,0.3775019
940265,0.4278264
940266,0.44932738
940267,0.44932738
940268,0.44932738
940269,0.45289078
940270,0.45289078
940271,0.45289078
940272,0.45875546
940273,0.45842275
940274,0.45679533
940275,0.45151672
940276,0.45151672
940277,0.44110832
940278,0.42982507
940279,0.40453175
940280,0.40080836
940281,0.3677515
940282,0.34802112
940283,0.2337437
940284,0.028207833
940285,0.11822094
940286,0.10571752
940287,0.09217583
940288,0.09659689
940289,0.0625234
940290,0.12972029
940291,0.028351072
940292,0.12503283
940293,0.12943855
940294,0.13954951
940295,0.14762889
940296,0.14762889
940297,0.14762889
940298,0.14762889
940299,0.14762889
940300,0.14762889
940301,0.14647302
940302,0.14536962
940303,0.1829699
940304,0.1829699
940305,0.16579457
940306,0.021586314
940307,0.093857646
940308,0.07858094
940309,0.080564134
940310,0.07935788
940311,0.061150216
940312,0.031338546
940313,0.13454735
940314,0.13873792
940315,0.14063375
940316,0.14255784
940317,0.14255784
940318,0.14255784
940319,0.14255784
940320,0.13369766
940321,0.016459234
940322,0.08351812
940323,0.07954989
940324,0.07241578
940325,0.074173324
940326,0.07311834
940327,0.057282038
940328,0.03309415
940329,0.11949439
940330,0.12486528
940331,0.115463726
940332,0.09599536
940333,0.1419075
940334,0.091269016
940335,0.08821286
940336,0.083103664
940337,0.08004983
940338,0.06707916
940339,0.07716098
940340,0.06020459
940341,0.016884517
940342,0.081838995
940343,0.075305365
940344,0.07295858
940345,0.07260626
940346,0.07176798
940347,0.06898246
940348,0.056287196
940349,0.022932773
940350,0.04374062
940351,0.071692064
940352,0.114183016
940353,0.06055479
940354,0.38307506
940355,0.42074522
940356,0.56675094
940357,0.5716796
940358,0.60058635
940359,0.6552276
940360,0.6584714
940361,0.6278589
940362,0.6278589
940363,0.6914566
940364,0.63044375
940365,0.6906647
940366,0.62957925
940367,0.67174876
940368,0.6201083
940369,0.6201083
940370,0.6077432
940371,0.5812003
940372,0.5628068
940373,0.5419159
940374,0.54014957
940375,0.5815572
940376,0.5815572
940377,0.57882214
940378,0.5304244
940379,0.5117102
940380,0.23721689
940381,0.025923446
940382,0.092974395
940383,0.08358004
940384,0.07018769
940385,0.036442082
940386,0.07433143
940387,0.04716388
940388,0.2615785
940389,0.22042142
940390,0.24511145
940391,0.25747377
940392,0.27688232
940393,0.27688232
940394,0.27688232
940395,0.27688232
940396,0.2597271
940397,0.2579591
940398,0.251535
940399,0.24132851
940400,0.24132851
940401,0.24132851
940402,0.24132851
940403,0.24975455
940404,0.016510243
940405,0.04492133
940406,0.07794376
940407,0.07295858
940408,0.07080775
940409,0.07176798
940410,0.07176798
940411,0.12046234
940412,0.015719742
940413,0.06390301
940414,0.06491211
940415,0.067166835
940416,0.06328648
940417,0.063461475
940418,0.047819532
940419,0.045464423
940420,0.19838597
940421,0.1281598
940422,0.12485931
940423,0.11528603
940424,0.11090921
940425,0.10939345
940426,0.12664418
940427,0.29498452
940428,0.14262567
940429,0.14589258
940430,0.12475994
940431,0.12563363
940432,0.18478519
940433,0.27734506
940434,0.2821612
940435,0.12760715
940436,0.11837482
940437,0.13076745
940438,0.2688618
940439,0.27107382
940440,0.23004758
940441,0.29923248
940442,0.18553074
940443,0.23793463
940444,0.22733098
940445,0.227992
940446,0.16075577
940447,0.09289475
940448,0.46817595
940449,0.47961
940450,0.49536324
940451,0.5073099
940452,0.5073099
940453,0.5073099
940454,0.5073099
940455,0.5073099
940456,0.5073099
940457,0.49400738
940458,0.3248118
940459,0.07718826
940460,0.054555334
940461,0.2611218
940462,0.2673681
940463,0.114161685
940464,0.034492616
940465,0.037212085
940466,0.07844198
940467,0.048498973
940468,0.048128
940469,0.04473226
940470,0.012151828
940471,0.027059257
940472,0.025698366
940473,0.024744278
940474,0.027543003
940475,0.027543003
940476,0.027543003
940477,0.026206072
940478,0.02990192
940479,0.20243898
940480,0.018666655
940481,0.029997451
940482,0.026952937
940483,0.0273025
940484,0.25295955
940485,0.17926663
940486,0.017393513
940487,0.09210238
940488,0.08902107
940489,0.08480227
940490,0.07690415
940491,0.08092128
940492,0.07529911
940493,0.065251194
940494,0.01842439
940495,0.029973317
940496,0.037019417
940497,0.03421768
940498,0.4011074
940499,0.42922217
940500,0.43812954
940501,0.45312896
940502,0.45312896
940503,0.45312896
940504,0.45312896
940505,0.45312896
940506,0.45312896
940507,0.38285005
940508,0.073462635
940509,0.049154866
940510,0.051626645
940511,0.023499588
940512,0.09456967
940513,0.10279227
940514,0.026455216
940515,0.22866659
940516,0.22500513
940517,0.21692878
940518,0.21610041
940519,0.21146409
940520,0.20816574
940521,0.17491707
940522,0.039853606
940523,0.30021706
940524,0.2973821
940525,0.29355034
940526,0.30629838
940527,0.30229947
940528,0.30229947
940529,0.30229947
940530,0.2533306
940531,0.24118239
940532,0.08997335
940533,0.0849355
940534,0.076706156
940535,0.05206608
940536,0.11690106
940537,0.034924906
940538,0.22937934
940539,0.16563147
940540,0.030971177
940541,0.088837296
940542,0.08397784
940543,0.083608784
940544,0.08444478
940545,0.07910401
940546,0.027503725
940547,0.072735295
940548,0.22239539
940549,0.026081687
940550,0.080516465
940551,0.07778958
940552,0.07744542
940553,0.07822504
940554,0.088706866
940555,0.0729672
940556,0.07881318
940557,0.3682999
940558,0.4350148
940559,0.65066344
940560,0.68012476
940561,0.7186014
940562,0.7479843
940563,0.76706034
940564,0.7789083
940565,0.7789083
940566,0.7814146
940567,0.7814146
940568,0.7787249
940569,0.7787249
940570,0.7787249
940571,0.77753395
940572,0.77753395
940573,0.7761604
940574,0.7761604
940575,0.7762493
940576,0.7746141
940577,0.76834255
940578,0.76635116
940579,0.76635116
940580,0.7605246
940581,0.7470382
940582,0.7470382
940583,0.7543635
940584,0.7406922
940585,0.7244887
940586,0.7244887
940587,0.7205513
940588,0.7205513
940589,0.68320596
940590,0.68320596
940591,0.40711918
940592,0.03460579
940593,0.08983719
940594,0.08558906
940595,0.086742364
940596,0.39721075
940597,0.39515212
940598,0.55876124
940599,0.6500482
940600,0.6247808
940601,0.64847785
940602,0.7381743
940603,0.65667087
940604,0.65667087
940605,0.7192822
940606,0.66076297
940607,0.66729116
940608,0.73899317
940609,0.65457755
940610,0.6530162
940611,0.71655744
940612,0.64341575
940613,0.64341575
940614,0.7242158
940615,0.6393746
940616,0.71337134
940617,0.62853134
940618,0.6416788
940619,0.6673205
940620,0.6906598
940621,0.6204681
940622,0.68917346
940623,0.6015998
940624,0.678209
940625,0.39310524
940626,0.03574849
940627,0.22260846
940628,0.13439493
940629,0.13017929
940630,0.15969159
940631,0.12868066
940632,0.12868066
940633,0.12582964
940634,0.14295574
940635,0.15830317
940636,0.09402615
940637,0.08790456
940638,0.035316963
940639,0.13878131
940640,0.14918591
940641,0.12427211
940642,0.12176713
940643,0.18273346
940644,0.092356764
940645,0.10799143
940646,0.04891407
940647,0.17455752
940648,0.1514078
940649,0.16367058
940650,0.27558592
940651,0.11956041
940652,0.108810715
940653,0.1023585
940654,0.11755542
940655,0.013390808
940656,0.04557215
940657,0.043346595
940658,0.04320182
940659,0.04397643
940660,0.048436068
940661,0.04945164
940662,0.05347667
940663,0.04253058
940664,0.011297162
940665,0.03917955
940666,0.036991403
940667,0.03313854
940668,0.03348833
940669,0.03761287
940670,0.032710243
940671,0.0138365235
940672,0.048977576
940673,0.046593834
940674,0.04643874
940675,0.052573916
940676,0.05890584
940677,0.05890584
940678,0.06364885
940679,0.05032181
940680,0.38051373
940681,0.27108672
940682,0.26084635
940683,0.25214288
940684,0.24994908
940685,0.25981528
940686,0.01583008
940687,0.058915913
940688,0.0556894
940689,0.049990125
940690,0.050508495
940691,0.052694704
940692,0.052694704
940693,0.043850467
940694,0.30561805
940695,0.11778338
940696,0.23845832
940697,0.11642348
940698,0.12143696
940699,0.45948398
940700,0.49091643
940701,0.52036196
940702,0.5396586
940703,0.5637384
940704,0.5637384
940705,0.53799796
940706,0.53799796
940707,0.53799796
940708,0.53799796
940709,0.560379
940710,0.55582076
940711,0.45504308
940712,0.028143374
940713,0.074228525
940714,0.06764361
940715,0.05550444
940716,0.07660796
940717,0.08718925
940718,0.60144037
940719,0.6621533
940720,0.69999146
940721,0.7127297
940722,0.7127297
940723,0.6909609
940724,0.6909609
940725,0.6909609
940726,0.6909609
940727,0.6944802
940728,0.6921478
940729,0.6286141
940730,0.6232116
940731,0.6232116
940732,0.6243115
940733,0.65657127
940734,0.3896081
940735,0.0389811
940736,0.124623545
940737,0.1099417
940738,0.10947217
940739,0.11053558
940740,0.0894775
940741,0.031065727
940742,0.15217946
940743,0.14741462
940744,0.14237407
940745,0.13977145
940746,0.13704911
940747,0.1163397
940748,0.17567718
940749,0.09628227
940750,0.09176831
940751,0.08793176
940752,0.087155744
940753,0.086466424
940754,0.07287105
940755,0.029820148
940756,0.2540358
940757,0.26336458
940758,0.2677484
940759,0.3450707
940760,0.26603645
940761,0.26603645
940762,0.26603645
940763,0.26603645
940764,0.2673118
940765,0.119684346
940766,0.031545687
940767,0.15217946
940768,0.12141991
940769,0.11714611
940770,0.114942856
940771,0.1126408
940772,0.088699
940773,0.12011934
940774,0.034157768
940775,0.119454645
940776,0.10871328
940777,0.10226618
940778,0.15025505
940779,0.1184653
940780,0.04492024
940781,0.11457188
940782,0.10652541
940783,0.091650374
940784,0.12774965
940785,0.048856072
940786,0.047017418
940787,0.03955345
940788,0.13965578
940789,0.13942543
940790,0.01720273
940791,0.05315408
940792,0.05372835
940793,0.05453609
940794,0.05464378
940795,0.05464378
940796,0.05464378
940797,0.05464378
940798,0.057712886
940799,0.20662235
940800,0.13946578
940801,0.118969336
940802,0.10265828
940803,0.103883535
940804,0.18602282
940805,0.021691166
940806,0.047288217
940807,0.046926044
940808,0.04655664
940809,0.044101506
940810,0.23168749
940811,0.19906484
940812,0.2022168
940813,0.20235576
940814,0.20656064
940815,0.24717426
940816,0.24717426
940817,0.24717426
940818,0.24717426
940819,0.24717426
940820,0.31771415
940821,0.24075176
940822,0.2332285
940823,0.2332285
940824,0.23771814
940825,0.019939017
940826,0.043329645
940827,0.04299642
940828,0.042740308
940829,0.04662937
940830,0.12952058
940831,0.16834964
940832,0.17927983
940833,0.18497176
940834,0.18946911
940835,0.38182616
940836,0.38182616
940837,0.38182616
940838,0.1899223
940839,0.1899223
940840,0.1885085
940841,0.18569745
940842,0.14053051
940843,0.021886962
940844,0.046308693
940845,0.04595366
940846,0.045680776
940847,0.07065091
940848,0.2702157
940849,0.28800783
940850,0.29808563
940851,0.30058426
940852,0.26122996
940853,0.314137
940854,0.314137
940855,0.314137
940856,0.3257453
940857,0.3257453
940858,0.18628049
940859,0.038992025
940860,0.17425378
940861,0.16485508
940862,0.15170819
940863,0.15626124
940864,0.19611868
940865,0.34412584
940866,0.17124654
940867,0.1670212
940868,0.16197366
940869,0.16017641
940870,0.16339009
940871,0.16931047
940872,0.16573046
940873,0.120431155
940874,0.082027584
940875,0.3112914
940876,0.3162351
940877,0.25130874
940878,0.25346044
940879,0.3792485
940880,0.26162386
940881,0.26162386
940882,0.34995824
940883,0.26162386
940884,0.26027972
940885,0.26531637
940886,0.06329088
940887,0.28643596
940888,0.29240042
940889,0.30621356
940890,0.30864158
940891,0.30864158
940892,0.31782565
940893,0.31782565
940894,0.31782565
940895,0.31782565
940896,0.31631643
940897,0.2073645
940898,0.28127518
940899,0.049431607
940900,0.19991553
940901,0.193998
940902,0.18021521
940903,0.18127728
940904,0.17899343
940905,0.14214349
940906,0.049431607
940907,0.19991553
940908,0.193998
940909,0.18021521
940910,0.18127728
940911,0.17899343
940912,0.14214349
940913,0.24959555
940914,0.3315913
940915,0.30087534
940916,0.048375797
940917,0.19991553
940918,0.193998
940919,0.18021521
940920,0.18127728
940921,0.17899343
940922,0.18535392
940923,0.13592198
940924,0.45448604
940925,0.5099799
940926,0.5540756
940927,0.62013227
940928,0.6410966
940929,0.6410966
940930,0.6410966
940931,0.64560103
940932,0.64560103
940933,0.64560103
940934,0.6478784
940935,0.64757264
940936,0.64481556
940937,0.64481556
940938,0.63866186
940939,0.6316836
940940,0.6316836
940941,0.6232998
940942,0.61555564
940943,0.6002833
940944,0.3333028
940945,0.052769527
940946,0.2962772
940947,0.28488883
940948,0.2811863
940949,0.28969786
940950,0.18897732
940951,0.04896555
940952,0.17782268
940953,0.17290302
940954,0.16032086
940955,0.15849286
940956,0.15644121
940957,0.12501076
940958,0.03326937
940959,0.13018042
940960,0.16629848
940961,0.055141486
940962,0.2905035
940963,0.27924898
940964,0.2689297
940965,0.04896555
940966,0.17831945
940967,0.17290302
940968,0.16032086
940969,0.15849286
940970,0.15644121
940971,0.1253804
940972,0.092323266
940973,0.054520037
940974,0.055108204
940975,0.05593547
940976,0.056400325
940977,0.056400325
940978,0.056400325
940979,0.056400325
940980,0.059774622
940981,0.058502495
940982,0.22972433
940983,0.23489653
940984,0.23801869
940985,0.23770216
940986,0.23770216
940987,0.24552494
940988,0.24004212
940989,0.24004212
940990,0.24004212
940991,0.17822628
940992,0.015644994
940993,0.054520037
940994,0.055108204
940995,0.05593547
940996,0.056400325
940997,0.056400325
940998,0.056400325
940999,0.056400325
941000,0.09044318
941001,0.23716392
941002,0.1490983
941003,0.24151811
941004,0.14167643
941005,0.02768773
941006,0.1578362
941007,0.14426532
941008,0.11210309
941009,0.11567465
941010,0.124045916
941011,0.019600555
941012,0.030654477
941013,0.03931998
941014,0.21266171
941015,0.083275266
941016,0.07640215
941017,0.07358254
941018,0.07335822
941019,0.04744939
941020,0.24752373
941021,0.22095817
941022,0.186897
941023,0.17803653
941024,0.17732303
941025,0.17236692
941026,0.17236692
941027,0.20953454
941028,0.016599061
941029,0.10553454
941030,0.10830379
941031,0.10979613
941032,0.11022929
941033,0.11022929
941034,0.11022929
941035,0.11022929
941036,0.114829235
941037,0.11148191
941038,0.08423618
941039,0.14564125
941040,0.14464018
941041,0.1428305
941042,0.14295901
941043,0.1175751
941044,0.07188094
941045,0.37645194
941046,0.40763167
941047,0.4236295
941048,0.43128434
941049,0.43128434
941050,0.43128434
941051,0.43128434
941052,0.43128434
941053,0.43128434
941054,0.42431882
941055,0.41981044
941056,0.31285343
941057,0.26449564
941058,0.1744068
941059,0.33060968
941060,0.2101988
941061,0.043921273
941062,0.23986164
941063,0.22297478
941064,0.21239966
941065,0.20594695
941066,0.24240465
941067,0.120649874
941068,0.10981443
941069,0.08938262
941070,0.37400836
941071,0.5515453
941072,0.61209196
941073,0.6524362
941074,0.6662308
941075,0.6662308
941076,0.64270484
941077,0.64270484
941078,0.64270484
941079,0.64270484
941080,0.6673715
941081,0.66325593
941082,0.65906334
941083,0.65385985
941084,0.65385985
941085,0.44748455
941086,0.20663178
941087,0.80008936
941088,0.81164384
941089,0.8352023
941090,0.8441932
941091,0.84723026
941092,0.84316796
941093,0.854805
941094,0.878136
941095,0.878136
941096,0.88379043
941097,0.88379043
941098,0.8843274
941099,0.8843274
941100,0.8843274
941101,0.8853006
941102,0.8853006
941103,0.8853006
941104,0.88550645
941105,0.88550645
941106,0.884225
941107,0.8834948
941108,0.8834948
941109,0.8834948
941110,0.8801325
941111,0.87946206
941112,0.87946206
941113,0.8787235
941114,0.87491894
941115,0.8714058
941116,0.8714058
941117,0.8714058
941118,0.8714058
941119,0.82866573
941120,0.82866573
941121,0.7424578
941122,0.7424578
941123,0.72591513
941124,0.72591513
941125,0.72591513
941126,0.70087236
941127,0.53908664
941128,0.050229844
941129,0.32528386
941130,0.31121588
941131,0.3012479
941132,0.30022103
941133,0.25311962
941134,0.060597457
941135,0.3259422
941136,0.3098499
941137,0.27173918
941138,0.0380999
941139,0.541402
941140,0.57821053
941141,0.6060872
941142,0.6290805
941143,0.6290805
941144,0.6044905
941145,0.6044905
941146,0.6044905
941147,0.6044905
941148,0.6302777
941149,0.62596047
941150,0.6191736
941151,0.6137181
941152,0.46245825
941153,0.32475942
941154,0.16915984
941155,0.16191453
941156,0.16313381
941157,0.099373385
941158,0.034284763
941159,0.41400278
941160,0.44284797
941161,0.4620393
941162,0.469818
941163,0.469818
941164,0.469818
941165,0.469818
941166,0.469818
941167,0.47746795
941168,0.45463505
941169,0.45005637
941170,0.3722631
941171,0.06395784
941172,0.12574701
941173,0.23549709
941174,0.10382597
941175,0.09899708
941176,0.093822956
941177,0.09243814
941178,0.091148935
941179,0.091148935
941180,0.069244765
941181,0.17305817
941182,0.16240604
941183,0.11641862
941184,0.11559121
941185,0.115789734
941186,0.1152143
941187,0.095626034
941188,0.016756468
941189,0.06866215
941190,0.065349445
941191,0.06181328
941192,0.060869183
941193,0.05999116
941194,0.05999116
941195,0.047317754
941196,0.060957164
941197,0.060153138
941198,0.016756468
941199,0.06866215
941200,0.065349445
941201,0.05855899
941202,0.060869183
941203,0.05999116
941204,0.05999116
941205,0.047317754
941206,0.023065666
941207,0.07271469
941208,0.06865254
941209,0.06670339
941210,0.06657927
941211,0.069000855
941212,0.069000855
941213,0.069000855
941214,0.058879375
941215,0.0308419
941216,0.07997596
941217,0.06581064
941218,0.06716795
941219,0.054119796
941220,0.053433795
941221,0.13047402
941222,0.13268834
941223,0.29799765
941224,0.32699275
941225,0.36072466
941226,0.36140478
941227,0.46492478
941228,0.46492478
941229,0.46492478
941230,0.34514958
941231,0.31599745
941232,0.28200263
941233,0.024601998
941234,0.07417719
941235,0.07178811
941236,0.06716795
941237,0.06537357
941238,0.048105318
941239,0.020478271
941240,0.13413948
941241,0.13754392
941242,0.14298837
941243,0.14406623
941244,0.14443018
941245,0.14443018
941246,0.14443018
941247,0.14928257
941248,0.12840767
941249,0.085508406
941250,0.12969205
941251,0.5776056
941252,0.6459174
941253,0.72572494
941254,0.73584986
941255,0.766978
941256,0.7980368
941257,0.7857319
941258,0.79590434
941259,0.79590434
941260,0.8013672
941261,0.8013672
941262,0.80187935
941263,0.80187935
941264,0.79371405
941265,0.79145306
941266,0.79145306
941267,0.7895177
941268,0.7895177
941269,0.7905787
941270,0.78791827
941271,0.7867272
941272,0.8016117
941273,0.8016117
941274,0.79982
941275,0.79948
941276,0.793086
941277,0.79194355
941278,0.7875586
941279,0.78554755
941280,0.78554755
941281,0.78554755
941282,0.78554755
941283,0.603985
941284,0.029640166
941285,0.11390231
941286,0.11430727
941287,0.113284655
941288,0.111260936
941289,0.111552775
941290,0.15024258
941291,0.29807892
941292,0.13395958
941293,0.12797667
941294,0.12610382
941295,0.12495202
941296,0.11147685
941297,0.1921656
941298,0.26399374
941299,0.22619827
941300,0.2197164
941301,0.2045702
941302,0.20573977
941303,0.20432247
941304,0.14942545
941305,0.050401345
941306,0.2362053
941307,0.22563481
941308,0.214106
941309,0.21531531
941310,0.20499186
941311,0.3641981
941312,0.4065388
941313,0.43911946
941314,0.50189793
941315,0.520557
941316,0.520557
941317,0.520557
941318,0.520557
941319,0.53364646
941320,0.53364646
941321,0.53206486
941322,0.5317312
941323,0.51515394
941324,0.51515394
941325,0.51515394
941326,0.4979633
941327,0.4979633
941328,0.36568165
941329,0.5436556
941330,0.48813683
941331,0.48098156
941332,0.47623354
941333,0.46814856
941334,0.4627351
941335,0.2412167
941336,0.06453542
941337,0.45427394
941338,0.461473
941339,0.46241426
941340,0.46210894
941341,0.46191818
941342,0.5687993
941343,0.46191818
941344,0.46191818
941345,0.4426652
941346,0.055276863
941347,0.042759087
941348,0.043091804
941349,0.042692002
941350,0.04819652
941351,0.04819652
941352,0.04819652
941353,0.04819652
941354,0.05066355
941355,0.052000236
941356,0.04704615
941357,0.08068408
941358,0.34338892
941359,0.461473
941360,0.46241426
941361,0.5687993
941362,0.46191818
941363,0.46210894
941364,0.26521212
941365,0.46191818
941366,0.4426652
941367,0.35896486
941368,0.2680632
941369,0.25789654
941370,0.23557307
941371,0.2346561
941372,0.011239038
941373,0.020484364
941374,0.019447524
941375,0.018721059
941376,0.021030277
941377,0.021030277
941378,0.021030277
941379,0.02031124
941380,0.060210556
941381,0.41585445
941382,0.20529078
941383,0.10774214
941384,0.09844968
941385,0.015538614
941386,0.023640918
941387,0.021235596
941388,0.020443717
941389,0.022960458
941390,0.02226637
941391,0.03221965
941392,0.10105272
941393,0.09704275
941394,0.09662235
941395,0.095953554
941396,0.08330257
941397,0.0924415
941398,0.010844979
941399,0.019533357
941400,0.018543748
941401,0.01698168
941402,0.019885303
941403,0.019885303
941404,0.019885303
941405,0.019204646
941406,0.04600473
941407,0.108069666
941408,0.023997229
941409,0.049916495
941410,0.049535237
941411,0.059888788
941412,0.011091223
941413,0.019533357
941414,0.018543748
941415,0.017850436
941416,0.019885303
941417,0.019885303
941418,0.019204646
941419,0.13369347
941420,0.009662712
941421,0.017252743
941422,0.016376741
941423,0.015763137
941424,0.017129632
941425,0.017142732
941426,0.016149767
941427,0.009447881
941428,0.017252743
941429,0.015814532
941430,0.015763137
941431,0.017142732
941432,0.017142732
941433,0.016173793
941434,0.016554365
941435,0.51511025
941436,0.56633955
941437,0.6357804
941438,0.6838581
941439,0.69464797
941440,0.72575647
941441,0.69464797
941442,0.69464797
941443,0.69464797
941444,0.69464797
941445,0.69210386
941446,0.68818504
941447,0.6826074
941448,0.6792182
941449,0.6792182
941450,0.6753662
941451,0.6753662
941452,0.662778
941453,0.3706121
941454,0.3054554
941455,0.050584234
941456,0.0896731
941457,0.045334317
941458,0.08708164
941459,0.044059973
941460,0.08596459
941461,0.043044943
941462,0.13420032
941463,0.057222046
941464,0.029407987
941465,0.24447495
941466,0.24063933
941467,0.22995156
941468,0.25788337
941469,0.2230774
941470,0.23027422
941471,0.06116703
941472,0.013356669
941473,0.020533452
941474,0.017108204
941475,0.017580384
941476,0.019129297
941477,0.017913334
941478,0.16287819
941479,0.22865163
941480,0.19178827
941481,0.16953877
941482,0.1571549
941483,0.16955504
941484,0.1768502
941485,0.12344244
941486,0.021151999
941487,0.024708012
941488,0.021801252
941489,0.020538703
941490,0.036642037
941491,0.062199038
941492,0.19178827
941493,0.18605539
941494,0.17271599
941495,0.16955504
941496,0.1768502
941497,0.20010114
941498,0.18313065
941499,0.08537618
941500,0.08535502
941501,0.08498049
941502,0.08582891
941503,0.091311015
941504,0.076366134
941505,0.026062736
941506,0.09066621
941507,0.087628305
941508,0.08724474
941509,0.08517432
941510,0.098760344
941511,0.075024426
941512,0.2682612
941513,0.043646663
941514,0.100901574
941515,0.03303307
941516,0.13447608
941517,0.10566688
941518,0.2537043
941519,0.2587425
941520,0.24447952
941521,0.36352214
941522,0.3623931
941523,0.30108228
941524,0.14498483
941525,0.466078
941526,0.51227343
941527,0.53450006
941528,0.55892277
941529,0.55892277
941530,0.56101555
941531,0.5645567
941532,0.5645567
941533,0.5645567
941534,0.5690261
941535,0.5690261
941536,0.5674175
941537,0.56558186
941538,0.56558186
941539,0.55360675
941540,0.5422377
941541,0.51445615
941542,0.5105886
941543,0.48169252
941544,0.46244213
941545,0.4606744
941546,0.4606744
941547,0.4606744
941548,0.27092317
941549,0.12592359
941550,0.676778
941551,0.74127066
941552,0.77309185
941553,0.78690916
941554,0.78690916
941555,0.78690916
941556,0.78690916
941557,0.78690916
941558,0.78690916
941559,0.7710713
941560,0.77505696
941561,0.7719883
941562,0.76790136
941563,0.76790136
941564,0.7215548
941565,0.7215548
941566,0.6778394
941567,0.4726543
941568,0.17355075
941569,0.10277531
941570,0.42684948
941571,0.45763975
941572,0.47235942
941573,0.4845374
941574,0.4845374
941575,0.4845374
941576,0.4845374
941577,0.4845374
941578,0.4845374
941579,0.48500714
941580,0.48467246
941581,0.48139045
941582,0.4795246
941583,0.4795246
941584,0.46741113
941585,0.45600402
941586,0.43242338
941587,0.42862812
941588,0.3227078
941589,0.39875758
941590,0.39635187
941591,0.3694623
941592,0.35525247
941593,0.2272589
941594,0.05892033
941595,0.37660694
941596,0.37307826
941597,0.36863887
941598,0.36638066
941599,0.36513335
941600,0.3439604
941601,0.15354528
941602,0.32576808
941603,0.35115144
941604,0.33443207
941605,0.31939584
941606,0.281837
941607,0.031725734
941608,0.1156345
941609,0.10563608
941610,0.09879328
941611,0.10591268
941612,0.08037611
941613,0.25650147
941614,0.11178651
941615,0.15801512
941616,0.16609319
941617,0.029737227
941618,0.10025865
941619,0.09981268
941620,0.59338677
941621,0.5779294
941622,0.6226252
941623,0.71740496
941624,0.72849154
941625,0.73580945
941626,0.75393003
941627,0.7480775
941628,0.75634307
941629,0.75634307
941630,0.7581754
941631,0.7581754
941632,0.758786
941633,0.758786
941634,0.758786
941635,0.7575212
941636,0.7575212
941637,0.75705415
941638,0.75705415
941639,0.7575791
941640,0.7670423
941641,0.76576877
941642,0.75765365
941643,0.75765365
941644,0.7516804
941645,0.73109376
941646,0.73109376
941647,0.74998355
941648,0.74048096
941649,0.74048096
941650,0.8105033
941651,0.76266044
941652,0.5332546
941653,0.018578663
941654,0.046454545
941655,0.10075344
941656,0.04627014
941657,0.04602221
941658,0.04907247
941659,0.18885288
941660,0.14084607
941661,0.154251
941662,0.12909557
941663,0.28684613
941664,0.13714683
941665,0.13714683
941666,0.13714683
941667,0.10003243
941668,0.02925792
941669,0.10093374
941670,0.10881021
941671,0.02210466
941672,0.11200572
941673,0.11238923
941674,0.1353104
941675,0.02925792
941676,0.09039275
941677,0.080450654
941678,0.029722715
941679,0.09112626
941680,0.08248938
941681,0.1913141
941682,0.024439154
941683,0.08904921
941684,0.082537875
941685,0.07841759
941686,0.0798804
941687,0.062480263
941688,0.12059509
941689,0.23796438
941690,0.16663493
941691,0.15909432
941692,0.147338
941693,0.14193954
941694,0.101114646
941695,0.061071675
941696,0.21914057
941697,0.2082715
941698,0.19039448
941699,0.18914555
941700,0.23871942
941701,0.23396549
941702,0.28012806
941703,0.14325152
941704,0.14298728
941705,0.15199974
941706,0.04546685
941707,0.18017778
941708,0.1747169
941709,0.1620286
941710,0.16018483
941711,0.15901855
941712,0.12012599
941713,0.051824972
941714,0.18811746
941715,0.17981443
941716,0.1723614
941717,0.17042397
941718,0.12789923
941719,0.46309027
941720,0.4461959
941721,0.47482985
941722,0.47385925
941723,0.47084022
941724,0.47849178
941725,0.47084022
941726,0.47084022
941727,0.47084022
941728,0.47084022
941729,0.4706905
941730,0.46456832
941731,0.4154116
941732,0.07080958
941733,0.4063995
941734,0.43491998
941735,0.4515981
941736,0.4548667
941737,0.4548667
941738,0.4548667
941739,0.4548667
941740,0.4548667
941741,0.4548667
941742,0.45313895
941743,0.4443653
941744,0.4321302
941745,0.4321302
941746,0.54015726
941747,0.33664083
941748,0.039443053
941749,0.52516836
941750,0.5702107
941751,0.58317965
941752,0.58026606
941753,0.58026606
941754,0.58026606
941755,0.58026606
941756,0.58026606
941757,0.58026606
941758,0.558097
941759,0.5741179
941760,0.5726932
941761,0.5688375
941762,0.57433516
941763,0.5688375
941764,0.4479977
941765,0.06992608
941766,0.18510498
941767,0.17554453
941768,0.16041204
941769,0.18346725
941770,0.085440785
941771,0.052463606
941772,0.052063987
941773,0.052960865
941774,0.05301353
941775,0.051340222
941776,0.08929778
941777,0.026449667
941778,0.025118642
941779,0.024185542
941780,0.026922815
941781,0.026922815
941782,0.026922815
941783,0.025615195
941784,0.29854864
941785,0.08060347
941786,0.0504
941787,0.050015267
941788,0.050293393
941789,0.04626386
941790,0.010818402
941791,0.02404639
941792,0.02283346
941793,0.021983333
941794,0.023894105
941795,0.023894105
941796,0.023894105
941797,0.022730151
941798,0.03382094
941799,0.60939217
941800,0.650075
941801,0.6917386
941802,0.79572195
941803,0.8141321
941804,0.8252245
941805,0.856344
941806,0.8675092
941807,0.88148427
941808,0.88148427
941809,0.8868398
941810,0.8868398
941811,0.8873645
941812,0.88510376
941813,0.88510376
941814,0.88537735
941815,0.88537735
941816,0.88767576
941817,0.88767576
941818,0.88767576
941819,0.8872881
941820,0.88657486
941821,0.88657486
941822,0.88657486
941823,0.88563544
941824,0.8854204
941825,0.8854204
941826,0.8854204
941827,0.8854204
941828,0.88419956
941829,0.88419956
941830,0.88419956
941831,0.88419956
941832,0.8659649
941833,0.8659649
941834,0.81749874
941835,0.81749874
941836,0.811744
941837,0.811744
941838,0.811744
941839,0.7866634
941840,0.7866634
941841,0.7866634
941842,0.7866634
941843,0.7866634
941844,0.7866634
941845,0.7866634
941846,0.5655902
941847,0.019615887
941848,0.030678183
941849,0.037221048
941850,0.056774884
941851,0.49183387
941852,0.5349965
941853,0.5860981
941854,0.59430456
941855,0.59430456
941856,0.59430456
941857,0.59430456
941858,0.59430456
941859,0.59430456
941860,0.58326626
941861,0.5699805
941862,0.56468767
941863,0.56468767
941864,0.56468767
941865,0.43496212
941866,0.30238092
941867,0.075887755
941868,0.050821558
941869,0.050433785
941870,0.046755936
941871,0.038565643
941872,0.02404639
941873,0.02283346
941874,0.021983333
941875,0.022738013
941876,0.023894105
941877,0.022730151
941878,0.03568011
941879,0.010818402
941880,0.02404639
941881,0.02283346
941882,0.021983333
941883,0.023894105
941884,0.023894105
941885,0.023894105
941886,0.022730151
941887,0.044640455
941888,0.12556694
941889,0.23076229
941890,0.1711871
941891,0.2727409
941892,0.1402951
941893,0.12952778
941894,0.12297568
941895,0.121931724
941896,0.15940814
941897,0.24157988
941898,0.10845344
941899,0.09859054
941900,0.10826646
941901,0.42273223
941902,0.36032808
941903,0.50099283
941904,0.5158112
941905,0.5121585
941906,0.5121585
941907,0.5121585
941908,0.6785133
941909,0.5121585
941910,0.4202845
941911,0.51245177
941912,0.5058623
941913,0.5004719
941914,0.4986033
941915,0.4986033
941916,0.35875544
941917,0.09201782
941918,0.5141799
941919,0.59508175
941920,0.6162126
941921,0.62824225
941922,0.62824225
941923,0.62135667
941924,0.628589
941925,0.628589
941926,0.628589
941927,0.64612657
941928,0.6286044
941929,0.6270724
941930,0.58338267
941931,0.6253228
941932,0.63726765
941933,0.62370515
941934,0.6342238
941935,0.6206153
941936,0.62872183
941937,0.6033115
941938,0.6033115
941939,0.6033115
941940,0.39891773
941941,0.5296678
941942,0.6302035
941943,0.6599594
941944,0.6600313
941945,0.6758302
941946,0.6758302
941947,0.65262806
941948,0.65262806
941949,0.6341998
941950,0.6341998
941951,0.65054864
941952,0.642443
941953,0.45944926
941954,0.2582208
941955,0.14195259
941956,0.56736684
941957,0.6172895
941958,0.67198277
941959,0.6811215
941960,0.699887
941961,0.72188014
941962,0.7283905
941963,0.7290045
941964,0.72465855
941965,0.717952
941966,0.717952
941967,0.71802753
941968,0.7188393
941969,0.7188393
941970,0.7174429
941971,0.7174429
941972,0.7191703
941973,0.7191703
941974,0.71927357
941975,0.7178441
941976,0.7178441
941977,0.7178441
941978,0.7178441
941979,0.7155642
941980,0.7066391
941981,0.7066391
941982,0.7051967
941983,0.6996769
941984,0.6997071
941985,0.6997071
941986,0.6997071
941987,0.6997071
941988,0.4986754
941989,0.04825015
941990,0.1669758
941991,0.15980601
941992,0.15613411
941993,0.1444213
941994,0.084238134
941995,0.05119324
941996,0.050802782
941997,0.043836504
941998,0.027442176
941999,0.17240591
942000,0.17658347
942001,0.17855397
942002,0.18209873
942003,0.18209873
942004,0.18209873
942005,0.18209873
942006,0.18209873
942007,0.18209873
942008,0.36697796
942009,0.14697829
942010,0.28347045
942011,0.17467809
942012,0.15774411
942013,0.15257892
942014,0.09743293
942015,0.25800687
942016,0.12676531
942017,0.11434287
942018,0.08745395
942019,0.19091772
942020,0.15702738
942021,0.12169647
942022,0.017978875
942023,0.054339755
942024,0.05492609
942025,0.055750776
942026,0.055860728
942027,0.055860728
942028,0.055860728
942029,0.055860728
942030,0.05823482
942031,0.02075361
942032,0.15677963
942033,0.15863328
942034,0.15913938
942035,0.1573067
942036,0.15544222
942037,0.15344988
942038,0.15344988
942039,0.15344988
942040,0.20915692
942041,0.02340394
942042,0.103449345
942043,0.09863603
942044,0.09347882
942045,0.089561604
942046,0.0888551
942047,0.0888551
942048,0.06720718
942049,0.05063531
942050,0.16359995
942051,0.15654789
942052,0.15773438
942053,0.12054635
942054,0.017978875
942055,0.054339755
942056,0.15122932
942057,0.15326546
942058,0.055860728
942059,0.055096004
942060,0.055096004
942061,0.055096004
942062,0.055131994
942063,0.023453275
942064,0.09697605
942065,0.09243287
942066,0.08857125
942067,0.09333498
942068,0.0888551
942069,0.09081363
942070,0.06976613
942071,0.18141374
942072,0.023019707
942073,0.05034278
942074,0.049958445
942075,0.04956641
942076,0.04520646
942077,0.017344445
942078,0.080984056
942079,0.07712609
942080,0.07300245
942081,0.071900554
942082,0.07087541
942083,0.07087541
942084,0.0556539
942085,0.018707989
942086,0.04826684
942087,0.047897547
942088,0.048075598
942089,0.08221456
942090,0.065304786
942091,0.022355994
942092,0.09523592
942093,0.084929354
942094,0.08042485
942095,0.079220496
942096,0.061667085
942097,0.021537915
942098,0.12748459
942099,0.13074562
942100,0.15424848
942101,0.13666204
942102,0.13701026
942103,0.13701026
942104,0.1577848
942105,0.14165466
942106,0.11786202
942107,0.020928768
942108,0.095927395
942109,0.09554096
942110,0.09586871
942111,0.095695876
942112,0.0990641
942113,0.0990641
942114,0.0990641
942115,0.0990641
942116,0.12931874
942117,0.43826473
942118,0.017727653
942119,0.08501844
942120,0.07179997
942121,0.07219725
942122,0.07176339
942123,0.07196002
942124,0.07196002
942125,0.07157244
942126,0.02013692
942127,0.0949334
942128,0.09591331
942129,0.09729006
942130,0.10072031
942131,0.09832394
942132,0.09832394
942133,0.055059012
942134,0.058150437
942135,0.014253479
942136,0.045721743
942137,0.045896854
942138,0.04615793
942139,0.04527214
942140,0.045399737
942141,0.045399737
942142,0.053649623
942143,0.11125696
942144,0.01882023
942145,0.045988943
942146,0.046165027
942147,0.04642756
942148,0.04553684
942149,0.045665145
942150,0.045665145
942151,0.07010825
942152,0.21822016
942153,0.04693984
942154,0.15187106
942155,0.14266875
942156,0.13193578
942157,0.12701757
942158,0.09525883
942159,0.07967534
942160,0.16255313
942161,0.25211287
942162,0.21080443
942163,0.19994418
942164,0.05392198
942165,0.19853619
942166,0.16835521
942167,0.15604155
942168,0.15425336
942169,0.15729718
942170,0.16932976
942171,0.32870167
942172,0.11837057
942173,0.29619431
942174,0.29842505
942175,0.16906211
942176,0.047190152
942177,0.046552066
942178,0.010162307
942179,0.03826414
942180,0.036125194
942181,0.03235952
942182,0.032701366
942183,0.035359778
942184,0.036111582
942185,0.031283453
942186,0.011813187
942187,0.044506125
942188,0.04233032
942189,0.04218879
942190,0.042946056
942191,0.046397347
942192,0.047372304
942193,0.051237207
942194,0.040729787
942195,0.011813187
942196,0.044506125
942197,0.04233032
942198,0.04218879
942199,0.042946056
942200,0.046397347
942201,0.047372304
942202,0.051237207
942203,0.040729787
942204,0.105747774
942205,0.04414554
942206,0.35049415
942207,0.31455564
942208,0.30686307
942209,0.18139796
942210,0.014053897
942211,0.06008427
942212,0.061743222
942213,0.061962966
942214,0.063051805
942215,0.06800406
942216,0.0694
942217,0.07492071
942218,0.07492071
942219,0.056438312
942220,0.1693113
942221,0.011205434
942222,0.025142908
942223,0.02387603
942224,0.022988
942225,0.024983862
942226,0.024983862
942227,0.024983862
942228,0.03392981
942229,0.07835664
942230,0.010162307
942231,0.03826414
942232,0.036125194
942233,0.03235952
942234,0.032701366
942235,0.035359778
942236,0.036111582
942237,0.042496536
942238,0.052911133
942239,0.045315187
942240,0.020289754
942241,0.033558205
942242,0.029641928
942243,0.027957646
942244,0.031143442
942245,0.2463712
942246,0.17555355
942247,0.1626773
942248,0.14798234
942249,0.12564898
942250,0.020289754
942251,0.033558205
942252,0.029641928
942253,0.027957646
942254,0.031143442
942255,0.1204877
942256,0.03826414
942257,0.036125194
942258,0.03235952
942259,0.032701366
942260,0.033791445
942261,0.034511097
942262,0.029890317
942263,0.036302976
942264,0.14724386
942265,0.14260752
942266,0.1443994
942267,0.12934802
942268,0.12761642
942269,0.12761642
942270,0.09605975
942271,0.011291997
942272,0.0211221
942273,0.02344734
942274,0.022574889
942275,0.024983862
942276,0.024983862
942277,0.02359257
942278,0.013755394
942279,0.06239141
942280,0.06410972
942281,0.06433732
942282,0.065464966
942283,0.0675709
942284,0.064247504
942285,0.07444701
942286,0.07444701
942287,0.056074392
942288,0.049120408
942289,0.15252642
942290,0.14775257
942291,0.13669811
942292,0.1340895
942293,0.14157392
942294,0.10204866
942295,0.01273606
942296,0.027643112
942297,0.026028184
942298,0.025768388
942299,0.028176995
942300,0.028176995
942301,0.028176995
942302,0.028176995
942303,0.026367603
942304,0.010109413
942305,0.039532732
942306,0.037325628
942307,0.033439163
942308,0.03379201
942309,0.034917135
942310,0.030354798
942311,0.039767157
942312,0.2176914
942313,0.14775257
942314,0.14809342
942315,0.1340895
942316,0.13230409
942317,0.13230409
942318,0.13135393
942319,0.014065254
942320,0.027161753
942321,0.024656631
942322,0.019686013
942323,0.026270268
942324,0.024908958
942325,0.011560835
942326,0.047052115
942327,0.043985736
942328,0.035352487
942329,0.035724778
942330,0.040956028
942331,0.04023017
942332,0.05276257
942333,0.049316306
942334,0.15144454
942335,0.1470187
942336,0.13708872
942337,0.13447382
942338,0.14881486
942339,0.18292212
942340,0.09908337
942341,0.010358776
942342,0.02471828
942343,0.023472274
942344,0.022598915
942345,0.023376191
942346,0.025010394
942347,0.023491452
942348,0.039608255
942349,0.15295425
942350,0.1648886
942351,0.13708872
942352,0.17220089
942353,0.13268407
942354,0.13268407
942355,0.11241707
942356,0.018037949
942357,0.03359354
942358,0.029673247
942359,0.026079988
942360,0.02870581
942361,0.089718364
942362,0.053893175
942363,0.05348326
942364,0.049006037
942365,0.19543289
942366,0.22896327
942367,0.21983421
942368,0.21210648
942369,0.15165275
942370,0.051359966
942371,0.17595743
942372,0.22646286
942373,0.1435693
942374,0.15092
942375,0.11076985
942376,0.015358381
942377,0.027523933
942378,0.025676547
942379,0.024723247
942380,0.027355066
942381,0.035729766
942382,0.20755242
942383,0.017404476
942384,0.07321204
942385,0.075204454
942386,0.07546826
942387,0.07608236
942388,0.07608236
942389,0.07608236
942390,0.07608236
942391,0.07938444
942392,0.070428774
942393,0.035217106
942394,0.24765931
942395,0.24766864
942396,0.24449101
942397,0.24412256
942398,0.24412256
942399,0.24412256
942400,0.24412256
942401,0.17051196
942402,0.041440874
942403,0.14812283
942404,0.20569628
942405,0.147955
942406,0.13013646
942407,0.12839587
942408,0.12718555
942409,0.09524338
942410,0.2403925
942411,0.1403522
942412,0.13589828
942413,0.13119103
942414,0.12876213
942415,0.12622276
942416,0.12622276
942417,0.10380329
942418,0.16104221
942419,0.024646027
942420,0.054782897
942421,0.11608725
942422,0.041223712
942423,0.22684759
942424,0.19186859
942425,0.24829362
942426,0.20449376
942427,0.20925225
942428,0.2105528
942429,0.21240385
942430,0.21240385
942431,0.21240385
942432,0.21240385
942433,0.21240385
942434,0.21240385
942435,0.16609372
942436,0.042816155
942437,0.13618082
942438,0.13268213
942439,0.12851226
942440,0.12703003
942441,0.1150771
942442,0.12703003
942443,0.12421037
942444,0.09556313
942445,0.07516459
942446,0.29194513
942447,0.2841271
942448,0.28132555
942449,0.24169087
942450,0.09001533
942451,0.09001533
942452,0.09001533
942453,0.09001533
942454,0.09001533
942455,0.08585703
942456,0.23216705
942457,0.22707553
942458,0.22576633
942459,0.22576633
942460,0.1382588
942461,0.053648416
942462,0.1245054
942463,0.078127556
942464,0.43173572
942465,0.48876795
942466,0.5570994
942467,0.5680828
942468,0.5680828
942469,0.5680828
942470,0.5680828
942471,0.5680828
942472,0.5680828
942473,0.5658202
942474,0.5636439
942475,0.55833346
942476,0.55648947
942477,0.55648947
942478,0.55648947
942479,0.41860834
942480,0.04428199
942481,0.24025585
942482,0.24558954
942483,0.2480981
942484,0.25148627
942485,0.25148627
942486,0.25148627
942487,0.25148627
942488,0.25148627
942489,0.25148627
942490,0.24616769
942491,0.18121873
942492,0.040609382
942493,0.14009398
942494,0.21240656
942495,0.1348317
942496,0.13225323
942497,0.13048859
942498,0.08856934
942499,0.031589493
942500,0.117815435
942501,0.08144861
942502,0.019995984
942503,0.09381815
942504,0.08940828
942505,0.08566109
942506,0.08490325
942507,0.084230095
942508,0.12222503
942509,0.3294437
942510,0.3046472
942511,0.29709193
942512,0.19412568
942513,0.028551562
942514,0.10246798
942515,0.12563895
942516,0.12999064
942517,0.04199831
942518,0.14425348
942519,0.1396959
942520,0.13804363
942521,0.11353614
942522,0.12186195
942523,0.09537196
942524,0.08615765
942525,0.42288285
942526,0.45476338
942527,0.47326645
942528,0.48544633
942529,0.48544633
942530,0.48544633
942531,0.3009848
942532,0.3009848
942533,0.3009848
942534,0.29247946
942535,0.29220223
942536,0.2983163
942537,0.29675406
942538,0.29675406
942539,0.28584528
942540,0.28558925
942541,0.2600972
942542,0.2723735
942543,0.25500906
942544,0.035363834
942545,0.2920239
942546,0.25275195
942547,0.06536876
942548,0.16477755
942549,0.13717745
942550,0.14715615
942551,0.13494302
942552,0.10259621
942553,0.1601933
942554,0.19215116
942555,0.015606076
942556,0.054050673
942557,0.05216925
942558,0.049543116
942559,0.049075402
942560,0.048358746
942561,0.07544739
942562,0.21628655
942563,0.18554859
942564,0.19087286
942565,0.19810891
942566,0.20441142
942567,0.1990602
942568,0.1990602
942569,0.1990602
942570,0.1990602
942571,0.1990602
942572,0.197595
942573,0.196195
942574,0.1549533
942575,0.28840432
942576,0.055574287
942577,0.304917
942578,0.27856696
942579,0.30261296
942580,0.3109509
942581,0.31158295
942582,0.31158295
942583,0.31158295
942584,0.31158295
942585,0.31158295
942586,0.30960962
942587,0.30311358
942588,0.29162967
942589,0.29162967
942590,0.29162967
942591,0.29162967
942592,0.2902377
942593,0.3813513
942594,0.38449678
942595,0.43018666
942596,0.4911539
942597,0.51651376
942598,0.54081184
942599,0.54081184
942600,0.55319816
942601,0.55319816
942602,0.55319816
942603,0.55366296
942604,0.55333185
942605,0.5507076
942606,0.5494239
942607,0.5363579
942608,0.5275136
942609,0.5275136
942610,0.5169291
942611,0.27456298
942612,0.021118285
942613,0.083068974
942614,0.08026318
942615,0.07848327
942616,0.077727735
942617,0.075324245
942618,0.068445995
942619,0.10836621
942620,0.25321802
942621,0.23517929
942622,0.23591375
942623,0.1919412
942624,0.042246412
942625,0.22431876
942626,0.22890894
942627,0.21436039
942628,0.21557075
942629,0.21410398
942630,0.15723509
942631,0.042246412
942632,0.22431876
942633,0.23875524
942634,0.2237625
942635,0.22501075
942636,0.21410398
942637,0.23575918
942638,0.30584437
942639,0.2983575
942640,0.2092959
942641,0.02201783
942642,0.12164892
942643,0.114430025
942644,0.10963992
942645,0.10839304
942646,0.106206425
942647,0.08002131
942648,0.026717063
942649,0.12556723
942650,0.1178321
942651,0.112917736
942652,0.11163828
942653,0.082807824
942654,0.03289242
942655,0.117976375
942656,0.18018647
942657,0.28196052
942658,0.19680992
942659,0.17368798
942660,0.17393713
942661,0.17323662
942662,0.12733655
942663,0.45547476
942664,0.42614257
942665,0.42495224
942666,0.41849023
942667,0.30542913
942668,0.41237557
942669,0.41237557
942670,0.34625015
942671,0.19400224
942672,0.6615992
942673,0.6901832
942674,0.7549063
942675,0.7750181
942676,0.7663319
942677,0.79563534
942678,0.80556667
942679,0.818718
942680,0.818718
942681,0.83090055
942682,0.83090055
942683,0.83163536
942684,0.82943994
942685,0.82943994
942686,0.84225416
942687,0.8439352
942688,0.8498721
942689,0.8563066
942690,0.8563066
942691,0.8563066
942692,0.8554291
942693,0.8554291
942694,0.8554291
942695,0.8542743
942696,0.8550336
942697,0.8550336
942698,0.8550336
942699,0.8550336
942700,0.8580153
942701,0.8580153
942702,0.8580153
942703,0.8580153
942704,0.8501303
942705,0.8501303
942706,0.83830243
942707,0.83830243
942708,0.83351654
942709,0.83351654
942710,0.83351654
942711,0.8205207
942712,0.8205207
942713,0.8205207
942714,0.8205207
942715,0.81624174
942716,0.81624174
942717,0.81624174
942718,0.81624174
942719,0.81381154
942720,0.81381154
942721,0.81381154
942722,0.81381154
942723,0.81381154
942724,0.81381154
942725,0.81557465
942726,0.81557465
942727,0.81557465
942728,0.81557465
942729,0.81557465
942730,0.81557465
942731,0.64337254
942732,0.0828678
942733,0.47391316
942734,0.48575082
942735,0.48313737
942736,0.47800875
942737,0.47800875
942738,0.26278323
942739,0.47800875
942740,0.47800875
942741,0.47800875
942742,0.45555025
942743,0.35784677
942744,0.03009481
942745,0.32356307
942746,0.33430085
942747,0.351758
942748,0.3560535
942749,0.3560535
942750,0.3560535
942751,0.3560535
942752,0.3560535
942753,0.3560535
942754,0.34651807
942755,0.23099461
942756,0.1511463
942757,0.051338706
942758,0.049290933
942759,0.04720441
942760,0.45412815
942761,0.6460019
942762,0.4633064
942763,0.46956396
942764,0.46315625
942765,0.46315625
942766,0.46315625
942767,0.46315625
942768,0.35811305
942769,0.4598935
942770,0.58881605
942771,0.036457274
942772,0.23103313
942773,0.2132228
942774,0.19878472
942775,0.21288817
942776,0.020343687
942777,0.052265637
942778,0.04625194
942779,0.040679526
942780,0.077261895
942781,0.44759753
942782,0.4547789
942783,0.4314886
942784,0.456229
942785,0.264973
942786,0.456229
942787,0.456229
942788,0.456229
942789,0.45910457
942790,0.38173068
942791,0.022789951
942792,0.058647428
942793,0.053365063
942794,0.044253808
942795,0.11736412
942796,0.038311
942797,0.15698305
942798,0.16085951
942799,0.16320752
942800,0.09945837
942801,0.16974907
942802,0.16974907
942803,0.111617275
942804,0.111617275
942805,0.114164434
942806,0.09017461
942807,0.1847314
942808,0.019282501
942809,0.0946031
942810,0.09711665
942811,0.16320752
942812,0.16576105
942813,0.16974907
942814,0.16974907
942815,0.1816939
942816,0.1816939
942817,0.15393119
942818,0.12455722
942819,0.026177077
942820,0.08780148
942821,0.08485063
942822,0.08390206
942823,0.08474071
942824,0.08576243
942825,0.092646725
942826,0.23352072
942827,0.10026112
942828,0.09693601
942829,0.09280147
942830,0.09100888
942831,0.05716161
942832,0.055862386
942833,0.043194655
942834,0.22761585
942835,0.17079388
942836,0.15687199
942837,0.14554378
942838,0.112008885
942839,0.030038957
942840,0.08287442
942841,0.076231845
942842,0.09997828
942843,0.24326849
942844,0.1249802
942845,0.10242737
942846,0.16627395
942847,0.044578146
942848,0.1694892
942849,0.13033827
942850,0.022877159
942851,0.1170276
942852,0.11166109
942853,0.106378645
942854,0.108187646
942855,0.11538336
942856,0.107351534
942857,0.03650184
942858,0.03474861
942859,0.16592059
942860,0.15353781
942861,0.14504598
942862,0.14384542
942863,0.103180476
942864,0.01658634
942865,0.054436393
942866,0.051338777
942867,0.050449625
942868,0.05026081
942869,0.05026081
942870,0.05026081
942871,0.05026081
942872,0.036243208
942873,0.46205735
942874,0.5172184
942875,0.59060764
942876,0.64175314
942877,0.6578981
942878,0.6578981
942879,0.6578981
942880,0.6578981
942881,0.6578981
942882,0.6578981
942883,0.65519977
942884,0.654897
942885,0.6506707
942886,0.6471167
942887,0.6471167
942888,0.6455399
942889,0.6455399
942890,0.63729674
942891,0.42556465
942892,0.13706395
942893,0.121333025
942894,0.124225646
942895,0.13797447
942896,0.12226826
942897,0.03474861
942898,0.16592059
942899,0.15353781
942900,0.14504598
942901,0.14384542
942902,0.14025034
942903,0.01770422
942904,0.07058343
942905,0.07029113
942906,0.07053903
942907,0.17051437
942908,0.17051437
942909,0.17051437
942910,0.17051437
942911,0.1597394
942912,0.046157848
942913,0.18068913
942914,0.100243546
942915,0.093097635
942916,0.082817115
942917,0.12157294
942918,0.1933344
942919,0.027883407
942920,0.17657457
942921,0.17592645
942922,0.17647617
942923,0.16512428
942924,0.07291141
942925,0.17618631
942926,0.17618631
942927,0.17618631
942928,0.11973501
942929,0.029533548
942930,0.09821067
942931,0.091975234
942932,0.042399075
942933,0.091857016
942934,0.07355008
942935,0.015559021
942936,0.048730202
942937,0.048916247
942938,0.050695196
942939,0.050745733
942940,0.050745733
942941,0.05490071
942942,0.20395058
942943,0.024092117
942944,0.11408624
942945,0.105084576
942946,0.09951672
942947,0.09760837
942948,0.06826574
942949,0.03156396
942950,0.099552356
942951,0.22672653
942952,0.22810435
942953,0.22775316
942954,0.22775316
942955,0.22775316
942956,0.09870486
942957,0.22775316
942958,0.22775316
942959,0.16183853
942960,0.26403436
942961,0.13616244
942962,0.019891374
942963,0.10372977
942964,0.10030244
942965,0.09496108
942966,0.09313106
942967,0.09066122
942968,0.06478749
942969,0.036918424
942970,0.15014566
942971,0.06474832
942972,0.12575549
942973,0.15809405
942974,0.028923515
942975,0.07313404
942976,0.07063794
942977,0.06983614
942978,0.070545025
942979,0.076048225
942980,0.06508102
942981,0.07419427
942982,0.09907754
942983,0.09097788
942984,0.09250969
942985,0.09052689
942986,0.088600785
942987,0.0194536
942988,0.10372977
942989,0.10030244
942990,0.09496108
942991,0.09313106
942992,0.09066122
942993,0.09066122
942994,0.06478749
942995,0.14515957
942996,0.037374258
942997,0.44322243
942998,0.47433427
942999,0.47769973
943000,0.48207626
943001,0.45400095
943002,0.48207626
943003,0.45400095
943004,0.48207626
943005,0.49996138
943006,0.47977573
943007,0.47472224
943008,0.46681672
943009,0.37208882
943010,0.2176371
943011,0.17080179
943012,0.15687938
943013,0.14625238
943014,0.021766363
943015,0.10324211
943016,0.09982911
943017,0.0945103
943018,0.09268808
943019,0.090228826
943020,0.090228826
943021,0.06446974
943022,0.025235076
943023,0.1520178
943024,0.16929884
943025,0.15958072
943026,0.1607602
943027,0.1746061
943028,0.1607602
943029,0.1607602
943030,0.16605476
943031,0.15027936
943032,0.030681504
943033,0.11651831
943034,0.106452644
943035,0.14236966
943036,0.023736592
943037,0.087460846
943038,0.093400985
943039,0.08926439
943040,0.089349754
943041,0.089349754
943042,0.089349754
943043,0.084573865
943044,0.03406526
943045,0.097377904
943046,0.096671045
943047,0.09721345
943048,0.081806816
943049,0.03624629
943050,0.109839365
943051,0.10079715
943052,0.10136006
943053,0.08320846
943054,0.06287836
943055,0.1898604
943056,0.07133257
943057,0.06353301
943058,0.05916751
943059,0.045063544
943060,0.3372087
943061,0.33134818
943062,0.34221366
943063,0.35042393
943064,0.349549
943065,0.349549
943066,0.349549
943067,0.349549
943068,0.349549
943069,0.349549
943070,0.31610787
943071,0.111816145
943072,0.023309981
943073,0.053442355
943074,0.047498878
943075,0.043157175
943076,0.04552668
943077,0.111816145
943078,0.037177857
943079,0.19051439
943080,0.19885007
943081,0.20161937
943082,0.20918341
943083,0.21113427
943084,0.21113427
943085,0.21113427
943086,0.21113427
943087,0.21113427
943088,0.19202588
943089,0.027127374
943090,0.040264424
943091,0.03995381
943092,0.035600387
943093,0.25618798
943094,0.34183085
943095,0.44720325
943096,0.57526183
943097,0.6121657
943098,0.6327407
943099,0.66879076
943100,0.6762169
943101,0.6762169
943102,0.6762169
943103,0.68596417
943104,0.68596417
943105,0.68516463
943106,0.68516463
943107,0.68516463
943108,0.6836746
943109,0.6836746
943110,0.67377406
943111,0.67036235
943112,0.6761145
943113,0.65601724
943114,0.69619495
943115,0.70074093
943116,0.6592756
943117,0.6427263
943118,0.2936232
943119,0.013532199
943120,0.038938597
943121,0.039088793
943122,0.08800624
943123,0.037794936
943124,0.038224667
943125,0.038224667
943126,0.037038393
943127,0.0247082
943128,0.11217741
943129,0.11509851
943130,0.1190173
943131,0.1226343
943132,0.12390445
943133,0.12390445
943134,0.12390445
943135,0.12390445
943136,0.12390445
943137,0.124033004
943138,0.07767034
943139,0.013532199
943140,0.038938597
943141,0.039088793
943142,0.037410345
943143,0.037794936
943144,0.038224667
943145,0.038224667
943146,0.037038393
943147,0.030280296
943148,0.14543027
943149,0.15726222
943150,0.16285945
943151,0.17197324
943152,0.17365327
943153,0.17365327
943154,0.17365327
943155,0.17365327
943156,0.17365327
943157,0.1738232
943158,0.17255542
943159,0.1054542
943160,0.026381042
943161,0.111089475
943162,0.11398584
943163,0.11751654
943164,0.1239758
943165,0.12525786
943166,0.12525786
943167,0.12525786
943168,0.12525786
943169,0.12525786
943170,0.12580988
943171,0.10457545
943172,0.0140782595
943173,0.043550786
943174,0.042315323
943175,0.04189996
943176,0.042077925
943177,0.0425542
943178,0.0425542
943179,0.0425542
943180,0.03282236
943181,0.013728808
943182,0.039489552
943183,0.03964179
943184,0.03794053
943185,0.038330358
943186,0.03876593
943187,0.03876593
943188,0.037563514
943189,0.0140782595
943190,0.043550786
943191,0.042315323
943192,0.04189996
943193,0.042077925
943194,0.0425542
943195,0.0425542
943196,0.0425542
943197,0.03282236
943198,0.1819242
943199,0.06726443
943200,0.072119534
943201,0.06766988
943202,0.06832984
943203,0.0680857
943204,0.0680857
943205,0.05707511
943206,0.014147392
943207,0.03972185
943208,0.039874945
943209,0.038164075
943210,0.038556106
943211,0.03899414
943212,0.03899414
943213,0.037784923
943214,0.01828778
943215,0.09027236
943216,0.04338063
943217,0.04024696
943218,0.0401026
943219,0.056735862
943220,0.023847947
943221,0.084458016
943222,0.08017619
943223,0.07941999
943224,0.08395733
943225,0.08165653
943226,0.08165653
943227,0.11551692
943228,0.06800791
943229,0.014547953
943230,0.039185364
943231,0.039336476
943232,0.037647806
943233,0.038034745
943234,0.03846709
943235,0.035191346
943236,0.01967203
943237,0.06486644
943238,0.06779886
943239,0.062754855
943240,0.06337014
943241,0.06189028
943242,0.055366922
943243,0.06655418
943244,0.013469378
943245,0.03972185
943246,0.039874945
943247,0.037644852
943248,0.03803176
943249,0.038464077
943250,0.038464077
943251,0.037270658
943252,0.013851013
943253,0.039185364
943254,0.039336476
943255,0.037135337
943256,0.03751721
943257,0.037943907
943258,0.034711108
943259,0.17354104
943260,0.013446239
943261,0.040202223
943262,0.04035709
943263,0.038101103
943264,0.038492516
943265,0.03839966
943266,0.03839966
943267,0.037208166
943268,0.01721398
943269,0.0415732
943270,0.041252926
943271,0.038948886
943272,0.039348647
943273,0.03540192
943274,0.03439154
943275,0.07083664
943276,0.28645203
943277,0.16155446
943278,0.14712004
943279,0.1282975
943280,0.11641875
943281,0.043029096
943282,0.16155446
943283,0.14712004
943284,0.050585333
943285,0.05034252
943286,0.35966915
943287,0.36799428
943288,0.3831918
943289,0.39411408
943290,0.4020091
943291,0.4020091
943292,0.4020091
943293,0.4020091
943294,0.4020091
943295,0.4020091
943296,0.40377042
943297,0.40344787
943298,0.397238
943299,0.397238
943300,0.397238
943301,0.38465583
943302,0.3738506
943303,0.32938835
943304,0.31396386
943305,0.16744559
943306,0.10401705
943307,0.11707647
943308,0.16180639
943309,0.12933896
943310,0.1072495
943311,0.25409546
943312,0.026766151
943313,0.10401705
943314,0.11707647
943315,0.088653855
943316,0.11004253
943317,0.04219016
943318,0.28142676
943319,0.30043337
943320,0.31508538
943321,0.32685724
943322,0.32685724
943323,0.32685724
943324,0.32685724
943325,0.32685724
943326,0.32685724
943327,0.32518288
943328,0.32324302
943329,0.22219875
943330,0.22958581
943331,0.2640238
943332,0.20049277
943333,0.1969066
943334,0.08099055
943335,0.06481251
943336,0.05878001
943337,0.055351317
943338,0.048767038
943339,0.14756688
943340,0.13314036
943341,0.11583644
943342,0.04204802
943343,0.26565167
943344,0.24937725
943345,0.22085969
943346,0.16152574
943347,0.021154637
943348,0.06178465
943349,0.059650984
943350,0.05517728
943351,0.05257179
943352,0.058304105
943353,0.06391081
943354,0.051002674
943355,0.026821911
943356,0.24011837
943357,0.23632976
943358,0.21245106
943359,0.2116352
943360,0.20596014
943361,0.1958652
943362,0.021154637
943363,0.062723115
943364,0.059650984
943365,0.05517728
943366,0.056598563
943367,0.058304105
943368,0.05951365
943369,0.05262424
943370,0.020847946
943371,0.058822248
943372,0.05678469
943373,0.05251395
943374,0.055746283
943375,0.05872312
943376,0.05951365
943377,0.051002674
943378,0.17999144
943379,0.13108106
943380,0.02172657
943381,0.06128793
943382,0.059170324
943383,0.054730576
943384,0.055295244
943385,0.058203578
943386,0.05951365
943387,0.061678417
943388,0.033365294
943389,0.123950176
943390,0.12438583
943391,0.11464585
943392,0.11577492
943393,0.11577492
943394,0.122269
943395,0.25496492
943396,0.13179962
943397,0.10806694
943398,0.11997094
943399,0.09797891
943400,0.09339362
943401,0.083347864
943402,0.08260864
943403,0.08195205
943404,0.061250772
943405,0.025090674
943406,0.084353216
943407,0.086620465
943408,0.08692055
943409,0.08840662
943410,0.07236253
943411,0.07384085
943412,0.079684556
943413,0.07952233
943414,0.057889562
943415,0.109469086
943416,0.08368564
943417,0.020238742
943418,0.08975408
943419,0.09153909
943420,0.092987366
943421,0.094566405
943422,0.09594928
943423,0.09922347
943424,0.106844276
943425,0.10663316
943426,0.10663316
943427,0.087880105
943428,0.22550099
943429,0.028008541
943430,0.10711934
943431,0.10994128
943432,0.036825668
943433,0.2516432
943434,0.2820425
943435,0.32051593
943436,0.33688584
943437,0.3606671
943438,0.36928478
943439,0.39161438
943440,0.391087
943441,0.391087
943442,0.39032373
943443,0.38821888
943444,0.36060438
943445,0.36060438
943446,0.21595362
943447,0.027822398
943448,0.1192583
943449,0.12155176
943450,0.12715222
943451,0.13545664
943452,0.13734676
943453,0.14181207
943454,0.15215129
943455,0.1518659
943456,0.1518659
943457,0.1514534
943458,0.10411188
943459,0.17933418
943460,0.10244771
943461,0.09689814
943462,0.09529924
943463,0.09512732
943464,0.09512732
943465,0.09512732
943466,0.09512732
943467,0.07782412
943468,0.038614895
943469,0.07656589
943470,0.031040132
943471,0.17642762
943472,0.2461928
943473,0.17691897
943474,0.17662856
943475,0.17662856
943476,0.17204332
943477,0.17662856
943478,0.17662856
943479,0.17662856
943480,0.12561542
943481,0.024346624
943482,0.13301577
943483,0.1325018
943484,0.1329377
943485,0.13270783
943486,0.12908402
943487,0.13270783
943488,0.12908402
943489,0.13270783
943490,0.09194922
943491,0.18495853
943492,0.2206822
943493,0.1397182
943494,0.1384818
943495,0.028073272
943496,0.09816602
943497,0.10920553
943498,0.1001555
943499,0.099283345
943500,0.07378049
943501,0.037808124
943502,0.095713206
943503,0.10771469
943504,0.028073272
943505,0.120151214
943506,0.10920553
943507,0.1001555
943508,0.08846701
943509,0.06595615
943510,0.18081956
943511,0.023749765
943512,0.107047915
943513,0.102086246
943514,0.09464188
943515,0.09381274
943516,0.09250632
943517,0.07787446
943518,0.27386287
943519,0.26319405
943520,0.24876799
943521,0.23340769
943522,0.23253508
943523,0.15322787
943524,0.06367231
943525,0.13157651
943526,0.023337571
943527,0.107047915
943528,0.102086246
943529,0.09464188
943530,0.09381274
943531,0.09250632
943532,0.09250632
943533,0.06934038
943534,0.030075053
943535,0.2833666
943536,0.29334885
943537,0.2956117
943538,0.2948115
943539,0.2948115
943540,0.2948115
943541,0.2948115
943542,0.2948115
943543,0.19537969
943544,0.044863112
943545,0.10743289
943546,0.11005306
943547,0.1056811
943548,0.11933814
943549,0.19981578
943550,0.13251059
943551,0.121804476
943552,0.11930656
943553,0.11706807
943554,0.16895898
943555,0.022074599
943556,0.09625168
943557,0.092680074
943558,0.10858598
943559,0.08277489
943560,0.081664704
943561,0.083809495
943562,0.1009828
943563,0.06316679
943564,0.19814625
943565,0.02332921
943566,0.24957597
943567,0.24568637
943568,0.23484373
943569,0.2327719
943570,0.22669306
943571,0.14963609
943572,0.1960582
943573,0.15367101
943574,0.08816882
943575,0.07788446
943576,0.07227398
943577,0.061654683
943578,0.028304663
943579,0.2728155
943580,0.2580467
943581,0.24683708
943582,0.24469326
943583,0.23298772
943584,0.02516255
943585,0.08816882
943586,0.07788446
943587,0.07227398
943588,0.12480091
943589,0.10839498
943590,0.045738462
943591,0.04538762
943592,0.04511791
943593,0.040861692
943594,0.023472644
943595,0.045738462
943596,0.04538762
943597,0.04973392
943598,0.2254478
943599,0.09543057
943600,0.10460691
943601,0.084848784
943602,0.07658666
943603,0.028161548
943604,0.09151685
943605,0.084964864
943606,0.10715036
943607,0.0830433
943608,0.06644095
943609,0.021810913
943610,0.07530354
943611,0.072739206
943612,0.07160835
943613,0.072303735
943614,0.069991864
943615,0.071425475
943616,0.060117766
943617,0.019913832
943618,0.096416794
943619,0.072739206
943620,0.07160835
943621,0.072303735
943622,0.069991864
943623,0.071425475
943624,0.060117766
943625,0.020014428
943626,0.07080668
943627,0.068384156
943628,0.08564333
943629,0.08646232
943630,0.064488515
943631,0.095371224
943632,0.0806016
943633,0.087823346
943634,0.046005756
943635,0.04565296
943636,0.04538175
943637,0.041101713
943638,0.028822217
943639,0.07080668
943640,0.068384156
943641,0.067316085
943642,0.06797285
943643,0.064488515
943644,0.095371224
943645,0.055344597
943646,0.02907538
943647,0.0690937
943648,0.020215565
943649,0.07343497
943650,0.07092938
943651,0.07061326
943652,0.071299724
943653,0.06511499
943654,0.06154084
943655,0.08244364
943656,0.030102585
943657,0.08628797
943658,0.0793892
943659,0.0843081
943660,0.21782093
943661,0.23015787
943662,0.2086465
943663,0.21347575
943664,0.2141123
943665,0.2138186
943666,0.2138186
943667,0.2138186
943668,0.2095349
943669,0.2095349
943670,0.14740923
943671,0.042891458
943672,0.22397953
943673,0.2175434
943674,0.20250809
943675,0.2036689
943676,0.20226224
943677,0.20226224
943678,0.14340323
943679,0.057726994
943680,0.29396516
943681,0.30002037
943682,0.30366462
943683,0.32374984
943684,0.32374984
943685,0.32374984
943686,0.31815502
943687,0.31815502
943688,0.31815502
943689,0.30248567
943690,0.26801527
943691,0.12221861
943692,0.11022413
943693,0.104531296
943694,0.10443096
943695,0.0788958
943696,0.08331648
943697,0.04980618
943698,0.04942575
943699,0.045817863
943700,0.3128164
943701,0.17622711
943702,0.16317366
943703,0.15243489
943704,0.12616439
943705,0.018886875
943706,0.099242486
943707,0.09460426
943708,0.08963689
943709,0.088847294
943710,0.08760334
943711,0.06658191
943712,0.02174498
943713,0.049292903
943714,0.049665544
943715,0.04848351
943716,0.3640698
943717,0.37081066
943718,0.3820255
943719,0.3879649
943720,0.3879649
943721,0.3879649
943722,0.3879649
943723,0.3879649
943724,0.3879649
943725,0.37268668
943726,0.3064738
943727,0.27203262
943728,0.028962856
943729,0.11927564
943730,0.09042453
943731,0.02148634
943732,0.04872292
943733,0.049091473
943734,0.015417101
943735,0.069933355
943736,0.044516023
943737,0.054540895
943738,0.054681923
943739,0.038748857
943740,0.4000188
943741,0.43040964
943742,0.44237432
943743,0.4513388
943744,0.45125434
943745,0.45204124
943746,0.45204124
943747,0.45204124
943748,0.58197945
943749,0.45204124
943750,0.42004114
943751,0.20155287
943752,0.046561584
943753,0.041596048
943754,0.037481587
943755,0.039006475
943756,0.021076152
943757,0.04923057
943758,0.04885431
943759,0.049126312
943760,0.045185834
943761,0.23584037
943762,0.19122343
943763,0.19789656
943764,0.20653294
943765,0.20880863
943766,0.20880863
943767,0.20880863
943768,0.20880863
943769,0.20880863
943770,0.20880863
943771,0.20729023
943772,0.20426957
943773,0.19516152
943774,0.19516152
943775,0.11526383
943776,0.011912541
943777,0.056400593
943778,0.05252306
943779,0.045257285
943780,0.046938483
943781,0.046938483
943782,0.044361446
943783,0.036082044
943784,0.026984984
943785,0.050822005
943786,0.2503994
943787,0.018189833
943788,0.096526854
943789,0.09331274
943790,0.08891041
943791,0.087185755
943792,0.08485884
943793,0.08485884
943794,0.06053081
943795,0.012847519
943796,0.057382405
943797,0.05308431
943798,0.04927683
943799,0.04694405
943800,0.049404956
943801,0.03800079
943802,0.24170756
943803,0.3041314
943804,0.29973114
943805,0.28741223
943806,0.28641316
943807,0.27944374
943808,0.19556485
943809,0.11070138
943810,0.07810625
943811,0.07143264
943812,0.022525059
943813,0.05040891
943814,0.050024122
943815,0.046374682
943816,0.038819663
943817,0.19894873
943818,0.20677869
943819,0.22306393
943820,0.22547
943821,0.22547
943822,0.22547
943823,0.22547
943824,0.22547
943825,0.22547
943826,0.22386473
943827,0.21100487
943828,0.20653427
943829,0.20653427
943830,0.20653427
943831,0.118243285
943832,0.017663648
943833,0.092615165
943834,0.09424116
943835,0.094564915
943836,0.09546354
943837,0.09546354
943838,0.09546354
943839,0.09546354
943840,0.151043
943841,0.08483569
943842,0.038890768
943843,0.27852708
943844,0.014874384
943845,0.049928885
943846,0.050315365
943847,0.050501913
943848,0.058045916
943849,0.058045916
943850,0.058045916
943851,0.087870054
943852,0.0775328
943853,0.42866617
943854,0.44551513
943855,0.4543127
943856,0.46943015
943857,0.46943015
943858,0.46943015
943859,0.4730161
943860,0.4730161
943861,0.4730161
943862,0.4775556
943863,0.46921295
943864,0.46758032
943865,0.46758032
943866,0.46758032
943867,0.45711023
943868,0.4457441
943869,0.4155705
943870,0.41181576
943871,0.3784244
943872,0.3530802
943873,0.25893822
943874,0.015451318
943875,0.0720186
943876,0.06659113
943877,0.06637411
943878,0.06702467
943879,0.06702467
943880,0.06702467
943881,0.06702467
943882,0.05131017
943883,0.14267057
943884,0.01586592
943885,0.05196425
943886,0.05216196
943887,0.05235498
943888,0.060158256
943889,0.060158256
943890,0.08614979
943891,0.012847519
943892,0.05933331
943893,0.055265974
943894,0.04927683
943895,0.049404956
943896,0.049404956
943897,0.03800079
943898,0.019371495
943899,0.04925189
943900,0.04312034
943901,0.025940496
943902,0.07427426
943903,0.014203292
943904,0.06628455
943905,0.061260693
943906,0.061059896
943907,0.0627443
943908,0.0627443
943909,0.0627443
943910,0.06089679
943911,0.047981754
943912,0.26154748
943913,0.012767581
943914,0.058069773
943915,0.060702898
943916,0.0598895
943917,0.060944267
943918,0.06385538
943919,0.06385538
943920,0.0689677
943921,0.0689677
943922,0.050478596
943923,0.26731762
943924,0.15159829
943925,0.14010486
943926,0.13309957
943927,0.13198262
943928,0.09798323
943929,0.016239876
943930,0.08725835
943931,0.086903475
943932,0.08720445
943933,0.08954129
943934,0.08954129
943935,0.08954129
943936,0.08954129
943937,0.08954129
943938,0.06403745
943939,0.0105829295
943940,0.044214655
943941,0.046074636
943942,0.04191183
943943,0.04266435
943944,0.04277779
943945,0.04277779
943946,0.04628606
943947,0.0489216
943948,0.027124885
943949,0.14440884
943950,0.14073323
943951,0.13703868
943952,0.13680284
943953,0.13680284
943954,0.13680284
943955,0.13680284
943956,0.101520315
943957,0.015811192
943958,0.06767044
943959,0.059132576
943960,0.051147114
943961,0.05382169
943962,0.037355788
943963,0.029962383
943964,0.18304461
943965,0.18742158
943966,0.19328925
943967,0.19297825
943968,0.19297825
943969,0.19297825
943970,0.19297825
943971,0.19297825
943972,0.2042691
943973,0.03292296
943974,0.3025371
943975,0.32447618
943976,0.3565396
943977,0.3738506
943978,0.3738506
943979,0.3738506
943980,0.3738506
943981,0.3738506
943982,0.3738506
943983,0.3697748
943984,0.3677139
943985,0.34303308
943986,0.34303308
943987,0.21852444
943988,0.08229764
943989,0.039055556
943990,0.03687407
943991,0.0339052
943992,0.034262795
943993,0.0343547
943994,0.0343547
943995,0.02940263
943996,0.2114238
943997,0.09573502
943998,0.09254458
943999,0.08998263
944000,0.08886222
944001,0.08772452
944002,0.08772452
944003,0.08772452
944004,0.059562467
944005,0.031079018
944006,0.11199577
944007,0.01812674
944008,0.1073242
944009,0.110134624
944010,0.113561325
944011,0.11981015
944012,0.12629862
944013,0.12010291
944014,0.12909746
944015,0.12909746
944016,0.1319842
944017,0.130932
944018,0.09049095
944019,0.03432128
944020,0.13186935
944021,0.011812007
944022,0.09598558
944023,0.09148411
944024,0.086664885
944025,0.08589899
944026,0.08469248
944027,0.06432031
944028,0.017555948
944029,0.07085242
944030,0.07278566
944031,0.08115798
944032,0.074309744
944033,0.086132064
944034,0.086132064
944035,0.092851
944036,0.092851
944037,0.06900933
944038,0.029546877
944039,0.1261213
944040,0.11195348
944041,0.10416604
944042,0.12722003
944043,0.0151360165
944044,0.053720217
944045,0.051118057
944046,0.051833138
944047,0.051854692
944048,0.060337383
944049,0.060337383
944050,0.06518767
944051,0.06508851
944052,0.02135421
944053,0.07247973
944054,0.07290256
944055,0.06881076
944056,0.07001095
944057,0.07423095
944058,0.07423095
944059,0.078539856
944060,0.06261634
944061,0.038657244
944062,0.084786505
944063,0.056313533
944064,0.15973173
944065,0.16366296
944066,0.16418196
944067,0.1667477
944068,0.17312364
944069,0.17312364
944070,0.17943512
944071,0.12032695
944072,0.1360723
944073,0.2240294
944074,0.10302685
944075,0.09962017
944076,0.09688325
944077,0.09568595
944078,0.09446995
944079,0.09446995
944080,0.09446995
944081,0.15339151
944082,0.27928966
944083,0.24723989
944084,0.052597705
944085,0.1333045
944086,0.12319454
944087,0.12267621
944088,0.123850025
944089,0.12974931
944090,0.27695772
944091,0.18811901
944092,0.26933643
944093,0.24927968
944094,0.26246464
944095,0.26463515
944096,0.28721872
944097,0.2825222
944098,0.29086843
944099,0.31019497
944100,0.31019497
944101,0.2999155
944102,0.28788045
944103,0.2090796
944104,0.18074414
944105,0.114488915
944106,0.11724012
944107,0.12816906
944108,0.11405234
944109,0.045292355
944110,0.21561787
944111,0.22367562
944112,0.23273477
944113,0.2420653
944114,0.24059728
944115,0.24059728
944116,0.2395824
944117,0.2395824
944118,0.2395824
944119,0.24433208
944120,0.16812794
944121,0.024004014
944122,0.0919665
944123,0.10576466
944124,0.03270592
944125,0.108177036
944126,0.11573717
944127,0.018089889
944128,0.046718664
944129,0.04636064
944130,0.04653326
944131,0.046283986
944132,0.04165809
944133,0.01624031
944134,0.06487801
944135,0.06665993
944136,0.06689593
944137,0.06831919
944138,0.068507075
944139,0.068507075
944140,0.068507075
944141,0.071505815
944142,0.06426918
944143,0.2941617
944144,0.20573024
944145,0.23631051
944146,0.17005266
944147,0.17982306
944148,0.018078815
944149,0.11734331
944150,0.04345407
944151,0.043701902
944152,0.044863816
944153,0.040853396
944154,0.014319959
944155,0.045928165
944156,0.04610403
944157,0.04636623
944158,0.04697334
944159,0.047105487
944160,0.047105487
944161,0.045358505
944162,0.014319959
944163,0.045928165
944164,0.04610403
944165,0.2671927
944166,0.04697334
944167,0.047105487
944168,0.047105487
944169,0.10181667
944170,0.029355371
944171,0.113446966
944172,0.22864166
944173,0.111176066
944174,0.112531655
944175,0.11282641
944176,0.11282641
944177,0.12591912
944178,0.25516576
944179,0.2754416
944180,0.20024852
944181,0.19432354
944182,0.18052281
944183,0.18158628
944184,0.17929938
944185,0.1423974
944186,0.05113505
944187,0.19952297
944188,0.19476388
944189,0.18906821
944190,0.18703745
944191,0.19905323
944192,0.19361636
944193,0.18963976
944194,0.14120935
944195,0.5097167
944196,0.5836082
944197,0.6047408
944198,0.6197096
944199,0.6350946
944200,0.6350946
944201,0.6350946
944202,0.6350946
944203,0.6350946
944204,0.6350946
944205,0.62267613
944206,0.6017241
944207,0.38548118
944208,0.048471674
944209,0.20024852
944210,0.19432354
944211,0.19318075
944212,0.19018294
944213,0.17929938
944214,0.18566829
944215,0.13616654
944216,0.049194038
944217,0.30202806
944218,0.28952736
944219,0.28578863
944220,0.2943824
944221,0.29118037
944222,0.21280587
944223,0.0841169
944224,0.16877484
944225,0.16822454
944226,0.15591864
944227,0.15413162
944228,0.15300137
944229,0.20316447
944230,0.3094257
944231,0.24076964
944232,0.2251367
944233,0.21494254
944234,0.21476163
944235,0.20043057
944236,0.21023609
944237,0.18903781
944238,0.060015045
944239,0.32228464
944240,0.3368814
944241,0.35175133
944242,0.35850528
944243,0.35850528
944244,0.35850528
944245,0.35850528
944246,0.35850528
944247,0.35850528
944248,0.35284853
944249,0.27007538
944250,0.2105763
944251,0.2182281
944252,0.21191214
944253,0.20216054
944254,0.20198762
944255,0.19950642
944256,0.19950642
944257,0.15382132
944258,0.09738631
944259,0.03947046
944260,0.035987828
944261,0.03466532
944262,0.038863372
944263,0.036628235
944264,0.06512829
944265,0.05488733
944266,0.026804473
944267,0.21165356
944268,0.20547786
944269,0.19594875
944270,0.19442265
944271,0.19201201
944272,0.19201201
944273,0.14772637
944274,0.026320154
944275,0.055732958
944276,0.014652492
944277,0.048563708
944278,0.048749145
944279,0.049591925
944280,0.04964141
944281,0.04964141
944282,0.0559554
944283,0.04231865
944284,0.23163685
944285,0.21484171
944286,0.1795296
944287,0.043757502
944288,0.04039235
944289,0.044199657
944290,0.07787967
944291,0.061407275
944292,0.26701942
944293,0.01345692
944294,0.03398012
944295,0.030697467
944296,0.029563412
944297,0.032111406
944298,0.03872202
944299,0.2842447
944300,0.2274261
944301,0.07944735
944302,0.04101217
944303,0.036742885
944304,0.034669552
944305,0.039247654
944306,0.089543425
944307,0.07957091
944308,0.022576822
944309,0.040854048
944310,0.26907197
944311,0.24774262
944312,0.2569199
944313,0.25900474
944314,0.2595494
944315,0.2595494
944316,0.2595494
944317,0.2595494
944318,0.2595494
944319,0.17788921
944320,0.19225842
944321,0.07408205
944322,0.06945958
944323,0.03570475
944324,0.32027468
944325,0.4439106
944326,0.4631096
944327,0.37938163
944328,0.47089064
944329,0.47089064
944330,0.47089064
944331,0.47089064
944332,0.47089064
944333,0.46047902
944334,0.45589072
944335,0.3799609
944336,0.13350876
944337,0.09021383
944338,0.012381195
944339,0.043134008
944340,0.037291512
944341,0.034826808
944342,0.035193767
944343,0.03191508
944344,0.23224156
944345,0.23548937
944346,0.19205989
944347,0.012541648
944348,0.045429204
944349,0.043210316
944350,0.043065973
944351,0.04383826
944352,0.044509836
944353,0.046234865
944354,0.05001184
944355,0.04028181
944356,0.2611609
944357,0.23454349
944358,0.26261064
944359,0.025808502
944360,0.24910997
944361,0.2583205
944362,0.26041275
944363,0.2609593
944364,0.2609593
944365,0.2609593
944366,0.2609593
944367,0.2609593
944368,0.3085495
944369,0.010929572
944370,0.03956439
944371,0.036278486
944372,0.033466112
944373,0.033819236
944374,0.037666038
944375,0.039604273
944376,0.0346081
944377,0.051004972
944378,0.27342093
944379,0.27922037
944380,0.22143261
944381,0.22113173
944382,0.3937114
944383,0.4039478
944384,0.22407764
944385,0.22407764
944386,0.27236652
944387,0.1617042
944388,0.03662991
944389,0.20915124
944390,0.20451804
944391,0.09663192
944392,0.61915886
944393,0.68281734
944394,0.7243343
944395,0.73642796
944396,0.73642796
944397,0.73642796
944398,0.73642796
944399,0.73642796
944400,0.73642796
944401,0.7365521
944402,0.7409067
944403,0.737298
944404,0.7328045
944405,0.7328045
944406,0.69401765
944407,0.49723133
944408,0.037367243
944409,0.2774851
944410,0.30455256
944411,0.35691023
944412,0.377653
944413,0.42302987
944414,0.4321305
944415,0.45309147
944416,0.45551556
944417,0.45551556
944418,0.45323086
944419,0.44854274
944420,0.45113072
944421,0.4492806
944422,0.43629014
944423,0.2749025
944424,0.055668335
944425,0.1613991
944426,0.15639882
944427,0.14210248
944428,0.17011155
944429,0.15225442
944430,0.110227846
944431,0.10757814
944432,0.6185736
944433,0.7061426
944434,0.745343
944435,0.76290935
944436,0.76290935
944437,0.76290935
944438,0.7631778
944439,0.7631778
944440,0.7631778
944441,0.7624761
944442,0.7622333
944443,0.76156044
944444,0.7573454
944445,0.7573454
944446,0.73290706
944447,0.73290706
944448,0.71716285
944449,0.6980033
944450,0.6929963
944451,0.6690696
944452,0.44879746
944453,0.016040877
944454,0.06254193
944455,0.059129316
944456,0.0530978
944457,0.053646572
944458,0.055960603
944459,0.046228398
944460,0.043914676
944461,0.14891881
944462,0.14330961
944463,0.15977013
944464,0.13085067
944465,0.12910192
944466,0.13397884
944467,0.10089447
944468,0.038845353
944469,0.28516334
944470,0.28092673
944471,0.27154648
944472,0.2705815
944473,0.26517177
944474,0.22357436
944475,0.016040877
944476,0.06254193
944477,0.059129316
944478,0.0530978
944479,0.053646572
944480,0.055960603
944481,0.046228398
944482,0.05932591
944483,0.21153286
944484,0.15028061
944485,0.13645305
944486,0.13384837
944487,0.1462702
944488,0.1896161
944489,0.5954086
944490,0.5776579
944491,0.6313313
944492,0.6840562
944493,0.6925455
944494,0.7004338
944495,0.5898186
944496,0.71542954
944497,0.71542954
944498,0.7194474
944499,0.71286243
944500,0.71286243
944501,0.7146344
944502,0.70849264
944503,0.70849264
944504,0.60498863
944505,0.7048395
944506,0.69520396
944507,0.69563377
944508,0.6957421
944509,0.68522036
944510,0.68522036
944511,0.68522036
944512,0.68522036
944513,0.6857433
944514,0.68528575
944515,0.67678136
944516,0.44774067
944517,0.056101076
944518,0.30649847
944519,0.29095176
944520,0.2770567
944521,0.16543555
944522,0.026327211
944523,0.07881699
944524,0.070666544
944525,0.06227491
944526,0.057647157
944527,0.28241333
944528,0.19599651
944529,0.07155041
944530,0.3872036
944531,0.38509858
944532,0.37940967
944533,0.38215867
944534,0.33212623
944535,0.33212623
944536,0.31780913
944537,0.29421008
944538,0.08627631
944539,0.025599632
944540,0.07881699
944541,0.070666544
944542,0.06227491
944543,0.057647157
944544,0.049623404
944545,0.07656759
944546,0.108068265
944547,0.16305561
944548,0.1301181
944549,0.049668834
944550,0.042950444
944551,0.124018684
944552,0.12235182
944553,0.117025904
944554,0.11826106
944555,0.11596121
944556,0.121085085
944557,0.12578812
944558,0.10140003
944559,0.024831755
944560,0.051759988
944561,0.051365416
944562,0.05232824
944563,0.2887581
944564,0.19257353
944565,0.17438723
944566,0.12775937
944567,0.14289656
944568,0.024299178
944569,0.099078834
944570,0.13503605
944571,0.15844518
944572,0.095943496
944573,0.10768391
944574,0.15422566
944575,0.25114447
944576,0.040466327
944577,0.21968752
944578,0.21695717
944579,0.16487147
944580,0.0994375
944581,0.09310001
944582,0.081745625
944583,0.11433167
944584,0.0537053
944585,0.053084623
944586,0.0707528
944587,0.15173574
944588,0.34814712
944589,0.24450253
944590,0.22561894
944591,0.08839555
944592,0.2769482
944593,0.28156945
944594,0.28233618
944595,0.21841869
944596,0.23247585
944597,0.23247585
944598,0.3124997
944599,0.3124997
944600,0.21391042
944601,0.035858244
944602,0.20046578
944603,0.21809325
944604,0.21871693
944605,0.21844146
944606,0.21844146
944607,0.21844146
944608,0.21409035
944609,0.21409035
944610,0.15343082
944611,0.04395216
944612,0.22909231
944613,0.22255139
944614,0.20726164
944615,0.20844257
944616,0.20590255
944617,0.22507164
944618,0.21918046
944619,0.09764816
944620,0.09406143
944621,0.13877156
944622,0.3215476
944623,0.29768273
944624,0.261713
944625,0.13710876
944626,0.13095811
944627,0.12226077
944628,0.12567793
944629,0.12564366
944630,0.15370882
944631,0.1736158
944632,0.08993333
944633,0.23081326
944634,0.2450726
944635,0.20213372
944636,0.51835036
944637,0.54894704
944638,0.5798235
944639,0.58397627
944640,0.5811312
944641,0.5811312
944642,0.5811312
944643,0.5811312
944644,0.6008131
944645,0.5811312
944646,0.5771487
944647,0.56687796
944648,0.575364
944649,0.55593216
944650,0.4450119
944651,0.1425264
944652,0.034375604
944653,0.24037316
944654,0.22475831
944655,0.21457656
944656,0.21439585
944657,0.16052951
944658,0.08672691
944659,0.46285367
944660,0.35326323
944661,0.35061616
944662,0.46143353
944663,0.46143353
944664,0.27529877
944665,0.44276556
944666,0.43353727
944667,0.034370154
944668,0.23119079
944669,0.21600285
944670,0.20611225
944671,0.20593682
944672,0.15484113
944673,0.088714205
944674,0.41507152
944675,0.106801875
944676,0.09184019
944677,0.11413358
944678,0.23201706
944679,0.14684671
944680,0.115818374
944681,0.016114255
944682,0.03934855
944683,0.039655842
944684,0.039133828
944685,0.044200756
944686,0.044200756
944687,0.044200756
944688,0.044200756
944689,0.044200756
944690,0.040114973
944691,0.08249805
944692,0.16417997
944693,0.16561034
944694,0.027583452
944695,0.15448329
944696,0.15631482
944697,0.15735184
944698,0.1555359
944699,0.1536886
944700,0.1536886
944701,0.1536886
944702,0.1536886
944703,0.1536886
944704,0.100907065
944705,0.013624059
944706,0.026304098
944707,0.023842596
944708,0.022955783
944709,0.02494892
944710,0.02308586
944711,0.21180311
944712,0.19202696
944713,0.104116306
944714,0.4122726
944715,0.34750226
944716,0.018189399
944717,0.13735595
944718,0.1390178
944719,0.13947171
944720,0.1378284
944721,0.13615747
944722,0.134373
944723,0.134373
944724,0.134373
944725,0.084667146
944726,0.019989556
944727,0.022677172
944728,0.027813539
944729,0.02623034
944730,0.026469909
944731,0.018361678
944732,0.12510866
944733,0.12107038
944734,0.11782126
944735,0.116398536
944736,0.11495277
944737,0.113409765
944738,0.113409765
944739,0.1571627
944740,0.02011211
944741,0.030479556
944742,0.03219558
944743,0.02727139
944744,0.036460496
944745,0.10953527
944746,0.019989556
944747,0.029520363
944748,0.027813539
944749,0.02623034
944750,0.026469909
944751,0.045535516
944752,0.19885503
944753,0.16555808
944754,0.13465142
944755,0.14693315
944756,0.15442331
944757,0.12296049
944758,0.141834
944759,0.16704506
944760,0.05413199
944761,0.04923506
944762,0.04326992
944763,0.041082904
944764,0.082318954
944765,0.024942778
944766,0.023414493
944767,0.022543235
944768,0.02494892
944769,0.022161612
944770,0.023159273
944771,0.057142533
944772,0.051988225
944773,0.051401224
944774,0.012537846
944775,0.027068023
944776,0.025485812
944777,0.025231289
944778,0.027591117
944779,0.027591117
944780,0.027591117
944781,0.027591117
944782,0.02601001
944783,0.010848986
944784,0.024046473
944785,0.02283354
944786,0.021983411
944787,0.024330847
944788,0.024330847
944789,0.023146123
944790,0.3108828
944791,0.2544962
944792,0.23868306
944793,0.2243069
944794,0.17113939
944795,0.021036943
944796,0.049331117
944797,0.17690064
944798,0.16096775
944799,0.16069841
944800,0.16069841
944801,0.16069841
944802,0.16069841
944803,0.16069841
944804,0.16069841
944805,0.116161354
944806,0.5173854
944807,0.56828815
944808,0.61128366
944809,0.62061286
944810,0.62703377
944811,0.62703377
944812,0.62703377
944813,0.62703377
944814,0.6316571
944815,0.62703377
944816,0.62580675
944817,0.6250775
944818,0.62029284
944819,0.6185308
944820,0.6185308
944821,0.615371
944822,0.615371
944823,0.6018279
944824,0.38571668
944825,0.049986735
944826,0.45708925
944827,0.48704326
944828,0.50476635
944829,0.5125791
944830,0.5125791
944831,0.5125791
944832,0.5125791
944833,0.5125791
944834,0.5125791
944835,0.49909133
944836,0.49022552
944837,0.4755655
944838,0.3833347
944839,0.028176486
944840,0.106513575
944841,0.08859364
944842,0.07104665
944843,0.44664884
944844,0.45839885
944845,0.5297731
944846,0.4556523
944847,0.4556523
944848,0.4556523
944849,0.4556523
944850,0.4556523
944851,0.4556523
944852,0.4468422
944853,0.3828757
944854,0.040435825
944855,0.17661086
944856,0.18419452
944857,0.08019148
944858,0.053130366
944859,0.3394805
944860,0.3222417
944861,0.3286083
944862,0.3379693
944863,0.33752295
944864,0.33752295
944865,0.33752295
944866,0.33752295
944867,0.33752295
944868,0.33752295
944869,0.23746358
944870,0.22060439
944871,0.24089015
944872,0.23411465
944873,0.21452081
944874,0.16036566
944875,0.15829429
944876,0.19814774
944877,0.35358107
944878,0.46043602
944879,0.4904112
944880,0.50813544
944881,0.515946
944882,0.515946
944883,0.515946
944884,0.515946
944885,0.515946
944886,0.515946
944887,0.50246096
944888,0.49359426
944889,0.47892818
944890,0.3134852
944891,0.017796561
944892,0.077239685
944893,0.07358686
944894,0.07334882
944895,0.07462182
944896,0.077766255
944897,0.077766255
944898,0.080941625
944899,0.064242184
944900,0.023627063
944901,0.060657877
944902,0.06088655
944903,0.06881529
944904,0.06888257
944905,0.0694052
944906,0.078069635
944907,0.082596384
944908,0.07826576
944909,0.047130775
944910,0.28340557
944911,0.26643798
944912,0.23591845
944913,0.019578852
944914,0.077239685
944915,0.07358686
944916,0.07334882
944917,0.07462182
944918,0.077766255
944919,0.077766255
944920,0.080941625
944921,0.064242184
944922,0.02800449
944923,0.05348888
944924,0.058808748
944925,0.01991609
944926,0.07314633
944927,0.06341538
944928,0.05697313
944929,0.057198115
944930,0.048235603
944931,0.059223264
944932,0.390055
944933,0.41444612
944934,0.43599975
944935,0.4533637
944936,0.4652473
944937,0.4652473
944938,0.47913614
944939,0.47913614
944940,0.47913614
944941,0.47683668
944942,0.4767519
944943,0.5039407
944944,0.5020721
944945,0.3246661
944946,0.037265055
944947,0.11848306
944948,0.10674137
944949,0.2113242
944950,0.12060649
944951,0.11669417
944952,0.11354743
944953,0.112169765
944954,0.11076994
944955,0.11793483
944956,0.11793483
944957,0.12638819
944958,0.145026
944959,0.2818344
944960,0.27032763
944961,0.29997098
944962,0.343036
944963,0.36558062
944964,0.36558062
944965,0.36558062
944966,0.36558062
944967,0.36558062
944968,0.36558062
944969,0.3550724
944970,0.35304758
944971,0.34268454
944972,0.34268454
944973,0.23817685
944974,0.03026252
944975,0.20166172
944976,0.2169074
944977,0.2289352
944978,0.2467981
944979,0.2489893
944980,0.2489893
944981,0.2489893
944982,0.2489893
944983,0.2489893
944984,0.26774058
944985,0.2389479
944986,0.18170357
944987,0.23784196
944988,0.10030406
944989,0.08915289
944990,0.06697367
944991,0.024951998
944992,0.09804037
944993,0.08963695
944994,0.083972
944995,0.08357129
944996,0.06521085
944997,0.20452476
944998,0.11807671
944999,0.19866678
945000,0.023980629
945001,0.09804037
945002,0.08963695
945003,0.083972
945004,0.08357129
945005,0.06521085
945006,0.048924387
945007,0.11807671
945008,0.2538838
945009,0.1548181
945010,0.14255936
945011,0.16873588
945012,0.018276146
945013,0.085359566
945014,0.0813116
945015,0.0761288
945016,0.07576243
945017,0.07489065
945018,0.05877894
945019,0.12606822
945020,0.029308941
945021,0.102201685
945022,0.092686854
945023,0.0851637
945024,0.12814118
945025,0.032877367
945026,0.101925045
945027,0.11165216
945028,0.10790861
945029,0.1075069
945030,0.3877119
945031,0.4138496
945032,0.45473897
945033,0.5382692
945034,0.54346174
945035,0.53967434
945036,0.5450321
945037,0.5450321
945038,0.53299963
945039,0.53299963
945040,0.5286536
945041,0.51980764
945042,0.5160038
945043,0.5160038
945044,0.40906614
945045,0.046427656
945046,0.10380573
945047,0.03566701
945048,0.11109002
945049,0.112595744
945050,0.123139985
945051,0.13277139
945052,0.24276666
945053,0.22866713
945054,0.027554536
945055,0.19700818
945056,0.19229463
945057,0.18754199
945058,0.1872381
945059,0.1872381
945060,0.1872381
945061,0.1872381
945062,0.13936497
945063,0.043977123
945064,0.19880053
945065,0.18175972
945066,0.17004633
945067,0.16561525
945068,0.5255568
945069,0.47466585
945070,0.24025348
945071,0.11244801
945072,0.58077204
945073,0.6680329
945074,0.6986155
945075,0.7052378
945076,0.7129354
945077,0.7198965
945078,0.7201958
945079,0.7201958
945080,0.7201958
945081,0.72020924
945082,0.72020924
945083,0.7188861
945084,0.7188861
945085,0.7188861
945086,0.73746395
945087,0.71748984
945088,0.7119955
945089,0.7119955
945090,0.7060562
945091,0.69573516
945092,0.69573516
945093,0.69573516
945094,0.6995792
945095,0.69721395
945096,0.51504225
945097,0.20325597
945098,0.1558202
945099,0.14181146
945100,0.16476622
945101,0.0728518
945102,0.19532369
945103,0.17455925
945104,0.08609837
945105,0.47628263
945106,0.46680698
945107,0.4084832
945108,0.2093934
945109,0.15573788
945110,0.15488544
945111,0.13868448
945112,0.044994004
945113,0.16324714
945114,0.16379511
945115,0.18755987
945116,0.18771982
945117,0.18495993
945118,0.20407672
945119,0.24337345
945120,0.11395774
945121,0.10871479
945122,0.10309087
945123,0.10219607
945124,0.10078589
945125,0.076101325
945126,0.050787807
945127,0.1951233
945128,0.19691241
945129,0.2238027
945130,0.2253296
945131,0.22216798
945132,0.23876573
945133,0.23876573
945134,0.24717511
945135,0.022780763
945136,0.11395774
945137,0.10871479
945138,0.10309087
945139,0.10219607
945140,0.10078589
945141,0.076101325
945142,0.049330633
945143,0.18853125
945144,0.19027424
945145,0.21650235
945146,0.21799341
945147,0.21490622
945148,0.23112266
945149,0.23112266
945150,0.26863268
945151,0.022919577
945152,0.11279743
945153,0.10675389
945154,0.1038436
945155,0.103658035
945156,0.103658035
945157,0.1007353
945158,0.103658035
945159,0.14941838
945160,0.24904889
945161,0.1293802
945162,0.11745738
945163,0.111437805
945164,0.11047947
945165,0.07835817
945166,0.16421914
945167,0.07011688
945168,0.40812004
945169,0.47242495
945170,0.5902099
945171,0.629213
945172,0.629213
945173,0.63499
945174,0.6427692
945175,0.6427692
945176,0.6427692
945177,0.64233327
945178,0.64202535
945179,0.6411984
945180,0.6411984
945181,0.6411984
945182,0.63960975
945183,0.63960975
945184,0.6312781
945185,0.6312781
945186,0.62630683
945187,0.61415166
945188,0.35786915
945189,0.24924275
945190,0.15701053
945191,0.104191825
945192,0.020530468
945193,0.11123282
945194,0.114132635
945195,0.111567646
945196,0.113422744
945197,0.12401125
945198,0.12401125
945199,0.13325417
945200,0.13325417
945201,0.13621932
945202,0.14690533
945203,0.10723252
945204,0.52639204
945205,0.5876668
945206,0.72290653
945207,0.7620294
945208,0.77856016
945209,0.82844526
945210,0.84017104
945211,0.8620825
945212,0.8620825
945213,0.8712095
945214,0.8712095
945215,0.8721267
945216,0.8721267
945217,0.8721267
945218,0.8713554
945219,0.8713554
945220,0.87325454
945221,0.87325454
945222,0.87325454
945223,0.87030923
945224,0.8695042
945225,0.8695042
945226,0.8695042
945227,0.8610133
945228,0.8486978
945229,0.8486978
945230,0.8478034
945231,0.84123164
945232,0.8369487
945233,0.8369487
945234,0.8369487
945235,0.8369487
945236,0.800179
945237,0.800179
945238,0.7254023
945239,0.7254023
945240,0.7208388
945241,0.7208388
945242,0.7208388
945243,0.442491
945244,0.034120645
945245,0.15505518
945246,0.3532851
945247,0.09722033
945248,0.43122017
945249,0.5053463
945250,0.68889505
945251,0.7249143
945252,0.7366901
945253,0.78697866
945254,0.7925768
945255,0.7925768
945256,0.7925768
945257,0.7922646
945258,0.7922646
945259,0.79167205
945260,0.79167205
945261,0.79167205
945262,0.7905321
945263,0.7905321
945264,0.785597
945265,0.785597
945266,0.7860777
945267,0.7819764
945268,0.78076124
945269,0.78076124
945270,0.78076124
945271,0.76803654
945272,0.76341534
945273,0.75877935
945274,0.75750536
945275,0.45118293
945276,0.24640605
945277,0.12167001
945278,0.04162477
945279,0.3667348
945280,0.4011381
945281,0.44923913
945282,0.47073433
945283,0.47073433
945284,0.47073433
945285,0.47073433
945286,0.47073433
945287,0.47073433
945288,0.4593922
945289,0.45719418
945290,0.4451776
945291,0.4451776
945292,0.37742883
945293,0.022162678
945294,0.11144759
945295,0.106306255
945296,0.10079285
945297,0.099915765
945298,0.09853359
945299,0.113275364
945300,0.36892098
945301,0.45154676
945302,0.39931196
945303,0.37392727
945304,0.20951925
945305,0.124205664
945306,0.10068551
945307,0.18676963
945308,0.12727922
945309,0.114813015
945310,0.0892001
945311,0.059505668
945312,0.39400095
945313,0.4009466
945314,0.40283164
945315,0.4023517
945316,0.4023517
945317,0.4023517
945318,0.29701447
945319,0.4023517
945320,0.4023517
945321,0.35309204
945322,0.24915819
945323,0.11131067
945324,0.11494522
945325,0.112640254
945326,0.115562625
945327,0.057126015
945328,0.094665505
945329,0.020393068
945330,0.12716934
945331,0.123073876
945332,0.11874978
945333,0.1165203
945334,0.11419071
945335,0.11265664
945336,0.0785779
945337,0.033570517
945338,0.1286253
945339,0.082509026
945340,0.10800731
945341,0.08849239
945342,0.056941986
945343,0.39887038
945344,0.4102955
945345,0.409354
945346,0.40920797
945347,0.40920797
945348,0.40920797
945349,0.40920797
945350,0.40920797
945351,0.40920797
945352,0.40526372
945353,0.33510754
945354,0.047054365
945355,0.1238838
945356,0.120530576
945357,0.10297396
945358,0.037307248
945359,0.13948241
945360,0.048484985
945361,0.115299925
945362,0.05890101
945363,0.49411285
945364,0.44864672
945365,0.4476841
945366,0.44972292
945367,0.44972292
945368,0.37843198
945369,0.37843198
945370,0.44972292
945371,0.44972292
945372,0.44568276
945373,0.4411214
945374,0.36994135
945375,0.04302077
945376,0.13699856
945377,0.13348213
945378,0.13229547
945379,0.13444307
945380,0.13759318
945381,0.13759318
945382,0.14283307
945383,0.11263244
945384,0.32209036
945385,0.16958787
945386,0.15461782
945387,0.1470109
945388,0.14579682
945389,0.14664347
945390,0.035797972
945391,0.12810676
945392,0.11557018
945393,0.10066172
945394,0.08675878
945395,0.06517191
945396,0.40151665
945397,0.4085055
945398,0.41040173
945399,0.40991893
945400,0.40991893
945401,0.40991893
945402,0.40991893
945403,0.40991893
945404,0.40991893
945405,0.36029133
945406,0.038258884
945407,0.11746724
945408,0.11364339
945409,0.11316009
945410,0.11358027
945411,0.11472729
945412,0.089782484
945413,0.034800835
945414,0.10766124
945415,0.12323039
945416,0.07186752
945417,0.42179447
945418,0.40359175
945419,0.38866684
945420,0.34928817
945421,0.049276527
945422,0.16323648
945423,0.16723676
945424,0.16776484
945425,0.16943273
945426,0.17323859
945427,0.17323859
945428,0.17955332
945429,0.17955332
945430,0.13002872
945431,0.15230905
945432,0.150509
945433,0.09410355
945434,0.049291786
945435,0.04891506
945436,0.044640157
945437,0.28658214
945438,0.026518434
945439,0.12984662
945440,0.13143146
945441,0.13232929
945442,0.13075733
945443,0.1291593
945444,0.1291593
945445,0.1291593
945446,0.1291593
945447,0.1291593
945448,0.09117201
945449,0.016207645
945450,0.048874266
945451,0.049060833
945452,0.049242973
945453,0.04897993
945454,0.04897993
945455,0.04897993
945456,0.046333052
945457,0.086348884
945458,0.17348804
945459,0.02257738
945460,0.04370277
945461,0.04336681
945462,0.039992325
945463,0.27588108
945464,0.034438428
945465,0.083158605
945466,0.2866392
945467,0.017545762
945468,0.042532347
945469,0.042204987
945470,0.04244601
945471,0.042182807
945472,0.037572123
945473,0.02393001
945474,0.085164726
945475,0.07582997
945476,0.1122773
945477,0.017485661
945478,0.045364432
945479,0.0450163
945480,0.045272615
945481,0.044403028
945482,0.03955969
945483,0.033845946
945484,0.076321416
945485,0.23771223
945486,0.13326079
945487,0.34008834
945488,0.40464258
945489,0.44865286
945490,0.47794884
945491,0.48329687
945492,0.48329687
945493,0.48329687
945494,0.48329687
945495,0.45153654
945496,0.48329687
945497,0.47950104
945498,0.47489005
945499,0.44184694
945500,0.42608845
945501,0.27374572
945502,0.13555634
945503,0.06568989
945504,0.21833993
945505,0.20571111
945506,0.18800168
945507,0.21469496
945508,0.30056858
945509,0.42531043
945510,0.48225173
945511,0.07021184
945512,0.4491313
945513,0.456718
945514,0.4576578
945515,0.45465764
945516,0.45716253
945517,0.45716253
945518,0.45716253
945519,0.45716253
945520,0.44019985
945521,0.056723975
945522,0.46166712
945523,0.4091439
945524,0.38547194
945525,0.21050368
945526,0.10726882
945527,0.100487866
945528,0.09814181
945529,0.0909914
945530,0.06621717
945531,0.3868177
945532,0.4449767
945533,0.44591215
945534,0.4454192
945535,0.4454192
945536,0.4454192
945537,0.4454192
945538,0.4454192
945539,0.4285482
945540,0.318543
945541,0.3195351
945542,0.27813074
945543,0.1629822
945544,0.08220378
945545,0.05278192
945546,0.1226193
945547,0.023255272
945548,0.051077478
945549,0.05068783
945550,0.05096952
945551,0.04695872
945552,0.024254031
945553,0.051077478
945554,0.05068783
945555,0.047062777
945556,0.36964893
945557,0.25713432
945558,0.1782949
945559,0.16901323
945560,0.14781742
945561,0.12674254
945562,0.25139883
945563,0.123752125
945564,0.10364918
945565,0.2701987
945566,0.01789675
945567,0.049403355
945568,0.04902582
945569,0.049873136
945570,0.04992289
945571,0.044144783
945572,0.12734371
945573,0.04932529
945574,0.01789675
945575,0.049403355
945576,0.04902582
945577,0.049873136
945578,0.04992289
945579,0.044144783
945580,0.044034995
945581,0.20831178
945582,0.2131353
945583,0.20740566
945584,0.20711873
945585,0.21575429
945586,0.20711873
945587,0.20293461
945588,0.20293461
945589,0.20293461
945590,0.14476678
945591,0.0113791665
945592,0.024968524
945593,0.02371022
945594,0.022828214
945595,0.024810554
945596,0.024810554
945597,0.02342868
945598,0.2525066
945599,0.018051602
945600,0.049817014
945601,0.049436484
945602,0.05029052
945603,0.050340675
945604,0.044516478
945605,0.05182624
945606,0.3051343
945607,0.3293582
945608,0.34406835
945609,0.34891954
945610,0.34891954
945611,0.34891954
945612,0.34891954
945613,0.3367307
945614,0.3367307
945615,0.3300961
945616,0.3260219
945617,0.30913958
945618,0.20075543
945619,0.014615326
945620,0.028848495
945621,0.025701148
945622,0.02474696
945623,0.026891332
945624,0.05433917
945625,0.03703472
945626,0.48041648
945627,0.5085281
945628,0.526231
945629,0.5340177
945630,0.5340177
945631,0.5340177
945632,0.5340177
945633,0.5340177
945634,0.5340177
945635,0.52168167
945636,0.50993055
945637,0.3398218
945638,0.018051602
945639,0.049817014
945640,0.049436484
945641,0.05029052
945642,0.050340675
945643,0.044516478
945644,0.05182624
945645,0.3051343
945646,0.31930652
945647,0.3337912
945648,0.3367307
945649,0.3367307
945650,0.34891954
945651,0.3367307
945652,0.3367307
945653,0.3367307
945654,0.3300961
945655,0.3260219
945656,0.31902117
945657,0.20075543
945658,0.025593221
945659,0.3630004
945660,0.37432274
945661,0.3768771
945662,0.37754336
945663,0.37754336
945664,0.37754336
945665,0.37754336
945666,0.37754336
945667,0.2727444
945668,0.018519478
945669,0.05106537
945670,0.050675813
945671,0.050863635
945672,0.05091433
945673,0.045026913
945674,0.13419466
945675,0.03742003
945676,0.3112034
945677,0.243967
945678,0.024008762
945679,0.05268381
945680,0.052282587
945681,0.051873308
945682,0.07652949
945683,0.025847146
945684,0.3011202
945685,0.2691142
945686,0.25759074
945687,0.25665802
945688,0.25015876
945689,0.26833418
945690,0.28176075
945691,0.31129056
945692,0.326207
945693,0.36435774
945694,0.3674179
945695,0.3674179
945696,0.3674179
945697,0.3674179
945698,0.3674179
945699,0.3674179
945700,0.47799185
945701,0.35625747
945702,0.34533063
945703,0.34533063
945704,0.34533063
945705,0.34533063
945706,0.20054181
945707,0.083969004
945708,0.02452071
945709,0.023284435
945710,0.022417905
945711,0.024810554
945712,0.024810554
945713,0.02342868
945714,0.059785448
945715,0.19099735
945716,0.021401905
945717,0.03473444
945718,0.035787884
945719,0.23516014
945720,0.20228241
945721,0.20421195
945722,0.2064135
945723,0.2086882
945724,0.20636386
945725,0.20636386
945726,0.20636386
945727,0.20636386
945728,0.20636386
945729,0.20485862
945730,0.20186438
945731,0.11291337
945732,0.031991526
945733,0.12382179
945734,0.109879844
945735,0.10222004
945736,0.11381176
945737,0.029312568
945738,0.11484362
945739,0.10490545
945740,0.10275955
945741,0.21408296
945742,0.10587083
945743,0.09430746
945744,0.08785135
945745,0.04750908
945746,0.13061859
945747,0.1068714
945748,0.021228407
945749,0.110348195
945750,0.10525158
945751,0.09978676
945752,0.09891747
945753,0.09754761
945754,0.09754761
945755,0.07395766
945756,0.19632925
945757,0.08123231
945758,0.050052803
945759,0.14345248
945760,0.13003936
945761,0.026424943
945762,0.0871375
945763,0.07568594
945764,0.061070196
945765,0.05696495
945766,0.049684633
945767,0.14905909
945768,0.12836538
945769,0.13259636
945770,0.2272001
945771,0.114439756
945772,0.10541352
945773,0.10050357
945774,0.09857837
945775,0.06497899
945776,0.035577465
945777,0.34231484
945778,0.35408586
945779,0.38739714
945780,0.40905464
945781,0.40905464
945782,0.40905464
945783,0.44284803
945784,0.3907962
945785,0.44284803
945786,0.4153037
945787,0.4131554
945788,0.40072918
945789,0.40072918
945790,0.27133137
945791,0.14053068
945792,0.021964028
945793,0.10483314
945794,0.101373464
945795,0.09663136
945796,0.094772525
945797,0.092263594
945798,0.062140193
945799,0.022285597
945800,0.10220506
945801,0.09744335
945802,0.093393944
945803,0.09257461
945804,0.09184675
945805,0.09184675
945806,0.06952922
945807,0.054745235
945808,0.1443387
945809,0.13451935
945810,0.13149491
945811,0.107716955
945812,0.08658861
945813,0.05169895
945814,0.048957426
945815,0.040021446
945816,0.14492342
945817,0.022666564
945818,0.10589106
945819,0.10097693
945820,0.095710315
945821,0.09430054
945822,0.09298802
945823,0.08499261
945824,0.06422277
945825,0.043449275
945826,0.13438487
945827,0.13009168
945828,0.12954864
945829,0.1300207
945830,0.13130905
945831,0.13130905
945832,0.103486344
945833,0.025018925
945834,0.052131608
945835,0.051734354
945836,0.051329136
945837,0.04623358
945838,0.14651388
945839,0.58742166
945840,0.62428695
945841,0.73516726
945842,0.7217988
945843,0.72923
945844,0.77210873
945845,0.74169624
945846,0.75019145
945847,0.74169624
945848,0.7451682
945849,0.7683337
945850,0.7550193
945851,0.74392116
945852,0.74392116
945853,0.7426048
945854,0.7426048
945855,0.74521625
945856,0.73822045
945857,0.7383193
945858,0.74196887
945859,0.71936953
945860,0.7406047
945861,0.722834
945862,0.7128104
945863,0.7164424
945864,0.69919795
945865,0.4453525
945866,0.031250168
945867,0.10937048
945868,0.106475644
945869,0.10549986
945870,0.10487864
945871,0.10412834
945872,0.10412834
945873,0.10361055
945874,0.08073285
945875,0.03570159
945876,0.111351475
945877,0.11055559
945878,0.11053422
945879,0.09628813
945880,0.017127378
945881,0.090013206
945882,0.06741247
945883,0.066455044
945884,0.064324915
945885,0.063803546
945886,0.07965924
945887,0.11755514
945888,0.031250168
945889,0.10937048
945890,0.106475644
945891,0.10549986
945892,0.10487864
945893,0.10412834
945894,0.10412834
945895,0.10361055
945896,0.08073285
945897,0.037200958
945898,0.11048463
945899,0.10706155
945900,0.030233813
945901,0.080044
945902,0.07733176
945903,0.07561151
945904,0.07601259
945905,0.075743236
945906,0.075239815
945907,0.06186279
945908,0.034223128
945909,0.10596583
945910,0.108537376
945911,0.1002243
945912,0.10214012
945913,0.25703973
945914,0.03187703
945915,0.088234335
945916,0.08584506
945917,0.08504035
945918,0.086127535
945919,0.08704678
945920,0.08647525
945921,0.08743257
945922,0.07062806
945923,0.026113966
945924,0.08991964
945925,0.087489106
945926,0.08667045
945927,0.08667694
945928,0.08760149
945929,0.08702667
945930,0.0879895
945931,0.071086295
945932,0.1829444
945933,0.024760228
945934,0.08158687
945935,0.078826815
945936,0.07707611
945937,0.07650288
945938,0.076231934
945939,0.075725526
945940,0.06226796
945941,0.02590328
945942,0.10257899
945943,0.105279826
945944,0.10563705
945945,0.1056448
945946,0.10674803
945947,0.10606219
945948,0.10721089
945949,0.10721089
945950,0.08023055
945951,0.02347934
945952,0.07910504
945953,0.076421954
945954,0.074720316
945955,0.074163206
945956,0.07389988
945957,0.07340774
945958,0.06033518
945959,0.3356965
945960,0.32083705
945961,0.3551665
945962,0.42054728
945963,0.4412003
945964,0.44460896
945965,0.44460896
945966,0.44460896
945967,0.4647913
945968,0.4647913
945969,0.46525916
945970,0.4649258
945971,0.4617335
945972,0.4617335
945973,0.4617335
945974,0.46001947
945975,0.46001947
945976,0.45898905
945977,0.26513308
945978,0.2738214
945979,0.025109269
945980,0.08262213
945981,0.08037141
945982,0.079613544
945983,0.08098576
945984,0.081855044
945985,0.08350983
945986,0.08644315
945987,0.069814265
945988,0.09225878
945989,0.4985258
945990,0.5433965
945991,0.6767635
945992,0.71753335
945993,0.75423026
945994,0.7511754
945995,0.78702384
945996,0.8223254
945997,0.8223254
945998,0.83797675
945999,0.82164246
946000,0.84300315
946001,0.839471
946002,0.8358312
946003,0.83620036
946004,0.83620036
946005,0.83620036
946006,0.86874574
946007,0.83620036
946008,0.8594154
946009,0.8700743
946010,0.84795827
946011,0.84795827
946012,0.84675443
946013,0.8464789
946014,0.87297446
946015,0.89332235
946016,0.83724475
946017,0.8245335
946018,0.8245335
946019,0.8245335
946020,0.8590061
946021,0.77670985
946022,0.7863796
946023,0.72213346
946024,0.7106258
946025,0.70982397
946026,0.70982397
946027,0.75788
946028,0.6492018
946029,0.70106745
946030,0.64279956
946031,0.64279956
946032,0.47248083
946033,0.025109269
946034,0.08262213
946035,0.08037141
946036,0.079613544
946037,0.08098576
946038,0.081855044
946039,0.08350983
946040,0.08644315
946041,0.069814265
946042,0.053196203
946043,0.12095608
946044,0.02304751
946045,0.07772497
946046,0.07559665
946047,0.074880145
946048,0.07617753
946049,0.07549463
946050,0.07703163
946051,0.0797572
946052,0.06432391
946053,0.021849168
946054,0.0704348
946055,0.06802406
946056,0.066495955
946057,0.06714528
946058,0.065583445
946059,0.06693327
946060,0.05629362
946061,0.022995409
946062,0.0796649
946063,0.07748792
946064,0.07675498
946065,0.078082114
946066,0.07450506
946067,0.076023564
946068,0.07871651
946069,0.063470714
946070,0.022995409
946071,0.0796649
946072,0.07748792
946073,0.07675498
946074,0.078082114
946075,0.07450506
946076,0.076023564
946077,0.07871651
946078,0.063470714
946079,0.03288118
946080,0.08664322
946081,0.08198038
946082,0.20949444
946083,0.17189315
946084,0.16765504
946085,0.1671279
946086,0.16528475
946087,0.16372943
946088,0.16372943
946089,0.16024469
946090,0.12096353
946091,0.38643473
946092,0.42194155
946093,0.48597854
946094,0.5664771
946095,0.588174
946096,0.5875655
946097,0.5875655
946098,0.5875655
946099,0.5875655
946100,0.5875655
946101,0.5880212
946102,0.58769655
946103,0.58317107
946104,0.58317107
946105,0.58317107
946106,0.58149326
946107,0.58149326
946108,0.57274646
946109,0.4016475
946110,0.06721924
946111,0.40690422
946112,0.42500398
946113,0.4369185
946114,0.45938465
946115,0.35187334
946116,0.4897537
946117,0.48508298
946118,0.48508298
946119,0.48508298
946120,0.47648472
946121,0.4676456
946122,0.29357794
946123,0.18248707
946124,0.023449037
946125,0.09909885
946126,0.101522684
946127,0.11117088
946128,0.13527106
946129,0.21158722
946130,0.24851312
946131,0.2869006
946132,0.3253607
946133,0.29091167
946134,0.27545848
946135,0.21283448
946136,0.25843614
946137,0.032641605
946138,0.33362833
946139,0.3494702
946140,0.35195035
946141,0.34763667
946142,0.3423154
946143,0.34763667
946144,0.34763667
946145,0.34763667
946146,0.32191682
946147,0.19819893
946148,0.32853714
946149,0.17327964
946150,0.16040194
946151,0.123303495
946152,0.10978001
946153,0.5536511
946154,0.6295573
946155,0.7752658
946156,0.79761606
946157,0.807108
946158,0.8341852
946159,0.83879685
946160,0.84123504
946161,0.83879685
946162,0.8409813
946163,0.8385401
946164,0.8214799
946165,0.8214799
946166,0.8214799
946167,0.820466
946168,0.820466
946169,0.81268
946170,0.810312
946171,0.8084911
946172,0.79625124
946173,0.7950948
946174,0.7950948
946175,0.7950948
946176,0.78297085
946177,0.7785615
946178,0.5693489
946179,0.26232424
946180,0.21562184
946181,0.21889824
946182,0.27309772
946183,0.23467608
946184,0.23094721
946185,0.21974064
946186,0.21124893
946187,0.21263985
946188,0.15746443
946189,0.04337837
946190,0.19690858
946191,0.19105886
946192,0.1763511
946193,0.17586452
946194,0.17093481
946195,0.2095136
946196,0.24943836
946197,0.13389944
946198,0.03492541
946199,0.3875137
946200,0.39912158
946201,0.40785065
946202,0.39527237
946203,0.40853578
946204,0.39527237
946205,0.40853578
946206,0.40853578
946207,0.39527237
946208,0.29233372
946209,0.028059375
946210,0.14489922
946211,0.13275017
946212,0.16632935
946213,0.06653773
946214,0.5535494
946215,0.6173989
946216,0.6648754
946217,0.6613714
946218,0.67180455
946219,0.67180455
946220,0.67180455
946221,0.67180455
946222,0.67180455
946223,0.75740016
946224,0.7625627
946225,0.75836957
946226,0.7554996
946227,0.7554996
946228,0.7079168
946229,0.7079168
946230,0.4608233
946231,0.13250896
946232,0.05218967
946233,0.048586737
946234,0.042979892
946235,0.04309239
946236,0.04309239
946237,0.04309239
946238,0.03309463
946239,0.049460288
946240,0.2234736
946241,0.08604871
946242,0.04974911
946243,0.049369067
946244,0.046717513
946245,0.015284213
946246,0.063859224
946247,0.059007566
946248,0.08903962
946249,0.059394874
946250,0.08741963
946251,0.08741963
946252,0.08741963
946253,0.06915701
946254,0.033683535
946255,0.22525242
946256,0.21256366
946257,0.20606978
946258,0.19475631
946259,0.08174602
946260,0.07455734
946261,0.072265215
946262,0.06789384
946263,0.016565034
946264,0.055637024
946265,0.056236524
946266,0.0570797
946267,0.05755349
946268,0.05755349
946269,0.05755349
946270,0.05755349
946271,0.060774274
946272,0.020649295
946273,0.09527951
946274,0.090079255
946275,0.08757896
946276,0.08741963
946277,0.08741963
946278,0.08741963
946279,0.08741963
946280,0.08327935
946281,0.093721576
946282,0.022591144
946283,0.050995853
946284,0.050606795
946285,0.050905306
946286,0.04714748
946287,0.07485306
946288,0.44228783
946289,0.4732109
946290,0.5964982
946291,0.6269951
946292,0.64176714
946293,0.628752
946294,0.6214171
946295,0.6518121
946296,0.6518121
946297,0.6559318
946298,0.6559318
946299,0.65511966
946300,0.48097363
946301,0.65511966
946302,0.6535594
946303,0.6535594
946304,0.65082455
946305,0.65082455
946306,0.648672
946307,0.64073575
946308,0.6390967
946309,0.6390967
946310,0.6390967
946311,0.6316221
946312,0.3374483
946313,0.22342496
946314,0.22097412
946315,0.20846151
946316,0.18522213
946317,0.03148755
946318,0.07917098
946319,0.07282161
946320,0.07199695
946321,0.07272605
946322,0.07710211
946323,0.015718441
946324,0.071735345
946325,0.073690765
946326,0.07394969
946327,0.07455244
946328,0.07455244
946329,0.07455244
946330,0.07455244
946331,0.0777937
946332,0.07833278
946333,0.03292806
946334,0.105809145
946335,0.09367851
946336,0.09999296
946337,0.04763141
946338,0.24074638
946339,0.07552732
946340,0.049426556
946341,0.049048852
946342,0.049913485
946343,0.049963277
946344,0.04441517
946345,0.24143259
946346,0.018231496
946347,0.049426556
946348,0.049048852
946349,0.14074478
946350,0.14087172
946351,0.1145983
946352,0.2712018
946353,0.1720881
946354,0.1376931
946355,0.16519143
946356,0.07945377
946357,0.07494118
946358,0.041357003
946359,0.15935826
946360,0.16595212
946361,0.16814724
946362,0.1713197
946363,0.1713197
946364,0.1713197
946365,0.1713197
946366,0.17885442
946367,0.2805757
946368,0.22367097
946369,0.106955945
946370,0.09470774
946371,0.08740328
946372,0.07203539
946373,0.040811814
946374,0.0878117
946375,0.067593694
946376,0.3602979
946377,0.37523472
946378,0.43064243
946379,0.4470041
946380,0.4470041
946381,0.45315272
946382,0.42972788
946383,0.4661954
946384,0.4661954
946385,0.46666342
946386,0.46632996
946387,0.4624284
946388,0.4624284
946389,0.4624284
946390,0.46071395
946391,0.46071395
946392,0.3268653
946393,0.089099005
946394,0.23877378
946395,0.1761719
946396,0.08977906
946397,0.08194699
946398,0.07431379
946399,0.23937884
946400,0.12171735
946401,0.10798308
946402,0.099767566
946403,0.14683926
946404,0.06980658
946405,0.14382833
946406,0.5271667
946407,0.63458365
946408,0.6901014
946409,0.79478717
946410,0.8158759
946411,0.8265018
946412,0.8593032
946413,0.87151754
946414,0.88417745
946415,0.88417745
946416,0.8896794
946417,0.8896794
946418,0.8901926
946419,0.89058423
946420,0.89058423
946421,0.89151114
946422,0.89151114
946423,0.8928798
946424,0.8928798
946425,0.8928798
946426,0.894051
946427,0.8933754
946428,0.8933754
946429,0.8933754
946430,0.8810209
946431,0.88317674
946432,0.88317674
946433,0.88245803
946434,0.876078
946435,0.8725926
946436,0.8725926
946437,0.8725926
946438,0.8725926
946439,0.8495097
946440,0.8495097
946441,0.8010821
946442,0.8010821
946443,0.7909721
946444,0.7909721
946445,0.7909721
946446,0.7744158
946447,0.52117205
946448,0.6610628
946449,0.68468225
946450,0.71792465
946451,0.7764699
946452,0.7848148
946453,0.79355145
946454,0.81897575
946455,0.8257783
946456,0.82527393
946457,0.82527393
946458,0.8317436
946459,0.8317436
946460,0.831466
946461,0.8320276
946462,0.8320276
946463,0.8334563
946464,0.8334563
946465,0.8295549
946466,0.8295549
946467,0.8295549
946468,0.82900524
946469,0.82900524
946470,0.82900524
946471,0.82900524
946472,0.8276819
946473,0.83134204
946474,0.83134204
946475,0.83036566
946476,0.830455
946477,0.83675134
946478,0.83675134
946479,0.83675134
946480,0.83675134
946481,0.8188483
946482,0.8188483
946483,0.7870045
946484,0.7870045
946485,0.7686697
946486,0.7710888
946487,0.7686697
946488,0.7205182
946489,0.71776026
946490,0.71776026
946491,0.5272332
946492,0.028717725
946493,0.13072146
946494,0.12652807
946495,0.119319506
946496,0.118302435
946497,0.1166989
946498,0.1166989
946499,0.13514043
946500,0.12650584
946501,0.2116992
946502,0.12876524
946503,0.12462575
946504,0.118159205
946505,0.115939386
946506,0.11294003
946507,0.11142062
946508,0.07749119
946509,0.16997148
946510,0.10295941
946511,0.1054666
946512,0.115441546
946513,0.11715023
946514,0.09824972
946515,0.25154597
946516,0.14237568
946517,0.13040586
946518,0.09107705
946519,0.025570078
946520,0.1567253
946521,0.15857843
946522,0.15962762
946523,0.15779035
946524,0.1559212
946525,0.1559212
946526,0.1559212
946527,0.1559212
946528,0.1559212
946529,0.10310955
946530,0.22196853
946531,0.07234838
946532,0.06843974
946533,0.06265567
946534,0.0629016
946535,0.06868959
946536,0.052827872
946537,0.026446873
946538,0.102382556
946539,0.10487736
946540,0.10031317
946541,0.04214309
946542,0.14385502
946543,0.13177995
946544,0.12200149
946545,0.15938796
946546,0.025570078
946547,0.1567253
946548,0.15857843
946549,0.15962762
946550,0.15779035
946551,0.1559212
946552,0.1559212
946553,0.1559212
946554,0.1559212
946555,0.1559212
946556,0.10310955
946557,0.022609951
946558,0.06778982
946559,0.060704555
946560,0.06300103
946561,0.13517468
946562,0.021373022
946563,0.09647118
946564,0.093258716
946565,0.090678975
946566,0.08955073
946567,0.08840509
946568,0.08840509
946569,0.08840509
946570,0.124883436
946571,0.20198587
946572,0.08565926
946573,0.07564334
946574,0.059708495
946575,0.015874082
946576,0.06420079
946577,0.06108921
946578,0.054089706
946579,0.052624993
946580,0.054121844
946581,0.054121844
946582,0.04279227
946583,0.025601648
946584,0.13120307
946585,0.13069504
946586,0.13466458
946587,0.13940193
946588,0.1440634
946589,0.14944929
946590,0.19712456
946591,0.15146767
946592,0.16130169
946593,0.15098315
946594,0.10493814
946595,0.01848394
946596,0.08472668
946597,0.084381156
946598,0.0846742
946599,0.08451967
946600,0.08502139
946601,0.08753258
946602,0.08753258
946603,0.09234487
946604,0.06623315
946605,0.20388348
946606,0.029778536
946607,0.20820294
946608,0.22236003
946609,0.22903802
946610,0.24318787
946611,0.25031042
946612,0.25031042
946613,0.25031042
946614,0.26150706
946615,0.31296307
946616,0.2607787
946617,0.25907558
946618,0.25511485
946619,0.2780405
946620,0.23852295
946621,0.2028475
946622,0.21548219
946623,0.21316442
946624,0.2169647
946625,0.217466
946626,0.217466
946627,0.217466
946628,0.217466
946629,0.17379259
946630,0.024383197
946631,0.11222634
946632,0.11496833
946633,0.115593754
946634,0.1157936
946635,0.11464004
946636,0.09193813
946637,0.12936664
946638,0.1293022
946639,0.29272875
946640,0.1635986
946641,0.12859581
946642,0.19574362
946643,0.23218751
946644,0.14576359
946645,0.11584108
946646,0.103077605
946647,0.10189682
946648,0.09921996
946649,0.09921996
946650,0.07478431
946651,0.025138335
946652,0.13639887
946653,0.13805099
946654,0.1389868
946655,0.13734828
946656,0.13568227
946657,0.13568227
946658,0.13568227
946659,0.13568227
946660,0.13568227
946661,0.08936265
946662,0.021264538
946663,0.121989034
946664,0.12349159
946665,0.12390208
946666,0.122416124
946667,0.12090585
946668,0.12090585
946669,0.12090585
946670,0.12090585
946671,0.07546317
946672,0.4168014
946673,0.37703547
946674,0.38722232
946675,0.3633587
946676,0.3736261
946677,0.37001413
946678,0.36893326
946679,0.027376087
946680,0.16061401
946681,0.16250426
946682,0.164349
946683,0.16503467
946684,0.16309631
946685,0.16309631
946686,0.16309631
946687,0.16309631
946688,0.16309631
946689,0.16258171
946690,0.0992111
946691,0.031419195
946692,0.11877986
946693,0.109416336
946694,0.09541783
946695,0.09766146
946696,0.17366283
946697,0.08235332
946698,0.08457179
946699,0.08486545
946700,0.08631969
946701,0.09142283
946702,0.09325138
946703,0.10046465
946704,0.10046465
946705,0.07341432
946706,0.19209161
946707,0.022782957
946708,0.06737073
946709,0.067802675
946710,0.064878225
946711,0.06601468
946712,0.0700094
946713,0.07144335
946714,0.07711314
946715,0.06079257
946716,0.031422555
946717,0.10899519
946718,0.1118439
946719,0.11734404
946720,0.115457445
946721,0.122053
946722,0.12609376
946723,0.1354679
946724,0.1354679
946725,0.1354679
946726,0.12273753
946727,0.020471504
946728,0.061351564
946729,0.059231903
946730,0.054787803
946731,0.055353023
946732,0.05789391
946733,0.06016798
946734,0.054420628
946735,0.18409018
946736,0.1170099
946737,0.104793385
946738,0.06798854
946739,0.13555692
946740,0.3170939
946741,0.24635538
946742,0.26051146
946743,0.2099271
946744,0.20911834
946745,0.1539681
946746,0.024725236
946747,0.08235332
946748,0.06979324
946749,0.0700395
946750,0.071259476
946751,0.0755459
946752,0.077083856
946753,0.08316116
946754,0.082992494
946755,0.060477752
946756,0.018974092
946757,0.15130357
946758,0.15506561
946759,0.14893861
946760,0.14950024
946761,0.14950024
946762,0.14950024
946763,0.14950024
946764,0.14950024
946765,0.15276317
946766,0.11973128
946767,0.0136061665
946768,0.052789576
946769,0.046518166
946770,0.044808123
946771,0.044925176
946772,0.034767598
946773,0.045196608
946774,0.20011902
946775,0.024875216
946776,0.09097595
946777,0.09278278
946778,0.09424868
946779,0.09584689
946780,0.10145065
946781,0.10489081
946782,0.11289243
946783,0.112670876
946784,0.112670876
946785,0.092966415
946786,0.01279049
946787,0.09101888
946788,0.086195245
946789,0.069928534
946790,0.069714524
946791,0.069714524
946792,0.069714524
946793,0.055522125
946794,0.013407412
946795,0.06307681
946796,0.05508427
946797,0.048317682
946798,0.049306065
946799,0.038197584
946800,0.019797925
946801,0.0684003
946802,0.06979324
946803,0.0700395
946804,0.071259476
946805,0.0755459
946806,0.077083856
946807,0.08316116
946808,0.082992494
946809,0.060477752
946810,0.01551247
946811,0.101966165
946812,0.097267255
946813,0.092218496
946814,0.09258952
946815,0.09258952
946816,0.09258952
946817,0.09258952
946818,0.12704368
946819,0.012946223
946820,0.06177877
946821,0.05707553
946822,0.056887623
946823,0.058464095
946824,0.058464095
946825,0.056734987
946826,0.058464095
946827,0.046101972
946828,0.018906288
946829,0.0684003
946830,0.06979324
946831,0.0700395
946832,0.071259476
946833,0.07232881
946834,0.073806494
946835,0.07964772
946836,0.079485565
946837,0.057862174
946838,0.013413524
946839,0.06177877
946840,0.022322407
946841,0.056887623
946842,0.056734987
946843,0.058464095
946844,0.058464095
946845,0.058464095
946846,0.044265818
946847,0.023760453
946848,0.09097595
946849,0.09278278
946850,0.09424868
946851,0.09584689
946852,0.09724647
946853,0.10056002
946854,0.12171848
946855,0.13005802
946856,0.13005802
946857,0.10743375
946858,0.028084781
946859,0.07571159
946860,0.111933954
946861,0.38118497
946862,0.46109655
946863,0.4805771
946864,0.49681288
946865,0.6554618
946866,0.4998228
946867,0.4998228
946868,0.4998228
946869,0.49960002
946870,0.45423192
946871,0.4456074
946872,0.43686306
946873,0.39379993
946874,0.3697397
946875,0.24783711
946876,0.11261657
946877,0.10658155
946878,0.1036754
946879,0.061987568
946880,0.1034901
946881,0.1034901
946882,0.1034901
946883,0.08075171
946884,0.33079794
946885,0.022403322
946886,0.101279385
946887,0.09655617
946888,0.08845032
946889,0.08767017
946890,0.08644114
946891,0.06501097
946892,0.058372907
946893,0.37106398
946894,0.3539137
946895,0.26766607
946896,0.023752669
946897,0.10897443
946898,0.10393385
946899,0.096369214
946900,0.09552654
946901,0.09419873
946902,0.09419873
946903,0.0709948
946904,0.037961055
946905,0.3453861
946906,0.34068114
946907,0.3131784
946908,0.31212902
946909,0.30623728
946910,0.23988105
946911,0.030027732
946912,0.12910989
946913,0.09529996
946914,0.107293405
946915,0.10636645
946916,0.079596095
946917,0.05547524
946918,0.48752207
946919,0.49968168
946920,0.51740074
946921,0.5148532
946922,0.5148532
946923,0.48884365
946924,0.48884365
946925,0.48884365
946926,0.48884365
946927,0.51018035
946928,0.3889283
946929,0.08769741
946930,0.054824907
946931,0.054192036
946932,0.051665545
946933,0.044829197
946934,0.031290274
946935,0.16508232
946936,0.16446795
946937,0.16554843
946938,0.16435313
946939,0.16435313
946940,0.16435313
946941,0.16435313
946942,0.16435313
946943,0.16435313
946944,0.121168196
946945,0.046561584
946946,0.35784844
946947,0.34097776
946948,0.2591283
946949,0.015443739
946950,0.05048296
946951,0.050675344
946952,0.04886784
946953,0.0486067
946954,0.0486067
946955,0.047579944
946956,0.025351899
946957,0.11774796
946958,0.1052886
946959,0.09763612
946960,0.086760245
946961,0.065992825
946962,0.019828888
946963,0.08856569
946964,0.08494964
946965,0.08257881
946966,0.08192377
946967,0.08016164
946968,0.08192377
946969,0.08192377
946970,0.13169444
946971,0.21204957
946972,0.107676454
946973,0.10482122
946974,0.104597434
946975,0.10324615
946976,0.1062618
946977,0.1025062
946978,0.10098628
946979,0.082933255
946980,0.217911
946981,0.029189708
946982,0.10086736
946983,0.09525349
946984,0.08678723
946985,0.092525356
946986,0.097750574
946987,0.29552913
946988,0.2603107
946989,0.2752608
946990,0.41566992
946991,0.434624
946992,0.44704825
946993,0.47716525
946994,0.47673693
946995,0.47673693
946996,0.4803936
946997,0.47673693
946998,0.47673693
946999,0.4843579
947000,0.47443852
947001,0.46983227
947002,0.45566368
947003,0.46119913
947004,0.40419352
947005,0.27784204
947006,0.27560645
947007,0.2814343
947008,0.36018538
947009,0.28458902
947010,0.28458902
947011,0.2959965
947012,0.3538914
947013,0.3538914
947014,0.3538914
947015,0.2615912
947016,0.18149811
947017,0.32381445
947018,0.23532155
947019,0.2340111
947020,0.22592929
947021,0.22540063
947022,0.2227121
947023,0.2227121
947024,0.15885493
947025,0.18014884
947026,0.05144266
947027,0.047179785
947028,0.04024528
947029,0.033809494
947030,0.22822013
947031,0.23013549
947032,0.42457592
947033,0.45325196
947034,0.45224348
947035,0.4610469
947036,0.47120208
947037,0.47120208
947038,0.47120208
947039,0.47120208
947040,0.47120208
947041,0.47120208
947042,0.33039853
947043,0.010730996
947044,0.03832338
947045,0.036181252
947046,0.03240993
947047,0.032752287
947048,0.03541469
947049,0.03078941
947050,0.08103486
947051,0.47058496
947052,0.48202458
947053,0.49778116
947054,0.50972724
947055,0.50972724
947056,0.50972724
947057,0.50972724
947058,0.50972724
947059,0.50972724
947060,0.49642527
947061,0.3093691
947062,0.40195844
947063,0.3909021
947064,0.01049267
947065,0.03832338
947066,0.036181252
947067,0.03240993
947068,0.032752287
947069,0.03541469
947070,0.036167618
947071,0.031332236
947072,0.055682626
947073,0.28132233
947074,0.25208363
947075,0.25305447
947076,0.013149432
947077,0.04118067
947078,0.037748188
947079,0.03381927
947080,0.03417599
947081,0.031584673
947082,0.07418051
947083,0.04872292
947084,0.049091473
947085,0.17579062
947086,0.10446363
947087,0.10942818
947088,0.24992867
947089,0.1151665
947090,0.104620844
947091,0.099185154
947092,0.09832052
947093,0.13936947
947094,0.20372689
947095,0.24214354
947096,0.19513717
947097,0.18275422
947098,0.13967584
947099,0.013149432
947100,0.04118067
947101,0.037748188
947102,0.03381927
947103,0.03417599
947104,0.031584673
947105,0.021983432
947106,0.04923057
947107,0.04885431
947108,0.052263193
947109,0.037348673
947110,0.23037834
947111,0.07700175
947112,0.5096256
947113,0.58956534
947114,0.6533328
947115,0.6681783
947116,0.6681783
947117,0.6681783
947118,0.6713614
947119,0.6713614
947120,0.6713614
947121,0.6697
947122,0.6664921
947123,0.66380614
947124,0.6603161
947125,0.6603161
947126,0.65876704
947127,0.65876704
947128,0.6458727
947129,0.64232415
947130,0.6368742
947131,0.33224288
947132,0.010162047
947133,0.036726188
947134,0.03467012
947135,0.031051232
947136,0.031379703
947137,0.033934444
947138,0.034657035
947139,0.030017318
947140,0.035025235
947141,0.4410532
947142,0.47710723
947143,0.4948174
947144,0.49089682
947145,0.50263244
947146,0.50263244
947147,0.50263244
947148,0.50263244
947149,0.49089682
947150,0.48736385
947151,0.4704968
947152,0.31051314
947153,0.013360264
947154,0.041821882
947155,0.03833809
947156,0.034349967
947157,0.034712084
947158,0.032081466
947159,0.030560529
947160,0.37624937
947161,0.38773343
947162,0.4046938
947163,0.39578098
947164,0.39578098
947165,0.40706083
947166,0.40706083
947167,0.40706083
947168,0.40706083
947169,0.39240485
947170,0.24401872
947171,0.0103929425
947172,0.036726188
947173,0.03467012
947174,0.031051232
947175,0.031379703
947176,0.033934444
947177,0.029496582
947178,0.12849467
947179,0.08662215
947180,0.08894446
947181,0.09186511
947182,0.09563387
947183,0.09563387
947184,0.1456208
947185,0.1456208
947186,0.1456208
947187,0.10029306
947188,0.027357956
947189,0.224593
947190,0.2209781
947191,0.21092099
947192,0.21010943
947193,0.193697
947194,0.14458108
947195,0.0103929425
947196,0.036726188
947197,0.03467012
947198,0.031051232
947199,0.031379703
947200,0.033934444
947201,0.03768712
947202,0.11926453
947203,0.03407252
947204,0.112870865
947205,0.10569992
947206,0.084635794
947207,0.028642049
947208,0.34296668
947209,0.3540114
947210,0.3623488
947211,0.3503436
947212,0.36300436
947213,0.36300436
947214,0.36300436
947215,0.36300436
947216,0.36300436
947217,0.33245322
947218,0.02141656
947219,0.096381485
947220,0.09379426
947221,0.092552125
947222,0.09534482
947223,0.09740864
947224,0.09740864
947225,0.09740864
947226,0.07265934
947227,0.0440087
947228,0.11453647
947229,0.34740898
947230,0.54268545
947231,0.64452714
947232,0.74645925
947233,0.7634706
947234,0.7729543
947235,0.7851815
947236,0.78759897
947237,0.78759897
947238,0.78759897
947239,0.79062814
947240,0.8615158
947241,0.8607317
947242,0.7895407
947243,0.7895407
947244,0.7873104
947245,0.7873104
947246,0.7784747
947247,0.7757936
947248,0.7994371
947249,0.766288
947250,0.7650116
947251,0.7662657
947252,0.76300055
947253,0.7743127
947254,0.75203466
947255,0.7472495
947256,0.5496752
947257,0.11964552
947258,0.03558033
947259,0.03358617
947260,0.030076902
947261,0.030395389
947262,0.031411096
947263,0.02729391
947264,0.026743285
947265,0.11689055
947266,0.12216066
947267,0.14760084
947268,0.116808616
947269,0.06627862
947270,0.08487737
947271,0.1946661
947272,0.13256073
947273,0.29805744
947274,0.17549041
947275,0.17488143
947276,0.222844
947277,0.17828698
947278,0.17763394
947279,0.1787824
947280,0.1784896
947281,0.1784896
947282,0.1784896
947283,0.1784896
947284,0.1784896
947285,0.1784896
947286,0.12762664
947287,0.02285775
947288,0.10850655
947289,0.10348511
947290,0.09810196
947291,0.09724575
947292,0.095896594
947293,0.07231322
947294,0.09023147
947295,0.023223221
947296,0.10931069
947297,0.10425638
947298,0.098837525
947299,0.097975604
947300,0.0966174
947301,0.0966174
947302,0.07287105
947303,0.04724849
947304,0.18126608
947305,0.18856311
947306,0.19788828
947307,0.2120427
947308,0.2120427
947309,0.2120427
947310,0.2120427
947311,0.18544687
947312,0.027713781
947313,0.122416936
947314,0.1112909
947315,0.10554951
947316,0.09656245
947317,0.07826872
947318,0.048504114
947319,0.15210795
947320,0.13595062
947321,0.0673571
947322,0.43867755
947323,0.4631635
947324,0.500821
947325,0.5178045
947326,0.5178045
947327,0.5178045
947328,0.5178045
947329,0.40680245
947330,0.5178045
947331,0.50331193
947332,0.5104402
947333,0.49330103
947334,0.49330103
947335,0.49330103
947336,0.49330103
947337,0.33617535
947338,0.05511117
947339,0.018610442
947340,0.07958392
947341,0.07987787
947342,0.08016477
947343,0.08460468
947344,0.08460468
947345,0.08043071
947346,0.066885024
947347,0.017368989
947348,0.073875256
947349,0.07414982
947350,0.074417815
947351,0.07856661
947352,0.07856661
947353,0.05796845
947354,0.016890723
947355,0.06609808
947356,0.0663458
947357,0.06671507
947358,0.07159996
947359,0.06956006
947360,0.052230388
947361,0.27857324
947362,0.11979613
947363,0.11036258
947364,0.10213577
947365,0.09149346
947366,0.016818307
947367,0.069697365
947368,0.06995757
947369,0.070345424
947370,0.075474635
947371,0.07333306
947372,0.06967285
947373,0.06350891
947374,0.021425951
947375,0.10167852
947376,0.09831152
947377,0.09267688
947378,0.095806375
947379,0.091670245
947380,0.15383686
947381,0.01723508
947382,0.119024925
947383,0.12209986
947384,0.12518878
947385,0.121653125
947386,0.13376261
947387,0.121968515
947388,0.12887853
947389,0.13328987
947390,0.10949735
947391,0.24563873
947392,0.11571038
947393,0.12436886
947394,0.015573227
947395,0.07046982
947396,0.07073269
947397,0.07112452
947398,0.07533816
947399,0.07320015
947400,0.06954608
947401,0.05888102
947402,0.062213946
947403,0.3173301
947404,0.3372267
947405,0.33766365
947406,0.34356695
947407,0.34118867
947408,0.34118867
947409,0.34118867
947410,0.34118867
947411,0.34118867
947412,0.34118867
947413,0.33482158
947414,0.25170416
947415,0.3194599
947416,0.19803967
947417,0.06496114
947418,0.06315841
947419,0.06255182
947420,0.06281175
947421,0.06281175
947422,0.06281175
947423,0.06281175
947424,0.04707177
947425,0.08902287
947426,0.54639095
947427,0.52279395
947428,0.5678761
947429,0.61280394
947430,0.58013654
947431,0.58013654
947432,0.58013654
947433,0.58013654
947434,0.58013654
947435,0.58013654
947436,0.57885885
947437,0.5732324
947438,0.5686647
947439,0.5686647
947440,0.598705
947441,0.5669719
947442,0.5669719
947443,0.43091914
947444,0.015725844
947445,0.06315937
947446,0.061403356
947447,0.060812525
947448,0.0610657
947449,0.0610657
947450,0.0610657
947451,0.0610657
947452,0.046098243
947453,0.034547843
947454,0.2789237
947455,0.077128045
947456,0.46729678
947457,0.5398672
947458,0.47112846
947459,0.5500723
947460,0.5500723
947461,0.5500723
947462,0.5500723
947463,0.65058
947464,0.5500723
947465,0.5460251
947466,0.5428579
947467,0.53594303
947468,0.53594303
947469,0.53594303
947470,0.53594303
947471,0.4083789
947472,0.025032373
947473,0.07597933
947474,0.064889975
947475,0.07788824
947476,0.19829331
947477,0.2779535
947478,0.1458076
947479,0.13283366
947480,0.12627527
947481,0.18444717
947482,0.13392907
947483,0.1219021
947484,0.11766435
947485,0.116659455
947486,0.086931266
947487,0.035095185
947488,0.13801819
947489,0.12465045
947490,0.11808113
947491,0.15079619
947492,0.27822986
947493,0.1714046
947494,0.5667688
947495,0.6037426
947496,0.61872536
947497,0.63576984
947498,0.63576984
947499,0.63576984
947500,0.63576984
947501,0.63576984
947502,0.63576984
947503,0.62336063
947504,0.6092966
947505,0.59390706
947506,0.41123506
947507,0.29821777
947508,0.20293666
947509,0.056202047
947510,0.26671878
947511,0.25374788
947512,0.053737875
947513,0.49221918
947514,0.5432239
947515,0.58831483
947516,0.5958648
947517,0.5958648
947518,0.5958648
947519,0.5958648
947520,0.5958648
947521,0.69786316
947522,0.7547675
947523,0.7557983
947524,0.7499491
947525,0.7470125
947526,0.7470125
947527,0.46724394
947528,0.072447985
947529,0.62667876
947530,0.65973145
947531,0.6754637
947532,0.6964357
947533,0.6964357
947534,0.6964357
947535,0.6964357
947536,0.5871272
947537,0.6964357
947538,0.7036671
947539,0.7048287
947540,0.6960992
947541,0.52525955
947542,0.29276785
947543,0.06879207
947544,0.19292507
947545,0.18384337
947546,0.1823902
947547,0.13013174
947548,0.059321683
947549,0.5787556
947550,0.60591125
947551,0.62270886
947552,0.64529973
947553,0.64529973
947554,0.64529973
947555,0.64529973
947556,0.64529973
947557,0.64529973
947558,0.6531426
947559,0.65440494
947560,0.46828154
947561,0.02490941
947562,0.18904154
947563,0.18337214
947564,0.17464285
947565,0.17324695
947566,0.17104311
947567,0.17104311
947568,0.17150803
947569,0.27541816
947570,0.14535093
947571,0.13138121
947572,0.12450751
947573,0.122523434
947574,0.17053816
947575,0.052033477
947576,0.052827787
947577,0.0113268085
947578,0.041651066
947579,0.03933054
947580,0.035242956
947581,0.03561414
947582,0.039989673
947583,0.03522379
947584,0.19664876
947585,0.011075392
947586,0.041651066
947587,0.03933054
947588,0.035242956
947589,0.03561414
947590,0.039989673
947591,0.04083575
947592,0.0358419
947593,0.29779968
947594,0.35118905
947595,0.26588956
947596,0.27433202
947597,0.2550887
947598,0.19918421
947599,0.016451957
947600,0.06518561
947601,0.06163822
947602,0.05536584
947603,0.05593667
947604,0.058343392
947605,0.04842051
947606,0.21319786
947607,0.39730653
947608,0.4140443
947609,0.4422627
947610,0.44130272
947611,0.44323373
947612,0.44323373
947613,0.44323373
947614,0.44323373
947615,0.44323373
947616,0.44323373
947617,0.43920535
947618,0.43702585
947619,0.37038466
947620,0.016451957
947621,0.06518561
947622,0.06163822
947623,0.05536584
947624,0.05593667
947625,0.058343392
947626,0.04842051
947627,0.5065151
947628,0.6202289
947629,0.6442273
947630,0.6921745
947631,0.6960254
947632,0.6960254
947633,0.6960254
947634,0.70106596
947635,0.689363
947636,0.689363
947637,0.6609409
947638,0.7334197
947639,0.69030976
947640,0.69030976
947641,0.69030976
947642,0.687444
947643,0.687444
947644,0.6730275
947645,0.6386303
947646,0.65857816
947647,0.6403509
947648,0.6281828
947649,0.35386747
947650,0.095649935
947651,0.4998328
947652,0.53726214
947653,0.5464301
947654,0.4717511
947655,0.4717511
947656,0.4717511
947657,0.4717511
947658,0.4717511
947659,0.4717511
947660,0.46945515
947661,0.46725062
947662,0.53676593
947663,0.5349069
947664,0.5349069
947665,0.5349069
947666,0.37797147
947667,0.027893068
947668,0.0834461
947669,0.07611071
947670,0.067119285
947671,0.062122803
947672,0.2671643
947673,0.120768525
947674,0.110381566
947675,0.10326686
947676,0.074980594
947677,0.038617942
947678,0.13585024
947679,0.1318089
947680,0.0637797
947681,0.4572806
947682,0.47572467
947683,0.4747539
947684,0.4767064
947685,0.4767064
947686,0.4767064
947687,0.49330348
947688,0.49330348
947689,0.4767064
947690,0.47263205
947691,0.47042578
947692,0.4625288
947693,0.36931738
947694,0.017045055
947695,0.06808011
947696,0.06438606
947697,0.057851296
947698,0.058446165
947699,0.06095388
947700,0.04977089
947701,0.022213876
947702,0.11659667
947703,0.118041754
947704,0.11843659
947705,0.11700744
947706,0.1155551
947707,0.114004984
947708,0.114004984
947709,0.114004984
947710,0.06992208
947711,0.0939944
947712,0.55559283
947713,0.60891026
947714,0.61851627
947715,0.6281835
947716,0.6281835
947717,0.6281835
947718,0.6281835
947719,0.6281835
947720,0.6281835
947721,0.6572937
947722,0.62664455
947723,0.6235644
947724,0.5903899
947725,0.6218083
947726,0.62018466
947727,0.62018466
947728,0.6164924
947729,0.6169721
947730,0.4106292
947731,0.01692106
947732,0.06731179
947733,0.063656576
947734,0.057191327
947735,0.057417113
947736,0.059883494
947737,0.047911383
947738,0.2546036
947739,0.16607824
947740,0.17741793
947741,0.025372725
947742,0.1368114
947743,0.13846773
947744,0.1394059
947745,0.13776325
947746,0.13609299
947747,0.13609299
947748,0.13609299
947749,0.13609299
947750,0.13609299
947751,0.088378824
947752,0.071533635
947753,0.42784622
947754,0.4156672
947755,0.39551592
947756,0.3502406
947757,0.031210674
947758,0.0823332
947759,0.07508764
947760,0.060081396
947761,0.039062295
947762,0.13603687
947763,0.037769835
947764,0.10882327
947765,0.15187284
947766,0.28816545
947767,0.27325556
947768,0.30850095
947769,0.3270315
947770,0.3404442
947771,0.3404442
947772,0.34639177
947773,0.3404442
947774,0.36218888
947775,0.3404442
947776,0.33837795
947777,0.33639866
947778,0.32442024
947779,0.3276449
947780,0.21930873
947781,0.30238533
947782,0.036118772
947783,0.14311801
947784,0.19343062
947785,0.023897141
947786,0.046832524
947787,0.04647368
947788,0.04355643
947789,0.017829824
947790,0.045582283
947791,0.045232557
947792,0.046218254
947793,0.045331363
947794,0.040391047
947795,0.022912733
947796,0.046832524
947797,0.04647368
947798,0.04693683
947799,0.07185588
947800,0.23593418
947801,0.03469487
947802,0.14597818
947803,0.14936662
947804,0.4859584
947805,0.5336285
947806,0.5590765
947807,0.5564954
947808,0.5536061
947809,0.5536061
947810,0.5536061
947811,0.5536061
947812,0.5536061
947813,0.5536061
947814,0.54479754
947815,0.53058785
947816,0.5195024
947817,0.41849455
947818,0.064355835
947819,0.42712018
947820,0.4303109
947821,0.42565286
947822,0.43695408
947823,0.43315327
947824,0.43315327
947825,0.3993413
947826,0.2444475
947827,0.15848851
947828,0.1576793
947829,0.15052912
947830,0.15684323
947831,0.10984627
947832,0.10640945
947833,0.031209975
947834,0.029646693
947835,0.028550316
947836,0.031524725
947837,0.031524725
947838,0.026740607
947839,0.032257907
947840,0.15848851
947841,0.1576793
947842,0.15052912
947843,0.15684323
947844,0.13474913
947845,0.01724088
947846,0.028935337
947847,0.030905576
947848,0.02541168
947849,0.032860655
947850,0.027991427
947851,0.08844125
947852,0.20553543
947853,0.084542766
947854,0.07757389
947855,0.07514677
947856,0.07397291
947857,0.050844073
947858,0.027435644
947859,0.045545995
947860,0.041516516
947861,0.023454078
947862,0.04939882
947863,0.053390745
947864,0.13203311
947865,0.13998851
947866,0.022328679
947867,0.085165
947868,0.07814921
947869,0.07570557
947870,0.09060388
947871,0.012630466
947872,0.027672097
947873,0.025037827
947874,0.023490243
947875,0.032378234
947876,0.05471754
947877,0.4120725
947878,0.40302932
947879,0.39977822
947880,0.37862685
947881,0.37190792
947882,0.3675063
947883,0.3675063
947884,0.3675063
947885,0.28483126
947886,0.02177275
947887,0.27761373
947888,0.27344635
947889,0.26422405
947890,0.26327583
947891,0.25796038
947892,0.20069769
947893,0.07515377
947894,0.0497991
947895,0.049989007
947896,0.051661465
947897,0.051712908
947898,0.051712908
947899,0.051712908
947900,0.049102683
947901,0.0152195925
947902,0.050471958
947903,0.050664295
947904,0.051661465
947905,0.051712908
947906,0.051712908
947907,0.051712908
947908,0.049102683
947909,0.050671455
947910,0.3276815
947911,0.3567951
947912,0.42281798
947913,0.42710277
947914,0.42710277
947915,0.42710277
947916,0.42710277
947917,0.42710277
947918,0.42710277
947919,0.42756307
947920,0.4248805
947921,0.41535333
947922,0.41535333
947923,0.41535333
947924,0.41367915
947925,0.41367915
947926,0.3027288
947927,0.20044887
947928,0.10308673
947929,0.031393897
947930,0.023862775
947931,0.025329793
947932,0.029130176
947933,0.23294374
947934,0.014926718
947935,0.032463938
947936,0.03232402
947937,0.033453703
947938,0.03759033
947939,0.03759033
947940,0.038245622
947941,0.03759033
947942,0.03759033
947943,0.033844635
947944,0.010178075
947945,0.022521323
947946,0.020963928
947947,0.02058635
947948,0.009878717
947949,0.022788078
947950,0.020220261
947951,0.02140114
947952,0.39872247
947953,0.39732507
947954,0.37849393
947955,0.36902687
947956,0.364895
947957,0.013261203
947958,0.026596712
947959,0.010009898
947960,0.024791146
947961,0.024516467
947962,0.027110945
947963,0.02707588
947964,0.027110945
947965,0.010280055
947966,0.15167136
947967,0.103166796
947968,0.016160665
947969,0.033578765
947970,0.03343421
947971,0.035206407
947972,0.03887413
947973,0.03887413
947974,0.03887413
947975,0.040330634
947976,0.03887413
947977,0.035929438
947978,0.017399209
947979,0.07054181
947980,0.070804924
947981,0.05941776
947982,0.059476443
947983,0.059476443
947984,0.050631166
947985,0.011546339
947986,0.033578765
947987,0.03343421
947988,0.034601305
947989,0.03887413
947990,0.039550886
947991,0.03887413
947992,0.035855707
947993,0.03887413
947994,0.035312373
947995,0.017913686
947996,0.05033941
947997,0.14512353
947998,0.05152596
947999,0.05157728
948000,0.05157728
948001,0.05157728
948002,0.05591818
948003,0.41986907
948004,0.2522371
948005,0.04696592
948006,0.113857836
948007,0.035269782
948008,0.12714355
948009,0.10003425
948010,0.08065211
948011,0.032737948
948012,0.11522742
948013,0.090395726
948014,0.35943624
948015,0.28434324
948016,0.28011405
948017,0.2682924
948018,0.26602814
948019,0.2593743
948020,0.2593743
948021,0.27957076
948022,0.016282035
948023,0.048041403
948024,0.048224952
948025,0.0491766
948026,0.048913892
948027,0.048913892
948028,0.043867163
948029,0.027371792
948030,0.11531467
948031,0.11605177
948032,0.09978172
948033,0.10483208
948034,0.10483208
948035,0.10483208
948036,0.10654689
948037,0.08708521
948038,0.016288407
948039,0.048349287
948040,0.04853395
948041,0.04871423
948042,0.04845387
948043,0.04845387
948044,0.04845387
948045,0.045834053
948046,0.20713228
948047,0.10658255
948048,0.09728067
948049,0.11998777
948050,0.018013645
948051,0.079709455
948052,0.08866773
948053,0.07261771
948054,0.069276944
948055,0.06871838
948056,0.1491779
948057,0.01579237
948058,0.045805536
948059,0.045980953
948060,0.046152215
948061,0.045904886
948062,0.045904886
948063,0.041005805
948064,0.0147270225
948065,0.043303598
948066,0.043469872
948067,0.043717775
948068,0.043447044
948069,0.04356973
948070,0.04356973
948071,0.041573886
948072,0.016830359
948073,0.050721113
948074,0.05127052
948075,0.05204334
948076,0.053168602
948077,0.053317208
948078,0.053317208
948079,0.053317208
948080,0.05631666
948081,0.033751704
948082,0.059310958
948083,0.10385069
948084,0.046282597
948085,0.04592776
948086,0.046189014
948087,0.045302656
948088,0.04036534
948089,0.03740837
948090,0.29700544
948091,0.15715523
948092,0.19246511
948093,0.34441772
948094,0.24786381
948095,0.20767784
948096,0.05182073
948097,0.2015949
948098,0.041211877
948099,0.23848517
948100,0.21434776
948101,0.08707708
948102,0.050995912
948103,0.05060685
948104,0.0469873
948105,0.01826861
948106,0.050180197
948107,0.049797032
948108,0.05065697
948109,0.050707463
948110,0.056726005
948111,0.119689174
948112,0.03646395
948113,0.032501597
948114,0.030659959
948115,0.034346875
948116,0.2921752
948117,0.27735162
948118,0.2148752
948119,0.21199976
948120,0.21166655
948121,0.21166655
948122,0.21166655
948123,0.21166655
948124,0.15044044
948125,0.014885765
948126,0.028910326
948127,0.025756413
948128,0.024800224
948129,0.026949085
948130,0.025553523
948131,0.07685887
948132,0.05078324
948133,0.05039572
948134,0.055619814
948135,0.040662054
948136,0.21470173
948137,0.21956134
948138,0.025514606
948139,0.044494268
948140,0.23370194
948141,0.10517867
948142,0.094704784
948143,0.047941472
948144,0.03377326
948145,0.10986392
948146,0.10483782
948147,0.1056815
948148,0.075949825
948149,0.23135412
948150,0.11334612
948151,0.08866836
948152,0.0206147
948153,0.03469832
948154,0.03575071
948155,0.041395325
948156,0.0943797
948157,0.019506197
948158,0.10868589
948159,0.11004511
948160,0.110416554
948161,0.1090722
948162,0.107706346
948163,0.107706346
948164,0.107706346
948165,0.107706346
948166,0.14890376
948167,0.020489149
948168,0.034002848
948169,0.03003629
948170,0.028330253
948171,0.030994905
948172,0.034036025
948173,0.10517867
948174,0.094704784
948175,0.16155998
948176,0.025514606
948177,0.050764106
948178,0.10802241
948179,0.09329615
948180,0.0340821
948181,0.03511648
948182,0.01067254
948183,0.023498882
948184,0.022312947
948185,0.021481775
948186,0.023776941
948187,0.023776941
948188,0.023776941
948189,0.022451311
948190,0.010914901
948191,0.023498882
948192,0.022312947
948193,0.021465423
948194,0.023776941
948195,0.023199975
948196,0.022451311
948197,0.011291427
948198,0.023471143
948199,0.023073481
948200,0.022214621
948201,0.024586128
948202,0.023206407
948203,0.02309234
948204,0.023650605
948205,0.028771654
948206,0.110710524
948207,0.10770536
948208,0.107513726
948209,0.107513726
948210,0.107513726
948211,0.107513726
948212,0.08211083
948213,0.19643877
948214,0.11235034
948215,0.11374958
948216,0.11413191
948217,0.11274805
948218,0.111341916
948219,0.111341916
948220,0.111341916
948221,0.111341916
948222,0.07210324
948223,0.035100836
948224,0.12753385
948225,0.113227904
948226,0.08836447
948227,0.2545525
948228,0.13655996
948229,0.113323316
948230,0.3402258
948231,0.26672068
948232,0.2667304
948233,0.26226333
948234,0.25969812
948235,0.25969812
948236,0.25969812
948237,0.25479314
948238,0.18133679
948239,0.02655068
948240,0.1419102
948241,0.14361799
948242,0.14458519
948243,0.14289165
948244,0.14116938
948245,0.14116938
948246,0.14116938
948247,0.14116938
948248,0.14116938
948249,0.096968256
948250,0.035100836
948251,0.12753385
948252,0.113227904
948253,0.08836447
948254,0.16952637
948255,0.050536785
948256,0.23442827
948257,0.22149146
948258,0.21590868
948259,0.20130132
948260,0.19990693
948261,0.23224095
948262,0.03183517
948263,0.11735063
948264,0.107221775
948265,0.10608432
948266,0.08011861
948267,0.10109305
948268,0.10132109
948269,0.20077918
948270,0.12883377
948271,0.12833358
948272,0.1287578
948273,0.12778746
948274,0.12778746
948275,0.12778746
948276,0.12427874
948277,0.12778746
948278,0.08926044
948279,0.017829223
948280,0.1053391
948281,0.06945352
948282,0.057363395
948283,0.057059586
948284,0.057059586
948285,0.04914836
948286,0.04666121
948287,0.19319905
948288,0.11080544
948289,0.076415
948290,0.03549142
948291,0.19795002
948292,0.19724225
948293,0.20276153
948294,0.20321342
948295,0.20321342
948296,0.20321342
948297,0.20321342
948298,0.20321342
948299,0.20321342
948300,0.22269426
948301,0.14024451
948302,0.31116283
948303,0.26367176
948304,0.25884557
948305,0.2525358
948306,0.19143078
948307,0.017034663
948308,0.07113672
948309,0.07307711
948310,0.073334046
948311,0.07347597
948312,0.07347597
948313,0.07347597
948314,0.07347597
948315,0.07667431
948316,0.06776188
948317,0.036161553
948318,0.1961043
948319,0.20290501
948320,0.20304434
948321,0.20725983
948322,0.20725983
948323,0.20725983
948324,0.20725983
948325,0.20725983
948326,0.20725983
948327,0.20574975
948328,0.2027458
948329,0.19300699
948330,0.19300699
948331,0.13532846
948332,0.021847751
948333,0.10201681
948334,0.09176481
948335,0.079262316
948336,0.0716533
948337,0.01606118
948338,0.047294706
948339,0.04747554
948340,0.047652088
948341,0.04739712
948342,0.04739712
948343,0.07740143
948344,0.032163333
948345,0.16714874
948346,0.17205657
948347,0.17567447
948348,0.17944965
948349,0.17737795
948350,0.17737795
948351,0.17737795
948352,0.17737795
948353,0.17737795
948354,0.17603727
948355,0.17337243
948356,0.19015622
948357,0.09381951
948358,0.16456753
948359,0.08815795
948360,0.053195685
948361,0.05279078
948362,0.04902309
948363,0.015193608
948364,0.051880803
948365,0.052078214
948366,0.052975334
948367,0.053028017
948368,0.053028017
948369,0.047578037
948370,0.2619353
948371,0.12784834
948372,0.09932618
948373,0.024662727
948374,0.143409
948375,0.14700875
948376,0.15138747
948377,0.15342174
948378,0.15342174
948379,0.15342174
948380,0.15342174
948381,0.15342174
948382,0.15342174
948383,0.15222862
948384,0.120338775
948385,0.041329876
948386,0.11162179
948387,0.047283083
948388,0.033221677
948389,0.20550363
948390,0.20477572
948391,0.21045057
948392,0.20870079
948393,0.20870079
948394,0.20870079
948395,0.20870079
948396,0.20870079
948397,0.20870079
948398,0.20718297
948399,0.13354367
948400,0.032106105
948401,0.069602214
948402,0.032682728
948403,0.1205352
948404,0.108647324
948405,0.08427892
948406,0.24044283
948407,0.09915457
948408,0.041329876
948409,0.14179747
948410,0.019048735
948411,0.107933186
948412,0.10928416
948413,0.109653346
948414,0.10831715
948415,0.10695961
948416,0.10695961
948417,0.10695961
948418,0.10695961
948419,0.06642895
948420,0.3357767
948421,0.28623196
948422,0.27979764
948423,0.25915915
948424,0.18590096
948425,0.17122605
948426,0.02474375
948427,0.15188599
948428,0.15369233
948429,0.1554556
948430,0.15611109
948431,0.15425819
948432,0.15425819
948433,0.15425819
948434,0.15425819
948435,0.15425819
948436,0.15305972
948437,0.16845967
948438,0.075032435
948439,0.105283596
948440,0.030300025
948441,0.027225662
948442,0.027578665
948443,0.010693773
948444,0.024071066
948445,0.02285692
948446,0.022005942
948447,0.024355723
948448,0.024355723
948449,0.024355723
948450,0.023169814
948451,0.019805616
948452,0.026775382
948453,0.02833515
948454,0.026723076
948455,0.029992614
948456,0.014013334
948457,0.03381121
948458,0.03366569
948459,0.03484058
948460,0.039141748
948461,0.039141748
948462,0.039141748
948463,0.039141748
948464,0.039141748
948465,0.034282304
948466,0.1872594
948467,0.013062544
948468,0.027038576
948469,0.018743198
948470,0.023599036
948471,0.02611438
948472,0.02270895
948473,0.08968665
948474,0.05329829
948475,0.05289265
948476,0.05076098
948477,0.050811578
948478,0.04493548
948479,0.24396189
948480,0.11728736
948481,0.107163295
948482,0.13377222
948483,0.019984573
948484,0.03181219
948485,0.02858893
948486,0.025123578
948487,0.030260777
948488,0.021460064
948489,0.051532555
948490,0.051139627
948491,0.050738815
948492,0.04674528
948493,0.014563925
948494,0.025649957
948495,0.024510076
948496,0.023599036
948497,0.023776107
948498,0.02307995
948499,0.0178875
948500,0.050708715
948501,0.05032173
948502,0.14638785
948503,0.05055867
948504,0.044710446
948505,0.35828915
948506,0.012455816
948507,0.023986587
948508,0.023656832
948509,0.022776766
948510,0.025206735
948511,0.023944577
948512,0.062696084
948513,0.018831324
948514,0.08092499
948515,0.08310848
948516,0.08339751
948517,0.08407027
948518,0.08407027
948519,0.08407027
948520,0.08631646
948521,0.090019435
948522,0.08598411
948523,0.46213725
948524,0.62543994
948525,0.71978045
948526,0.8167553
948527,0.79676574
948528,0.8365767
948529,0.79676574
948530,0.8411345
948531,0.8021714
948532,0.8411345
948533,0.83918196
948534,0.83918196
948535,0.83731395
948536,0.83320004
948537,0.83320004
948538,0.82729
948539,0.78579617
948540,0.7732804
948541,0.81430346
948542,0.8181334
948543,0.8063622
948544,0.75999624
948545,0.62508374
948546,0.017784087
948547,0.054469805
948548,0.054676503
948549,0.054878287
948550,0.05493275
948551,0.05493275
948552,0.05493275
948553,0.05361268
948554,0.01584914
948555,0.047866736
948556,0.048049647
948557,0.048228223
948558,0.047970332
948559,0.047970332
948560,0.043016545
948561,0.02170124
948562,0.050060827
948563,0.04967853
948564,0.049288582
948565,0.044386115
948566,0.5879483
948567,0.57529503
948568,0.5581104
948569,0.44417325
948570,0.5893131
948571,0.59130645
948572,0.59130645
948573,0.59130645
948574,0.59130645
948575,0.59130645
948576,0.59130645
948577,0.5790066
948578,0.5444015
948579,0.56327015
948580,0.5614306
948581,0.30785874
948582,0.42818838
948583,0.01699028
948584,0.042430878
948585,0.04210428
948586,0.04285199
948587,0.042621557
948588,0.03798486
948589,0.33098125
948590,0.25573164
948591,0.14752968
948592,0.13800916
948593,0.13598417
948594,0.13636649
948595,0.13471052
948596,0.13760711
948597,0.13760711
948598,0.09291801
948599,0.039087042
948600,0.3288615
948601,0.02219331
948602,0.04585124
948603,0.045499574
948604,0.04576939
948605,0.042245872
948606,0.024686923
948607,0.13649403
948608,0.15921986
948609,0.10608456
948610,0.016966164
948611,0.04685155
948612,0.047361128
948613,0.048078008
948614,0.049121976
948615,0.049673848
948616,0.049673848
948617,0.049673848
948618,0.05312264
948619,0.26941568
948620,0.13015148
948621,0.014789693
948622,0.03847353
948623,0.038622003
948624,0.03938786
948625,0.039142847
948626,0.039587274
948627,0.051622853
948628,0.035413068
948629,0.13517214
948630,0.12300828
948631,0.09368622
948632,0.034623064
948633,0.13390312
948634,0.11402762
948635,0.034751378
948636,0.13658856
948637,0.124315605
948638,0.09940283
948639,0.1340023
948640,0.2495119
948641,0.090188906
948642,0.0830066
948643,0.07958785
948644,0.07179782
948645,0.022449715
948646,0.098083146
948647,0.100678876
948648,0.10102226
948649,0.0930762
948650,0.10209024
948651,0.10143093
948652,0.10253522
948653,0.084482074
948654,0.07663054
948655,0.023022942
948656,0.08134115
948657,0.07545717
948658,0.07377529
948659,0.081506476
948660,0.06274612
948661,0.11301244
948662,0.4024782
948663,0.41402254
948664,0.41592634
948665,0.449455
948666,0.45236483
948667,0.4465814
948668,0.4465814
948669,0.4465814
948670,0.36447242
948671,0.30858645
948672,0.1136817
948673,0.04403007
948674,0.12490174
948675,0.12402247
948676,0.12536465
948677,0.14042899
948678,0.045930527
948679,0.12917292
948680,0.12826799
948681,0.1484903
948682,0.5767431
948683,0.5695252
948684,0.6426989
948685,0.7868884
948686,0.8431478
948687,0.8509033
948688,0.8728016
948689,0.87649834
948690,0.8475532
948691,0.87649834
948692,0.87491584
948693,0.87491584
948694,0.8655685
948695,0.86293787
948696,0.83142585
948697,0.8271074
948698,0.85929006
948699,0.8563225
948700,0.8236005
948701,0.82187915
948702,0.8203873
948703,0.81933683
948704,0.81933683
948705,0.81933683
948706,0.80376405
948707,0.799669
948708,0.799669
948709,0.7985536
948710,0.7781467
948711,0.7862285
948712,0.7862285
948713,0.5854408
948714,0.3239631
948715,0.27820602
948716,0.24370894
948717,0.083716884
948718,0.0504185
948719,0.050033614
948720,0.055946454
948721,0.06951924
948722,0.59439826
948723,0.6212054
948724,0.6377408
948725,0.6599232
948726,0.6599232
948727,0.6599232
948728,0.6599232
948729,0.6599232
948730,0.6599232
948731,0.66760933
948732,0.6688457
948733,0.5357064
948734,0.19198386
948735,0.08813799
948736,0.02476469
948737,0.28211915
948738,0.26834542
948739,0.25780168
948740,0.25686845
948741,0.20297338
948742,0.020703014
948743,0.06906921
948744,0.063341446
948745,0.06594157
948746,0.06325747
948747,0.067433015
948748,0.06577324
948749,0.06633248
948750,0.028863275
948751,0.27664253
948752,0.2612244
948753,0.23749061
948754,0.019533083
948755,0.065597914
948756,0.063341446
948757,0.06594157
948758,0.06661375
948759,0.0644452
948760,0.06577324
948761,0.05887357
948762,0.08617356
948763,0.049335983
948764,0.048958935
948765,0.049914036
948766,0.046225823
948767,0.019533083
948768,0.065597914
948769,0.063341446
948770,0.06594157
948771,0.06325747
948772,0.0644452
948773,0.06577324
948774,0.06121172
948775,0.014962687
948776,0.049321968
948777,0.049510155
948778,0.051062793
948779,0.051113673
948780,0.051113673
948781,0.051113673
948782,0.048788514
948783,0.31715295
948784,0.25869757
948785,0.24907607
948786,0.3467954
948787,0.39478716
948788,0.39155886
948789,0.3871823
948790,0.40168446
948791,0.39715323
948792,0.28667727
948793,0.28667727
948794,0.28040886
948795,0.020703014
948796,0.065597914
948797,0.06102891
948798,0.062616885
948799,0.06325747
948800,0.067433015
948801,0.06577324
948802,0.05887357
948803,0.016515369
948804,0.05547681
948805,0.056074686
948806,0.05691558
948807,0.05738809
948808,0.05738809
948809,0.05738809
948810,0.05738809
948811,0.060600217
948812,0.01764452
948813,0.06942037
948814,0.06750281
948815,0.07203213
948816,0.073284075
948817,0.069859624
948818,0.07129075
948819,0.076949425
948820,0.06578712
948821,0.0151723595
948822,0.049988724
948823,0.050179318
948824,0.051062793
948825,0.051113673
948826,0.051113673
948827,0.051113673
948828,0.048788514
948829,0.026783777
948830,0.06906921
948831,0.063341446
948832,0.062616885
948833,0.06690538
948834,0.067433015
948835,0.060183402
948836,0.014961155
948837,0.04736301
948838,0.047544096
948839,0.048383534
948840,0.04843188
948841,0.04843188
948842,0.055132404
948843,0.019249441
948844,0.065597914
948845,0.06670186
948846,0.06594157
948847,0.06434106
948848,0.067433015
948849,0.0688181
948850,0.05887357
948851,0.020402735
948852,0.066562414
948853,0.064275056
948854,0.06594157
948855,0.06661375
948856,0.067433015
948857,0.0688181
948858,0.05887357
948859,0.16496699
948860,0.16070335
948861,0.16734178
948862,0.16955154
948863,0.172745
948864,0.172745
948865,0.172745
948866,0.172745
948867,0.15470704
948868,0.02099724
948869,0.0747775
948870,0.07272352
948871,0.07203213
948872,0.073284075
948873,0.07204252
948874,0.07351482
948875,0.07933496
948876,0.062379185
948877,0.026102923
948878,0.112166695
948879,0.124295205
948880,0.028550433
948881,0.14322054
948882,0.14681637
948883,0.14899579
948884,0.15136719
948885,0.14901543
948886,0.14901543
948887,0.15978205
948888,0.15978205
948889,0.15978205
948890,0.12861064
948891,0.105344765
948892,0.022140378
948893,0.08256156
948894,0.06709661
948895,0.06633215
948896,0.067008026
948897,0.06492013
948898,0.06625726
948899,0.05505838
948900,0.27962974
948901,0.13702199
948902,0.12344333
948903,0.078937106
948904,0.3080587
948905,0.24197519
948906,0.11663184
948907,0.117685586
948908,0.11253675
948909,0.11854837
948910,0.11715011
948911,0.11715011
948912,0.12361773
948913,0.100668035
948914,0.25893968
948915,0.13975957
948916,0.14738314
948917,0.12253387
948918,0.1380159
948919,0.10093523
948920,0.11351881
948921,0.030324293
948922,0.15228345
948923,0.13074353
948924,0.14069223
948925,0.14045112
948926,0.14045112
948927,0.14045112
948928,0.12844217
948929,0.10431524
948930,0.02479466
948931,0.13250636
948932,0.13270877
948933,0.12519854
948934,0.12413841
948935,0.12246672
948936,0.12246672
948937,0.16751492
948938,0.22485848
948939,0.09510908
948940,0.08011949
948941,0.07460927
948942,0.041617494
948943,0.108542934
948944,0.02903991
948945,0.1259923
948946,0.12922083
948947,0.1259181
948948,0.12592712
948949,0.12955198
948950,0.12955198
948951,0.12281381
948952,0.12281381
948953,0.091466375
948954,0.022731973
948955,0.0825058
948956,0.07971734
948957,0.07483675
948958,0.07285404
948959,0.07401552
948960,0.073522665
948961,0.098433234
948962,0.09372572
948963,0.13440911
948964,0.3494703
948965,0.25535485
948966,0.21235129
948967,0.13221084
948968,0.026762215
948969,0.107231975
948970,0.11212193
948971,0.114501365
948972,0.104636796
948973,0.026219148
948974,0.106310375
948975,0.11116354
948976,0.1135253
948977,0.11955115
948978,0.09925187
948979,0.038018506
948980,0.11837252
948981,0.22017325
948982,0.024632692
948983,0.10619303
948984,0.119151406
948985,0.016676577
948986,0.07916867
948987,0.0753901
948988,0.065150805
948989,0.064561605
948990,0.06878776
948991,0.06403845
948992,0.05408297
948993,0.03686122
948994,0.11837252
948995,0.03533729
948996,0.29424465
948997,0.31194738
948998,0.3434021
948999,0.35067967
949000,0.35853645
949001,0.35853645
949002,0.35853645
949003,0.3797694
949004,0.3797694
949005,0.36891654
949006,0.37679932
949007,0.36419797
949008,0.36100405
949009,0.23034357
949010,0.024632692
949011,0.10619303
949012,0.119151406
949013,0.0516305
949014,0.2854833
949015,0.31194738
949016,0.3434021
949017,0.35853645
949018,0.35853645
949019,0.35853645
949020,0.35067967
949021,0.3797694
949022,0.3797694
949023,0.37888062
949024,0.37679932
949025,0.36419797
949026,0.3512442
949027,0.23034357
949028,0.033147234
949029,0.15409099
949030,0.16366288
949031,0.16583373
949032,0.16897142
949033,0.16897142
949034,0.16897142
949035,0.16897142
949036,0.1572315
949037,0.06580447
949038,0.38416794
949039,0.4210725
949040,0.47806948
949041,0.4905325
949042,0.4991142
949043,0.50532454
949044,0.50532454
949045,0.5280938
949046,0.5280938
949047,0.5193028
949048,0.5295842
949049,0.5256748
949050,0.52222794
949051,0.52222794
949052,0.5205065
949053,0.50987524
949054,0.49544
949055,0.2853427
949056,0.1811218
949057,0.08252933
949058,0.03495849
949059,0.13448742
949060,0.030829074
949061,0.11237316
949062,0.09957376
949063,0.083718695
949064,0.07162805
949065,0.033688907
949066,0.07686413
949067,0.07125284
949068,0.060572654
949069,0.033540573
949070,0.110309854
949071,0.089876905
949072,0.023192475
949073,0.07105441
949074,0.06862403
949075,0.06352282
949076,0.064172044
949077,0.06851324
949078,0.06991885
949079,0.059666563
949080,0.021301305
949081,0.09810061
949082,0.09351021
949083,0.080100715
949084,0.07938779
949085,0.0782649
949086,0.06135158
949087,0.023192475
949088,0.07105441
949089,0.06862403
949090,0.06352282
949091,0.064172044
949092,0.06851324
949093,0.06991885
949094,0.059666563
949095,0.028277129
949096,0.116489574
949097,0.104147665
949098,0.08936312
949099,0.0885757
949100,0.06887116
949101,0.035269175
949102,0.11188076
949103,0.108927615
949104,0.10793211
949105,0.10973423
949106,0.11069782
949107,0.11069782
949108,0.11685637
949109,0.09184138
949110,0.11762122
949111,0.1103415
949112,0.113005795
949113,0.105782434
949114,0.026327832
949115,0.110037155
949116,0.10412415
949117,0.10127741
949118,0.10109592
949119,0.10109592
949120,0.10109592
949121,0.10109592
949122,0.08340416
949123,0.044864126
949124,0.10924102
949125,0.10065563
949126,0.039355032
949127,0.19538967
949128,0.20598602
949129,0.2066061
949130,0.21032076
949131,0.21032076
949132,0.21032076
949133,0.21032076
949134,0.21032076
949135,0.18966192
949136,0.026327832
949137,0.110037155
949138,0.10412415
949139,0.10127741
949140,0.10109592
949141,0.10109592
949142,0.10109592
949143,0.10109592
949144,0.08340416
949145,0.13435344
949146,0.041946292
949147,0.14643936
949148,0.028433202
949149,0.12080452
949150,0.114387296
949151,0.11129483
949152,0.1110976
949153,0.1110976
949154,0.1110976
949155,0.1110976
949156,0.08936987
949157,0.024775943
949158,0.10681247
949159,0.10186047
949160,0.09443084
949161,0.09360336
949162,0.09229955
949163,0.09229955
949164,0.06952754
949165,0.16313031
949166,0.11290305
949167,0.032627415
949168,0.16200963
949169,0.16140448
949170,0.16246875
949171,0.16129138
949172,0.16129138
949173,0.16129138
949174,0.16129138
949175,0.1697544
949176,0.1697544
949177,0.12536319
949178,0.032627415
949179,0.16200963
949180,0.16140448
949181,0.16246875
949182,0.16129138
949183,0.16129138
949184,0.16129138
949185,0.16129138
949186,0.1697544
949187,0.1697544
949188,0.12536319
949189,0.1894284
949190,0.01835085
949191,0.08754866
949192,0.08719272
949193,0.087494604
949194,0.086804256
949195,0.086804256
949196,0.086804256
949197,0.086804256
949198,0.09097413
949199,0.06498376
949200,0.028939055
949201,0.18013391
949202,0.1889654
949203,0.19929254
949204,0.21211024
949205,0.21211024
949206,0.21211024
949207,0.21211024
949208,0.22084378
949209,0.22084378
949210,0.21926211
949211,0.21775025
949212,0.14542693
949213,0.021925086
949214,0.08119415
949215,0.08086176
949216,0.08114367
949217,0.08099501
949218,0.08389379
949219,0.08389379
949220,0.08389379
949221,0.087937325
949222,0.06330739
949223,0.020473134
949224,0.06836664
949225,0.0645305
949226,0.0626905
949227,0.062573336
949228,0.06485935
949229,0.06485935
949230,0.06485935
949231,0.024512915
949232,0.04212273
949233,0.26562026
949234,0.2858808
949235,0.34330848
949236,0.36121026
949237,0.39507058
949238,0.37009907
949239,0.37009907
949240,0.4085204
949241,0.4085204
949242,0.4043107
949243,0.40218017
949244,0.39708003
949245,0.39708003
949246,0.39708003
949247,0.39708003
949248,0.24865453
949249,0.015152387
949250,0.05811822
949251,0.055284027
949252,0.05228213
949253,0.050863728
949254,0.05231325
949255,0.11501567
949256,0.26852468
949257,0.122055404
949258,0.113406226
949259,0.10816901
949260,0.10693687
949261,0.074914165
949262,0.21388493
949263,0.23146275
949264,0.21538764
949265,0.20204224
949266,0.16709347
949267,0.020418942
949268,0.11207755
949269,0.10840777
949270,0.103374474
949271,0.10219069
949272,0.09950695
949273,0.09950695
949274,0.17997044
949275,0.029861964
949276,0.27479658
949277,0.28061393
949278,0.2883638
949279,0.28795445
949280,0.28795445
949281,0.28795445
949282,0.28795445
949283,0.28795445
949284,0.20222858
949285,0.027150622
949286,0.21123487
949287,0.20626841
949288,0.20125638
949289,0.20093575
949290,0.20093575
949291,0.20093575
949292,0.20093575
949293,0.2080453
949294,0.18719856
949295,0.06269866
949296,0.011751571
949297,0.053824518
949298,0.05345413
949299,0.048604596
949300,0.049109343
949301,0.054540716
949302,0.0556768
949303,0.04592503
949304,0.109622575
949305,0.07094456
949306,0.071268804
949307,0.059268557
949308,0.011751571
949309,0.053824518
949310,0.05345413
949311,0.048604596
949312,0.049109343
949313,0.054540716
949314,0.0556768
949315,0.07539638
949316,0.02161578
949317,0.07022954
949318,0.06427152
949319,0.21701242
949320,0.08999044
949321,0.08574346
949322,0.081199616
949323,0.08047777
949324,0.07934079
949325,0.060171306
949326,0.01791003
949327,0.08999044
949328,0.08574346
949329,0.081199616
949330,0.08047777
949331,0.07934079
949332,0.07934079
949333,0.060171306
949334,0.12619622
949335,0.024032963
949336,0.0973075
949337,0.088708654
949338,0.44226024
949339,0.46887064
949340,0.49552137
949341,0.50746584
949342,0.5159438
949343,0.5159438
949344,0.5159438
949345,0.5159438
949346,0.5159438
949347,0.5159438
949348,0.49974093
949349,0.48613828
949350,0.47011647
949351,0.39491853
949352,0.016466724
949353,0.08437605
949354,0.08037063
949355,0.07608782
949356,0.075407684
949357,0.07433654
949358,0.07433654
949359,0.056302194
949360,0.01908103
949361,0.107068665
949362,0.10664262
949363,0.10700394
949364,0.10681345
949365,0.10681345
949366,0.12011433
949367,0.10681345
949368,0.108989045
949369,0.07500744
949370,0.21591449
949371,0.23620933
949372,0.11298188
949373,0.10318593
949374,0.09648471
949375,0.07032768
949376,0.016466724
949377,0.08437605
949378,0.07482722
949379,0.07608782
949380,0.075407684
949381,0.07433654
949382,0.07433654
949383,0.056302194
949384,0.017895719
949385,0.09659378
949386,0.09337767
949387,0.090794966
949388,0.089665435
949389,0.088518456
949390,0.088518456
949391,0.088518456
949392,0.060029637
949393,0.01627954
949394,0.08437605
949395,0.08037063
949396,0.07608782
949397,0.075407684
949398,0.07433654
949399,0.07428302
949400,0.056302194
949401,0.018614966
949402,0.10015346
949403,0.09683154
949404,0.09416322
949405,0.09299607
949406,0.091810785
949407,0.091810785
949408,0.091810785
949409,0.062334824
949410,0.017510042
949411,0.08933119
949412,0.085112415
949413,0.080599055
949414,0.07988209
949415,0.07875281
949416,0.07875281
949417,0.059716165
949418,0.06453537
949419,0.017904872
949420,0.08933119
949421,0.085112415
949422,0.080599055
949423,0.07988209
949424,0.07875281
949425,0.059716165
949426,0.3188614
949427,0.26904285
949428,0.06839213
949429,0.019194568
949430,0.097241335
949431,0.09268702
949432,0.08781055
949433,0.08703551
949434,0.08581453
949435,0.08581453
949436,0.064858064
949437,0.035049316
949438,0.16250624
949439,0.41798425
949440,0.49155152
949441,0.5065853
949442,0.5093075
949443,0.51475406
949444,0.51475406
949445,0.51475406
949446,0.51475406
949447,0.49871287
949448,0.4090394
949449,0.06150381
949450,0.19634703
949451,0.1182543
949452,0.11971711
949453,0.120116755
949454,0.11867011
949455,0.11719987
949456,0.11719987
949457,0.11719987
949458,0.11719987
949459,0.073748514
949460,0.021845387
949461,0.10446151
949462,0.10101273
949463,0.0962857
949464,0.09443282
949465,0.091931954
949466,0.091931954
949467,0.06439425
949468,0.09545913
949469,0.19806619
949470,0.17667393
949471,0.19204831
949472,0.20852697
949473,0.20520872
949474,0.21980108
949475,0.093317665
949476,0.09019973
949477,0.088823415
949478,0.089225575
949479,0.090622544
949480,0.046612285
949481,0.07153507
949482,0.030964255
949483,0.10544709
949484,0.09960654
949485,0.09810217
949486,0.09854179
949487,0.08098408
949488,0.035378616
949489,0.105498
949490,0.098816596
949491,0.0891142
949492,0.17660056
949493,0.21852568
949494,0.09702303
949495,0.092477866
949496,0.09327503
949497,0.09217804
949498,0.08890162
949499,0.14235657
949500,0.2949915
949501,0.2638916
949502,0.25985616
949503,0.24859427
949504,0.25321284
949505,0.2467719
949506,0.2467719
949507,0.23985834
949508,0.4981206
949509,0.50043505
949510,0.5076851
949511,0.50964504
949512,0.50914633
949513,0.50914633
949514,0.5093381
949515,0.50914633
949516,0.50914633
949517,0.50914633
949518,0.46084374
949519,0.32413083
949520,0.27653745
949521,0.06611398
949522,0.4706104
949523,0.066010416
949524,0.2699727
949525,0.2630556
949526,0.2484244
949527,0.24991411
949528,0.06465543
949529,0.44668108
949530,0.4428339
949531,0.43814456
949532,0.4495179
949533,0.44569427
949534,0.44569427
949535,0.44045556
949536,0.2524836
949537,0.1525509
949538,0.061678473
949539,0.44361675
949540,0.41032898
949541,0.0752834
949542,0.048441883
949543,0.051545996
949544,0.29178315
949545,0.015679175
949546,0.05580515
949547,0.05640635
949548,0.05725192
949549,0.057727046
949550,0.057727046
949551,0.057727046
949552,0.057727046
949553,0.06009402
949554,0.04450844
949555,0.014527693
949556,0.046994094
949557,0.04717384
949558,0.04799075
949559,0.048038725
949560,0.048038725
949561,0.041677415
949562,0.015411132
949563,0.052744232
949564,0.052944746
949565,0.053855952
949566,0.053909454
949567,0.053909454
949568,0.053909454
949569,0.04954331
949570,0.1436756
949571,0.067189574
949572,0.022963148
949573,0.049608916
949574,0.0537577
949575,0.016631627
949576,0.05801466
949577,0.056393076
949578,0.05584759
949579,0.05608132
949580,0.05608132
949581,0.05608132
949582,0.05608132
949583,0.04234049
949584,0.015935026
949585,0.07259043
949586,0.074567296
949587,0.075634204
949588,0.07594408
949589,0.07594408
949590,0.07594408
949591,0.07594408
949592,0.07924067
949593,0.04950946
949594,0.218627
949595,0.14301904
949596,0.11378881
949597,0.023957385
949598,0.13884623
949599,0.14235048
949600,0.14806826
949601,0.15498812
949602,0.15498812
949603,0.15498812
949604,0.15498812
949605,0.15498812
949606,0.15498812
949607,0.14911047
949608,0.09144844
949609,0.018475559
949610,0.1299714
949611,0.12579872
949612,0.12006666
949613,0.117815845
949614,0.114774235
949615,0.13794196
949616,0.020791423
949617,0.10573786
949618,0.1085118
949619,0.1104043
949620,0.11083957
949621,0.11083957
949622,0.10946137
949623,0.10946137
949624,0.10962728
949625,0.10962728
949626,0.07171182
949627,0.49122086
949628,0.5505623
949629,0.6643156
949630,0.7194609
949631,0.74236125
949632,0.74236125
949633,0.74236125
949634,0.7426451
949635,0.7426451
949636,0.7426451
949637,0.74347675
949638,0.74347675
949639,0.7422242
949640,0.73922855
949641,0.73922855
949642,0.7378965
949643,0.7378965
949644,0.72774523
949645,0.7242899
949646,0.7195436
949647,0.7072263
949648,0.70575124
949649,0.70575124
949650,0.43333122
949651,0.1492591
949652,0.015947167
949653,0.056865003
949654,0.0548913
949655,0.052135684
949656,0.051973086
949657,0.051216386
949658,0.05533813
949659,0.0456527
949660,0.4760718
949661,0.53441656
949662,0.57443076
949663,0.58205444
949664,0.58205444
949665,0.5894999
949666,0.58205444
949667,0.58205444
949668,0.61049235
949669,0.57643354
949670,0.5719146
949671,0.5652757
949672,0.5905054
949673,0.5614386
949674,0.3247451
949675,0.036686122
949676,0.46500653
949677,0.50231016
949678,0.5311354
949679,0.54383314
949680,0.5389121
949681,0.5389121
949682,0.5389121
949683,0.5389121
949684,0.5389121
949685,0.53317636
949686,0.5285734
949687,0.51928645
949688,0.51539135
949689,0.30916747
949690,0.22927727
949691,0.04039207
949692,0.23559807
949693,0.22061172
949694,0.16666707
949695,0.02689449
949696,0.22095817
949697,0.21738538
949698,0.20744824
949699,0.21473779
949700,0.20107116
949701,0.21928465
949702,0.19784054
949703,0.06840004
949704,0.060370713
949705,0.057356715
949706,0.057178814
949707,0.03979352
949708,0.23221596
949709,0.14473125
949710,0.1321104
949711,0.09534889
949712,0.017377252
949713,0.060501385
949714,0.058814634
949715,0.058247168
949716,0.05849032
949717,0.05849032
949718,0.05849032
949719,0.05849032
949720,0.04418688
949721,0.021705888
949722,0.14193852
949723,0.13058536
949724,0.1246663
949725,0.12234121
949726,0.12063613
949727,0.017448958
949728,0.079600476
949729,0.081751406
949730,0.0829119
949731,0.08324891
949732,0.08324891
949733,0.08324891
949734,0.08324891
949735,0.0868328
949736,0.054889284
949737,0.017448958
949738,0.079600476
949739,0.081751406
949740,0.0829119
949741,0.08324891
949742,0.08324891
949743,0.08324891
949744,0.08324891
949745,0.0868328
949746,0.054889284
949747,0.25562966
949748,0.01941611
949749,0.07892238
949750,0.08105661
949751,0.08220811
949752,0.08254253
949753,0.08254253
949754,0.08254253
949755,0.08254253
949756,0.086098865
949757,0.07679409
949758,0.24306262
949759,0.25329602
949760,0.24365468
949761,0.2283089
949762,0.26862192
949763,0.22916105
949764,0.18623312
949765,0.12995006
949766,0.12187316
949767,0.106877975
949768,0.5202772
949769,0.52974176
949770,0.60907423
949771,0.6227536
949772,0.6952052
949773,0.7121292
949774,0.6625595
949775,0.7056704
949776,0.64775515
949777,0.6514524
949778,0.6159643
949779,0.65445185
949780,0.64365673
949781,0.6465792
949782,0.59619355
949783,0.69613385
949784,0.6462637
949785,0.63468117
949786,0.68738467
949787,0.67733634
949788,0.6118299
949789,0.4235316
949790,0.020815708
949791,0.07668043
949792,0.07050658
949793,0.06339271
949794,0.06404069
949795,0.054749466
949796,0.06316608
949797,0.5097419
949798,0.5300528
949799,0.5373125
949800,0.5251811
949801,0.5344585
949802,0.5251811
949803,0.5251811
949804,0.5251811
949805,0.5319007
949806,0.5228826
949807,0.51402783
949808,0.6092824
949809,0.5040361
949810,0.5393096
949811,0.020892613
949812,0.07996688
949813,0.07619572
949814,0.075949945
949815,0.07678925
949816,0.08001713
949817,0.08001713
949818,0.08842264
949819,0.06900039
949820,0.11746855
949821,0.10749705
949822,0.11010119
949823,0.108519986
949824,0.025539804
949825,0.0684135
949826,0.07403472
949827,0.053665906
949828,0.058367014
949829,0.06087155
949830,0.05928581
949831,0.048946027
949832,0.027223883
949833,0.115983695
949834,0.11639505
949835,0.13005741
949836,0.1294214
949837,0.1294214
949838,0.102495536
949839,0.13646005
949840,0.08431302
949841,0.07316868
949842,0.0790972
949843,0.08304346
949844,0.08304346
949845,0.08304346
949846,0.08304346
949847,0.063331164
949848,0.013629488
949849,0.058997255
949850,0.055766545
949851,0.050059795
949852,0.049383223
949853,0.051651455
949854,0.057940353
949855,0.1543599
949856,0.15377097
949857,0.044162847
949858,0.042610098
949859,0.04044463
949860,0.040059194
949861,0.03946873
949862,0.038584992
949863,0.013442837
949864,0.049061302
949865,0.04527952
949866,0.045128595
949867,0.04529127
949868,0.06220959
949869,0.06220959
949870,0.06220959
949871,0.0532985
949872,0.038235694
949873,0.055586904
949874,0.036959127
949875,0.16898583
949876,0.177389
949877,0.18722953
949878,0.20078282
949879,0.20078282
949880,0.19967712
949881,0.19967712
949882,0.21548697
949883,0.20258798
949884,0.21393315
949885,0.21222562
949886,0.14156708
949887,0.038593795
949888,0.1149506
949889,0.0586129
949890,0.060233828
949891,0.058599588
949892,0.059613626
949893,0.060275897
949894,0.060275897
949895,0.060275897
949896,0.06293868
949897,0.042743392
949898,0.018665703
949899,0.058411147
949900,0.046516377
949901,0.051929127
949902,0.049239334
949903,0.05162763
949904,0.05162763
949905,0.041011177
949906,0.2010004
949907,0.05873995
949908,0.08965148
949909,0.0865737
949910,0.07679764
949911,0.016976396
949912,0.041864783
949913,0.040389422
949914,0.039368346
949915,0.03975082
949916,0.03960938
949917,0.028176773
949918,0.026564432
949919,0.118093625
949920,0.11967584
949921,0.1233582
949922,0.1277565
949923,0.13208833
949924,0.13709825
949925,0.13208833
949926,0.14350629
949927,0.14350629
949928,0.14237729
949929,0.13657561
949930,0.022865137
949931,0.08270711
949932,0.102175154
949933,0.07867955
949934,0.07660346
949935,0.07781969
949936,0.06287786
949937,0.0143908085
949938,0.046903428
949939,0.04557739
949940,0.045131512
949941,0.04532255
949942,0.045833793
949943,0.045833793
949944,0.045833793
949945,0.0349439
949946,0.02838017
949947,0.093599774
949948,0.08835061
949949,0.08699982
949950,0.08472437
949951,0.098748654
949952,0.028344663
949953,0.20316607
949954,0.22774336
949955,0.26280645
949956,0.28221473
949957,0.29669064
949958,0.28460154
949959,0.28460154
949960,0.27670148
949961,0.27670148
949962,0.27541053
949963,0.27364722
949964,0.30110684
949965,0.2614157
949966,0.16230783
949967,0.013892421
949968,0.046903428
949969,0.04557739
949970,0.045131512
949971,0.04532255
949972,0.045833793
949973,0.045833793
949974,0.045833793
949975,0.0349439
949976,0.22347681
949977,0.16432734
949978,0.17255506
949979,0.1748192
949980,0.18330616
949981,0.18260537
949982,0.18260537
949983,0.1784659
949984,0.15255353
949985,0.041392647
949986,0.09156632
949987,0.045223594
949988,0.14599751
949989,0.14736755
949990,0.14403374
949991,0.1580864
949992,0.2561252
949993,0.10355206
949994,0.093745515
949995,0.5133866
949996,0.4841546
949997,0.36024508
949998,0.08691776
949999,0.48824802
950000,0.4915036
950001,0.36250535
950002,0.52352947
950003,0.49439946
950004,0.49439946
950005,0.44145623
950006,0.2878815
950007,0.24288042
950008,0.19788393
950009,0.1976611
950010,0.16492382
950011,0.16430993
950012,0.16538958
950013,0.16511428
950014,0.1804105
950015,0.16511428
950016,0.17243582
950017,0.18490247
950018,0.17459576
950019,0.20140608
950020,0.06227568
950021,0.31269145
950022,0.49941596
950023,0.40218896
950024,0.50238836
950025,0.50238836
950026,0.50238836
950027,0.49329698
950028,0.50238836
950029,0.4476898
950030,0.17785557
950031,0.083042644
950032,0.0809476
950033,0.035829958
950034,0.14263935
950035,0.11185365
950036,0.1281638
950037,0.5729573
950038,0.6136252
950039,0.62731314
950040,0.6245739
950041,0.6042089
950042,0.6266823
950043,0.6245739
950044,0.49112266
950045,0.6245739
950046,0.6207348
950047,0.6071865
950048,0.61059356
950049,0.59897935
950050,0.59897935
950051,0.59640044
950052,0.44568592
950053,0.11653439
950054,0.24554756
950055,0.15069948
950056,0.14597298
950057,0.13946836
950058,0.1379348
950059,0.13445292
950060,0.091021836
950061,0.08363521
950062,0.4313435
950063,0.10937148
950064,0.08119442
950065,0.08451273
950066,0.08356746
950067,0.08495839
950068,0.085714884
950069,0.08603628
950070,0.15467082
950071,0.054246496
950072,0.19657703
950073,0.08723081
950074,0.083102174
950075,0.07868625
950076,0.077984855
950077,0.07688015
950078,0.05826756
950079,0.3161114
950080,0.01116998
950081,0.042378105
950082,0.0362682
950083,0.032488123
950084,0.029708615
950085,0.0365315
950086,0.04116068
950087,0.056580782
950088,0.0971748
950089,0.089235686
950090,0.09243693
950091,0.026249554
950092,0.020740073
950093,0.018624263
950094,0.017927978
950095,0.01997153
950096,0.019366007
950097,0.018021237
950098,0.022531206
950099,0.019875322
950100,0.020445254
950101,0.10447848
950102,0.008548144
950103,0.01560697
950104,0.014813273
950105,0.014257398
950106,0.015507281
950107,0.015507281
950108,0.025387077
950109,0.04865079
950110,0.26008418
950111,0.06829174
950112,0.022367246
950113,0.019730294
950114,0.018598415
950115,0.020835005
950116,0.039846838
950117,0.29633972
950118,0.29352602
950119,0.28972346
950120,0.30237642
950121,0.2984067
950122,0.2984067
950123,0.2984067
950124,0.24984257
950125,0.018737245
950126,0.022367246
950127,0.01651015
950128,0.018598415
950129,0.020835005
950130,0.08112565
950131,0.008543131
950132,0.015542085
950133,0.014751648
950134,0.014198038
950135,0.01572751
950136,0.01572751
950137,0.015186967
950138,0.2100308
950139,0.12681462
950140,0.122729
950141,0.11711808
950142,0.11491533
950143,0.11193909
950144,0.15415332
950145,0.008543131
950146,0.015542085
950147,0.014751648
950148,0.014198038
950149,0.015715476
950150,0.01572751
950151,0.014815292
950152,0.01846494
950153,0.021965038
950154,0.018137658
950155,0.01826271
950156,0.020835005
950157,0.008543131
950158,0.015008092
950159,0.014751648
950160,0.014198038
950161,0.014837363
950162,0.01572751
950163,0.015186967
950164,0.25340995
950165,0.008216016
950166,0.01613561
950167,0.014854708
950168,0.01347893
950169,0.01583728
950170,0.01583728
950171,0.015293021
950172,0.026234077
950173,0.32506216
950174,0.33582497
950175,0.33825868
950176,0.35198084
950177,0.35198084
950178,0.35198084
950179,0.35198084
950180,0.35198084
950181,0.29693437
950182,0.008915824
950183,0.015650582
950184,0.014854708
950185,0.014297288
950186,0.01583728
950187,0.01583728
950188,0.01583728
950189,0.036313403
950190,0.119118705
950191,0.6622177
950192,0.72845
950193,0.7613403
950194,0.77566546
950195,0.77566546
950196,0.77566546
950197,0.77566546
950198,0.77566546
950199,0.77566546
950200,0.7592476
950201,0.6652523
950202,0.6745478
950203,0.66946214
950204,0.66946214
950205,0.6555834
950206,0.6679338
950207,0.6552045
950208,0.36212054
950209,0.15975155
950210,0.09980194
950211,0.055745307
950212,0.03248708
950213,0.3725773
950214,0.38401824
950215,0.39856398
950216,0.392038
950217,0.4032824
950218,0.4032824
950219,0.392038
950220,0.4032824
950221,0.4032824
950222,0.38867328
950223,0.3303005
950224,0.018076872
950225,0.07187409
950226,0.074036665
950227,0.074296705
950228,0.07558481
950229,0.084441125
950230,0.090006135
950231,0.16918476
950232,0.09104129
950233,0.06960982
950234,0.22338231
950235,0.13878214
950236,0.1400378
950237,0.118848145
950238,0.11793874
950239,0.09297845
950240,0.025736395
950241,0.07340329
950242,0.058087904
950243,0.05891512
950244,0.0661027
950245,0.27859408
950246,0.13927001
950247,0.12656832
950248,0.1201453
950249,0.119122036
950250,0.08430278
950251,0.087224245
950252,0.6198539
950253,0.5811429
950254,0.40083817
950255,0.3950661
950256,0.39458928
950257,0.39458928
950258,0.39458928
950259,0.379108
950260,0.3445887
950261,0.037426066
950262,0.18894155
950263,0.19342615
950264,0.20008388
950265,0.19976467
950266,0.19976467
950267,0.19976467
950268,0.19976467
950269,0.19976467
950270,0.19976467
950271,0.13402632
950272,0.076176256
950273,0.41600698
950274,0.03835689
950275,0.17346911
950276,0.1776669
950277,0.18329807
950278,0.18299949
950279,0.18299949
950280,0.18299949
950281,0.18299949
950282,0.18299949
950283,0.12197748
950284,0.12872525
950285,0.14470315
950286,0.1346652
950287,0.092987224
950288,0.03534538
950289,0.39664283
950290,0.39304477
950291,0.38851503
950292,0.3862096
950293,0.38255024
950294,0.38255024
950295,0.3283928
950296,0.228572
950297,0.22094916
950298,0.2104079
950299,0.20271844
950300,0.20663795
950301,0.20106274
950302,0.18885583
950303,0.16704038
950304,0.0625967
950305,0.1439954
950306,0.092982836
950307,0.27674738
950308,0.23841974
950309,0.24200657
950310,0.24449036
950311,0.24705406
950312,0.24705406
950313,0.24705406
950314,0.24705406
950315,0.24705406
950316,0.24705406
950317,0.24534377
950318,0.24193789
950319,0.23133345
950320,0.21958451
950321,0.3421782
950322,0.51278335
950323,0.5470679
950324,0.63424885
950325,0.64726245
950326,0.64726245
950327,0.65291333
950328,0.64578694
950329,0.654282
950330,0.654282
950331,0.6583877
950332,0.6583877
950333,0.6575784
950334,0.6575784
950335,0.6575784
950336,0.6560234
950337,0.6560234
950338,0.6518426
950339,0.6518426
950340,0.64699364
950341,0.63311464
950342,0.63146085
950343,0.63146085
950344,0.4244602
950345,0.042673364
950346,0.122668155
950347,0.11946862
950348,0.11838943
950349,0.116686806
950350,0.1194783
950351,0.1194783
950352,0.12412774
950353,0.09572192
950354,0.13492796
950355,0.20793973
950356,0.23368861
950357,0.21878895
950358,0.13379781
950359,0.03536151
950360,0.10672925
950361,0.103214234
950362,0.10277012
950363,0.09948628
950364,0.10421026
950365,0.10421026
950366,0.11133822
950367,0.20889133
950368,0.565075
950369,0.6108001
950370,0.7429175
950371,0.7747056
950372,0.7951851
950373,0.84002835
950374,0.8577999
950375,0.8846018
950376,0.8846018
950377,0.8906023
950378,0.8906023
950379,0.89139867
950380,0.89139867
950381,0.89139867
950382,0.8923195
950383,0.8935345
950384,0.897813
950385,0.90242857
950386,0.90242857
950387,0.90242857
950388,0.9018005
950389,0.9018005
950390,0.90282124
950391,0.9020016
950392,0.9004079
950393,0.9004079
950394,0.9004079
950395,0.9004079
950396,0.8985972
950397,0.8985972
950398,0.8985972
950399,0.8985972
950400,0.89014345
950401,0.89014345
950402,0.8808892
950403,0.8808892
950404,0.88086796
950405,0.88086796
950406,0.88086796
950407,0.86927354
950408,0.86927354
950409,0.86927354
950410,0.86927354
950411,0.8702925
950412,0.8702925
950413,0.8702925
950414,0.8702925
950415,0.8684618
950416,0.8684618
950417,0.8684618
950418,0.8684618
950419,0.8684618
950420,0.8684618
950421,0.86203504
950422,0.86203504
950423,0.86203504
950424,0.86203504
950425,0.86203504
950426,0.86203504
950427,0.64893705
950428,0.039177045
950429,0.11905003
950430,0.030169407
950431,0.08223861
950432,0.08224239
950433,0.08250448
950434,0.08233371
950435,0.08233371
950436,0.08233371
950437,0.08233371
950438,0.056258254
950439,0.23306938
950440,0.16762693
950441,0.016943283
950442,0.071116716
950443,0.0685785
950444,0.06602697
950445,0.06541435
950446,0.0755789
950447,0.16952223
950448,0.07190764
950449,0.07122114
950450,0.06739016
950451,0.06626918
950452,0.06541511
950453,0.06648595
950454,0.08279989
950455,0.22468928
950456,0.052787453
950457,0.36722836
950458,0.4106732
950459,0.62936664
950460,0.5100154
950461,0.53946203
950462,0.51956046
950463,0.52445877
950464,0.52445877
950465,0.52445877
950466,0.54680675
950467,0.52866256
950468,0.5362012
950469,0.5809876
950470,0.5266241
950471,0.5727707
950472,0.5278198
950473,0.510389
950474,0.50750864
950475,0.5006097
950476,0.49174407
950477,0.2801584
950478,0.20948966
950479,0.10792598
950480,0.024938548
950481,0.11747866
950482,0.16003889
950483,0.121493004
950484,0.121280156
950485,0.12542397
950486,0.12542397
950487,0.12542397
950488,0.12542397
950489,0.121691585
950490,0.09280661
950491,0.04965346
950492,0.13422352
950493,0.10793336
950494,0.046846073
950495,0.04648715
950496,0.046211224
950497,0.04136692
950498,0.015917584
950499,0.07031757
950500,0.06341347
950501,0.062160674
950502,0.059394114
950503,0.06224271
950504,0.11977411
950505,0.032825176
950506,0.102690786
950507,0.0961279
950508,0.02419488
950509,0.046846073
950510,0.04648715
950511,0.046211224
950512,0.05994288
950513,0.15318276
950514,0.17921373
950515,0.26100877
950516,0.21903904
950517,0.2154887
950518,0.20766239
950519,0.21173479
950520,0.20716739
950521,0.16173166
950522,0.025567535
950523,0.21903904
950524,0.2154887
950525,0.20766239
950526,0.21173479
950527,0.20716739
950528,0.20920742
950529,0.21401769
950530,0.12026488
950531,0.11079902
950532,0.09671636
950533,0.0901315
950534,0.5175734
950535,0.5368745
950536,0.54407746
950537,0.54602206
950538,0.36307856
950539,0.54552734
950540,0.54552734
950541,0.36307856
950542,0.54552734
950543,0.54552734
950544,0.49693367
950545,0.016911203
950546,0.07978577
950547,0.07708151
950548,0.0714349
950549,0.07348524
950550,0.072439276
950551,0.061080653
950552,0.07951602
950553,0.47318342
950554,0.47826493
950555,0.47514504
950556,0.3747928
950557,0.47175935
950558,0.47175935
950559,0.4555286
950560,0.6900958
950561,0.29155898
950562,0.016537916
950563,0.07978577
950564,0.07708151
950565,0.0714349
950566,0.07348524
950567,0.072439276
950568,0.072439276
950569,0.061080653
950570,0.083290756
950571,0.7064966
950572,0.5571404
950573,0.5545571
950574,0.55166525
950575,0.55166525
950576,0.72186303
950577,0.55166525
950578,0.55166525
950579,0.55166525
950580,0.54285
950581,0.5340356
950582,0.6059685
950583,0.020085173
950584,0.1137642
950585,0.11672119
950586,0.11711217
950587,0.11826486
950588,0.11826486
950589,0.11826486
950590,0.14661707
950591,0.14661707
950592,0.11144626
950593,0.073976554
950594,0.47435147
950595,0.46488014
950596,0.44789657
950597,0.45582432
950598,0.0947885
950599,0.263845
950600,0.17075332
950601,0.16345316
950602,0.15813611
950603,0.15643461
950604,0.17179814
950605,0.077526264
950606,0.048491593
950607,0.048120692
950608,0.04895315
950609,0.049002033
950610,0.04154323
950611,0.2331469
950612,0.018086862
950613,0.048491593
950614,0.048120692
950615,0.04895315
950616,0.049002033
950617,0.04154323
950618,0.16143867
950619,0.023111952
950620,0.04992157
950621,0.052387033
950622,0.023205614
950623,0.058867544
950624,0.05356648
950625,0.061627645
950626,0.20863858
950627,0.07574968
950628,0.05890637
950629,0.059287872
950630,0.39961386
950631,0.48276424
950632,0.5670028
950633,0.60453475
950634,0.59559715
950635,0.61006445
950636,0.59559715
950637,0.59559715
950638,0.59559715
950639,0.5944302
950640,0.5941071
950641,0.5916492
950642,0.5878751
950643,0.5878751
950644,0.5862028
950645,0.5862028
950646,0.58125454
950647,0.58125454
950648,0.37269467
950649,0.054058976
950650,0.46672744
950651,0.5363566
950652,0.5834628
950653,0.64531446
950654,0.59342706
950655,0.6104878
950656,0.59342706
950657,0.59342706
950658,0.59342706
950659,0.5933351
950660,0.59021264
950661,0.5877475
950662,0.58396274
950663,0.5761252
950664,0.58228576
950665,0.58228576
950666,0.42273974
950667,0.0925085
950668,0.25020504
950669,0.19673128
950670,0.18233708
950671,0.17364658
950672,0.17067946
950673,0.18950254
950674,0.030934555
950675,0.13966627
950676,0.14297073
950677,0.15587457
950678,0.15896599
950679,0.15896599
950680,0.15896599
950681,0.1380211
950682,0.0296856
950683,0.122266844
950684,0.12774424
950685,0.15385383
950686,0.047653854
950687,0.028111875
950688,0.02647031
950689,0.026206216
950690,0.028654547
950691,0.028654547
950692,0.028654547
950693,0.028654547
950694,0.026815334
950695,0.01120115
950696,0.024107117
950697,0.022891207
950698,0.02203898
950699,0.024392195
950700,0.024392195
950701,0.023033075
950702,0.014155754
950703,0.027414508
950704,0.024419677
950705,0.023511915
950706,0.02601822
950707,0.02466964
950708,0.01284669
950709,0.027438397
950710,0.025835112
950711,0.025577191
950712,0.040042877
950713,0.10266416
950714,0.09976632
950715,0.10266416
950716,0.0754042
950717,0.020793423
950718,0.10457049
950719,0.099710815
950720,0.094503306
950721,0.09367525
950722,0.092370555
950723,0.069935545
950724,0.26560816
950725,0.26548833
950726,0.33247164
950727,0.35367718
950728,0.36920315
950729,0.36920315
950730,0.38122046
950731,0.38122046
950732,0.38122046
950733,0.3872382
950734,0.38505372
950735,0.38483527
950736,0.23603112
950737,0.13992389
950738,0.0470082
950739,0.044403035
950740,0.034576252
950741,0.032777492
950742,0.040075626
950743,0.055928677
950744,0.024741283
950745,0.13474697
950746,0.13422735
950747,0.13466805
950748,0.13443567
950749,0.13443567
950750,0.122867525
950751,0.122867525
950752,0.122867525
950753,0.08567814
950754,0.02643701
950755,0.20691873
950756,0.3235774
950757,0.27498466
950758,0.23257923
950759,0.24321498
950760,0.23487565
950761,0.23487565
950762,0.23487565
950763,0.23947729
950764,0.16183071
950765,0.027013475
950766,0.20964031
950767,0.2054449
950768,0.20828217
950769,0.22059229
950770,0.2252357
950771,0.2252357
950772,0.22734375
950773,0.23607485
950774,0.21498887
950775,0.19205622
950776,0.24103487
950777,0.1566514
950778,0.14984517
950779,0.09916777
950780,0.028780969
950781,0.10958863
950782,0.098032475
950783,0.09215328
950784,0.10771414
950785,0.02596915
950786,0.22977416
950787,0.2425213
950788,0.28911752
950789,0.29028895
950790,0.29028895
950791,0.31647903
950792,0.3483514
950793,0.2929377
950794,0.2982335
950795,0.29630834
950796,0.17501515
950797,0.05887689
950798,0.13038786
950799,0.17098589
950800,0.08762022
950801,0.08051698
950802,0.07251751
950803,0.074002005
950804,0.062078822
950805,0.021066818
950806,0.15106846
950807,0.15013508
950808,0.14517611
950809,0.14253078
950810,0.13895158
950811,0.18738146
950812,0.026521098
950813,0.167078
950814,0.16115154
950815,0.14545429
950816,0.14727652
950817,0.14492
950818,0.14492
950819,0.099814005
950820,0.047756966
950821,0.11973028
950822,0.12135893
950823,0.10369588
950824,0.03528279
950825,0.25752836
950826,0.3244066
950827,0.332714
950828,0.33713922
950829,0.33713922
950830,0.33713922
950831,0.33713922
950832,0.33713922
950833,0.33713922
950834,0.3292346
950835,0.3214498
950836,0.29709724
950837,0.026521098
950838,0.167078
950839,0.16104639
950840,0.14545429
950841,0.14727652
950842,0.14291652
950843,0.14492
950844,0.099814005
950845,0.05456564
950846,0.25342643
950847,0.24965222
950848,0.25815135
950849,0.2816066
950850,0.2830327
950851,0.29138806
950852,0.44773954
950853,0.30044448
950854,0.29193643
950855,0.28441045
950856,0.24855712
950857,0.032167993
950858,0.1824603
950859,0.1807081
950860,0.1766628
950861,0.17894654
950862,0.17618798
950863,0.17618798
950864,0.18558845
950865,0.123290464
950866,0.045288716
950867,0.13134477
950868,0.13352554
950869,0.12680723
950870,0.12813061
950871,0.13115524
950872,0.13115524
950873,0.1361887
950874,0.13389802
950875,0.2334159
950876,0.09594185
950877,0.03185137
950878,0.1789498
950879,0.16310012
950880,0.14321156
950881,0.15523896
950882,0.09265364
950883,0.13665777
950884,0.029188985
950885,0.09765145
950886,0.12499502
950887,0.028525146
950888,0.13827515
950889,0.12642464
950890,0.10276078
950891,0.103751004
950892,0.02516734
950893,0.09650862
950894,0.093918316
950895,0.09848196
950896,0.09789753
950897,0.09181939
950898,0.09181939
950899,0.09670474
950900,0.0912772
950901,0.09017744
950902,0.046709046
950903,0.046351112
950904,0.042814057
950905,0.023113746
950906,0.09144394
950907,0.09233154
950908,0.08799595
950909,0.08685354
950910,0.08553716
950911,0.08553716
950912,0.069212206
950913,0.016023094
950914,0.04387082
950915,0.04403917
950916,0.044203535
950917,0.044389542
950918,0.044389542
950919,0.04013783
950920,0.27890202
950921,0.019451482
950922,0.07708429
950923,0.068911046
950924,0.08453684
950925,0.06688163
950926,0.06706457
950927,0.06450976
950928,0.014540027
950929,0.039416824
950930,0.039568786
950931,0.03979537
950932,0.04073975
950933,0.04120153
950934,0.04120153
950935,0.039798077
950936,0.028911142
950937,0.08169085
950938,0.08667512
950939,0.014540027
950940,0.039416824
950941,0.039568786
950942,0.03979537
950943,0.04073975
950944,0.04120153
950945,0.04120153
950946,0.039798077
950947,0.22975823
950948,0.16442002
950949,0.1554519
950950,0.14629588
950951,0.14624728
950952,0.10597336
950953,0.014219612
950954,0.042050567
950955,0.042212237
950956,0.04245329
950957,0.042887416
950958,0.043372437
950959,0.043372437
950960,0.051596943
950961,0.033887688
950962,0.17445412
950963,0.16610536
950964,0.10810744
950965,0.02649892
950966,0.10353533
950967,0.103907734
950968,0.10144016
950969,0.10241297
950970,0.10349838
950971,0.10349838
950972,0.09405166
950973,0.15246652
950974,0.22238322
950975,0.31687662
950976,0.28537267
950977,0.27195445
950978,0.2603526
950979,0.26511258
950980,0.19021928
950981,0.047981124
950982,0.2604739
950983,0.24607646
950984,0.23745506
950985,0.19738628
950986,0.07470487
950987,0.097764686
950988,0.30477262
950989,0.24671039
950990,0.25441918
950991,0.1955182
950992,0.08922229
950993,0.4185567
950994,0.46910474
950995,0.55680877
950996,0.6336937
950997,0.6627694
950998,0.6627694
950999,0.6627694
951000,0.6627694
951001,0.6627694
951002,0.6627694
951003,0.6631897
951004,0.66289026
951005,0.6587109
951006,0.6587109
951007,0.6587109
951008,0.6571584
951009,0.6571584
951010,0.6490385
951011,0.6455042
951012,0.45815045
951013,0.18417181
951014,0.03784548
951015,0.15863802
951016,0.3489051
951017,0.099070415
951018,0.28246635
951019,0.07962226
951020,0.07607457
951021,0.050535962
951022,0.050150223
951023,0.051015936
951024,0.051554833
951025,0.04583852
951026,0.043852035
951027,0.28875816
951028,0.3196982
951029,0.5527507
951030,0.5758387
951031,0.5758387
951032,0.5758387
951033,0.5758387
951034,0.5758387
951035,0.5758387
951036,0.576298
951037,0.57597077
951038,0.57141054
951039,0.57141054
951040,0.57141054
951041,0.5697202
951042,0.5697202
951043,0.40304294
951044,0.139811
951045,0.29367518
951046,0.272726
951047,0.28127062
951048,0.29487693
951049,0.2945201
951050,0.2945201
951051,0.2945201
951052,0.2945201
951053,0.2945201
951054,0.2945201
951055,0.28864238
951056,0.28486225
951057,0.17643565
951058,0.044721566
951059,0.01025555
951060,0.024510875
951061,0.023275072
951062,0.022408884
951063,0.024355723
951064,0.024355723
951065,0.023169814
951066,0.012256777
951067,0.026874905
951068,0.02530369
951069,0.025050936
951070,0.026904251
951071,0.026904251
951072,0.026904251
951073,0.03235926
951074,0.02536148
951075,0.24457622
951076,0.16762108
951077,0.19565679
951078,0.019208374
951079,0.13705732
951080,0.09465449
951081,0.1458449
951082,0.048420962
951083,0.046473738
951084,0.04016386
951085,0.04058469
951086,0.037086416
951087,0.026959142
951088,0.12327166
951089,0.12370526
951090,0.13514447
951091,0.13908818
951092,0.13908818
951093,0.11602108
951094,0.023687722
951095,0.0610685
951096,0.11477122
951097,0.09971928
951098,0.030300025
951099,0.025368955
951100,0.027578665
951101,0.010138491
951102,0.04165495
951103,0.039334215
951104,0.036174707
951105,0.037461206
951106,0.037768863
951107,0.044663347
951108,0.019306377
951109,0.030745205
951110,0.025743606
951111,0.026054103
951112,0.029244253
951113,0.22873028
951114,0.16928327
951115,0.12940079
951116,0.21675053
951117,0.16848692
951118,0.025087252
951119,0.1495436
951120,0.024010198
951121,0.15670359
951122,0.14469354
951123,0.12732406
951124,0.12895344
951125,0.08669619
951126,0.28465968
951127,0.16503283
951128,0.15793069
951129,0.15598392
951130,0.018747605
951131,0.13816449
951132,0.13309975
951133,0.11693182
951134,0.118446335
951135,0.116487965
951136,0.07901842
951137,0.018747605
951138,0.13816449
951139,0.13309975
951140,0.11693182
951141,0.118446335
951142,0.116487965
951143,0.07901842
951144,0.28504214
951145,0.21816005
951146,0.23513113
951147,0.18682335
951148,0.25966033
951149,0.28424275
951150,0.291868
951151,0.31183076
951152,0.31183076
951153,0.31183076
951154,0.3098566
951155,0.30796647
951156,0.21928993
951157,0.23754507
951158,0.12894735
951159,0.11633948
951160,0.10828415
951161,0.19557652
951162,0.02184819
951163,0.14544354
951164,0.14015536
951165,0.123252176
951166,0.1248369
951167,0.12278773
951168,0.08348327
951169,0.04379647
951170,0.11845564
951171,0.10798864
951172,0.030331697
951173,0.22776231
951174,0.34949955
951175,0.35738263
951176,0.35684806
951177,0.24475804
951178,0.3193382
951179,0.2275483
951180,0.2275483
951181,0.2275483
951182,0.2225854
951183,0.20159248
951184,0.03083159
951185,0.37282726
951186,0.38427112
951187,0.4011793
951188,0.4035397
951189,0.4035397
951190,0.4035397
951191,0.4035397
951192,0.4035397
951193,0.4035397
951194,0.38892737
951195,0.29098922
951196,0.128347
951197,0.10021871
951198,0.44843346
951199,0.555888
951200,0.6276214
951201,0.6606251
951202,0.6712701
951203,0.6712701
951204,0.68376976
951205,0.68376976
951206,0.68376976
951207,0.6876925
951208,0.6876925
951209,0.6868953
951210,0.68292105
951211,0.6852855
951212,0.6837958
951213,0.6837958
951214,0.67248523
951215,0.67248523
951216,0.66725683
951217,0.6537482
951218,0.65213627
951219,0.61566204
951220,0.4232706
951221,0.0428256
951222,0.1458728
951223,0.14952359
951224,0.1500058
951225,0.1523904
951226,0.15588531
951227,0.15588531
951228,0.1616912
951229,0.1616912
951230,0.15961012
951231,0.17547517
951232,0.23497222
951233,0.12735419
951234,0.114881635
951235,0.075452715
951236,0.024988683
951237,0.05287968
951238,0.052477047
951239,0.05206633
951240,0.04690347
951241,0.022051698
951242,0.09471075
951243,0.0902631
951244,0.086483486
951245,0.09378318
951246,0.08452155
951247,0.06966989
951248,0.19991824
951249,0.017324423
951250,0.050568618
951251,0.050761305
951252,0.050949417
951253,0.050677747
951254,0.050677747
951255,0.045459922
951256,0.40209666
951257,0.26299784
951258,0.21553734
951259,0.11956702
951260,0.17789581
951261,0.027983619
951262,0.11648968
951263,0.10583734
951264,0.10034552
951265,0.087688155
951266,0.07383977
951267,0.025749288
951268,0.048920915
951269,0.048546903
951270,0.049733926
951271,0.045291994
951272,0.03287812
951273,0.12714657
951274,0.14249235
951275,0.0434599
951276,0.14546981
951277,0.017506506
951278,0.084734425
951279,0.08438887
951280,0.08468195
951281,0.07639956
951282,0.08401175
951283,0.08401175
951284,0.08401175
951285,0.09049238
951286,0.06462986
951287,0.19939262
951288,0.017822493
951289,0.053280614
951290,0.09084306
951291,0.09215444
951292,0.09232916
951293,0.09232916
951294,0.09232916
951295,0.09232916
951296,0.090388164
951297,0.018689811
951298,0.07980313
951299,0.06694253
951300,0.034842703
951301,0.1844196
951302,0.024473848
951303,0.07231802
951304,0.06742903
951305,0.37945607
951306,0.024804475
951307,0.07797994
951308,0.069372974
951309,0.05610423
951310,0.05987069
951311,0.5091555
951312,0.59690815
951313,0.6390382
951314,0.65380377
951315,0.65447074
951316,0.6509993
951317,0.65447074
951318,0.65447074
951319,0.65447074
951320,0.64639574
951321,0.65145546
951322,0.65253735
951323,0.6489922
951324,0.6489922
951325,0.6474191
951326,0.6474191
951327,0.6376757
951328,0.6376757
951329,0.3589863
951330,0.25535917
951331,0.07723029
951332,0.06869818
951333,0.07294126
951334,0.0733293
951335,0.0730687
951336,0.07258166
951337,0.05964674
951338,0.036355045
951339,0.2056878
951340,0.21360551
951341,0.2319805
951342,0.3092203
951343,0.26157758
951344,0.2539163
951345,0.2539163
951346,0.2539163
951347,0.24806818
951348,0.19233651
951349,0.016570985
951350,0.06174203
951351,0.05874214
951352,0.054525495
951353,0.05304964
951354,0.053768072
951355,0.05196016
951356,0.042087227
951357,0.035344142
951358,0.17114553
951359,0.1606133
951360,0.14753678
951361,0.2536679
951362,0.025439631
951363,0.10209686
951364,0.10478647
951365,0.13564199
951366,0.10514997
951367,0.1091265
951368,0.1091265
951369,0.11030432
951370,0.11030432
951371,0.07481046
951372,0.0443225
951373,0.07940876
951374,0.016480483
951375,0.08099248
951376,0.08066085
951377,0.08356749
951378,0.08079379
951379,0.08182573
951380,0.08182573
951381,0.08182573
951382,0.08815397
951383,0.06346758
951384,0.02249029
951385,0.083117075
951386,0.08030981
951387,0.08017412
951388,0.07462801
951389,0.077614464
951390,0.077670194
951391,0.063470416
951392,0.015923321
951393,0.04245769
951394,0.04262086
951395,0.044268098
951396,0.043416925
951397,0.043539528
951398,0.05341097
951399,0.014770565
951400,0.06819447
951401,0.06436732
951402,0.06253166
951403,0.062414777
951404,0.06322812
951405,0.06322812
951406,0.06322812
951407,0.053904396
951408,0.043609824
951409,0.11664562
951410,0.07856661
951411,0.17636473
951412,0.33007157
951413,0.20838702
951414,0.094602115
951415,0.07619306
951416,0.0729574
951417,0.07670325
951418,0.07763628
951419,0.07720589
951420,0.06787598
951421,0.03578632
951422,0.10841462
951423,0.0891835
951424,0.19006132
951425,0.26916835
951426,0.21953031
951427,0.21597418
951428,0.2048649
951429,0.20407058
951430,0.1985473
951431,0.14631653
951432,0.25207728
951433,0.12027456
951434,0.09615773
951435,0.034316894
951436,0.2737549
951437,0.29073268
951438,0.32104644
951439,0.33569932
951440,0.33569932
951441,0.33569932
951442,0.3662419
951443,0.3694528
951444,0.44264916
951445,0.51884574
951446,0.34342387
951447,0.3313452
951448,0.3313452
951449,0.21041274
951450,0.030128796
951451,0.3520341
951452,0.36320943
951453,0.38131148
951454,0.38362983
951455,0.37259126
951456,0.37259126
951457,0.37259126
951458,0.38362983
951459,0.38362983
951460,0.37378457
951461,0.2442797
951462,0.019503165
951463,0.11026972
951464,0.11164627
951465,0.11202242
951466,0.11066095
951467,0.10927764
951468,0.10927764
951469,0.10927764
951470,0.10927764
951471,0.06954407
951472,0.0241672
951473,0.09317061
951474,0.08087223
951475,0.08167777
951476,0.080952056
951477,0.060768344
951478,0.10024176
951479,0.54608375
951480,0.6580628
951481,0.7191082
951482,0.7420269
951483,0.7420269
951484,0.7436494
951485,0.74393237
951486,0.7348873
951487,0.74393237
951488,0.7447612
951489,0.7447612
951490,0.74351287
951491,0.7405269
951492,0.7297841
951493,0.73919916
951494,0.73919916
951495,0.7290528
951496,0.7290528
951497,0.7267149
951498,0.7032013
951499,0.7131346
951500,0.7131346
951501,0.7131346
951502,0.49923265
951503,0.17754103
951504,0.025099307
951505,0.13936812
951506,0.14105034
951507,0.14200312
951508,0.14033486
951509,0.13863844
951510,0.13863844
951511,0.13863844
951512,0.13863844
951513,0.12696473
951514,0.08539391
951515,0.1731345
951516,0.6548081
951517,0.6525244
951518,0.7129916
951519,0.75087404
951520,0.77342147
951521,0.7930242
951522,0.8232227
951523,0.84032726
951524,0.87622064
951525,0.85364735
951526,0.85364735
951527,0.85466874
951528,0.8603045
951529,0.8343488
951530,0.8637732
951531,0.8339679
951532,0.8670224
951533,0.8670224
951534,0.8670224
951535,0.8665741
951536,0.8657495
951537,0.8657495
951538,0.86708975
951539,0.86366284
951540,0.8634128
951541,0.8634128
951542,0.8634128
951543,0.8634128
951544,0.8873699
951545,0.852385
951546,0.852385
951547,0.852385
951548,0.8263057
951549,0.8263057
951550,0.774789
951551,0.774789
951552,0.76864207
951553,0.76864207
951554,0.76864207
951555,0.72588587
951556,0.72588587
951557,0.72588587
951558,0.72588587
951559,0.72236717
951560,0.72236717
951561,0.72236717
951562,0.72236717
951563,0.7047547
951564,0.7047547
951565,0.7047547
951566,0.45839098
951567,0.02298962
951568,0.0697866
951569,0.06314961
951570,0.0666288
951571,0.06730748
951572,0.06877791
951573,0.058490608
951574,0.017454617
951575,0.10070537
951576,0.10197625
951577,0.10232361
951578,0.10106659
951579,0.09978975
951580,0.09978975
951581,0.09978975
951582,0.09978975
951583,0.063288845
951584,0.017258832
951585,0.08278412
951586,0.07877635
951587,0.07502603
951588,0.07294911
951589,0.09619139
951590,0.07236324
951591,0.054222554
951592,0.24471563
951593,0.34979525
951594,0.36320943
951595,0.38131148
951596,0.38362983
951597,0.38362983
951598,0.38362983
951599,0.37259126
951600,0.38362983
951601,0.38362983
951602,0.37378457
951603,0.32181382
951604,0.049738966
951605,0.059943367
951606,0.06535213
951607,0.06749111
951608,0.07270116
951609,0.075894594
951610,0.075894594
951611,0.082813
951612,0.082813
951613,0.082813
951614,0.08211572
951615,0.082499854
951616,0.07430471
951617,0.0952267
951618,0.019832108
951619,0.089993626
951620,0.11358522
951621,0.08323127
951622,0.08307912
951623,0.081596315
951624,0.081596315
951625,0.08307912
951626,0.06565803
951627,0.08237592
951628,0.051397674
951629,0.0511426
951630,0.024156716
951631,0.08278412
951632,0.07884777
951633,0.103965804
951634,0.09695003
951635,0.0724155
951636,0.054819603
951637,0.024749383
951638,0.051397674
951639,0.05477151
951640,0.024835411
951641,0.13152619
951642,0.17281565
951643,0.13191254
951644,0.18486547
951645,0.13168417
951646,0.17350559
951647,0.13168417
951648,0.13780595
951649,0.13997583
951650,0.15481643
951651,0.065394476
951652,0.061314814
951653,0.066838525
951654,0.06902256
951655,0.07434142
951656,0.07760087
951657,0.07760087
951658,0.08466057
951659,0.1491393
951660,0.1491393
951661,0.13688183
951662,0.08434108
951663,0.0746875
951664,0.13348429
951665,0.0820895
951666,0.07931394
951667,0.07842196
951668,0.079210564
951669,0.07677374
951670,0.07677374
951671,0.06473204
951672,0.08344597
951673,0.050180953
951674,0.050372243
951675,0.052201238
951676,0.052253194
951677,0.052253194
951678,0.052253194
951679,0.053480323
951680,0.02728305
951681,0.10455063
951682,0.10729711
951683,0.10079546
951684,0.10945853
951685,0.10767532
951686,0.10767532
951687,0.115861766
951688,0.115861766
951689,0.08224729
951690,0.14650507
951691,0.029916959
951692,0.09396695
951693,0.08654253
951694,0.08557682
951695,0.086430624
951696,0.06982423
951697,0.03738306
951698,0.15318233
951699,0.25939146
951700,0.1821304
951701,0.12941246
951702,0.026458263
951703,0.08979818
951704,0.12892523
951705,0.08655298
951706,0.08803337
951707,0.08888667
951708,0.08656527
951709,0.093314536
951710,0.07246787
951711,0.03620656
951712,0.18804044
951713,0.054047078
951714,0.19583622
951715,0.20044398
951716,0.21120976
951717,0.22148935
951718,0.2464354
951719,0.2464354
951720,0.2620731
951721,0.2620731
951722,0.2620731
951723,0.26029482
951724,0.18357621
951725,0.030824307
951726,0.089337416
951727,0.08633984
951728,0.085376166
951729,0.08622817
951730,0.099558316
951731,0.099558316
951732,0.083846636
951733,0.12642185
951734,0.12151644
951735,0.124412805
951736,0.12222345
951737,0.04755135
951738,0.14104094
951739,0.14459129
951740,0.14506032
951741,0.14737992
951742,0.1572345
951743,0.15605466
951744,0.16987218
951745,0.16427045
951746,0.12065515
951747,0.03109164
951748,0.12095641
951749,0.12384135
951750,0.16477807
951751,0.26527026
951752,0.1543754
951753,0.03793423
951754,0.10859063
951755,0.105021514
951756,0.10387304
951757,0.10488846
951758,0.1107439
951759,0.1107439
951760,0.091240264
951761,0.01989983
951762,0.13550945
951763,0.1288025
951764,0.10813489
951765,0.10230716
951766,0.16101398
951767,0.2093435
951768,0.09670315
951769,0.093483776
951770,0.09193548
951771,0.09079318
951772,0.08963319
951773,0.08963319
951774,0.08963319
951775,0.06121739
951776,0.07048816
951777,0.13924128
951778,0.039898627
951779,0.18272209
951780,0.24512245
951781,0.12100375
951782,0.10734014
951783,0.090928815
951784,0.07366405
951785,0.15986551
951786,0.023881186
951787,0.13330975
951788,0.092523195
951789,0.088664316
951790,0.09115087
951791,0.08905178
951792,0.061843924
951793,0.03244552
951794,0.14856152
951795,0.1373219
951796,0.14898932
951797,0.1478924
951798,0.1478924
951799,0.17289235
951800,0.1478924
951801,0.15310113
951802,0.16747773
951803,0.20156558
951804,0.032777645
951805,0.14856152
951806,0.15372506
951807,0.14898932
951808,0.15361637
951809,0.1478924
951810,0.15664114
951811,0.1478924
951812,0.16747773
951813,0.15076347
951814,0.11121319
951815,0.23185867
951816,0.25760704
951817,0.14132544
951818,0.018391369
951819,0.08400816
951820,0.08001867
951821,0.07405082
951822,0.072934344
951823,0.07189561
951824,0.055606518
951825,0.03657676
951826,0.25384086
951827,0.31053153
951828,0.11636966
951829,0.13489401
951830,0.03139624
951831,0.096590765
951832,0.08396435
951833,0.018117463
951834,0.080265895
951835,0.0764393
951836,0.06819153
951837,0.06786055
951838,0.0670731
951839,0.0670731
951840,0.05227739
951841,0.17065252
951842,0.107015975
951843,0.10624738
951844,0.08640553
951845,0.018117463
951846,0.080265895
951847,0.0764393
951848,0.06819153
951849,0.06786055
951850,0.0670731
951851,0.0670731
951852,0.05227739
951853,0.033321697
951854,0.10852038
951855,0.10774228
951856,0.10043712
951857,0.09861739
951858,0.08277245
951859,0.016810162
951860,0.080265895
951861,0.0764393
951862,0.06819153
951863,0.063404515
951864,0.0670731
951865,0.0670731
951866,0.05227739
951867,0.039561294
951868,0.100539126
951869,0.10110897
951870,0.022562584
951871,0.09226634
951872,0.08431156
951873,0.07528362
951874,0.07492099
951875,0.058041733
951876,0.03197237
951877,0.11302243
951878,0.043236393
951879,0.12107574
951880,0.14023356
951881,0.206858
951882,0.083158836
951883,0.08477056
951884,0.14638095
951885,0.21514156
951886,0.13509709
951887,0.30537862
951888,0.1313889
951889,0.12717736
951890,0.11332492
951891,0.11412902
951892,0.109010816
951893,0.109010816
951894,0.08107778
951895,0.025714843
951896,0.15303077
951897,0.15484823
951898,0.15534449
951899,0.15354753
951900,0.14890401
951901,0.14890401
951902,0.14890401
951903,0.14890401
951904,0.10785005
951905,0.28088292
951906,0.16962449
951907,0.16543116
951908,0.16120988
951909,0.16094021
951910,0.16094021
951911,0.16094021
951912,0.16094021
951913,0.13183874
951914,0.0215343
951915,0.114663884
951916,0.11092
951917,0.098638244
951918,0.09750279
951919,0.09492916
951920,0.09492916
951921,0.16896473
951922,0.042441998
951923,0.18525463
951924,0.023430444
951925,0.06522071
951926,0.067743085
951927,0.06176478
951928,0.063344374
951929,0.0670749
951930,0.0574183
951931,0.11710979
951932,0.29780313
951933,0.22935115
951934,0.13590194
951935,0.12887266
951936,0.11143526
951937,0.20103773
951938,0.049703922
951939,0.04783333
951940,0.042155005
951941,0.042022157
951942,0.04140401
951943,0.029265527
951944,0.017595107
951945,0.12564257
951946,0.124843165
951947,0.11830756
951948,0.11719283
951949,0.11560235
951950,0.11560235
951951,0.08544699
951952,0.19284528
951953,0.0955267
951954,0.09806209
951955,0.09839755
951956,0.10005833
951957,0.10872589
951958,0.121475734
951959,0.11925421
951960,0.11925421
951961,0.10264058
951962,0.079247475
951963,0.048940685
951964,0.03310896
951965,0.063325405
951966,0.08595891
951967,0.020234909
951968,0.09791205
951969,0.100503765
951970,0.10121494
951971,0.10201543
951972,0.10201543
951973,0.10073453
951974,0.10073453
951975,0.10088872
951976,0.10088872
951977,0.08957525
951978,0.24977697
951979,0.115789495
951980,0.07285565
951981,0.09038779
951982,0.073421896
951983,0.13346906
951984,0.023791157
951985,0.047972407
951986,0.05276402
951987,0.11252124
951988,0.6244951
951989,0.66893315
951990,0.7314684
951991,0.76484805
951992,0.7237256
951993,0.76041824
951994,0.74549466
951995,0.73538285
951996,0.73538285
951997,0.739958
951998,0.72238773
951999,0.824547
952000,0.82253885
952001,0.7545688
952002,0.8104918
952003,0.8104918
952004,0.8067265
952005,0.7487396
952006,0.727573
952007,0.72397447
952008,0.7408675
952009,0.7225507
952010,0.7408675
952011,0.79569757
952012,0.7440078
952013,0.7146977
952014,0.7565254
952015,0.74718773
952016,0.71669734
952017,0.49592915
952018,0.032825593
952019,0.07331375
952020,0.070105106
952021,0.22398166
952022,0.09563138
952023,0.09244404
952024,0.08201933
952025,0.08041655
952026,0.078254804
952027,0.12773985
952028,0.032059062
952029,0.10765432
952030,0.10162131
952031,0.09780839
952032,0.09763244
952033,0.100218065
952034,0.09763244
952035,0.1330808
952036,0.14098752
952037,0.12903327
952038,0.08073763
952039,0.046882827
952040,0.04652361
952041,0.043348968
952042,0.043392513
952043,0.060656026
952044,0.0325947
952045,0.43357402
952046,0.47225788
952047,0.48345268
952048,0.49126717
952049,0.45023745
952050,0.45023745
952051,0.45023745
952052,0.45023745
952053,0.45023745
952054,0.45148245
952055,0.4427149
952056,0.23243196
952057,0.17563161
952058,0.17056023
952059,0.14622635
952060,0.13398345
952061,0.1166118
952062,0.111203685
952063,0.032184154
952064,0.0605262
952065,0.26745132
952066,0.51173633
952067,0.5547388
952068,0.6052716
952069,0.6056058
952070,0.6056058
952071,0.6056058
952072,0.6056058
952073,0.6241766
952074,0.6241766
952075,0.6223874
952076,0.6095139
952077,0.6013235
952078,0.6013235
952079,0.6013235
952080,0.39225066
952081,0.26949018
952082,0.07442702
952083,0.048898544
952084,0.07862281
952085,0.07260153
952086,0.071405634
952087,0.03011381
952088,0.14005555
952089,0.13647307
952090,0.13287307
952091,0.1326433
952092,0.13474458
952093,0.13474458
952094,0.13474458
952095,0.14623582
952096,0.42155376
952097,0.05145605
952098,0.21241693
952099,0.20215216
952100,0.21597563
952101,0.11471067
952102,0.21691751
952103,0.18105197
952104,0.18627675
952105,0.1915624
952106,0.19371343
952107,0.19151549
952108,0.19151549
952109,0.19151549
952110,0.19151549
952111,0.19151549
952112,0.19093168
952113,0.18809286
952114,0.11169551
952115,0.036251847
952116,0.115818016
952117,0.1127741
952118,0.115806684
952119,0.11360557
952120,0.11689654
952121,0.11459877
952122,0.11908388
952123,0.093642645
952124,0.30335897
952125,0.15615891
952126,0.15223742
952127,0.14987692
952128,0.14962281
952129,0.14962281
952130,0.14962281
952131,0.14962281
952132,0.19340564
952133,0.025260031
952134,0.12801029
952135,0.12957606
952136,0.13046311
952137,0.117943354
952138,0.116480984
952139,0.116480984
952140,0.116480984
952141,0.116480984
952142,0.116480984
952143,0.07731356
952144,0.034722604
952145,0.12000469
952146,0.1127741
952147,0.111747846
952148,0.11360557
952149,0.11459877
952150,0.10392025
952151,0.120304465
952152,0.093642645
952153,0.119363055
952154,0.04728132
952155,0.04746211
952156,0.046536315
952157,0.046582907
952158,0.046582907
952159,0.041900825
952160,0.034854755
952161,0.22862321
952162,0.2362203
952163,0.24250077
952164,0.24657704
952165,0.24657704
952166,0.25071648
952167,0.25071648
952168,0.25071648
952169,0.23310897
952170,0.23243482
952171,0.22915366
952172,0.22018513
952173,0.13869825
952174,0.030378418
952175,0.10076839
952176,0.097428255
952177,0.09487556
952178,0.0952351
952179,0.09475035
952180,0.069723435
952181,0.023113219
952182,0.04863703
952183,0.04826505
952184,0.046777904
952185,0.084097154
952186,0.03370301
952187,0.1084216
952188,0.09897703
952189,0.1296781
952190,0.04035362
952191,0.124068886
952192,0.097428255
952193,0.09487556
952194,0.0952351
952195,0.09475035
952196,0.09475035
952197,0.07674998
952198,0.052730512
952199,0.12612255
952200,0.17909098
952201,0.11861726
952202,0.11229164
952203,0.105718195
952204,0.45740467
952205,0.23641911
952206,0.13298094
952207,0.12872592
952208,0.119645305
952209,0.11653882
952210,0.115948424
952211,0.115948424
952212,0.089633115
952213,0.31004733
952214,0.2698055
952215,0.3288347
952216,0.34464407
952217,0.3556994
952218,0.3704626
952219,0.36107156
952220,0.36107156
952221,0.36670074
952222,0.3273367
952223,0.3273367
952224,0.3211021
952225,0.31708634
952226,0.20848224
952227,0.040108636
952228,0.14221734
952229,0.13858847
952230,0.13651028
952231,0.1349501
952232,0.1352718
952233,0.13529465
952234,0.1322969
952235,0.15748638
952236,0.030104425
952237,0.13401496
952238,0.13741675
952239,0.13786626
952240,0.137876
952241,0.13225274
952242,0.14091355
952243,0.14237961
952244,0.14237961
952245,0.103235245
952246,0.02402203
952247,0.085874826
952248,0.07999319
952249,0.09239084
952250,0.089988284
952251,0.091396004
952252,0.088460065
952253,0.07172441
952254,0.046594884
952255,0.1119699
952256,0.2073935
952257,0.2816675
952258,0.16175109
952259,0.30063418
952260,0.039923843
952261,0.18733563
952262,0.03869921
952263,0.18350168
952264,0.22657868
952265,0.03869921
952266,0.2458911
952267,0.020277418
952268,0.09966893
952269,0.09874559
952270,0.10185056
952271,0.10260936
952272,0.092189915
952273,0.092189915
952274,0.1583561
952275,0.07348871
952276,0.05056008
952277,0.05017419
952278,0.05104027
952279,0.051091127
952280,0.042470913
952281,0.033889677
952282,0.2078305
952283,0.1208994
952284,0.016504351
952285,0.050351664
952286,0.04996728
952287,0.050829977
952288,0.05088064
952289,0.042294353
952290,0.023349095
952291,0.07774259
952292,0.074513316
952293,0.07117645
952294,0.07276777
952295,0.075303346
952296,0.024457214
952297,0.05436293
952298,0.021152642
952299,0.053402003
952300,0.052194566
952301,0.11655486
952302,0.07890625
952303,0.075632595
952304,0.07224952
952305,0.073862925
952306,0.06008913
952307,0.021152642
952308,0.053402003
952309,0.05362893
952310,0.017692862
952311,0.070584536
952312,0.06816909
952313,0.06509634
952314,0.06656147
952315,0.06656147
952316,0.06656147
952317,0.05473626
952318,0.049611397
952319,0.33056512
952320,0.36299643
952321,0.39985463
952322,0.4361184
952323,0.4361184
952324,0.4361184
952325,0.4361184
952326,0.4361184
952327,0.4361184
952328,0.43151152
952329,0.4233215
952330,0.41771194
952331,0.41771194
952332,0.41771194
952333,0.4144634
952334,0.4144634
952335,0.4040266
952336,0.3936376
952337,0.24734825
952338,0.07148478
952339,0.055301674
952340,0.05488169
952341,0.054453205
952342,0.07151492
952343,0.08614029
952344,0.023749638
952345,0.022551341
952346,0.021711487
952347,0.023599196
952348,0.023599196
952349,0.02228325
952350,0.013274937
952351,0.026480952
952352,0.02358563
952353,0.022708151
952354,0.025130982
952355,0.023827264
952356,0.17052904
952357,0.09622931
952358,0.12561616
952359,0.010087416
952360,0.022585675
952361,0.021444814
952362,0.0206453
952363,0.02285318
952364,0.02285318
952365,0.02285318
952366,0.021577917
952367,0.57330847
952368,0.5308328
952369,0.6162657
952370,0.6710823
952371,0.68702555
952372,0.68702555
952373,0.68702555
952374,0.68734473
952375,0.68734473
952376,0.68734473
952377,0.6882799
952378,0.6879924
952379,0.68658316
952380,0.6832167
952381,0.6832167
952382,0.6817218
952383,0.6817218
952384,0.6707042
952385,0.6533167
952386,0.67058766
952387,0.6340797
952388,0.43368933
952389,0.012129016
952390,0.026344508
952391,0.024803512
952392,0.023804035
952393,0.026854007
952394,0.026854007
952395,0.026854007
952396,0.026854007
952397,0.025127372
952398,0.010087416
952399,0.022585675
952400,0.021444814
952401,0.0206453
952402,0.02285318
952403,0.02285318
952404,0.02285318
952405,0.021577917
952406,0.017713286
952407,0.021349417
952408,0.08440645
952409,0.08085027
952410,0.0850544
952411,0.079795524
952412,0.083858654
952413,0.11214758
952414,0.24236327
952415,0.20214362
952416,0.15729174
952417,0.2753228
952418,0.1446724
952419,0.13960707
952420,0.13640475
952421,0.09294744
952422,0.02712939
952423,0.18343778
952424,0.18033123
952425,0.17171627
952426,0.17102285
952427,0.16620725
952428,0.16620725
952429,0.15924312
952430,0.020448722
952431,0.13897412
952432,0.12992157
952433,0.12939773
952434,0.12785548
952435,0.12628776
952436,0.12903026
952437,0.12903026
952438,0.19042435
952439,0.3646962
952440,0.35207886
952441,0.3639998
952442,0.3976696
952443,0.4136888
952444,0.4136888
952445,0.42275017
952446,0.408166
952447,0.4349125
952448,0.4136888
952449,0.41145533
952450,0.409313
952451,0.4281386
952452,0.4158991
952453,0.26442754
952454,0.0810451
952455,0.05472865
952456,0.054312773
952457,0.05388848
952458,0.05300058
952459,0.24740492
952460,0.21962324
952461,0.22664213
952462,0.22730659
952463,0.23228171
952464,0.23228171
952465,0.23228171
952466,0.23228171
952467,0.22427735
952468,0.1886672
952469,0.037755273
952470,0.26342064
952471,0.2692209
952472,0.27606168
952473,0.4530471
952474,0.30277008
952475,0.4530471
952476,0.28486627
952477,0.3077343
952478,0.29725766
952479,0.2876449
952480,0.28583413
952481,0.19514163
952482,0.20043993
952483,0.45902473
952484,0.5297533
952485,0.6045481
952486,0.6293009
952487,0.6293009
952488,0.6293009
952489,0.6085027
952490,0.63794637
952491,0.6293009
952492,0.6281705
952493,0.6278575
952494,0.62478137
952495,0.6946904
952496,0.62236166
952497,0.62476337
952498,0.6177292
952499,0.60923076
952500,0.6055392
952501,0.35255474
952502,0.07174674
952503,0.02375269
952504,0.11096254
952505,0.10584093
952506,0.10034894
952507,0.0994753
952508,0.09809856
952509,0.09809856
952510,0.07438635
952511,0.2853044
952512,0.74007
952513,0.77469
952514,0.82819074
952515,0.83931905
952516,0.8422885
952517,0.8580649
952518,0.8691495
952519,0.8877767
952520,0.8877767
952521,0.8908002
952522,0.8908002
952523,0.8913088
952524,0.89018124
952525,0.89018124
952526,0.8911112
952527,0.8911112
952528,0.89330846
952529,0.89330846
952530,0.89330846
952531,0.8929379
952532,0.89225596
952533,0.89225596
952534,0.89225596
952535,0.89135796
952536,0.89074254
952537,0.89074254
952538,0.89074254
952539,0.89074254
952540,0.8876169
952541,0.8876169
952542,0.8876169
952543,0.8876169
952544,0.8724065
952545,0.8724065
952546,0.84134054
952547,0.84134054
952548,0.836627
952549,0.836627
952550,0.836627
952551,0.8163988
952552,0.8163988
952553,0.8163988
952554,0.8163988
952555,0.8163988
952556,0.8163988
952557,0.6731781
952558,0.14399827
952559,0.02375269
952560,0.11096254
952561,0.10584093
952562,0.10034894
952563,0.0994753
952564,0.09809856
952565,0.09809856
952566,0.07096485
952567,0.028863281
952568,0.11670012
952569,0.1157114
952570,0.031741656
952571,0.11894966
952572,0.09501937
952573,0.0930831
952574,0.02732725
952575,0.12153917
952576,0.11508805
952577,0.11197903
952578,0.111119024
952579,0.111119024
952580,0.111119024
952581,0.111119024
952582,0.084945366
952583,0.022498291
952584,0.073853776
952585,0.070482396
952586,0.051086884
952587,0.06567495
952588,0.052429236
952589,0.015366244
952590,0.066245474
952591,0.06304148
952592,0.059622236
952593,0.055169962
952594,0.057860717
952595,0.057860717
952596,0.046369728
952597,0.029206825
952598,0.07735106
952599,0.060674254
952600,0.060355853
952601,0.065108925
952602,0.04768492
952603,0.030346042
952604,0.07982225
952605,0.071027614
952606,0.101798445
952607,0.12619162
952608,0.015593585
952609,0.07872899
952610,0.08085844
952611,0.08114034
952612,0.08179653
952613,0.08201821
952614,0.08201821
952615,0.08201821
952616,0.08555408
952617,0.07144922
952618,0.025179885
952619,0.055609338
952620,0.0558677
952621,0.05626584
952622,0.07943005
952623,0.28398862
952624,0.029577658
952625,0.09792698
952626,0.09245988
952627,0.09205731
952628,0.102528535
952629,0.08494755
952630,0.225712
952631,0.11299428
952632,0.10325788
952633,0.10327351
952634,0.10511617
952635,0.10461144
952636,0.21112458
952637,0.2419696
952638,0.15911186
952639,0.15675583
952640,0.15391658
952641,0.15684362
952642,0.15436172
952643,0.15436172
952644,0.15436172
952645,0.10679823
952646,0.10867344
952647,0.022496032
952648,0.19203365
952649,0.2032395
952650,0.2749462
952651,0.25915486
952652,0.21208024
952653,0.20870782
952654,0.20916146
952655,0.20572734
952656,0.13365027
952657,0.031635948
952658,0.09040837
952659,0.0854412
952660,0.0702023
952661,0.068767056
952662,0.035823047
952663,0.17119768
952664,0.17499188
952665,0.027688326
952666,0.09771077
952667,0.10029776
952668,0.093617536
952669,0.095206164
952670,0.108272046
952671,0.1027712
952672,0.11063092
952673,0.11063092
952674,0.09530701
952675,0.0236094
952676,0.07477171
952677,0.07424823
952678,0.07756802
952679,0.078908004
952680,0.0776761
952681,0.0792537
952682,0.08548626
952683,0.079567485
952684,0.19253181
952685,0.16515544
952686,0.022921156
952687,0.07222066
952688,0.06625015
952689,0.06831481
952690,0.0666257
952691,0.070085764
952692,0.071521156
952693,0.064344205
952694,0.021628648
952695,0.06860265
952696,0.06383866
952697,0.064878784
952698,0.06691738
952699,0.077329375
952700,0.074810795
952701,0.064344205
952702,0.23879428
952703,0.026059749
952704,0.074109524
952705,0.072072476
952706,0.07138679
952707,0.0726284
952708,0.07699034
952709,0.078555204
952710,0.08473788
952711,0.07377231
952712,0.019102791
952713,0.09953343
952714,0.09622987
952715,0.09357641
952716,0.092415795
952717,0.09123716
952718,0.09123716
952719,0.09123716
952720,0.062230155
952721,0.06588837
952722,0.016364926
952723,0.015533297
952724,0.014950806
952725,0.01626048
952726,0.01626048
952727,0.01626048
952728,0.015847102
952729,0.0220943
952730,0.06753189
952731,0.06521354
952732,0.06492111
952733,0.06558362
952734,0.068560034
952735,0.06661049
952736,0.019036189
952737,0.0991618
952738,0.095869265
952739,0.091358475
952740,0.089591004
952741,0.08720602
952742,0.0624576
952743,0.0129279485
952744,0.019208396
952745,0.01709428
952746,0.016454248
952747,0.017893195
952748,0.02662965
952749,0.026214248
952750,0.06784241
952751,0.06916492
952752,0.068856075
952753,0.06499572
952754,0.06247514
952755,0.29715765
952756,0.24127282
952757,0.23825847
952758,0.01861688
952759,0.0991618
952760,0.095869265
952761,0.091358475
952762,0.089591004
952763,0.08720602
952764,0.08720602
952765,0.0624576
952766,0.022685084
952767,0.074109524
952768,0.072072476
952769,0.07479746
952770,0.0726284
952771,0.084673
952772,0.078555204
952773,0.07795572
952774,0.06773422
952775,0.05300112
952776,0.24843729
952777,0.24188913
952778,0.22807087
952779,0.22417134
952780,0.16480757
952781,0.01861688
952782,0.0991618
952783,0.095869265
952784,0.091358475
952785,0.089591004
952786,0.08720602
952787,0.08720602
952788,0.0624576
952789,0.27186137
952790,0.20901775
952791,0.20493275
952792,0.18289974
952793,0.14466059
952794,0.024222704
952795,0.074109524
952796,0.06689513
952797,0.07138679
952798,0.07512351
952799,0.08004623
952800,0.072948776
952801,0.08473788
952802,0.067006305
952803,0.05300112
952804,0.24843729
952805,0.24188913
952806,0.22807087
952807,0.22417134
952808,0.23729675
952809,0.019036189
952810,0.0991618
952811,0.095869265
952812,0.091358475
952813,0.089591004
952814,0.08720602
952815,0.0624576
952816,0.03170811
952817,0.24633895
952818,0.2520462
952819,0.25894484
952820,0.25948942
952821,0.25948942
952822,0.25948942
952823,0.30864358
952824,0.25948942
952825,0.25948942
952826,0.17450222
952827,0.025932636
952828,0.07239353
952829,0.07082014
952830,0.06613275
952831,0.07292986
952832,0.08679392
952833,0.097718045
952834,0.0759063
952835,0.48523036
952836,0.5624715
952837,0.6389456
952838,0.654081
952839,0.654081
952840,0.6624585
952841,0.65732986
952842,0.65732986
952843,0.6656689
952844,0.6599109
952845,0.65961003
952846,0.65689725
952847,0.65691423
952848,0.65337294
952849,0.651809
952850,0.651809
952851,0.640307
952852,0.6394214
952853,0.6271951
952854,0.36299515
952855,0.009067737
952856,0.01629695
952857,0.015468723
952858,0.014888624
952859,0.016491221
952860,0.016491221
952861,0.016072072
952862,0.035281807
952863,0.2029462
952864,0.17254841
952865,0.01163738
952866,0.023581678
952867,0.023192786
952868,0.024307443
952869,0.027345106
952870,0.027345106
952871,0.027345106
952872,0.027345106
952873,0.028777089
952874,0.025790464
952875,0.00886602
952876,0.01629695
952877,0.015468723
952878,0.014888624
952879,0.016491221
952880,0.016491221
952881,0.016478613
952882,0.024445869
952883,0.26319116
952884,0.24411896
952885,0.18926309
952886,0.18608038
952887,0.17725016
952888,0.17653918
952889,0.1716004
952890,0.1716004
952891,0.12163004
952892,0.039398238
952893,0.17036021
952894,0.19473815
952895,0.21533465
952896,0.06611157
952897,0.17149878
952898,0.10744172
952899,0.10106148
952900,0.10101759
952901,0.23070624
952902,0.11112892
952903,0.102333635
952904,0.0975515
952905,0.09567683
952906,0.067934476
952907,0.12140082
952908,0.4238678
952909,0.5334156
952910,0.6214059
952911,0.65678596
952912,0.6483423
952913,0.65398514
952914,0.6468688
952915,0.6387781
952916,0.680858
952917,0.66930217
952918,0.66569704
952919,0.6719767
952920,0.6719767
952921,0.6719767
952922,0.67045426
952923,0.6605009
952924,0.6578231
952925,0.65827966
952926,0.65347266
952927,0.5462788
952928,0.6447375
952929,0.4356111
952930,0.020771855
952931,0.100434706
952932,0.09710446
952933,0.09254149
952934,0.09075343
952935,0.088340506
952936,0.088340506
952937,0.15709111
952938,0.026071621
952939,0.108105324
952940,0.103706375
952941,0.10068213
952942,0.09980591
952943,0.09641218
952944,0.11798485
952945,0.09435628
952946,0.15129414
952947,0.6250217
952948,0.65326315
952949,0.7155008
952950,0.73350805
952951,0.7589634
952952,0.7755968
952953,0.78374183
952954,0.8144062
952955,0.8144062
952956,0.81665325
952957,0.80808157
952958,0.8280993
952959,0.8162995
952960,0.8175861
952961,0.7967853
952962,0.81526285
952963,0.85901624
952964,0.8147994
952965,0.81522995
952966,0.81249094
952967,0.8122746
952968,0.8122746
952969,0.8122746
952970,0.8073053
952971,0.80237764
952972,0.80237764
952973,0.80127364
952974,0.79318285
952975,0.7879305
952976,0.7879305
952977,0.7879305
952978,0.78697747
952979,0.74913496
952980,0.5992652
952981,0.08734569
952982,0.058608267
952983,0.058879707
952984,0.05857142
952985,0.19509031
952986,0.027023748
952987,0.109520614
952988,0.104457736
952989,0.100149184
952990,0.09868116
952991,0.09791045
952992,0.09346121
952993,0.0713995
952994,0.075764835
952995,0.047730323
952996,0.047912743
952997,0.048090834
952998,0.047833636
952999,0.047833636
953000,0.047833636
953001,0.04212826
953002,0.016518407
953003,0.08670759
953004,0.07200783
953005,0.06503315
953006,0.0645075
953007,0.067792654
953008,0.067792654
953009,0.067792654
953010,0.06437279
953011,0.044636115
953012,0.022656308
953013,0.10975867
953014,0.11183658
953015,0.11261787
953016,0.111753605
953017,0.111753605
953018,0.111753605
953019,0.10658164
953020,0.1337538
953021,0.1337538
953022,0.101511136
953023,0.11447756
953024,0.3394944
953025,0.42569295
953026,0.56958294
953027,0.6016623
953028,0.6514635
953029,0.6673047
953030,0.64065546
953031,0.65917486
953032,0.65917486
953033,0.7079963
953034,0.6632524
953035,0.66308516
953036,0.6787951
953037,0.6585107
953038,0.660148
953039,0.6072668
953040,0.6078079
953041,0.6905958
953042,0.6616116
953043,0.6663008
953044,0.7072379
953045,0.5987968
953046,0.77946943
953047,0.7738734
953048,0.6602268
953049,0.69367176
953050,0.4336709
953051,0.018863818
953052,0.0634065
953053,0.05847072
953054,0.055758033
953055,0.05784492
953056,0.054340746
953057,0.057545304
953058,0.0457707
953059,0.42799354
953060,0.382525
953061,0.46777776
953062,0.43449554
953063,0.45736527
953064,0.4944077
953065,0.4926047
953066,0.49868402
953067,0.49868402
953068,0.4878089
953069,0.49638015
953070,0.49176016
953071,0.45990518
953072,0.48135367
953073,0.2912747
953074,0.02204118
953075,0.07080263
953076,0.06569232
953077,0.065407366
953078,0.0598676
953079,0.075143956
953080,0.14540489
953081,0.39359808
953082,0.42335713
953083,0.46632278
953084,0.48941794
953085,0.52653736
953086,0.5247388
953087,0.520233
953088,0.5291692
953089,0.520233
953090,0.528504
953091,0.52389604
953092,0.5034009
953093,0.516049
953094,0.47759682
953095,0.2899243
953096,0.034070715
953097,0.12417082
953098,0.11096207
953099,0.11065471
953100,0.11281356
953101,0.105045654
953102,0.3453289
953103,0.18712062
953104,0.17282714
953105,0.17223844
953106,0.09613465
953107,0.045324318
953108,0.044976495
953109,0.04523258
953110,0.04436372
953111,0.03678602
953112,0.24185134
953113,0.025434729
953114,0.047244262
953115,0.046882436
953116,0.062373746
953117,0.24137543
953118,0.3002173
953119,0.2450726
953120,0.23222613
953121,0.3689401
953122,0.24913578
953123,0.10473082
953124,0.10127416
953125,0.09961102
953126,0.09838368
953127,0.09713708
953128,0.09713708
953129,0.09713708
953130,0.0644137
953131,0.21057
953132,0.084440224
953133,0.08234255
953134,0.07886585
953135,0.07878798
953136,0.078159176
953137,0.08190709
953138,0.06215943
953139,0.06140631
953140,0.28124046
953141,0.27977487
953142,0.2952989
953143,0.29991123
953144,0.29991123
953145,0.29991123
953146,0.29991123
953147,0.29991123
953148,0.29991123
953149,0.29626012
953150,0.28727844
953151,0.2647901
953152,0.2647901
953153,0.2583181
953154,0.2562686
953155,0.13819833
953156,0.022861179
953157,0.08405067
953158,0.08196181
953159,0.07849981
953160,0.07796206
953161,0.08783114
953162,0.061366025
953163,0.08119443
953164,0.05230395
953165,0.019309377
953166,0.10105429
953167,0.09770573
953168,0.09417717
953169,0.09236071
953170,0.090464704
953171,0.22341196
953172,0.16800046
953173,0.5011865
953174,0.52948624
953175,0.6341599
953176,0.66216004
953177,0.69876665
953178,0.69189465
953179,0.7276073
953180,0.851296
953181,0.84123933
953182,0.8425661
953183,0.7385995
953184,0.73911387
953185,0.71538997
953186,0.7087762
953187,0.7365682
953188,0.70735025
953189,0.7135068
953190,0.7135068
953191,0.71156937
953192,0.7738775
953193,0.74179983
953194,0.71165276
953195,0.71165276
953196,0.7505127
953197,0.75011516
953198,0.75011516
953199,0.71463436
953200,0.6925431
953201,0.46610007
953202,0.023646377
953203,0.049506687
953204,0.051952787
953205,0.0326117
953206,0.09917882
953207,0.09684625
953208,0.08770103
953209,0.023715254
953210,0.11287699
953211,0.11090274
953212,0.11127673
953213,0.111079544
953214,0.111079544
953215,0.111079544
953216,0.111079544
953217,0.1157258
953218,0.13449903
953219,0.11914285
953220,0.34084985
953221,0.55075073
953222,0.5875551
953223,0.6010022
953224,0.60297704
953225,0.60297704
953226,0.60297704
953227,0.60297704
953228,0.60297704
953229,0.60297704
953230,0.59346527
953231,0.5867036
953232,0.5804174
953233,0.5804174
953234,0.5804174
953235,0.57611954
953236,0.57611954
953237,0.41430494
953238,0.077822305
953239,0.029767796
953240,0.01319794
953241,0.024661494
953242,0.02455435
953243,0.02541963
953244,0.028592214
953245,0.028592214
953246,0.028592214
953247,0.028592214
953248,0.029904263
953249,0.028568076
953250,0.01021424
953251,0.017049016
953252,0.01618319
953253,0.015576706
953254,0.017252097
953255,0.017252097
953256,0.017252097
953257,0.016660038
953258,0.22738324
953259,0.10356517
953260,0.08642718
953261,0.01021424
953262,0.017049016
953263,0.01618319
953264,0.015576706
953265,0.017252097
953266,0.017252097
953267,0.017252097
953268,0.016660038
953269,0.027283391
953270,0.15268955
953271,0.1545037
953272,0.15627457
953273,0.15802544
953274,0.156154
953275,0.156154
953276,0.156154
953277,0.156154
953278,0.156154
953279,0.15386836
953280,0.1929284
953281,0.010446313
953282,0.014938867
953283,0.01618319
953284,0.015576706
953285,0.017252097
953286,0.017252097
953287,0.016660038
953288,0.010269571
953289,0.019322827
953290,0.018184878
953291,0.018001929
953292,0.01969927
953293,0.01969927
953294,0.01969927
953295,0.01969927
953296,0.026119716
953297,0.31512013
953298,0.34660882
953299,0.33540648
953300,0.2931317
953301,0.009624935
953302,0.014526682
953303,0.015947804
953304,0.015350012
953305,0.016700773
953306,0.017001431
953307,0.016417833
953308,0.01016307
953309,0.017387686
953310,0.01683345
953311,0.016203001
953312,0.01762748
953313,0.017944517
953314,0.017235927
953315,0.25432676
953316,0.31428856
953317,0.22911733
953318,0.009717782
953319,0.018561414
953320,0.01683345
953321,0.015906766
953322,0.017944517
953323,0.017944517
953324,0.017235927
953325,0.08547502
953326,0.547172
953327,0.48602676
953328,0.48807377
953329,0.5064949
953330,0.49588683
953331,0.49588683
953332,0.49588683
953333,0.49588683
953334,0.49588683
953335,0.4897127
953336,0.48085353
953337,0.40363052
953338,0.015372261
953339,0.020711092
953340,0.019493012
953341,0.01929716
953342,0.021114
953343,0.021114
953344,0.021114
953345,0.021114
953346,0.02214669
953347,0.08327585
953348,0.051195025
953349,0.05080455
953350,0.045785367
953351,0.012602411
953352,0.01815693
953353,0.017339164
953354,0.016352672
953355,0.01672189
953356,0.018839587
953357,0.01810998
953358,0.017753502
953359,0.018177833
953360,0.05049775
953361,0.05011232
953362,0.05029814
953363,0.050348297
953364,0.042114757
953365,0.021133274
953366,0.03843317
953367,0.037117384
953368,0.039752
953369,0.044631455
953370,0.048489973
953371,0.044631455
953372,0.02736799
953373,0.045331888
953374,0.0465348
953375,0.044383768
953376,0.015772447
953377,0.048611972
953378,0.048797585
953379,0.048978798
953380,0.049027707
953381,0.049027707
953382,0.05752891
953383,0.30875313
953384,0.1948254
953385,0.28213465
953386,0.015897863
953387,0.022698201
953388,0.021365812
953389,0.013282916
953390,0.023138855
953391,0.022377113
953392,0.024718843
953393,0.023138855
953394,0.023569806
953395,0.28306806
953396,0.028659252
953397,0.18429238
953398,0.17873402
953399,0.1701795
953400,0.16787645
953401,0.16572724
953402,0.16572724
953403,0.11950803
953404,0.010339383
953405,0.017618671
953406,0.016724413
953407,0.01643025
953408,0.017711785
953409,0.017711785
953410,0.08784764
953411,0.06773037
953412,0.028659252
953413,0.18429238
953414,0.17873402
953415,0.1701795
953416,0.16787645
953417,0.16572724
953418,0.16572724
953419,0.11950803
953420,0.035823658
953421,0.11883311
953422,0.103701524
953423,0.09830835
953424,0.096864395
953425,0.07265793
953426,0.16032748
953427,0.12044052
953428,0.11958846
953429,0.102103405
953430,0.026796227
953431,0.16959594
953432,0.16540319
953433,0.16118248
953434,0.16001266
953435,0.16001266
953436,0.16001266
953437,0.16001266
953438,0.17914037
953439,0.024353502
953440,0.0690544
953441,0.07099118
953442,0.08149318
953443,0.23404272
953444,0.10071711
953445,0.09947184
953446,0.093329445
953447,0.09212478
953448,0.08001767
953449,0.03454486
953450,0.11926737
953451,0.119688846
953452,0.118148185
953453,0.11756259
953454,0.11756259
953455,0.11756259
953456,0.10438376
953457,0.022531012
953458,0.07672401
953459,0.07411519
953460,0.07296462
953461,0.071944356
953462,0.07214006
953463,0.07165874
953464,0.058877856
953465,0.14514852
953466,0.022531012
953467,0.07672401
953468,0.07411519
953469,0.07296462
953470,0.071944356
953471,0.07214006
953472,0.07165874
953473,0.058877856
953474,0.028418755
953475,0.09221374
953476,0.085736826
953477,0.10261791
953478,0.18460333
953479,0.07705457
953480,0.06740266
953481,0.063045576
953482,0.061354075
953483,0.050109062
953484,0.016781949
953485,0.062980965
953486,0.059924725
953487,0.056021996
953488,0.054507975
953489,0.055698123
953490,0.044283725
953491,0.18703718
953492,0.081769414
953493,0.07640477
953494,0.016411474
953495,0.062980965
953496,0.059924725
953497,0.055902723
953498,0.054391738
953499,0.05593588
953500,0.05593588
953501,0.044475053
953502,0.03630412
953503,0.23705469
953504,0.24580613
953505,0.26601413
953506,0.29477146
953507,0.2953847
953508,0.28711832
953509,0.28711832
953510,0.28710833
953511,0.28710833
953512,0.2391462
953513,0.026789838
953514,0.10787283
953515,0.109919444
953516,0.11068902
953517,0.105539694
953518,0.109212495
953519,0.109212495
953520,0.109212495
953521,0.13071506
953522,0.117387995
953523,0.105294846
953524,0.031236934
953525,0.12429288
953526,0.12472958
953527,0.1218347
953528,0.119678855
953529,0.119989805
953530,0.119989805
953531,0.15732765
953532,0.016895156
953533,0.066949554
953534,0.06318753
953535,0.0656334
953536,0.061268438
953537,0.07230568
953538,0.066095255
953539,0.06351001
953540,0.054147117
953541,0.06437354
953542,0.28929737
953543,0.29338858
953544,0.2992274
953545,0.3629615
953546,0.37186828
953547,0.37186828
953548,0.3838329
953549,0.3880549
953550,0.37769696
953551,0.3781391
953552,0.37782407
953553,0.3761012
953554,0.3761012
953555,0.3761012
953556,0.3744839
953557,0.3744839
953558,0.34312513
953559,0.32024622
953560,0.24986745
953561,0.23214984
953562,0.21805447
953563,0.23815565
953564,0.27966163
953565,0.2668363
953566,0.26941267
953567,0.27252728
953568,0.2083682
953569,0.20226376
953570,0.18803075
953571,0.18595675
953572,0.18362714
953573,0.18362714
953574,0.13661277
953575,0.37452793
953576,0.3576547
953577,0.3729718
953578,0.37702486
953579,0.38232705
953580,0.38232705
953581,0.38232705
953582,0.38232705
953583,0.38232705
953584,0.38232705
953585,0.31627956
953586,0.08467198
953587,0.22079347
953588,0.06963033
953589,0.3576547
953590,0.3729718
953591,0.37702486
953592,0.38232705
953593,0.38232705
953594,0.38232705
953595,0.38232705
953596,0.38232705
953597,0.38232705
953598,0.31627956
953599,0.2703927
953600,0.21319978
953601,0.172621
953602,0.14378558
953603,0.23935348
953604,0.18267502
953605,0.055933766
953606,0.18150374
953607,0.20870745
953608,0.102715306
953609,0.090163104
953610,0.08540692
953611,0.08465112
953612,0.06360896
953613,0.01217891
953614,0.04413731
953615,0.045130063
953616,0.04497961
953617,0.04258959
953618,0.046013612
953619,0.050487943
953620,0.05081558
953621,0.056668162
953622,0.18241683
953623,0.11084368
953624,0.10791464
953625,0.10650744
953626,0.11210803
953627,0.11448877
953628,0.11448877
953629,0.11448877
953630,0.083929114
953631,0.27773404
953632,0.10274686
953633,0.020707514
953634,0.086288355
953635,0.08220031
953636,0.07782824
953637,0.07713385
953638,0.076040216
953639,0.059168614
953640,0.012066039
953641,0.046489127
953642,0.044220865
953643,0.0440733
953644,0.041729335
953645,0.04846034
953646,0.049476396
953647,0.05350332
953648,0.052964944
953649,0.08307587
953650,0.03571021
953651,0.102296144
953652,0.09732845
953653,0.08969918
953654,0.09658798
953655,0.020136185
953656,0.099722825
953657,0.096413635
953658,0.092926934
953659,0.091132164
953660,0.08925889
953661,0.088026434
953662,0.060146734
953663,0.022055551
953664,0.097059555
953665,0.091772005
953666,0.08922934
953667,0.089067295
953668,0.089067295
953669,0.089067295
953670,0.089067295
953671,0.07263051
953672,0.010288263
953673,0.039637078
953674,0.037424374
953675,0.03441278
953676,0.034775537
953677,0.037596013
953678,0.03462336
953679,0.04151096
953680,0.015088032
953681,0.05083067
953682,0.0510243
953683,0.05190426
953684,0.051955935
953685,0.051955935
953686,0.051955935
953687,0.04933408
953688,0.020136185
953689,0.099722825
953690,0.096413635
953691,0.092926934
953692,0.091132164
953693,0.08925889
953694,0.088026434
953695,0.060146734
953696,0.03775553
953697,0.25658217
953698,0.27289516
953699,0.27979356
953700,0.2904115
953701,0.2904115
953702,0.2904115
953703,0.2904115
953704,0.30002716
953705,0.30002716
953706,0.29809535
953707,0.29624617
953708,0.2862292
953709,0.19824024
953710,0.18532735
953711,0.18713875
953712,0.011655395
953713,0.043247204
953714,0.044220865
953715,0.0440733
953716,0.041729335
953717,0.04846034
953718,0.049476396
953719,0.05350332
953720,0.04882217
953721,0.023489833
953722,0.05039573
953723,0.050011013
953724,0.05028913
953725,0.05637891
953726,0.021076491
953727,0.10194334
953728,0.09856852
953729,0.096945025
953730,0.09574704
953731,0.09453034
953732,0.09323256
953733,0.09323256
953734,0.14110895
953735,0.08552349
953736,0.4002965
953737,0.440249
953738,0.5122643
953739,0.542723
953740,0.542723
953741,0.542723
953742,0.5349456
953743,0.5464231
953744,0.5464231
953745,0.5509306
953746,0.55059904
953747,0.549709
953748,0.549709
953749,0.549709
953750,0.55718434
953751,0.5480009
953752,0.5434209
953753,0.5434209
953754,0.53813183
953755,0.5354079
953756,0.3648453
953757,0.05306482
953758,0.489515
953759,0.5462282
953760,0.5912456
953761,0.5987784
953762,0.5987784
953763,0.5987784
953764,0.5987784
953765,0.59618956
953766,0.5987784
953767,0.59035647
953768,0.58636796
953769,0.5793698
953770,0.5755636
953771,0.5709157
953772,0.37991512
953773,0.012066039
953774,0.043247204
953775,0.044220865
953776,0.0440733
953777,0.044862807
953778,0.04846034
953779,0.049476396
953780,0.04979781
953781,0.039749186
953782,0.35392407
953783,0.042707585
953784,0.4871834
953785,0.5295247
953786,0.5617867
953787,0.5629947
953788,0.5629947
953789,0.5629947
953790,0.56034446
953791,0.5629947
953792,0.5629947
953793,0.55906934
953794,0.5503086
953795,0.53574014
953796,0.5271249
953797,0.3303439
953798,0.016575594
953799,0.049970068
953800,0.043271232
953801,0.037311684
953802,0.04269351
953803,0.059704266
953804,0.041319918
953805,0.06813689
953806,0.5124449
953807,0.57185286
953808,0.6230098
953809,0.62781143
953810,0.6303233
953811,0.6303233
953812,0.6303233
953813,0.6303233
953814,0.6303233
953815,0.62919414
953816,0.62264895
953817,0.6178523
953818,0.61416245
953819,0.6096505
953820,0.6099779
953821,0.6099779
953822,0.34039745
953823,0.16059677
953824,0.29839575
953825,0.21272244
953826,0.19552808
953827,0.20249668
953828,0.19003552
953829,0.015873933
953830,0.02626631
953831,0.02557343
953832,0.024623863
953833,0.026554007
953834,0.026554007
953835,0.01695595
953836,0.041178796
953837,0.22979589
953838,0.20781404
953839,0.20174374
953840,0.1526123
953841,0.31259137
953842,0.015873933
953843,0.01602229
953844,0.025115047
953845,0.024182077
953846,0.026554007
953847,0.026554007
953848,0.023022829
953849,0.087404214
953850,0.009841434
953851,0.02393133
953852,0.016977604
953853,0.015679795
953854,0.017366068
953855,0.017366068
953856,0.016770175
953857,0.13466032
953858,0.046352506
953859,0.040877756
953860,0.037311684
953861,0.036373798
953862,0.01002256
953863,0.017161671
953864,0.016626397
953865,0.015679795
953866,0.017366068
953867,0.017366068
953868,0.017366068
953869,0.016770175
953870,0.009264551
953871,0.035749383
953872,0.033746082
953873,0.031020947
953874,0.03134911
953875,0.032371234
953876,0.03813775
953877,0.019047149
953878,0.024237445
953879,0.021563742
953880,0.019301595
953881,0.02189909
953882,0.18696588
953883,0.11423652
953884,0.11452467
953885,0.01290958
953886,0.019848952
953887,0.017196933
953888,0.016553123
953889,0.018331543
953890,0.017774845
953891,0.00973177
953892,0.016912289
953893,0.016053308
953894,0.015451622
953895,0.017113784
953896,0.017113784
953897,0.016526394
953898,0.14813831
953899,0.05917954
953900,0.010296825
953901,0.017886745
953902,0.016979117
953903,0.016343301
953904,0.01809962
953905,0.01809962
953906,0.017385013
953907,0.018108651
953908,0.051176433
953909,0.045742355
953910,0.04123541
953911,0.039991803
953912,0.23962177
953913,0.21449088
953914,0.20405325
953915,0.23047972
953916,0.10855164
953917,0.08387166
953918,0.010296825
953919,0.017886745
953920,0.016979117
953921,0.016343301
953922,0.01809962
953923,0.01809962
953924,0.017385013
953925,0.021393191
953926,0.059960958
953927,0.07740175
953928,0.0771524
953929,0.078485824
953930,0.08177869
953931,0.08177869
953932,0.086484805
953933,0.10506428
953934,0.053207982
953935,0.17781433
953936,0.17346081
953937,0.168258
953938,0.16640489
953939,0.16640489
953940,0.16640489
953941,0.16287428
953942,0.12492603
953943,0.023296041
953944,0.13083218
953945,0.13242722
953946,0.13333079
953947,0.13174877
953948,0.13014041
953949,0.13014041
953950,0.13014041
953951,0.13014041
953952,0.13014041
953953,0.081534915
953954,0.0818487
953955,0.26943246
953956,0.2640429
953957,0.25683653
953958,0.18263637
953959,0.1811906
953960,0.17890759
953961,0.22502752
953962,0.08545189
953963,0.23166719
953964,0.035790097
953965,0.14218245
953966,0.040874906
953967,0.120268136
953968,0.093470074
953969,0.043151163
953970,0.02787469
953971,0.103606716
953972,0.13484107
953973,0.5362334
953974,0.56046283
953975,0.6467305
953976,0.65630907
953977,0.65630907
953978,0.6618908
953979,0.6548512
953980,0.6585271
953981,0.6585271
953982,0.66260844
953983,0.66260844
953984,0.661804
953985,0.661804
953986,0.661804
953987,0.66025823
953988,0.66025823
953989,0.656102
953990,0.6999682
953991,0.6512805
953992,0.6686576
953993,0.6471659
953994,0.6471659
953995,0.40912634
953996,0.028186569
953997,0.10068742
953998,0.09598886
953999,0.09095609
954000,0.08960941
954001,0.08835581
954002,0.09165129
954003,0.066824116
954004,0.08699506
954005,0.05270915
954006,0.024625855
954007,0.084279194
954008,0.09598886
954009,0.09095609
954010,0.08759731
954011,0.08835581
954012,0.066824116
954013,0.02716006
954014,0.049468894
954015,0.049090907
954016,0.04556231
954017,0.07417611
954018,0.26958865
954019,0.2560181
954020,0.20499462
954021,0.041366268
954022,0.053292908
954023,0.030570623
954024,0.309689
954025,0.2608966
954026,0.2068369
954027,0.037072524
954028,0.13560078
954029,0.24466302
954030,0.05659067
954031,0.13560078
954032,0.17164122
954033,0.15679488
954034,0.39600205
954035,0.4929979
954036,0.52899057
954037,0.49876863
954038,0.5095882
954039,0.56366897
954040,0.56366897
954041,0.56366897
954042,0.56366897
954043,0.5860244
954044,0.55798864
954045,0.5492237
954046,0.5422926
954047,0.53841823
954048,0.33125558
954049,0.025443817
954050,0.04677694
954051,0.046418514
954052,0.04354598
954053,0.03504039
954054,0.4135013
954055,0.42534703
954056,0.43676254
954057,0.43917868
954058,0.43990493
954059,0.43990493
954060,0.43990493
954061,0.43990493
954062,0.4969056
954063,0.4249139
954064,0.34301817
954065,0.024397286
954066,0.04677694
954067,0.046418514
954068,0.046995897
954069,0.042570416
954070,0.19546632
954071,0.12749939
954072,0.11353951
954073,0.024870466
954074,0.04629335
954075,0.06606012
954076,0.028502544
954077,0.12070356
954078,0.1093087
954079,0.116484426
954080,0.11489145
954081,0.12184898
954082,0.08796374
954083,0.1283654
954084,0.070092805
954085,0.20410898
954086,0.08187162
954087,0.024306374
954088,0.10407236
954089,0.10063499
954090,0.09269015
954091,0.102180295
954092,0.09761134
954093,0.105803475
954094,0.07834685
954095,0.023249285
954096,0.06907316
954097,0.06454096
954098,0.022398172
954099,0.098400965
954100,0.06588422
954101,0.09557892
954102,0.09660084
954103,0.096226536
954104,0.0981408
954105,0.09393128
954106,0.01626139
954107,0.064169854
954108,0.060553897
954109,0.062631145
954110,0.06501529
954111,0.064798094
954112,0.064798094
954113,0.064798094
954114,0.05731079
954115,0.06257015
954116,0.1612136
954117,0.2736335
954118,0.23239623
954119,0.22578862
954120,0.21033666
954121,0.21153043
954122,0.20896268
954123,0.15943182
954124,0.065845065
954125,0.22473958
954126,0.21341096
954127,0.19858879
954128,0.19642651
954129,0.19007744
954130,0.3199927
954131,0.32411414
954132,0.37021416
954133,0.2760235
954134,0.2022047
954135,0.12699692
954136,0.13000461
954137,0.14428765
954138,0.128937
954139,0.29564017
954140,0.32368308
954141,0.33006433
954142,0.42293057
954143,0.4277306
954144,0.4335412
954145,0.4335412
954146,0.4335412
954147,0.4335412
954148,0.4335412
954149,0.42510232
954150,0.2902018
954151,0.24724647
954152,0.11088942
954153,0.10086569
954154,0.0966893
954155,0.096595675
954156,0.07327895
954157,0.1378634
954158,0.06398705
954159,0.20458095
954160,0.19855961
954161,0.18452694
954162,0.1743265
954163,0.17211178
954164,0.17211178
954165,0.20576933
954166,0.02117764
954167,0.09930272
954168,0.094661966
954169,0.090716526
954170,0.09062811
954171,0.089914024
954172,0.089914024
954173,0.068379685
954174,0.03073852
954175,0.04893972
954176,0.049126524
954177,0.050895456
954178,0.05094618
954179,0.05094618
954180,0.049273856
954181,0.06784953
954182,0.02311521
954183,0.050910156
954184,0.050521743
954185,0.051736906
954186,0.06029835
954187,0.07439666
954188,0.020373173
954189,0.019174578
954190,0.018981865
954191,0.020395564
954192,0.018885598
954193,0.018885598
954194,0.020395564
954195,0.021873293
954196,0.0105481
954197,0.018302767
954198,0.017374404
954199,0.016724052
954200,0.018186184
954201,0.018186184
954202,0.018186184
954203,0.017562645
954204,0.24920674
954205,0.2697679
954206,0.25238332
954207,0.24639128
954208,0.252587
954209,0.24967873
954210,0.18175422
954211,0.013221024
954212,0.020168515
954213,0.018850306
954214,0.017279103
954215,0.01920819
954216,0.03006705
954217,0.04844852
954218,0.2713771
954219,0.24289297
954220,0.23705482
954221,0.24309152
954222,0.2307069
954223,0.15594445
954224,0.24338052
954225,0.10212232
954226,0.03283121
954227,0.010018856
954228,0.017972302
954229,0.017060416
954230,0.016421622
954231,0.018186184
954232,0.018186184
954233,0.017888412
954234,0.010012266
954235,0.017239247
954236,0.016363936
954237,0.015750794
954238,0.018347055
954239,0.01744456
954240,0.018312799
954241,0.018012986
954242,0.009547767
954243,0.017239247
954244,0.016190069
954245,0.015750794
954246,0.018312799
954247,0.01744456
954248,0.01684601
954249,0.19551823
954250,0.009936058
954251,0.017744416
954252,0.016843887
954253,0.016213067
954254,0.017955638
954255,0.017955638
954256,0.017246608
954257,0.027949503
954258,0.15182078
954259,0.14346756
954260,0.13869286
954261,0.09855999
954262,0.013183322
954263,0.026910825
954264,0.026794175
954265,0.02773614
954266,0.031188594
954267,0.14050896
954268,0.14050896
954269,0.14050896
954270,0.15517424
954271,0.10942623
954272,0.08465133
954273,0.051022016
954274,0.050632793
954275,0.051755134
954276,0.051806666
954277,0.049404055
954278,0.28223148
954279,0.021955855
954280,0.15239514
954281,0.15420644
954282,0.15470101
954283,0.15291014
954284,0.15108843
954285,0.14914206
954286,0.14914206
954287,0.14914206
954288,0.09141784
954289,0.025696702
954290,0.10612113
954291,0.10119754
954292,0.09700889
954293,0.09616121
954294,0.09540811
954295,0.08794078
954296,0.06650285
954297,0.016829727
954298,0.05006263
954299,0.05025349
954300,0.051367894
954301,0.051419057
954302,0.051419057
954303,0.051419057
954304,0.058807943
954305,0.33738834
954306,0.55356187
954307,0.45157972
954308,0.45492354
954309,0.46024102
954310,0.46024102
954311,0.46024102
954312,0.46024102
954313,0.4524046
954314,0.21890695
954315,0.3977445
954316,0.2146184
954317,0.20606667
954318,0.15366794
954319,0.030276138
954320,0.14889316
954321,0.16873348
954322,0.035605412
954323,0.12386636
954324,0.11099232
954325,0.100858085
954326,0.08591622
954327,0.020075863
954328,0.079432495
954329,0.07726136
954330,0.07621974
954331,0.0760969
954332,0.0760969
954333,0.0760969
954334,0.085655265
954335,0.10362981
954336,0.03369537
954337,0.1452963
954338,0.14474282
954339,0.14521225
954340,0.13262938
954341,0.13262938
954342,0.13262938
954343,0.13262938
954344,0.13983923
954345,0.10760866
954346,0.02620703
954347,0.11345129
954348,0.10822877
954349,0.10262711
954350,0.100136206
954351,0.10033134
954352,0.09468565
954353,0.0717328
954354,0.088468395
954355,0.052236803
954356,0.051838823
954357,0.1051377
954358,0.23272301
954359,0.2492369
954360,0.23275362
954361,0.22708605
954362,0.23175454
954363,0.22901261
954364,0.16748719
954365,0.02529266
954366,0.10266747
954367,0.09788658
954368,0.09276452
954369,0.09139375
954370,0.09011766
954371,0.09011766
954372,0.06818873
954373,0.030220183
954374,0.105094895
954375,0.10448293
954376,0.3393944
954377,0.25428963
954378,0.25290847
954379,0.22947876
954380,0.22625029
954381,0.22355452
954382,0.14283918
954383,0.071599014
954384,0.23234433
954385,0.050377786
954386,0.14889689
954387,0.2670535
954388,0.11415759
954389,0.0719889
954390,0.09441773
954391,0.12010085
954392,0.3014619
954393,0.6896388
954394,0.7195308
954395,0.83857167
954396,0.8366083
954397,0.84541315
954398,0.8720826
954399,0.8857385
954400,0.89603317
954401,0.89603317
954402,0.9022528
954403,0.8928962
954404,0.89366716
954405,0.89366716
954406,0.89366716
954407,0.8916551
954408,0.89821714
954409,0.91163796
954410,0.91163796
954411,0.91163796
954412,0.91163796
954413,0.9110633
954414,0.9110633
954415,0.9110633
954416,0.9103063
954417,0.91080415
954418,0.91080415
954419,0.91080415
954420,0.91080415
954421,0.9091634
954422,0.9091634
954423,0.9091634
954424,0.9181002
954425,0.9132481
954426,0.9132481
954427,0.89825165
954428,0.89825165
954429,0.89825165
954430,0.89825165
954431,0.89825165
954432,0.8843041
954433,0.8843041
954434,0.8843041
954435,0.8843041
954436,0.8755979
954437,0.8755979
954438,0.8755979
954439,0.8755979
954440,0.87402755
954441,0.87402755
954442,0.87402755
954443,0.87402755
954444,0.87402755
954445,0.87402755
954446,0.8613583
954447,0.8616411
954448,0.8613583
954449,0.8613583
954450,0.8613583
954451,0.8613583
954452,0.8613583
954453,0.8613583
954454,0.81725806
954455,0.8176119
954456,0.8176119
954457,0.8176119
954458,0.8176119
954459,0.8176119
954460,0.8176119
954461,0.8176119
954462,0.8176119
954463,0.6985769
954464,0.22021027
954465,0.10736892
954466,0.49377337
954467,0.49863416
954468,0.52673113
954469,0.541224
954470,0.5760005
954471,0.5526793
954472,0.56404376
954473,0.56404376
954474,0.56404376
954475,0.57066554
954476,0.5404543
954477,0.53163356
954478,0.3402976
954479,0.2768676
954480,0.19410545
954481,0.08598892
954482,0.2623421
954483,0.28967676
954484,0.26199946
954485,0.03791457
954486,0.26763484
954487,0.2574788
954488,0.24521308
954489,0.2621113
954490,0.16897427
954491,0.15405081
954492,0.103952385
954493,0.107342385
954494,0.10300465
954495,0.10250372
954496,0.09004762
954497,0.13821755
954498,0.08149086
954499,0.20809415
954500,0.10014784
954501,0.090607084
954502,0.082668915
954503,0.11016344
954504,0.020967867
954505,0.0840991
954506,0.08229542
954507,0.081477426
954508,0.08053043
954509,0.081803486
954510,0.081263326
954511,0.061456963
954512,0.273013
954513,0.021666104
954514,0.08631985
954515,0.07961414
954516,0.08019056
954517,0.075963296
954518,0.0738679
954519,0.07740849
954520,0.06401237
954521,0.02539446
954522,0.09585856
954523,0.09124175
954524,0.09562734
954525,0.08533557
954526,0.0879095
954527,0.084256455
954528,0.08829875
954529,0.11219821
954530,0.021043079
954531,0.07982517
954532,0.07407891
954533,0.07361348
954534,0.07467549
954535,0.07063482
954536,0.0774075
954537,0.0720059
954538,0.021970334
954539,0.075336166
954540,0.077119686
954541,0.07540378
954542,0.07467549
954543,0.07203122
954544,0.0774075
954545,0.06440063
954546,0.041755483
954547,0.102296546
954548,0.11643141
954549,0.13230298
954550,0.11914448
954551,0.12404348
954552,0.13550918
954553,0.13573807
954554,0.1298553
954555,0.19144833
954556,0.2929803
954557,0.2555564
954558,0.07645179
954559,0.26867253
954560,0.30180296
954561,0.24218504
954562,0.23641431
954563,0.30616772
954564,0.034011766
954565,0.16968088
954566,0.1647535
954567,0.15757897
954568,0.18146652
954569,0.23269117
954570,0.12251609
954571,0.1185501
954572,0.11173793
954573,0.11077734
954574,0.10926317
954575,0.12959579
954576,0.20701686
954577,0.018254774
954578,0.1410137
954579,0.14271249
954580,0.14317644
954581,0.14149664
954582,0.13978848
954583,0.137964
954584,0.137964
954585,0.137964
954586,0.08252877
954587,0.027299734
954588,0.14479645
954589,0.13308144
954590,0.34336913
954591,0.24126557
954592,0.13783377
954593,0.12118396
954594,0.15636574
954595,0.11709067
954596,0.083227046
954597,0.08279148
954598,0.055172
954599,0.05453535
954600,0.054855675
954601,0.049205814
954602,0.03827202
954603,0.14115581
954604,0.20222913
954605,0.018080307
954606,0.05402681
954607,0.13870092
954608,0.15128738
954609,0.15430447
954610,0.13409257
954611,0.23137617
954612,0.03619882
954613,0.1376069
954614,0.029976062
954615,0.06268296
954616,0.26917067
954617,0.32968882
954618,0.6000162
954619,0.59603685
954620,0.64703774
954621,0.69858885
954622,0.70489997
954623,0.7126029
954624,0.72693205
954625,0.7272266
954626,0.72104746
954627,0.72104746
954628,0.71851116
954629,0.71851116
954630,0.717124
954631,0.71793735
954632,0.71793735
954633,0.7166824
954634,0.7166824
954635,0.7116229
954636,0.7116229
954637,0.71172786
954638,0.7153693
954639,0.7197878
954640,0.7153693
954641,0.7153693
954642,0.71307737
954643,0.712643
954644,0.712643
954645,0.71121806
954646,0.7005701
954647,0.7005701
954648,0.7005701
954649,0.7005701
954650,0.45685238
954651,0.2030948
954652,0.121625654
954653,0.11768464
954654,0.11578678
954655,0.114385426
954656,0.11296148
954657,0.11144179
954658,0.11144179
954659,0.07420998
954660,0.01936531
954661,0.121625654
954662,0.11768464
954663,0.11578678
954664,0.114385426
954665,0.11296148
954666,0.11144179
954667,0.11144179
954668,0.07420998
954669,0.08662512
954670,0.028994856
954671,0.14108226
954672,0.13043773
954673,0.1852228
954674,0.024279108
954675,0.057004847
954676,0.05634831
954677,0.049478155
954678,0.035043363
954679,0.051740333
954680,0.27125767
954681,0.14254393
954682,0.10086956
954683,0.025206566
954684,0.15638842
954685,0.1679775
954686,0.15839233
954687,0.15621875
954688,0.096617274
954689,0.023058174
954690,0.06901661
954691,0.066547975
954692,0.062609375
954693,0.044598296
954694,0.047417805
954695,0.17789069
954696,0.035364967
954697,0.19282208
954698,0.18478869
954699,0.1709924
954700,0.18528445
954701,0.14412926
954702,0.10849861
954703,0.113438986
954704,0.087435216
954705,0.03018484
954706,0.10744886
954707,0.110994905
954708,0.093401074
954709,0.04299913
954710,0.042254943
954711,0.023642156
954712,0.04344987
954713,0.04311577
954714,0.03565426
954715,0.041231744
954716,0.21783957
954717,0.087036125
954718,0.053329892
954719,0.35404837
954720,0.38322395
954721,0.4441861
954722,0.42891786
954723,0.46666545
954724,0.47415382
954725,0.49113825
954726,0.49773178
954727,0.49113825
954728,0.49516875
954729,0.49242693
954730,0.48847872
954731,0.48847872
954732,0.4753331
954733,0.47100064
954734,0.3942192
954735,0.2681148
954736,0.02419305
954737,0.080409214
954738,0.074194714
954739,0.07196287
954740,0.06341775
954741,0.06938166
954742,0.06361855
954743,0.26386803
954744,0.10770011
954745,0.10415683
954746,0.09254598
954747,0.091129385
954748,0.08694139
954749,0.069543876
954750,0.029605534
954751,0.095617935
954752,0.11080635
954753,0.100224026
954754,0.113029435
954755,0.12463347
954756,0.09585532
954757,0.12879635
954758,0.12879635
954759,0.09680145
954760,0.038829885
954761,0.12541007
954762,0.11559261
954763,0.14383416
954764,0.0422473
954765,0.10128796
954766,0.10840273
954767,0.19371621
954768,0.07647052
954769,0.044291236
954770,0.04395096
954771,0.04102062
954772,0.036574475
954773,0.014885729
954774,0.051029902
954775,0.051582467
954776,0.052359737
954777,0.3044726
954778,0.16657715
954779,0.16657715
954780,0.16657715
954781,0.13952321
954782,0.05682641
954783,0.2647337
954784,0.28247607
954785,0.2859943
954786,0.29061344
954787,0.29061344
954788,0.29061344
954789,0.29061344
954790,0.29061344
954791,0.29061344
954792,0.2284015
954793,0.28607786
954794,0.18822373
954795,0.049597632
954796,0.13455704
954797,0.12163989
954798,0.21727313
954799,0.098780274
954800,0.09549906
954801,0.09286369
954802,0.09171101
954803,0.09054047
954804,0.09054047
954805,0.09054047
954806,0.061678227
954807,0.032836776
954808,0.22280125
954809,0.20995833
954810,0.18808794
954811,0.18734337
954812,0.12509935
954813,0.24256669
954814,0.09903275
954815,0.101650804
954816,0.08103176
954817,0.105410285
954818,0.10630963
954819,0.11265605
954820,0.12116964
954821,0.12116964
954822,0.08416268
954823,0.2016713
954824,0.03254462
954825,0.11114317
954826,0.101488456
954827,0.06959499
954828,0.30147773
954829,0.113575935
954830,0.097652875
954831,0.08719304
954832,0.086422935
954833,0.06439546
954834,0.025606597
954835,0.20312919
954836,0.19977075
954837,0.17872152
954838,0.17800589
954839,0.1730347
954840,0.1730347
954841,0.11798307
954842,0.023453444
954843,0.07614551
954844,0.073554814
954845,0.06811387
954846,0.06880657
954847,0.073926836
954848,0.071037285
954849,0.061865468
954850,0.01884939
954851,0.09841116
954852,0.095140904
954853,0.08444037
954854,0.08279455
954855,0.08057449
954856,0.08057449
954857,0.12882055
954858,0.019648826
954859,0.09867513
954860,0.09406065
954861,0.08394979
954862,0.08320571
954863,0.0825448
954864,0.061703864
954865,0.025606597
954866,0.20312919
954867,0.19977075
954868,0.17872152
954869,0.17800589
954870,0.1730347
954871,0.1730347
954872,0.11798307
954873,0.025908014
954874,0.07614551
954875,0.06944078
954876,0.06811387
954877,0.06880657
954878,0.073926836
954879,0.060826875
954880,0.08754809
954881,0.48206806
954882,0.52125835
954883,0.58329344
954884,0.6119066
954885,0.71362835
954886,0.71362835
954887,0.5955101
954888,0.7071895
954889,0.64509773
954890,0.6486176
954891,0.60087085
954892,0.6468157
954893,0.5959743
954894,0.60175675
954895,0.60010237
954896,0.5521407
954897,0.5910737
954898,0.5873268
954899,0.5815849
954900,0.56685585
954901,0.30680996
954902,0.056646653
954903,0.23331198
954904,0.02983002
954905,0.08755098
954906,0.077258535
954907,0.0737883
954908,0.06280603
954909,0.028138952
954910,0.12481386
954911,0.11460093
954912,0.10253201
954913,0.10164151
954914,0.09610253
954915,0.100801535
954916,0.16440152
954917,0.10787274
954918,0.084030285
954919,0.027045151
954920,0.10162542
954921,0.084030285
954922,0.028106613
954923,0.1032224
954924,0.09378518
954925,0.08207288
954926,0.0665535
954927,0.020626763
954928,0.10262483
954929,0.0970667
954930,0.10704076
954931,0.10685018
954932,0.104574665
954933,0.104574665
954934,0.10685018
954935,0.07796237
954936,0.024392389
954937,0.1332379
954938,0.13272321
954939,0.13315974
954940,0.13292953
954941,0.13292953
954942,0.13292953
954943,0.13292953
954944,0.13292953
954945,0.092110045
954946,0.3346288
954947,0.33615276
954948,0.34265527
954949,0.35283184
954950,0.3554401
954951,0.3554401
954952,0.3554401
954953,0.3554401
954954,0.3554401
954955,0.25313273
954956,0.26065043
954957,0.17704408
954958,0.02324729
954959,0.11530049
954960,0.10913933
954961,0.10617173
954962,0.10598251
954963,0.10598251
954964,0.10598251
954965,0.10598251
954966,0.08010877
954967,0.04330886
954968,0.1622561
954969,0.15963313
954970,0.20177779
954971,0.1037673
954972,0.10507226
954973,0.1054289
954974,0.10413816
954975,0.10282696
954976,0.10282696
954977,0.10282696
954978,0.10282696
954979,0.06458809
954980,0.023269935
954981,0.107442394
954982,0.102464534
954983,0.09391423
954984,0.09309081
954985,0.09179343
954986,0.09179343
954987,0.068792485
954988,0.2355464
954989,0.022705268
954990,0.096568815
954991,0.10364262
954992,0.09612253
954993,0.094272465
954994,0.09234119
954995,0.09234119
954996,0.06620438
954997,0.039396964
954998,0.099580765
954999,0.15547208
955000,0.110629566
955001,0.5814004
955002,0.7583158
955003,0.7428634
955004,0.7602015
955005,0.7602015
955006,0.7602015
955007,0.7604721
955008,0.7604721
955009,0.7604721
955010,0.7591278
955011,0.7591278
955012,0.75659955
955013,0.75265676
955014,0.75265676
955015,0.7493613
955016,0.75153095
955017,0.73543346
955018,0.73543346
955019,0.7308078
955020,0.7292374
955021,0.7462004
955022,0.4731256
955023,0.032695595
955024,0.11643767
955025,0.08187311
955026,0.24426524
955027,0.025087286
955028,0.11420193
955029,0.10519223
955030,0.104627855
955031,0.102632664
955032,0.11710516
955033,0.2166619
955034,0.11220844
955035,0.1427445
955036,0.0494153
955037,0.11390898
955038,0.109413125
955039,0.1427445
955040,0.050465032
955041,0.25952113
955042,0.24904563
955043,0.1821671
955044,0.14732653
955045,0.11729051
955046,0.10622469
955047,0.17129816
955048,0.20443489
955049,0.09923498
955050,0.30364588
955051,0.27067405
955052,0.2164143
955053,0.026578559
955054,0.11822206
955055,0.098747596
955056,0.10203443
955057,0.09182092
955058,0.09106017
955059,0.07996726
955060,0.18856163
955061,0.029706348
955062,0.11083015
955063,0.15068692
955064,0.15783086
955065,0.12341886
955066,0.122936726
955067,0.12670496
955068,0.13120474
955069,0.13563532
955070,0.13563532
955071,0.2849816
955072,0.14637929
955073,0.14637929
955074,0.14007016
955075,0.1045681
955076,0.029234868
955077,0.24820878
955078,0.24433355
955079,0.2313767
955080,0.23130748
955081,0.22577061
955082,0.22577061
955083,0.24836719
955084,0.023832882
955085,0.11822206
955086,0.104481734
955087,0.09034614
955088,0.09877636
955089,0.0893304
955090,0.10220759
955091,0.07303835
955092,0.061903093
955093,0.2901195
955094,0.39507467
955095,0.5919713
955096,0.78951544
955097,0.62310576
955098,0.630893
955099,0.6354527
955100,0.6653154
955101,0.6980995
955102,0.8046143
955103,0.6503134
955104,0.8044966
955105,0.6501431
955106,0.64500225
955107,0.6434211
955108,0.6500485
955109,0.6505645
955110,0.6505645
955111,0.64841115
955112,0.6523951
955113,0.66478074
955114,0.7607562
955115,0.7013612
955116,0.74156
955117,0.6285677
955118,0.61993766
955119,0.6182992
955120,0.35211077
955121,0.02077204
955122,0.09502775
955123,0.10719398
955124,0.107691936
955125,0.09771561
955126,0.09508193
955127,0.088859335
955128,0.10868282
955129,0.08468577
955130,0.07700034
955131,0.025484763
955132,0.22780603
955133,0.24288723
955134,0.27478018
955135,0.29069033
955136,0.29865512
955137,0.29865512
955138,0.29865512
955139,0.30955207
955140,0.33358744
955141,0.3222555
955142,0.32032484
955143,0.2948316
955144,0.2948316
955145,0.20389822
955146,0.026839761
955147,0.12218266
955148,0.116131596
955149,0.10890603
955150,0.117927305
955151,0.121353805
955152,0.09654757
955153,0.11970692
955154,0.096264236
955155,0.03866438
955156,0.306084
955157,0.31632724
955158,0.34246838
955159,0.37690273
955160,0.37759534
955161,0.45159596
955162,0.36823058
955163,0.36823058
955164,0.36102358
955165,0.3312088
955166,0.22250015
955167,0.013026172
955168,0.060061157
955169,0.057137955
955170,0.05404115
955171,0.05402089
955172,0.05555512
955173,0.05555512
955174,0.04141989
955175,0.03309164
955176,0.124337256
955177,0.11758797
955178,0.10393558
955179,0.1016677
955180,0.09029616
955181,0.03866438
955182,0.306084
955183,0.31632724
955184,0.34246838
955185,0.37690273
955186,0.37759534
955187,0.36823058
955188,0.36823058
955189,0.36823058
955190,0.36102358
955191,0.3312088
955192,0.22250015
955193,0.0141341435
955194,0.06490327
955195,0.06345321
955196,0.0613155
955197,0.06112435
955198,0.06344001
955199,0.06344001
955200,0.05686115
955201,0.052576702
955202,0.21443364
955203,0.02809551
955204,0.086160116
955205,0.085526995
955206,0.101641744
955207,0.015771566
955208,0.07935047
955209,0.035891205
955210,0.07939822
955211,0.08182794
955212,0.08209448
955213,0.08209448
955214,0.08199429
955215,0.039126102
955216,0.061919764
955217,0.022200918
955218,0.07571221
955219,0.06546346
955220,0.05929313
955221,0.02555529
955222,0.06647232
955223,0.52186966
955224,0.45440003
955225,0.51560915
955226,0.58920336
955227,0.5987324
955228,0.5987324
955229,0.5987324
955230,0.5987324
955231,0.5987324
955232,0.5987324
955233,0.5972049
955234,0.5945635
955235,0.5900609
955236,0.5900609
955237,0.5900609
955238,0.58839124
955239,0.58839124
955240,0.44178274
955241,0.26458222
955242,0.21417432
955243,0.20794447
955244,0.19340861
955245,0.19128928
955246,0.18890835
955247,0.18890835
955248,0.13968828
955249,0.04482059
955250,0.14878385
955251,0.14776489
955252,0.14592282
955253,0.12349738
955254,0.06934484
955255,0.23545781
955256,0.2213933
955257,0.2026783
955258,0.1964728
955259,0.02088842
955260,0.049404986
955261,0.0640787
955262,0.36385706
955263,0.328662
955264,0.33509275
955265,0.3445437
955266,0.34409314
955267,0.34409314
955268,0.34409314
955269,0.34409314
955270,0.34409314
955271,0.34409314
955272,0.2522572
955273,0.06402754
955274,0.20902717
955275,0.083856545
955276,0.07922515
955277,0.07789273
955278,0.07774951
955279,0.08130915
955280,0.07774951
955281,0.07916845
955282,0.07613627
955283,0.026601132
955284,0.19374906
955285,0.18909517
955286,0.18440348
955287,0.1841035
955288,0.1841035
955289,0.1841035
955290,0.1841035
955291,0.13467868
955292,0.022586185
955293,0.12564744
955294,0.12302482
955295,0.12601902
955296,0.12579939
955297,0.12579939
955298,0.12579939
955299,0.12579939
955300,0.12830614
955301,0.12830614
955302,0.09322683
955303,0.026103005
955304,0.19064297
955305,0.18493651
955306,0.1761488
955307,0.17474341
955308,0.17252453
955309,0.20810047
955310,0.26333955
955311,0.2248557
955312,0.20975427
955313,0.1917808
955314,0.1868938
955315,0.015366345
955316,0.077102326
955317,0.07341451
955318,0.06947437
955319,0.06884895
955320,0.06786414
955321,0.06786414
955322,0.05131298
955323,0.015366345
955324,0.077102326
955325,0.07341451
955326,0.06947437
955327,0.06884895
955328,0.06786414
955329,0.06786414
955330,0.05131298
955331,0.11243699
955332,0.11148529
955333,0.11439074
955334,0.11518762
955335,0.11608435
955336,0.11608435
955337,0.11464929
955338,0.11464929
955339,0.114822075
955340,0.114822075
955341,0.16241664
955342,0.13200441
955343,0.13533641
955344,0.10432324
955345,0.02213084
955346,0.123755306
955347,0.12116671
955348,0.12200428
955349,0.13823292
955350,0.12708877
955351,0.12708877
955352,0.12708877
955353,0.13828549
955354,0.13632554
955355,0.100793235
955356,0.015987385
955357,0.05458465
955358,0.054791756
955359,0.05499394
955360,0.06316432
955361,0.06316432
955362,0.06316432
955363,0.09982964
955364,0.19423975
955365,0.13870169
955366,0.34992203
955367,0.4059103
955368,0.4681331
955369,0.5071434
955370,0.5042962
955371,0.5071434
955372,0.49931905
955373,0.5049695
955374,0.5049695
955375,0.50951916
955376,0.5091843
955377,0.5069101
955378,0.5069101
955379,0.51805997
955380,0.5163374
955381,0.5163374
955382,0.5155162
955383,0.5155162
955384,0.51019526
955385,0.2845875
955386,0.01684013
955387,0.09125754
955388,0.088201754
955389,0.08673258
955390,0.08564882
955391,0.08454844
955392,0.08454844
955393,0.08454844
955394,0.134126
955395,0.05940818
955396,0.36342937
955397,0.33003122
955398,0.2965244
955399,0.29442042
955400,0.22465174
955401,0.027927177
955402,0.44236267
955403,0.45439455
955404,0.46340021
955405,0.46410546
955406,0.55105364
955407,0.46410546
955408,0.46410546
955409,0.50797755
955410,0.46410546
955411,0.34260508
955412,0.034168504
955413,0.32379648
955414,0.29782256
955415,0.2606497
955416,0.2074824
955417,0.1423876
955418,0.12424876
955419,0.24620245
955420,0.08567044
955421,0.07882303
955422,0.061408646
955423,0.009921316
955424,0.03445938
955425,0.03373231
955426,0.033352617
955427,0.033717744
955428,0.033260286
955429,0.032485593
955430,0.032485593
955431,0.032485593
955432,0.032485593
955433,0.031812735
955434,0.022553496
955435,0.014206864
955436,0.047697723
955437,0.04670486
955438,0.045937818
955439,0.04525405
955440,0.04464731
955441,0.043619365
955442,0.043619365
955443,0.043619365
955444,0.03127297
955445,0.010658237
955446,0.034317326
955447,0.03359315
955448,0.034127284
955449,0.03361312
955450,0.033157032
955451,0.032384668
955452,0.032384668
955453,0.032384668
955454,0.032384668
955455,0.024750717
955456,0.027614724
955457,0.07662832
955458,0.07044793
955459,0.11563009
955460,0.23861322
955461,0.11534165
955462,0.09569854
955463,0.27379617
955464,0.31114644
955465,0.233188
955466,0.15110695
955467,0.10131731
955468,0.028385287
955469,0.10288058
955470,0.092744865
955471,0.08887148
955472,0.08755266
955473,0.06591999
955474,0.04308776
955475,0.28298602
955476,0.02661725
955477,0.12617216
955478,0.12742916
955479,0.12919363
955480,0.12942852
955481,0.12942852
955482,0.12942852
955483,0.12942852
955484,0.112477474
955485,0.10785138
955486,0.44415593
955487,0.4965358
955488,0.5577339
955489,0.5547385
955490,0.58908564
955491,0.56086606
955492,0.49388355
955493,0.5755478
955494,0.6653411
955495,0.5548721
955496,0.5545411
955497,0.4828751
955498,0.55202425
955499,0.56617135
955500,0.5644762
955501,0.66021514
955502,0.5636677
955503,0.6301388
955504,0.42097047
955505,0.019735215
955506,0.08212715
955507,0.085577376
955508,0.08272489
955509,0.089824475
955510,0.08229848
955511,0.08229848
955512,0.0954852
955513,0.028466653
955514,0.07532114
955515,0.067106195
955516,0.06295227
955517,0.055684883
955518,0.017704079
955519,0.06275849
955520,0.059712358
955521,0.08747171
955522,0.05870951
955523,0.051549308
955524,0.051549308
955525,0.04094796
955526,0.018631041
955527,0.055898532
955528,0.05316648
955529,0.052932784
955530,0.052282896
955531,0.052064374
955532,0.052064374
955533,0.044995017
955534,0.2772809
955535,0.12087
955536,0.09110069
955537,0.08283466
955538,0.17774104
955539,0.07716507
955540,0.096274294
955541,0.36085445
955542,0.020540347
955543,0.0637308
955544,0.060137983
955545,0.062201913
955546,0.0643633
955547,0.06671005
955548,0.06435503
955549,0.058023013
955550,0.077354155
955551,0.04725365
955552,0.117802
955553,0.015698645
955554,0.06127586
955555,0.058297206
955556,0.054964654
955557,0.054642983
955558,0.055835906
955559,0.04479302
955560,0.024523728
955561,0.086345665
955562,0.08343924
955563,0.08215677
955564,0.081333935
955565,0.08057449
955566,0.08004174
955567,0.06561653
955568,0.015698645
955569,0.06127586
955570,0.058297206
955571,0.054494333
955572,0.054642983
955573,0.05322019
955574,0.04479302
955575,0.023254782
955576,0.08373227
955577,0.080905996
955578,0.07965908
955579,0.07885911
955580,0.078120805
955581,0.07760291
955582,0.063586876
955583,0.013165586
955584,0.06127586
955585,0.058297206
955586,0.052356757
955587,0.054642983
955588,0.055835906
955589,0.055835906
955590,0.046030644
955591,0.023431059
955592,0.08373227
955593,0.080905996
955594,0.07965908
955595,0.07885911
955596,0.078120805
955597,0.063586876
955598,0.028255139
955599,0.07826712
955600,0.06519149
955601,0.063847415
955602,0.11019001
955603,0.04483816
955604,0.11026164
955605,0.13085744
955606,0.31983137
955607,0.34879762
955608,0.28954068
955609,0.041234646
955610,0.34879762
955611,0.274017
955612,0.30564559
955613,0.14997146
955614,0.19680865
955615,0.12905632
955616,0.12836985
955617,0.31986052
955618,0.2799253
955619,0.28580835
955620,0.2984918
955621,0.32097507
955622,0.2980741
955623,0.2980741
955624,0.2980741
955625,0.2980741
955626,0.32097507
955627,0.22838576
955628,0.082665674
955629,0.5279228
955630,0.4801159
955631,0.48057953
955632,0.02931858
955633,0.13069016
955634,0.13114594
955635,0.1431608
955636,0.14712484
955637,0.14712484
955638,0.12275387
955639,0.034093406
955640,0.17156649
955641,0.16733478
955642,0.16744664
955643,0.1671686
955644,0.1671686
955645,0.1671686
955646,0.1671686
955647,0.16658928
955648,0.028340897
955649,0.5191139
955650,0.55035985
955651,0.54776907
955652,0.5448693
955653,0.5448693
955654,0.661904
955655,0.5448693
955656,0.5448693
955657,0.5448693
955658,0.5360328
955659,0.5260338
955660,0.49972513
955661,0.42978683
955662,0.03945234
955663,0.053672384
955664,0.17670165
955665,0.22950551
955666,0.01492139
955667,0.051458236
955668,0.051654134
955669,0.05254435
955670,0.052596625
955671,0.052596625
955672,0.052596625
955673,0.05809521
955674,0.2425068
955675,0.11223961
955676,0.10026243
955677,0.08132291
955678,0.021474944
955679,0.10182365
955680,0.09630425
955681,0.09364896
955682,0.093479715
955683,0.093479715
955684,0.093479715
955685,0.093479715
955686,0.07469761
955687,0.07569234
955688,0.049492005
955689,0.051868137
955690,0.25158936
955691,0.13084397
955692,0.12664734
955693,0.12361382
955694,0.12256515
955695,0.12163309
955696,0.08548186
955697,0.058631137
955698,0.47573033
955699,0.32051218
955700,0.3658461
955701,0.3860359
955702,0.5727251
955703,0.3860359
955704,0.3833398
955705,0.407515
955706,0.4108181
955707,0.3963477
955708,0.39423138
955709,0.4187873
955710,0.41948217
955711,0.41340318
955712,0.257119
955713,0.015180948
955714,0.05173369
955715,0.051930573
955716,0.05282529
955717,0.05287783
955718,0.05287783
955719,0.05287783
955720,0.050659776
955721,0.052614804
955722,0.50408596
955723,0.5364457
955724,0.5686137
955725,0.5769167
955726,0.5720129
955727,0.5720129
955728,0.5720129
955729,0.5720129
955730,0.5720129
955731,0.56575096
955732,0.5523354
955733,0.53640926
955734,0.5314173
955735,0.4563847
955736,0.28831777
955737,0.07127957
955738,0.068842046
955739,0.06402659
955740,0.063091375
955741,0.062261082
955742,0.062261082
955743,0.062261082
955744,0.047026306
955745,0.06939456
955746,0.3293263
955747,0.5313385
955748,0.40142864
955749,0.41949826
955750,0.41949826
955751,0.41949826
955752,0.41949826
955753,0.46283302
955754,0.46283302
955755,0.4584975
955756,0.4563002
955757,0.45032653
955758,0.45032653
955759,0.45032653
955760,0.45032653
955761,0.27442804
955762,0.27999088
955763,0.27483988
955764,0.015958006
955765,0.05551239
955766,0.05611062
955767,0.056952026
955768,0.057424817
955769,0.057424817
955770,0.057424817
955771,0.057424817
955772,0.060856458
955773,0.016583547
955774,0.043343265
955775,0.04243699
955776,0.037605416
955777,0.037040856
955778,0.03654002
955779,0.03654002
955780,0.03654002
955781,0.03654002
955782,0.033689518
955783,0.025267657
955784,0.04339577
955785,0.13214096
955786,0.029521087
955787,0.3105309
955788,0.21857508
955789,0.015180948
955790,0.05173369
955791,0.051930573
955792,0.05282529
955793,0.05287783
955794,0.05287783
955795,0.05287783
955796,0.050659776
955797,0.016583547
955798,0.043343265
955799,0.04243699
955800,0.037605416
955801,0.037040856
955802,0.03654002
955803,0.03654002
955804,0.03654002
955805,0.03654002
955806,0.033689518
955807,0.025267657
955808,0.022691913
955809,0.051585212
955810,0.051191896
955811,0.050790697
955812,0.07497299
955813,0.015340003
955814,0.04706363
955815,0.046083316
955816,0.04107632
955817,0.04152237
955818,0.040963516
955819,0.040963516
955820,0.040963516
955821,0.040963516
955822,0.037781466
955823,0.03700311
955824,0.062240653
955825,0.53185344
955826,0.5544107
955827,0.5923274
955828,0.67129093
955829,0.6830927
955830,0.6830927
955831,0.6830927
955832,0.6830927
955833,0.6830927
955834,0.6830927
955835,0.67557824
955836,0.6652133
955837,0.659428
955838,0.65437424
955839,0.64982325
955840,0.6412005
955841,0.6412005
955842,0.3784333
955843,0.0415925
955844,0.15146469
955845,0.13885455
955846,0.13164918
955847,0.16779372
955848,0.3096847
955849,0.27324662
955850,0.21889266
955851,0.07898225
955852,0.0739727
955853,0.07219601
955854,0.069991425
955855,0.061204404
955856,0.25311592
955857,0.24648488
955858,0.22943965
955859,0.29002303
955860,0.31504065
955861,0.29608554
955862,0.22385725
955863,0.029296618
955864,0.0766117
955865,0.07868692
955866,0.037465263
955867,0.31857795
955868,0.29950306
955869,0.20971207
955870,0.32297644
955871,0.08293907
955872,0.076291755
955873,0.060838226
955874,0.01146136
955875,0.052444775
955876,0.052386027
955877,0.05180762
955878,0.052804552
955879,0.052102104
955880,0.052102104
955881,0.052102104
955882,0.052102104
955883,0.05073614
955884,0.049704686
955885,0.049550448
955886,0.03605406
955887,0.4457691
955888,0.40525115
955889,0.3787368
955890,0.36951688
955891,0.26537505
955892,0.024744095
955893,0.079228066
955894,0.07285454
955895,0.11588516
955896,0.04160958
955897,0.43197405
955898,0.4993087
955899,0.49379668
955900,0.49585703
955901,0.49585703
955902,0.49585703
955903,0.49585703
955904,0.49585703
955905,0.49585703
955906,0.486965
955907,0.478109
955908,0.38911355
955909,0.042221744
955910,0.42165294
955911,0.45804656
955912,0.45747164
955913,0.46240637
955914,0.46240637
955915,0.46240637
955916,0.46240637
955917,0.46240637
955918,0.46240637
955919,0.45834708
955920,0.40003422
955921,0.39314622
955922,0.39136434
955923,0.39136434
955924,0.2522564
955925,0.06589251
955926,0.45783693
955927,0.36427823
955928,0.6141518
955929,0.46129194
955930,0.23532517
955931,0.46129194
955932,0.46129194
955933,0.46129194
955934,0.23532517
955935,0.6423098
955936,0.3754095
955937,0.056740016
955938,0.3968845
955939,0.4293669
955940,0.4415663
955941,0.44647062
955942,0.44647062
955943,0.44647062
955944,0.44647062
955945,0.44647062
955946,0.44647062
955947,0.44693545
955948,0.4400362
955949,0.4350245
955950,0.43318832
955951,0.43318832
955952,0.4304524
955953,0.4304524
955954,0.26250723
955955,0.23191954
955956,0.21537764
955957,0.20490025
955958,0.21057759
955959,0.21731482
955960,0.21731482
955961,0.21731482
955962,0.21731482
955963,0.22637959
955964,0.22637959
955965,0.22476971
955966,0.15633158
955967,0.076660745
955968,0.295522
955969,0.38830683
955970,0.3837972
955971,0.38150227
955972,0.28985554
955973,0.37786004
955974,0.33091035
955975,0.24211392
955976,0.08859331
955977,0.053191114
955978,0.05278624
955979,0.123184755
955980,0.032712597
955981,0.11839388
955982,0.1465774
955983,0.048017588
955984,0.2870718
955985,0.29923272
955986,0.30651623
955987,0.32081926
955988,0.32081926
955989,0.32081926
955990,0.32081926
955991,0.32576397
955992,0.32576397
955993,0.32374305
955994,0.33921146
955995,0.2988512
955996,0.122724205
955997,0.035493586
955998,0.31745747
955999,0.14288458
956000,0.2630064
956001,0.12270123
956002,0.11526584
956003,0.11684646
956004,0.10422739
956005,0.016788874
956006,0.052516133
956007,0.052715834
956008,0.052910786
956009,0.052963402
956010,0.052963402
956011,0.052963402
956012,0.05074195
956013,0.03575352
956014,0.11199868
956015,0.10824089
956016,0.10858057
956017,0.10818035
956018,0.10927952
956019,0.10927952
956020,0.08756875
956021,0.03701935
956022,0.0650463
956023,0.21217053
956024,0.18366048
956025,0.18299213
956026,0.18416749
956027,0.18455441
956028,0.1828672
956029,0.18455441
956030,0.16769366
956031,0.18931866
956032,0.18931866
956033,0.1466564
956034,0.03871301
956035,0.19423516
956036,0.12693332
956037,0.12579642
956038,0.122710735
956039,0.12562585
956040,0.12562585
956041,0.13047895
956042,0.10149437
956043,0.028668335
956044,0.116746895
956045,0.11051814
956046,0.10751758
956047,0.10668771
956048,0.10668771
956049,0.10668771
956050,0.10668771
956051,0.08388535
956052,0.025404518
956053,0.09681513
956054,0.093592376
956055,0.09318538
956056,0.088859625
956057,0.08783714
956058,0.08783714
956059,0.07089058
956060,0.016597716
956061,0.069570154
956062,0.06621675
956063,0.06263681
956064,0.061680954
956065,0.060791977
956066,0.047958028
956067,0.030673843
956068,0.11633784
956069,0.119352646
956070,0.12653023
956071,0.119057305
956072,0.118218966
956073,0.118218966
956074,0.117640324
956075,0.11022862
956076,0.09191817
956077,0.09477711
956078,0.016231218
956079,0.069570154
956080,0.06621675
956081,0.06263681
956082,0.061680954
956083,0.060791977
956084,0.060791977
956085,0.047958028
956086,0.020524649
956087,0.08093975
956088,0.07202982
956089,0.07699102
956090,0.06991545
956091,0.06953424
956092,0.060594056
956093,0.01483484
956094,0.04128048
956095,0.04143932
956096,0.04167615
956097,0.041417513
956098,0.041534718
956099,0.03472601
956100,0.016920257
956101,0.06608185
956102,0.06288523
956103,0.05880175
956104,0.057217155
956105,0.058462806
956106,0.06833223
956107,0.28936803
956108,0.022991054
956109,0.081473015
956110,0.0792509
956111,0.08713043
956112,0.079513565
956113,0.10731305
956114,0.0878888
956115,0.080076255
956116,0.07778631
956117,0.03662701
956118,0.017368713
956119,0.07601723
956120,0.07343054
956121,0.07228977
956122,0.07036941
956123,0.08046212
956124,0.07310966
956125,0.059309095
956126,0.14941989
956127,0.07460256
956128,0.06760953
956129,0.06398369
956130,0.0622687
956131,0.051192917
956132,0.02504717
956133,0.09211756
956134,0.08177301
956135,0.08879669
956136,0.088803336
956137,0.08903165
956138,0.08844836
956139,0.09037325
956140,0.05341695
956141,0.29470834
956142,0.026820084
956143,0.076993264
956144,0.069186635
956145,0.07811809
956146,0.019926624
956147,0.08663233
956148,0.0724593
956149,0.07368717
956150,0.074071765
956151,0.07320909
956152,0.059095807
956153,0.17519332
956154,0.12795472
956155,0.124234684
956156,0.026079616
956157,0.09056146
956158,0.08041362
956159,0.08381961
956160,0.08194811
956161,0.073034145
956162,0.042132217
956163,0.12917577
956164,0.13089049
956165,0.12787351
956166,0.15127334
956167,0.11985712
956168,0.2565431
956169,0.055009738
956170,0.11954799
956171,0.031163542
956172,0.093313105
956173,0.08820185
956174,0.10703923
956175,0.30393076
956176,0.22666703
956177,0.22017561
956178,0.21014516
956179,0.2099672
956180,0.20741345
956181,0.15699117
956182,0.2988889
956183,0.21784733
956184,0.19305652
956185,0.045701075
956186,0.24455066
956187,0.22709589
956188,0.18779826
956189,0.449974
956190,0.46334615
956191,0.45286095
956192,0.4428592
956193,0.4597176
956194,0.28010896
956195,0.24257033
956196,0.11009178
956197,0.11845289
956198,0.068179384
956199,0.44826427
956200,0.43784192
956201,0.39900956
956202,0.17931427
956203,0.11662372
956204,0.40666845
956205,0.50476915
956206,0.6028482
956207,0.6271317
956208,0.6575982
956209,0.67222935
956210,0.6753924
956211,0.6753924
956212,0.6753924
956213,0.67661047
956214,0.67661047
956215,0.6735884
956216,0.6735884
956217,0.6735884
956218,0.66970176
956219,0.66970176
956220,0.65633404
956221,0.65283394
956222,0.65015405
956223,0.6363295
956224,0.62805766
956225,0.62805766
956226,0.62805766
956227,0.62049025
956228,0.37124252
956229,0.017764898
956230,0.14003089
956231,0.13490842
956232,0.12542102
956233,0.12233897
956234,0.11808666
956235,0.07790963
956236,0.041212067
956237,0.18015361
956238,0.21208026
956239,0.07900014
956240,0.052365888
956241,0.022825655
956242,0.049674064
956243,0.04929459
956244,0.04956891
956245,0.045557454
956246,0.26734015
956247,0.023269083
956248,0.049162075
956249,0.049493555
956250,0.45098835
956251,0.47767416
956252,0.50435
956253,0.5162896
956254,0.52475786
956255,0.52475786
956256,0.52475786
956257,0.52475786
956258,0.52475786
956259,0.52475786
956260,0.508569
956261,0.49496385
956262,0.47892234
956263,0.42854354
956264,0.25478014
956265,0.09971158
956266,0.11438896
956267,0.10972096
956268,0.08533129
956269,0.064539365
956270,0.032731235
956271,0.045262806
956272,0.1570754
956273,0.14531614
956274,0.14385884
956275,0.14361323
956276,0.14604376
956277,0.15267432
956278,0.16245665
956279,0.22994934
956280,0.16351421
956281,0.10959368
956282,0.3504042
956283,0.40263203
956284,0.4354982
956285,0.45300198
956286,0.47528312
956287,0.47528312
956288,0.47528312
956289,0.47528312
956290,0.47528312
956291,0.47528312
956292,0.45803186
956293,0.3105349
956294,0.018828897
956295,0.09175426
956296,0.09975042
956297,0.07942957
956298,0.100093976
956299,0.08091444
956300,0.08091444
956301,0.061345275
956302,0.03891803
956303,0.5084547
956304,0.571327
956305,0.5990834
956306,0.6254375
956307,0.6254375
956308,0.56342304
956309,0.56342304
956310,0.56342304
956311,0.56342304
956312,0.5666351
956313,0.5507394
956314,0.5865044
956315,0.5309214
956316,0.3295122
956317,0.14747882
956318,0.05273624
956319,0.054155104
956320,0.048315514
956321,0.04924873
956322,0.04924873
956323,0.04924873
956324,0.04924873
956325,0.04924873
956326,0.04924873
956327,0.04687665
956328,0.04605774
956329,0.052847356
956330,0.035552066
956331,0.04584975
956332,0.22364159
956333,0.23399734
956334,0.2402373
956335,0.2525741
956336,0.25042996
956337,0.2525741
956338,0.2525741
956339,0.25826278
956340,0.25826278
956341,0.2767817
956342,0.2548165
956343,0.18305713
956344,0.03013252
956345,0.27697313
956346,0.2585456
956347,0.26435786
956348,0.26490974
956349,0.26490974
956350,0.27433732
956351,0.3146544
956352,0.27059707
956353,0.18453442
956354,0.14941652
956355,0.028986562
956356,0.065720014
956357,0.06345964
956358,0.05777212
956359,0.08960917
956360,0.087223746
956361,0.087223746
956362,0.060575448
956363,0.020399433
956364,0.08704973
956365,0.08292889
956366,0.07942957
956367,0.07872211
956368,0.07809378
956369,0.059206214
956370,0.04271306
956371,0.22671865
956372,0.18884614
956373,0.20202422
956374,0.21538526
956375,0.061061762
956376,0.05840904
956377,0.29709733
956378,0.2175114
956379,0.16492073
956380,0.22369626
956381,0.10302723
956382,0.3943084
956383,0.45864362
956384,0.3783466
956385,0.42672354
956386,0.4479
956387,0.6224848
956388,0.6224848
956389,0.4479
956390,0.4747488
956391,0.48319113
956392,0.56041193
956393,0.46270967
956394,0.4454979
956395,0.4565686
956396,0.4454979
956397,0.2936625
956398,0.25252935
956399,0.082638435
956400,0.077416494
956401,0.07569408
956402,0.08639049
956403,0.041365087
956404,0.2175114
956405,0.2118189
956406,0.02874781
956407,0.14225361
956408,0.14396483
956409,0.14493398
956410,0.14323702
956411,0.14151129
956412,0.14151129
956413,0.14151129
956414,0.14151129
956415,0.14151129
956416,0.09721522
956417,0.035228092
956418,0.19509734
956419,0.29480413
956420,0.16834237
956421,0.14937821
956422,0.16806315
956423,0.296021
956424,0.16806315
956425,0.18758902
956426,0.30229247
956427,0.22426124
956428,0.2807865
956429,0.22651075
956430,0.21194214
956431,0.20183305
956432,0.17534386
956433,0.031437915
956434,0.17320032
956435,0.17520778
956436,0.17716624
956437,0.17789398
956438,0.1758364
956439,0.1758364
956440,0.1758364
956441,0.1758364
956442,0.1758364
956443,0.17450488
956444,0.11296824
956445,0.09641883
956446,0.35284936
956447,0.4738107
956448,0.39847845
956449,0.41450778
956450,0.41450778
956451,0.38291448
956452,0.5899858
956453,0.44311067
956454,0.44311067
956455,0.438809
956456,0.43662992
956457,0.4049194
956458,0.42400774
956459,0.4386873
956460,0.17199205
956461,0.11158043
956462,0.03165444
956463,0.11544827
956464,0.14268664
956465,0.043315444
956466,0.10365743
956467,0.09724804
956468,0.09115478
956469,0.38857365
956470,0.38535085
956471,0.38352582
956472,0.37784588
956473,0.37737688
956474,0.3094853
956475,0.37737688
956476,0.3621669
956477,0.34790987
956478,0.17667195
956479,0.08598792
956480,0.05281041
956481,0.052408293
956482,0.051998064
956483,0.0464024
956484,0.03953944
956485,0.38535085
956486,0.38352582
956487,0.19747007
956488,0.37737688
956489,0.37737688
956490,0.38692582
956491,0.3621669
956492,0.27347448
956493,0.019032707
956494,0.049627174
956495,0.04924804
956496,0.049430825
956497,0.049166832
956498,0.041702658
956499,0.061116375
956500,0.3864421
956501,0.3764153
956502,0.38867497
956503,0.31617498
956504,0.016112864
956505,0.047555678
956506,0.047737468
956507,0.04791494
956508,0.047658637
956509,0.047658637
956510,0.040994715
956511,0.016290812
956512,0.04835619
956513,0.119398855
956514,0.11786143
956515,0.11727705
956516,0.11727705
956517,0.11727705
956518,0.10412647
956519,0.23504923
956520,0.123644665
956521,0.11148895
956522,0.10373005
956523,0.08309994
956524,0.1480566
956525,0.021323847
956526,0.10596697
956527,0.10104968
956528,0.095779695
956529,0.094369
956530,0.10554373
956531,0.090656504
956532,0.07614257
956533,0.21767306
956534,0.02442163
956535,0.11249019
956536,0.10687363
956537,0.105990574
956538,0.106750555
956539,0.10544354
956540,0.104812056
956541,0.15365037
956542,0.07894006
956543,0.03803669
956544,0.123872146
956545,0.116868116
956546,0.12159326
956547,0.034465116
956548,0.124199584
956549,0.11289422
956550,0.1340121
956551,0.40226284
956552,0.17535906
956553,0.117120124
956554,0.116288416
956555,0.098988496
956556,0.14083864
956557,0.09062701
956558,0.12963483
956559,0.035475906
956560,0.15787217
956561,0.16507089
956562,0.16559349
956563,0.16872755
956564,0.16914147
956565,0.16914147
956566,0.16914147
956567,0.16914147
956568,0.14295956
956569,0.034804422
956570,0.115162246
956571,0.114342645
956572,0.11165812
956573,0.10965986
956574,0.091941275
956575,0.04088071
956576,0.11568543
956577,0.114862576
956578,0.13965283
956579,0.23694727
956580,0.11719319
956581,0.11051914
956582,0.10278556
956583,0.027743006
956584,0.104644835
956585,0.10119063
956586,0.10338912
956587,0.10521121
956588,0.110953085
956589,0.11310033
956590,0.11580397
956591,0.3219357
956592,0.27977797
956593,0.2661319
956594,0.25992694
956595,0.2706981
956596,0.267656
956597,0.267656
956598,0.20030229
956599,0.052050658
956600,0.11737404
956601,0.04935343
956602,0.2619701
956603,0.24889247
956604,0.24295637
956605,0.25326493
956606,0.2503515
956607,0.2503515
956608,0.18748075
956609,0.27190962
956610,0.12570855
956611,0.11587069
956612,0.108445294
956613,0.1116087
956614,0.080482356
956615,0.2935431
956616,0.30301297
956617,0.35268313
956618,0.25962338
956619,0.2611336
956620,0.26074874
956621,0.28020793
956622,0.26570973
956623,0.25647393
956624,0.28020793
956625,0.26570973
956626,0.1825514
956627,0.45711312
956628,0.44753715
956629,0.4592912
956630,0.45832464
956631,0.45322847
956632,0.4699075
956633,0.34105662
956634,0.45322847
956635,0.45322847
956636,0.6187025
956637,0.44918254
956638,0.40895557
956639,0.028976075
956640,0.17951925
956641,0.17886268
956642,0.17941956
956643,0.17912592
956644,0.17912592
956645,0.17912592
956646,0.17912592
956647,0.17912592
956648,0.20767985
956649,0.110313505
956650,0.5217036
956651,0.5584914
956652,0.5675557
956653,0.5646821
956654,0.5646821
956655,0.5646821
956656,0.5646821
956657,0.5646821
956658,0.5646821
956659,0.6691619
956660,0.5401408
956661,0.55315596
956662,0.5586985
956663,0.63665074
956664,0.4026734
956665,0.21522124
956666,0.12057895
956667,0.111091524
956668,0.10393639
956669,0.15159543
956670,0.080288395
956671,0.4551061
956672,0.4553098
956673,0.4505953
956674,0.44819143
956675,0.44417787
956676,0.411056
956677,0.084860414
956678,0.04956669
956679,0.049187973
956680,0.050037943
956681,0.050087854
956682,0.044291545
956683,0.01578291
956684,0.0733045
956685,0.07529922
956686,0.075563334
956687,0.076178156
956688,0.076178156
956689,0.076178156
956690,0.076178156
956691,0.07948402
956692,0.07051799
956693,0.015027849
956694,0.04844331
956695,0.04862831
956696,0.04946911
956697,0.04951848
956698,0.04951848
956699,0.044412285
956700,0.024608212
956701,0.052419044
956702,0.052236877
956703,0.28403157
956704,0.18665472
956705,0.025123967
956706,0.052857395
956707,0.05245492
956708,0.057113793
956709,0.041986916
956710,0.22923267
956711,0.21453753
956712,0.20433678
956713,0.21353021
956714,0.10276614
956715,0.03171025
956716,0.027992213
956717,0.039411277
956718,0.082347706
956719,0.049098797
956720,0.049286176
956721,0.04946911
956722,0.04951848
956723,0.04951848
956724,0.044412285
956725,0.0441773
956726,0.115088105
956727,0.11785185
956728,0.1288294
956729,0.13146801
956730,0.11002074
956731,0.24674784
956732,0.21501885
956733,0.03041607
956734,0.11656578
956735,0.119360335
956736,0.13045754
956737,0.11565277
956738,0.13075767
956739,0.5614431
956740,0.63819784
956741,0.7372096
956742,0.7875955
956743,0.79636985
956744,0.8076499
956745,0.8098757
956746,0.7899587
956747,0.81320167
956748,0.8147112
956749,0.79296315
956750,0.79183656
956751,0.79887617
956752,0.79887617
956753,0.79787993
956754,0.79787993
956755,0.79392785
956756,0.79392785
956757,0.7940115
956758,0.7910385
956759,0.78986025
956760,0.78986025
956761,0.78986025
956762,0.784455
956763,0.78409594
956764,0.78409594
956765,0.7829174
956766,0.7770559
956767,0.7770559
956768,0.7770559
956769,0.7770559
956770,0.60990626
956771,0.13139203
956772,0.24442497
956773,0.11699975
956774,0.106897414
956775,0.09998204
956776,0.07062381
956777,0.25807598
956778,0.0288243
956779,0.11511375
956780,0.08354349
956781,0.47479534
956782,0.5607722
956783,0.6734739
956784,0.72414005
956785,0.7445125
956786,0.7445125
956787,0.7445125
956788,0.74479485
956789,0.74479485
956790,0.74479485
956791,0.7456219
956792,0.7484965
956793,0.7458939
956794,0.741496
956795,0.741496
956796,0.73892474
956797,0.73892474
956798,0.72463006
956799,0.72463006
956800,0.7198873
956801,0.707579
956802,0.706105
956803,0.7127987
956804,0.44925514
956805,0.33017248
956806,0.26936033
956807,0.26245335
956808,0.24376339
956809,0.1777734
956810,0.0288243
956811,0.11511375
956812,0.08354349
956813,0.45659056
956814,0.40165123
956815,0.3817083
956816,0.37722805
956817,0.37494853
956818,0.33747423
956819,0.07600732
956820,0.5577394
956821,0.66647613
956822,0.7085626
956823,0.72096103
956824,0.72096103
956825,0.72096103
956826,0.72125965
956827,0.74500334
956828,0.74500334
956829,0.7525236
956830,0.752274
956831,0.75023144
956832,0.74588287
956833,0.74588287
956834,0.7194112
956835,0.7194112
956836,0.69879407
956837,0.6689804
956838,0.66372406
956839,0.41277075
956840,0.07019361
956841,0.26564884
956842,0.24046163
956843,0.24028856
956844,0.25739294
956845,0.07236853
956846,0.091851324
956847,0.50555265
956848,0.556128
956849,0.55086696
956850,0.5529053
956851,0.5529053
956852,0.5529053
956853,0.5692694
956854,0.5529053
956855,0.5692694
956856,0.54886276
956857,0.54666954
956858,0.54132074
956859,0.5394643
956860,0.5394643
956861,0.5394643
956862,0.38514355
956863,0.043670364
956864,0.26759273
956865,0.25507653
956866,0.24984685
956867,0.2489327
956868,0.20190242
956869,0.05877228
956870,0.41168538
956871,0.43952137
956872,0.43856266
956873,0.4405931
956874,0.4405931
956875,0.4405931
956876,0.4405931
956877,0.4405931
956878,0.4405931
956879,0.43656987
956880,0.43439335
956881,0.36400378
956882,0.04434252
956883,0.22469951
956884,0.19184376
956885,0.1330063
956886,0.074287094
956887,0.38832077
956888,0.389503
956889,0.3849882
956890,0.38269058
956891,0.37904394
956892,0.37904394
956893,0.3329535
956894,0.022748202
956895,0.10450619
956896,0.101056084
956897,0.09828403
956898,0.09707127
956899,0.09583953
956900,0.09583953
956901,0.09583953
956902,0.06351001
956903,0.060156588
956904,0.43918067
956905,0.47075483
956906,0.46978512
956907,0.47183865
956908,0.47183865
956909,0.47183865
956910,0.47183865
956911,0.47183865
956912,0.47183865
956913,0.46776867
956914,0.46556512
956915,0.4576792
956916,0.402951
956917,0.025552608
956918,0.13551284
956919,0.13715595
956920,0.13808666
956921,0.13645707
956922,0.13480018
956923,0.13480018
956924,0.13480018
956925,0.13480018
956926,0.13480018
956927,0.089558356
956928,0.24984084
956929,0.17796217
956930,0.23679376
956931,0.14317994
956932,0.12186682
956933,0.13346863
956934,0.13395277
956935,0.09266783
956936,0.095452115
956937,0.052129626
956938,0.17801133
956939,0.036875892
956940,0.10144811
956941,0.09205894
956942,0.09308694
956943,0.0918851
956944,0.096193485
956945,0.15585798
956946,0.13906021
956947,0.14336805
956948,0.14531648
956949,0.14729366
956950,0.14729366
956951,0.14729366
956952,0.14729366
956953,0.13774541
956954,0.025867509
956955,0.09937368
956956,0.10180347
956957,0.11147506
956958,0.09906573
956959,0.24588105
956960,0.15248959
956961,0.114553854
956962,0.55592513
956963,0.6178078
956964,0.71605504
956965,0.7220948
956966,0.73010236
956967,0.7177551
956968,0.72171503
956969,0.72171503
956970,0.72171503
956971,0.7228306
956972,0.7228306
956973,0.72063535
956974,0.72063535
956975,0.71521527
956976,0.71161205
956977,0.71161205
956978,0.70082664
956979,0.69757086
956980,0.695075
956981,0.6875066
956982,0.6859764
956983,0.6934014
956984,0.6934014
956985,0.6864998
956986,0.6860429
956987,0.41041178
956988,0.17056403
956989,0.07538493
956990,0.06143751
956991,0.060470898
956992,0.050183333
956993,0.06976305
956994,0.07030014
956995,0.05691103
956996,0.2308868
956997,0.02907598
956998,0.08114342
956999,0.07839711
957000,0.0771856
957001,0.07661163
957002,0.0774724
957003,0.07416456
957004,0.07783772
957005,0.033787046
957006,0.1809675
957007,0.19751617
957008,0.19716087
957009,0.02995264
957010,0.08559557
957011,0.082712136
957012,0.083616585
957013,0.0829991
957014,0.081091106
957015,0.07876566
957016,0.028772045
957017,0.08179375
957018,0.079027325
957019,0.07989499
957020,0.0793026
957021,0.0774724
957022,0.07416456
957023,0.07783772
957024,0.046261072
957025,0.108777426
957026,0.10126698
957027,0.09593889
957028,0.12163137
957029,0.13285457
957030,0.0970682
957031,0.10154739
957032,0.098978326
957033,0.109539576
957034,0.21949674
957035,0.11610715
957036,0.13955331
957037,0.14916459
957038,0.030297447
957039,0.11944942
957040,0.12481857
957041,0.12048072
957042,0.18840969
957043,0.08618302
957044,0.07929192
957045,0.037923478
957046,0.071611054
957047,0.029840674
957048,0.047999322
957049,0.04763198
957050,0.048456434
957051,0.048504848
957052,0.041006263
957053,0.26257646
957054,0.010300057
957055,0.035877217
957056,0.033867
957057,0.031132415
957058,0.0311325
957059,0.035460245
957060,0.03301405
957061,0.027953
957062,0.017543739
957063,0.047282655
957064,0.046920523
957065,0.04773328
957066,0.047781013
957067,0.040389575
957068,0.4522406
957069,0.03963331
957070,0.18463726
957071,0.023099322
957072,0.15836363
957073,0.1746301
957074,0.17879632
957075,0.20326369
957076,0.21721472
957077,0.21721472
957078,0.23375706
957079,0.23375706
957080,0.28210387
957081,0.2497904
957082,0.23650806
957083,0.2363044
957084,0.16063239
957085,0.036504347
957086,0.011513782
957087,0.041207988
957088,0.039186813
957089,0.039055362
957090,0.039758716
957091,0.041702803
957092,0.041702803
957093,0.046393666
957094,0.035404656
957095,0.010300057
957096,0.035877217
957097,0.03719526
957098,0.030806536
957099,0.031461716
957100,0.03301405
957101,0.034629893
957102,0.042170595
957103,0.2817273
957104,0.12820981
957105,0.01299158
957106,0.05417434
957107,0.05567978
957108,0.055879235
957109,0.05686765
957110,0.057016615
957111,0.057016615
957112,0.061617453
957113,0.061617453
957114,0.04500358
957115,0.26302972
957116,0.117754534
957117,0.107594945
957118,0.10063952
957119,0.07358354
957120,0.013558387
957121,0.05643515
957122,0.057999566
957123,0.058206815
957124,0.05923382
957125,0.059388585
957126,0.059388585
957127,0.06416781
957128,0.06416781
957129,0.046900652
957130,0.019227661
957131,0.11515222
957132,0.11658179
957133,0.11697241
957134,0.1155586
957135,0.11412193
957136,0.11258855
957137,0.11258855
957138,0.11258855
957139,0.068082124
957140,0.25710022
957141,0.20545477
957142,0.25632372
957143,0.24748217
957144,0.24657391
957145,0.24148518
957146,0.16840877
957147,0.020573517
957148,0.13400637
957149,0.14506671
957150,0.1493977
957151,0.15984681
957152,0.16859792
957153,0.16021961
957154,0.17338273
957155,0.17338273
957156,0.17705841
957157,0.17571962
957158,0.17558601
957159,0.112442814
957160,0.02872651
957161,0.12132609
957162,0.11089706
957163,0.10375299
957164,0.13167472
957165,0.058689587
957166,0.55692226
957167,0.5976583
957168,0.62482935
957169,0.63404113
957170,0.63404113
957171,0.63404113
957172,0.63404113
957173,0.63404113
957174,0.63404113
957175,0.6267491
957176,0.61841524
957177,0.6091819
957178,0.6036749
957179,0.43104327
957180,0.09275531
957181,0.33779263
957182,0.42258176
957183,0.586816
957184,0.6174102
957185,0.6618787
957186,0.6919045
957187,0.7165822
957188,0.7165822
957189,0.7165822
957190,0.7202645
957191,0.7156127
957192,0.7028778
957193,0.7154603
957194,0.73121536
957195,0.7241766
957196,0.7241766
957197,0.7212985
957198,0.7212985
957199,0.72550017
957200,0.7204121
957201,0.71897703
957202,0.71897703
957203,0.7115358
957204,0.6944809
957205,0.6940304
957206,0.68858945
957207,0.68709755
957208,0.46876878
957209,0.029340988
957210,0.2588252
957211,0.2548404
957212,0.24603313
957213,0.24512841
957214,0.24006003
957215,0.24006003
957216,0.22024895
957217,0.06314271
957218,0.07835179
957219,0.07169602
957220,0.070938826
957221,0.11440345
957222,0.10555244
957223,0.10509945
957224,0.10612543
957225,0.08862489
957226,0.22948477
957227,0.27341074
957228,0.25891572
957229,0.24601974
957230,0.21517773
957231,0.14542301
957232,0.17703082
957233,0.19966555
957234,0.10971464
957235,0.106112994
957236,0.105657876
957237,0.10668866
957238,0.10955655
957239,0.08735586
957240,0.03898081
957241,0.25420532
957242,0.17493823
957243,0.07264687
957244,0.11260718
957245,0.103878744
957246,0.1034321
957247,0.10382034
957248,0.08364103
957249,0.11574554
957250,0.10264989
957251,0.1051504
957252,0.11509935
957253,0.09821075
957254,0.23148298
957255,0.11305348
957256,0.10412362
957257,0.09926709
957258,0.097363
957259,0.06640319
957260,0.033618726
957261,0.28790742
957262,0.29798314
957263,0.30026656
957264,0.3214045
957265,0.32071638
957266,0.2994591
957267,0.25587606
957268,0.26889357
957269,0.17254828
957270,0.06435842
957271,0.105271
957272,0.101798534
957273,0.10135982
957274,0.10174118
957275,0.10449162
957276,0.10449162
957277,0.082982175
957278,0.02918891
957279,0.10165028
957280,0.047029916
957281,0.045113288
957282,0.21447417
957283,0.22411954
957284,0.22833951
957285,0.23078561
957286,0.23078561
957287,0.23078561
957288,0.23078561
957289,0.23078561
957290,0.23078561
957291,0.22915366
957292,0.22156592
957293,0.2166413
957294,0.2153755
957295,0.2153755
957296,0.124555565
957297,0.01677763
957298,0.119536534
957299,0.110912666
957300,0.10790267
957301,0.1381336
957302,0.12336899
957303,0.105733596
957304,0.111751765
957305,0.07565677
957306,0.11913727
957307,0.024874682
957308,0.11471067
957309,0.049397632
957310,0.26799056
957311,0.28629857
957312,0.30006936
957313,0.08944992
957314,0.38630888
957315,0.41228423
957316,0.4446229
957317,0.45670483
957318,0.45670483
957319,0.45670483
957320,0.46027786
957321,0.46027786
957322,0.46027786
957323,0.46480298
957324,0.46446964
957325,0.4617519
957326,0.4617519
957327,0.4617519
957328,0.44969943
957329,0.4383688
957330,0.41500446
957331,0.4045247
957332,0.3713513
957333,0.3539798
957334,0.23080805
957335,0.19594744
957336,0.016390074
957337,0.106315784
957338,0.12968405
957339,0.10518605
957340,0.10512021
957341,0.09720706
957342,0.07292078
957343,0.09347026
957344,0.090840876
957345,0.4922393
957346,0.5221407
957347,0.59964347
957348,0.6138429
957349,0.6138429
957350,0.62031907
957351,0.61292017
957352,0.61292017
957353,0.61292017
957354,0.61722976
957355,0.61722976
957356,0.61635303
957357,0.61635303
957358,0.61635303
957359,0.6147205
957360,0.6147205
957361,0.60391206
957362,0.60020334
957363,0.60032606
957364,0.5862929
957365,0.5845666
957366,0.5845666
957367,0.5845666
957368,0.34912598
957369,0.017278997
957370,0.13836768
957371,0.10813121
957372,0.11760415
957373,0.11153704
957374,0.10030928
957375,0.10030928
957376,0.09593738
957377,0.083341904
957378,0.016081026
957379,0.09669786
957380,0.09755072
957381,0.09081706
957382,0.094465934
957383,0.08702849
957384,0.08702849
957385,0.06588136
957386,0.21523419
957387,0.013479158
957388,0.12589635
957389,0.10315191
957390,0.09139339
957391,0.08940616
957392,0.09288614
957393,0.14211401
957394,0.07505683
957395,0.015947757
957396,0.105447724
957397,0.10417816
957398,0.11170963
957399,0.11862456
957400,0.10093917
957401,0.111519486
957402,0.12274898
957403,0.09647675
957404,0.43391
957405,0.42081285
957406,0.4722191
957407,0.5280018
957408,0.5511092
957409,0.56006634
957410,0.5582884
957411,0.5642768
957412,0.5642768
957413,0.5642768
957414,0.5647392
957415,0.5644098
957416,0.5605217
957417,0.5605217
957418,0.54751253
957419,0.54580295
957420,0.54580295
957421,0.5369042
957422,0.31169662
957423,0.112786815
957424,0.017939065
957425,0.1455892
957426,0.15174569
957427,0.15315299
957428,0.1587189
957429,0.16029452
957430,0.16029452
957431,0.15375502
957432,0.15375502
957433,0.105162084
957434,0.028545903
957435,0.09117493
957436,0.08392134
957437,0.07390056
957438,0.0169609
957439,0.048149597
957440,0.0475899
957441,0.048524603
957442,0.047595665
957443,0.1079833
957444,0.017939065
957445,0.1455892
957446,0.15174569
957447,0.15315299
957448,0.1587189
957449,0.16029452
957450,0.16029452
957451,0.15375502
957452,0.16158447
957453,0.105162084
957454,0.019379875
957455,0.07676376
957456,0.074153684
957457,0.07249858
957458,0.07057309
957459,0.07032154
957460,0.06985143
957461,0.057372972
957462,0.057785887
957463,0.14556883
957464,0.01791706
957465,0.14543378
957466,0.15158486
957467,0.15299092
957468,0.15855205
957469,0.1682157
957470,0.1682157
957471,0.15359245
957472,0.15359245
957473,0.105044514
957474,0.01950306
957475,0.072165474
957476,0.06969994
957477,0.06813694
957478,0.06747372
957479,0.067232415
957480,0.06861368
957481,0.057723444
957482,0.2030758
957483,0.020506449
957484,0.21650511
957485,0.21144104
957486,0.21343425
957487,0.22062019
957488,0.22264767
957489,0.22264767
957490,0.21421331
957491,0.21421331
957492,0.21421331
957493,0.14945851
957494,0.023681752
957495,0.0947058
957496,0.09722179
957497,0.09755467
957498,0.09920278
957499,0.10024628
957500,0.102231465
957501,0.105746515
957502,0.105746515
957503,0.07910204
957504,0.01611012
957505,0.12091156
957506,0.119480714
957507,0.11626865
957508,0.120685086
957509,0.119929776
957510,0.119929776
957511,0.11481197
957512,0.08440418
957513,0.020637777
957514,0.07515913
957515,0.07309551
957516,0.07240085
957517,0.0736587
957518,0.072996594
957519,0.07448683
957520,0.077129886
957521,0.062170647
957522,0.01611012
957523,0.12091156
957524,0.119480714
957525,0.11626865
957526,0.120685086
957527,0.119929776
957528,0.119929776
957529,0.11481197
957530,0.08440418
957531,0.09772963
957532,0.015885573
957533,0.11711692
957534,0.11572506
957535,0.11260097
957536,0.11689663
957537,0.11470538
957538,0.11470538
957539,0.10978264
957540,0.0818102
957541,0.16042452
957542,0.69466263
957543,0.71554744
957544,0.778149
957545,0.7960293
957546,0.7632517
957547,0.7805773
957548,0.7849529
957549,0.80731744
957550,0.80731744
957551,0.82364285
957552,0.82364285
957553,0.82524174
957554,0.82298064
957555,0.82298064
957556,0.8361843
957557,0.8379176
957558,0.844041
957559,0.8639266
957560,0.8639266
957561,0.86657286
957562,0.86354905
957563,0.871556
957564,0.8728467
957565,0.87181014
957566,0.8724918
957567,0.8680417
957568,0.8680417
957569,0.8680417
957570,0.8707963
957571,0.8707963
957572,0.87046
957573,0.87046
957574,0.8628638
957575,0.8628638
957576,0.80452144
957577,0.80452144
957578,0.7896447
957579,0.7896447
957580,0.7896447
957581,0.7719341
957582,0.7719341
957583,0.7719341
957584,0.7719341
957585,0.7688234
957586,0.7688234
957587,0.7688234
957588,0.7688234
957589,0.77693874
957590,0.77693874
957591,0.77693874
957592,0.77693874
957593,0.77693874
957594,0.77693874
957595,0.7826239
957596,0.7826239
957597,0.7826239
957598,0.7826239
957599,0.7826239
957600,0.7826239
957601,0.7826239
957602,0.5962783
957603,0.17455819
957604,0.20218977
957605,0.71125793
957606,0.73556626
957607,0.81434065
957608,0.8146036
957609,0.81150746
957610,0.83076197
957611,0.8462857
957612,0.86338186
957613,0.86338186
957614,0.8480885
957615,0.8786038
957616,0.8794757
957617,0.8842045
957618,0.8842045
957619,0.88779604
957620,0.8921664
957621,0.8999341
957622,0.91445005
957623,0.91445005
957624,0.9162091
957625,0.91419876
957626,0.91328585
957627,0.9141985
957628,0.9193666
957629,0.91981864
957630,0.91981864
957631,0.91981864
957632,0.91981864
957633,0.9215901
957634,0.9215901
957635,0.92137396
957636,0.92137396
957637,0.9176852
957638,0.9176852
957639,0.86954105
957640,0.86954105
957641,0.86954105
957642,0.86954105
957643,0.8448167
957644,0.8596768
957645,0.8596768
957646,0.8596768
957647,0.8596768
957648,0.85243785
957649,0.85243785
957650,0.85243785
957651,0.85243785
957652,0.8685012
957653,0.8685012
957654,0.8685012
957655,0.8685012
957656,0.8685012
957657,0.8685012
957658,0.8575592
957659,0.8575592
957660,0.8575592
957661,0.8575592
957662,0.8575592
957663,0.8575592
957664,0.8575592
957665,0.8575592
957666,0.8324122
957667,0.8324122
957668,0.8324122
957669,0.8324122
957670,0.8324122
957671,0.8324122
957672,0.8324122
957673,0.8324122
957674,0.8324122
957675,0.8324122
957676,0.8324122
957677,0.8324122
957678,0.8324122
957679,0.83576506
957680,0.83576506
957681,0.83576506
957682,0.83576506
957683,0.83576506
957684,0.83576506
957685,0.83576506
957686,0.83576506
957687,0.83576506
957688,0.83576506
957689,0.83576506
957690,0.83576506
957691,0.83576506
957692,0.83576506
957693,0.7765648
957694,0.3022946
957695,0.14361753
957696,0.1390768
957697,0.1341897
957698,0.13511926
957699,0.12919699
957700,0.09847489
957701,0.024963638
957702,0.14361753
957703,0.1390768
957704,0.1341897
957705,0.13511926
957706,0.12919699
957707,0.20934683
957708,0.36760774
957709,0.33934355
957710,0.33770967
957711,0.27692613
957712,0.31386483
957713,0.31199533
957714,0.26904708
957715,0.16843908
957716,0.07261986
957717,0.26115173
957718,0.3353512
957719,0.075361595
957720,0.052835748
957721,0.05168689
957722,0.014185937
957723,0.049272705
957724,0.049460713
957725,0.051011883
957726,0.051062714
957727,0.051062714
957728,0.06743799
957729,0.29097414
957730,0.22133572
957731,0.09590262
957732,0.09473901
957733,0.08376701
957734,0.087764785
957735,0.082364805
957736,0.08713298
957737,0.062514305
957738,0.02227396
957739,0.110077575
957740,0.09810657
957741,0.10026503
957742,0.10008515
957743,0.10008515
957744,0.10008515
957745,0.10008515
957746,0.0756517
957747,0.021842662
957748,0.10894783
957749,0.103086576
957750,0.10026503
957751,0.10008515
957752,0.098857895
957753,0.098857895
957754,0.10145541
957755,0.07671597
957756,0.021154948
957757,0.106431596
957758,0.100690424
957759,0.09903581
957760,0.098857895
957761,0.098857895
957762,0.098857895
957763,0.10145541
957764,0.07671597
957765,0.021154948
957766,0.106431596
957767,0.100690424
957768,0.09903581
957769,0.098857895
957770,0.098857895
957771,0.10008515
957772,0.096518114
957773,0.0756517
957774,0.18617508
957775,0.07864224
957776,0.07233195
957777,0.0715124
957778,0.07223698
957779,0.059115257
957780,0.022414975
957781,0.1251712
957782,0.12468319
957783,0.12509708
957784,0.124878824
957785,0.124878824
957786,0.05010984
957787,0.124878824
957788,0.124878824
957789,0.086423516
957790,0.020109043
957791,0.07062982
957792,0.0682129
957793,0.06743663
957794,0.06812294
957795,0.06600276
957796,0.06736059
957797,0.05761365
957798,0.022414975
957799,0.05033047
957800,0.12468319
957801,0.12509708
957802,0.124878824
957803,0.124878824
957804,0.05010984
957805,0.13518721
957806,0.124878824
957807,0.086423516
957808,0.38972342
957809,0.5158362
957810,0.5679365
957811,0.6023935
957812,0.6347396
957813,0.6347396
957814,0.6404797
957815,0.6404797
957816,0.6404797
957817,0.6404797
957818,0.6462885
957819,0.64426196
957820,0.63871837
957821,0.63511103
957822,0.63511103
957823,0.6054524
957824,0.37280446
957825,0.022588685
957826,0.077627264
957827,0.075501405
957828,0.074785724
957829,0.07608162
957830,0.07479649
957831,0.07632044
957832,0.08234295
957833,0.06478954
957834,0.023298949
957835,0.0522565
957836,0.12906782
957837,0.12949412
957838,0.12926932
957839,0.12926932
957840,0.05202789
957841,0.12926932
957842,0.12926932
957843,0.089600414
957844,0.03925832
957845,0.25001246
957846,0.21629834
957847,0.02023403
957848,0.07104605
957849,0.068615936
957850,0.06783542
957851,0.068525486
957852,0.066393666
957853,0.06775896
957854,0.057957962
957855,0.03173676
957856,0.060333516
957857,0.10999367
957858,0.14299382
957859,0.024278644
957860,0.075315624
957861,0.07275091
957862,0.07192699
957863,0.07265543
957864,0.07782222
957865,0.06656364
957866,0.1859766
957867,0.1370073
957868,0.14186591
957869,0.14374614
957870,0.1464045
957871,0.1464045
957872,0.1464045
957873,0.1464045
957874,0.14648286
957875,0.15081418
957876,0.09366369
957877,0.24939926
957878,0.26186293
957879,0.2374349
957880,0.22181958
957881,0.18275075
957882,0.26159117
957883,0.11873034
957884,0.10849706
957885,0.10256546
957886,0.07489658
957887,0.04488268
957888,0.27977288
957889,0.2896798
957890,0.2919261
957891,0.30074432
957892,0.30074432
957893,0.31163418
957894,0.31163418
957895,0.31163418
957896,0.21512362
957897,0.07926075
957898,0.05370364
957899,0.053082984
957900,0.05401466
957901,0.054068312
957902,0.045250755
957903,0.022648197
957904,0.10437092
957905,0.100924805
957906,0.09986963
957907,0.09863945
957908,0.09738996
957909,0.09738996
957910,0.09738996
957911,0.067158885
957912,0.06597118
957913,0.49289027
957914,0.52624077
957915,0.54550755
957916,0.5618784
957917,0.5618784
957918,0.5618784
957919,0.5618784
957920,0.5618784
957921,0.553276
957922,0.55489075
957923,0.552703
957924,0.41326588
957925,0.035696473
957926,0.023140155
957927,0.113533735
957928,0.11494579
957929,0.117306165
957930,0.11588885
957931,0.1144486
957932,0.1144486
957933,0.1144486
957934,0.1144486
957935,0.07193415
957936,0.077867255
957937,0.43679816
957938,0.44880053
957939,0.46803302
957940,0.47930673
957941,0.47930673
957942,0.47930673
957943,0.47930673
957944,0.47930673
957945,0.47061062
957946,0.47223917
957947,0.3397977
957948,0.031484954
957949,0.11704916
957950,0.15014222
957951,0.042206388
957952,0.20706318
957953,0.20365635
957954,0.19302465
957955,0.19122955
957956,0.18597262
957957,0.18334946
957958,0.3132531
957959,0.23116449
957960,0.12320204
957961,0.08667045
957962,0.022739323
957963,0.10218421
957964,0.10487584
957965,0.105614305
957966,0.10581157
957967,0.10581157
957968,0.104488544
957969,0.104488544
957970,0.10464782
957971,0.10464782
957972,0.08964656
957973,0.0148955155
957974,0.043460414
957975,0.043627262
957976,0.04277291
957977,0.042542886
957978,0.042542886
957979,0.042542886
957980,0.0380621
957981,0.01744895
957982,0.04328679
957983,0.109991014
957984,0.04111658
957985,0.04086127
957986,0.039976824
957987,0.015047745
957988,0.040991873
957989,0.041149653
957990,0.039386336
957991,0.03914133
957992,0.039252356
957993,0.05615291
957994,0.40343183
957995,0.4184337
957996,0.45809814
957997,0.50093347
957998,0.5164213
957999,0.5171575
958000,0.5171575
958001,0.52075016
958002,0.52075016
958003,0.52075016
958004,0.52569085
958005,0.5253567
958006,0.5226304
958007,0.5226304
958008,0.5226304
958009,0.51823187
958010,0.51823187
958011,0.5074466
958012,0.50357705
958013,0.49766645
958014,0.48880196
958015,0.26188105
958016,0.056890927
958017,0.24403161
958018,0.24942169
958019,0.25267312
958020,0.25234354
958021,0.25290018
958022,0.25290018
958023,0.2480806
958024,0.2480806
958025,0.2480806
958026,0.2526444
958027,0.20077099
958028,0.10594924
958029,0.1005028
958030,0.028421072
958031,0.1226666
958032,0.12582217
958033,0.12623928
958034,0.12624833
958035,0.12988107
958036,0.12988107
958037,0.13124989
958038,0.13124989
958039,0.12279336
958040,0.16930722
958041,0.058806743
958042,0.055940963
958043,0.047327295
958044,0.046036795
958045,0.047051188
958046,0.047051188
958047,0.038840413
958048,0.17360808
958049,0.015777895
958050,0.064016946
958051,0.06040904
958052,0.058679182
958053,0.05856906
958054,0.06071825
958055,0.06071825
958056,0.06071825
958057,0.051477794
958058,0.0146715725
958059,0.05752878
958060,0.05472166
958061,0.046286535
958062,0.045023065
958063,0.046016198
958064,0.046016198
958065,0.037978843
958066,0.029389128
958067,0.072744526
958068,0.064674884
958069,0.09511208
958070,0.1417941
958071,0.16922432
958072,0.07922717
958073,0.076540306
958074,0.06538878
958075,0.06363867
958076,0.06257587
958077,0.060545117
958078,0.019451905
958079,0.094292946
958080,0.091756105
958081,0.08921384
958082,0.08905182
958083,0.08884828
958084,0.08884828
958085,0.08884828
958086,0.123474576
958087,0.23835985
958088,0.0695447
958089,0.13314155
958090,0.11471022
958091,0.09117019
958092,0.023963653
958093,0.1714296
958094,0.17342083
958095,0.17145659
958096,0.16951065
958097,0.16447817
958098,0.1623923
958099,0.1623923
958100,0.1623923
958101,0.11234571
958102,0.023963653
958103,0.1714296
958104,0.17342083
958105,0.17145659
958106,0.16951065
958107,0.13965067
958108,0.13782771
958109,0.13782771
958110,0.13782771
958111,0.24844912
958112,0.114617914
958113,0.13750023
958114,0.21623798
958115,0.11962846
958116,0.22690316
958117,0.12776344
958118,0.13160653
958119,0.13160653
958120,0.13160653
958121,0.13160653
958122,0.13160653
958123,0.13160653
958124,0.13174185
958125,0.080060504
958126,0.023816776
958127,0.05905528
958128,0.043938216
958129,0.22597148
958130,0.1364165
958131,0.12242241
958132,0.36952963
958133,0.06953403
958134,0.015950624
958135,0.104119174
958136,0.10134753
958137,0.100818284
958138,0.10182906
958139,0.10182906
958140,0.10182906
958141,0.10182906
958142,0.08332733
958143,0.22183263
958144,0.10008713
958145,0.08854753
958146,0.06346308
958147,0.026820282
958148,0.14112598
958149,0.1446781
958150,0.14945371
958151,0.1492002
958152,0.1492002
958153,0.1982363
958154,0.1492002
958155,0.1492002
958156,0.10382973
958157,0.014139607
958158,0.092709616
958159,0.08960999
958160,0.08086564
958161,0.08250583
958162,0.08134274
958163,0.08134274
958164,0.068101026
958165,0.017832972
958166,0.08339529
958167,0.07943239
958168,0.06656983
958169,0.0659687
958170,0.06502221
958171,0.06502221
958172,0.05107823
958173,0.124043874
958174,0.12405384
958175,0.12704344
958176,0.12969339
958177,0.13234699
958178,0.13234699
958179,0.13234699
958180,0.11448398
958181,0.03227185
958182,0.20920138
958183,0.21403994
958184,0.22583878
958185,0.2307065
958186,0.2307065
958187,0.2307065
958188,0.2307065
958189,0.2307065
958190,0.2307065
958191,0.22935688
958192,0.1547877
958193,0.019178672
958194,0.14807673
958195,0.10857312
958196,0.09112369
958197,0.09295091
958198,0.14997892
958199,0.019839052
958200,0.09187195
958201,0.08257244
958202,0.08118867
958203,0.081039935
958204,0.081039935
958205,0.081039935
958206,0.081039935
958207,0.06369124
958208,0.03484201
958209,0.11838284
958210,0.026820282
958211,0.14112598
958212,0.1446781
958213,0.14945371
958214,0.1492002
958215,0.1492002
958216,0.1492002
958217,0.1492002
958218,0.1492002
958219,0.10382973
958220,0.017011931
958221,0.07635258
958222,0.0726978
958223,0.061571185
958224,0.06101224
958225,0.06051599
958226,0.047489278
958227,0.12068536
958228,0.03147448
958229,0.17583014
958230,0.18007262
958231,0.18637693
958232,0.1860745
958233,0.24375752
958234,0.24375752
958235,0.19050795
958236,0.19343467
958237,0.1860745
958238,0.13537595
958239,0.019551959
958240,0.09187195
958241,0.08683983
958242,0.08442111
958243,0.08426699
958244,0.08426699
958245,0.081039935
958246,0.08426699
958247,0.066277295
958248,0.041203994
958249,0.18755066
958250,0.19655079
958251,0.20290804
958252,0.21041234
958253,0.26952162
958254,0.2074139
958255,0.2074139
958256,0.22060418
958257,0.22060418
958258,0.21929683
958259,0.14737292
958260,0.032695062
958261,0.10248918
958262,0.083824225
958263,0.06709538
958264,0.063795716
958265,0.035260625
958266,0.31754798
958267,0.34988645
958268,0.3959047
958269,0.40889338
958270,0.40889338
958271,0.40889338
958272,0.40889338
958273,0.42797786
958274,0.42797786
958275,0.42611343
958276,0.42394978
958277,0.41081098
958278,0.41081098
958279,0.2692065
958280,0.017969811
958281,0.08339529
958282,0.07943239
958283,0.06656983
958284,0.06101224
958285,0.06502221
958286,0.05107823
958287,0.02288406
958288,0.10638163
958289,0.10287673
958290,0.08825483
958291,0.08747624
958292,0.08624966
958293,0.08624966
958294,0.07117118
958295,0.03476255
958296,0.101384826
958297,0.081522055
958298,0.05898981
958299,0.029368686
958300,0.11198294
958301,0.10879489
958302,0.093419425
958303,0.09259989
958304,0.075418755
958305,0.019208351
958306,0.07798625
958307,0.07425956
958308,0.06291012
958309,0.062339827
958310,0.06183349
958311,0.06183349
958312,0.048537828
958313,0.03720469
958314,0.12830292
958315,0.11550459
958316,0.09738721
958317,0.10148527
958318,0.023812046
958319,0.09508846
958320,0.0898976
958321,0.08840291
958322,0.088242225
958323,0.088242225
958324,0.088242225
958325,0.088242225
958326,0.07074764
958327,0.20774205
958328,0.069442995
958329,0.06421281
958330,0.064468436
958331,0.066296585
958332,0.05949437
958333,0.030221412
958334,0.1416235
958335,0.14108168
958336,0.14203463
958337,0.1417916
958338,0.1417916
958339,0.1417916
958340,0.1417916
958341,0.16457176
958342,0.15079896
958343,0.10981534
958344,0.022660838
958345,0.0715704
958346,0.067159936
958347,0.06380056
958348,0.059471443
958349,0.06616973
958350,0.05562227
958351,0.028573817
958352,0.11250818
958353,0.100540064
958354,0.08457353
958355,0.083824426
958356,0.06510136
958357,0.023272775
958358,0.0715704
958359,0.06469237
958360,0.061508574
958361,0.060478892
958362,0.06747601
958363,0.0705322
958364,0.07651924
958365,0.020147404
958366,0.09468033
958367,0.09023397
958368,0.07576625
958369,0.07508876
958370,0.074021794
958371,0.074021794
958372,0.057967752
958373,0.031196738
958374,0.10059568
958375,0.08973895
958376,0.08356675
958377,0.0945594
958378,0.094077736
958379,0.07616512
958380,0.3508745
958381,0.32008368
958382,0.34528717
958383,0.36099792
958384,0.37354955
958385,0.37354955
958386,0.37354955
958387,0.37354955
958388,0.39207852
958389,0.39207852
958390,0.39026374
958391,0.38815898
958392,0.38353276
958393,0.3288174
958394,0.023010015
958395,0.09548456
958396,0.09100423
958397,0.08089746
958398,0.08017806
958399,0.07904495
958400,0.07904495
958401,0.061974395
958402,0.037051447
958403,0.09848458
958404,0.104180865
958405,0.08883199
958406,0.04205409
958407,0.11485598
958408,0.1167075
958409,0.041138835
958410,0.14486724
958411,0.14849724
958412,0.14897673
958413,0.14620565
958414,0.1526142
958415,0.1526142
958416,0.16375971
958417,0.15832111
958418,0.11633913
958419,0.22986834
958420,0.10938162
958421,0.052032355
958422,0.11737936
958423,0.019185537
958424,0.13409208
958425,0.13572066
958426,0.13411413
958427,0.13252422
958428,0.13090783
958429,0.12918186
958430,0.12918186
958431,0.12918186
958432,0.21665017
958433,0.18880856
958434,0.12383208
958435,0.10319072
958436,0.042181827
958437,0.11375763
958438,0.10081841
958439,0.07510385
958440,0.025952054
958441,0.106292345
958442,0.100557834
958443,0.09779796
958444,0.09703496
958445,0.09703496
958446,0.09703496
958447,0.09703496
958448,0.072903335
958449,0.025433237
958450,0.10244683
958451,0.1020371
958452,0.10238461
958453,0.10158986
958454,0.10158986
958455,0.10158986
958456,0.10158986
958457,0.10638726
958458,0.07636343
958459,0.15839235
958460,0.15403724
958461,0.17168832
958462,0.17222755
958463,0.17449614
958464,0.17449614
958465,0.17449614
958466,0.17449614
958467,0.17449614
958468,0.15197395
958469,0.027449062
958470,0.092124686
958471,0.08008492
958472,0.07581607
958473,0.07467513
958474,0.09447797
958475,0.23751049
958476,0.09264253
958477,0.086696416
958478,0.1031565
958479,0.028488478
958480,0.101386204
958481,0.10175178
958482,0.099329695
958483,0.098750144
958484,0.09901282
958485,0.09560657
958486,0.026032405
958487,0.08860735
958488,0.087802924
958489,0.08540112
958490,0.08649247
958491,0.0890979
958492,0.13803686
958493,0.0894919
958494,0.07152619
958495,0.034221582
958496,0.053795226
958497,0.05437602
958498,0.055192932
958499,0.056382243
958500,0.056539297
958501,0.056539297
958502,0.056539297
958503,0.068402655
958504,0.019558394
958505,0.080852814
958506,0.078115486
958507,0.07690797
958508,0.061803713
958509,0.118242085
958510,0.07556049
958511,0.061438367
958512,0.02202244
958513,0.04959045
958514,0.07025744
958515,0.025282629
958516,0.09029907
958517,0.08785926
958518,0.078418165
958519,0.087043986
958520,0.08966441
958521,0.13886708
958522,0.09006065
958523,0.0719898
958524,0.21247429
958525,0.08443728
958526,0.07393469
958527,0.06918668
958528,0.06734226
958529,0.05506411
958530,0.018929018
958531,0.07220757
958532,0.07573053
958533,0.06865302
958534,0.07258103
958535,0.0737385
958536,0.07393505
958537,0.059529707
958538,0.028346812
958539,0.08443728
958540,0.07393469
958541,0.06918668
958542,0.06734226
958543,0.05506411
958544,0.021200236
958545,0.07839141
958546,0.09695095
958547,0.07455691
958548,0.07258103
958549,0.06699456
958550,0.07502211
958551,0.028346812
958552,0.08443728
958553,0.07393469
958554,0.06918668
958555,0.06734226
958556,0.05506411
958557,0.032144137
958558,0.08940371
958559,0.07766181
958560,0.07126241
958561,0.11568186
958562,0.18880275
958563,0.316038
958564,0.251867
958565,0.24211153
958566,0.23688073
958567,0.12388515
958568,0.29918733
958569,0.18705991
958570,0.17568946
958571,0.1698748
958572,0.17100275
958573,0.12710512
958574,0.20337416
958575,0.01936866
958576,0.15556777
958577,0.15740976
958578,0.1579127
958579,0.15609153
958580,0.15423879
958581,0.15225911
958582,0.15225911
958583,0.15225911
958584,0.097485505
958585,0.12840974
958586,0.18017115
958587,0.15289143
958588,0.020059839
958589,0.15152693
958590,0.14677896
958591,0.14295211
958592,0.14127453
958593,0.1395686
958594,0.13774651
958595,0.13774651
958596,0.20639285
958597,0.07068646
958598,0.3199355
958599,0.3344784
958600,0.34929815
958601,0.35792112
958602,0.35792112
958603,0.35792112
958604,0.35792112
958605,0.35792112
958606,0.35792112
958607,0.3539208
958608,0.29866272
958609,0.1971714
958610,0.11005944
958611,0.10962292
958612,0.109993115
958613,0.1097979
958614,0.1097979
958615,0.112584524
958616,0.112584524
958617,0.114862554
958618,0.13657232
958619,0.40322626
958620,0.39503932
958621,0.5226506
958622,0.47833386
958623,0.48577288
958624,0.4861391
958625,0.4861391
958626,0.4861391
958627,0.4861391
958628,0.4861391
958629,0.48215833
958630,0.47754517
958631,0.4633473
958632,0.4594708
958633,0.27871576
958634,0.022222515
958635,0.14878385
958636,0.05352786
958637,0.053824406
958638,0.052825518
958639,0.081459224
958640,0.0152531685
958641,0.05276246
958642,0.052963044
958643,0.05387454
958644,0.06188951
958645,0.06188951
958646,0.06188951
958647,0.07264827
958648,0.07749166
958649,0.4685387
958650,0.55072945
958651,0.6371119
958652,0.65500426
958653,0.69570744
958654,0.69570744
958655,0.6960217
958656,0.6960217
958657,0.6960217
958658,0.6969424
958659,0.69665927
958660,0.69410485
958661,0.6907827
958662,0.6907827
958663,0.68930733
958664,0.68930733
958665,0.68014956
958666,0.58421606
958667,0.6749844
958668,0.3769963
958669,0.018278224
958670,0.053596497
958671,0.05318871
958672,0.054103885
958673,0.062150728
958674,0.07044823
958675,0.19195986
958676,0.08653138
958677,0.08243285
958678,0.10803746
958679,0.08675522
958680,0.07625678
958681,0.059340212
958682,0.030979814
958683,0.32621577
958684,0.33699778
958685,0.34514856
958686,0.34578988
958687,0.34578988
958688,0.34578988
958689,0.34578988
958690,0.34578988
958691,0.24420796
958692,0.24400583
958693,0.101191774
958694,0.4059079
958695,0.42489722
958696,0.24968423
958697,0.26115724
958698,0.26115724
958699,0.26115724
958700,0.26115724
958701,0.2902883
958702,0.2902883
958703,0.2867064
958704,0.2428959
958705,0.15971608
958706,0.026423894
958707,0.25289854
958708,0.26220024
958709,0.26431268
958710,0.26486453
958711,0.26486453
958712,0.26486453
958713,0.26486453
958714,0.26486453
958715,0.2816872
958716,0.08224457
958717,0.052685585
958718,0.05228435
958719,0.053184833
958720,0.06110382
958721,0.08879297
958722,0.031881705
958723,0.08715556
958724,0.08303016
958725,0.07861774
958726,0.07791689
958727,0.07681308
958728,0.082990594
958729,0.06299962
958730,0.0290076
958731,0.18186963
958732,0.1934734
958733,0.19891337
958734,0.20305143
958735,0.20305143
958736,0.20305143
958737,0.20305143
958738,0.20305143
958739,0.20305143
958740,0.20024227
958741,0.19226024
958742,0.18423364
958743,0.02445648
958744,0.09747634
958745,0.082877204
958746,0.07937988
958747,0.07867283
958748,0.07804486
958749,0.06513549
958750,0.029423933
958751,0.1133995
958752,0.10020024
958753,0.0985528
958754,0.12480988
958755,0.12480988
958756,0.12480988
958757,0.086982906
958758,0.06691264
958759,0.04680869
958760,0.30843243
958761,0.3265937
958762,0.35875526
958763,0.40163162
958764,0.40163162
958765,0.3708268
958766,0.3708268
958767,0.40348607
958768,0.4664371
958769,0.421301
958770,0.3950513
958771,0.40604913
958772,0.38430893
958773,0.25581947
958774,0.17624918
958775,0.14211485
958776,0.25836968
958777,0.3158881
958778,0.6032103
958779,0.6552438
958780,0.54491097
958781,0.5549154
958782,0.5549154
958783,0.5549154
958784,0.53286266
958785,0.7158921
958786,0.5384844
958787,0.5430048
958788,0.5426723
958789,0.5829169
958790,0.6998072
958791,0.5829169
958792,0.5812388
958793,0.5812388
958794,0.68873787
958795,0.67953324
958796,0.6748776
958797,0.49013594
958798,0.3444049
958799,0.25645277
958800,0.2042353
958801,0.36874706
958802,0.41038623
958803,0.44393608
958804,0.46313527
958805,0.473366
958806,0.473366
958807,0.46167943
958808,0.473366
958809,0.473366
958810,0.46167943
958811,0.46294758
958812,0.45835552
958813,0.30934468
958814,0.24452198
958815,0.16805302
958816,0.41036108
958817,0.35523227
958818,0.3586866
958819,0.3666601
958820,0.19060571
958821,0.37457907
958822,0.37457907
958823,0.2131575
958824,0.20084547
958825,0.20084547
958826,0.2977694
958827,0.18998046
958828,0.052545052
958829,0.5074969
958830,0.5732766
958831,0.6211769
958832,0.62850475
958833,0.62850475
958834,0.62850475
958835,0.62850475
958836,0.61747885
958837,0.62850475
958838,0.6231041
958839,0.61875373
958840,0.6136543
958841,0.6081698
958842,0.54982966
958843,0.54982966
958844,0.2979022
958845,0.21526796
958846,0.07528948
958847,0.07003665
958848,0.07302543
958849,0.07376412
958850,0.067332685
958851,0.13419567
958852,0.08676021
958853,0.051427476
958854,0.12296873
958855,0.086367
958856,0.42208743
958857,0.5858493
958858,0.6012224
958859,0.69556093
958860,0.8148783
958861,0.8204417
958862,0.83406657
958863,0.847689
958864,0.72957015
958865,0.72957015
958866,0.7665091
958867,0.7331464
958868,0.75044227
958869,0.7324423
958870,0.7324423
958871,0.74786025
958872,0.7310883
958873,0.7287114
958874,0.7287114
958875,0.72927564
958876,0.7271074
958877,0.72569364
958878,0.72346765
958879,0.78927404
958880,0.71696657
958881,0.7300143
958882,0.46695405
958883,0.17618226
958884,0.105155356
958885,0.103920825
958886,0.10347403
958887,0.106479205
958888,0.10555208
958889,0.10555208
958890,0.10784988
958891,0.19014938
958892,0.45996162
958893,0.58265245
958894,0.6671514
958895,0.67825294
958896,0.65709496
958897,0.66876954
958898,0.6618
958899,0.66684026
958900,0.66684026
958901,0.67087185
958902,0.74852294
958903,0.6700773
958904,0.6878962
958905,0.6878962
958906,0.6864132
958907,0.6864132
958908,0.7588762
958909,0.7588762
958910,0.7593984
958911,0.7573911
958912,0.75608164
958913,0.6805141
958914,0.6805141
958915,0.4283319
958916,0.5528603
958917,0.52913463
958918,0.56311697
958919,0.666711
958920,0.4426767
958921,0.5780703
958922,0.5504625
958923,0.57056856
958924,0.57056856
958925,0.57056856
958926,0.5665605
958927,0.5355641
958928,0.29713535
958929,0.54886967
958930,0.54886967
958931,0.40298468
958932,0.12230569
958933,0.23429891
958934,0.14742844
958935,0.1346094
958936,0.12615448
958937,0.15388589
958938,0.042392746
958939,0.119447
958940,0.11309257
958941,0.17391436
958942,0.1098355
958943,0.1098355
958944,0.1098355
958945,0.1098355
958946,0.08568994
958947,0.08446511
958948,0.04090118
958949,0.11457188
958950,0.102626964
958951,0.091650374
958952,0.04000522
958953,0.1145172
958954,0.10575977
958955,0.09069169
958956,0.09569809
958957,0.07704488
958958,0.061968755
958959,0.5047405
958960,0.5544002
958961,0.52777034
958962,0.5298241
958963,0.5298241
958964,0.5298241
958965,0.5298241
958966,0.5298241
958967,0.5298241
958968,0.50876755
958969,0.49990138
958970,0.49016446
958971,0.5035979
958972,0.054017063
958973,0.11658469
958974,0.3255568
958975,0.23677337
958976,0.22742482
958977,0.15219085
958978,0.040539246
958979,0.12932467
958980,0.13061225
958981,0.12853618
958982,0.13264982
958983,0.12122953
958984,0.12122953
958985,0.14300208
958986,0.10903901
958987,0.09134629
958988,0.07059776
958989,0.19717588
958990,0.2066323
958991,0.21766584
958992,0.22878236
958993,0.22878236
958994,0.22878236
958995,0.24564639
958996,0.24346228
958997,0.27908826
958998,0.2417689
958999,0.24014957
959000,0.16319966
959001,0.19774425
959002,0.09918408
959003,0.022609334
959004,0.0778277
959005,0.0758277
959006,0.072604306
959007,0.07150795
959008,0.070932776
959009,0.056582943
959010,0.014990565
959011,0.04335766
959012,0.043524127
959013,0.043772332
959014,0.04493603
959015,0.04506272
959016,0.04506272
959017,0.040926
959018,0.02740577
959019,0.07750187
959020,0.07494601
959021,0.07367978
959022,0.0735437
959023,0.14804676
959024,0.07346065
959025,0.07899559
959026,0.07636541
959027,0.023214715
959028,0.0447896
959029,0.044445693
959030,0.04418133
959031,0.043534044
959032,0.04451797
959033,0.095183834
959034,0.024123002
959035,0.04576331
959036,0.1280893
959037,0.039699312
959038,0.08115464
959039,0.074354924
959040,0.1947693
959041,0.026252063
959042,0.084181674
959043,0.07227666
959044,0.068973765
959045,0.06915902
959046,0.1201753
959047,0.23528957
959048,0.13757865
959049,0.04753059
959050,0.12777002
959051,0.27633816
959052,0.047753487
959053,0.17168087
959054,0.22784981
959055,0.1405402
959056,0.20269169
959057,0.0334736
959058,0.14608726
959059,0.16821423
959060,0.06499108
959061,0.15590288
959062,0.30668566
959063,0.2899335
959064,0.27451214
959065,0.25871122
959066,0.20538825
959067,0.06499108
959068,0.054144885
959069,0.08877737
959070,0.58369565
959071,0.651471
959072,0.7016024
959073,0.7124937
959074,0.7124937
959075,0.7124937
959076,0.71279776
959077,0.7096524
959078,0.7096524
959079,0.7110985
959080,0.7108231
959081,0.70684385
959082,0.70360106
959083,0.67323315
959084,0.6999126
959085,0.6999126
959086,0.68924206
959087,0.6855092
959088,0.7240462
959089,0.35169134
959090,0.017404558
959091,0.047866978
959092,0.047500614
959093,0.04832289
959094,0.048371177
959095,0.04179284
959096,0.037402876
959097,0.28484002
959098,0.2626974
959099,0.2598497
959100,0.25891164
959101,0.17621012
959102,0.21220674
959103,0.092663
959104,0.08956477
959105,0.08367762
959106,0.090059735
959107,0.08796146
959108,0.08131416
959109,0.017404558
959110,0.047866978
959111,0.047500614
959112,0.04832289
959113,0.048371177
959114,0.06619624
959115,0.05073721
959116,0.25241387
959117,0.11797211
959118,0.21997239
959119,0.12035728
959120,0.11645205
959121,0.11457146
959122,0.113182954
959123,0.11177209
959124,0.11177209
959125,0.11177209
959126,0.060134467
959127,0.19550675
959128,0.094233856
959129,0.084253214
959130,0.086767845
959131,0.084886156
959132,0.085320085
959133,0.06451026
959134,0.018839685
959135,0.09805651
959136,0.09479681
959137,0.09033143
959138,0.0885819
959139,0.08622123
959140,0.08622123
959141,0.061528884
959142,0.052234113
959143,0.3202427
959144,0.33310992
959145,0.36556485
959146,0.37773058
959147,0.37773058
959148,0.37773058
959149,0.37773058
959150,0.3901511
959151,0.3901511
959152,0.38796067
959153,0.3858605
959154,0.3731375
959155,0.3898313
959156,0.26208052
959157,0.1527627
959158,0.09990387
959159,0.04151367
959160,0.20173909
959161,0.20965013
959162,0.22609706
959163,0.22852625
959164,0.22852625
959165,0.22852625
959166,0.22852625
959167,0.22852625
959168,0.22852625
959169,0.22690557
959170,0.21937108
959171,0.21477148
959172,0.21477148
959173,0.21477148
959174,0.12350733
959175,0.025309775
959176,0.08786067
959177,0.08568598
959178,0.08208074
959179,0.08135175
959180,0.08070428
959181,0.061766993
959182,0.03712348
959183,0.13119936
959184,0.11661026
959185,0.40140548
959186,0.46204907
959187,0.5359905
959188,0.5540571
959189,0.5540571
959190,0.7329442
959191,0.5682436
959192,0.7387583
959193,0.7235622
959194,0.7222895
959195,0.6089464
959196,0.60520476
959197,0.60520476
959198,0.56327075
959199,0.5705066
959200,0.561573
959201,0.5586363
959202,0.55434895
959203,0.35064322
959204,0.041107107
959205,0.18417495
959206,0.17058422
959207,0.17552067
959208,0.17927313
959209,0.19408913
959210,0.17927313
959211,0.17927313
959212,0.22308728
959213,0.18713047
959214,0.1857327
959215,0.2547654
959216,0.17330214
959217,0.07692739
959218,0.087998
959219,0.0851494
959220,0.085999355
959221,0.09227223
959222,0.07761445
959223,0.14635894
959224,0.14734966
959225,0.18517
959226,0.09522645
959227,0.37445882
959228,0.39851597
959229,0.6463975
959230,0.4678048
959231,0.4678048
959232,0.47399426
959233,0.47399426
959234,0.48710242
959235,0.5292912
959236,0.51548326
959237,0.51173526
959238,0.50967026
959239,0.48331943
959240,0.48331943
959241,0.48159695
959242,0.641975
959243,0.43124425
959244,0.22844103
959245,0.108528025
959246,0.09991546
959247,0.09523434
959248,0.0933996
959249,0.06605069
959250,0.097872436
959251,0.2334808
959252,0.2488956
959253,0.41700265
959254,0.26704267
959255,0.4317398
959256,0.4317398
959257,0.4317398
959258,0.25830665
959259,0.4201476
959260,0.4159023
959261,0.2973201
959262,0.20193964
959263,0.02766145
959264,0.1119595
959265,0.10993419
959266,0.027762474
959267,0.09296798
959268,0.088782094
959269,0.08409203
959270,0.1270781
959271,0.08217292
959272,0.08217292
959273,0.0629146
959274,0.040400214
959275,0.114216015
959276,0.10392518
959277,0.0977309
959278,0.11278808
959279,0.16245016
959280,0.11259287
959281,0.08682375
959282,0.027464252
959283,0.11388749
959284,0.10402236
959285,0.097272724
959286,0.07306471
959287,0.10061191
959288,0.14761882
959289,0.14692414
959290,0.12527105
959291,0.1433746
959292,0.1433746
959293,0.1433746
959294,0.1433746
959295,0.1481977
959296,0.07403459
959297,0.029258152
959298,0.11206875
959299,0.08640791
959300,0.2236694
959301,0.115033336
959302,0.11226886
959303,0.10767686
959304,0.10674698
959305,0.105920695
959306,0.07473545
959307,0.03433721
959308,0.09491842
959309,0.1868597
959310,0.096636355
959311,0.023718664
959312,0.120388016
959313,0.12187358
959314,0.12271533
959315,0.12124164
959316,0.11974387
959317,0.11974387
959318,0.11974387
959319,0.11974387
959320,0.11974387
959321,0.07924836
959322,0.07909653
959323,0.34256476
959324,0.3602079
959325,0.3681958
959326,0.38233936
959327,0.38233936
959328,0.36138645
959329,0.36138645
959330,0.39960298
959331,0.39960298
959332,0.35154596
959333,0.35084072
959334,0.33986923
959335,0.2392216
959336,0.21715587
959337,0.24486503
959338,0.14658467
959339,0.11791967
959340,0.010507598
959341,0.03611769
959342,0.035356916
959343,0.03591805
959344,0.035377894
959345,0.034898728
959346,0.034898728
959347,0.034898728
959348,0.034898728
959349,0.033967625
959350,0.025881242
959351,0.037136707
959352,0.114799485
959353,0.11203993
959354,0.107456155
959355,0.10652796
959356,0.10570316
959357,0.08100995
959358,0.030963052
959359,0.2565908
959360,0.25481582
959361,0.24370044
959362,0.22940136
959363,0.23654157
959364,0.23654157
959365,0.21964993
959366,0.04868366
959367,0.23484956
959368,0.2401012
959369,0.24327058
959370,0.24670745
959371,0.251723
959372,0.251723
959373,0.2599989
959374,0.2599989
959375,0.2599989
959376,0.21154511
959377,0.016500605
959378,0.064766385
959379,0.062536635
959380,0.06090681
959381,0.05958026
959382,0.058313943
959383,0.11259326
959384,0.037706815
959385,0.114799485
959386,0.11203993
959387,0.107456155
959388,0.111175194
959389,0.10965626
959390,0.10570316
959391,0.084126435
959392,0.13802934
959393,0.039512638
959394,0.13626987
959395,0.1357453
959396,0.13619019
959397,0.13517253
959398,0.13517253
959399,0.13517253
959400,0.13517253
959401,0.1378366
959402,0.09743473
959403,0.16390936
959404,0.51573205
959405,0.54776794
959406,0.6384279
959407,0.6616016
959408,0.6883443
959409,0.6671409
959410,0.6601546
959411,0.6652069
959412,0.6652069
959413,0.66924846
959414,0.7041416
959415,0.66845196
959416,0.66845196
959417,0.66845196
959418,0.6669213
959419,0.6669213
959420,0.6642684
959421,0.6647208
959422,0.6599576
959423,0.65018123
959424,0.64856166
959425,0.64856166
959426,0.40355596
959427,0.20873769
959428,0.14837644
959429,0.15753146
959430,0.16174819
959431,0.16387749
959432,0.16387749
959433,0.15867774
959434,0.15867774
959435,0.15867774
959436,0.1053678
959437,0.46093795
959438,0.48295358
959439,0.53194416
959440,0.5528144
959441,0.5634927
959442,0.5634927
959443,0.5634927
959444,0.5648837
959445,0.5634927
959446,0.5634927
959447,0.56122464
959448,0.5396043
959449,0.5310508
959450,0.5439559
959451,0.36552063
959452,0.3101222
959453,0.24456736
959454,0.24270837
959455,0.23937055
959456,0.25235575
959457,0.24944925
959458,0.16834289
959459,0.10175124
959460,0.47230035
959461,0.5045026
959462,0.6259968
959463,0.6388644
959464,0.6474288
959465,0.6829241
959466,0.64685535
959467,0.6652222
959468,0.6652222
959469,0.6692637
959470,0.7914671
959471,0.79248536
959472,0.79248536
959473,0.79248536
959474,0.68943363
959475,0.68943363
959476,0.69276434
959477,0.69276434
959478,0.67317873
959479,0.67528844
959480,0.67372674
959481,0.67372674
959482,0.67372674
959483,0.6665952
959484,0.6661234
959485,0.6570136
959486,0.6635829
959487,0.65332806
959488,0.65332806
959489,0.65332806
959490,0.65954274
959491,0.40092286
959492,0.029927865
959493,0.26055282
959494,0.3032391
959495,0.3453224
959496,0.35801873
959497,0.35801873
959498,0.35801873
959499,0.35801873
959500,0.35801873
959501,0.36388558
959502,0.36175507
959503,0.35932237
959504,0.19933683
959505,0.055724155
959506,0.348367
959507,0.36053327
959508,0.3709412
959509,0.3778488
959510,0.3778488
959511,0.3778488
959512,0.2371664
959513,0.29999927
959514,0.3333373
959515,0.35814166
959516,0.22478959
959517,0.24971572
959518,0.024108877
959519,0.07680653
959520,0.10049069
959521,0.025114043
959522,0.15631466
959523,0.16586408
959524,0.17040317
959525,0.17556942
959526,0.17599656
959527,0.1704907
959528,0.1704907
959529,0.1704907
959530,0.174118
959531,0.19510478
959532,0.18663597
959533,0.23847857
959534,0.14236812
959535,0.2029469
959536,0.28343424
959537,0.20019668
959538,0.13308556
959539,0.21334524
959540,0.21714792
959541,0.21764952
959542,0.1913887
959543,0.1913887
959544,0.1913887
959545,0.21611226
959546,0.20850345
959547,0.114376396
959548,0.10810102
959549,0.107638426
959550,0.10663471
959551,0.08053499
959552,0.16525924
959553,0.066588305
959554,0.057288785
959555,0.024237087
959556,0.102482155
959557,0.099091455
959558,0.09866315
959559,0.09773397
959560,0.09380984
959561,0.09568113
959562,0.07484987
959563,0.015367339
959564,0.06391429
959565,0.058520522
959566,0.058584556
959567,0.06217487
959568,0.063592605
959569,0.059813328
959570,0.059813328
959571,0.063957825
959572,0.027846754
959573,0.11499261
959574,0.11196773
959575,0.11094784
959576,0.11279395
959577,0.109840676
959578,0.11199222
959579,0.1176592
959580,0.088641934
959581,0.026510121
959582,0.05580059
959583,0.07085931
959584,0.06571882
959585,0.09390465
959586,0.03511863
959587,0.11918082
959588,0.11174112
959589,0.109164216
959590,0.1017744
959591,0.18093632
959592,0.23430762
959593,0.17798822
959594,0.20914078
959595,0.13665728
959596,0.10219773
959597,0.054213345
959598,0.18516614
959599,0.18746404
959600,0.18414077
959601,0.18539304
959602,0.13869615
959603,0.27933916
959604,0.2950157
959605,0.2522864
959606,0.1382023
959607,0.31766272
959608,0.34728885
959609,0.40515095
959610,0.42326963
959611,0.42605254
959612,0.42605254
959613,0.5207608
959614,0.43894124
959615,0.43894124
959616,0.4394045
959617,0.43907443
959618,0.43521494
959619,0.4272114
959620,0.4272114
959621,0.42552423
959622,0.4155296
959623,0.25360265
959624,0.21856922
959625,0.20465685
959626,0.028616654
959627,0.089290656
959628,0.08217403
959629,0.06686546
959630,0.019376427
959631,0.08186493
959632,0.09057542
959633,0.086783975
959634,0.085802324
959635,0.085122734
959636,0.085122734
959637,0.055525843
959638,0.020376518
959639,0.105670676
959640,0.10524955
959641,0.10560672
959642,0.105418384
959643,0.19958642
959644,0.105418384
959645,0.105418384
959646,0.11047445
959647,0.086783394
959648,0.27497253
959649,0.23566788
959650,0.22067839
959651,0.16125087
959652,0.046725
959653,0.09305656
959654,0.027219513
959655,0.22102492
959656,0.21745133
959657,0.207512
959658,0.20671009
959659,0.20113344
959660,0.14205126
959661,0.022470063
959662,0.0905398
959663,0.08150942
959664,0.078064896
959665,0.07736857
959666,0.05839299
959667,0.034379736
959668,0.24060313
959669,0.2270338
959670,0.21677777
959671,0.21594985
959672,0.2056193
959673,0.19692686
959674,0.09832105
959675,0.02630191
959676,0.0905398
959677,0.08150942
959678,0.076429725
959679,0.08305018
959680,0.057144325
959681,0.021047449
959682,0.10883802
959683,0.10840582
959684,0.108772375
959685,0.10857909
959686,0.10857909
959687,0.10857909
959688,0.10857909
959689,0.11376748
959690,0.08109478
959691,0.020211793
959692,0.09450292
959693,0.089340866
959694,0.086859114
959695,0.08670097
959696,0.08670097
959697,0.08670097
959698,0.08670097
959699,0.0685772
959700,0.18219875
959701,0.020035468
959702,0.09395762
959703,0.08954184
959704,0.08481537
959705,0.08406432
959706,0.08288125
959707,0.08288125
959708,0.06259207
959709,0.045713536
959710,0.10824008
959711,0.020035468
959712,0.09395762
959713,0.08954184
959714,0.08481537
959715,0.08406432
959716,0.08288125
959717,0.08288125
959718,0.06259207
959719,0.2501535
959720,0.24059322
959721,0.2253828
959722,0.21158509
959723,0.16211061
959724,0.17881262
959725,0.024063108
959726,0.08122007
959727,0.09030677
959728,0.08554373
959729,0.084786825
959730,0.0835945
959731,0.06314274
959732,0.029267762
959733,0.2184334
959734,0.21489017
959735,0.20503719
959736,0.20424241
959737,0.19871566
959738,0.19871566
959739,0.14021903
959740,0.02664464
959741,0.10379508
959742,0.0981805
959743,0.095478944
959744,0.09530674
959745,0.09530674
959746,0.09530674
959747,0.09530674
959748,0.08983368
959749,0.02980746
959750,0.22059123
959751,0.2170227
959752,0.20709777
959753,0.20629707
959754,0.20072873
959755,0.14174435
959756,0.35632196
959757,0.27482843
959758,0.2552139
959759,0.033255387
959760,0.08403202
959761,0.10740117
959762,0.101837456
959763,0.09242735
959764,0.07581001
959765,0.030451937
959766,0.2523926
959767,0.26168218
959768,0.26379198
959769,0.2643431
959770,0.2643431
959771,0.2643431
959772,0.2643431
959773,0.2643431
959774,0.27138755
959775,0.033255387
959776,0.12007697
959777,0.09938719
959778,0.101837456
959779,0.1009523
959780,0.13962536
959781,0.36403358
959782,0.24374424
959783,0.2342049
959784,0.22611837
959785,0.2229235
959786,0.14110176
959787,0.07258453
959788,0.11181166
959789,0.04488024
959790,0.053679686
959791,0.31583822
959792,0.26309815
959793,0.25964049
959794,0.13311696
959795,0.110882245
959796,0.13843057
959797,0.13195135
959798,0.13779452
959799,0.1503131
959800,0.13370945
959801,0.3013833
959802,0.29592437
959803,0.28218558
959804,0.23970552
959805,0.019881124
959806,0.10666033
959807,0.10750533
959808,0.09845923
959809,0.10183869
959810,0.100432895
959811,0.07601805
959812,0.29459795
959813,0.3181767
959814,0.35355455
959815,0.40007684
959816,0.42447072
959817,0.34144196
959818,0.34144196
959819,0.47830257
959820,0.36305702
959821,0.47830257
959822,0.48308173
959823,0.36641204
959824,0.47157902
959825,0.36402512
959826,0.42796683
959827,0.3220636
959828,0.3306103
959829,0.32229432
959830,0.19347863
959831,0.043066543
959832,0.18140534
959833,0.19228826
959834,0.19475038
959835,0.19830514
959836,0.19830514
959837,0.19830514
959838,0.19830514
959839,0.20594315
959840,0.01944733
959841,0.10619299
959842,0.10126644
959843,0.095986344
959844,0.09589332
959845,0.09456095
959846,0.09456095
959847,0.072001725
959848,0.22556265
959849,0.73925596
959850,0.73583746
959851,0.8102784
959852,0.8426269
959853,0.8570635
959854,0.8701453
959855,0.8956271
959856,0.9136942
959857,0.9142541
959858,0.9203856
959859,0.9155689
959860,0.915973
959861,0.91782004
959862,0.9138899
959863,0.91104203
959864,0.91677624
959865,0.9198322
959866,0.9198322
959867,0.92215633
959868,0.9198322
959869,0.92164415
959870,0.92164415
959871,0.92247635
959872,0.91947466
959873,0.92224765
959874,0.92224765
959875,0.9274334
959876,0.92224765
959877,0.91826683
959878,0.9298844
959879,0.91826683
959880,0.91826683
959881,0.9057667
959882,0.9057667
959883,0.9021386
959884,0.9021386
959885,0.9021386
959886,0.9021386
959887,0.9021386
959888,0.8921643
959889,0.8921643
959890,0.8921643
959891,0.88593876
959892,0.8890776
959893,0.8890776
959894,0.8890776
959895,0.8890776
959896,0.8890776
959897,0.8890776
959898,0.8890776
959899,0.8890776
959900,0.8890776
959901,0.8890776
959902,0.8813786
959903,0.8813786
959904,0.8813786
959905,0.8813786
959906,0.8813786
959907,0.8813786
959908,0.8813786
959909,0.8813786
959910,0.84778374
959911,0.84778374
959912,0.84778374
959913,0.84778374
959914,0.84778374
959915,0.84778374
959916,0.84778374
959917,0.84778374
959918,0.84778374
959919,0.84778374
959920,0.84778374
959921,0.84778374
959922,0.84778374
959923,0.84778374
959924,0.75241166
959925,0.19008291
959926,0.09783337
959927,0.09521133
959928,0.094327874
959929,0.089735225
959930,0.10427847
959931,0.10427847
959932,0.11953886
959933,0.08670994
959934,0.029403167
959935,0.09146105
959936,0.088992946
959937,0.088161565
959938,0.08966676
959939,0.09753173
959940,0.09753173
959941,0.1050377
959942,0.08099708
959943,0.032382715
959944,0.0934516
959945,0.08043589
959946,0.08710598
959947,0.08797359
959948,0.078011505
959949,0.27823117
959950,0.24294332
959951,0.2364944
959952,0.20182082
959953,0.33892277
959954,0.05735918
959955,0.048793502
959956,0.14387108
959957,0.014573633
959958,0.033361405
959959,0.032656718
959960,0.029064087
959961,0.029383693
959962,0.028983274
959963,0.028305287
959964,0.028305287
959965,0.028305287
959966,0.028305287
959967,0.02790915
959968,0.019346917
959969,0.017295914
959970,0.035885345
959971,0.035129286
959972,0.033296518
959973,0.032794446
959974,0.032349095
959975,0.031594932
959976,0.031594932
959977,0.031594932
959978,0.022329058
959979,0.29205555
959980,0.014573633
959981,0.033957124
959982,0.033240292
959983,0.029585425
959984,0.029910585
959985,0.029503204
959986,0.028813412
959987,0.028813412
959988,0.028813412
959989,0.028813412
959990,0.14560254
959991,0.08839238
959992,0.02570339
959993,0.3786688
959994,0.39018053
959995,0.39277518
959996,0.3934518
959997,0.39166087
959998,0.3934518
959999,0.39166087
960000,0.3934518
960001,0.35193405
960002,0.01958217
960003,0.09813601
960004,0.09487395
960005,0.092254065
960006,0.091108195
960007,0.08994458
960008,0.08994458
960009,0.08994458
960010,0.061117582
960011,0.019377936
960012,0.098457895
960013,0.095186256
960014,0.090704374
960015,0.088948324
960016,0.08657882
960017,0.061790995
960018,0.08183165
960019,0.051600073
960020,0.062568665
960021,0.27525944
960022,0.28415245
960023,0.23078662
960024,0.24408832
960025,0.23018257
960026,0.22625752
960027,0.16333112
960028,0.018951245
960029,0.098457895
960030,0.095186256
960031,0.090704374
960032,0.088948324
960033,0.08657882
960034,0.08657882
960035,0.061790995
960036,0.062063735
960037,0.24491337
960038,0.028019814
960039,0.11239296
960040,0.10264229
960041,0.0959726
960042,0.13765733
960043,0.34727493
960044,0.3786688
960045,0.4820746
960046,0.46719107
960047,0.43875408
960048,0.43875408
960049,0.43875408
960050,0.43875408
960051,0.43875408
960052,0.34396547
960053,0.0316143
960054,0.26419666
960055,0.24923316
960056,0.19898976
960057,0.076193154
960058,0.4182842
960059,0.3569982
960060,0.38062721
960061,0.45421204
960062,0.47169474
960063,0.5120433
960064,0.5120433
960065,0.52252436
960066,0.5436989
960067,0.5356736
960068,0.55664444
960069,0.5334124
960070,0.53084904
960071,0.5289871
960072,0.49130917
960073,0.48243484
960074,0.48243484
960075,0.2741148
960076,0.028695473
960077,0.089332975
960078,0.08633553
960079,0.08595708
960080,0.08681433
960081,0.09397164
960082,0.110557996
960083,0.54788965
960084,0.52472466
960085,0.550249
960086,0.6802543
960087,0.55650467
960088,0.55650467
960089,0.5619002
960090,0.55650467
960091,0.55650467
960092,0.55650467
960093,0.5558419
960094,0.54706895
960095,0.5340044
960096,0.53214395
960097,0.40226704
960098,0.05652921
960099,0.39945653
960100,0.08461819
960101,0.05200006
960102,0.051603783
960103,0.051199503
960104,0.047190566
960105,0.22736624
960106,0.15492737
960107,0.1442998
960108,0.12500861
960109,0.12720306
960110,0.10133318
960111,0.1946249
960112,0.07959702
960113,0.06966684
960114,0.062219862
960115,0.063473664
960116,0.07254554
960117,0.06700803
960118,0.40637133
960119,0.41338637
960120,0.41430494
960121,0.4138208
960122,0.4138208
960123,0.4138208
960124,0.4138208
960125,0.4138208
960126,0.38581577
960127,0.022845251
960128,0.11470613
960129,0.117684454
960130,0.11850119
960131,0.11942016
960132,0.11942016
960133,0.11794943
960134,0.11794943
960135,0.11812653
960136,0.11812653
960137,0.11473999
960138,0.093037024
960139,0.06239986
960140,0.39845818
960141,0.38181832
960142,0.37656048
960143,0.37505773
960144,0.35500315
960145,0.23786214
960146,0.12200596
960147,0.12151277
960148,0.11874069
960149,0.1002388
960150,0.20131724
960151,0.08331388
960152,0.15349898
960153,0.07858881
960154,0.3086513
960155,0.21769501
960156,0.23750317
960157,0.19361128
960158,0.023666944
960159,0.10401391
960160,0.09917724
960161,0.09399469
960162,0.09260759
960163,0.09131627
960164,0.06911782
960165,0.024698196
960166,0.05099184
960167,0.04766182
960168,0.037197936
960169,0.12584059
960170,0.111700244
960171,0.08579249
960172,0.037581135
960173,0.06037526
960174,0.018055394
960175,0.0734506
960176,0.06992423
960177,0.06615805
960178,0.06811974
960179,0.06714461
960180,0.05304528
960181,0.24231365
960182,0.017657295
960183,0.0734506
960184,0.06992423
960185,0.06615805
960186,0.06811974
960187,0.06714461
960188,0.06714461
960189,0.049555525
960190,0.024608828
960191,0.086463615
960192,0.08611167
960193,0.08641017
960194,0.094328195
960195,0.09327999
960196,0.09327999
960197,0.08738753
960198,0.09049603
960199,0.065200716
960200,0.2701916
960201,0.024608828
960202,0.086463615
960203,0.09018249
960204,0.08641017
960205,0.09008877
960206,0.09327999
960207,0.09327999
960208,0.08738753
960209,0.09049603
960210,0.065200716
960211,0.107166074
960212,0.053225774
960213,0.016768202
960214,0.068161935
960215,0.06487168
960216,0.060667578
960217,0.061743222
960218,0.06308081
960219,0.06666665
960220,0.046919968
960221,0.23584682
960222,0.14490932
960223,0.0138478875
960224,0.045341715
960225,0.045515437
960226,0.04577445
960227,0.044895675
960228,0.045022257
960229,0.03693243
960230,0.014782796
960231,0.068161935
960232,0.06487168
960233,0.06167991
960234,0.061743222
960235,0.06308081
960236,0.053130902
960237,0.02447917
960238,0.050005056
960239,0.049424913
960240,0.043325264
960241,0.02361571
960242,0.063329905
960243,0.07193328
960244,0.06730447
960245,0.06914423
960246,0.056014497
960247,0.03148608
960248,0.07108823
960249,0.016768202
960250,0.068161935
960251,0.06518427
960252,0.060667578
960253,0.061743222
960254,0.06743561
960255,0.06308081
960256,0.046919968
960257,0.01615942
960258,0.06690476
960259,0.06097712
960260,0.05722866
960261,0.058024812
960262,0.05928694
960263,0.047173817
960264,0.016347572
960265,0.064083375
960266,0.066861354
960267,0.06327293
960268,0.06439159
960269,0.05928694
960270,0.037036106
960271,0.044052362
960272,0.014822978
960273,0.040372938
960274,0.038989753
960275,0.03830588
960276,0.03995137
960277,0.041447464
960278,0.041447464
960279,0.038689535
960280,0.031715587
960281,0.016057413
960282,0.0795465
960283,0.07922027
960284,0.0797942
960285,0.0832168
960286,0.08618765
960287,0.060266785
960288,0.08070332
960289,0.083595835
960290,0.083595835
960291,0.06312209
960292,0.018198708
960293,0.0496037
960294,0.07661993
960295,0.0771766
960296,0.08049675
960297,0.082295604
960298,0.082295604
960299,0.050368905
960300,0.07981062
960301,0.07981062
960302,0.060203012
960303,0.030122718
960304,0.09579339
960305,0.21804829
960306,0.12422166
960307,0.12135338
960308,0.16843286
960309,0.12946728
960310,0.12640548
960311,0.12131431
960312,0.12637527
960313,0.12541838
960314,0.10006739
960315,0.3123078
960316,0.2414372
960317,0.20268999
960318,0.04355624
960319,0.15036845
960320,0.139255
960321,0.13126336
960322,0.10994856
960323,0.53766656
960324,0.54934955
960325,0.5746235
960326,0.57879037
960327,0.57593554
960328,0.57593554
960329,0.57593554
960330,0.57593554
960331,0.57593554
960332,0.57593554
960333,0.60661006
960334,0.5536146
960335,0.54260415
960336,0.54260415
960337,0.42745823
960338,0.21022853
960339,0.041829396
960340,0.153723
960341,0.12820537
960342,0.12974894
960343,0.037252486
960344,0.23317055
960345,0.38267288
960346,0.35412046
960347,0.19441485
960348,0.19987473
960349,0.20401902
960350,0.23524076
960351,0.2086365
960352,0.38542905
960353,0.3925385
960354,0.37426132
960355,0.3701837
960356,0.2443674
960357,0.03657514
960358,0.15066682
960359,0.14718847
960360,0.1413957
960361,0.12636593
960362,0.12466855
960363,0.17419332
960364,0.09568568
960365,0.03287551
960366,0.14047407
960367,0.13419592
960368,0.12744235
960369,0.13310535
960370,0.13210523
960371,0.101594105
960372,0.03659864
960373,0.14328645
960374,0.14402995
960375,0.13834137
960376,0.13718735
960377,0.13937466
960378,0.13937466
960379,0.11728668
960380,0.057555996
960381,0.1656157
960382,0.18921122
960383,0.18640347
960384,0.1859454
960385,0.14280841
960386,0.14280841
960387,0.14280841
960388,0.11013575
960389,0.033984337
960390,0.14750084
960391,0.14943877
960392,0.13391878
960393,0.13279596
960394,0.13102522
960395,0.13102522
960396,0.10073461
960397,0.13084483
960398,0.35850057
960399,0.25557613
960400,0.046033148
960401,0.17127699
960402,0.20124502
960403,0.19380829
960404,0.1922949
960405,0.11985756
960406,0.33848453
960407,0.30240634
960408,0.24139951
960409,0.2331402
960410,0.21201043
960411,0.19636135
960412,0.043576855
960413,0.17711663
960414,0.1718878
960415,0.146668
960416,0.14641841
960417,0.21758159
960418,0.14641841
960419,0.14641841
960420,0.11302872
960421,0.20111051
960422,0.104776055
960423,0.09784429
960424,0.10088122
960425,0.10187072
960426,0.10916301
960427,0.08765607
960428,0.057726424
960429,0.2769524
960430,0.26602608
960431,0.21247852
960432,0.045382503
960433,0.17127699
960434,0.15935798
960435,0.14897826
960436,0.14775077
960437,0.12409233
960438,0.1097139
960439,0.12091099
960440,0.060382325
960441,0.3753344
960442,0.42223394
960443,0.45741636
960444,0.47131306
960445,0.47131306
960446,0.45458874
960447,0.45684022
960448,0.4591914
960449,0.5077923
960450,0.5034303
960451,0.50121695
960452,0.40981033
960453,0.40981033
960454,0.27662554
960455,0.04173478
960456,0.15919767
960457,0.13974127
960458,0.1455513
960459,0.14434725
960460,0.110919245
960461,0.033397283
960462,0.14822985
960463,0.14479814
960464,0.13908406
960465,0.13792488
960466,0.11680474
960467,0.08946319
960468,0.027323106
960469,0.1267211
960470,0.12371502
960471,0.11871738
960472,0.11770479
960473,0.11680474
960474,0.08946319
960475,0.03419072
960476,0.15509059
960477,0.15039316
960478,0.14805627
960479,0.1478047
960480,0.1478047
960481,0.14925286
960482,0.14925286
960483,0.19585958
960484,0.038166195
960485,0.18532926
960486,0.18293844
960487,0.18522707
960488,0.18492608
960489,0.18492608
960490,0.18492608
960491,0.18492608
960492,0.18635795
960493,0.13286237
960494,0.2361381
960495,0.1475064
960496,0.12592702
960497,0.1380492
960498,0.13934676
960499,0.113506526
960500,0.042697214
960501,0.15218806
960502,0.145475
960503,0.1382443
960504,0.137091
960505,0.13527186
960506,0.13527186
960507,0.10360641
960508,0.44880283
960509,0.3068735
960510,0.04978647
960511,0.15038949
960512,0.14022598
960513,0.108673856
960514,0.28963587
960515,0.14711842
960516,0.14198166
960517,0.13873367
960518,0.09461565
960519,0.0463166
960520,0.16295809
960521,0.26147667
960522,0.2579377
960523,0.2575559
960524,0.17070337
960525,0.15837465
960526,0.15837465
960527,0.13601418
960528,0.04251037
960529,0.4139025
960530,0.040925458
960531,0.15347216
960532,0.14313541
960533,0.1191045
960534,0.021207336
960535,0.14520603
960536,0.14430273
960537,0.14101036
960538,0.13842864
960539,0.13572834
960540,0.13394861
960541,0.19587971
960542,0.05604568
960543,0.1687962
960544,0.14189133
960545,0.039076883
960546,0.3281403
960547,0.2987122
960548,0.25644717
960549,0.14714646
960550,0.051529493
960551,0.21623231
960552,0.21650672
960553,0.20216323
960554,0.10108981
960555,0.16283035
960556,0.21017502
960557,0.20184152
960558,0.21335974
960559,0.16035901
960560,0.11606467
960561,0.09365287
960562,0.092615664
960563,0.09294371
960564,0.09246994
960565,0.07116086
960566,0.040771738
960567,0.11386656
960568,0.13559078
960569,0.13164105
960570,0.13282564
960571,0.12804148
960572,0.12804148
960573,0.09787696
960574,0.2232667
960575,0.396462
960576,0.31771958
960577,0.30790898
960578,0.30544987
960579,0.1938122
960580,0.17564213
960581,0.13435635
960582,0.13006394
960583,0.118488386
960584,0.12999296
960585,0.13128108
960586,0.13128108
960587,0.10532499
960588,0.02169904
960589,0.0898044
960590,0.09013241
960591,0.09045252
960592,0.08999018
960593,0.08999018
960594,0.08999018
960595,0.07416671
960596,0.26526582
960597,0.04146773
960598,0.14503084
960599,0.14028995
960600,0.13164105
960601,0.10484093
960602,0.12804148
960603,0.12736958
960604,0.09787696
960605,0.033902712
960606,0.20018469
960607,0.16628392
960608,0.12354907
960609,0.030271882
960610,0.08026703
960611,0.07967343
960612,0.08012889
960613,0.06684095
960614,0.01866265
960615,0.07667691
960616,0.06650813
960617,0.062873654
960618,0.06152094
960619,0.046945818
960620,0.018950097
960621,0.073556595
960622,0.07383007
960623,0.075097024
960624,0.07540278
960625,0.07540278
960626,0.07540278
960627,0.06453188
960628,0.01883053
960629,0.10850264
960630,0.10807157
960631,0.111442104
960632,0.11401397
960633,0.11401397
960634,0.11401397
960635,0.10911726
960636,0.11290312
960637,0.11290312
960638,0.11198342
960639,0.074147
960640,0.017966218
960641,0.06338226
960642,0.06362051
960643,0.06484864
960644,0.06634647
960645,0.067078196
960646,0.055289004
960647,0.14872353
960648,0.05259749
960649,0.050763927
960650,0.046613995
960651,0.047799572
960652,0.047233112
960653,0.042681254
960654,0.020568257
960655,0.083467364
960656,0.0724431
960657,0.12221667
960658,0.18681967
960659,0.026989039
960660,0.07291477
960661,0.07237128
960662,0.072926685
960663,0.063149385
960664,0.01331821
960665,0.05259749
960666,0.050763927
960667,0.046613995
960668,0.047799572
960669,0.047233112
960670,0.042681254
960671,0.054814696
960672,0.28883877
960673,0.29690796
960674,0.32114035
960675,0.33819836
960676,0.33952585
960677,0.33952585
960678,0.34500048
960679,0.34500048
960680,0.32803172
960681,0.34292093
960682,0.34092876
960683,0.34770548
960684,0.24838229
960685,0.016961941
960686,0.067918174
960687,0.06817222
960688,0.06948169
960689,0.07017196
960690,0.07094268
960691,0.07094268
960692,0.061890744
960693,0.26265815
960694,0.019500153
960695,0.07656862
960696,0.07088253
960697,0.062332664
960698,0.06389125
960699,0.054302704
960700,0.032251336
960701,0.09399679
960702,0.08654009
960703,0.076232634
960704,0.016961941
960705,0.067918174
960706,0.06817222
960707,0.04079385
960708,0.04121174
960709,0.041678634
960710,0.041678634
960711,0.040259615
960712,0.014728759
960713,0.062412236
960714,0.06067564
960715,0.061347485
960716,0.061989818
960717,0.06216147
960718,0.06216147
960719,0.06216147
960720,0.05474015
960721,0.019379875
960722,0.07676376
960723,0.074153684
960724,0.07249858
960725,0.07057309
960726,0.07032154
960727,0.06985143
960728,0.057372972
960729,0.035596244
960730,0.22214153
960731,0.45906684
960732,0.48044434
960733,0.4928019
960734,0.49573967
960735,0.49573967
960736,0.49573967
960737,0.49573967
960738,0.49573967
960739,0.49343604
960740,0.4912231
960741,0.48591155
960742,0.48591155
960743,0.29586554
960744,0.20805314
960745,0.019500153
960746,0.07656862
960747,0.07088253
960748,0.062332664
960749,0.06389125
960750,0.054302704
960751,0.24853647
960752,0.18118958
960753,0.17811282
960754,0.16684629
960755,0.16679218
960756,0.15768026
960757,0.20373802
960758,0.022414122
960759,0.08519279
960760,0.082878366
960761,0.082098976
960762,0.08210515
960763,0.082985364
960764,0.082438104
960765,0.0833548
960766,0.06727626
960767,0.017744359
960768,0.04153757
960769,0.04121756
960770,0.042032626
960771,0.042462643
960772,0.03861879
960773,0.012438046
960774,0.052945405
960775,0.051100366
960776,0.046924286
960777,0.048117366
960778,0.047547325
960779,0.042966552
960780,0.028725645
960781,0.085793614
960782,0.07893097
960783,0.092585616
960784,0.022267798
960785,0.04293207
960786,0.042601794
960787,0.04280489
960788,0.0404837
960789,0.011885172
960790,0.051787812
960791,0.049980983
960792,0.04589196
960793,0.047060084
960794,0.046501957
960795,0.046501957
960796,0.042017452
960797,0.018214852
960798,0.041650437
960799,0.041329592
960800,0.042146776
960801,0.042577907
960802,0.03634456
960803,0.012154737
960804,0.051787812
960805,0.049980983
960806,0.04589196
960807,0.047060084
960808,0.046501957
960809,0.042017452
960810,0.016047057
960811,0.06682536
960812,0.06865685
960813,0.06889939
960814,0.07011497
960815,0.06568879
960816,0.068812415
960817,0.058927774
960818,0.1420538
960819,0.12394044
960820,0.0147594595
960821,0.062535994
960822,0.06079618
960823,0.06146929
960824,0.062112816
960825,0.062284768
960826,0.06315061
960827,0.062284768
960828,0.054849602
960829,0.040381573
960830,0.22844191
960831,0.24624304
960832,0.261234
960833,0.297352
960834,0.29981333
960835,0.29147428
960836,0.24984144
960837,0.29147428
960838,0.28509167
960839,0.21689019
960840,0.012154737
960841,0.051787812
960842,0.049980983
960843,0.04589196
960844,0.047060084
960845,0.046501957
960846,0.042017452
960847,0.01829022
960848,0.06865314
960849,0.068909734
960850,0.07309397
960851,0.041702487
960852,0.041602224
960853,0.047404937
960854,0.011864721
960855,0.05240614
960856,0.05057889
960857,0.04644334
960858,0.0476248
960859,0.04642473
960860,0.04642473
960861,0.041947346
960862,0.07346836
960863,0.045056026
960864,0.045506667
960865,0.0396055
960866,0.27490455
960867,0.17805941
960868,0.17370118
960869,0.24218437
960870,0.16903119
960871,0.16903119
960872,0.16903119
960873,0.20141691
960874,0.12768218
960875,0.07843803
960876,0.5970132
960877,0.6325063
960878,0.7137148
960879,0.72059727
960880,0.7242354
960881,0.7242354
960882,0.7866688
960883,0.72059727
960884,0.72059727
960885,0.71359926
960886,0.70768386
960887,0.7471073
960888,0.66891575
960889,0.66891575
960890,0.6595632
960891,0.6595632
960892,0.56262976
960893,0.06962188
960894,0.5607527
960895,0.5972852
960896,0.6502075
960897,0.6537898
960898,0.6537898
960899,0.6537898
960900,0.6537898
960901,0.6537898
960902,0.6537898
960903,0.64339894
960904,0.6308168
960905,0.59555876
960906,0.59555876
960907,0.59555876
960908,0.3965612
960909,0.05042424
960910,0.21667443
960911,0.2595193
960912,0.11733301
960913,0.09179117
960914,0.25802845
960915,0.10783669
960916,0.06490004
960917,0.1146385
960918,0.071881376
960919,0.07766796
960920,0.08106048
960921,0.08106048
960922,0.08840476
960923,0.08840476
960924,0.08840476
960925,0.15297662
960926,0.08807249
960927,0.07915562
960928,0.0216403
960929,0.10673603
960930,0.1032208
960931,0.09884753
960932,0.096950635
960933,0.094970256
960934,0.094970256
960935,0.06504819
960936,0.20023037
960937,0.10626818
960938,0.10368967
960939,0.09813008
960940,0.09727366
960941,0.09592415
960942,0.07336822
960943,0.038903568
960944,0.47609273
960945,0.5041969
960946,0.52190906
960947,0.52970326
960948,0.52970326
960949,0.52970326
960950,0.52970326
960951,0.52970326
960952,0.52970326
960953,0.5144629
960954,0.5055996
960955,0.3700741
960956,0.020385092
960957,0.09998068
960958,0.09666386
960959,0.092539735
960960,0.0907517
960961,0.08888548
960962,0.08888548
960963,0.060751837
960964,0.025374843
960965,0.11987253
960966,0.11700718
960967,0.11700278
960968,0.11600284
960969,0.11511413
960970,0.11511413
960971,0.08623932
960972,0.07873056
960973,0.56929487
960974,0.6464506
960975,0.69696826
960976,0.7079582
960977,0.7079582
960978,0.7079582
960979,0.7082651
960980,0.7082651
960981,0.7082651
960982,0.70916426
960983,0.70888776
960984,0.70489293
960985,0.7016377
960986,0.7016377
960987,0.6979352
960988,0.7207366
960989,0.68581504
960990,0.68581504
960991,0.68069845
960992,0.35768276
960993,0.036234565
960994,0.16845159
960995,0.025374843
960996,0.11987253
960997,0.11700718
960998,0.11700278
960999,0.11600284
961000,0.11511413
961001,0.11511413
961002,0.08623932
961003,0.045956526
961004,0.26043126
961005,0.16083553
961006,0.07062982
961007,0.0682129
961008,0.06529218
961009,0.06812294
961010,0.06719302
961011,0.07089875
961012,0.027586726
961013,0.13483825
961014,0.12778388
961015,0.124380104
961016,0.12416289
961017,0.12416289
961018,0.12416289
961019,0.12416289
961020,0.093254685
961021,0.029892389
961022,0.15424964
961023,0.15366818
961024,0.15416135
961025,0.1539013
961026,0.1539013
961027,0.1539013
961028,0.1539013
961029,0.15513866
961030,0.106244884
961031,0.14615974
961032,0.083766624
961033,0.048903503
961034,0.04852959
961035,0.045305863
961036,0.034163155
961037,0.14615835
961038,0.12805285
961039,0.120769456
961040,0.11974164
961041,0.12438101
961042,0.02108741
961043,0.048903503
961044,0.04852959
961045,0.05355415
961046,0.17121631
961047,0.14901967
961048,0.12955266
961049,0.0991923
961050,0.1036953
961051,0.49756113
961052,0.5299777
961053,0.6181521
961054,0.6280599
961055,0.6280599
961056,0.6280599
961057,0.6207197
961058,0.6229469
961059,0.6229469
961060,0.6272128
961061,0.6272128
961062,0.6263715
961063,0.6263715
961064,0.6263715
961065,0.6247557
961066,0.6247557
961067,0.61374754
961068,0.61374754
961069,0.6086865
961070,0.607181
961071,0.6043746
961072,0.6043746
961073,0.39737815
961074,0.08075716
961075,0.045013666
961076,0.045186196
961077,0.045986015
961078,0.046474382
961079,0.046474382
961080,0.04189003
961081,0.13775113
961082,0.11455151
961083,0.109284624
961084,0.10294267
961085,0.10204901
961086,0.13955924
961087,0.096979424
961088,0.18472233
961089,0.092647366
961090,0.03033138
961091,0.14551766
961092,0.073108606
961093,0.12518921
961094,0.09734302
961095,0.033975292
961096,0.16841264
961097,0.15926434
961098,0.17334133
961099,0.17817007
961100,0.17817007
961101,0.17817007
961102,0.15750293
961103,0.14551233
961104,0.725088
961105,0.7230726
961106,0.77548707
961107,0.79058844
961108,0.8067481
961109,0.82412314
961110,0.8399412
961111,0.8836018
961112,0.8700102
961113,0.88344294
961114,0.88344294
961115,0.8942604
961116,0.8842846
961117,0.8842846
961118,0.8852581
961119,0.8852581
961120,0.8852581
961121,0.8852581
961122,0.8852581
961123,0.8986405
961124,0.9291985
961125,0.8979908
961126,0.9299567
961127,0.88436913
961128,0.8816696
961129,0.8900665
961130,0.88630104
961131,0.8764845
961132,0.8640459
961133,0.8640459
961134,0.8636948
961135,0.8636948
961136,0.82565737
961137,0.82565737
961138,0.71407026
961139,0.71407026
961140,0.782332
961141,0.7068929
961142,0.7068929
961143,0.6258863
961144,0.749894
961145,0.749894
961146,0.749894
961147,0.65238845
961148,0.41222122
961149,0.101744264
961150,0.14953712
961151,0.6922061
961152,0.73938626
961153,0.86115545
961154,0.8848918
961155,0.93087596
961156,0.94024646
961157,0.9493594
961158,0.9542697
961159,0.9561199
961160,0.96859956
961161,0.9590977
961162,0.95431995
961163,0.9501535
961164,0.9477243
961165,0.9481952
961166,0.9499554
961167,0.9612353
961168,0.96251863
961169,0.9612353
961170,0.9612353
961171,0.9644644
961172,0.9609693
961173,0.9614014
961174,0.9614014
961175,0.9607316
961176,0.9607316
961177,0.96296966
961178,0.9607316
961179,0.95957947
961180,0.95684004
961181,0.95930195
961182,0.95532256
961183,0.9525963
961184,0.9525963
961185,0.928857
961186,0.928857
961187,0.928857
961188,0.928857
961189,0.9321719
961190,0.92861456
961191,0.93243766
961192,0.92861456
961193,0.9307805
961194,0.9296081
961195,0.95393556
961196,0.9296081
961197,0.95393556
961198,0.9475364
961199,0.9475364
961200,0.9475364
961201,0.9507489
961202,0.9607335
961203,0.9475364
961204,0.95888263
961205,0.9432956
961206,0.9463778
961207,0.948197
961208,0.9575116
961209,0.9432956
961210,0.9432956
961211,0.9432956
961212,0.94259256
961213,0.94259256
961214,0.9457108
961215,0.9583642
961216,0.94259256
961217,0.9285418
961218,0.95697683
961219,0.9451502
961220,0.94259256
961221,0.9475513
961222,0.94259256
961223,0.94259256
961224,0.94259256
961225,0.92723304
961226,0.94152486
961227,0.94152486
961228,0.94551253
961229,0.94152486
961230,0.94152486
961231,0.94152486
961232,0.94152486
961233,0.9441273
961234,0.94152486
961235,0.94152486
961236,0.94152486
961237,0.94152486
961238,0.94152486
961239,0.9465706
961240,0.94152486
961241,0.9441273
961242,0.94152486
961243,0.94152486
961244,0.94152486
961245,0.94152486
961246,0.94152486
961247,0.9389134
961248,0.9389134
961249,0.9432771
961250,0.9389134
961251,0.9389134
961252,0.9389134
961253,0.9389134
961254,0.9389134
961255,0.9389134
961256,0.9389134
961257,0.9389134
961258,0.9389134
961259,0.9432771
961260,0.9389134
961261,0.9389134
961262,0.9389134
961263,0.9389134
961264,0.9389134
961265,0.9389134
961266,0.9389134
961267,0.9389134
961268,0.9389134
961269,0.9389134
961270,0.9389134
961271,0.9389134
961272,0.9389134
961273,0.9389134
961274,0.9389134
961275,0.9389134
961276,0.9389134
961277,0.9389134
961278,0.9389134
961279,0.9389134
961280,0.9389134
961281,0.9389134
961282,0.9389134
961283,0.9389134
961284,0.9389134
961285,0.9389134
961286,0.9293673
961287,0.9293673
961288,0.9293673
961289,0.9293673
961290,0.9293673
961291,0.9293673
961292,0.9293673
961293,0.9293673
961294,0.78080076
961295,0.036387525
961296,0.14678341
961297,0.12861216
961298,0.12130136
961299,0.120269634
961300,0.12637614
961301,0.17602032
961302,0.24340934
961303,0.08409069
961304,0.040190946
961305,0.1412081
961306,0.13791268
961307,0.13157217
961308,0.1304661
961309,0.12948279
961310,0.093709305
961311,0.026157888
961312,0.10876171
961313,0.101120345
961314,0.096826464
961315,0.09496427
961316,0.06290915
961317,0.07693928
961318,0.40299803
961319,0.39519837
961320,0.4670039
961321,0.44261587
961322,0.4723827
961323,0.44458428
961324,0.47275957
961325,0.46955118
961326,0.4375789
961327,0.43531215
961328,0.43313712
961329,0.4212621
961330,0.4212621
961331,0.28929263
961332,0.36358422
961333,0.3159766
961334,0.33416206
961335,0.34897512
961336,0.48975033
961337,0.38939264
961338,0.3426485
961339,0.39893502
961340,0.39262724
961341,0.39262724
961342,0.43958333
961343,0.43740338
961344,0.43030897
961345,0.29541308
961346,0.021938987
961347,0.09698907
961348,0.09376115
961349,0.08974856
961350,0.08800923
961351,0.08619406
961352,0.08619406
961353,0.057925865
961354,0.06970677
961355,0.16804177
961356,0.081474245
961357,0.44596696
961358,0.5011699
961359,0.5582739
961360,0.5900951
961361,0.60161835
961362,0.60161835
961363,0.61489695
961364,0.61489695
961365,0.61489695
961366,0.6153422
961367,0.615025
961368,0.61258435
961369,0.6108089
961370,0.6108089
961371,0.6091679
961372,0.6091679
961373,0.60060215
961374,0.38234347
961375,0.2539802
961376,0.1830662
961377,0.021938987
961378,0.09698907
961379,0.09376115
961380,0.08974856
961381,0.08800923
961382,0.08619406
961383,0.08619406
961384,0.057925865
961385,0.14158338
961386,0.032575075
961387,0.14605774
961388,0.14382987
961389,0.08250663
961390,0.207914
961391,0.08977714
961392,0.08399791
961393,0.07044002
961394,0.025086248
961395,0.085854955
961396,0.08352419
961397,0.08273927
961398,0.0827455
961399,0.08524859
961400,0.084687784
961401,0.08562717
961402,0.06859345
961403,0.023788908
961404,0.08325507
961405,0.080988616
961406,0.080225445
961407,0.080231495
961408,0.08266539
961409,0.08212005
961410,0.08303353
961411,0.06647825
961412,0.021034881
961413,0.07448535
961414,0.07194671
961415,0.06750697
961416,0.06570466
961417,0.06676036
961418,0.053989463
961419,0.023939436
961420,0.07830092
961421,0.076158136
961422,0.07543674
961423,0.07674297
961424,0.07908014
961425,0.08068376
961426,0.083526865
961427,0.0668804
961428,0.04550003
961429,0.093418576
961430,0.10419178
961431,0.09450628
961432,0.098880224
961433,0.101010695
961434,0.08972191
961435,0.21622808
961436,0.029452592
961437,0.1726596
961438,0.18384767
961439,0.18441658
961440,0.18782671
961441,0.18610656
961442,0.18610656
961443,0.18610656
961444,0.18610656
961445,0.15365082
961446,0.015743064
961447,0.038541492
961448,0.03824364
961449,0.036101345
961450,0.03540138
961451,0.028862942
961452,0.019349582
961453,0.04284539
961454,0.039667636
961455,0.14182574
961456,0.26262334
961457,0.24067484
961458,0.0964823
961459,0.08763253
961460,0.07823412
961461,0.07815682
961462,0.06131759
961463,0.025144234
961464,0.13680851
961465,0.13244973
961466,0.11512123
961467,0.14545257
961468,0.114867866
961469,0.114867866
961470,0.09822938
961471,0.018744562
961472,0.048287027
961473,0.07855736
961474,0.070057504
961475,0.06942722
961476,0.06886754
961477,0.06886754
961478,0.054146692
961479,0.035672996
961480,0.20269911
961481,0.20742674
961482,0.21443824
961483,0.21410224
961484,0.2912761
961485,0.27177334
961486,0.2171709
961487,0.2190238
961488,0.21410224
961489,0.1681169
961490,0.044609707
961491,0.28966832
961492,0.3119044
961493,0.343357
961494,0.3584905
961495,0.3584905
961496,0.3584905
961497,0.3584905
961498,0.37065527
961499,0.37065527
961500,0.36977515
961501,0.36771426
961502,0.3552435
961503,0.3552435
961504,0.2308592
961505,0.061432976
961506,0.29301167
961507,0.31270725
961508,0.3236931
961509,0.39954355
961510,0.3269316
961511,0.4160263
961512,0.3269316
961513,0.3269316
961514,0.3269316
961515,0.32525703
961516,0.327299
961517,0.22225717
961518,0.053367823
961519,0.31841528
961520,0.3408338
961521,0.39741665
961522,0.41343266
961523,0.41343266
961524,0.41343266
961525,0.41343266
961526,0.42622313
961527,0.42622313
961528,0.41549405
961529,0.41334546
961530,0.41726497
961531,0.4139087
961532,0.41358596
961533,0.4139087
961534,0.24189553
961535,0.03678934
961536,0.2656875
961537,0.19643807
961538,0.20317337
961539,0.20580006
961540,0.20285046
961541,0.20285046
961542,0.20285046
961543,0.20285046
961544,0.20285046
961545,0.15072225
961546,0.018785208
961547,0.07827214
961548,0.0745329
961549,0.063144535
961550,0.06257226
961551,0.06206415
961552,0.04872147
961553,0.03052875
961554,0.15461935
961555,0.15844844
961556,0.16359165
961557,0.16331877
961558,0.21581802
961559,0.21581802
961560,0.1660785
961561,0.1660785
961562,0.116276845
961563,0.036409598
961564,0.16039452
961565,0.15979429
961566,0.16448039
961567,0.17122589
961568,0.17122589
961569,0.17122589
961570,0.17122589
961571,0.17880736
961572,0.17880736
961573,0.17215857
961574,0.055823844
961575,0.027939288
961576,0.124777235
961577,0.120748155
961578,0.108110994
961579,0.10717782
961580,0.1063486
961581,0.1076868
961582,0.08552446
961583,0.019975536
961584,0.09187195
961585,0.08683983
961586,0.08431834
961587,0.08426699
961588,0.08426699
961589,0.08426699
961590,0.08426699
961591,0.09825711
961592,0.026494304
961593,0.12845485
961594,0.12432386
961595,0.11013029
961596,0.109181814
961597,0.10304225
961598,0.1076868
961599,0.14862014
961600,0.085116126
961601,0.21882808
961602,0.2092369
961603,0.21911389
961604,0.22507364
961605,0.23687439
961606,0.23687439
961607,0.23687439
961608,0.23687439
961609,0.26788267
961610,0.26788267
961611,0.2457976
961612,0.24416
961613,0.24813826
961614,0.18647324
961615,0.32798427
961616,0.25287512
961617,0.24624836
961618,0.22741352
961619,0.223522
961620,0.10817352
961621,0.017969811
961622,0.08339529
961623,0.07943239
961624,0.06656983
961625,0.0659687
961626,0.064061
961627,0.05031206
961628,0.029334536
961629,0.07186224
961630,0.07943978
961631,0.06040252
961632,0.056637608
961633,0.08308454
961634,0.04803713
961635,0.15864265
961636,0.01779486
961637,0.08859639
961638,0.07351732
961639,0.062273692
961640,0.06170879
961641,0.06120724
961642,0.052903567
961643,0.03459586
961644,0.124835484
961645,0.1280387
961646,0.12998185
961647,0.1320976
961648,0.11932941
961649,0.07529285
961650,0.15716608
961651,0.15716608
961652,0.15716608
961653,0.16159943
961654,0.016699277
961655,0.046350386
961656,0.045995075
961657,0.042854853
961658,0.04289793
961659,0.035933923
961660,0.025318325
961661,0.11468044
961662,0.114906974
961663,0.11529268
961664,0.1491558
961665,0.1491558
961666,0.1491558
961667,0.11240535
961668,0.11775241
961669,0.08088228
961670,0.046393182
961671,0.018710917
961672,0.088409215
961673,0.084229946
961674,0.094202355
961675,0.09337667
961676,0.09264314
961677,0.0656439
961678,0.05157396
961679,0.14336237
961680,0.022782031
961681,0.051820066
961682,0.05142508
961683,0.040041704
961684,0.022016253
961685,0.0886101
961686,0.09023397
961687,0.07576625
961688,0.101056665
961689,0.074021794
961690,0.074021794
961691,0.057967752
961692,0.3347801
961693,0.31117818
961694,0.29235625
961695,0.25726217
961696,0.19178605
961697,0.022782031
961698,0.051820066
961699,0.05142508
961700,0.05693278
961701,0.24924341
961702,0.14352247
961703,0.10535587
961704,0.020600462
961705,0.09468033
961706,0.08738768
961707,0.07419261
961708,0.073528074
961709,0.06501548
961710,0.058267046
961711,0.04969712
961712,0.5377191
961713,0.5732849
961714,0.6010031
961715,0.6084752
961716,0.6084752
961717,0.6084752
961718,0.6084752
961719,0.6084752
961720,0.6084752
961721,0.6001579
961722,0.7217075
961723,0.5821735
961724,0.576985
961725,0.44903204
961726,0.2380359
961727,0.02122367
961728,0.12406335
961729,0.12005416
961730,0.10976452
961731,0.10768316
961732,0.105509184
961733,0.10407795
961734,0.07265443
961735,0.031402215
961736,0.1573849
961737,0.16855945
961738,0.16903397
961739,0.16875385
961740,0.1595262
961741,0.160747
961742,0.160747
961743,0.21053703
961744,0.21053703
961745,0.20376574
961746,0.035356306
961747,0.15346529
961748,0.15488142
961749,0.27060196
961750,0.2036408
961751,0.16211222
961752,0.16359355
961753,0.1596629
961754,0.17046963
961755,0.20449194
961756,0.023806931
961757,0.1313122
961758,0.121852435
961759,0.11142817
961760,0.10931914
961761,0.07513754
961762,0.031600524
961763,0.13111609
961764,0.13086103
961765,0.15221456
961766,0.12056862
961767,0.10935965
961768,0.11893853
961769,0.09423689
961770,0.028031506
961771,0.13599095
961772,0.12521227
961773,0.11197678
961774,0.030322772
961775,0.13517569
961776,0.13086103
961777,0.11561288
961778,0.12056862
961779,0.11893853
961780,0.09281281
961781,0.22657363
961782,0.105205
961783,0.097743824
961784,0.081706874
961785,0.05595176
961786,0.1695643
961787,0.20093635
961788,0.3948331
961789,0.44607645
961790,0.40264723
961791,0.41540012
961792,0.4177858
961793,0.4177858
961794,0.42421547
961795,0.4177858
961796,0.4177858
961797,0.4177858
961798,0.4064236
961799,0.2623779
961800,0.03135813
961801,0.09658835
961802,0.09337241
961803,0.090915255
961804,0.0912613
961805,0.09079476
961806,0.07237159
961807,0.31547433
961808,0.24731135
961809,0.24078338
961810,0.21893951
961811,0.24446411
961812,0.23356286
961813,0.02993471
961814,0.2747594
961815,0.3229333
961816,0.4025318
961817,0.42883182
961818,0.42883182
961819,0.42883182
961820,0.42883182
961821,0.42883182
961822,0.43507266
961823,0.43280897
961824,0.43258247
961825,0.42339307
961826,0.42339307
961827,0.33573782
961828,0.030194486
961829,0.1264745
961830,0.12239828
961831,0.121882856
961832,0.12035856
961833,0.12262423
961834,0.12262423
961835,0.08997691
961836,0.14244823
961837,0.05919591
961838,0.05076302
961839,0.04100754
961840,0.17384988
961841,0.021577444
961842,0.15722664
961843,0.16865587
961844,0.17354822
961845,0.18114835
961846,0.18114835
961847,0.18114835
961848,0.18114835
961849,0.20941219
961850,0.18891272
961851,0.20332332
961852,0.18615963
961853,0.17852892
961854,0.20642585
961855,0.096298836
961856,0.042800233
961857,0.042964656
961858,0.043209814
961859,0.042942084
961860,0.04306341
961861,0.035040807
961862,0.014293075
961863,0.042800233
961864,0.042964656
961865,0.043209814
961866,0.042942084
961867,0.04070187
961868,0.033236995
961869,0.021344705
961870,0.04916871
961871,0.048597768
961872,0.044998102
961873,0.21689063
961874,0.2161042
961875,0.39445752
961876,0.21109158
961877,0.21989839
961878,0.22654302
961879,0.22654302
961880,0.42666805
961881,0.23569305
961882,0.23569305
961883,0.22147268
961884,0.21994989
961885,0.21691504
961886,0.1659137
961887,0.014527809
961888,0.059718553
961889,0.056338318
961890,0.054718245
961891,0.05461512
961892,0.056627955
961893,0.056627955
961894,0.055575863
961895,0.045993064
961896,0.1282708
961897,0.014527809
961898,0.059718553
961899,0.056338318
961900,0.054718245
961901,0.05461512
961902,0.056627955
961903,0.056627955
961904,0.055575863
961905,0.045993064
961906,0.014624703
961907,0.059718553
961908,0.056338318
961909,0.054718245
961910,0.05461512
961911,0.056627955
961912,0.056627955
961913,0.055575863
961914,0.045993064
961915,0.07849416
961916,0.20396431
961917,0.097648196
961918,0.085656084
961919,0.08111646
961920,0.08825383
961921,0.060370144
961922,0.31381315
961923,0.2321825
961924,0.17746621
961925,0.018149516
961926,0.087657526
961927,0.08351054
961928,0.07907479
961929,0.07899673
961930,0.077878915
961931,0.079928175
961932,0.06062612
961933,0.21633278
961934,0.1885159
961935,0.17518492
961936,0.16850801
961937,0.16903536
961938,0.16519602
961939,0.13049717
961940,0.045715667
961941,0.019893562
961942,0.095087476
961943,0.089896664
961944,0.08740096
961945,0.08724192
961946,0.08724192
961947,0.08951364
961948,0.08951364
961949,0.068903506
961950,0.026358113
961951,0.18523118
961952,0.1743463
961953,0.16769484
961954,0.16701438
961955,0.1274887
961956,0.07997758
961957,0.051909626
961958,0.015793245
961959,0.06457704
961960,0.062784255
961961,0.062181022
961962,0.06243951
961963,0.06380151
961964,0.06243951
961965,0.06243951
961966,0.04679381
961967,0.017938694
961968,0.08573213
961969,0.08166808
961970,0.07732194
961971,0.07663169
961972,0.07554459
961973,0.07753759
961974,0.058775965
961975,0.063549936
961976,0.42775965
961977,0.46156135
961978,0.515534
961979,0.5314628
961980,0.5314628
961981,0.5314628
961982,0.5314628
961983,0.5314628
961984,0.5314628
961985,0.5512208
961986,0.5591703
961987,0.49434236
961988,0.49044347
961989,0.297939
961990,0.025085334
961991,0.05838953
961992,0.01438473
961993,0.061210513
961994,0.05909544
961995,0.056141302
961996,0.055966947
961997,0.055155482
961998,0.055155482
961999,0.04444833
962000,0.017938694
962001,0.08573213
962002,0.08166808
962003,0.07732194
962004,0.07663169
962005,0.07554459
962006,0.07753759
962007,0.058775965
962008,0.067653894
962009,0.49484462
962010,0.5897787
962011,0.6441818
962012,0.66106766
962013,0.66106766
962014,0.66106766
962015,0.66140026
962016,0.66140026
962017,0.66140026
962018,0.662375
962019,0.6620752
962020,0.65937185
962021,0.65585965
962022,0.65585965
962023,0.6543009
962024,0.6543009
962025,0.6461498
962026,0.6461498
962027,0.6407256
962028,0.36072972
962029,0.022092532
962030,0.10245396
962031,0.102372624
962032,0.094233975
962033,0.09406378
962034,0.09406378
962035,0.09406378
962036,0.09406378
962037,0.07248941
962038,0.025288217
962039,0.24447323
962040,0.2535702
962041,0.25563723
962042,0.25617725
962043,0.25617725
962044,0.25617725
962045,0.25617725
962046,0.25617725
962047,0.23942086
962048,0.019835182
962049,0.09310103
962050,0.088721566
962051,0.08403441
962052,0.083289646
962053,0.08211649
962054,0.08211649
962055,0.06694808
962056,0.09626572
962057,0.020205477
962058,0.07919493
962059,0.08841271
962060,0.08374037
962061,0.122026496
962062,0.081828564
962063,0.085440665
962064,0.21634857
962065,0.49082306
962066,0.62067974
962067,0.68308234
962068,0.7097866
962069,0.7097866
962070,0.7097866
962071,0.71009237
962072,0.71009237
962073,0.71009237
962074,0.71098816
962075,0.70434225
962076,0.70297503
962077,0.6997076
962078,0.6997076
962079,0.6982562
962080,0.6982562
962081,0.6872262
962082,0.6872262
962083,0.6821219
962084,0.6689173
962085,0.6673401
962086,0.66485924
962087,0.46381316
962088,0.028760867
962089,0.13503397
962090,0.08889914
962091,0.085171305
962092,0.08441739
962093,0.083747745
962094,0.081828564
962095,0.06209855
962096,0.3629934
962097,0.03861827
962098,0.11254356
962099,0.09729684
962100,0.07601784
962101,0.082825206
962102,0.0752256
962103,0.02694801
962104,0.110291846
962105,0.09960993
962106,0.09548001
962107,0.0946443
962108,0.07904872
962109,0.19934653
962110,0.024686936
962111,0.11229129
962112,0.10872336
962113,0.10695244
962114,0.11155859
962115,0.11155859
962116,0.11575324
962117,0.10591966
962118,0.08187178
962119,0.23549455
962120,0.22290517
962121,0.21930973
962122,0.15662508
962123,0.20850116
962124,0.20288853
962125,0.14395162
962126,0.025053006
962127,0.0875856
962128,0.08471377
962129,0.08426963
962130,0.08511161
962131,0.091326214
962132,0.08783434
962133,0.0272424
962134,0.12280429
962135,0.11987828
962136,0.08489032
962137,0.08413867
962138,0.08295464
962139,0.08295464
962140,0.06297173
962141,0.041556
962142,0.22690576
962143,0.021902975
962144,0.1223258
962145,0.10967509
962146,0.125022
962147,0.10985014
962148,0.10985014
962149,0.10985014
962150,0.10985014
962151,0.11207984
962152,0.07721809
962153,0.15608941
962154,0.021902975
962155,0.110111736
962156,0.10967509
962157,0.110045426
962158,0.117109396
962159,0.22216304
962160,0.117109396
962161,0.10985014
962162,0.11207984
962163,0.07721809
962164,0.21956345
962165,0.24833578
962166,0.22958982
962167,0.21560627
962168,0.16602735
962169,0.029237235
962170,0.30691743
962171,0.13957408
962172,0.14051853
962173,0.15549037
962174,0.14027767
962175,0.14921062
962176,0.31138018
962177,0.14302571
962178,0.14302571
962179,0.1151407
962180,0.03040961
962181,0.22662579
962182,0.22858612
962183,0.2182798
962184,0.21744771
962185,0.23006243
962186,0.115480416
962187,0.39465848
962188,0.3946678
962189,0.48132053
962190,0.49878347
962191,0.52829874
962192,0.5049939
962193,0.5250766
962194,0.510643
962195,0.510643
962196,0.511113
962197,0.5107781
962198,0.50685793
962199,0.50685793
962200,0.50685793
962201,0.50513357
962202,0.50513357
962203,0.50051516
962204,0.35237548
962205,0.1517755
962206,0.5891545
962207,0.602645
962208,0.6968166
962209,0.7036957
962210,0.71141714
962211,0.7305983
962212,0.72439367
962213,0.73315907
962214,0.73315907
962215,0.736705
962216,0.736705
962217,0.73735106
962218,0.73735106
962219,0.73735106
962220,0.73601294
962221,0.73601294
962222,0.7390332
962223,0.7390332
962224,0.7395837
962225,0.7410292
962226,0.7396619
962227,0.73750824
962228,0.73750824
962229,0.73121464
962230,0.73079735
962231,0.75185984
962232,0.7359797
962233,0.7261392
962234,0.7261392
962235,0.7261392
962236,0.72260976
962237,0.5534458
962238,0.19854064
962239,0.103910446
962240,0.09602255
962241,0.13777323
962242,0.26963723
962243,0.12659833
962244,0.1132452
962245,0.10489197
962246,0.09922394
962247,0.07815179
962248,0.22831775
962249,0.2908
962250,0.024699247
962251,0.09687007
962252,0.09372298
962253,0.088797316
962254,0.08747953
962255,0.08662039
962256,0.09100444
962257,0.06887606
962258,0.23893927
962259,0.20041497
962260,0.1643581
962261,0.16267839
962262,0.12646541
962263,0.08366392
962264,0.030177059
962265,0.11674801
962266,0.101851106
962267,0.09805326
962268,0.1025761
962269,0.07131738
962270,0.12868781
962271,0.03486619
962272,0.11770023
962273,0.1214397
962274,0.123132944
962275,0.12595205
962276,0.13750878
962277,0.13750878
962278,0.13750878
962279,0.11941256
962280,0.2165562
962281,0.013615109
962282,0.057764824
962283,0.04996839
962284,0.04722247
962285,0.049902324
962286,0.036960695
962287,0.058391325
962288,0.27836132
962289,0.30606022
962290,0.32712826
962291,0.35273856
962292,0.37614894
962293,0.37614894
962294,0.37614894
962295,0.37614894
962296,0.37614894
962297,0.37206295
962298,0.36999682
962299,0.27464542
962300,0.19737983
962301,0.08768177
962302,0.1607963
962303,0.09711161
962304,0.09783743
962305,0.0945078
962306,0.090172805
962307,0.034942925
962308,0.10353704
962309,0.10390945
962310,0.10144179
962311,0.1034241
962312,0.10297354
962313,0.04357151
962314,0.042742416
962315,0.026884615
962316,0.096627824
962317,0.08451555
962318,0.08929673
962319,0.09434133
962320,0.0953391
962321,0.0953391
962322,0.09638419
962323,0.07817177
962324,0.031270362
962325,0.054373838
962326,0.02367002
962327,0.09217032
962328,0.08908699
962329,0.087726004
962330,0.08812367
962331,0.08781548
962332,0.084672965
962333,0.072532095
962334,0.04329873
962335,0.21316391
962336,0.21806885
962337,0.2295095
962338,0.23758873
962339,0.22664727
962340,0.23324163
962341,0.22876778
962342,0.22876778
962343,0.22876778
962344,0.23034671
962345,0.16373608
962346,0.023713062
962347,0.09217032
962348,0.08908699
962349,0.087726004
962350,0.087116204
962351,0.08781548
962352,0.072532095
962353,0.02663758
962354,0.10218778
962355,0.09946188
962356,0.10093383
962357,0.09131517
962358,0.099587955
962359,0.099587955
962360,0.10067443
962361,0.08172466
962362,0.02842
962363,0.10653464
962364,0.09687571
962365,0.09485071
962366,0.093031734
962367,0.101896174
962368,0.04371693
962369,0.043380883
962370,0.13645239
962371,0.18545087
962372,0.3020702
962373,0.18317279
962374,0.19841774
962375,0.18939659
962376,0.19821715
962377,0.17934273
962378,0.030522188
962379,0.27753136
962380,0.28055888
962381,0.15636343
962382,0.16146378
962383,0.16146378
962384,0.3129882
962385,0.17578204
962386,0.35589543
962387,0.33837405
962388,0.18214372
962389,0.22081806
962390,0.03437228
962391,0.13984798
962392,0.07756575
962393,0.07731592
962394,0.085623525
962395,0.07806476
962396,0.08011849
962397,0.08011849
962398,0.06520773
962399,0.08053052
962400,0.04928115
962401,0.051919635
962402,0.043942302
962403,0.29067948
962404,0.31271404
962405,0.35893604
962406,0.37226805
962407,0.37226805
962408,0.3788809
962409,0.3788809
962410,0.39131555
962411,0.39131555
962412,0.38912272
962413,0.38890344
962414,0.38583136
962415,0.38583136
962416,0.38583136
962417,0.23991303
962418,0.013898235
962419,0.047789656
962420,0.047972288
962421,0.048802324
962422,0.04931905
962423,0.04931905
962424,0.04486622
962425,0.07334004
962426,0.3782744
962427,0.42295676
962428,0.49824947
962429,0.610651
962430,0.5287783
962431,0.5357984
962432,0.5406775
962433,0.75306666
962434,0.55368865
962435,0.55818236
962436,0.5906571
962437,0.5884554
962438,0.5884554
962439,0.55560637
962440,0.55390245
962441,0.52765137
962442,0.7127539
962443,0.69795316
962444,0.70477223
962445,0.45508578
962446,0.016868629
962447,0.046828587
962448,0.046469767
962449,0.047275104
962450,0.047776476
962451,0.056221984
962452,0.046077225
962453,0.108452566
962454,0.104992166
962455,0.103274986
962456,0.10309032
962457,0.09543246
962458,0.09543246
962459,0.14774825
962460,0.07629103
962461,0.26547116
962462,0.10468867
962463,0.096481554
962464,0.0764695
962465,0.021597475
962466,0.094457164
962467,0.09002024
962468,0.08527089
962469,0.09007447
962470,0.08936432
962471,0.068546474
962472,0.5299519
962473,0.5386458
962474,0.5741968
962475,0.6018969
962476,0.6093632
962477,0.6093632
962478,0.6093632
962479,0.6093632
962480,0.6093632
962481,0.6093632
962482,0.60385966
962483,0.65334404
962484,0.58459115
962485,0.58079803
962486,0.3539065
962487,0.34522554
962488,0.2505459
962489,0.2408251
962490,0.21555577
962491,0.13729835
962492,0.026428292
962493,0.10468867
962494,0.096481554
962495,0.123463094
962496,0.02442592
962497,0.097333744
962498,0.09786603
962499,0.09380089
962500,0.09297835
962501,0.09453801
962502,0.09453801
962503,0.078891784
962504,0.04236724
962505,0.27212137
962506,0.22323138
962507,0.033206437
962508,0.09922744
962509,0.1455628
962510,0.1398235
962511,0.12616172
962512,0.08547827
962513,0.08547827
962514,0.06550058
962515,0.027819289
962516,0.25147766
962517,0.2475682
962518,0.25889984
962519,0.23941644
962520,0.23321678
962521,0.23321678
962522,0.16384906
962523,0.12231453
962524,0.4317138
962525,0.04137703
962526,0.2672599
962527,0.21898063
962528,0.08292972
962529,0.04638528
962530,0.046562813
962531,0.046736132
962532,0.047232073
962533,0.047232073
962534,0.042959146
962535,0.04211887
962536,0.29965454
962537,0.25488472
962538,0.22398064
962539,0.020315904
962540,0.04994706
962541,0.04956559
962542,0.1375456
962543,0.12136729
962544,0.16995502
962545,0.10666579
962546,0.09844204
962547,0.09435547
962548,0.093528576
962549,0.072405346
962550,0.021191165
962551,0.04994706
962552,0.04956559
962553,0.04741115
962554,0.21403117
962555,0.10468867
962556,0.12127512
962557,0.021047557
962558,0.09321228
962559,0.09091833
962560,0.08711391
962561,0.08634443
962562,0.08566092
962563,0.08566092
962564,0.06564361
962565,0.061799917
962566,0.27924404
962567,0.29273343
962568,0.30655554
962569,0.3226383
962570,0.3226383
962571,0.3226383
962572,0.3226383
962573,0.3226383
962574,0.3226383
962575,0.32062757
962576,0.24926539
962577,0.019632658
962578,0.08606673
962579,0.08524251
962580,0.080722876
962581,0.08000489
962582,0.07887403
962583,0.07887403
962584,0.060470507
962585,0.20126532
962586,0.086967364
962587,0.08404197
962588,0.08367266
962589,0.08450922
962590,0.08455429
962591,0.070812985
962592,0.021231908
962593,0.1917214
962594,0.06990349
962595,0.07015012
962596,0.07138607
962597,0.07138607
962598,0.07138607
962599,0.20809148
962600,0.07450075
962601,0.06698103
962602,0.023706783
962603,0.1133594
962604,0.11291151
962605,0.11329138
962606,0.113091074
962607,0.11812471
962608,0.113091074
962609,0.113091074
962610,0.11846643
962611,0.082506314
962612,0.2813461
962613,0.3680753
962614,0.36571404
962615,0.3613118
962616,0.35907295
962617,0.34192264
962618,0.025954952
962619,0.08972037
962620,0.08439561
962621,0.08625751
962622,0.08711748
962623,0.087163806
962624,0.073032245
962625,0.015729917
962626,0.054956812
962627,0.055549417
962628,0.056382906
962629,0.057391264
962630,0.057391264
962631,0.057391264
962632,0.057391264
962633,0.061138134
962634,0.021441532
962635,0.09833773
962636,0.109089114
962637,0.10731296
962638,0.107121944
962639,0.107121944
962640,0.107121944
962641,0.107121944
962642,0.085858434
962643,0.043638133
962644,0.6727783
962645,0.5477641
962646,0.30518648
962647,0.5540264
962648,0.5540264
962649,0.5540264
962650,0.5540264
962651,0.5540264
962652,0.5540264
962653,0.54998577
962654,0.4982722
962655,0.6560252
962656,0.53013575
962657,0.3970059
962658,0.027002992
962659,0.089644045
962660,0.08663716
962661,0.08625751
962662,0.08711748
962663,0.087163806
962664,0.07371808
962665,0.015126516
962666,0.051750112
962667,0.051947057
962668,0.052139323
962669,0.05268943
962670,0.05268943
962671,0.05268943
962672,0.050744962
962673,0.19459511
962674,0.11443926
962675,0.08661537
962676,0.022637527
962677,0.098669924
962678,0.09625591
962679,0.08028279
962680,0.07956839
962681,0.078933895
962682,0.078933895
962683,0.060384743
962684,0.0696764
962685,0.52222127
962686,0.4374984
962687,0.55198896
962688,0.5540264
962689,0.5540264
962690,0.5540264
962691,0.5540264
962692,0.5540264
962693,0.5540264
962694,0.54998577
962695,0.54119265
962696,0.4871612
962697,0.54019636
962698,0.3970059
962699,0.12767974
962700,0.0350607
962701,0.074722804
962702,0.06738091
962703,0.29541817
962704,0.30288428
962705,0.3055411
962706,0.3084836
962707,0.3084836
962708,0.3084836
962709,0.3084836
962710,0.3084836
962711,0.3084836
962712,0.30888492
962713,0.3012628
962714,0.2906135
962715,0.28907496
962716,0.28907496
962717,0.2854666
962718,0.2854666
962719,0.14906344
962720,0.024413979
962721,0.113108456
962722,0.10951773
962723,0.10773545
962724,0.10754377
962725,0.10754377
962726,0.12303207
962727,0.10864781
962728,0.15133914
962729,0.02256267
962730,0.11287161
962731,0.10395452
962732,0.09910499
962733,0.097203694
962734,0.06608476
962735,0.018098764
962736,0.15076402
962737,0.13595875
962738,0.15382914
962739,0.1381454
962740,0.13616931
962741,0.15954076
962742,0.13616931
962743,0.14107218
962744,0.11435159
962745,0.19700268
962746,0.14942919
962747,0.08888343
962748,0.057831492
962749,0.057393443
962750,0.056946557
962751,0.054514457
962752,0.06854763
962753,0.03169349
962754,0.119146645
962755,0.11280617
962756,0.10975114
962757,0.10955632
962758,0.10955632
962759,0.10955632
962760,0.10955632
962761,0.08858559
962762,0.040514104
962763,0.1524196
962764,0.15620428
962765,0.15670408
962766,0.15917522
962767,0.16279581
962768,0.16279581
962769,0.17129445
962770,0.17129445
962771,0.12586157
962772,0.018250382
962773,0.057101183
962774,0.057317264
962775,0.057528198
962776,0.057585128
962777,0.057585128
962778,0.057585128
962779,0.05518376
962780,0.029917767
962781,0.114634775
962782,0.10471238
962783,0.07436022
962784,0.03780024
962785,0.1546344
962786,0.112010784
962787,0.095494054
962788,0.09763329
962789,0.096279316
962790,0.0878285
962791,0.4845483
962792,0.47996172
962793,0.5080728
962794,0.5472877
962795,0.53356427
962796,0.53356427
962797,0.53356427
962798,0.53356427
962799,0.53356427
962800,0.5384935
962801,0.5363067
962802,0.5094753
962803,0.36032543
962804,0.14319375
962805,0.02043916
962806,0.086476654
962807,0.08879546
962808,0.08910235
962809,0.08981662
962810,0.08981662
962811,0.08981662
962812,0.08981662
962813,0.093654364
962814,0.08395465
962815,0.1804067
962816,0.6136293
962817,0.61980754
962818,0.71185654
962819,0.7304475
962820,0.7583157
962821,0.75576407
962822,0.75905275
962823,0.7581649
962824,0.7776288
962825,0.76148677
962826,0.76148677
962827,0.76083297
962828,0.76083297
962829,0.7759171
962830,0.8334548
962831,0.7595754
962832,0.7624131
962833,0.67061055
962834,0.7782709
962835,0.8263519
962836,0.8363348
962837,0.7633702
962838,0.7633702
962839,0.75749284
962840,0.7571028
962841,0.7571028
962842,0.76194364
962843,0.7527458
962844,0.7527458
962845,0.55166686
962846,0.04331245
962847,0.13906895
962848,0.12858662
962849,0.12804891
962850,0.12926653
962851,0.10760983
962852,0.019453533
962853,0.060557872
962854,0.060786184
962855,0.06100906
962856,0.061069213
962857,0.061069213
962858,0.05533004
962859,0.032395616
962860,0.12856092
962861,0.12551746
962862,0.12045708
962863,0.11943163
962864,0.12173852
962865,0.08634595
962866,0.09908766
962867,0.040814165
962868,0.069283366
962869,0.23479784
962870,0.7387114
962871,0.72020143
962872,0.7691846
962873,0.8343552
962874,0.80049944
962875,0.81618315
962876,0.82655823
962877,0.8634566
962878,0.87387025
962879,0.8850379
962880,0.8850379
962881,0.8771962
962882,0.8878693
962883,0.83074534
962884,0.8871806
962885,0.871356
962886,0.8874626
962887,0.88766515
962888,0.8718986
962889,0.88581145
962890,0.88406235
962891,0.88509005
962892,0.9082327
962893,0.905508
962894,0.9027893
962895,0.8680646
962896,0.87107056
962897,0.865344
962898,0.85197294
962899,0.85197294
962900,0.85881144
962901,0.84498507
962902,0.79407513
962903,0.79407513
962904,0.7165719
962905,0.7165719
962906,0.7140668
962907,0.7140668
962908,0.7296652
962909,0.4611328
962910,0.02581039
962911,0.056230787
962912,0.05580414
962913,0.055368904
962914,0.05098399
