obs_id,target
911345,0.18627656
911346,0.09266998
911347,0.035789408
911348,0.029428456
911349,0.032057215
911350,0.028785972
911351,0.029888524
911352,0.040899843
911353,0.5064878
911354,0.536935
911355,0.29730874
911356,0.39028293
911357,0.36468536
911358,0.43400446
911359,0.46750423
911360,0.3716225
911361,0.37744683
911362,0.38740587
911363,0.28610733
911364,0.4310931
911365,0.30067205
911366,0.22454861
911367,0.07406522
911368,0.08522712
911369,0.08524534
911370,0.072836526
911371,0.07201704
911372,0.023306817
911373,0.067487024
911374,0.08114925
911375,0.0711333
911376,0.06720147
911377,0.07595798
911378,0.08030901
911379,0.049327325
911380,0.022748793
911381,0.08123142
911382,0.09885927
911383,0.07723054
911384,0.07488613
911385,0.109575
911386,0.09947628
911387,0.08032759
911388,0.073757425
911389,0.07899684
911390,0.09139616
911391,0.09144337
911392,0.07411334
911393,0.07302992
911394,0.094313696
911395,0.14201511
911396,0.036155093
911397,0.107493095
911398,0.08126835
911399,0.20709148
911400,0.15178037
911401,0.098600306
911402,0.089670494
911403,0.09972916
911404,0.08055725
911405,0.07709568
911406,0.10079849
911407,0.10309467
911408,0.10765287
911409,0.094351195
911410,0.09493569
911411,0.1114316
911412,0.25652036
911413,0.029173126
911414,0.112960406
911415,0.13241966
911416,0.14428018
911417,0.102149084
911418,0.10749295
911419,0.114678144
911420,0.12632178
911421,0.0750413
911422,0.22328924
911423,0.04567563
911424,0.11229436
911425,0.102323696
911426,0.11483829
911427,0.12369759
911428,0.15078585
911429,0.19201641
911430,0.14903595
911431,0.09964751
911432,0.12958097
911433,0.049773414
911434,0.06941553
911435,0.08802536
911436,0.053049725
911437,0.042431228
911438,0.05925102
911439,0.19044828
911440,0.09638917
911441,0.11030826
911442,0.11063085
911443,0.016106403
911444,0.059492998
911445,0.056021444
911446,0.04988847
911447,0.055956166
911448,0.054568052
911449,0.055516843
911450,0.050188493
911451,0.04186549
911452,0.028994039
911453,0.08293777
911454,0.06402433
911455,0.09629348
911456,0.08060758
911457,0.0639104
911458,0.0754362
911459,0.10921753
911460,0.05598261
911461,0.021367332
911462,0.17859504
911463,0.1769033
911464,0.19582677
911465,0.2481873
911466,0.20232154
911467,0.19159912
911468,0.21175525
911469,0.17500961
911470,0.016306095
911471,0.06636058
911472,0.05219494
911473,0.050202154
911474,0.052195683
911475,0.04494083
911476,0.064260505
911477,0.04077655
911478,0.32056662
911479,0.3272926
911480,0.34871125
911481,0.41209844
911482,0.4184837
911483,0.4018757
911484,0.36794204
911485,0.45395106
911486,0.42328668
911487,0.39235643
911488,0.37918624
911489,0.37070462
911490,0.2960334
911491,0.16637626
911492,0.09233324
911493,0.014281309
911494,0.053728823
911495,0.057758182
911496,0.057479043
911497,0.06515541
911498,0.054199755
911499,0.059522122
911500,0.05155827
911501,0.06299731
911502,0.008653172
911503,0.050226998
911504,0.047022898
911505,0.04683506
911506,0.045968235
911507,0.048164144
911508,0.14055799
911509,0.014712202
911510,0.048436277
911511,0.048135985
911512,0.038700223
911513,0.063136704
911514,0.06569658
911515,0.065367825
911516,0.041452788
911517,0.008554192
911518,0.048383888
911519,0.050976157
911520,0.047184277
911521,0.12234595
911522,0.0711608
911523,0.026424967
911524,0.015200058
911525,0.043853935
911526,0.060576845
911527,0.047039803
911528,0.081215195
911529,0.041153934
911530,0.18798284
911531,0.05267502
911532,0.107448496
911533,0.12858824
911534,0.07844303
911535,0.08317397
911536,0.07355699
911537,0.056708235
911538,0.026538942
911539,0.05271119
911540,0.058134846
911541,0.10362461
911542,0.0962449
911543,0.14896066
911544,0.09192939
911545,0.09670338
911546,0.06944364
911547,0.33538538
911548,0.14195237
911549,0.17389172
911550,0.123009324
911551,0.12320539
911552,0.013816277
911553,0.06540873
911554,0.08711867
911555,0.08329824
911556,0.06895962
911557,0.050417915
911558,0.13003132
911559,0.06510147
911560,0.5267993
911561,0.56869245
911562,0.6706913
911563,0.69238573
911564,0.6116409
911565,0.69187397
911566,0.69043916
911567,0.6448331
911568,0.66033137
911569,0.5551242
911570,0.6457539
911571,0.5168625
911572,0.62849027
911573,0.5203728
911574,0.605157
911575,0.5977933
911576,0.64294934
911577,0.2732526
911578,0.020567898
911579,0.1137701
911580,0.105641
911581,0.18690184
911582,0.088759534
911583,0.0828017
911584,0.0276731
911585,0.14641117
911586,0.14078963
911587,0.14441599
911588,0.13352543
911589,0.13736355
911590,0.090932086
911591,0.12068632
911592,0.102754325
911593,0.03398487
911594,0.12559399
911595,0.08469791
911596,0.037012756
911597,0.102557205
911598,0.31241086
911599,0.027419621
911600,0.21055235
911601,0.1294467
911602,0.16077982
911603,0.13496685
911604,0.13239372
911605,0.14239466
911606,0.064205535
911607,0.0577396
911608,0.065793365
911609,0.049284536
911610,0.021606637
911611,0.112188876
911612,0.07847385
911613,0.09587063
911614,0.084750995
911615,0.08612699
911616,0.075896434
911617,0.08022629
911618,0.0925233
911619,0.06635959
911620,0.066408955
911621,0.05154938
911622,0.015318037
911623,0.15254256
911624,0.9954987
911625,0.11921611
911626,0.10769335
911627,0.11966416
911628,0.10517558
911629,0.09472412
911630,0.09387598
911631,0.11301584
911632,0.99536115
911633,0.08810921
911634,0.07221423
911635,0.016566122
911636,0.095923856
911637,0.059590004
911638,0.09993245
911639,0.08230525
911640,0.100297794
911641,0.0812563
911642,0.06911629
911643,0.009790318
911644,0.039829403
911645,0.037414182
911646,0.03796823
911647,0.042676423
911648,0.036633387
911649,0.036585614
911650,0.037859228
911651,0.034627926
911652,0.027315862
911653,0.19502307
911654,0.10419109
911655,0.07171552
911656,0.10084531
911657,0.1769678
911658,0.018111166
911659,0.11207635
911660,0.081975766
911661,0.062353656
911662,0.17934088
911663,0.072843134
911664,0.0870026
911665,0.09025582
911666,0.07477994
911667,0.08417015
911668,0.07564852
911669,0.041648008
911670,0.05925962
911671,0.07529317
911672,0.032225195
911673,0.07987126
911674,0.06704246
911675,0.11701643
911676,0.07558447
911677,0.023995403
911678,0.07127005
911679,0.10315639
911680,0.035447206
911681,0.110232666
911682,0.09028695
911683,0.11811334
911684,0.08189067
911685,0.110152036
911686,0.029160082
911687,0.11242567
911688,0.11459341
911689,0.077304624
911690,0.2202494
911691,0.28596157
911692,0.14859352
911693,0.15687597
911694,0.19143926
911695,0.11852313
911696,0.100861795
911697,0.115840405
911698,0.050674215
911699,0.040851396
911700,0.045321457
911701,0.03516503
911702,0.06990097
911703,0.34059238
911704,0.3529037
911705,0.36112708
911706,0.3207
911707,0.39537197
911708,0.36815205
911709,0.3950656
911710,0.2840018
911711,0.34559605
911712,0.39876592
911713,0.379875
911714,0.25290853
911715,0.009521145
911716,0.038575847
911717,0.030439189
911718,0.031567086
911719,0.034185883
911720,0.036413155
911721,0.054974042
911722,0.032047104
911723,0.099840656
911724,0.11481158
911725,0.1448836
911726,0.12942782
911727,0.15939239
911728,0.17438163
911729,0.16366456
911730,0.122152515
911731,0.19007704
911732,0.48774165
911733,0.57348394
911734,0.70293534
911735,0.7494095
911736,0.7860816
911737,0.83656317
911738,0.8072967
911739,0.8370307
911740,0.85821456
911741,0.8501518
911742,0.8886424
911743,0.8602326
911744,0.8881019
911745,0.8448891
911746,0.890297
911747,0.8485944
911748,0.86603284
911749,0.87043923
911750,0.8928789
911751,0.8804732
911752,0.8982355
911753,0.9065637
911754,0.8726703
911755,0.8916127
911756,0.8663827
911757,0.893887
911758,0.90230423
911759,0.8741443
911760,0.8793764
911761,0.86238235
911762,0.884688
911763,0.87027365
911764,0.8991998
911765,0.8689044
911766,0.8300628
911767,0.78145593
911768,0.7868668
911769,0.782841
911770,0.8157405
911771,0.8287686
911772,0.80654883
911773,0.79340994
911774,0.769559
911775,0.7415277
911776,0.62182325
911777,0.25798634
911778,0.1265486
911779,0.086891115
911780,0.087675855
911781,0.0816588
911782,0.07208522
911783,0.013448738
911784,0.07263692
911785,0.071952425
911786,0.08306603
911787,0.07993862
911788,0.06564048
911789,0.056299638
911790,0.2538643
911791,0.21332973
911792,0.12492884
911793,0.120032325
911794,0.18774965
911795,0.015311538
911796,0.10430557
911797,0.08640654
911798,0.071471855
911799,0.07569513
911800,0.082013346
911801,0.07703258
911802,0.05812888
911803,0.3325659
911804,0.06120281
911805,0.16771874
911806,0.15829816
911807,0.1616698
911808,0.15159635
911809,0.19677937
911810,0.033377483
911811,0.07188948
911812,0.06877593
911813,0.09037574
911814,0.058778983
911815,0.06317173
911816,0.08307435
911817,0.05141141
911818,0.14734918
911819,0.13501878
911820,0.042726535
911821,0.33839834
911822,0.37076238
911823,0.22323678
911824,0.1813907
911825,0.20136988
911826,0.15714808
911827,0.0945332
911828,0.4163913
911829,0.41500023
911830,0.56413215
911831,0.54859674
911832,0.5696641
911833,0.5506722
911834,0.42297736
911835,0.47693092
911836,0.58342993
911837,0.4723968
911838,0.6573473
911839,0.4966203
911840,0.62589467
911841,0.56984717
911842,0.37136763
911843,0.1157026
911844,0.12800545
911845,0.13226704
911846,0.13189586
911847,0.30938542
911848,0.25237927
911849,0.25628307
911850,0.24814603
911851,0.2621606
911852,0.20947035
911853,0.4353351
911854,0.48644468
911855,0.377713
911856,0.2505525
911857,0.022488112
911858,0.12131974
911859,0.12705287
911860,0.12628496
911861,0.16011867
911862,0.17325276
911863,0.11242726
911864,0.10269269
911865,0.1307186
911866,0.16193932
911867,0.19657706
911868,0.29827523
911869,0.24637593
911870,0.33739018
911871,0.13893221
911872,0.3230961
911873,0.23619297
911874,0.24995275
911875,0.2938516
911876,0.2309798
911877,0.038096394
911878,0.3086147
911879,0.25684685
911880,0.27655
911881,0.02547927
911882,0.13962801
911883,0.22547646
911884,0.25028372
911885,0.28976426
911886,0.08202058
911887,0.29032984
911888,0.08496586
911889,0.12275017
911890,0.11901511
911891,0.08883899
911892,0.12027361
911893,0.5024074
911894,0.5220332
911895,0.43631783
911896,0.44484395
911897,0.47682312
911898,0.53726673
911899,0.45551202
911900,0.42101443
911901,0.5297939
911902,0.5779502
911903,0.5568315
911904,0.40700254
911905,0.12466356
911906,0.098159015
911907,0.024575122
911908,0.066087954
911909,0.064630225
911910,0.05965777
911911,0.10064993
911912,0.09136817
911913,0.07709724
911914,0.065533884
911915,0.06661894
911916,0.09784835
911917,0.046245296
911918,0.03695569
911919,0.3180838
911920,0.37557268
911921,0.3783102
911922,0.3948012
911923,0.4210885
911924,0.32827684
911925,0.34410748
911926,0.30694115
911927,0.29055744
911928,0.02547882
911929,0.062459137
911930,0.05660302
911931,0.05010797
911932,0.16929573
911933,0.013658474
911934,0.047074173
911935,0.05848953
911936,0.044598073
911937,0.041777916
911938,0.042529806
911939,0.045019377
911940,0.05718811
911941,0.031618744
911942,0.059405312
911943,0.041653685
911944,0.052200217
911945,0.018563727
911946,0.058865007
911947,0.118021004
911948,0.06581331
911949,0.06007383
911950,0.10635503
911951,0.06741598
911952,0.077520095
911953,0.16604388
911954,0.09129108
911955,0.0624421
911956,0.29527006
911957,0.0077509955
911958,0.032217808
911959,0.026226042
911960,0.021810396
911961,0.01054714
911962,0.016302226
911963,0.013224328
911964,0.04991398
911965,0.061275255
911966,0.051788885
911967,0.045138244
911968,0.05207922
911969,0.03109999
911970,0.01980926
911971,0.020514892
911972,0.021350581
911973,0.027551342
911974,0.023429843
911975,0.12281658
911976,0.023832705
911977,0.027069574
911978,0.080829054
911979,0.061058085
911980,0.04385744
911981,0.026276058
911982,0.0815098
911983,0.0056161736
911984,0.01979224
911985,0.025995603
911986,0.022163467
911987,0.02085834
911988,0.020802503
911989,0.01673402
911990,0.061717972
911991,0.019386167
911992,0.04073141
911993,0.044370785
911994,0.023648947
911995,0.12514058
911996,0.10953606
911997,0.09736864
911998,0.078661785
911999,0.5600758
912000,0.5578676
912001,0.5938936
912002,0.66944486
912003,0.6498759
912004,0.64700097
912005,0.6509693
912006,0.63524574
912007,0.65822935
912008,0.6595856
912009,0.6532565
912010,0.68118453
912011,0.6474191
912012,0.696172
912013,0.6374698
912014,0.63712496
912015,0.68838406
912016,0.46378237
912017,0.04836094
912018,0.19714981
912019,0.15008402
912020,0.14167003
912021,0.24599117
912022,0.0988767
912023,0.08765469
912024,0.09635586
912025,0.06690957
912026,0.12719509
912027,0.121798776
912028,0.1186631
912029,0.045062087
912030,0.059400115
912031,0.03991697
912032,0.23947166
912033,0.037310503
912034,0.11179352
912035,0.09904596
912036,0.0930439
912037,0.09045368
912038,0.10129793
912039,0.09849171
912040,0.08010252
912041,0.021067088
912042,0.040664583
912043,0.046737544
912044,0.04141832
912045,0.03601585
912046,0.1779641
912047,0.41290754
912048,0.5561955
912049,0.52708185
912050,0.5523089
912051,0.5634264
912052,0.572958
912053,0.5623226
912054,0.44426292
912055,0.5592445
912056,0.62890077
912057,0.54644185
912058,0.5599573
912059,0.34636122
912060,0.07782619
912061,0.40200487
912062,0.54514754
912063,0.65609473
912064,0.63517976
912065,0.6728479
912066,0.68500715
912067,0.6831636
912068,0.6838995
912069,0.71287
912070,0.7438413
912071,0.723318
912072,0.71635336
912073,0.715574
912074,0.7223685
912075,0.6932733
912076,0.69797784
912077,0.7113118
912078,0.68812406
912079,0.67748445
912080,0.66767544
912081,0.66583174
912082,0.6523775
912083,0.6574455
912084,0.46146125
912085,0.012240877
912086,0.037708554
912087,0.038945407
912088,0.043854974
912089,0.03657766
912090,0.040040504
912091,0.032315593
912092,0.029664503
912093,0.19950065
912094,0.14902548
912095,0.24223882
912096,0.23166095
912097,0.3085722
912098,0.30269337
912099,0.3085722
912100,0.30450007
912101,0.20898975
912102,0.11281433
912103,0.24055417
912104,0.14004116
912105,0.07355662
912106,0.14219017
912107,0.086501665
912108,0.07610989
912109,0.039677978
912110,0.49237913
912111,0.51899207
912112,0.55561894
912113,0.6189065
912114,0.561152
912115,0.54191226
912116,0.5549108
912117,0.5790328
912118,0.61646897
912119,0.6274035
912120,0.57757795
912121,0.56952655
912122,0.44294044
912123,0.025854886
912124,0.10992345
912125,0.12758498
912126,0.11033445
912127,0.13343275
912128,0.1026887
912129,0.10581131
912130,0.16610725
912131,0.108316995
912132,0.017445395
912133,0.04779075
912134,0.043240763
912135,0.050268617
912136,0.18487966
912137,0.61716044
912138,0.55697185
912139,0.77966106
912140,0.80628103
912141,0.82053816
912142,0.8423541
912143,0.85419804
912144,0.8615147
912145,0.87557405
912146,0.87911856
912147,0.88822806
912148,0.8862794
912149,0.88548857
912150,0.8879779
912151,0.887191
912152,0.8836089
912153,0.89295524
912154,0.89668936
912155,0.8867428
912156,0.8825378
912157,0.8910297
912158,0.8911728
912159,0.8822781
912160,0.885124
912161,0.87676704
912162,0.8769696
912163,0.8748672
912164,0.87870204
912165,0.88114953
912166,0.89337516
912167,0.86744285
912168,0.865334
912169,0.83533674
912170,0.85008264
912171,0.86152166
912172,0.86380243
912173,0.80319464
912174,0.858793
912175,0.6536131
912176,0.0266717
912177,0.13785161
912178,0.12406143
912179,0.1120563
912180,0.11756702
912181,0.108611956
912182,0.118554614
912183,0.10990674
912184,0.09302881
912185,0.038777143
912186,0.11670507
912187,0.11317941
912188,0.0942802
912189,0.03369156
912190,0.1247841
912191,0.124164686
912192,0.106133096
912193,0.111669354
912194,0.1346238
912195,0.022865606
912196,0.15903214
912197,0.114354916
912198,0.13507698
912199,0.13764971
912200,0.11587449
912201,0.14557482
912202,0.09140721
912203,0.11354264
912204,0.038155667
912205,0.10925394
912206,0.10006383
912207,0.12301475
912208,0.10944097
912209,0.11903938
912210,0.06631766
912211,0.03472987
912212,0.15055887
912213,0.20899613
912214,0.11612132
912215,0.159982
912216,0.117772564
912217,0.18183875
912218,0.16558765
912219,0.15393433
912220,0.15130596
912221,0.02042186
912222,0.086729065
912223,0.07574854
912224,0.078434385
912225,0.08066808
912226,0.0918475
912227,0.064593635
912228,0.29109997
912229,0.020372475
912230,0.09897711
912231,0.11281526
912232,0.10103225
912233,0.112699695
912234,0.113279894
912235,0.045276534
912236,0.073000096
912237,0.14989367
912238,0.06765812
912239,0.02180987
912240,0.08457818
912241,0.09107806
912242,0.09160906
912243,0.06865224
912244,0.07646223
912245,0.11304846
912246,0.06902315
912247,0.032870334
912248,0.08469607
912249,0.06284658
912250,0.02797167
912251,0.06674202
912252,0.06438831
912253,0.05438972
912254,0.04408794
912255,0.06381662
912256,0.024621034
912257,0.18868905
912258,0.15171967
912259,0.1327318
912260,0.17377084
912261,0.2230597
912262,0.03499612
912263,0.10160703
912264,0.20497774
912265,0.24372198
912266,0.18343043
912267,0.19303076
912268,0.19962612
912269,0.20169018
912270,0.26893407
912271,0.15465677
912272,0.031072494
912273,0.09607004
912274,0.09988609
912275,0.07776489
912276,0.08515449
912277,0.106161505
912278,0.08653956
912279,0.10138145
912280,0.21378449
912281,0.65048116
912282,0.7082872
912283,0.8155769
912284,0.7266337
912285,0.75133395
912286,0.8632346
912287,0.7881903
912288,0.8466186
912289,0.88262933
912290,0.8310379
912291,0.8628145
912292,0.85679567
912293,0.88919216
912294,0.8603358
912295,0.8899498
912296,0.8618049
912297,0.8615858
912298,0.850759
912299,0.86043835
912300,0.89720833
912301,0.8332008
912302,0.8466958
912303,0.86839896
912304,0.8477924
912305,0.8540215
912306,0.87154603
912307,0.8527972
912308,0.83277446
912309,0.84911454
912310,0.84249586
912311,0.79176503
912312,0.84485215
912313,0.7891263
912314,0.796118
912315,0.7642339
912316,0.7644613
912317,0.81739146
912318,0.761323
912319,0.7442954
912320,0.6853644
912321,0.70717096
912322,0.6853644
912323,0.70717096
912324,0.58272433
912325,0.047578864
912326,0.08661453
912327,0.029574795
912328,0.070354916
912329,0.09128046
912330,0.09191453
912331,0.073078945
912332,0.108005084
912333,0.1110537
912334,0.024922507
912335,0.13262336
912336,0.1012836
912337,0.030157663
912338,0.066598855
912339,0.08806187
912340,0.15050946
912341,0.06889585
912342,0.081395276
912343,0.07807811
912344,0.19139831
912345,0.083891466
912346,0.12720664
912347,0.08516483
912348,0.082631804
912349,0.08387981
912350,0.096053965
912351,0.085397296
912352,0.064167365
912353,0.017057857
912354,0.069701105
912355,0.10192207
912356,0.078657806
912357,0.09388225
912358,0.086461864
912359,0.0954571
912360,0.09177987
912361,0.08427338
912362,0.06292891
912363,0.21773317
912364,0.2367538
912365,0.19584809
912366,0.39055422
912367,0.21860793
912368,0.23509486
912369,0.30241925
912370,0.23118514
912371,0.21022968
912372,0.24136981
912373,0.21387269
912374,0.18274403
912375,0.035443466
912376,0.11666495
912377,0.12033361
912378,0.12981817
912379,0.07718025
912380,0.16012476
912381,0.11072382
912382,0.10913285
912383,0.12921737
912384,0.118167266
912385,0.16853978
912386,0.3379467
912387,0.34366995
912388,0.48339468
912389,0.42744905
912390,0.6069738
912391,0.61149216
912392,0.62244374
912393,0.69405395
912394,0.5747175
912395,0.61200434
912396,0.6333757
912397,0.6566501
912398,0.7187526
912399,0.66435933
912400,0.7153964
912401,0.6790939
912402,0.68321544
912403,0.6518184
912404,0.689935
912405,0.72238785
912406,0.6737379
912407,0.6530233
912408,0.68821514
912409,0.6647387
912410,0.6659984
912411,0.60958856
912412,0.33882955
912413,0.05342271
912414,0.2403698
912415,0.17742273
912416,0.2358677
912417,0.17120726
912418,0.19776544
912419,0.3218295
912420,0.24014564
912421,0.28443182
912422,0.17644057
912423,0.25557747
912424,0.37638634
912425,0.26927543
912426,0.024500165
912427,0.09078428
912428,0.074379556
912429,0.099552944
912430,0.079170704
912431,0.14450198
912432,0.10737172
912433,0.098823816
912434,0.09532136
912435,0.07861575
912436,0.030271247
912437,0.06819188
912438,0.06409325
912439,0.06734314
912440,0.09199107
912441,0.43341023
912442,0.48549247
912443,0.56432223
912444,0.5800067
912445,0.6383937
912446,0.5137495
912447,0.5588806
912448,0.5585685
912449,0.5738477
912450,0.58379996
912451,0.6089658
912452,0.5524031
912453,0.67419785
912454,0.62228423
912455,0.66638076
912456,0.5048082
912457,0.6583087
912458,0.383386
912459,0.22661188
912460,0.25836962
912461,0.26900473
912462,0.2655402
912463,0.23357797
912464,0.21389967
912465,0.21289042
912466,0.07567031
912467,0.05383989
912468,0.043555364
912469,0.16067255
912470,0.09060021
912471,0.07515131
912472,0.05599648
912473,0.049526036
912474,0.048200216
912475,0.014473642
912476,0.057986815
912477,0.059175067
912478,0.079455376
912479,0.05530523
912480,0.043764375
912481,0.02030516
912482,0.1493905
912483,0.12156265
912484,0.15452833
912485,0.060734153
912486,0.07845531
912487,0.07013987
912488,0.11610803
912489,0.10982308
912490,0.11785409
912491,0.06823381
912492,0.05359219
912493,0.024526522
912494,0.0804579
912495,0.094040096
912496,0.06389159
912497,0.17343192
912498,0.12138557
912499,0.10083787
912500,0.086736165
912501,0.0713695
912502,0.052073482
912503,0.055849724
912504,0.11135033
912505,0.2510306
912506,0.06143026
912507,0.082900606
912508,0.029135544
912509,0.022484753
912510,0.18338664
912511,0.11523202
912512,0.18499255
912513,0.09648843
912514,0.30458817
912515,0.15642823
912516,0.22638986
912517,0.22898813
912518,0.23079576
912519,0.18051821
912520,0.17676109
912521,0.04740482
912522,0.12260509
912523,0.117070906
912524,0.09650189
912525,0.038820196
912526,0.2570172
912527,0.22700533
912528,0.19536047
912529,0.21579683
912530,0.24015243
912531,0.09776613
912532,0.13064128
912533,0.03867612
912534,0.0424549
912535,0.05257858
912536,0.04188647
912537,0.037212964
912538,0.043455053
912539,0.015087473
912540,0.041469608
912541,0.041376974
912542,0.04338602
912543,0.04490879
912544,0.04476212
912545,0.0449876
912546,0.05901976
912547,0.03955803
912548,0.022588348
912549,0.069929354
912550,0.08192181
912551,0.21699753
912552,0.08386051
912553,0.09424841
912554,0.27244243
912555,0.085062005
912556,0.08454382
912557,0.08809161
912558,0.09872171
912559,0.06797982
912560,0.01837758
912561,0.06886031
912562,0.06745122
912563,0.10153701
912564,0.09175454
912565,0.07534695
912566,0.08103081
912567,0.08383917
912568,0.07048621
912569,0.193066
912570,0.030424895
912571,0.07597183
912572,0.16484013
912573,0.09666628
912574,0.08039846
912575,0.1252675
912576,0.122235335
912577,0.1279864
912578,0.12558933
912579,0.094200015
912580,0.052001297
912581,0.03662966
912582,0.066578805
912583,0.29190987
912584,0.36454228
912585,0.31668568
912586,0.3541604
912587,0.3040964
912588,0.33800495
912589,0.30836397
912590,0.3372387
912591,0.39257056
912592,0.39389092
912593,0.30976474
912594,0.37162086
912595,0.19289762
912596,0.33686358
912597,0.3382585
912598,0.19648747
912599,0.31033316
912600,0.32900414
912601,0.18816599
912602,0.30955324
912603,0.24298179
912604,0.3686376
912605,0.24876563
912606,0.1117481
912607,0.07282274
912608,0.108872764
912609,0.11248018
912610,0.10451687
912611,0.11848871
912612,0.53332126
912613,0.62868655
912614,0.6484054
912615,0.6990982
912616,0.6639742
912617,0.72897893
912618,0.68423843
912619,0.74013484
912620,0.7195284
912621,0.68546623
912622,0.6834987
912623,0.5728499
912624,0.65424794
912625,0.65230495
912626,0.6273641
912627,0.66580546
912628,0.6693268
912629,0.37261108
912630,0.029201662
912631,0.23970295
912632,0.31664747
912633,0.28014764
912634,0.31779212
912635,0.16585729
912636,0.32080778
912637,0.1718568
912638,0.16382647
912639,0.17474328
912640,0.13929929
912641,0.013077553
912642,0.06305227
912643,0.035982866
912644,0.14330223
912645,0.131806
912646,0.043282684
912647,0.4734915
912648,0.46885073
912649,0.49421403
912650,0.5251242
912651,0.58331555
912652,0.53264195
912653,0.5586122
912654,0.59533226
912655,0.4930146
912656,0.47771883
912657,0.4817137
912658,0.5249883
912659,0.5135076
912660,0.3215024
912661,0.05659062
912662,0.24912202
912663,0.14549738
912664,0.3201508
912665,0.28930205
912666,0.31314602
912667,0.26878273
912668,0.32162195
912669,0.2882637
912670,0.26864266
912671,0.14185041
912672,0.011811323
912673,0.039292667
912674,0.04916776
912675,0.031538345
912676,0.14480267
912677,0.05984192
912678,0.4750822
912679,0.5172019
912680,0.44151628
912681,0.3526038
912682,0.43089023
912683,0.6530045
912684,0.41415572
912685,0.5752906
912686,0.4252847
912687,0.51838654
912688,0.43571842
912689,0.63733536
912690,0.49744233
912691,0.5195203
912692,0.37980828
912693,0.15649784
912694,0.013807372
912695,0.05961889
912696,0.031581543
912697,0.29745334
912698,0.02028731
912699,0.10000103
912700,0.0736894
912701,0.11689586
912702,0.078836374
912703,0.087022126
912704,0.06908787
912705,0.04574962
912706,0.36002567
912707,0.29786012
912708,0.3405578
912709,0.33689636
912710,0.34242582
912711,0.32148406
912712,0.35152557
912713,0.37467322
912714,0.43681383
912715,0.28508866
912716,0.012084636
912717,0.057357777
912718,0.036200244
912719,0.03699916
912720,0.19310305
912721,0.20719336
912722,0.2230718
912723,0.22045323
912724,0.12825099
912725,0.21136613
912726,0.25564918
912727,0.27926984
912728,0.2531645
912729,0.19818357
912730,0.10652285
912731,0.20019887
912732,0.00926017
912733,0.04593013
912734,0.08215787
912735,0.06988769
912736,0.029421495
912737,0.10162843
912738,0.09821654
912739,0.09528822
912740,0.08279278
912741,0.11511719
912742,0.03683148
912743,0.23985182
912744,0.14018476
912745,0.27006945
912746,0.21249418
912747,0.22901973
912748,0.19044201
912749,0.23681174
912750,0.27632022
912751,0.16702802
912752,0.033851355
912753,0.1801631
912754,0.14477372
912755,0.2606285
912756,0.14059041
912757,0.13293433
912758,0.19006428
912759,0.057057697
912760,0.22809629
912761,0.20084889
912762,0.2127978
912763,0.16053997
912764,0.16282474
912765,0.19012228
912766,0.22768143
912767,0.23606211
912768,0.1566336
912769,0.20403191
912770,0.052747495
912771,0.21853004
912772,0.1770119
912773,0.18617617
912774,0.113773756
912775,0.13983124
912776,0.18855397
912777,0.19080187
912778,0.21685395
912779,0.079673804
912780,0.53383225
912781,0.50089276
912782,0.5644869
912783,0.67436844
912784,0.63013333
912785,0.63765264
912786,0.6856037
912787,0.6250295
912788,0.64946663
912789,0.67085904
912790,0.6662689
912791,0.6603427
912792,0.6334285
912793,0.5168854
912794,0.6315422
912795,0.63922197
912796,0.3766729
912797,0.25984925
912798,0.18451862
912799,0.18919837
912800,0.16476494
912801,0.15789321
912802,0.14224161
912803,0.10060691
912804,0.019659083
912805,0.16062048
912806,0.14882493
912807,0.14424692
912808,0.13206032
912809,0.17289521
912810,0.23640172
912811,0.2648397
912812,0.18007581
912813,0.036973342
912814,0.16955121
912815,0.15747003
912816,0.2601247
912817,0.1418834
912818,0.20088693
912819,0.22922021
912820,0.14110744
912821,0.23865199
912822,0.30274796
912823,0.16777655
912824,0.1504556
912825,0.0538551
912826,0.27525288
912827,0.22451611
912828,0.1903276
912829,0.20615436
912830,0.021505808
912831,0.12078716
912832,0.12923458
912833,0.11191473
912834,0.10764727
912835,0.05994721
912836,0.42073825
912837,0.308185
912838,0.30792922
912839,0.4437489
912840,0.37329707
912841,0.3147457
912842,0.032358408
912843,0.3374794
912844,0.35531366
912845,0.2347352
912846,0.33919284
912847,0.2125129
912848,0.28801873
912849,0.39257842
912850,0.35895574
912851,0.27492583
912852,0.032443643
912853,0.091251075
912854,0.09238984
912855,0.08894415
912856,0.10387043
912857,0.089920215
912858,0.065420985
912859,0.0905061
912860,0.4429365
912861,0.5560813
912862,0.42095062
912863,0.598735
912864,0.60212904
912865,0.446819
912866,0.46240288
912867,0.5628995
912868,0.60379064
912869,0.5569451
912870,0.438764
912871,0.48666954
912872,0.32917413
912873,0.035474483
912874,0.15359762
912875,0.13185114
912876,0.019852864
912877,0.045866642
912878,0.14545809
912879,0.13145038
912880,0.09696014
912881,0.13572888
912882,0.22085336
912883,0.37047145
912884,0.3778522
912885,0.34755385
912886,0.3521448
912887,0.3698791
912888,0.39737144
912889,0.3108101
912890,0.26964658
912891,0.4780252
912892,0.51751995
912893,0.5223725
912894,0.5278317
912895,0.38343105
912896,0.5453998
912897,0.5521795
912898,0.5327045
912899,0.5521171
912900,0.5119216
912901,0.4695031
912902,0.3173823
912903,0.045710187
912904,0.388458
912905,0.3184594
912906,0.21710981
912907,0.21643892
912908,0.23351341
912909,0.19456331
912910,0.17105247
912911,0.14179064
912912,0.2108444
912913,0.29039744
912914,0.24876958
912915,0.23261772
912916,0.17022413
912917,0.06527357
912918,0.25554848
912919,0.056807294
912920,0.21320342
912921,0.2703477
912922,0.21586911
912923,0.20863858
912924,0.115637094
912925,0.17130569
912926,0.30475727
912927,0.026777996
912928,0.14389624
912929,0.1738663
912930,0.13789131
912931,0.17489752
912932,0.10611007
912933,0.036770802
912934,0.1369412
912935,0.14211056
912936,0.1434595
912937,0.14007154
912938,0.14675653
912939,0.13812608
912940,0.31590587
912941,0.3899858
912942,0.341829
912943,0.34798694
912944,0.34118766
912945,0.3352487
912946,0.2905007
912947,0.33332685
912948,0.34851488
912949,0.26240546
912950,0.20482205
912951,0.15576792
912952,0.13032027
912953,0.031298853
912954,0.2098048
912955,0.24292634
912956,0.21578835
912957,0.24880669
912958,0.261892
912959,0.2363251
912960,0.17162052
912961,0.052998573
912962,0.23326363
912963,0.15114424
912964,0.1532343
912965,0.14717312
912966,0.16575643
912967,0.023508549
912968,0.2057066
912969,0.18878049
912970,0.2397241
912971,0.21489772
912972,0.25279927
912973,0.16359638
912974,0.16200945
912975,0.02520038
912976,0.32287386
912977,0.2881178
912978,0.44337186
912979,0.32221588
912980,0.41110712
912981,0.32357356
912982,0.41365308
912983,0.33911693
912984,0.22413434
912985,0.03482357
912986,0.15857778
912987,0.16763693
912988,0.103275515
912989,0.10869818
912990,0.02774967
912991,0.17775662
912992,0.24302734
912993,0.22666726
912994,0.15236932
912995,0.062447846
912996,0.061320126
912997,0.0416998
912998,0.046234477
912999,0.0343459
913000,0.031816106
913001,0.3999961
913002,0.32358623
913003,0.509867
913004,0.46104506
913005,0.35573208
913006,0.5204369
913007,0.46085772
913008,0.5121413
913009,0.37159827
913010,0.3225712
913011,0.46561027
913012,0.3563163
913013,0.3827631
913014,0.013912477
913015,0.035568777
913016,0.049758453
913017,0.033496078
913018,0.03954512
913019,0.027627671
913020,0.13978553
913021,0.10390886
913022,0.10742975
913023,0.09003066
913024,0.100331835
913025,0.07200711
913026,0.059694506
913027,0.027458064
913028,0.1797346
913029,0.14371629
913030,0.117855586
913031,0.088169955
913032,0.11494092
913033,0.18618762
913034,0.20220342
913035,0.26731497
913036,0.17945205
913037,0.013912477
913038,0.03568683
913039,0.03583393
913040,0.034236345
913041,0.03634352
913042,0.033780094
913043,0.046295322
913044,0.12079158
913045,0.10425892
913046,0.106121354
913047,0.15468973
913048,0.044307664
913049,0.10360039
913050,0.20415531
913051,0.07143876
913052,0.2235219
913053,0.14246427
913054,0.13774015
913055,0.105057016
913056,0.08440939
913057,0.02859601
913058,0.16490716
913059,0.1258599
913060,0.24863297
913061,0.22538045
913062,0.22390495
913063,0.24011765
913064,0.12945086
913065,0.23656917
913066,0.12902208
913067,0.1798817
913068,0.01272635
913069,0.03092761
913070,0.0325682
913071,0.042839155
913072,0.03331554
913073,0.0369912
913074,0.03096686
913075,0.031825658
913076,0.037890974
913077,0.009903579
913078,0.03351391
913079,0.035784975
913080,0.03791257
913081,0.046672884
913082,0.043387238
913083,0.04455346
913084,0.023283817
913085,0.03728441
913086,0.04652069
913087,0.042625975
913088,0.038028553
913089,0.03767591
913090,0.04481361
913091,0.024400696
913092,0.042629868
913093,0.04712813
913094,0.04954094
913095,0.045017377
913096,0.043861132
913097,0.056920264
913098,0.048635773
913099,0.41132393
913100,0.49755204
913101,0.56648177
913102,0.6115546
913103,0.7746628
913104,0.7566693
913105,0.7486709
913106,0.79349977
913107,0.747907
913108,0.67379904
913109,0.70337695
913110,0.6952705
913111,0.69075745
913112,0.73626983
913113,0.76703656
913114,0.7044983
913115,0.69400644
913116,0.705736
913117,0.7168753
913118,0.6252956
913119,0.6408194
913120,0.59681064
913121,0.46941808
913122,0.053624988
913123,0.30730015
913124,0.2652128
913125,0.2834318
913126,0.23833916
913127,0.28762102
913128,0.26696405
913129,0.23771638
913130,0.313854
913131,0.25464872
913132,0.12300439
913133,0.41025466
913134,0.26703045
913135,0.4024014
913136,0.40439898
913137,0.17920145
913138,0.035739623
913139,0.21054988
913140,0.18950692
913141,0.19625011
913142,0.141518
913143,0.036917303
913144,0.29496565
913145,0.34695306
913146,0.32711145
913147,0.23997444
913148,0.29311174
913149,0.33199033
913150,0.22907136
913151,0.06474672
913152,0.13864101
913153,0.15541665
913154,0.10845344
913155,0.31131643
913156,0.24679542
913157,0.23202065
913158,0.20696624
913159,0.21179754
913160,0.21627657
913161,0.13476306
913162,0.02319343
913163,0.12076078
913164,0.15395562
913165,0.16293061
913166,0.11483875
913167,0.11485373
913168,0.13058062
913169,0.037542876
913170,0.23124845
913171,0.20086662
913172,0.2291842
913173,0.2608273
913174,0.23685081
913175,0.2652536
913176,0.2397129
913177,0.23974663
913178,0.056146495
913179,0.12095293
913180,0.050816756
913181,0.03646054
913182,0.039464578
913183,0.060346905
913184,0.07471413
913185,0.067511864
913186,0.058977548
913187,0.04341155
913188,0.045756467
913189,0.2865858
913190,0.19097304
913191,0.21265486
913192,0.16006118
913193,0.028156994
913194,0.05162788
913195,0.041458424
913196,0.0422389
913197,0.039472703
913198,0.25714147
913199,0.20314603
913200,0.20987946
913201,0.19174363
913202,0.18338843
913203,0.011590668
913204,0.064068004
913205,0.064245984
913206,0.06336059
913207,0.05543275
913208,0.03804451
913209,0.039812464
913210,0.04823326
913211,0.018326312
913212,0.045643374
913213,0.041950986
913214,0.056953438
913215,0.042325567
913216,0.062585406
913217,0.059383135
913218,0.05684273
913219,0.051365882
913220,0.16478525
913221,0.027087077
913222,0.093453474
913223,0.08753555
913224,0.11369968
913225,0.09810168
913226,0.09810805
913227,0.104191564
913228,0.31348762
913229,0.2426672
913230,0.24359538
913231,0.26752338
913232,0.24557945
913233,0.1923264
913234,0.03441519
913235,0.1085988
913236,0.15100694
913237,0.2053757
913238,0.15309575
913239,0.13919212
913240,0.1243963
913241,0.46175575
913242,0.44855013
913243,0.5685008
913244,0.71005464
913245,0.66220444
913246,0.6936219
913247,0.52935207
913248,0.6565183
913249,0.7063145
913250,0.71542287
913251,0.64988583
913252,0.6722554
913253,0.6509596
913254,0.5255344
913255,0.5041549
913256,0.51503175
913257,0.33210802
913258,0.11637808
913259,0.57545686
913260,0.66023237
913261,0.73963237
913262,0.6921455
913263,0.7643187
913264,0.7256247
913265,0.74621266
913266,0.82178366
913267,0.739867
913268,0.7452618
913269,0.7357402
913270,0.66898954
913271,0.7381533
913272,0.7278048
913273,0.765643
913274,0.7864191
913275,0.73281175
913276,0.64949465
913277,0.62467104
913278,0.61484677
913279,0.6909351
913280,0.66712195
913281,0.56035376
913282,0.64575124
913283,0.42689708
913284,0.04423346
913285,0.08830303
913286,0.035073005
913287,0.18029925
913288,0.14488629
913289,0.1419481
913290,0.15803199
913291,0.15269208
913292,0.14897643
913293,0.1454957
913294,0.11560062
913295,0.033038087
913296,0.2778902
913297,0.23881288
913298,0.2608004
913299,0.26666886
913300,0.298421
913301,0.2813991
913302,0.26300767
913303,0.013570425
913304,0.06511802
913305,0.05494217
913306,0.053134985
913307,0.09530637
913308,0.0683486
913309,0.13518192
913310,0.055367198
913311,0.2812495
913312,0.058534622
913313,0.46832022
913314,0.5009007
913315,0.51322097
913316,0.4758698
913317,0.40166286
913318,0.4941183
913319,0.40740898
913320,0.40625668
913321,0.35936925
913322,0.25852293
913323,0.26666254
913324,0.25897878
913325,0.04215749
913326,0.2417726
913327,0.23005539
913328,0.23088561
913329,0.24731429
913330,0.22547705
913331,0.23864836
913332,0.28231704
913333,0.28031358
913334,0.26664793
913335,0.28882593
913336,0.18286745
913337,0.123756886
913338,0.20795634
913339,0.15126371
913340,0.2023204
913341,0.1755271
913342,0.118735336
913343,0.13317898
913344,0.0273088
913345,0.09497845
913346,0.09156596
913347,0.08835301
913348,0.08996874
913349,0.11674388
913350,0.092246115
913351,0.14829704
913352,0.08629539
913353,0.052244894
913354,0.044865657
913355,0.051399212
913356,0.057153657
913357,0.03931132
913358,0.36346203
913359,0.49695674
913360,0.57267576
913361,0.69385517
913362,0.66023445
913363,0.6535449
913364,0.65272623
913365,0.6029757
913366,0.65860605
913367,0.6681544
913368,0.6860656
913369,0.6835081
913370,0.6564454
913371,0.6220769
913372,0.6774622
913373,0.6673035
913374,0.62313485
913375,0.61253184
913376,0.33413577
913377,0.010906149
913378,0.049972907
913379,0.052049965
913380,0.045849476
913381,0.046649117
913382,0.047942016
913383,0.0729979
913384,0.013096336
913385,0.05688613
913386,0.06568699
913387,0.062569074
913388,0.10848809
913389,0.151599
913390,0.03832997
913391,0.042987935
913392,0.021987902
913393,0.04636609
913394,0.044972863
913395,0.034459896
913396,0.0352317
913397,0.041764427
913398,0.04944693
913399,0.22993031
913400,0.1480258
913401,0.22752643
913402,0.018321274
913403,0.070703454
913404,0.10785609
913405,0.042806365
913406,0.059226457
913407,0.07194142
913408,0.09335107
913409,0.082132205
913410,0.06562029
913411,0.043421134
913412,0.15690187
913413,0.14147519
913414,0.19901222
913415,0.15664726
913416,0.17658058
913417,0.1332645
913418,0.12791428
913419,0.1511701
913420,0.19021402
913421,0.13578762
913422,0.048355453
913423,0.36534905
913424,0.42923495
913425,0.43255794
913426,0.53398013
913427,0.5234835
913428,0.5543095
913429,0.53576213
913430,0.46746564
913431,0.5376179
913432,0.39869428
913433,0.52091813
913434,0.5635725
913435,0.5039638
913436,0.5055716
913437,0.28597888
913438,0.015675666
913439,0.074014634
913440,0.05019475
913441,0.044546667
913442,0.04660448
913443,0.04621031
913444,0.06386414
913445,0.039408155
913446,0.12824553
913447,0.10886102
913448,0.16620532
913449,0.13294233
913450,0.16394642
913451,0.098797046
913452,0.14582752
913453,0.023165116
913454,0.106742956
913455,0.11760825
913456,0.11056233
913457,0.11602389
913458,0.12709016
913459,0.124871805
913460,0.11540878
913461,0.07142723
913462,0.32179514
913463,0.3296808
913464,0.6597777
913465,0.6287894
913466,0.6537989
913467,0.69313496
913468,0.64923036
913469,0.6992591
913470,0.71443206
913471,0.72110087
913472,0.7242139
913473,0.6735458
913474,0.7619703
913475,0.6904177
913476,0.68843466
913477,0.66294825
913478,0.74023867
913479,0.6758585
913480,0.61754596
913481,0.36740795
913482,0.008696952
913483,0.03979784
913484,0.036538836
913485,0.036393702
913486,0.036426943
913487,0.03395831
913488,0.009949177
913489,0.04878726
913490,0.037970077
913491,0.04018069
913492,0.034494102
913493,0.26026428
913494,0.009406541
913495,0.047122136
913496,0.036221713
913497,0.036414795
913498,0.03367004
913499,0.2753161
913500,0.10983886
913501,0.029809412
913502,0.017272092
913503,0.07468314
913504,0.035089087
913505,0.060496762
913506,0.06640517
913507,0.05690047
913508,0.055693105
913509,0.012358716
913510,0.0843292
913511,0.09652696
913512,0.095851436
913513,0.068351075
913514,0.120249875
913515,0.2838256
913516,0.2007935
913517,0.18133712
913518,0.17334634
913519,0.115733236
913520,0.046226252
913521,0.030740928
913522,0.029753271
913523,0.03019136
913524,0.032457888
913525,0.031531233
913526,0.028625462
913527,0.30892465
913528,0.21553993
913529,0.17264988
913530,0.1848819
913531,0.14466216
913532,0.15251604
913533,0.024999583
913534,0.14712088
913535,0.1996979
913536,0.21535403
913537,0.22764607
913538,0.15521166
913539,0.18955223
913540,0.09652402
913541,0.031345576
913542,0.25829077
913543,0.18145698
913544,0.2182521
913545,0.27364576
913546,0.04750524
913547,0.44171873
913548,0.4631507
913549,0.37752703
913550,0.49076468
913551,0.5000186
913552,0.5251582
913553,0.5238954
913554,0.3927926
913555,0.52451766
913556,0.46496642
913557,0.45047593
913558,0.27948037
913559,0.040431615
913560,0.17320423
913561,0.16662283
913562,0.15184239
913563,0.16311345
913564,0.06512906
913565,0.18430151
913566,0.35247225
913567,0.36077484
913568,0.24073648
913569,0.22926609
913570,0.19563308
913571,0.07917021
913572,0.08768181
913573,0.08314054
913574,0.07873428
913575,0.07035403
913576,0.09790189
913577,0.18943344
913578,0.09108688
913579,0.06260895
913580,0.062937684
913581,0.06536386
913582,0.09102604
913583,0.07358723
913584,0.11465992
913585,0.1332722
913586,0.09227223
913587,0.12155459
913588,0.102585204
913589,0.08811661
913590,0.026817057
913591,0.16521934
913592,0.12093465
913593,0.18164149
913594,0.08541095
913595,0.13805677
913596,0.091818854
913597,0.091016665
913598,0.08098195
913599,0.0843491
913600,0.038825445
913601,0.019430425
913602,0.119293086
913603,0.105286114
913604,0.0820543
913605,0.5114679
913606,0.3371608
913607,0.10916346
913608,0.42622104
913609,0.4814299
913610,0.5358034
913611,0.6087123
913612,0.6020186
913613,0.5817408
913614,0.57932585
913615,0.6014121
913616,0.5849947
913617,0.5802017
913618,0.57542926
913619,0.56414485
913620,0.627132
913621,0.5599279
913622,0.5706496
913623,0.57100224
913624,0.5593293
913625,0.2349419
913626,0.11252933
913627,0.121908955
913628,0.10623097
913629,0.22737636
913630,0.05765514
913631,0.44769377
913632,0.51639134
913633,0.5575187
913634,0.5627493
913635,0.5493273
913636,0.5582198
913637,0.5573224
913638,0.55696154
913639,0.5500629
913640,0.5145993
913641,0.55209225
913642,0.46512905
913643,0.39615607
913644,0.46516022
913645,0.39831388
913646,0.3718061
913647,0.38536948
913648,0.42264104
913649,0.38300285
913650,0.42353395
913651,0.42980617
913652,0.40523353
913653,0.43425867
913654,0.45474914
913655,0.4327119
913656,0.26337606
913657,0.03878748
913658,0.12433355
913659,0.11661703
913660,0.0981192
913661,0.4684242
913662,0.54160905
913663,0.5753217
913664,0.59920084
913665,0.607389
913666,0.64026177
913667,0.63008225
913668,0.65729034
913669,0.5775168
913670,0.5947241
913671,0.59076923
913672,0.6858336
913673,0.61683923
913674,0.55636334
913675,0.54454803
913676,0.6262144
913677,0.5417817
913678,0.5902595
913679,0.588065
913680,0.53430086
913681,0.57173425
913682,0.5464797
913683,0.56123465
913684,0.39254823
913685,0.03906414
913686,0.31918305
913687,0.3153499
913688,0.2563758
913689,0.31441307
913690,0.30378565
913691,0.1985646
913692,0.05836058
913693,0.07642286
913694,0.39911133
913695,0.44951043
913696,0.4500499
913697,0.38810062
913698,0.5150388
913699,0.49134865
913700,0.36146992
913701,0.4457928
913702,0.4156187
913703,0.44480604
913704,0.4277593
913705,0.3739409
913706,0.029519953
913707,0.24974604
913708,0.2673779
913709,0.13316992
913710,0.089357145
913711,0.034992896
913712,0.024789771
913713,0.007598175
913714,0.020763483
913715,0.026334886
913716,0.028551808
913717,0.029303439
913718,0.018897152
913719,0.1814405
913720,0.13032798
913721,0.213376
913722,0.12163206
913723,0.2074805
913724,0.011637682
913725,0.02986287
913726,0.021912007
913727,0.040463448
913728,0.021145232
913729,0.028057074
913730,0.020953054
913731,0.025214404
913732,0.010231064
913733,0.024210647
913734,0.017657155
913735,0.03412884
913736,0.021541273
913737,0.029805467
913738,0.020400738
913739,0.2750321
913740,0.33344403
913741,0.2664945
913742,0.26714116
913743,0.009571516
913744,0.096861795
913745,0.10367048
913746,0.10425972
913747,0.11544542
913748,0.11043815
913749,0.059222415
913750,0.04186707
913751,0.046994817
913752,0.048105396
913753,0.04167231
913754,0.040364303
913755,0.012509723
913756,0.04790677
913757,0.05750116
913758,0.054714926
913759,0.09342758
913760,0.051598266
913761,0.052549906
913762,0.08213119
913763,0.02568973
913764,0.20098008
913765,0.18260092
913766,0.07775853
913767,0.08680492
913768,0.07612644
913769,0.06711269
913770,0.09186982
913771,0.09567002
913772,0.106434375
913773,0.9682728
913774,0.07342511
913775,0.1876286
913776,0.06860729
913777,0.12011255
913778,0.14124025
913779,0.084118865
913780,0.10658057
913781,0.06259759
913782,0.031130778
913783,0.2073555
913784,0.22303128
913785,0.3070758
913786,0.18264161
913787,0.28289947
913788,0.9861298
913789,0.28611806
913790,0.31023392
913791,0.39717698
913792,0.27511778
913793,0.28514647
913794,0.2746349
913795,0.26749685
913796,0.26101744
913797,0.24954619
913798,0.30319762
913799,0.18307662
913800,0.109667264
913801,0.033965833
913802,0.05739816
913803,0.06275835
913804,0.06208421
913805,0.059423476
913806,0.026943373
913807,0.08200701
913808,0.025527453
913809,0.08443368
913810,0.078710094
913811,0.0784857
913812,0.0945541
913813,0.08159015
913814,0.037108123
913815,0.17716917
913816,0.18355022
913817,0.18003519
913818,0.16522585
913819,0.18338396
913820,0.13478214
913821,0.28468314
913822,0.060832802
913823,0.17322816
913824,0.14583455
913825,0.20282872
913826,0.13002181
913827,0.08844081
913828,0.034559287
913829,0.1443082
913830,0.12738205
913831,0.118471436
913832,0.13539042
913833,0.17779873
913834,0.18775852
913835,0.12206643
913836,0.15548398
913837,0.19094178
913838,0.064471744
913839,0.07072746
913840,0.06968472
913841,0.06531586
913842,0.06355012
913843,0.062555455
913844,0.054586183
913845,0.060099106
913846,0.17153512
913847,0.17437632
913848,0.12740375
913849,0.11237603
913850,0.11254784
913851,0.12156094
913852,0.10521951
913853,0.09097285
913854,0.025686644
913855,0.14932013
913856,0.1745968
913857,0.15164334
913858,0.12921482
913859,0.11801428
913860,0.12567712
913861,0.10405945
913862,0.087453626
913863,0.052563347
913864,0.14559756
913865,0.09747122
913866,0.041897867
913867,0.045513812
913868,0.05290622
913869,0.04930925
913870,0.052042436
913871,0.356409
913872,0.13589783
913873,0.012720468
913874,0.103185706
913875,0.059851732
913876,0.05995386
913877,0.07092837
913878,0.081006594
913879,0.077811666
913880,0.08273472
913881,0.08117839
913882,0.047299042
913883,0.016952546
913884,0.04973188
913885,0.048359323
913886,0.037527338
913887,0.037288286
913888,0.047874972
913889,0.058532376
913890,0.058370523
913891,0.25827682
913892,0.029067945
913893,0.05366679
913894,0.049189042
913895,0.049136247
913896,0.06873062
913897,0.07363971
913898,0.24851453
913899,0.18801619
913900,0.08046875
913901,0.07446387
913902,0.07390956
913903,0.08170718
913904,0.08170773
913905,0.073403455
913906,0.07289764
913907,0.055841163
913908,0.025642438
913909,0.22424287
913910,0.19140944
913911,0.07683181
913912,0.13523686
913913,0.16553801
913914,0.26687452
913915,0.069306254
913916,0.077069044
913917,0.07622642
913918,0.08323862
913919,0.04320724
913920,0.22916974
913921,0.16099307
913922,0.17883763
913923,0.16770647
913924,0.22555129
913925,0.25735003
913926,0.2212963
913927,0.23753488
913928,0.22874585
913929,0.021080147
913930,0.092881225
913931,0.08678222
913932,0.09651976
913933,0.9905246
913934,0.07744334
913935,0.07053971
913936,0.07991416
913937,0.077069044
913938,0.08332077
913939,0.09287369
913940,0.052320912
913941,0.29743072
913942,0.25873005
913943,0.28265184
913944,0.2527108
913945,0.20886303
913946,0.055833094
913947,0.066355586
913948,0.062601835
913949,0.06527069
913950,0.9497745
913951,0.08289714
913952,0.08549046
913953,0.069238305
913954,0.10063459
913955,0.070691146
913956,0.07275036
913957,0.073577315
913958,0.07374504
913959,0.07053372
913960,0.057483885
913961,0.09822338
913962,0.62336856
913963,0.6847686
913964,0.76630014
913965,0.77676463
913966,0.7573241
913967,0.65929276
913968,0.7527648
913969,0.73428273
913970,0.7360877
913971,0.63221073
913972,0.7020977
913973,0.6605311
913974,0.62519455
913975,0.6320955
913976,0.7074984
913977,0.63734883
913978,0.6173863
913979,0.6902855
913980,0.69099647
913981,0.6592563
913982,0.56443113
913983,0.3422837
913984,0.0227711
913985,0.061152134
913986,0.06166601
913987,0.067500815
913988,0.068879716
913989,0.019236116
913990,0.0810927
913991,0.09395751
913992,0.0697799
913993,0.073115006
913994,0.07861799
913995,0.07785979
913996,0.06911785
913997,0.08022625
913998,0.08237679
913999,0.14070873
914000,0.0530887
914001,0.5318938
914002,0.58341753
914003,0.4274217
914004,0.6418014
914005,0.4968563
914006,0.6222382
914007,0.46211722
914008,0.61104286
914009,0.60756713
914010,0.59823954
914011,0.45576212
914012,0.5774032
914013,0.3637038
914014,0.59640914
914015,0.31081912
914016,0.055358212
914017,0.2576928
914018,0.25609443
914019,0.14521645
914020,0.05888521
914021,0.07329412
914022,0.068126634
914023,0.07723586
914024,0.07447925
914025,0.042230982
914026,0.018600168
914027,0.06769676
914028,0.089818045
914029,0.0811955
914030,0.09024062
914031,0.08180723
914032,0.047831185
914033,0.1129876
914034,0.06416258
914035,0.069116734
914036,0.047277853
914037,0.09094726
914038,0.103230275
914039,0.014041461
914040,0.072037324
914041,0.07093336
914042,0.07191981
914043,0.065871865
914044,0.064430386
914045,0.064026915
914046,0.056404535
914047,0.05422221
914048,0.012690716
914049,0.054773334
914050,0.05511139
914051,0.045351002
914052,0.04851732
914053,0.044751104
914054,0.0571551
914055,0.08054678
914056,0.22702917
914057,0.1586902
914058,0.22290911
914059,0.14585021
914060,0.14402372
914061,0.150373
914062,0.112003945
914063,0.056329373
914064,0.16925412
914065,0.17736726
914066,0.21423863
914067,0.22322838
914068,0.106019646
914069,0.18733923
914070,0.23595463
914071,0.10672768
914072,0.12891321
914073,0.15770964
914074,0.0932841
914075,0.14156526
914076,0.11760689
914077,0.15036668
914078,0.14522485
914079,0.1411542
914080,0.08060125
914081,0.529281
914082,0.36254922
914083,0.32983485
914084,0.32625887
914085,0.35045347
914086,0.35367262
914087,0.3771311
914088,0.32088247
914089,0.04735788
914090,0.35794118
914091,0.32299963
914092,0.31865704
914093,0.33523676
914094,0.35952228
914095,0.2939216
914096,0.34732372
914097,0.38864887
914098,0.32548982
914099,0.3576306
914100,0.41096887
914101,0.34781978
914102,0.075407535
914103,0.3030939
914104,0.29244903
914105,0.25720957
914106,0.27106643
914107,0.43756694
914108,0.3555784
914109,0.47282082
914110,0.5761276
914111,0.63816434
914112,0.69958097
914113,0.6717026
914114,0.7200448
914115,0.6773473
914116,0.6633411
914117,0.69144064
914118,0.70277107
914119,0.72016406
914120,0.7510119
914121,0.7071062
914122,0.7414448
914123,0.7062258
914124,0.723976
914125,0.6843827
914126,0.6323177
914127,0.64375484
914128,0.678369
914129,0.6963297
914130,0.6702327
914131,0.6602127
914132,0.7209347
914133,0.63769716
914134,0.64946586
914135,0.3781617
914136,0.11016526
914137,0.32558972
914138,0.35630178
914139,0.3855319
914140,0.57421815
914141,0.51049685
914142,0.5427044
914143,0.5720853
914144,0.5903879
914145,0.503845
914146,0.5608187
914147,0.59450775
914148,0.6497343
914149,0.614787
914150,0.49599648
914151,0.5100408
914152,0.6131105
914153,0.4119763
914154,0.5181795
914155,0.46719912
914156,0.5265501
914157,0.34341383
914158,0.052244894
914159,0.3608854
914160,0.39226156
914161,0.5342228
914162,0.45362422
914163,0.43435255
914164,0.40972555
914165,0.5678366
914166,0.44600916
914167,0.30238155
914168,0.44825786
914169,0.39769796
914170,0.4213002
914171,0.4102586
914172,0.40778863
914173,0.55679387
914174,0.2823726
914175,0.029591601
914176,0.2886156
914177,0.23054877
914178,0.27116746
914179,0.25039935
914180,0.193873
914181,0.21282293
914182,0.21227765
914183,0.28647122
914184,0.29773253
914185,0.23652828
914186,0.31768283
914187,0.21601875
914188,0.0999258
914189,0.09616752
914190,0.38867733
914191,0.3931313
914192,0.37729016
914193,0.3420498
914194,0.34424248
914195,0.40270802
914196,0.33689886
914197,0.32557425
914198,0.408384
914199,0.32603022
914200,0.3375619
914201,0.27066597
914202,0.20519844
914203,0.055567004
914204,0.32085866
914205,0.43943453
914206,0.32726628
914207,0.53962433
914208,0.48910052
914209,0.24968931
914210,0.36825982
914211,0.21982399
914212,0.26165056
914213,0.16332854
914214,0.30035365
914215,0.19916277
914216,0.15586029
914217,0.041850153
914218,0.1977964
914219,0.15855627
914220,0.15041158
914221,0.13012783
914222,0.09764508
914223,0.10716665
914224,0.1078661
914225,0.137443
914226,0.1328583
914227,0.1242325
914228,0.10478688
914229,0.03890273
914230,0.18257576
914231,0.17341067
914232,0.123250924
914233,0.13807185
914234,0.13136365
914235,0.16049214
914236,0.047327932
914237,0.068311125
914238,0.034416504
914239,0.031361673
914240,0.010679602
914241,0.032500975
914242,0.037718147
914243,0.028250476
914244,0.031035857
914245,0.034132935
914246,0.031614862
914247,0.033070423
914248,0.24189706
914249,0.008634042
914250,0.03214356
914251,0.030912396
914252,0.038270272
914253,0.026676094
914254,0.026087124
914255,0.1430843
914256,0.08651932
914257,0.08762554
914258,0.08726313
914259,0.11195554
914260,0.10403599
914261,0.15396115
914262,0.056883723
914263,0.15969726
914264,0.39314744
914265,0.48270544
914266,0.5593105
914267,0.61737597
914268,0.6574463
914269,0.67610466
914270,0.7326474
914271,0.78430104
914272,0.73338443
914273,0.7174242
914274,0.72740835
914275,0.7596394
914276,0.7271044
914277,0.72759265
914278,0.5123961
914279,0.50526285
914280,0.51966745
914281,0.5117418
914282,0.50402224
914283,0.7010598
914284,0.6868273
914285,0.60588276
914286,0.56530017
914287,0.3188747
914288,0.29787892
914289,0.21564305
914290,0.2123614
914291,0.22460097
914292,0.19113778
914293,0.011799812
914294,0.053665694
914295,0.058691815
914296,0.05211861
914297,0.0563279
914298,0.049540322
914299,0.061164897
914300,0.05166336
914301,0.042171653
914302,0.28811488
914303,0.20670651
914304,0.18851502
914305,0.15425146
914306,0.022376124
914307,0.2141358
914308,0.21551873
914309,0.2169181
914310,0.21570443
914311,0.21990794
914312,0.22011997
914313,0.14462137
914314,0.016262427
914315,0.051501956
914316,0.04524025
914317,0.05245454
914318,0.054907765
914319,0.056022275
914320,0.08185055
914321,0.061123367
914322,0.063224465
914323,0.04379539
914324,0.21518385
914325,0.20439744
914326,0.18826227
914327,0.22376408
914328,0.089148596
914329,0.06568951
914330,0.06329252
914331,0.064675815
914332,0.057908643
914333,0.27009904
914334,0.21720393
914335,0.02126242
914336,0.21773359
914337,0.19080572
914338,0.20493682
914339,0.21571453
914340,0.23062526
914341,0.14104022
914342,0.021175839
914343,0.079050854
914344,0.055461895
914345,0.07145904
914346,0.018748686
914347,0.06575554
914348,0.051022477
914349,0.050729115
914350,0.05397349
914351,0.06291827
914352,0.05028302
914353,0.02953098
914354,0.28035536
914355,0.268862
914356,0.27503642
914357,0.25286323
914358,0.25262
914359,0.26088357
914360,0.29330155
914361,0.1907438
914362,0.010609655
914363,0.060505666
914364,0.056592125
914365,0.07423216
914366,0.05506206
914367,0.054804448
914368,0.060674727
914369,0.059047878
914370,0.4404266
914371,0.30566806
914372,0.038871102
914373,0.24818787
914374,0.2453424
914375,0.1812435
914376,0.24984305
914377,0.21600318
914378,0.21610753
914379,0.1547128
914380,0.027299399
914381,0.20245887
914382,0.2615196
914383,0.20806922
914384,0.22539088
914385,0.22464283
914386,0.22462697
914387,0.17031172
914388,0.034642592
914389,0.30288756
914390,0.31766164
914391,0.367886
914392,0.28695104
914393,0.24419118
914394,0.28730446
914395,0.30155656
914396,0.41995493
914397,0.29537532
914398,0.26980722
914399,0.08841036
914400,0.009033801
914401,0.062812
914402,0.04990392
914403,0.06769301
914404,0.04926357
914405,0.04605384
914406,0.050137084
914407,0.22608078
914408,0.09290214
914409,0.013067501
914410,0.07310396
914411,0.067063615
914412,0.061676368
914413,0.05980841
914414,0.059136398
914415,0.05903893
914416,0.045984626
914417,0.21645075
914418,0.14880358
914419,0.14592846
914420,0.1594033
914421,0.123908095
914422,0.020335276
914423,0.15909049
914424,0.20985673
914425,0.14224935
914426,0.22957923
914427,0.2710567
914428,0.14775605
914429,0.025471576
914430,0.08275496
914431,0.08161376
914432,0.052706197
914433,0.06775304
914434,0.053712215
914435,0.03901363
914436,0.044867996
914437,0.16348192
914438,0.152979
914439,0.0986339
914440,0.024731724
914441,0.11183291
914442,0.06891501
914443,0.07357035
914444,0.095380545
914445,0.12142789
914446,0.091077305
914447,0.5665816
914448,0.5973707
914449,0.6301342
914450,0.6798125
914451,0.7552574
914452,0.7262732
914453,0.7614999
914454,0.74412936
914455,0.69862646
914456,0.70784134
914457,0.78186685
914458,0.74722385
914459,0.80591595
914460,0.6698209
914461,0.6746929
914462,0.7396035
914463,0.6965605
914464,0.7644547
914465,0.41891697
914466,0.06708151
914467,0.2399519
914468,0.19861075
914469,0.1714323
914470,0.18334724
914471,0.20035087
914472,0.22065218
914473,0.20894386
914474,0.165374
914475,0.16519213
914476,0.18234555
914477,0.18273515
914478,0.10557812
914479,0.21143058
914480,0.113615885
914481,0.04646569
914482,0.03168215
914483,0.03854866
914484,0.02956142
914485,0.027212495
914486,0.06369156
914487,0.21730322
914488,0.24253275
914489,0.10352336
914490,0.09697394
914491,0.07866629
914492,0.0345254
914493,0.13378236
914494,0.10301214
914495,0.20239685
914496,0.21258068
914497,0.15757619
914498,0.123750076
914499,0.25319836
914500,0.118472934
914501,0.1302895
914502,0.15346433
914503,0.02337543
914504,0.1131568
914505,0.068682425
914506,0.06781922
914507,0.0769874
914508,0.07283446
914509,0.05922692
914510,0.07518615
914511,0.05435869
914512,0.027731279
914513,0.09171735
914514,0.08711598
914515,0.06816925
914516,0.074578084
914517,0.083308525
914518,0.2108764
914519,0.27899227
914520,0.16243015
914521,0.19334373
914522,0.18624717
914523,0.050818108
914524,0.20874538
914525,0.14089213
914526,0.16941051
914527,0.1506196
914528,0.11618707
914529,0.22670661
914530,0.34948048
914531,0.25926057
914532,0.25538176
914533,0.18037449
914534,0.26842648
914535,0.15352581
914536,0.18385759
914537,0.15174711
914538,0.17452292
914539,0.14562045
914540,0.10176678
914541,0.075640164
914542,0.28086674
914543,0.28814897
914544,0.3301662
914545,0.36679956
914546,0.3477851
914547,0.37509915
914548,0.35503507
914549,0.32572073
914550,0.01796918
914551,0.16554783
914552,0.14561152
914553,0.17689171
914554,0.15002945
914555,0.15207425
914556,0.16772786
914557,0.37965363
914558,0.39050397
914559,0.3072894
914560,0.2816893
914561,0.37397835
914562,0.43834177
914563,0.2916973
914564,0.30096084
914565,0.23581712
914566,0.26532996
914567,0.22380479
914568,0.2754247
914569,0.04922584
914570,0.29718935
914571,0.23823833
914572,0.14362434
914573,0.040422708
914574,0.36437503
914575,0.48215988
914576,0.44738144
914577,0.37808567
914578,0.46807125
914579,0.45826212
914580,0.4018005
914581,0.4754856
914582,0.28444514
914583,0.097624265
914584,0.2644968
914585,0.08243365
914586,0.014727485
914587,0.015877211
914588,0.02214935
914589,0.014969978
914590,0.030188091
914591,0.033803668
914592,0.03117103
914593,0.16272394
914594,0.13617125
914595,0.08216952
914596,0.1427802
914597,0.103326485
914598,0.12443646
914599,0.115395136
914600,0.07806699
914601,0.0076875607
914602,0.03136977
914603,0.022537077
914604,0.019411024
914605,0.011175338
914606,0.023725893
914607,0.019212727
914608,0.012359279
914609,0.04252999
914610,0.0514739
914611,0.039775252
914612,0.041854102
914613,0.066306986
914614,0.05377798
914615,0.029191973
914616,0.13439713
914617,0.15703723
914618,0.10877626
914619,0.16387217
914620,0.012173312
914621,0.0299814
914622,0.028085817
914623,0.024154177
914624,0.044601344
914625,0.25846112
914626,0.2526132
914627,0.22079149
914628,0.048500054
914629,0.031016953
914630,0.034338873
914631,0.034407515
914632,0.023330426
914633,0.007622285
914634,0.02756497
914635,0.019453732
914636,0.02054939
914637,0.026792353
914638,0.06403103
914639,0.01870521
914640,0.05676684
914641,0.012210583
914642,0.042610634
914643,0.033059284
914644,0.035191216
914645,0.038084168
914646,0.048215464
914647,0.116178654
914648,0.033253938
914649,0.1550617
914650,0.14960025
914651,0.1607951
914652,0.1758175
914653,0.15529896
914654,0.1430275
914655,0.121256836
914656,0.32949665
914657,0.50507754
914658,0.45336074
914659,0.51968086
914660,0.4705252
914661,0.49571687
914662,0.56716275
914663,0.5002959
914664,0.47349945
914665,0.52145606
914666,0.4550715
914667,0.49787748
914668,0.3578988
914669,0.4374815
914670,0.026846418
914671,0.12609743
914672,0.12538105
914673,0.16497034
914674,0.12369596
914675,0.37338614
914676,0.554301
914677,0.57595205
914678,0.55947816
914679,0.5419444
914680,0.6333638
914681,0.5649109
914682,0.6162021
914683,0.62487274
914684,0.5942606
914685,0.61455536
914686,0.58397985
914687,0.38252512
914688,0.2530154
914689,0.10587956
914690,0.067110404
914691,0.07156328
914692,0.06723322
914693,0.10180808
914694,0.17482316
914695,0.047632813
914696,0.058712907
914697,0.05102959
914698,0.05125879
914699,0.0357526
914700,0.05249405
914701,0.2383351
914702,0.2537058
914703,0.16821511
914704,0.014392485
914705,0.041039713
914706,0.040985033
914707,0.039637867
914708,0.046918638
914709,0.04464516
914710,0.03433419
914711,0.16974856
914712,0.043736815
914713,0.15482679
914714,0.10220357
914715,0.016481735
914716,0.06893473
914717,0.075459525
914718,0.07680658
914719,0.07063395
914720,0.064746924
914721,0.061379574
914722,0.060499284
914723,0.015018069
914724,0.06947986
914725,0.062139127
914726,0.052227728
914727,0.069682375
914728,0.054336056
914729,0.22780363
914730,0.24550329
914731,0.22067177
914732,0.23771417
914733,0.31088173
914734,0.18303461
914735,0.25300437
914736,0.19953924
914737,0.22754323
914738,0.25435627
914739,0.34171703
914740,0.17732832
914741,0.20740213
914742,0.34448382
914743,0.45333555
914744,0.44417655
914745,0.43255043
914746,0.37426588
914747,0.39855945
914748,0.42510402
914749,0.43181866
914750,0.48793286
914751,0.5003482
914752,0.44493836
914753,0.24572952
914754,0.015751438
914755,0.084922016
914756,0.07545941
914757,0.0657367
914758,0.06523646
914759,0.0828025
914760,0.083497204
914761,0.06376469
914762,0.07809003
914763,0.37521473
914764,0.04888565
914765,0.38792488
914766,0.518005
914767,0.4352071
914768,0.43625233
914769,0.39801356
914770,0.4741757
914771,0.43031275
914772,0.50613654
914773,0.4540801
914774,0.40676504
914775,0.29459488
914776,0.014888646
914777,0.073032
914778,0.076550394
914779,0.06847303
914780,0.06522572
914781,0.05690556
914782,0.015108092
914783,0.08176754
914784,0.07442834
914785,0.069049396
914786,0.06824741
914787,0.05057876
914788,0.082551375
914789,0.13080874
914790,0.1476792
914791,0.12016308
914792,0.17016973
914793,0.18586275
914794,0.096558295
914795,0.10028977
914796,0.03140928
914797,0.1420778
914798,0.10787584
914799,0.046570286
914800,0.035607696
914801,0.29688358
914802,0.3512272
914803,0.35265
914804,0.29480803
914805,0.35404477
914806,0.29415545
914807,0.2437584
914808,0.2437206
914809,0.19660221
914810,0.22327326
914811,0.030270722
914812,0.14130357
914813,0.0283998
914814,0.16766022
914815,0.15843809
914816,0.091837466
914817,0.16658273
914818,0.20226543
914819,0.18882939
914820,0.24204512
914821,0.20894569
914822,0.23554021
914823,0.18407063
914824,0.1967243
914825,0.33758745
914826,0.33929166
914827,0.38602936
914828,0.36630476
914829,0.37724498
914830,0.33256152
914831,0.35949892
914832,0.32548156
914833,0.40014696
914834,0.41873604
914835,0.22280262
914836,0.021709634
914837,0.10813266
914838,0.077190846
914839,0.078756265
914840,0.08712119
914841,0.06994409
914842,0.08873897
914843,0.08600499
914844,0.06247219
914845,0.30754355
914846,0.25797322
914847,0.27348712
914848,0.26977226
914849,0.239969
914850,0.23262069
914851,0.3065186
914852,0.26348254
914853,0.13997558
914854,0.20912069
914855,0.12191264
914856,0.111823976
914857,0.016912503
914858,0.13302772
914859,0.11043028
914860,0.117851414
914861,0.10628573
914862,0.11165921
914863,0.11305794
914864,0.08798409
914865,0.017415848
914866,0.07177206
914867,0.09237131
914868,0.07022689
914869,0.06497586
914870,0.07068322
914871,0.11037199
914872,0.055813152
914873,0.05766535
914874,0.120622866
914875,0.11526336
914876,0.091658235
914877,0.09266681
914878,0.09937355
914879,0.0918577
914880,0.08965218
914881,0.06976252
914882,0.05020951
914883,0.17577508
914884,0.16867413
914885,0.24242002
914886,0.20848234
914887,0.23184724
914888,0.16085094
914889,0.15666865
914890,0.19373335
914891,0.21563946
914892,0.22163431
914893,0.09931236
914894,0.04693231
914895,0.49095067
914896,0.44208795
914897,0.51029974
914898,0.5157221
914899,0.50577706
914900,0.5141029
914901,0.50577706
914902,0.51744723
914903,0.4805999
914904,0.55435634
914905,0.56999326
914906,0.53684723
914907,0.5349692
914908,0.5068609
914909,0.28201634
914910,0.03293576
914911,0.110673524
914912,0.108418904
914913,0.067543045
914914,0.077338085
914915,0.02839527
914916,0.17059629
914917,0.1625785
914918,0.14225252
914919,0.12858146
914920,0.15338238
914921,0.16112219
914922,0.23231088
914923,0.11200136
914924,0.08406317
914925,0.054494333
914926,0.32877374
914927,0.30329496
914928,0.5178011
914929,0.32614154
914930,0.41546875
914931,0.4401891
914932,0.2650813
914933,0.48899993
914934,0.34893423
914935,0.43609783
914936,0.44814408
914937,0.4862023
914938,0.43802816
914939,0.47519162
914940,0.5673983
914941,0.3389841
914942,0.037955277
914943,0.12880695
914944,0.093616664
914945,0.07721463
914946,0.097746156
914947,0.09137706
914948,0.15044613
914949,0.10156619
914950,0.054278094
914951,0.17826022
914952,0.16635521
914953,0.184315
914954,0.17197591
914955,0.34038955
914956,0.2826573
914957,0.34970757
914958,0.23601082
914959,0.37009704
914960,0.2326062
914961,0.17696172
914962,0.0625489
914963,0.17150457
914964,0.18152052
914965,0.17675878
914966,0.1547575
914967,0.03709031
914968,0.12249389
914969,0.105872065
914970,0.118495725
914971,0.25036174
914972,0.11817887
914973,0.110114306
914974,0.10824554
914975,0.10306259
914976,0.11972083
914977,0.26985693
914978,0.31521454
914979,0.2731439
914980,0.27179444
914981,0.31351614
914982,0.23463804
914983,0.22596498
914984,0.18615893
914985,0.17001869
914986,0.24750453
914987,0.4016323
914988,0.42926827
914989,0.5186626
914990,0.49626654
914991,0.31838888
914992,0.49566028
914993,0.5482768
914994,0.5478813
914995,0.6112093
914996,0.52576095
914997,0.6079124
914998,0.59613156
914999,0.51788354
915000,0.56622136
915001,0.31696695
915002,0.23397233
915003,0.20775346
915004,0.020695413
915005,0.095127605
915006,0.12139827
915007,0.108329676
915008,0.08249385
915009,0.10089947
915010,0.09202063
915011,0.07873056
915012,0.019204624
915013,0.04565832
915014,0.107237995
915015,0.011482693
915016,0.028724281
915017,0.018473078
915018,0.02073212
915019,0.018117962
915020,0.017924486
915021,0.022705363
915022,0.182195
915023,0.020551546
915024,0.029174455
915025,0.038396873
915026,0.021840192
915027,0.023671733
915028,0.04995274
915029,0.43326852
915030,0.36094603
915031,0.31063488
915032,0.024467643
915033,0.03685799
915034,0.014660721
915035,0.060430806
915036,0.3776262
915037,0.51947564
915038,0.559343
915039,0.51735675
915040,0.4890431
915041,0.41264135
915042,0.611455
915043,0.5211289
915044,0.4618341
915045,0.5123424
915046,0.62893474
915047,0.058102753
915048,0.06713798
915049,0.061992634
915050,0.065413944
915051,0.058646496
915052,0.17382391
915053,0.021243514
915054,0.12695412
915055,0.13321328
915056,0.12747209
915057,0.22118258
915058,0.4278836
915059,0.42880985
915060,0.4144827
915061,0.3800819
915062,0.3763945
915063,0.41426247
915064,0.37903142
915065,0.38877878
915066,0.34575036
915067,0.25955468
915068,0.041796647
915069,0.32929865
915070,0.28494465
915071,0.29247084
915072,0.29973644
915073,0.3094517
915074,0.30404234
915075,0.22534795
915076,0.16768628
915077,0.2235822
915078,0.18322268
915079,0.34870535
915080,0.101566955
915081,0.3230313
915082,0.32393745
915083,0.3396391
915084,0.30393803
915085,0.35402074
915086,0.341469
915087,0.3186749
915088,0.31933483
915089,0.31964284
915090,0.12408155
915091,0.054780312
915092,0.044377472
915093,0.041130994
915094,0.24595304
915095,0.22821559
915096,0.20771533
915097,0.1723109
915098,0.17732053
915099,0.24386631
915100,0.24152064
915101,0.17529146
915102,0.144001
915103,0.1722094
915104,0.011075967
915105,0.049017604
915106,0.07236075
915107,0.051884815
915108,0.081548445
915109,0.51458806
915110,0.627563
915111,0.69619334
915112,0.7104823
915113,0.67668426
915114,0.688348
915115,0.60179025
915116,0.7103267
915117,0.7296241
915118,0.71993715
915119,0.7504646
915120,0.7346595
915121,0.7513566
915122,0.73426825
915123,0.7141828
915124,0.73421365
915125,0.7320907
915126,0.69974124
915127,0.6946993
915128,0.7460412
915129,0.7149995
915130,0.65342927
915131,0.35108134
915132,0.41775694
915133,0.44191742
915134,0.5046571
915135,0.5276237
915136,0.559265
915137,0.5267348
915138,0.4642306
915139,0.52651584
915140,0.4462412
915141,0.53158474
915142,0.5364635
915143,0.5394449
915144,0.49953
915145,0.54367685
915146,0.36214295
915147,0.3215456
915148,0.055343576
915149,0.38507777
915150,0.54145205
915151,0.579346
915152,0.5397062
915153,0.52852947
915154,0.48365623
915155,0.2579132
915156,0.5927324
915157,0.5751789
915158,0.5772138
915159,0.46610215
915160,0.2801776
915161,0.21021575
915162,0.21413149
915163,0.021864338
915164,0.117625795
915165,0.09421525
915166,0.08110073
915167,0.091469675
915168,0.08895913
915169,0.081357226
915170,0.055468433
915171,0.04139314
915172,0.2534612
915173,0.20061879
915174,0.20948142
915175,0.35913354
915176,0.2526549
915177,0.2592628
915178,0.28984845
915179,0.2383159
915180,0.23722532
915181,0.22700877
915182,0.05576931
915183,0.45249963
915184,0.50894976
915185,0.5520587
915186,0.6383943
915187,0.5611931
915188,0.50531375
915189,0.5319283
915190,0.4812702
915191,0.5768169
915192,0.3536749
915193,0.56209445
915194,0.44414955
915195,0.5552421
915196,0.3395591
915197,0.5234852
915198,0.23016255
915199,0.019941011
915200,0.085656844
915201,0.10459947
915202,0.25371578
915203,0.065992765
915204,0.040500075
915205,0.037749194
915206,0.0825378
915207,0.10738086
915208,0.12702774
915209,0.028169835
915210,0.12206062
915211,0.2070176
915212,0.26037934
915213,0.2715388
915214,0.28671247
915215,0.31136155
915216,0.26107508
915217,0.13030937
915218,0.20013085
915219,0.10858072
915220,0.05793737
915221,0.10825499
915222,0.10620588
915223,0.02974848
915224,0.0764242
915225,0.075979315
915226,0.03408543
915227,0.060266215
915228,0.07014603
915229,0.049462486
915230,0.030817078
915231,0.07059056
915232,0.10363363
915233,0.08056227
915234,0.08303718
915235,0.07101317
915236,0.07273103
915237,0.059786864
915238,0.07027344
915239,0.13644336
915240,0.20624053
915241,0.16386187
915242,0.1727197
915243,0.13576993
915244,0.12907834
915245,0.15282547
915246,0.18518183
915247,0.19983278
915248,0.0825486
915249,0.012229841
915250,0.06381931
915251,0.067499824
915252,0.07767655
915253,0.092450716
915254,0.067060255
915255,0.069454476
915256,0.04830523
915257,0.35642698
915258,0.39089376
915259,0.43350232
915260,0.48571584
915261,0.43504566
915262,0.41473222
915263,0.54596823
915264,0.537286
915265,0.57649773
915266,0.54050684
915267,0.58706933
915268,0.43509734
915269,0.50786597
915270,0.41626891
915271,0.30895746
915272,0.05778081
915273,0.2096533
915274,0.23413919
915275,0.32810512
915276,0.25465825
915277,0.22574969
915278,0.26239398
915279,0.23134963
915280,0.2942486
915281,0.22309174
915282,0.26908508
915283,0.2648317
915284,0.19842821
915285,0.11965765
915286,0.06776408
915287,0.36739203
915288,0.3956575
915289,0.5809298
915290,0.3810155
915291,0.3973921
915292,0.4829003
915293,0.46626568
915294,0.44943216
915295,0.47359765
915296,0.49167553
915297,0.4162875
915298,0.51516986
915299,0.411614
915300,0.51701653
915301,0.30730683
915302,0.248291
915303,0.022609834
915304,0.13758099
915305,0.10403596
915306,0.08744549
915307,0.09129193
915308,0.11025786
915309,0.13695712
915310,0.14529699
915311,0.119674526
915312,0.07612446
915313,0.01926647
915314,0.077698216
915315,0.07660551
915316,0.07586091
915317,0.06265728
915318,0.087298
915319,0.06675571
915320,0.055457976
915321,0.018238949
915322,0.09084428
915323,0.075724944
915324,0.101111606
915325,0.09906971
915326,0.13407013
915327,0.13571922
915328,0.12883651
915329,0.079388104
915330,0.2021462
915331,0.25047922
915332,0.016749768
915333,0.15510502
915334,0.12873934
915335,0.14359303
915336,0.12466049
915337,0.09718627
915338,0.021728184
915339,0.14707597
915340,0.15874289
915341,0.14911297
915342,0.116121344
915343,0.029669845
915344,0.24014127
915345,0.15111965
915346,0.19392361
915347,0.120147415
915348,0.1554228
915349,0.19828564
915350,0.29317644
915351,0.22574766
915352,0.19064221
915353,0.12102323
915354,0.059701942
915355,0.38938475
915356,0.33217487
915357,0.42858803
915358,0.3412521
915359,0.42033297
915360,0.42596713
915361,0.32702097
915362,0.45277736
915363,0.42863867
915364,0.4644966
915365,0.43955675
915366,0.42876878
915367,0.15188576
915368,0.024549766
915369,0.19235215
915370,0.18297267
915371,0.16771655
915372,0.08710317
915373,0.18389547
915374,0.13324054
915375,0.13645461
915376,0.14308356
915377,0.15482952
915378,0.11165575
915379,0.21297608
915380,0.10538756
915381,0.14111789
915382,0.33824283
915383,0.22925827
915384,0.4125977
915385,0.20051228
915386,0.22476171
915387,0.16045457
915388,0.3220415
915389,0.19050111
915390,0.22704579
915391,0.32954854
915392,0.21319397
915393,0.20314938
915394,0.1938253
915395,0.23495938
915396,0.20034349
915397,0.21595345
915398,0.15838131
915399,0.08318822
915400,0.4636177
915401,0.57010573
915402,0.5724918
915403,0.65323025
915404,0.5650881
915405,0.61186534
915406,0.63220906
915407,0.5962937
915408,0.65654093
915409,0.67306393
915410,0.65742236
915411,0.68565935
915412,0.6283838
915413,0.6220571
915414,0.6450621
915415,0.6411414
915416,0.68623084
915417,0.58882505
915418,0.63281596
915419,0.44072527
915420,0.24253543
915421,0.09610771
915422,0.09816245
915423,0.09554434
915424,0.11221013
915425,0.10606757
915426,0.08981633
915427,0.06674266
915428,0.055484034
915429,0.4669429
915430,0.55087066
915431,0.60085434
915432,0.5701546
915433,0.4722859
915434,0.6169873
915435,0.608998
915436,0.45310473
915437,0.6206397
915438,0.45869738
915439,0.6166177
915440,0.5619026
915441,0.56887734
915442,0.5572729
915443,0.5591761
915444,0.33588552
915445,0.058897767
915446,0.47792313
915447,0.54694337
915448,0.51771915
915449,0.61643076
915450,0.5537903
915451,0.49022394
915452,0.5600622
915453,0.47932985
915454,0.5928968
915455,0.56824064
915456,0.63290805
915457,0.5120672
915458,0.50320095
915459,0.435833
915460,0.38963103
915461,0.037288044
915462,0.33453867
915463,0.38784254
915464,0.34392887
915465,0.43537903
915466,0.40712205
915467,0.35217556
915468,0.34531942
915469,0.3553028
915470,0.42567536
915471,0.35957786
915472,0.3552697
915473,0.25682136
915474,0.06523016
915475,0.36769217
915476,0.49849784
915477,0.43471098
915478,0.58014494
915479,0.62344915
915480,0.4413221
915481,0.56219023
915482,0.515579
915483,0.5576774
915484,0.46026218
915485,0.4168762
915486,0.59425044
915487,0.58826125
915488,0.585512
915489,0.37487602
915490,0.017462116
915491,0.085762165
915492,0.096239425
915493,0.09445327
915494,0.087152064
915495,0.084267825
915496,0.1153038
915497,0.03819947
915498,0.040545505
915499,0.081016675
915500,0.112441
915501,0.07489999
915502,0.09043711
915503,0.046514962
915504,0.24778341
915505,0.1825043
915506,0.01596056
915507,0.12027462
915508,0.10776713
915509,0.14133541
915510,0.11757804
915511,0.120466314
915512,0.12862551
915513,0.08566658
915514,0.032395814
915515,0.37809917
915516,0.4431925
915517,0.44072983
915518,0.4038687
915519,0.32452196
915520,0.4087141
915521,0.4087141
915522,0.40756062
915523,0.4744259
915524,0.2412224
915525,0.05754692
915526,0.33863124
915527,0.20647706
915528,0.1818292
915529,0.1857069
915530,0.22677526
915531,0.48514876
915532,0.5656534
915533,0.3662179
915534,0.24779521
915535,0.25861785
915536,0.4460086
915537,0.20102301
915538,0.27476093
915539,0.4771158
915540,0.31376657
915541,0.3569988
915542,0.29722992
915543,0.2941173
915544,0.27194315
915545,0.3764979
915546,0.24139456
915547,0.21084575
915548,0.27546278
915549,0.1726688
915550,0.26588762
915551,0.50157136
915552,0.44157925
915553,0.56711614
915554,0.54062957
915555,0.54169965
915556,0.6235404
915557,0.5853763
915558,0.57091826
915559,0.5825529
915560,0.5690827
915561,0.60252964
915562,0.5548432
915563,0.5672953
915564,0.32207164
915565,0.021619352
915566,0.2200818
915567,0.11008208
915568,0.33316204
915569,0.10391525
915570,0.18283229
915571,0.26922452
915572,0.09061072
915573,0.095500134
915574,0.2288007
915575,0.10907712
915576,0.09976102
915577,0.08438585
915578,0.038184308
915579,0.21275097
915580,0.30470142
915581,0.23465906
915582,0.33075404
915583,0.23985851
915584,0.3093567
915585,0.24234995
915586,0.03699137
915587,0.24017942
915588,0.21593437
915589,0.22099572
915590,0.1800467
915591,0.13285373
915592,0.06124743
915593,0.030819872
915594,0.081022054
915595,0.07733946
915596,0.34053978
915597,0.37852123
915598,0.008432272
915599,0.03242383
915600,0.033083994
915601,0.041538667
915602,0.03667676
915603,0.035323817
915604,0.0086267805
915605,0.040893205
915606,0.06650577
915607,0.03588092
915608,0.034760725
915609,0.36904627
915610,0.64061064
915611,0.70334834
915612,0.7132285
915613,0.65327674
915614,0.6735887
915615,0.78292066
915616,0.7465148
915617,0.7080789
915618,0.8152775
915619,0.72095805
915620,0.82869995
915621,0.76653206
915622,0.7601939
915623,0.8044651
915624,0.74135506
915625,0.57882
915626,0.78549695
915627,0.6891757
915628,0.74924105
915629,0.7180869
915630,0.4971615
915631,0.015616835
915632,0.05399901
915633,0.037945274
915634,0.049046542
915635,0.074737936
915636,0.044805743
915637,0.02136609
915638,0.026391914
915639,0.024542984
915640,0.025545388
915641,0.014809717
915642,0.017603317
915643,0.013311895
915644,0.024417035
915645,0.023779696
915646,0.014659102
915647,0.025742853
915648,0.012722576
915649,0.03456294
915650,0.021113062
915651,0.006742821
915652,0.0491103
915653,0.022020893
915654,0.03107073
915655,0.033815388
915656,0.020186022
915657,0.24102741
915658,0.15099901
915659,0.14545584
915660,0.030415915
915661,0.04333333
915662,0.029615022
915663,0.024679042
915664,0.034713417
915665,0.14460656
915666,0.11692626
915667,0.24856955
915668,0.11960577
915669,0.11477677
915670,0.045322057
915671,0.14177914
915672,0.09670967
915673,0.05357307
915674,0.10276064
915675,0.052562837
915676,0.03979042
915677,0.15102878
915678,0.121504016
915679,0.16468418
915680,0.14135365
915681,0.14209314
915682,0.1811645
915683,0.12479087
915684,0.06645231
915685,0.039728746
915686,0.081537984
915687,0.053261723
915688,0.049258992
915689,0.04373535
915690,0.012758023
915691,0.05284369
915692,0.050906423
915693,0.067140564
915694,0.05808018
915695,0.20110264
915696,0.038016524
915697,0.15216766
915698,0.08001477
915699,0.20619488
915700,0.10754825
915701,0.12344594
915702,0.08168602
915703,0.30488965
915704,0.023312185
915705,0.05553396
915706,0.049394734
915707,0.06801082
915708,0.052616302
915709,0.27419007
915710,0.017561032
915711,0.07864988
915712,0.088568226
915713,0.08005401
915714,0.080852136
915715,0.06936113
915716,0.0101170605
915717,0.046184905
915718,0.07313158
915719,0.055339884
915720,0.046797737
915721,0.035408303
915722,0.029740563
915723,0.027103024
915724,0.07717835
915725,0.105602756
915726,0.1167251
915727,0.060916573
915728,0.018237663
915729,0.03455036
915730,0.037313167
915731,0.0407897
915732,0.04501136
915733,0.032330275
915734,0.04070816
915735,0.047665603
915736,0.06821326
915737,0.24974164
915738,0.35286272
915739,0.38274285
915740,0.4921825
915741,0.50377345
915742,0.48633316
915743,0.4831111
915744,0.43209302
915745,0.49161157
915746,0.56756353
915747,0.507258
915748,0.43690476
915749,0.47707483
915750,0.29999545
915751,0.016922701
915752,0.15591148
915753,0.13681358
915754,0.13519605
915755,0.13749728
915756,0.13717555
915757,0.13982828
915758,0.102312215
915759,0.36203185
915760,0.2659175
915761,0.2680683
915762,0.26622608
915763,0.28878415
915764,0.3003222
915765,0.2769676
915766,0.2765491
915767,0.18187056
915768,0.211354
915769,0.022878984
915770,0.16141772
915771,0.13948701
915772,0.0940334
915773,0.13959998
915774,0.14744183
915775,0.15604475
915776,0.14449766
915777,0.09642618
915778,0.085918896
915779,0.5657016
915780,0.567787
915781,0.6117179
915782,0.5473533
915783,0.5758812
915784,0.6290197
915785,0.62206036
915786,0.40159732
915787,0.4883495
915788,0.36160076
915789,0.28636152
915790,0.47233355
915791,0.62679845
915792,0.6203642
915793,0.70755213
915794,0.7257035
915795,0.69743997
915796,0.7388069
915797,0.60893905
915798,0.6983286
915799,0.71267647
915800,0.6573355
915801,0.6448006
915802,0.5750766
915803,0.55889374
915804,0.39579645
915805,0.07326854
915806,0.24955127
915807,0.17044793
915808,0.15066075
915809,0.01610657
915810,0.16316387
915811,0.15170085
915812,0.15180296
915813,0.14942728
915814,0.14180486
915815,0.13822517
915816,0.14985573
915817,0.17365165
915818,0.037041456
915819,0.36095417
915820,0.41870323
915821,0.28045827
915822,0.40057755
915823,0.4056755
915824,0.2934019
915825,0.3945026
915826,0.43254918
915827,0.33123115
915828,0.13274388
915829,0.044438165
915830,0.14742444
915831,0.14560956
915832,0.26807758
915833,0.15806155
915834,0.21087916
915835,0.22374319
915836,0.22301409
915837,0.13986419
915838,0.102761015
915839,0.12880808
915840,0.44198588
915841,0.50127614
915842,0.6079825
915843,0.50492346
915844,0.6682647
915845,0.7269675
915846,0.688887
915847,0.70206577
915848,0.73065186
915849,0.7433448
915850,0.7073243
915851,0.7304578
915852,0.68580323
915853,0.7154361
915854,0.7450981
915855,0.7217169
915856,0.67250836
915857,0.62486494
915858,0.718342
915859,0.6092967
915860,0.342985
915861,0.03446522
915862,0.2610757
915863,0.2647336
915864,0.26587832
915865,0.26797578
915866,0.14476334
915867,0.41585433
915868,0.3798814
915869,0.31284788
915870,0.37943423
915871,0.30872285
915872,0.22851923
915873,0.16536288
915874,0.104765095
915875,0.26971427
915876,0.06246929
915877,0.18781407
915878,0.17331807
915879,0.17536917
915880,0.1728354
915881,0.018414602
915882,0.14450584
915883,0.17922436
915884,0.1406852
915885,0.15588962
915886,0.14965372
915887,0.14794737
915888,0.08400582
915889,0.2072172
915890,0.44277033
915891,0.44162893
915892,0.5094244
915893,0.61644274
915894,0.6069041
915895,0.6751741
915896,0.5817657
915897,0.6786469
915898,0.6993859
915899,0.6716883
915900,0.6108771
915901,0.5847281
915902,0.69789326
915903,0.6850226
915904,0.5531687
915905,0.640707
915906,0.604957
915907,0.62042403
915908,0.6306149
915909,0.48099738
915910,0.023266153
915911,0.1266912
915912,0.10040832
915913,0.059499905
915914,0.20267077
915915,0.08159915
915916,0.55321085
915917,0.6136398
915918,0.6390074
915919,0.78526944
915920,0.61709625
915921,0.6535511
915922,0.6688198
915923,0.7756447
915924,0.67280394
915925,0.7209778
915926,0.7203846
915927,0.726608
915928,0.72681296
915929,0.7133767
915930,0.7362735
915931,0.67240757
915932,0.7524017
915933,0.64832175
915934,0.7426753
915935,0.686504
915936,0.66559345
915937,0.7189547
915938,0.4972347
915939,0.023747882
915940,0.0500934
915941,0.040607072
915942,0.03530823
915943,0.030956415
915944,0.055979177
915945,0.52065253
915946,0.56078416
915947,0.65359354
915948,0.65929747
915949,0.6246033
915950,0.6000738
915951,0.6023731
915952,0.6000738
915953,0.6058017
915954,0.60595936
915955,0.6956353
915956,0.6697174
915957,0.6770456
915958,0.66517925
915959,0.6664854
915960,0.6470556
915961,0.65967643
915962,0.52652943
915963,0.017037034
915964,0.03551079
915965,0.039270923
915966,0.04307118
915967,0.044835895
915968,0.035473138
915969,0.04226434
915970,0.047480308
915971,0.045818042
915972,0.05583049
915973,0.25113434
915974,0.24622798
915975,0.23705429
915976,0.262678
915977,0.18148337
915978,0.012812834
915979,0.120748624
915980,0.10769033
915981,0.10314821
915982,0.10670164
915983,0.16610047
915984,0.21210164
915985,0.25396496
915986,0.26396835
915987,0.13371101
915988,0.1347018
915989,0.11816259
915990,0.10750041
915991,0.5589225
915992,0.60749537
915993,0.71467996
915994,0.74406093
915995,0.78091574
915996,0.7672968
915997,0.784356
915998,0.7968128
915999,0.76324874
916000,0.7876208
916001,0.75531447
916002,0.76752967
916003,0.75378746
916004,0.7648635
916005,0.7831497
916006,0.75777704
916007,0.79014266
916008,0.73690313
916009,0.7500051
916010,0.7677123
916011,0.7336442
916012,0.7642021
916013,0.7536333
916014,0.7432591
916015,0.7617117
916016,0.5491037
916017,0.020868957
916018,0.11596675
916019,0.109545596
916020,0.12615715
916021,0.15722236
916022,0.12117525
916023,0.09826047
916024,0.058256358
916025,0.51637745
916026,0.5596236
916027,0.76984
916028,0.8001171
916029,0.75647295
916030,0.8031544
916031,0.8214642
916032,0.8042737
916033,0.8343359
916034,0.8625653
916035,0.8633413
916036,0.8673925
916037,0.8046587
916038,0.82812434
916039,0.8234231
916040,0.87703204
916041,0.801562
916042,0.8262636
916043,0.8517878
916044,0.85432136
916045,0.8243396
916046,0.8507551
916047,0.8499614
916048,0.8639006
916049,0.86418444
916050,0.8134479
916051,0.81256074
916052,0.8432142
916053,0.78553534
916054,0.8012206
916055,0.7954962
916056,0.81777257
916057,0.79256815
916058,0.82855326
916059,0.7083926
916060,0.7595125
916061,0.42342764
916062,0.034549244
916063,0.2478572
916064,0.50539744
916065,0.32604846
916066,0.3093945
916067,0.29071793
916068,0.29453555
916069,0.4340471
916070,0.4459649
916071,0.44026893
916072,0.46674547
916073,0.32685637
916074,0.08781544
916075,0.18679439
916076,0.15107732
916077,0.059380062
916078,0.0648484
916079,0.07164911
916080,0.048483487
916081,0.03382466
916082,0.11220489
916083,0.060126536
916084,0.07599386
916085,0.053452104
916086,0.0870824
916087,0.086206205
916088,0.22261654
916089,0.30771253
916090,0.060531218
916091,0.12382443
916092,0.1507189
916093,0.112074755
916094,0.09265773
916095,0.016098494
916096,0.064076036
916097,0.06690077
916098,0.071221806
916099,0.082818836
916100,0.22987846
916101,0.12298849
916102,0.14072028
916103,0.1500559
916104,0.1113328
916105,0.041193232
916106,0.11929838
916107,0.034555264
916108,0.16773742
916109,0.11012321
916110,0.037395075
916111,0.2218424
916112,0.20763296
916113,0.18855552
916114,0.16429423
916115,0.44921646
916116,0.4995968
916117,0.62660164
916118,0.5891776
916119,0.6742005
916120,0.6122183
916121,0.7017441
916122,0.77702916
916123,0.6755019
916124,0.65983486
916125,0.675572
916126,0.654405
916127,0.6725685
916128,0.67221487
916129,0.6550653
916130,0.6333728
916131,0.67082334
916132,0.6011327
916133,0.44256878
916134,0.051097833
916135,0.04078469
916136,0.029824968
916137,0.17031349
916138,0.0071034944
916139,0.02493707
916140,0.023766588
916141,0.026576202
916142,0.023728985
916143,0.28056768
916144,0.08401263
916145,0.06706312
916146,0.07512967
916147,0.07081096
916148,0.06305861
916149,0.27499264
916150,0.15191576
916151,0.0072695366
916152,0.026729403
916153,0.023997236
916154,0.03780902
916155,0.036659017
916156,0.041509364
916157,0.02958621
916158,0.33084586
916159,0.11604492
916160,0.14375858
916161,0.020183485
916162,0.08292211
916163,0.06913108
916164,0.073870234
916165,0.066381685
916166,0.068295136
916167,0.06389106
916168,0.055756405
916169,0.03584776
916170,0.122365065
916171,0.116216816
916172,0.14146107
916173,0.11487795
916174,0.12176521
916175,0.13649955
916176,0.13353738
916177,0.08257374
916178,0.033029824
916179,0.024641987
916180,0.114555605
916181,0.08135407
916182,0.08837425
916183,0.07613338
916184,0.07907776
916185,0.08046743
916186,0.08107286
916187,0.12223034
916188,0.034592
916189,0.12859924
916190,0.11214574
916191,0.11442647
916192,0.14663045
916193,0.16443369
916194,0.13501549
916195,0.15033299
916196,0.08425881
916197,0.009109749
916198,0.033899717
916199,0.03371636
916200,0.030911459
916201,0.02965356
916202,0.023410697
916203,0.09961979
916204,0.15529959
916205,0.14270473
916206,0.12194023
916207,0.11776516
916208,0.12969403
916209,0.16038549
916210,0.09826679
916211,0.0087399045
916212,0.03802787
916213,0.031474616
916214,0.03132621
916215,0.05854935
916216,0.04437955
916217,0.11725059
916218,0.12876178
916219,0.01449494
916220,0.07711598
916221,0.04448777
916222,0.034342974
916223,0.045332577
916224,0.06680262
916225,0.03738572
916226,0.053797726
916227,0.04948198
916228,0.039392147
916229,0.021663386
916230,0.123547964
916231,0.12781191
916232,0.11490214
916233,0.10943996
916234,0.031561263
916235,0.026705068
916236,0.037272815
916237,0.044687647
916238,0.05217238
916239,0.051719937
916240,0.05950168
916241,0.014973493
916242,0.05357263
916243,0.044932645
916244,0.063148886
916245,0.044014238
916246,0.047898244
916247,0.037106816
916248,0.2540822
916249,0.014297887
916250,0.062028147
916251,0.048448287
916252,0.025713153
916253,0.057907294
916254,0.04614534
916255,0.06514571
916256,0.19533193
916257,0.11045946
916258,0.10330602
916259,0.10232733
916260,0.027014
916261,0.27695733
916262,0.29295573
916263,0.30622226
916264,0.2958362
916265,0.29717577
916266,0.29468656
916267,0.25952128
916268,0.26959765
916269,0.27123302
916270,0.21381864
916271,0.022534136
916272,0.15512897
916273,0.13566418
916274,0.13563393
916275,0.112519406
916276,0.14260674
916277,0.1518483
916278,0.1490525
916279,0.092860654
916280,0.022519756
916281,0.09900012
916282,0.12946573
916283,0.13789415
916284,0.14418828
916285,0.123075925
916286,0.115362495
916287,0.077565275
916288,0.020364739
916289,0.1306718
916290,0.14714319
916291,0.12585546
916292,0.12574038
916293,0.10153436
916294,0.13022593
916295,0.09405485
916296,0.27379668
916297,0.023202602
916298,0.10908897
916299,0.13159135
916300,0.14456338
916301,0.13975376
916302,0.14181924
916303,0.14640313
916304,0.0785779
916305,0.034670796
916306,0.20398946
916307,0.21652837
916308,0.19818352
916309,0.21747659
916310,0.21509916
916311,0.21219371
916312,0.20224854
916313,0.14538935
916314,0.047319528
916315,0.14513978
916316,0.13442068
916317,0.27229407
916318,0.03735777
916319,0.20472491
916320,0.2043759
916321,0.2013116
916322,0.19790283
916323,0.25343302
916324,0.2585038
916325,0.16146274
916326,0.24948664
916327,0.15417215
916328,0.10302423
916329,0.10922298
916330,0.09678219
916331,0.11129086
916332,0.0960055
916333,0.09339576
916334,0.14812435
916335,0.1789838
916336,0.15933368
916337,0.033141803
916338,0.24319711
916339,0.21283549
916340,0.22295332
916341,0.22506596
916342,0.24745679
916343,0.22858877
916344,0.1944418
916345,0.19499446
916346,0.49949422
916347,0.47573128
916348,0.6568512
916349,0.7034973
916350,0.63814783
916351,0.65591526
916352,0.66097414
916353,0.710247
916354,0.6449868
916355,0.7301516
916356,0.6480535
916357,0.65410125
916358,0.70097136
916359,0.6694693
916360,0.691386
916361,0.606724
916362,0.6643912
916363,0.6304544
916364,0.46757427
916365,0.028227525
916366,0.15241437
916367,0.15580244
916368,0.1520314
916369,0.13009124
916370,0.25943172
916371,0.06323925
916372,0.2210706
916373,0.02886796
916374,0.06310422
916375,0.14357638
916376,0.02686759
916377,0.06117671
916378,0.21246539
916379,0.13438377
916380,0.09658142
916381,0.2976205
916382,0.021303218
916383,0.06946508
916384,0.06904115
916385,0.06074264
916386,0.055740554
916387,0.022706596
916388,0.12801342
916389,0.16701427
916390,0.11915341
916391,0.12587395
916392,0.38075733
916393,0.2279973
916394,0.15358253
916395,0.15120183
916396,0.1773801
916397,0.10395361
916398,0.2399874
916399,0.060286257
916400,0.56811863
916401,0.5306041
916402,0.6150167
916403,0.6373913
916404,0.6299849
916405,0.61923665
916406,0.6294464
916407,0.65368384
916408,0.6172457
916409,0.62738264
916410,0.58518416
916411,0.63072723
916412,0.6845549
916413,0.6018894
916414,0.27779993
916415,0.63742954
916416,0.5534614
916417,0.6092802
916418,0.59876144
916419,0.38192722
916420,0.021661581
916421,0.058612783
916422,0.055428606
916423,0.04702173
916424,0.05866865
916425,0.05676232
916426,0.06212554
916427,0.011926131
916428,0.06666104
916429,0.06316909
916430,0.06966241
916431,0.06157614
916432,0.0595259
916433,0.04553212
916434,0.054374255
916435,0.3460447
916436,0.33971936
916437,0.37797835
916438,0.535771
916439,0.31903568
916440,0.3391048
916441,0.29302132
916442,0.3160737
916443,0.28243494
916444,0.3182085
916445,0.23209408
916446,0.30513668
916447,0.22678146
916448,0.19800647
916449,0.0374906
916450,0.3025258
916451,0.36005247
916452,0.4017688
916453,0.380842
916454,0.33941856
916455,0.36085376
916456,0.25729203
916457,0.29254144
916458,0.2779091
916459,0.34695372
916460,0.30118316
916461,0.24822398
916462,0.21291523
916463,0.055963308
916464,0.3333767
916465,0.30002788
916466,0.029200235
916467,0.11974231
916468,0.090938
916469,0.08336969
916470,0.11729454
916471,0.16220607
916472,0.3590505
916473,0.03124816
916474,0.11954571
916475,0.03904756
916476,0.1675933
916477,0.13179365
916478,0.14221229
916479,0.16419247
916480,0.13919929
916481,0.14263946
916482,0.11770008
916483,0.028306808
916484,0.18038252
916485,0.14589201
916486,0.18566743
916487,0.13939533
916488,0.14485858
916489,0.13745533
916490,0.11897987
916491,0.20015824
916492,0.009796468
916493,0.01675822
916494,0.012251958
916495,0.011381441
916496,0.02507142
916497,0.03470087
916498,0.035552017
916499,0.022895131
916500,0.01714311
916501,0.012351239
916502,0.012411009
916503,0.01883713
916504,0.022464763
916505,0.019547695
916506,0.017898526
916507,0.008555725
916508,0.02569832
916509,0.021966452
916510,0.021176063
916511,0.023645293
916512,0.02184694
916513,0.026769014
916514,0.027668793
916515,0.1499704
916516,0.031432502
916517,0.28236553
916518,0.19694117
916519,0.2442521
916520,0.041345615
916521,0.085211076
916522,0.069426544
916523,0.07132884
916524,0.06093236
916525,0.070810065
916526,0.07757114
916527,0.27638504
916528,0.15099928
916529,0.03705537
916530,0.10394133
916531,0.01906358
916532,0.16786957
916533,0.15671572
916534,0.16151766
916535,0.12452125
916536,0.08152188
916537,0.12204629
916538,0.11109823
916539,0.17965417
916540,0.255671
916541,0.12409245
916542,0.18565708
916543,0.13596939
916544,0.17355365
916545,0.1614924
916546,0.24000745
916547,0.20342687
916548,0.22351971
916549,0.14830169
916550,0.14701971
916551,0.18490574
916552,0.19478299
916553,0.1431515
916554,0.056174185
916555,0.29115435
916556,0.17649488
916557,0.20485769
916558,0.24550214
916559,0.233033
916560,0.1640403
916561,0.20785822
916562,0.2041998
916563,0.2200052
916564,0.19219717
916565,0.16170461
916566,0.03700694
916567,0.13114946
916568,0.12613885
916569,0.18732695
916570,0.11392292
916571,0.13448165
916572,0.17130286
916573,0.19086264
916574,0.16885707
916575,0.2299707
916576,0.15672778
916577,0.19480811
916578,0.16553655
916579,0.05515929
916580,0.11169743
916581,0.14572962
916582,0.12245903
916583,0.07737412
916584,0.10754074
916585,0.11915417
916586,0.06478797
916587,0.071672395
916588,0.1671649
916589,0.13700911
916590,0.18970586
916591,0.09001975
916592,0.025552921
916593,0.17295028
916594,0.14709538
916595,0.14804107
916596,0.14805323
916597,0.08197629
916598,0.14934725
916599,0.1528063
916600,0.088380665
916601,0.20702398
916602,0.20094614
916603,0.2053339
916604,0.026219837
916605,0.11837864
916606,0.16637781
916607,0.11889632
916608,0.1534889
916609,0.119042814
916610,0.11847565
916611,0.13134134
916612,0.09333019
916613,0.24549344
916614,0.11755613
916615,0.10123505
916616,0.1178148
916617,0.18147163
916618,0.053214204
916619,0.12316638
916620,0.12228477
916621,0.14751214
916622,0.14581619
916623,0.11412275
916624,0.19765568
916625,0.02304898
916626,0.04438838
916627,0.063370444
916628,0.0162397
916629,0.073674075
916630,0.14968677
916631,0.09386051
916632,0.095979944
916633,0.03455973
916634,0.03618911
916635,0.0464297
916636,0.027657636
916637,0.058699682
916638,0.25120154
916639,0.07967233
916640,0.018122278
916641,0.043621182
916642,0.052740745
916643,0.04614219
916644,0.032919157
916645,0.094683975
916646,0.15178032
916647,0.19832075
916648,0.091112874
916649,0.09395373
916650,0.15149039
916651,0.22450265
916652,0.09953333
916653,0.15952648
916654,0.14622247
916655,0.010284267
916656,0.046502843
916657,0.04699442
916658,0.05594988
916659,0.046298165
916660,0.07624461
916661,0.052306566
916662,0.06589084
916663,0.025739385
916664,0.12737632
916665,0.11701965
916666,0.12397933
916667,0.1914666
916668,0.041883875
916669,0.118438385
916670,0.16913283
916671,0.11163957
916672,0.126086
916673,0.15003358
916674,0.101065636
916675,0.14024854
916676,0.23939398
916677,0.11456281
916678,0.026387857
916679,0.101848975
916680,0.1892459
916681,0.21573111
916682,0.21909006
916683,0.19769724
916684,0.22671527
916685,0.19769724
916686,0.22912242
916687,0.22123271
916688,0.1696626
916689,0.03257967
916690,0.1488549
916691,0.11513476
916692,0.14194548
916693,0.10878777
916694,0.086652994
916695,0.050731372
916696,0.45819688
916697,0.5780052
916698,0.63506377
916699,0.5479414
916700,0.47824192
916701,0.561485
916702,0.47824192
916703,0.5360368
916704,0.5543594
916705,0.5641172
916706,0.37927264
916707,0.51544267
916708,0.49944416
916709,0.4905123
916710,0.3067977
916711,0.30626863
916712,0.16562897
916713,0.07857648
916714,0.32298076
916715,0.46242848
916716,0.41837275
916717,0.53428435
916718,0.62294525
916719,0.741038
916720,0.6987438
916721,0.6789103
916722,0.6871568
916723,0.64289063
916724,0.48393542
916725,0.6228472
916726,0.7077962
916727,0.69079614
916728,0.6754891
916729,0.6016252
916730,0.4308307
916731,0.6237452
916732,0.7378377
916733,0.62190586
916734,0.5035399
916735,0.06734407
916736,0.37312222
916737,0.44585565
916738,0.6385277
916739,0.6564194
916740,0.7084626
916741,0.7036199
916742,0.75929517
916743,0.8202625
916744,0.8157638
916745,0.8190381
916746,0.8336522
916747,0.8194721
916748,0.8063296
916749,0.79813236
916750,0.85167414
916751,0.8161655
916752,0.8499731
916753,0.84483445
916754,0.8517033
916755,0.8421299
916756,0.8702755
916757,0.86768955
916758,0.86778474
916759,0.8407286
916760,0.8425991
916761,0.8996214
916762,0.8480149
916763,0.8183927
916764,0.8556938
916765,0.8204111
916766,0.841458
916767,0.8425878
916768,0.8313478
916769,0.82732517
916770,0.7672512
916771,0.7363757
916772,0.7113066
916773,0.6187261
916774,0.04838394
916775,0.21546364
916776,0.19765076
916777,0.07245642
916778,0.068856165
916779,0.08273819
916780,0.07321057
916781,0.05796939
916782,0.19271241
916783,0.018630736
916784,0.06562236
916785,0.075188786
916786,0.06757086
916787,0.06417482
916788,0.06670473
916789,0.07889415
916790,0.069798596
916791,0.33361435
916792,0.02032393
916793,0.08953968
916794,0.09108619
916795,0.080718875
916796,0.07221744
916797,0.07143732
916798,0.06892648
916799,0.08939362
916800,0.07935993
916801,0.028403282
916802,0.070477836
916803,0.08706294
916804,0.06759153
916805,0.06991889
916806,0.06101574
916807,0.069233835
916808,0.090275474
916809,0.0560814
916810,0.29563192
916811,0.05451435
916812,0.08776074
916813,0.064350136
916814,0.17555517
916815,0.18963231
916816,0.151632
916817,0.26750937
916818,0.22492214
916819,0.02263102
916820,0.08289638
916821,0.07215463
916822,0.05787938
916823,0.0593721
916824,0.06274534
916825,0.015828297
916826,0.049031768
916827,0.06133613
916828,0.046722602
916829,0.06789656
916830,0.052842103
916831,0.046802003
916832,0.05594423
916833,0.27761397
916834,0.079056755
916835,0.54000336
916836,0.53169525
916837,0.44966102
916838,0.5358933
916839,0.4638435
916840,0.41363218
916841,0.61617637
916842,0.46528757
916843,0.42943153
916844,0.42410696
916845,0.5594489
916846,0.3584231
916847,0.35214266
916848,0.038345914
916849,0.10893299
916850,0.2132388
916851,0.2562418
916852,0.26415673
916853,0.23666324
916854,0.12848032
916855,0.14746751
916856,0.24754842
916857,0.28922337
916858,0.27613306
916859,0.23382853
916860,0.03835851
916861,0.09740333
916862,0.05489491
916863,0.3497696
916864,0.41162226
916865,0.35755545
916866,0.34679618
916867,0.3636334
916868,0.3952752
916869,0.47248518
916870,0.44850865
916871,0.4561534
916872,0.31111038
916873,0.23942475
916874,0.035037793
916875,0.27593613
916876,0.25947738
916877,0.1933552
916878,0.14546843
916879,0.14341618
916880,0.28679734
916881,0.20003018
916882,0.27895615
916883,0.13579907
916884,0.2798595
916885,0.23837936
916886,0.16827533
916887,0.10878841
916888,0.11985945
916889,0.07779078
916890,0.56574714
916891,0.6199054
916892,0.6811104
916893,0.59585375
916894,0.5960082
916895,0.66541547
916896,0.6646707
916897,0.66106355
916898,0.41839567
916899,0.49828416
916900,0.6668353
916901,0.52082926
916902,0.42988345
916903,0.5314348
916904,0.32323226
916905,0.05438322
916906,0.28704
916907,0.22839618
916908,0.27476868
916909,0.30143234
916910,0.39157417
916911,0.44808957
916912,0.39685738
916913,0.3605483
916914,0.43950754
916915,0.30052936
916916,0.28891653
916917,0.21570982
916918,0.27284667
916919,0.13494459
916920,0.024956968
916921,0.061926153
916922,0.033732064
916923,0.24530174
916924,0.40809315
916925,0.057377204
916926,0.34289557
916927,0.44132406
916928,0.4640452
916929,0.47645652
916930,0.42943016
916931,0.48914957
916932,0.5151207
916933,0.49675685
916934,0.5568638
916935,0.5042283
916936,0.5056212
916937,0.45602384
916938,0.5198842
916939,0.5578024
916940,0.5063103
916941,0.5558154
916942,0.3284937
916943,0.015847621
916944,0.07800027
916945,0.081459865
916946,0.09355771
916947,0.07377677
916948,0.12212622
916949,0.057049297
916950,0.025296858
916951,0.077548146
916952,0.080213025
916953,0.07384326
916954,0.048876584
916955,0.042200785
916956,0.041825436
916957,0.045371536
916958,0.058294136
916959,0.04742769
916960,0.01773988
916961,0.10269549
916962,0.09448741
916963,0.1118767
916964,0.09765206
916965,0.09485759
916966,0.092710756
916967,0.090385206
916968,0.022272699
916969,0.07249701
916970,0.08263802
916971,0.072820775
916972,0.011391028
916973,0.052474417
916974,0.05202766
916975,0.043878615
916976,0.046829153
916977,0.04654297
916978,0.31844097
916979,0.22933184
916980,0.20766488
916981,0.2093021
916982,0.17971316
916983,0.07294184
916984,0.09186477
916985,0.04514
916986,0.46733224
916987,0.46043998
916988,0.58176094
916989,0.62273836
916990,0.648999
916991,0.5729742
916992,0.63590163
916993,0.6003973
916994,0.63063186
916995,0.6081073
916996,0.61306745
916997,0.7331556
916998,0.69328046
916999,0.5629912
917000,0.43434516
917001,0.4767811
917002,0.31404635
917003,0.041217495
917004,0.19895434
917005,0.053347748
917006,0.23048717
917007,0.32483056
917008,0.18500209
917009,0.0856467
917010,0.07377474
917011,0.068796225
917012,0.054592468
917013,0.084557265
917014,0.25983405
917015,0.1740501
917016,0.1788911
917017,0.14022611
917018,0.17915763
917019,0.17770647
917020,0.21978281
917021,0.16804959
917022,0.22762614
917023,0.1957008
917024,0.08274593
917025,0.09200004
917026,0.18091176
917027,0.085789725
917028,0.08396363
917029,0.08004651
917030,0.10162202
917031,0.06346286
917032,0.03289914
917033,0.19023217
917034,0.18654422
917035,0.12869604
917036,0.34118664
917037,0.1682152
917038,0.09615885
917039,0.0922365
917040,0.14036201
917041,0.09883133
917042,0.11079825
917043,0.07618874
917044,0.10707746
917045,0.032891653
917046,0.15849666
917047,0.16638683
917048,0.15348735
917049,0.13567472
917050,0.020277686
917051,0.08437031
917052,0.094310135
917053,0.08245508
917054,0.14118709
917055,0.08461018
917056,0.06530021
917057,0.14803195
917058,0.026266841
917059,0.11249556
917060,0.117977604
917061,0.09290756
917062,0.099877514
917063,0.10439718
917064,0.11096546
917065,0.06987309
917066,0.020841464
917067,0.11216912
917068,0.10063284
917069,0.11787981
917070,0.10651879
917071,0.10296429
917072,0.10181212
917073,0.098502874
917074,0.02977299
917075,0.1002592
917076,0.117799155
917077,0.11648005
917078,0.0972299
917079,0.09213849
917080,0.074921995
917081,0.033091187
917082,0.08707764
917083,0.08644584
917084,0.0918527
917085,0.0975045
917086,0.0918527
917087,0.07203216
917088,0.32719576
917089,0.123673275
917090,0.10438015
917091,0.1616752
917092,0.026485354
917093,0.1057714
917094,0.092961185
917095,0.095547944
917096,0.10403961
917097,0.09278649
917098,0.07885974
917099,0.08861611
917100,0.030964768
917101,0.07439694
917102,0.07040508
917103,0.017874585
917104,0.08221659
917105,0.079928376
917106,0.07624518
917107,0.101067305
917108,0.09897428
917109,0.076022156
917110,0.10413665
917111,0.12709033
917112,0.42945033
917113,0.45519784
917114,0.48781833
917115,0.6086313
917116,0.59882283
917117,0.59121686
917118,0.5709847
917119,0.5816003
917120,0.57426184
917121,0.5992273
917122,0.6388839
917123,0.41056535
917124,0.62528104
917125,0.6598845
917126,0.5350377
917127,0.5666593
917128,0.5659545
917129,0.54838085
917130,0.2736147
917131,0.41494817
917132,0.030177847
917133,0.17218436
917134,0.20370167
917135,0.022458969
917136,0.08392128
917137,0.08627395
917138,0.1531337
917139,0.04075105
917140,0.07220618
917141,0.07225892
917142,0.10242496
917143,0.021524148
917144,0.12967515
917145,0.07677915
917146,0.101302765
917147,0.16468138
917148,0.22944525
917149,0.109642334
917150,0.13734281
917151,0.08875988
917152,0.020221371
917153,0.073969126
917154,0.07426557
917155,0.05858812
917156,0.10960824
917157,0.09960752
917158,0.17251879
917159,0.074314974
917160,0.13735226
917161,0.062170714
917162,0.109906174
917163,0.09340945
917164,0.029260663
917165,0.11523262
917166,0.08229234
917167,0.097746916
917168,0.15502213
917169,0.076467834
917170,0.08516814
917171,0.10979318
917172,0.08780614
917173,0.14194399
917174,0.087705776
917175,0.11327632
917176,0.06512939
917177,0.22436385
917178,0.105772875
917179,0.019844871
917180,0.041315764
917181,0.060996056
917182,0.039636888
917183,0.039842058
917184,0.04658446
917185,0.041763347
917186,0.068815306
917187,0.018649463
917188,0.092520155
917189,0.13050231
917190,0.092962354
917191,0.119826905
917192,0.087695695
917193,0.19615255
917194,0.10304109
917195,0.14878544
917196,0.15826249
917197,0.06434049
917198,0.06274618
917199,0.07674936
917200,0.07893145
917201,0.06678505
917202,0.06046126
917203,0.072334185
917204,0.052316643
917205,0.017106855
917206,0.0599458
917207,0.06499275
917208,0.053840946
917209,0.052570328
917210,0.051953726
917211,0.057371844
917212,0.05409856
917213,0.031706825
917214,0.06834364
917215,0.06279035
917216,0.055637676
917217,0.06594652
917218,0.061075803
917219,0.0821945
917220,0.10389861
917221,0.06863105
917222,0.046867754
917223,0.2618465
917224,0.3643218
917225,0.34050095
917226,0.21309446
917227,0.36529908
917228,0.37044078
917229,0.38272706
917230,0.379164
917231,0.27212536
917232,0.21691199
917233,0.39198247
917234,0.14388838
917235,0.41689414
917236,0.22060677
917237,0.27872637
917238,0.17135878
917239,0.16433436
917240,0.13180813
917241,0.04738793
917242,0.07883624
917243,0.24116544
917244,0.13025399
917245,0.26348174
917246,0.1540776
917247,0.2168439
917248,0.27494872
917249,0.20645857
917250,0.20252292
917251,0.07462835
917252,0.16507083
917253,0.21580172
917254,0.06847926
917255,0.48155338
917256,0.5638086
917257,0.58704036
917258,0.6335501
917259,0.5483119
917260,0.5936077
917261,0.5473719
917262,0.58000416
917263,0.6140006
917264,0.5685974
917265,0.60402995
917266,0.5870493
917267,0.477226
917268,0.5056655
917269,0.19853304
917270,0.033053957
917271,0.07386482
917272,0.071987264
917273,0.07891651
917274,0.06314105
917275,0.078234516
917276,0.08738824
917277,0.10351267
917278,0.045059223
917279,0.16402161
917280,0.054798324
917281,0.44107306
917282,0.54025656
917283,0.5885417
917284,0.5086009
917285,0.50967795
917286,0.6120283
917287,0.60510904
917288,0.6123668
917289,0.6229836
917290,0.54588705
917291,0.55559266
917292,0.6005861
917293,0.5654446
917294,0.29529765
917295,0.04254766
917296,0.13125464
917297,0.118121006
917298,0.17202689
917299,0.26138645
917300,0.23945692
917301,0.13695644
917302,0.2736486
917303,0.12821577
917304,0.19848105
917305,0.29482067
917306,0.15666454
917307,0.38585153
917308,0.12235389
917309,0.1148105
917310,0.12106164
917311,0.22095808
917312,0.019075032
917313,0.13400505
917314,0.07371971
917315,0.08159571
917316,0.101342335
917317,0.09058778
917318,0.060930282
917319,0.052185245
917320,0.24210766
917321,0.26481667
917322,0.39844245
917323,0.37303764
917324,0.27695075
917325,0.3849938
917326,0.20390172
917327,0.19606704
917328,0.40111533
917329,0.37302253
917330,0.25066933
917331,0.27543947
917332,0.033119105
917333,0.09049696
917334,0.087123804
917335,0.056619816
917336,0.051463008
917337,0.05045207
917338,0.10557596
917339,0.21740837
917340,0.024141638
917341,0.1445612
917342,0.111445405
917343,0.10214717
917344,0.09789287
917345,0.113768294
917346,0.11319155
917347,0.15509629
917348,0.08888057
917349,0.04436656
917350,0.0920024
917351,0.1047779
917352,0.11747758
917353,0.113767825
917354,0.12196279
917355,0.12868217
917356,0.112154074
917357,0.094245404
917358,0.040530834
917359,0.109757386
917360,0.12154621
917361,0.23667344
917362,0.12162134
917363,0.11562632
917364,0.12997672
917365,0.13381995
917366,0.12558195
917367,0.10042084
917368,0.050894964
917369,0.08315991
917370,0.14771599
917371,0.16017134
917372,0.119642615
917373,0.10569796
917374,0.038693286
917375,0.08007008
917376,0.12234778
917377,0.078975655
917378,0.0866909
917379,0.117086604
917380,0.0668037
917381,0.024356725
917382,0.11393762
917383,0.15147345
917384,0.08282777
917385,0.20029737
917386,0.115872435
917387,0.11888398
917388,0.14451206
917389,0.16008656
917390,0.04397986
917391,0.10568072
917392,0.06024414
917393,0.07858589
917394,0.016540365
917395,0.10545778
917396,0.39923707
917397,0.45620698
917398,0.4439883
917399,0.3855981
917400,0.38076362
917401,0.38274246
917402,0.38274246
917403,0.38274246
917404,0.38369778
917405,0.49098647
917406,0.46483317
917407,0.46913403
917408,0.32114708
917409,0.3407932
917410,0.5056472
917411,0.5997528
917412,0.553237
917413,0.7010347
917414,0.6714804
917415,0.66080016
917416,0.6359952
917417,0.6103518
917418,0.6601975
917419,0.60447687
917420,0.69340193
917421,0.60789937
917422,0.64373887
917423,0.5665512
917424,0.48401377
917425,0.61803895
917426,0.6234445
917427,0.31189218
917428,0.022276971
917429,0.0708619
917430,0.12810111
917431,0.03307483
917432,0.094697505
917433,0.32773858
917434,0.047488697
917435,0.23284175
917436,0.31984743
917437,0.26658717
917438,0.27449316
917439,0.26245856
917440,0.42138818
917441,0.28550196
917442,0.044376135
917443,0.26129982
917444,0.32690212
917445,0.226
917446,0.22484367
917447,0.293317
917448,0.95328015
917449,0.20115532
917450,0.21302514
917451,0.25873798
917452,0.34214234
917453,0.19540589
917454,0.16051263
917455,0.3336009
917456,0.28740406
917457,0.32407573
917458,0.36604583
917459,0.3324969
917460,0.3938992
917461,0.33061653
917462,0.28665647
917463,0.34071314
917464,0.2785458
917465,0.29486644
917466,0.2991353
917467,0.2229392
917468,0.18919706
917469,0.16863276
917470,0.19013445
917471,0.08400993
917472,0.089400396
917473,0.043897502
917474,0.536876
917475,0.6253505
917476,0.69033307
917477,0.7136258
917478,0.6926236
917479,0.7062157
917480,0.71452415
917481,0.71841186
917482,0.6963292
917483,0.59113395
917484,0.68562365
917485,0.6330415
917486,0.6903195
917487,0.61210907
917488,0.60707605
917489,0.61132073
917490,0.35366535
917491,0.17824434
917492,0.3024776
917493,0.13738477
917494,0.13228807
917495,0.1180944
917496,0.11630999
917497,0.08586755
917498,0.19279326
917499,0.5584913
917500,0.62658954
917501,0.7298607
917502,0.7525082
917503,0.7583622
917504,0.8194394
917505,0.8128669
917506,0.8765402
917507,0.8279548
917508,0.8797107
917509,0.88615096
917510,0.8419452
917511,0.8480723
917512,0.85450673
917513,0.8473261
917514,0.84027404
917515,0.8644043
917516,0.88004214
917517,0.859949
917518,0.8713986
917519,0.8606879
917520,0.86984384
917521,0.8911252
917522,0.89088
917523,0.8947571
917524,0.87678254
917525,0.8600581
917526,0.86375076
917527,0.85126066
917528,0.8729022
917529,0.86121696
917530,0.8645382
917531,0.8852193
917532,0.8471416
917533,0.87509453
917534,0.81839055
917535,0.8420521
917536,0.8312698
917537,0.8285382
917538,0.838543
917539,0.8439116
917540,0.8710159
917541,0.81365734
917542,0.84702176
917543,0.79866064
917544,0.861779
917545,0.83310556
917546,0.8504365
917547,0.78231376
917548,0.83470076
917549,0.81639045
917550,0.85521466
917551,0.8317429
917552,0.83181155
917553,0.8338263
917554,0.8453228
917555,0.81904006
917556,0.83107495
917557,0.5032065
917558,0.03560654
917559,0.17027757
917560,0.043332122
917561,0.25200212
917562,0.14731942
917563,0.08668343
917564,0.06779184
917565,0.6580347
917566,0.634266
917567,0.65617365
917568,0.68294775
917569,0.58782095
917570,0.64558655
917571,0.6806714
917572,0.64979756
917573,0.6857508
917574,0.6502546
917575,0.59839225
917576,0.61853045
917577,0.65262216
917578,0.6365215
917579,0.41445336
917580,0.53613365
917581,0.5912477
917582,0.5105446
917583,0.42050102
917584,0.16290052
917585,0.51377857
917586,0.60162663
917587,0.65870094
917588,0.6945414
917589,0.67986226
917590,0.7186388
917591,0.7294725
917592,0.7827087
917593,0.8063452
917594,0.79393363
917595,0.81592286
917596,0.8082824
917597,0.74882853
917598,0.8124905
917599,0.78801787
917600,0.69134897
917601,0.7417167
917602,0.738345
917603,0.78230983
917604,0.6862359
917605,0.69361204
917606,0.75250554
917607,0.7609133
917608,0.72904605
917609,0.8004415
917610,0.691122
917611,0.67342603
917612,0.7929492
917613,0.7872488
917614,0.80889
917615,0.72433376
917616,0.020338105
917617,0.07841504
917618,0.060705934
917619,0.26023406
917620,0.038717274
917621,0.41419914
917622,0.44027513
917623,0.461836
917624,0.34279808
917625,0.5254743
917626,0.42184207
917627,0.61413807
917628,0.4833657
917629,0.46033514
917630,0.4978951
917631,0.20424977
917632,0.15941544
917633,0.15974723
917634,0.119630754
917635,0.08520105
917636,0.058456063
917637,0.08278885
917638,0.07721597
917639,0.09535098
917640,0.40512604
917641,0.43970236
917642,0.5006195
917643,0.5039534
917644,0.5426409
917645,0.40536964
917646,0.5859252
917647,0.5512168
917648,0.46873128
917649,0.41554382
917650,0.5020274
917651,0.5144505
917652,0.49794194
917653,0.45503053
917654,0.5653852
917655,0.3253181
917656,0.017060231
917657,0.07104498
917658,0.036308203
917659,0.35368925
917660,0.41765338
917661,0.40980774
917662,0.42317158
917663,0.41246113
917664,0.42355576
917665,0.42856377
917666,0.26520747
917667,0.17671004
917668,0.26040193
917669,0.12233633
917670,0.069859795
917671,0.22082315
917672,0.22560008
917673,0.29326987
917674,0.020948661
917675,0.12694748
917676,0.11712062
917677,0.074821636
917678,0.16624598
917679,0.05382981
917680,0.11982094
917681,0.0901537
917682,0.04380024
917683,0.077161096
917684,0.017109204
917685,0.09122617
917686,0.06499585
917687,0.097739786
917688,0.08931356
917689,0.08931356
917690,0.12253914
917691,0.07899989
917692,0.16901346
917693,0.20525685
917694,0.17003177
917695,0.19929512
917696,0.20593525
917697,0.14879258
917698,0.17966537
917699,0.062077876
917700,0.23045938
917701,0.17322738
917702,0.124059565
917703,0.084644996
917704,0.26226866
917705,0.36337078
917706,0.37673455
917707,0.37897134
917708,0.3595605
917709,0.3595494
917710,0.35764918
917711,0.030997545
917712,0.12959938
917713,0.11666545
917714,0.10928515
917715,0.07597913
917716,0.51664054
917717,0.37478054
917718,0.4947098
917719,0.6068296
917720,0.58583415
917721,0.5702764
917722,0.61399895
917723,0.57431144
917724,0.6101481
917725,0.58373207
917726,0.5978266
917727,0.56403595
917728,0.57988876
917729,0.58522725
917730,0.56791884
917731,0.36779544
917732,0.25853118
917733,0.15315801
917734,0.09563099
917735,0.15007387
917736,0.08140697
917737,0.11076137
917738,0.12416731
917739,0.27295083
917740,0.11143373
917741,0.048156045
917742,0.15519314
917743,0.18285392
917744,0.15192401
917745,0.1946225
917746,0.23907271
917747,0.17362483
917748,0.20126852
917749,0.15947172
917750,0.21120043
917751,0.100243375
917752,0.30136743
917753,0.14460973
917754,0.13725787
917755,0.14037338
917756,0.144653
917757,0.26447764
917758,0.18658736
917759,0.14621197
917760,0.10034403
917761,0.23827998
917762,0.0921544
917763,0.20666489
917764,0.21178651
917765,0.03198687
917766,0.15020737
917767,0.26305792
917768,0.14777534
917769,0.15625584
917770,0.10697323
917771,0.11660331
917772,0.07512104
917773,0.48956054
917774,0.5946897
917775,0.45507073
917776,0.4697083
917777,0.5460423
917778,0.4392049
917779,0.50347275
917780,0.46236426
917781,0.5081483
917782,0.42039546
917783,0.5286518
917784,0.631082
917785,0.652325
917786,0.3616136
917787,0.17962696
917788,0.17104961
917789,0.09697782
917790,0.09624474
917791,0.09380792
917792,0.052184857
917793,0.04821493
917794,0.114235066
917795,0.122449346
917796,0.07248962
917797,0.08338758
917798,0.06516653
917799,0.29614913
917800,0.34742358
917801,0.3806665
917802,0.09815682
917803,0.4514306
917804,0.46626997
917805,0.4991191
917806,0.65611964
917807,0.7451358
917808,0.5723044
917809,0.5120722
917810,0.52268296
917811,0.62106097
917812,0.4971872
917813,0.5679012
917814,0.6564018
917815,0.6482974
917816,0.570914
917817,0.45618927
917818,0.40855905
917819,0.018259017
917820,0.07699565
917821,0.05239517
917822,0.077160925
917823,0.089965895
917824,0.058418937
917825,0.050265465
917826,0.052467827
917827,0.04706854
917828,0.016332373
917829,0.12959972
917830,0.08764044
917831,0.20073403
917832,0.10574115
917833,0.13949433
917834,0.09074991
917835,0.08553479
917836,0.071182646
917837,0.052901357
917838,0.4539264
917839,0.48633915
917840,0.48489815
917841,0.49269092
917842,0.49018726
917843,0.48227042
917844,0.4829301
917845,0.54233843
917846,0.4272856
917847,0.46492627
917848,0.33649817
917849,0.07041272
917850,0.25071225
917851,0.24401213
917852,0.14797221
917853,0.028881276
917854,0.08944742
917855,0.07604356
917856,0.0840689
917857,0.02114316
917858,0.10366109
917859,0.20891677
917860,0.09261829
917861,0.09321691
917862,0.10010231
917863,0.10332511
917864,0.11666124
917865,0.06851794
917866,0.20094018
917867,0.14617078
917868,0.15869461
917869,0.08645913
917870,0.37059578
917871,0.5467894
917872,0.46190116
917873,0.031915434
917874,0.13463461
917875,0.1421519
917876,0.17915726
917877,0.08472206
917878,0.029177764
917879,0.064016685
917880,0.057102814
917881,0.06843297
917882,0.057123717
917883,0.043118227
917884,0.010445185
917885,0.059175212
917886,0.06638897
917887,0.055512603
917888,0.054080337
917889,0.054679632
917890,0.051792063
917891,0.026592575
917892,0.15336066
917893,0.078483164
917894,0.18338925
917895,0.15285456
917896,0.11400728
917897,0.0547782
917898,0.21097982
917899,0.16259484
917900,0.15026708
917901,0.065459885
917902,0.106897645
917903,0.015789948
917904,0.058735784
917905,0.16017933
917906,0.07218605
917907,0.07062903
917908,0.064922325
917909,0.15824886
917910,0.1384145
917911,0.12465252
917912,0.07743334
917913,0.018692037
917914,0.097815625
917915,0.12039899
917916,0.107774995
917917,0.09228178
917918,0.103693195
917919,0.06693782
917920,0.09487841
917921,0.06551279
917922,0.0541165
917923,0.030321348
917924,0.29268688
917925,0.2959895
917926,0.27762336
917927,0.21837091
917928,0.08057127
917929,0.35796946
917930,0.23838302
917931,0.3545561
917932,0.25600964
917933,0.38413972
917934,0.088442676
917935,0.36062828
917936,0.24462451
917937,0.23854384
917938,0.028807964
917939,0.33565933
917940,0.22233838
917941,0.39565107
917942,0.37625188
917943,0.43829715
917944,0.11792887
917945,0.40753078
917946,0.46179256
917947,0.43289322
917948,0.1262567
917949,0.49081233
917950,0.40310314
917951,0.46830714
917952,0.36355025
917953,0.5265819
917954,0.58268
917955,0.26809856
917956,0.217424
917957,0.033651453
917958,0.08801759
917959,0.07413596
917960,0.053831767
917961,0.06771129
917962,0.051852897
917963,0.08369258
917964,0.012627719
917965,0.06087807
917966,0.05842862
917967,0.07017224
917968,0.060091164
917969,0.02882654
917970,0.03097103
917971,0.054991793
917972,0.04154556
917973,0.30240563
917974,0.04913169
917975,0.4242806
917976,0.66182345
917977,0.594571
917978,0.67311454
917979,0.59999055
917980,0.69365054
917981,0.59999055
917982,0.6779506
917983,0.7008727
917984,0.6269995
917985,0.67143106
917986,0.56676733
917987,0.629229
917988,0.45493972
917989,0.30715457
917990,0.4703105
917991,0.34556705
917992,0.28602123
917993,0.3210619
917994,0.1817378
917995,0.027740816
917996,0.41123405
917997,0.4340169
917998,0.36478084
917999,0.42026013
918000,0.36284757
918001,0.41912118
918002,0.24741977
918003,0.08847274
918004,0.08281971
918005,0.053837657
918006,0.061759464
918007,0.045920372
918008,0.09958304
918009,0.25736648
918010,0.18958949
918011,0.27326176
918012,0.27823257
918013,0.26092836
918014,0.37596357
918015,0.31134835
918016,0.18951504
918017,0.22680505
918018,0.15627484
918019,0.043557473
918020,0.093577586
918021,0.0723339
918022,0.11502668
918023,0.014236793
918024,0.048279345
918025,0.0493932
918026,0.05426343
918027,0.06856636
918028,0.03642517
918029,0.03642517
918030,0.050645918
918031,0.033317268
918032,0.030402927
918033,0.09733231
918034,0.123486444
918035,0.123336256
918036,0.09177319
918037,0.21172962
918038,0.13005355
918039,0.16225366
918040,0.1640763
918041,0.09355472
918042,0.12876913
918043,0.17268527
918044,0.172255
918045,0.48728788
918046,0.43715283
918047,0.5014554
918048,0.57260305
918049,0.52727205
918050,0.5963656
918051,0.5853002
918052,0.59619164
918053,0.58435047
918054,0.53279054
918055,0.5586621
918056,0.62159204
918057,0.60322297
918058,0.42014438
918059,0.61948603
918060,0.44129497
918061,0.5984905
918062,0.5524732
918063,0.2338907
918064,0.057898693
918065,0.45010555
918066,0.46077502
918067,0.53062475
918068,0.5961124
918069,0.63170904
918070,0.6120973
918071,0.5834082
918072,0.64094967
918073,0.54660153
918074,0.6368487
918075,0.6153694
918076,0.6480343
918077,0.5991946
918078,0.5859241
918079,0.53356844
918080,0.60789436
918081,0.52901024
918082,0.58676535
918083,0.5117745
918084,0.57738113
918085,0.33748597
918086,0.07352252
918087,0.54138154
918088,0.54782945
918089,0.5366709
918090,0.6203633
918091,0.61174285
918092,0.7221735
918093,0.688458
918094,0.74803513
918095,0.6573854
918096,0.6620842
918097,0.69915766
918098,0.7522662
918099,0.7169195
918100,0.749052
918101,0.705283
918102,0.73291695
918103,0.68729895
918104,0.7595374
918105,0.7443161
918106,0.66494215
918107,0.66588163
918108,0.6518981
918109,0.6714058
918110,0.7167409
918111,0.4195625
918112,0.048973933
918113,0.39623362
918114,0.3377485
918115,0.39528587
918116,0.45828685
918117,0.5442298
918118,0.33886617
918119,0.40768737
918120,0.45306733
918121,0.4961511
918122,0.44252777
918123,0.43505958
918124,0.32576844
918125,0.49368718
918126,0.35862276
918127,0.17020346
918128,0.1276769
918129,0.14340445
918130,0.13521963
918131,0.15109889
918132,0.11247316
918133,0.021027489
918134,0.16736667
918135,0.18686861
918136,0.18216068
918137,0.18217506
918138,0.13697207
918139,0.15185386
918140,0.03287013
918141,0.12773554
918142,0.13280804
918143,0.12277367
918144,0.1420815
918145,0.14562249
918146,0.13300587
918147,0.12393698
918148,0.03328005
918149,0.21788688
918150,0.22295746
918151,0.15656728
918152,0.19791912
918153,0.16830266
918154,0.17374896
918155,0.054509986
918156,0.28693673
918157,0.15372232
918158,0.15750949
918159,0.15222277
918160,0.15730064
918161,0.15958941
918162,0.16560958
918163,0.08695034
918164,0.25056177
918165,0.13548684
918166,0.12762453
918167,0.15488951
918168,0.15478866
918169,0.18690911
918170,0.17322974
918171,0.1542644
918172,0.08939025
918173,0.24695247
918174,0.25385988
918175,0.17002712
918176,0.18440972
918177,0.069903046
918178,0.032759555
918179,0.105659835
918180,0.14683522
918181,0.14015831
918182,0.16897967
918183,0.1341585
918184,0.13059185
918185,0.08748893
918186,0.1743987
918187,0.536194
918188,0.6085012
918189,0.65132755
918190,0.7075142
918191,0.71296185
918192,0.5298068
918193,0.4982722
918194,0.731379
918195,0.7009061
918196,0.73590255
918197,0.7282987
918198,0.5627308
918199,0.5653085
918200,0.69561374
918201,0.7033199
918202,0.72260237
918203,0.705169
918204,0.7045368
918205,0.73097366
918206,0.7614978
918207,0.7135375
918208,0.70801574
918209,0.7140741
918210,0.52443415
918211,0.052389048
918212,0.01892824
918213,0.058875516
918214,0.05737394
918215,0.050307505
918216,0.03838263
918217,0.20062785
918218,0.18519963
918219,0.18162331
918220,0.12331324
918221,0.0491511
918222,0.11986953
918223,0.0110643525
918224,0.04857757
918225,0.06667916
918226,0.04780744
918227,0.03987937
918228,0.017397195
918229,0.15504114
918230,0.15519401
918231,0.1989472
918232,0.19790228
918233,0.14456525
918234,0.14490525
918235,0.1903648
918236,0.12862784
918237,0.052035734
918238,0.2743571
918239,0.12421923
918240,0.13028814
918241,0.1333399
918242,0.1332243
918243,0.15265816
918244,0.11375919
918245,0.012230239
918246,0.06462913
918247,0.04608969
918248,0.05098076
918249,0.040133465
918250,0.09258453
918251,0.4723759
918252,0.4364555
918253,0.5052554
918254,0.49527246
918255,0.3284393
918256,0.4901914
918257,0.26269728
918258,0.5219227
918259,0.5424533
918260,0.4686149
918261,0.5060711
918262,0.48686004
918263,0.5143735
918264,0.3357765
918265,0.015548933
918266,0.04618039
918267,0.05228802
918268,0.051698998
918269,0.055981096
918270,0.25238666
918271,0.13493903
918272,0.12429085
918273,0.12585986
918274,0.2004035
918275,0.074104264
918276,0.32814226
918277,0.39700112
918278,0.4977648
918279,0.49642783
918280,0.33662972
918281,0.44645837
918282,0.390898
918283,0.5781765
918284,0.574167
918285,0.5532093
918286,0.5913922
918287,0.55269784
918288,0.5911197
918289,0.62304354
918290,0.47615606
918291,0.636674
918292,0.53106564
918293,0.57211304
918294,0.6128805
918295,0.2688752
918296,0.025428591
918297,0.059022088
918298,0.0568948
918299,0.15926182
918300,0.093991496
918301,0.09049994
918302,0.12874234
918303,0.60522974
918304,0.59932345
918305,0.7117207
918306,0.7225713
918307,0.69253796
918308,0.7133362
918309,0.737531
918310,0.664863
918311,0.8353096
918312,0.85199475
918313,0.8340006
918314,0.8241899
918315,0.83249956
918316,0.8483828
918317,0.8507084
918318,0.8486269
918319,0.84901994
918320,0.84257156
918321,0.8335538
918322,0.8180776
918323,0.75346965
918324,0.7466561
918325,0.8473515
918326,0.73881024
918327,0.828558
918328,0.8453312
918329,0.84431803
918330,0.8446285
918331,0.8264763
918332,0.7984691
918333,0.8616371
918334,0.85058266
918335,0.7459388
918336,0.8552126
918337,0.6953763
918338,0.7181812
918339,0.698718
918340,0.6669045
918341,0.73668396
918342,0.6612196
918343,0.74158555
918344,0.7619627
918345,0.73851323
918346,0.7045177
918347,0.71088475
918348,0.33778033
918349,0.012523898
918350,0.04424305
918351,0.048433065
918352,0.048522394
918353,0.048878115
918354,0.044203606
918355,0.04582479
918356,0.05411936
918357,0.009634803
918358,0.123725094
918359,0.058152914
918360,0.06300622
918361,0.0845424
918362,0.052691203
918363,0.01992489
918364,0.08247817
918365,0.12055557
918366,0.07964604
918367,0.07836465
918368,0.08138804
918369,0.08096731
918370,0.09961626
918371,0.06635912
918372,0.026782721
918373,0.27409923
918374,0.30639607
918375,0.31046468
918376,0.3065832
918377,0.39139494
918378,0.23949179
918379,0.30164462
918380,0.38477695
918381,0.39308092
918382,0.31868988
918383,0.3702119
918384,0.25506255
918385,0.13866322
918386,0.061987642
918387,0.054128245
918388,0.047707364
918389,0.078378595
918390,0.048699886
918391,0.33495614
918392,0.4017083
918393,0.40815228
918394,0.24173598
918395,0.41397184
918396,0.4660911
918397,0.45119363
918398,0.5417973
918399,0.43138894
918400,0.5819073
918401,0.47560656
918402,0.42775255
918403,0.46358687
918404,0.28329095
918405,0.06857199
918406,0.3575656
918407,0.52863455
918408,0.5705342
918409,0.5797533
918410,0.46386433
918411,0.60612583
918412,0.6461008
918413,0.5170878
918414,0.6564593
918415,0.5808601
918416,0.66423863
918417,0.57171845
918418,0.66427207
918419,0.62875295
918420,0.6423762
918421,0.66242003
918422,0.7149221
918423,0.6049105
918424,0.5018652
918425,0.41971162
918426,0.4426103
918427,0.35761774
918428,0.04038285
918429,0.4065288
918430,0.47917336
918431,0.61421347
918432,0.57404435
918433,0.6118681
918434,0.610555
918435,0.612465
918436,0.66168386
918437,0.64437383
918438,0.5959656
918439,0.706081
918440,0.6236299
918441,0.6153747
918442,0.6948071
918443,0.6573934
918444,0.6791232
918445,0.6642186
918446,0.64032036
918447,0.59527147
918448,0.36220017
918449,0.01430686
918450,0.08510057
918451,0.10072437
918452,0.075347096
918453,0.0626735
918454,0.071602985
918455,0.067914926
918456,0.05254699
918457,0.030888293
918458,0.077181846
918459,0.06405761
918460,0.08105142
918461,0.07358496
918462,0.06633638
918463,0.11709691
918464,0.09754824
918465,0.21538575
918466,0.10954394
918467,0.028802367
918468,0.11907531
918469,0.08596548
918470,0.02657941
918471,0.06764602
918472,0.08992222
918473,0.09277401
918474,0.073410004
918475,0.17551821
918476,0.1807465
918477,0.1654781
918478,0.18493555
918479,0.08496955
918480,0.027972637
918481,0.12204563
918482,0.18369564
918483,0.07539518
918484,0.1272264
918485,0.112986065
918486,0.09778818
918487,0.06494227
918488,0.07805035
918489,0.06515677
918490,0.1462267
918491,0.11769773
918492,0.1095142
918493,0.22218144
918494,0.20807292
918495,0.337746
918496,0.07023717
918497,0.19952993
918498,0.17070238
918499,0.18965825
918500,0.16255714
918501,0.18307295
918502,0.026285404
918503,0.15056327
918504,0.048894763
918505,0.045846906
918506,0.042886592
918507,0.05003308
918508,0.05677695
918509,0.02660677
918510,0.20952404
918511,0.15667804
918512,0.07677692
918513,0.20691884
918514,0.087489426
918515,0.10241078
918516,0.09670969
918517,0.047154676
918518,0.05004334
918519,0.08404335
918520,0.28807926
918521,0.23019394
918522,0.2319494
918523,0.11393729
918524,0.17228228
918525,0.17440937
918526,0.23942545
918527,0.16640474
918528,0.13738114
918529,0.03203112
918530,0.25793803
918531,0.17540526
918532,0.22171591
918533,0.2131023
918534,0.16261713
918535,0.027194537
918536,0.1635226
918537,0.19122085
918538,0.18258011
918539,0.22261384
918540,0.2254687
918541,0.1969794
918542,0.16903812
918543,0.18737634
918544,0.026627777
918545,0.24772625
918546,0.23683506
918547,0.19500685
918548,0.029785905
918549,0.22092539
918550,0.19368123
918551,0.02765027
918552,0.23519239
918553,0.22399913
918554,0.1885884
918555,0.23144604
918556,0.13800953
918557,0.12417616
918558,0.18024546
918559,0.1248067
918560,0.021915462
918561,0.2227146
918562,0.16427563
918563,0.16371423
918564,0.1565714
918565,0.14306399
918566,0.16917968
918567,0.11021879
918568,0.1435821
918569,0.20104724
918570,0.032985613
918571,0.22766781
918572,0.25158736
918573,0.2731804
918574,0.25878653
918575,0.24953784
918576,0.24332234
918577,0.2642515
918578,0.2679244
918579,0.22035801
918580,0.17867006
918581,0.027771125
918582,0.22429615
918583,0.1789202
918584,0.19897956
918585,0.19600978
918586,0.23387595
918587,0.19349322
918588,0.2024929
918589,0.15833104
918590,0.120432235
918591,0.30609328
918592,0.18192519
918593,0.1396634
918594,0.039434038
918595,0.028674629
918596,0.035704006
918597,0.022558816
918598,0.021002434
918599,0.018010532
918600,0.017648041
918601,0.00941267
918602,0.050752874
918603,0.24445574
918604,0.2083623
918605,0.1996653
918606,0.08808694
918607,0.030681282
918608,0.11586758
918609,0.1390869
918610,0.1378022
918611,0.13908143
918612,0.13911456
918613,0.14382198
918614,0.105420016
918615,0.007359145
918616,0.021044314
918617,0.018241284
918618,0.022385627
918619,0.018760659
918620,0.021174377
918621,0.01999411
918622,0.16696116
918623,0.44942522
918624,0.5165526
918625,0.72498447
918626,0.68994236
918627,0.7059301
918628,0.7475612
918629,0.74161327
918630,0.6489565
918631,0.74055296
918632,0.71462536
918633,0.7297651
918634,0.74556273
918635,0.7391156
918636,0.7696532
918637,0.74019796
918638,0.7803861
918639,0.74279594
918640,0.71931016
918641,0.76594234
918642,0.66964734
918643,0.7743841
918644,0.7385497
918645,0.7481741
918646,0.6852302
918647,0.7339469
918648,0.64963347
918649,0.7395114
918650,0.35725057
918651,0.041047595
918652,0.17434993
918653,0.16220571
918654,0.1387769
918655,0.14652193
918656,0.13376632
918657,0.015317412
918658,0.019926026
918659,0.026108718
918660,0.025741478
918661,0.016694289
918662,0.022027245
918663,0.021509277
918664,0.19770199
918665,0.5715888
918666,0.5763274
918667,0.6740018
918668,0.77376217
918669,0.68434286
918670,0.73585916
918671,0.7457332
918672,0.7374297
918673,0.72605914
918674,0.70775735
918675,0.7779985
918676,0.7650462
918677,0.72029454
918678,0.69023126
918679,0.74496883
918680,0.76745397
918681,0.7930973
918682,0.7948255
918683,0.84993273
918684,0.7150425
918685,0.77438974
918686,0.7563677
918687,0.76100606
918688,0.7651641
918689,0.7537249
918690,0.7510066
918691,0.509175
918692,0.11566494
918693,0.11202273
918694,0.097654186
918695,0.3120306
918696,0.120577894
918697,0.018109715
918698,0.035548028
918699,0.040024213
918700,0.02608679
918701,0.027036427
918702,0.22329102
918703,0.2341484
918704,0.20415016
918705,0.23759514
918706,0.2253789
918707,0.23691541
918708,0.023585541
918709,0.17474854
918710,0.027167711
918711,0.009290681
918712,0.015130466
918713,0.032932132
918714,0.021061333
918715,0.029283237
918716,0.02208785
918717,0.020562071
918718,0.053790174
918719,0.011772244
918720,0.021320533
918721,0.022252427
918722,0.013192208
918723,0.020960452
918724,0.028153978
918725,0.031638242
918726,0.032896083
918727,0.023629496
918728,0.012004635
918729,0.036458388
918730,0.019242829
918731,0.02256042
918732,0.020316925
918733,0.06736039
918734,0.06324689
918735,0.018547546
918736,0.060023837
918737,0.2523893
918738,0.15505537
918739,0.14334139
918740,0.14696833
918741,0.13795288
918742,0.15544353
918743,0.14783545
918744,0.11747155
918745,0.032740075
918746,0.08766067
918747,0.08577973
918748,0.09567682
918749,0.0281378
918750,0.072890654
918751,0.027274296
918752,0.07812087
918753,0.2224657
918754,0.12750667
918755,0.14546686
918756,0.06422167
918757,0.065691754
918758,0.034741245
918759,0.048822414
918760,0.5326765
918761,0.5289974
918762,0.637207
918763,0.7003977
918764,0.7352022
918765,0.6555695
918766,0.71537936
918767,0.68011105
918768,0.7205159
918769,0.7357012
918770,0.71364576
918771,0.7171603
918772,0.70007575
918773,0.7054313
918774,0.6967196
918775,0.68765104
918776,0.6546496
918777,0.4280658
918778,0.020960072
918779,0.09510122
918780,0.12278885
918781,0.11624789
918782,0.0993379
918783,0.08248272
918784,0.2932555
918785,0.1246337
918786,0.11858847
918787,0.9892855
918788,0.027723838
918789,0.327308
918790,0.26984853
918791,0.22030273
918792,0.42274377
918793,0.400028
918794,0.3847828
918795,0.36848137
918796,0.35713845
918797,0.37135947
918798,0.31415933
918799,0.52553064
918800,0.43806314
918801,0.5023525
918802,0.58371264
918803,0.5975005
918804,0.5957692
918805,0.53707886
918806,0.5271927
918807,0.5678807
918808,0.5654034
918809,0.5597375
918810,0.5135261
918811,0.5535527
918812,0.53676313
918813,0.3084159
918814,0.54252595
918815,0.2783605
918816,0.026900511
918817,0.139492
918818,0.12218867
918819,0.09037848
918820,0.02498534
918821,0.22183391
918822,0.17052604
918823,0.099285886
918824,0.21134071
918825,0.148347
918826,0.110398084
918827,0.3737768
918828,0.28857788
918829,0.35992047
918830,0.38393998
918831,0.25698367
918832,0.24378252
918833,0.28584573
918834,0.2733166
918835,0.3420939
918836,0.27139774
918837,0.28011835
918838,0.23884383
918839,0.44247213
918840,0.30159202
918841,0.47322726
918842,0.32579404
918843,0.4990284
918844,0.5159425
918845,0.5314356
918846,0.49396905
918847,0.54017365
918848,0.4852512
918849,0.36200342
918850,0.5752024
918851,0.5196497
918852,0.4253343
918853,0.2551715
918854,0.12966152
918855,0.097542726
918856,0.10505815
918857,0.5241219
918858,0.650576
918859,0.7235769
918860,0.64831465
918861,0.719457
918862,0.68591857
918863,0.6884732
918864,0.72531277
918865,0.7206332
918866,0.6515799
918867,0.69551843
918868,0.68825114
918869,0.64120615
918870,0.543725
918871,0.42571557
918872,0.10517943
918873,0.1537007
918874,0.12234078
918875,0.11757574
918876,0.09978109
918877,0.10771054
918878,0.031094473
918879,0.18346332
918880,0.19030346
918881,0.2555018
918882,0.26884785
918883,0.2472804
918884,0.24897934
918885,0.20446801
918886,0.18098624
918887,0.024436802
918888,0.20707045
918889,0.18835698
918890,0.17149182
918891,0.15301138
918892,0.17302354
918893,0.18247452
918894,0.12967335
918895,0.25462118
918896,0.140811
918897,0.24251103
918898,0.04930078
918899,0.2612708
918900,0.35607293
918901,0.4217287
918902,0.253659
918903,0.48150524
918904,0.42306313
918905,0.42292324
918906,0.4361143
918907,0.23652132
918908,0.19958828
918909,0.023362463
918910,0.042956434
918911,0.046296693
918912,0.09833437
918913,0.030400895
918914,0.16104788
918915,0.16626573
918916,0.16772123
918917,0.14706439
918918,0.13457687
918919,0.16744009
918920,0.10820101
918921,0.010460533
918922,0.07625844
918923,0.04142403
918924,0.073045254
918925,0.04065649
918926,0.099457316
918927,0.067558266
918928,0.077878736
918929,0.3520512
918930,0.4584932
918931,0.4768267
918932,0.4717703
918933,0.4542954
918934,0.39491838
918935,0.5249653
918936,0.5000636
918937,0.40941152
918938,0.4823859
918939,0.39115804
918940,0.5518852
918941,0.50051033
918942,0.42364576
918943,0.58998704
918944,0.36858207
918945,0.019042809
918946,0.07191077
918947,0.064882755
918948,0.1498757
918949,0.065801024
918950,0.035115544
918951,0.033071846
918952,0.022793941
918953,0.01572405
918954,0.2929986
918955,0.29981753
918956,0.32449204
918957,0.31873152
918958,0.33897728
918959,0.2713843
918960,0.27671584
918961,0.2133586
918962,0.00742755
918963,0.01295456
918964,0.028750306
918965,0.03581687
918966,0.02370928
918967,0.021775238
918968,0.018423473
918969,0.016198607
918970,0.050727874
918971,0.30089632
918972,0.30723983
918973,0.31485578
918974,0.3167381
918975,0.3163489
918976,0.31699175
918977,0.31106457
918978,0.22412725
918979,0.16592054
918980,0.11397758
918981,0.09078096
918982,0.05296278
918983,0.006486459
918984,0.019268533
918985,0.023452487
918986,0.019296143
918987,0.019653859
918988,0.017297924
918989,0.09403367
918990,0.27303946
918991,0.21088701
918992,0.013146364
918993,0.055693798
918994,0.056650933
918995,0.05356748
918996,0.07508242
918997,0.054392867
918998,0.05090542
918999,0.012362377
919000,0.022058962
919001,0.021469068
919002,0.030110473
919003,0.021403149
919004,0.023001822
919005,0.028306035
919006,0.062495947
919007,0.016109282
919008,0.16496919
919009,0.03828679
919010,0.0878818
919011,0.100867875
919012,0.015731713
919013,0.03199148
919014,0.035356134
919015,0.0250056
919016,0.115947954
919017,0.18260919
919018,0.114851885
919019,0.18420982
919020,0.09593492
919021,0.008606604
919022,0.016098946
919023,0.031810973
919024,0.02076244
919025,0.028867913
919026,0.021166839
919027,0.02147742
919028,0.0489589
919029,0.12748313
919030,0.13464963
919031,0.02035306
919032,0.035318196
919033,0.03425873
919034,0.024125531
919035,0.087610915
919036,0.29311258
919037,0.18281068
919038,0.1587084
919039,0.122861445
919040,0.015667943
919041,0.025006406
919042,0.023629006
919043,0.02308323
919044,0.02363499
919045,0.023213023
919046,0.033087697
919047,0.02550313
919048,0.1895494
919049,0.117441796
919050,0.13344909
919051,0.10420336
919052,0.10410434
919053,0.14762416
919054,0.11376506
919055,0.10313519
919056,0.09174953
919057,0.12925982
919058,0.07862653
919059,0.07453892
919060,0.09134494
919061,0.10958349
919062,0.07100347
919063,0.99153674
919064,0.08467143
919065,0.089174636
919066,0.07181601
919067,0.08728035
919068,0.007133526
919069,0.021659419
919070,0.021017307
919071,0.019949066
919072,0.029796174
919073,0.031243728
919074,0.2141591
919075,0.020621985
919076,0.12757002
919077,0.135471
919078,0.11937069
919079,0.12098818
919080,0.09046621
919081,0.017901694
919082,0.08369634
919083,0.087055095
919084,0.08507635
919085,0.07696986
919086,0.07760264
919087,0.07851209
919088,0.069930136
919089,0.10365606
919090,0.03194404
919091,0.014190225
919092,0.11203377
919093,0.08652462
919094,0.07513984
919095,0.052220248
919096,0.11689245
919097,0.23046543
919098,0.10735396
919099,0.14157926
919100,0.15431301
919101,0.09663348
919102,0.05669037
919103,0.20516975
919104,0.022336664
919105,0.12718411
919106,0.09940553
919107,0.14194913
919108,0.114099585
919109,0.10196998
919110,0.1378698
919111,0.02017867
919112,0.35938287
919113,0.29689276
919114,0.3897479
919115,0.41814944
919116,0.49856094
919117,0.20862788
919118,0.26959965
919119,0.26198468
919120,0.15973155
919121,0.23093638
919122,0.15256433
919123,0.25842863
919124,0.1552283
919125,0.06494381
919126,0.29150257
919127,0.26349878
919128,0.24998254
919129,0.25027463
919130,0.29609108
919131,0.32893738
919132,0.4191025
919133,0.21556312
919134,0.3105438
919135,0.12842467
919136,0.036083993
919137,0.23601241
919138,0.1890234
919139,0.2007268
919140,0.20159398
919141,0.27247834
919142,0.023110026
919143,0.09663446
919144,0.16519374
919145,0.118307084
919146,0.23756276
919147,0.06799293
919148,0.1233048
919149,0.08815517
919150,0.11103687
919151,0.0765638
919152,0.15221237
919153,0.027852595
919154,0.08952063
919155,0.12360444
919156,0.1319
919157,0.12793732
919158,0.14024861
919159,0.12031669
919160,0.07028913
919161,0.11130468
919162,0.07604345
919163,0.21572974
919164,0.09907354
919165,0.05890891
919166,0.08272422
919167,0.05268585
919168,0.13309245
919169,0.12663402
919170,0.1056526
919171,0.045069728
919172,0.15019985
919173,0.14873731
919174,0.11894523
919175,0.16246268
919176,0.59110075
919177,0.7854687
919178,0.81886727
919179,0.9036721
919180,0.899664
919181,0.93740964
919182,0.9517058
919183,0.94686204
919184,0.9412561
919185,0.95391846
919186,0.9506537
919187,0.95099455
919188,0.9465233
919189,0.94527483
919190,0.94577533
919191,0.95338273
919192,0.93804634
919193,0.9528284
919194,0.94897664
919195,0.9458067
919196,0.9598622
919197,0.9535223
919198,0.95106745
919199,0.95253456
919200,0.9541911
919201,0.9546732
919202,0.9631196
919203,0.95298654
919204,0.9560881
919205,0.9594312
919206,0.94924283
919207,0.9521088
919208,0.95676416
919209,0.94983935
919210,0.95302194
919211,0.9564168
919212,0.9507565
919213,0.91523844
919214,0.9496319
919215,0.9498899
919216,0.9540434
919217,0.951002
919218,0.95075357
919219,0.9523826
919220,0.94929975
919221,0.9609121
919222,0.9557063
919223,0.9522737
919224,0.9531578
919225,0.955742
919226,0.9531578
919227,0.955742
919228,0.95619524
919229,0.9531578
919230,0.95292526
919231,0.9575682
919232,0.9600329
919233,0.9545686
919234,0.9534444
919235,0.9556697
919236,0.9465472
919237,0.94974357
919238,0.94834185
919239,0.94942236
919240,0.95578676
919241,0.9540841
919242,0.9539415
919243,0.9540841
919244,0.95724493
919245,0.95061606
919246,0.9546497
919247,0.95894456
919248,0.95081776
919249,0.94629574
919250,0.9464667
919251,0.9482996
919252,0.94359905
919253,0.9482996
919254,0.9126631
919255,0.94058055
919256,0.95284325
919257,0.9489322
919258,0.95284325
919259,0.9489322
919260,0.949767
919261,0.95522594
919262,0.952865
919263,0.9480288
919264,0.9509032
919265,0.9374998
919266,0.9484066
919267,0.9544793
919268,0.9504519
919269,0.9580257
919270,0.95261675
919271,0.9553806
919272,0.9584987
919273,0.94096994
919274,0.94635725
919275,0.93645734
919276,0.94542676
919277,0.9373883
919278,0.9417755
919279,0.94010854
919280,0.9404651
919281,0.94639975
919282,0.93934983
919283,0.9310053
919284,0.9369852
919285,0.9416111
919286,0.9401625
919287,0.94000393
919288,0.9390716
919289,0.93696624
919290,0.94112027
919291,0.9492807
919292,0.9459691
919293,0.94078654
919294,0.9385372
919295,0.93740773
919296,0.9222327
919297,0.9222327
919298,0.93740773
919299,0.937183
919300,0.9518426
919301,0.9415961
919302,0.9402916
919303,0.94508547
919304,0.9472203
919305,0.9362944
919306,0.92924833
919307,0.93729454
919308,0.93605715
919309,0.94453955
919310,0.93810487
919311,0.9502695
919312,0.9442983
919313,0.938998
919314,0.938998
919315,0.9079997
919316,0.24570188
919317,0.13151218
919318,0.051091924
919319,0.18730788
919320,0.20740245
919321,0.17416948
919322,0.13917929
919323,0.19003065
919324,0.140204
919325,0.21120696
919326,0.21152787
919327,0.20952561
919328,0.12921646
919329,0.04841169
919330,0.04086429
919331,0.10792699
919332,0.07255699
919333,0.24487436
919334,0.08897737
919335,0.03416823
919336,0.10741075
919337,0.304852
919338,0.32160047
919339,0.19266696
919340,0.0137897935
919341,0.04792577
919342,0.032168727
919343,0.028479598
919344,0.0621356
919345,0.080725595
919346,0.1440633
919347,0.07131926
919348,0.07537865
919349,0.065250725
919350,0.024517493
919351,0.11811237
919352,0.11612572
919353,0.09130776
919354,0.026503144
919355,0.32086396
919356,0.3069586
919357,0.28341383
919358,0.24198346
919359,0.25495687
919360,0.20623642
919361,0.016076433
919362,0.05045157
919363,0.08670382
919364,0.048098814
919365,0.04058433
919366,0.013189695
919367,0.058113895
919368,0.05537972
919369,0.06394273
919370,0.056832068
919371,0.057164382
919372,0.06836881
919373,0.04405828
919374,0.19681883
919375,0.107667305
919376,0.015559044
919377,0.07551847
919378,0.048882756
919379,0.0535875
919380,0.073290445
919381,0.11932506
919382,0.040702384
919383,0.04027071
919384,0.41688234
919385,0.44140092
919386,0.48897678
919387,0.54260427
919388,0.6535113
919389,0.56373256
919390,0.55303305
919391,0.56441593
919392,0.64715976
919393,0.6135487
919394,0.67688596
919395,0.6468767
919396,0.6075819
919397,0.5691746
919398,0.57559264
919399,0.6209815
919400,0.5519554
919401,0.52028567
919402,0.28590444
919403,0.020984495
919404,0.037161864
919405,0.07247276
919406,0.06762053
919407,0.06529925
919408,0.058275513
919409,0.09685381
919410,0.06254614
919411,0.11689628
919412,0.05344928
919413,0.35968184
919414,0.36818326
919415,0.32788512
919416,0.21401869
919417,0.4699059
919418,0.2547277
919419,0.24586895
919420,0.28030023
919421,0.39027023
919422,0.36939633
919423,0.41708696
919424,0.30204275
919425,0.012815935
919426,0.053610455
919427,0.0490698
919428,0.054653503
919429,0.04818835
919430,0.050438307
919431,0.020329595
919432,0.08843806
919433,0.087748885
919434,0.07884791
919435,0.08162862
919436,0.13552089
919437,0.090562284
919438,0.11321211
919439,0.09545872
919440,0.012025074
919441,0.054754473
919442,0.036833443
919443,0.081058264
919444,0.043721415
919445,0.029511595
919446,0.0544476
919447,0.017106239
919448,0.08836904
919449,0.074831255
919450,0.09145876
919451,0.07966087
919452,0.114908054
919453,0.17175178
919454,0.10165969
919455,0.09739088
919456,0.08065471
919457,0.11557088
919458,0.067138545
919459,0.014583258
919460,0.095280446
919461,0.09176463
919462,0.08614821
919463,0.0842523
919464,0.10710081
919465,0.079591356
919466,0.018819703
919467,0.08870773
919468,0.0840441
919469,0.0996317
919470,0.09534302
919471,0.095570736
919472,0.07972273
919473,0.019581089
919474,0.13866207
919475,0.15795368
919476,0.15502273
919477,0.15029468
919478,0.1475551
919479,0.18475026
919480,0.11245721
919481,0.019095188
919482,0.115140066
919483,0.10939705
919484,0.10643099
919485,0.113745034
919486,0.10095643
919487,0.086197175
919488,0.020509565
919489,0.13236836
919490,0.1145504
919491,0.122998126
919492,0.17037906
919493,0.10754141
919494,0.1191055
919495,0.07772842
919496,0.26986793
919497,0.031014763
919498,0.15601313
919499,0.15495646
919500,0.14572726
919501,0.122499
919502,0.116419114
919503,0.12876153
919504,0.18546896
919505,0.17128024
919506,0.21264571
919507,0.14875731
919508,0.18156803
919509,0.19684884
919510,0.17849071
919511,0.21758927
919512,0.22169587
919513,0.11043041
919514,0.10055706
919515,0.10181694
919516,0.096753605
919517,0.09193208
919518,0.097036675
919519,0.061310053
919520,0.11225857
919521,0.17243786
919522,0.09784979
919523,0.087973125
919524,0.014527365
919525,0.090320654
919526,0.082194425
919527,0.07835748
919528,0.079034
919529,0.06747511
919530,0.07271343
919531,0.07362354
919532,0.013538458
919533,0.059523273
919534,0.13503262
919535,0.057439443
919536,0.023075614
919537,0.15123738
919538,0.13178591
919539,0.121558994
919540,0.101733565
919541,0.14509133
919542,0.11890883
919543,0.099361904
919544,0.1304152
919545,0.06426192
919546,0.0326951
919547,0.028376415
919548,0.12598336
919549,0.104587324
919550,0.098678105
919551,0.097845994
919552,0.14427477
919553,0.25163114
919554,0.11233919
919555,0.05254154
919556,0.05724087
919557,0.010351848
919558,0.09477009
919559,0.046393733
919560,0.040399745
919561,0.04687468
919562,0.048173446
919563,0.17998417
919564,0.11740508
919565,0.0673431
919566,0.048845127
919567,0.016987754
919568,0.04116538
919569,0.082900204
919570,0.043900564
919571,0.07446264
919572,0.07571014
919573,0.0723741
919574,0.0576515
919575,0.04038423
919576,0.023098452
919577,0.20006384
919578,0.07646881
919579,0.06565259
919580,0.05981782
919581,0.06216784
919582,0.06781409
919583,0.094234
919584,0.07991786
919585,0.070465475
919586,0.04757128
919587,0.084677674
919588,0.025401484
919589,0.055055387
919590,0.046764225
919591,0.062461644
919592,0.09459857
919593,0.011745968
919594,0.05079215
919595,0.05004296
919596,0.05005777
919597,0.055477973
919598,0.051261354
919599,0.054640643
919600,0.0888989
919601,0.17059879
919602,0.101183556
919603,0.13564366
919604,0.1034545
919605,0.103737414
919606,0.10957223
919607,0.07859914
919608,0.0986613
919609,0.022351038
919610,0.16547816
919611,0.1292156
919612,0.12701
919613,0.11536467
919614,0.14840715
919615,0.10390544
919616,0.020285534
919617,0.02742273
919618,0.023548821
919619,0.100484125
919620,0.13672045
919621,0.1146763
919622,0.107706115
919623,0.10037418
919624,0.14190024
919625,0.024438215
919626,0.014674786
919627,0.021974677
919628,0.11082897
919629,0.11357793
919630,0.11530081
919631,0.11576158
919632,0.0933962
919633,0.14986569
919634,0.085523084
919635,0.07986045
919636,0.073972434
919637,0.06522601
919638,0.010404469
919639,0.019155351
919640,0.012077487
919641,0.015248936
919642,0.011060226
919643,0.09498915
919644,0.009766955
919645,0.015218614
919646,0.011616798
919647,0.009712342
919648,0.024318755
919649,0.021819344
919650,0.017232511
919651,0.013724127
919652,0.011045402
919653,0.013133818
919654,0.016131435
919655,0.010147607
919656,0.017126301
919657,0.01598854
919658,0.010490705
919659,0.021796137
919660,0.018119154
919661,0.013563049
919662,0.01620951
919663,0.030198207
919664,0.028442997
919665,0.016418334
919666,0.03336588
919667,0.18359672
919668,0.15283202
919669,0.2307401
919670,0.019323306
919671,0.078277305
919672,0.050725635
919673,0.06719855
919674,0.030042466
919675,0.15091549
919676,0.1507583
919677,0.19333348
919678,0.10753429
919679,0.03598544
919680,0.065778844
919681,0.110259816
919682,0.011060966
919683,0.10793943
919684,0.04122264
919685,0.05068469
919686,0.034350924
919687,0.10174244
919688,0.1280674
919689,0.10430369
919690,0.013176736
919691,0.044544615
919692,0.04546904
919693,0.04825316
919694,0.045558743
919695,0.043189067
919696,0.12422509
919697,0.039325926
919698,0.23833515
919699,0.4836234
919700,0.47052974
919701,0.6107438
919702,0.6516117
919703,0.58400255
919704,0.64631814
919705,0.61150986
919706,0.5491541
919707,0.67275935
919708,0.607786
919709,0.68950534
919710,0.43862516
919711,0.5927741
919712,0.6004524
919713,0.6139624
919714,0.7618176
919715,0.5068926
919716,0.6448078
919717,0.31619334
919718,0.009020343
919719,0.045260437
919720,0.05400536
919721,0.049385753
919722,0.037463292
919723,0.04215493
919724,0.044480786
919725,0.2898251
919726,0.41637373
919727,0.24110289
919728,0.31310037
919729,0.30429122
919730,0.27662325
919731,0.36333817
919732,0.38143831
919733,0.3307566
919734,0.34395474
919735,0.2796698
919736,0.2246545
919737,0.055314086
919738,0.31843993
919739,0.46490508
919740,0.47988552
919741,0.4877667
919742,0.3270426
919743,0.32635167
919744,0.43931136
919745,0.4156513
919746,0.25227773
919747,0.3003764
919748,0.30940405
919749,0.23607203
919750,0.078995034
919751,0.44827932
919752,0.31548825
919753,0.3832259
919754,0.6169797
919755,0.6216425
919756,0.5746128
919757,0.40574244
919758,0.53012335
919759,0.56422067
919760,0.5377617
919761,0.45035022
919762,0.4484006
919763,0.3944058
919764,0.5780896
919765,0.47719485
919766,0.47611824
919767,0.38835382
919768,0.4648003
919769,0.24679382
919770,0.009222388
919771,0.1380988
919772,0.04412471
919773,0.045012303
919774,0.046275977
919775,0.042433433
919776,0.13130008
919777,0.012763333
919778,0.030594576
919779,0.031247612
919780,0.07047576
919781,0.029248506
919782,0.039079618
919783,0.025902502
919784,0.037238076
919785,0.032864787
919786,0.049057644
919787,0.012848753
919788,0.045997985
919789,0.035966232
919790,0.033113495
919791,0.03251239
919792,0.03292604
919793,0.01503685
919794,0.029706705
919795,0.02985592
919796,0.055904225
919797,0.14252606
919798,0.036217634
919799,0.058870114
919800,0.03760855
919801,0.06990872
919802,0.0661786
919803,0.035428617
919804,0.04638213
919805,0.0161321
919806,0.088905096
919807,0.06587707
919808,0.031272054
919809,0.11169025
919810,0.06497851
919811,0.029003639
919812,0.07180031
919813,0.09481662
919814,0.02810929
919815,0.2646429
919816,0.022680702
919817,0.09210331
919818,0.039652273
919819,0.009427687
919820,0.06319146
919821,0.07301549
919822,0.06394792
919823,0.026272941
919824,0.03179494
919825,0.1059055
919826,0.027638163
919827,0.025869781
919828,0.010993069
919829,0.043331325
919830,0.03299739
919831,0.061876647
919832,0.043066505
919833,0.044579018
919834,0.04287073
919835,0.03851353
919836,0.017487628
919837,0.03523254
919838,0.03997189
919839,0.123059735
919840,0.05746547
919841,0.059724726
919842,0.029905468
919843,0.11519635
919844,0.033399004
919845,0.03367533
919846,0.05287327
919847,0.012766001
919848,0.06592213
919849,0.041347858
919850,0.040837936
919851,0.072467394
919852,0.05504005
919853,0.042784303
919854,0.06457544
919855,0.21826358
919856,0.27056795
919857,0.29468703
919858,0.048312947
919859,0.3439647
919860,0.13504097
919861,0.33122864
919862,0.48138526
919863,0.4840846
919864,0.14066248
919865,0.48699242
919866,0.35875505
919867,0.37110102
919868,0.3918857
919869,0.24526814
919870,0.4983011
919871,0.4285869
919872,0.46301144
919873,0.21847923
919874,0.01174361
919875,0.07305504
919876,0.07897561
919877,0.03522157
919878,0.04026876
919879,0.036630385
919880,0.040363465
919881,0.041493375
919882,0.10964105
919883,0.019410443
919884,0.07528706
919885,0.060688715
919886,0.06429413
919887,0.077030286
919888,0.0605509
919889,0.06455808
919890,0.07418013
919891,0.09474212
919892,0.024916379
919893,0.21223573
919894,0.21932533
919895,0.19485109
919896,0.31213403
919897,0.3303624
919898,0.39770415
919899,0.42543843
919900,0.48346254
919901,0.4775102
919902,0.45883206
919903,0.3192675
919904,0.033134505
919905,0.057736803
919906,0.066619515
919907,0.08586973
919908,0.09602669
919909,0.045418803
919910,0.04834011
919911,0.3867744
919912,0.41426125
919913,0.43240568
919914,0.44904944
919915,0.41795376
919916,0.51359814
919917,0.4667538
919918,0.26567447
919919,0.42011106
919920,0.39948595
919921,0.23627675
919922,0.020709898
919923,0.111069955
919924,0.0856844
919925,0.083015576
919926,0.10726236
919927,0.021546511
919928,0.09189021
919929,0.20226128
919930,0.12715535
919931,0.09379231
919932,0.09250064
919933,0.099183075
919934,0.09772574
919935,0.042133998
919936,0.40489382
919937,0.41682142
919938,0.4480802
919939,0.58324033
919940,0.5685405
919941,0.5890883
919942,0.61600596
919943,0.5228372
919944,0.6178338
919945,0.4852684
919946,0.49394113
919947,0.517781
919948,0.5064007
919949,0.2423583
919950,0.009538578
919951,0.035305087
919952,0.036619764
919953,0.037315257
919954,0.055602014
919955,0.037145294
919956,0.07415936
919957,0.026424605
919958,0.06928203
919959,0.2337768
919960,0.39586174
919961,0.15878397
919962,0.1440007
919963,0.029288275
919964,0.12183268
919965,0.115163386
919966,0.1292015
919967,0.12782082
919968,0.1226025
919969,0.101995274
919970,0.12507135
919971,0.14947355
919972,0.0834674
919973,0.19256084
919974,0.07592874
919975,0.19927022
919976,0.15716152
919977,0.16529259
919978,0.10390056
919979,0.2138105
919980,0.65521115
919981,0.61454475
919982,0.7053092
919983,0.77057713
919984,0.7521648
919985,0.81753445
919986,0.8594021
919987,0.83646506
919988,0.8744562
919989,0.86471945
919990,0.88210756
919991,0.8508982
919992,0.89648145
919993,0.87509537
919994,0.8815265
919995,0.86564845
919996,0.87419635
919997,0.8753949
919998,0.8666854
919999,0.8891302
920000,0.8778655
920001,0.8731255
920002,0.9027907
920003,0.8833089
920004,0.89806116
920005,0.8981598
920006,0.9159052
920007,0.895478
920008,0.8943983
920009,0.8989372
920010,0.86210006
920011,0.87901556
920012,0.9050834
920013,0.8375881
920014,0.7777107
920015,0.7962025
920016,0.78554666
920017,0.7839283
920018,0.78554666
920019,0.7646297
920020,0.734983
920021,0.7133191
920022,0.74848807
920023,0.64788264
920024,0.060312554
920025,0.20108095
920026,0.18738002
920027,0.13750361
920028,0.037883032
920029,0.13847083
920030,0.13691375
920031,0.15686215
920032,0.19099018
920033,0.23256576
920034,0.1735557
920035,0.17255856
920036,0.16060512
920037,0.19940844
920038,0.054928847
920039,0.124363996
920040,0.1150955
920041,0.12726867
920042,0.12676017
920043,0.14204466
920044,0.20587449
920045,0.45862624
920046,0.56799847
920047,0.5520702
920048,0.6107467
920049,0.59686697
920050,0.69803786
920051,0.6711105
920052,0.6353696
920053,0.6886374
920054,0.7337866
920055,0.7523037
920056,0.6931403
920057,0.6232969
920058,0.6665216
920059,0.6584541
920060,0.6338411
920061,0.56425625
920062,0.6627393
920063,0.54617226
920064,0.6521858
920065,0.67317975
920066,0.4051265
920067,0.10561644
920068,0.5415195
920069,0.6991841
920070,0.70046616
920071,0.7573228
920072,0.70316905
920073,0.7480681
920074,0.7527709
920075,0.7772273
920076,0.801336
920077,0.8176431
920078,0.7226289
920079,0.7812983
920080,0.7684602
920081,0.77792466
920082,0.75095236
920083,0.770403
920084,0.77309036
920085,0.80746144
920086,0.7646863
920087,0.7587269
920088,0.693887
920089,0.74013084
920090,0.7479013
920091,0.5392274
920092,0.18984579
920093,0.29666114
920094,0.34331456
920095,0.3915892
920096,0.4077426
920097,0.372019
920098,0.5419967
920099,0.40492418
920100,0.46118808
920101,0.35165095
920102,0.37335336
920103,0.3636127
920104,0.34913027
920105,0.17830952
920106,0.03076502
920107,0.2362288
920108,0.24103561
920109,0.2842817
920110,0.27298835
920111,0.18846895
920112,0.2374581
920113,0.22395119
920114,0.2280375
920115,0.32387283
920116,0.25421205
920117,0.26080462
920118,0.13137622
920119,0.11891203
920120,0.12582062
920121,0.14145641
920122,0.018001832
920123,0.10524336
920124,0.09607074
920125,0.071874596
920126,0.08455795
920127,0.08532277
920128,0.0995068
920129,0.14091966
920130,0.10818033
920131,0.05608946
920132,0.26122162
920133,0.35474265
920134,0.03819006
920135,0.18567668
920136,0.16788296
920137,0.16802387
920138,0.1507544
920139,0.15952906
920140,0.15937361
920141,0.12001925
920142,0.057131283
920143,0.27852216
920144,0.31402683
920145,0.3357854
920146,0.28911805
920147,0.32636815
920148,0.36744237
920149,0.29295817
920150,0.33917084
920151,0.17104729
920152,0.2656356
920153,0.15884583
920154,0.12231752
920155,0.14345679
920156,0.15399632
920157,0.08173958
920158,0.38052556
920159,0.21629654
920160,0.21629654
920161,0.31535533
920162,0.31432527
920163,0.30440393
920164,0.14077106
920165,0.017344056
920166,0.112308845
920167,0.11002175
920168,0.09023865
920169,0.08076896
920170,0.03427518
920171,0.22876674
920172,0.12186294
920173,0.24192728
920174,0.10656766
920175,0.20211016
920176,0.30293652
920177,0.24590729
920178,0.29998702
920179,0.24701902
920180,0.280925
920181,0.1653912
920182,0.014608324
920183,0.045163654
920184,0.043829437
920185,0.04768287
920186,0.042061698
920187,0.043281745
920188,0.052358024
920189,0.21083242
920190,0.15455736
920191,0.17601566
920192,0.1746636
920193,0.16118547
920194,0.18328008
920195,0.025782073
920196,0.086915895
920197,0.08658475
920198,0.0868852
920199,0.08112625
920200,0.074324556
920201,0.0802561
920202,0.105514534
920203,0.027592601
920204,0.050610207
920205,0.06307863
920206,0.10518488
920207,0.22487174
920208,0.2150888
920209,0.2075447
920210,0.2055677
920211,0.14309222
920212,0.03649821
920213,0.072613984
920214,0.039673958
920215,0.18489873
920216,0.22456895
920217,0.24770877
920218,0.35586146
920219,0.23850545
920220,0.25278905
920221,0.33668575
920222,0.22730806
920223,0.38130862
920224,0.18385689
920225,0.039542682
920226,0.12186351
920227,0.0784279
920228,0.102197364
920229,0.07560381
920230,0.11439432
920231,0.08475871
920232,0.0859965
920233,0.07636054
920234,0.20468038
920235,0.020714346
920236,0.11619145
920237,0.07973448
920238,0.09300917
920239,0.06537327
920240,0.07055512
920241,0.07258195
920242,0.01962244
920243,0.072041005
920244,0.04990739
920245,0.06710902
920246,0.16172245
920247,0.056412783
920248,0.0558148
920249,0.3511146
920250,0.14458118
920251,0.13186061
920252,0.15597865
920253,0.026001561
920254,0.096633695
920255,0.07960278
920256,0.08021031
920257,0.047496397
920258,0.06695437
920259,0.0781644
920260,0.030931657
920261,0.016897881
920262,0.04853188
920263,0.09819775
920264,0.12597428
920265,0.07221439
920266,0.078436375
920267,0.08747312
920268,0.13171506
920269,0.060215287
920270,0.038319346
920271,0.024098687
920272,0.08340271
920273,0.083413824
920274,0.037758816
920275,0.1452262
920276,0.0851686
920277,0.078292236
920278,0.033902295
920279,0.013967132
920280,0.04704597
920281,0.095803946
920282,0.053024746
920283,0.045827955
920284,0.10990207
920285,0.04793784
920286,0.078604974
920287,0.042549595
920288,0.17131272
920289,0.019800702
920290,0.052016754
920291,0.04841579
920292,0.12441384
920293,0.061705355
920294,0.053079028
920295,0.052624542
920296,0.10207494
920297,0.12808907
920298,0.048959278
920299,0.011201383
920300,0.0512279
920301,0.04899063
920302,0.054764666
920303,0.0494927
920304,0.039850798
920305,0.060088683
920306,0.03326477
920307,0.05270495
920308,0.08547133
920309,0.12808585
920310,0.06987794
920311,0.062089637
920312,0.01418505
920313,0.044999205
920314,0.041640133
920315,0.04394578
920316,0.04236818
920317,0.04774773
920318,0.05300846
920319,0.043527037
920320,0.03407929
920321,0.2615988
920322,0.15189818
920323,0.11612609
920324,0.30056843
920325,0.018230366
920326,0.0530229
920327,0.05911775
920328,0.05031719
920329,0.04973767
920330,0.058142703
920331,0.056592464
920332,0.052500594
920333,0.0498541
920334,0.042769607
920335,0.06980243
920336,0.0777726
920337,0.056244586
920338,0.07081984
920339,0.06504839
920340,0.084975556
920341,0.05240242
920342,0.15858437
920343,0.12905568
920344,0.15955463
920345,0.14539692
920346,0.07217697
920347,0.5684308
920348,0.6910442
920349,0.65222555
920350,0.5429418
920351,0.5145927
920352,0.41507593
920353,0.49127725
920354,0.5564523
920355,0.5783776
920356,0.5835679
920357,0.5897065
920358,0.5796687
920359,0.605857
920360,0.47738504
920361,0.43759337
920362,0.012891612
920363,0.05520737
920364,0.10991685
920365,0.053044073
920366,0.045628503
920367,0.058174793
920368,0.051429935
920369,0.06263606
920370,0.04449815
920371,0.01475559
920372,0.04198355
920373,0.042484876
920374,0.051594317
920375,0.04377836
920376,0.040390223
920377,0.047685858
920378,0.10312432
920379,0.019971335
920380,0.041824006
920381,0.0521121
920382,0.044172127
920383,0.045781802
920384,0.03887865
920385,0.062838204
920386,0.26377934
920387,0.099038005
920388,0.08331885
920389,0.12729122
920390,0.04890218
920391,0.053343367
920392,0.23541287
920393,0.11325728
920394,0.12535241
920395,0.097983025
920396,0.11681681
920397,0.107106574
920398,0.092005454
920399,0.22076042
920400,0.1529248
920401,0.14110266
920402,0.011212553
920403,0.04189843
920404,0.02599766
920405,0.024520047
920406,0.018743062
920407,0.017973782
920408,0.03793637
920409,0.019785218
920410,0.16059999
920411,0.110667944
920412,0.10335169
920413,0.07495328
920414,0.101681136
920415,0.13612458
920416,0.04243507
920417,0.14022723
920418,0.12113905
920419,0.11909522
920420,0.009299669
920421,0.043282982
920422,0.020439865
920423,0.032634825
920424,0.014812627
920425,0.03176265
920426,0.03327556
920427,0.041142683
920428,0.1084681
920429,0.11961984
920430,0.11803724
920431,0.13858388
920432,0.14551622
920433,0.122629195
920434,0.027741585
920435,0.24637397
920436,0.18091474
920437,0.14987728
920438,0.23807347
920439,0.13391156
920440,0.103883184
920441,0.14075983
920442,0.20073739
920443,0.17614907
920444,0.13409753
920445,0.18027033
920446,0.0096614165
920447,0.08830687
920448,0.032913744
920449,0.03508602
920450,0.032329336
920451,0.06988815
920452,0.02012526
920453,0.01842355
920454,0.025148593
920455,0.037708707
920456,0.17927016
920457,0.1752525
920458,0.170943
920459,0.1961128
920460,0.26414996
920461,0.18113895
920462,0.21357314
920463,0.16867009
920464,0.32797813
920465,0.1237952
920466,0.016358564
920467,0.03294355
920468,0.026411347
920469,0.023813637
920470,0.024071144
920471,0.02809534
920472,0.09242083
920473,0.12104092
920474,0.11301142
920475,0.15918076
920476,0.16035694
920477,0.11936601
920478,0.107378945
920479,0.106576875
920480,0.007909506
920481,0.018545873
920482,0.033541802
920483,0.01795647
920484,0.015753375
920485,0.031089155
920486,0.03344243
920487,0.022876417
920488,0.011081871
920489,0.019639261
920490,0.033130046
920491,0.018756239
920492,0.028074306
920493,0.037662607
920494,0.059494395
920495,0.026967736
920496,0.008760175
920497,0.029074227
920498,0.029295888
920499,0.030984625
920500,0.030925546
920501,0.025202032
920502,0.00886214
920503,0.03520117
920504,0.03676689
920505,0.06123751
920506,0.056193337
920507,0.050609306
920508,0.06530149
920509,0.036712367
920510,0.035897773
920511,0.0092074955
920512,0.03346123
920513,0.033664867
920514,0.035499055
920515,0.033526577
920516,0.025263712
920517,0.054238
920518,0.032865886
920519,0.006842682
920520,0.03353824
920521,0.067529544
920522,0.03349155
920523,0.034755502
920524,0.023777498
920525,0.02378661
920526,0.42184308
920527,0.011846554
920528,0.047426477
920529,0.04565189
920530,0.03781
920531,0.055150952
920532,0.05243999
920533,0.08026806
920534,0.066276334
920535,0.044162225
920536,0.0069874916
920537,0.043570388
920538,0.036266625
920539,0.03804276
920540,0.061099403
920541,0.038100492
920542,0.2699386
920543,0.15653315
920544,0.13571213
920545,0.0950549
920546,0.339292
920547,0.25378639
920548,0.17744353
920549,0.22835529
920550,0.1305599
920551,0.018451748
920552,0.12060483
920553,0.118012555
920554,0.103542894
920555,0.13044299
920556,0.09203665
920557,0.11855738
920558,0.106062844
920559,0.0818128
920560,0.031981118
920561,0.16499014
920562,0.18997154
920563,0.16634758
920564,0.16688514
920565,0.18586482
920566,0.17110562
920567,0.2366277
920568,0.16537087
920569,0.16215807
920570,0.01981971
920571,0.12307046
920572,0.12958287
920573,0.109907426
920574,0.09980887
920575,0.10984933
920576,0.109237656
920577,0.1060191
920578,0.12020595
920579,0.031937655
920580,0.16810788
920581,0.20522211
920582,0.20389971
920583,0.17547342
920584,0.17645156
920585,0.16511078
920586,0.17891778
920587,0.20017008
920588,0.14759018
920589,0.041413397
920590,0.16481005
920591,0.13664684
920592,0.031269986
920593,0.14679533
920594,0.151236
920595,0.14808488
920596,0.15960881
920597,0.15065448
920598,0.14586906
920599,0.16123283
920600,0.10995859
920601,0.051973224
920602,0.18218273
920603,0.20628749
920604,0.12004183
920605,0.023549095
920606,0.1127731
920607,0.12496511
920608,0.09973823
920609,0.112482324
920610,0.13599452
920611,0.11328157
920612,0.042732894
920613,0.24865998
920614,0.40827966
920615,0.2684785
920616,0.24561863
920617,0.213156
920618,0.4135941
920619,0.28835502
920620,0.27661917
920621,0.3738726
920622,0.35740206
920623,0.30944604
920624,0.37739462
920625,0.2938951
920626,0.1720984
920627,0.023250071
920628,0.14116646
920629,0.16113143
920630,0.123890385
920631,0.120815
920632,0.113406956
920633,0.11119847
920634,0.09613617
920635,0.043427836
920636,0.16049872
920637,0.14634758
920638,0.028317321
920639,0.15092237
920640,0.16934885
920641,0.15670492
920642,0.14921589
920643,0.1515932
920644,0.22644955
920645,0.25316712
920646,0.15460376
920647,0.11961572
920648,0.028171109
920649,0.12258765
920650,0.12493831
920651,0.1119878
920652,0.11536332
920653,0.11519124
920654,0.117373355
920655,0.0888157
920656,0.044381596
920657,0.16514355
920658,0.20434394
920659,0.21166714
920660,0.08054307
920661,0.18134628
920662,0.105084985
920663,0.07363755
920664,0.07985595
920665,0.0803593
920666,0.10336513
920667,0.020701312
920668,0.10600431
920669,0.10877972
920670,0.12886828
920671,0.1247542
920672,0.11735554
920673,0.12193028
920674,0.10846581
920675,0.0693049
920676,0.015793728
920677,0.070770845
920678,0.056228906
920679,0.10389581
920680,0.057028662
920681,0.06013917
920682,0.049057387
920683,0.01547813
920684,0.11591231
920685,0.15893652
920686,0.1356218
920687,0.20374036
920688,0.03349452
920689,0.19535758
920690,0.20035402
920691,0.17535442
920692,0.15242325
920693,0.17720506
920694,0.15393329
920695,0.2179809
920696,0.25931567
920697,0.22764744
920698,0.12215337
920699,0.07588446
920700,0.2795902
920701,0.44191802
920702,0.29787463
920703,0.46596545
920704,0.43713617
920705,0.524073
920706,0.62659246
920707,0.37883428
920708,0.2722019
920709,0.2646783
920710,0.35558674
920711,0.22384147
920712,0.59346074
920713,0.4679574
920714,0.44808972
920715,0.5078776
920716,0.19069122
920717,0.36518368
920718,0.306222
920719,0.31291088
920720,0.32266137
920721,0.3013083
920722,0.19042832
920723,0.017881041
920724,0.07243049
920725,0.035682824
920726,0.06714617
920727,0.061965354
920728,0.08541847
920729,0.07476274
920730,0.05333765
920731,0.047373973
920732,0.285412
920733,0.26338974
920734,0.22220173
920735,0.36062774
920736,0.21029085
920737,0.3859689
920738,0.20507894
920739,0.3423685
920740,0.24510492
920741,0.4066613
920742,0.2429459
920743,0.38593403
920744,0.38889983
920745,0.15293981
920746,0.021183137
920747,0.09976378
920748,0.06269532
920749,0.08382895
920750,0.0858231
920751,0.056941297
920752,0.048070636
920753,0.10815161
920754,0.02055489
920755,0.10669096
920756,0.081959374
920757,0.077715926
920758,0.08113668
920759,0.10939793
920760,0.073590204
920761,0.088262215
920762,0.07467137
920763,0.023621637
920764,0.07234281
920765,0.07106714
920766,0.099986926
920767,0.068690956
920768,0.09641661
920769,0.09204872
920770,0.07464077
920771,0.05986003
920772,0.0165281
920773,0.05616114
920774,0.090898745
920775,0.061674237
920776,0.07564124
920777,0.07830228
920778,0.0186136
920779,0.08107339
920780,0.044656586
920781,0.08655117
920782,0.06898534
920783,0.08342175
920784,0.07227201
920785,0.053676203
920786,0.01774962
920787,0.086988434
920788,0.08437397
920789,0.101318635
920790,0.15432109
920791,0.13446715
920792,0.09808787
920793,0.09135651
920794,0.08284345
920795,0.06777068
920796,0.030932343
920797,0.19160327
920798,0.08918488
920799,0.0893155
920800,0.21009514
920801,0.09364676
920802,0.0981343
920803,0.09640587
920804,0.096386164
920805,0.2749269
920806,0.06518549
920807,0.16027413
920808,0.061535593
920809,0.04916662
920810,0.0505864
920811,0.046018302
920812,0.030272756
920813,0.042764984
920814,0.09688023
920815,0.11536944
920816,0.14349109
920817,0.11741015
920818,0.10451963
920819,0.1180969
920820,0.095253445
920821,0.09734834
920822,0.2630234
920823,0.12332412
920824,0.08845651
920825,0.02267939
920826,0.043637596
920827,0.042003933
920828,0.03556066
920829,0.04051591
920830,0.04248899
920831,0.036573652
920832,0.040908333
920833,0.044529878
920834,0.027103338
920835,0.08667388
920836,0.071702905
920837,0.04517563
920838,0.049277954
920839,0.050691746
920840,0.018614765
920841,0.0693391
920842,0.06573774
920843,0.05733891
920844,0.0877566
920845,0.046615995
920846,0.058814555
920847,0.029253094
920848,0.115917586
920849,0.125115
920850,0.053107284
920851,0.05639357
920852,0.052946087
920853,0.08722975
920854,0.08258101
920855,0.04407762
920856,0.07614776
920857,0.09819028
920858,0.17220059
920859,0.15971187
920860,0.15173133
920861,0.13840872
920862,0.09135473
920863,0.025000246
920864,0.07596237
920865,0.04282367
920866,0.07331221
920867,0.062127095
920868,0.043139387
920869,0.102271415
920870,0.20226285
920871,0.36071217
920872,0.09541875
920873,0.14943236
920874,0.13033411
920875,0.097658664
920876,0.013043802
920877,0.085077405
920878,0.06115003
920879,0.06122749
920880,0.06645951
920881,0.06105246
920882,0.08039934
920883,0.05084912
920884,0.22201355
920885,0.13207637
920886,0.135908
920887,0.09204585
920888,0.21110325
920889,0.21728358
920890,0.07757571
920891,0.11503212
920892,0.12258556
920893,0.082826495
920894,0.017450895
920895,0.07065351
920896,0.08769689
920897,0.06809455
920898,0.06505609
920899,0.0734714
920900,0.083014876
920901,0.051178236
920902,0.08178526
920903,0.047233723
920904,0.024159286
920905,0.06948049
920906,0.07499874
920907,0.054044247
920908,0.054671917
920909,0.056117907
920910,0.050283294
920911,0.024713105
920912,0.103999026
920913,0.07615072
920914,0.1068185
920915,0.08109597
920916,0.073571436
920917,0.060999513
920918,0.061432913
920919,0.069561675
920920,0.17612572
920921,0.3868069
920922,0.15557349
920923,0.24317935
920924,0.21204637
920925,0.22821425
920926,0.14401124
920927,0.030349333
920928,0.0850937
920929,0.06925689
920930,0.086358234
920931,0.0736276
920932,0.12018369
920933,0.27314925
920934,0.4388762
920935,0.36858985
920936,0.42539373
920937,0.50304925
920938,0.4764221
920939,0.35148627
920940,0.5061162
920941,0.35522035
920942,0.5107285
920943,0.57594234
920944,0.53539747
920945,0.6354699
920946,0.47534236
920947,0.5011074
920948,0.53243077
920949,0.48086652
920950,0.46991244
920951,0.33656204
920952,0.078682035
920953,0.48500222
920954,0.5808529
920955,0.6997951
920956,0.71871954
920957,0.79785216
920958,0.7657469
920959,0.8001797
920960,0.7656379
920961,0.77474964
920962,0.7574218
920963,0.80027276
920964,0.8328383
920965,0.7960879
920966,0.7973113
920967,0.8236668
920968,0.783951
920969,0.8092141
920970,0.84201455
920971,0.7441402
920972,0.71404433
920973,0.7437761
920974,0.7375026
920975,0.7059109
920976,0.6862434
920977,0.7547384
920978,0.41449592
920979,0.030264216
920980,0.13024414
920981,0.10244894
920982,0.09627684
920983,0.12238447
920984,0.14336146
920985,0.23201276
920986,0.10921954
920987,0.11356569
920988,0.10924328
920989,0.10802845
920990,0.10875781
920991,0.15731254
920992,0.09106383
920993,0.29198444
920994,0.2074599
920995,0.23594797
920996,0.23421142
920997,0.33257782
920998,0.20705964
920999,0.23883496
921000,0.23421142
921001,0.33422396
921002,0.18528752
921003,0.021234287
921004,0.120134614
921005,0.119873576
921006,0.10047248
921007,0.11008363
921008,0.12045293
921009,0.11508876
921010,0.074084945
921011,0.022106804
921012,0.15514098
921013,0.12785706
921014,0.14799412
921015,0.1913519
921016,0.15854345
921017,0.19640245
921018,0.13269144
921019,0.23434728
921020,0.28135228
921021,0.24812312
921022,0.21892388
921023,0.20838514
921024,0.20781118
921025,0.13312466
921026,0.15517324
921027,0.16277911
921028,0.09566623
921029,0.12789246
921030,0.13786456
921031,0.09549916
921032,0.097691625
921033,0.054537136
921034,0.23591247
921035,0.21500872
921036,0.16654329
921037,0.031239178
921038,0.2477142
921039,0.13552712
921040,0.10046277
921041,0.09008154
921042,0.060716555
921043,0.059047386
921044,0.052487727
921045,0.049145706
921046,0.03897408
921047,0.049801376
921048,0.29274434
921049,0.24105693
921050,0.24063033
921051,0.17182049
921052,0.26420972
921053,0.14830251
921054,0.08794997
921055,0.17968461
921056,0.114446454
921057,0.0848259
921058,0.030186461
921059,0.09548218
921060,0.023345698
921061,0.0981836
921062,0.06403063
921063,0.074945755
921064,0.05363865
921065,0.06275804
921066,0.058849856
921067,0.06864098
921068,0.12034339
921069,0.06657542
921070,0.100945465
921071,0.07867787
921072,0.5675805
921073,0.6362255
921074,0.6815412
921075,0.6797187
921076,0.6948832
921077,0.6707202
921078,0.7049585
921079,0.7259853
921080,0.68367314
921081,0.72843266
921082,0.68334216
921083,0.65819055
921084,0.67141616
921085,0.6732614
921086,0.6732021
921087,0.5631221
921088,0.3451601
921089,0.02900347
921090,0.085261576
921091,0.07887657
921092,0.074933246
921093,0.09897798
921094,0.08853452
921095,0.118860655
921096,0.01095812
921097,0.050502256
921098,0.031784352
921099,0.023838703
921100,0.067832805
921101,0.10756233
921102,0.037147008
921103,0.054664217
921104,0.046969403
921105,0.012660581
921106,0.048211228
921107,0.06335859
921108,0.05277266
921109,0.048276283
921110,0.07034695
921111,0.050066963
921112,0.05913416
921113,0.05913027
921114,0.05016765
921115,0.07108765
921116,0.5653711
921117,0.63963056
921118,0.6858333
921119,0.71847856
921120,0.70553094
921121,0.7434959
921122,0.6851322
921123,0.69663155
921124,0.69260323
921125,0.75177234
921126,0.6596152
921127,0.62692344
921128,0.666876
921129,0.68528646
921130,0.4001635
921131,0.009535609
921132,0.026605178
921133,0.032658223
921134,0.024052233
921135,0.02627759
921136,0.01961013
921137,0.024636423
921138,0.0689234
921139,0.07908273
921140,0.06130003
921141,0.20703764
921142,0.024162877
921143,0.04767762
921144,0.020915782
921145,0.09614727
921146,0.009841224
921147,0.020167228
921148,0.016701266
921149,0.023916215
921150,0.01939773
921151,0.01939773
921152,0.027186971
921153,0.020729108
921154,0.49213764
921155,0.42772707
921156,0.4549657
921157,0.44351804
921158,0.5109635
921159,0.3615977
921160,0.4442008
921161,0.504534
921162,0.34145403
921163,0.45284203
921164,0.33121607
921165,0.119889915
921166,0.008045676
921167,0.9746445
921168,0.019230764
921169,0.024439307
921170,0.017527252
921171,0.017768953
921172,0.026002927
921173,0.056548554
921174,0.4672551
921175,0.42688087
921176,0.4366071
921177,0.34644344
921178,0.32724094
921179,0.30685785
921180,0.24440154
921181,0.45935163
921182,0.50056714
921183,0.59547746
921184,0.6493035
921185,0.6772599
921186,0.6901802
921187,0.7313249
921188,0.6635145
921189,0.6371322
921190,0.7629313
921191,0.43148848
921192,0.7444997
921193,0.6415367
921194,0.71310854
921195,0.696836
921196,0.6792449
921197,0.72713166
921198,0.5346984
921199,0.5244309
921200,0.34056264
921201,0.01834301
921202,0.069246344
921203,0.06156874
921204,0.07274171
921205,0.052878425
921206,0.38113052
921207,0.34156123
921208,0.3469119
921209,0.25031722
921210,0.085846215
921211,0.47012827
921212,0.5323197
921213,0.6310836
921214,0.6246068
921215,0.64768416
921216,0.5962059
921217,0.5802263
921218,0.6706095
921219,0.5764556
921220,0.64133215
921221,0.62205607
921222,0.6758573
921223,0.611052
921224,0.55589086
921225,0.57624894
921226,0.6063794
921227,0.6453715
921228,0.55029196
921229,0.6010687
921230,0.64513546
921231,0.3860608
921232,0.028481063
921233,0.046725404
921234,0.0205568
921235,0.02058467
921236,0.016507927
921237,0.020359501
921238,0.01605086
921239,0.01667861
921240,0.1364086
921241,0.64397174
921242,0.5912655
921243,0.62307894
921244,0.65037215
921245,0.62494975
921246,0.5984539
921247,0.6401208
921248,0.6046965
921249,0.62313783
921250,0.6985381
921251,0.6969237
921252,0.6879286
921253,0.6090288
921254,0.62527907
921255,0.64903176
921256,0.5442163
921257,0.41770864
921258,0.11608838
921259,0.04516841
921260,0.05125694
921261,0.044321872
921262,0.047404885
921263,0.036874197
921264,0.043033324
921265,0.013099178
921266,0.021159196
921267,0.015740257
921268,0.016730579
921269,0.011799469
921270,0.0133268535
921271,0.01867775
921272,0.12984088
921273,0.5556119
921274,0.5982989
921275,0.7201861
921276,0.72224504
921277,0.70652014
921278,0.7331094
921279,0.75679076
921280,0.7571481
921281,0.6963948
921282,0.8153856
921283,0.75096405
921284,0.64913845
921285,0.76896286
921286,0.75693035
921287,0.718949
921288,0.74876636
921289,0.6873622
921290,0.75111824
921291,0.7344956
921292,0.7335655
921293,0.45635822
921294,0.6178327
921295,0.024368308
921296,0.056216355
921297,0.056864515
921298,0.054520644
921299,0.054939162
921300,0.042466745
921301,0.008793844
921302,0.009964905
921303,0.010672475
921304,0.030426001
921305,0.028596524
921306,0.019161247
921307,0.030751327
921308,0.023362773
921309,0.027941547
921310,0.03586741
921311,0.20269333
921312,0.19923048
921313,0.029898584
921314,0.01285945
921315,0.033739105
921316,0.24363272
921317,0.030714117
921318,0.13019155
921319,0.02051428
921320,0.08619503
921321,0.08871729
921322,0.035920404
921323,0.074496135
921324,0.07822207
921325,0.07975924
921326,0.13038737
921327,0.20376736
921328,0.2191099
921329,0.18697244
921330,0.20191179
921331,0.22630118
921332,0.32295159
921333,0.3165169
921334,0.14530814
921335,0.11911186
921336,0.11573002
921337,0.09235225
921338,0.18060221
921339,0.1421721
921340,0.056010574
921341,0.17839901
921342,0.55131084
921343,0.56527925
921344,0.69657856
921345,0.6996554
921346,0.72097254
921347,0.724114
921348,0.77454233
921349,0.7638359
921350,0.7968979
921351,0.7198719
921352,0.77832633
921353,0.7024511
921354,0.6560081
921355,0.7775555
921356,0.7591972
921357,0.8017301
921358,0.78018814
921359,0.7607223
921360,0.7528696
921361,0.72553444
921362,0.7601066
921363,0.7079366
921364,0.7612497
921365,0.6836925
921366,0.6877856
921367,0.6826945
921368,0.4168991
921369,0.17109676
921370,0.06555746
921371,0.061820388
921372,0.056665413
921373,0.094235435
921374,0.22561894
921375,0.046909906
921376,0.1649308
921377,0.13830844
921378,0.06443359
921379,0.05756453
921380,0.08720598
921381,0.113486946
921382,0.093103334
921383,0.0918731
921384,0.0402417
921385,0.042202916
921386,0.18849762
921387,0.267135
921388,0.26675949
921389,0.25918984
921390,0.22835997
921391,0.23977096
921392,0.28605306
921393,0.36306763
921394,0.30861497
921395,0.32154718
921396,0.034991737
921397,0.1494656
921398,0.15588026
921399,0.15009184
921400,0.1627455
921401,0.15750563
921402,0.17897509
921403,0.15686661
921404,0.16812526
921405,0.18843654
921406,0.18698354
921407,0.16305098
921408,0.021453748
921409,0.20655276
921410,0.06675561
921411,0.093212314
921412,0.11655582
921413,0.11880216
921414,0.09064208
921415,0.044667043
921416,0.06642046
921417,0.4235943
921418,0.5414731
921419,0.54891783
921420,0.5754924
921421,0.5264101
921422,0.5877148
921423,0.51475906
921424,0.58064497
921425,0.53107107
921426,0.5929595
921427,0.5793135
921428,0.55544186
921429,0.51149714
921430,0.06453061
921431,0.076911226
921432,0.08870014
921433,0.12464813
921434,0.066486895
921435,0.27454376
921436,0.58469445
921437,0.5969167
921438,0.800566
921439,0.8200214
921440,0.8381435
921441,0.85202813
921442,0.8384334
921443,0.8445882
921444,0.8684644
921445,0.86487055
921446,0.87882453
921447,0.8783934
921448,0.8621241
921449,0.88071835
921450,0.8632799
921451,0.87047464
921452,0.8862308
921453,0.89046776
921454,0.89394957
921455,0.8842639
921456,0.8762652
921457,0.889506
921458,0.8823643
921459,0.8887575
921460,0.87513494
921461,0.88522667
921462,0.87550616
921463,0.89153844
921464,0.8689974
921465,0.8728492
921466,0.87158245
921467,0.88403785
921468,0.87138516
921469,0.86612916
921470,0.8672886
921471,0.8198231
921472,0.8744357
921473,0.8764439
921474,0.8085159
921475,0.8543047
921476,0.8577115
921477,0.867443
921478,0.8808199
921479,0.8596193
921480,0.86835724
921481,0.86582446
921482,0.8849144
921483,0.85765237
921484,0.8410884
921485,0.8265548
921486,0.874469
921487,0.874469
921488,0.8784284
921489,0.79865336
921490,0.8215944
921491,0.8206524
921492,0.75759435
921493,0.8162818
921494,0.8155056
921495,0.64910334
921496,0.20637092
921497,0.12814286
921498,0.12451323
921499,0.18653
921500,0.021320425
921501,0.12003304
921502,0.09310917
921503,0.028285226
921504,0.07476735
921505,0.06943259
921506,0.18560603
921507,0.037902415
921508,0.07445679
921509,0.08624934
921510,0.07110447
921511,0.07698642
921512,0.09513793
921513,0.17584951
921514,0.1108704
921515,0.26147193
921516,0.120842114
921517,0.08833567
921518,0.08613768
921519,0.11257007
921520,0.09215321
921521,0.12750116
921522,0.12205799
921523,0.030870797
921524,0.28110066
921525,0.13465554
921526,0.3115894
921527,0.30537835
921528,0.36458248
921529,0.2827088
921530,0.23233484
921531,0.30125916
921532,0.26807803
921533,0.23695736
921534,0.23800997
921535,0.18043607
921536,0.04204066
921537,0.1794168
921538,0.17594188
921539,0.13909623
921540,0.41853666
921541,0.51821214
921542,0.57261086
921543,0.60190606
921544,0.4872422
921545,0.66086686
921546,0.5420523
921547,0.5420523
921548,0.6586583
921549,0.62674254
921550,0.78298664
921551,0.57381517
921552,0.5536028
921553,0.5543821
921554,0.34496394
921555,0.10799024
921556,0.2848796
921557,0.15064749
921558,0.12732714
921559,0.12521121
921560,0.12116764
921561,0.08075276
921562,0.31756222
921563,0.21930113
921564,0.21302514
921565,0.043504152
921566,0.13956262
921567,0.12987886
921568,0.05057812
921569,0.27765116
921570,0.21589246
921571,0.21527497
921572,0.16668287
921573,0.037264943
921574,0.14413257
921575,0.118162885
921576,0.21257743
921577,0.022383742
921578,0.2572812
921579,0.2508939
921580,0.23282447
921581,0.23804176
921582,0.22748397
921583,0.22324415
921584,0.0896616
921585,0.17718773
921586,0.12932198
921587,0.014921684
921588,0.0976519
921589,0.0866819
921590,0.09412689
921591,0.108038716
921592,0.11290184
921593,0.06631952
921594,0.039706446
921595,0.14824119
921596,0.114222996
921597,0.09148505
921598,0.107545145
921599,0.39813533
921600,0.26697755
921601,0.19931377
921602,0.2609978
921603,0.30593014
921604,0.28089535
921605,0.4227392
921606,0.32468104
921607,0.3143695
921608,0.34142905
921609,0.31472963
921610,0.21773976
921611,0.024276216
921612,0.15298395
921613,0.12398892
921614,0.296684
921615,0.23511638
921616,0.104470514
921617,0.13039951
921618,0.1712878
921619,0.12670135
921620,0.095789656
921621,0.124839485
921622,0.5417588
921623,0.67999494
921624,0.7508229
921625,0.7274929
921626,0.75895685
921627,0.77676374
921628,0.747964
921629,0.8091433
921630,0.77933794
921631,0.79792243
921632,0.7895642
921633,0.80915636
921634,0.8070335
921635,0.8028331
921636,0.8083238
921637,0.8181571
921638,0.808432
921639,0.80989075
921640,0.8127409
921641,0.7882388
921642,0.81016475
921643,0.8146888
921644,0.79452807
921645,0.76727134
921646,0.7865939
921647,0.7378934
921648,0.8111692
921649,0.81844926
921650,0.77600586
921651,0.8339726
921652,0.7858067
921653,0.80771154
921654,0.79626566
921655,0.8216756
921656,0.6831791
921657,0.02378086
921658,0.12009792
921659,0.10507522
921660,0.1139253
921661,0.080842555
921662,0.106124006
921663,0.123106346
921664,0.13633718
921665,0.10540451
921666,0.1258548
921667,0.5461839
921668,0.71754146
921669,0.7254656
921670,0.7240156
921671,0.7556661
921672,0.6985633
921673,0.7206982
921674,0.6355072
921675,0.7321938
921676,0.7130713
921677,0.6702086
921678,0.7285338
921679,0.7087413
921680,0.6571321
921681,0.7299407
921682,0.6442814
921683,0.64237905
921684,0.6833512
921685,0.7285509
921686,0.69049764
921687,0.43305612
921688,0.105286196
921689,0.04378093
921690,0.33588457
921691,0.3506253
921692,0.2101605
921693,0.43845317
921694,0.41132653
921695,0.38609397
921696,0.23583294
921697,0.38960284
921698,0.17969358
921699,0.16623649
921700,0.23209351
921701,0.068721496
921702,0.50934684
921703,0.4273606
921704,0.3893977
921705,0.579481
921706,0.64734364
921707,0.6554165
921708,0.5258656
921709,0.5464836
921710,0.5956725
921711,0.53534174
921712,0.5767209
921713,0.4552689
921714,0.4984639
921715,0.51598245
921716,0.33042976
921717,0.05435771
921718,0.041282084
921719,0.109042615
921720,0.05005914
921721,0.18486817
921722,0.17316467
921723,0.1553664
921724,0.17140637
921725,0.029836375
921726,0.193053
921727,0.17158607
921728,0.1811107
921729,0.14455964
921730,0.030145423
921731,0.21638075
921732,0.2207042
921733,0.15174408
921734,0.22009958
921735,0.2178684
921736,0.13738652
921737,0.4292038
921738,0.11502748
921739,0.069820344
921740,0.1465533
921741,0.065820254
921742,0.08393439
921743,0.10514901
921744,0.06422837
921745,0.05741526
921746,0.04964912
921747,0.03607875
921748,0.12761857
921749,0.11909147
921750,0.020277012
921751,0.062322304
921752,0.05927113
921753,0.059737273
921754,0.0692532
921755,0.046268
921756,0.13626431
921757,0.018943937
921758,0.05181183
921759,0.0626679
921760,0.063654855
921761,0.060745828
921762,0.04657927
921763,0.29509464
921764,0.13369766
921765,0.11861307
921766,0.11480555
921767,0.092182174
921768,0.20741774
921769,0.030229423
921770,0.094140954
921771,0.037442666
921772,0.11957098
921773,0.111814246
921774,0.01880266
921775,0.09825231
921776,0.09509716
921777,0.08056306
921778,0.09394248
921779,0.08528502
921780,0.09053042
921781,0.07174899
921782,0.17978553
921783,0.03605429
921784,0.12433627
921785,0.1262547
921786,0.10147559
921787,0.11744498
921788,0.080486834
921789,0.17415787
921790,0.112485245
921791,0.15898556
921792,0.34587058
921793,0.025857365
921794,0.14017129
921795,0.12482129
921796,0.08797292
921797,0.08749759
921798,0.0930196
921799,0.09166922
921800,0.051766917
921801,0.16867521
921802,0.16452427
921803,0.16836894
921804,0.12544605
921805,0.15561266
921806,0.016589988
921807,0.090150826
921808,0.09485063
921809,0.13085234
921810,0.10875838
921811,0.07769218
921812,0.12537022
921813,0.07949933
921814,0.21240385
921815,0.020529907
921816,0.12321434
921817,0.09358384
921818,0.11971084
921819,0.109253295
921820,0.08088717
921821,0.09467376
921822,0.0783638
921823,0.28169894
921824,0.32798126
921825,0.42896333
921826,0.36877087
921827,0.3920252
921828,0.401636
921829,0.44529268
921830,0.41122687
921831,0.42058027
921832,0.38607514
921833,0.3929262
921834,0.33400655
921835,0.33960882
921836,0.22719198
921837,0.15359809
921838,0.15536186
921839,0.05559907
921840,0.030673541
921841,0.25679794
921842,0.20213743
921843,0.2599089
921844,0.32149154
921845,0.30735904
921846,0.17097072
921847,0.18910936
921848,0.19121599
921849,0.1177257
921850,0.19448444
921851,0.123945855
921852,0.072309524
921853,0.010732357
921854,0.042977758
921855,0.052393425
921856,0.048273336
921857,0.04776242
921858,0.051600646
921859,0.048627663
921860,0.048935473
921861,0.1288782
921862,0.22179589
921863,0.09533869
921864,0.120455086
921865,0.07646238
921866,0.12335077
921867,0.08334377
921868,0.070054874
921869,0.010689763
921870,0.03381118
921871,0.04341717
921872,0.032812256
921873,0.04890228
921874,0.041118294
921875,0.037347574
921876,0.017531719
921877,0.09565136
921878,0.08990345
921879,0.07864811
921880,0.09398541
921881,0.08005217
921882,0.093998015
921883,0.082980216
921884,0.073492125
921885,0.008278043
921886,0.045733187
921887,0.051509034
921888,0.039379492
921889,0.047713853
921890,0.042056058
921891,0.032463465
921892,0.22466975
921893,0.018446514
921894,0.07530235
921895,0.0773906
921896,0.078255855
921897,0.06445058
921898,0.0865438
921899,0.057089414
921900,0.009226123
921901,0.03843194
921902,0.04028738
921903,0.0342066
921904,0.05729985
921905,0.029807186
921906,0.049911246
921907,0.13328771
921908,0.14738548
921909,0.14044811
921910,0.11951382
921911,0.038064666
921912,0.08507173
921913,0.1144512
921914,0.16494443
921915,0.023180092
921916,0.35046247
921917,0.32865256
921918,0.33907843
921919,0.3686426
921920,0.3645893
921921,0.25981867
921922,0.28456223
921923,0.23458305
921924,0.25539312
921925,0.21737187
921926,0.14309593
921927,0.07151595
921928,0.4251223
921929,0.50471354
921930,0.5925862
921931,0.64172685
921932,0.62327147
921933,0.66319853
921934,0.69285744
921935,0.71235883
921936,0.6567526
921937,0.7202215
921938,0.7361379
921939,0.66572505
921940,0.7522927
921941,0.7545315
921942,0.73161215
921943,0.748033
921944,0.731818
921945,0.712971
921946,0.7056178
921947,0.71036935
921948,0.70568955
921949,0.6398996
921950,0.7015889
921951,0.6707091
921952,0.62344664
921953,0.5924628
921954,0.66224766
921955,0.3475338
921956,0.02553109
921957,0.035009276
921958,0.03869382
921959,0.04582552
921960,0.040388357
921961,0.11586572
921962,0.1945496
921963,0.22295476
921964,0.17125508
921965,0.07797198
921966,0.2634434
921967,0.27280158
921968,0.19723237
921969,0.25990686
921970,0.16821972
921971,0.16960469
921972,0.25080138
921973,0.35253793
921974,0.046492897
921975,0.08620193
921976,0.084960714
921977,0.089781
921978,0.103339784
921979,0.08049426
921980,0.02756568
921981,0.28299984
921982,0.26488736
921983,0.29619247
921984,0.30837363
921985,0.26965186
921986,0.3243337
921987,0.28546736
921988,0.2834073
921989,0.2729646
921990,0.28197607
921991,0.14664163
921992,0.22319359
921993,0.1226193
921994,0.123919055
921995,0.13559671
921996,0.13189055
921997,0.019051956
921998,0.097380295
921999,0.09749658
922000,0.123712234
922001,0.078603156
922002,0.07060933
922003,0.06581743
922004,0.04319516
922005,0.3595537
922006,0.2746448
922007,0.2690797
922008,0.29789403
922009,0.26981604
922010,0.15894261
922011,0.29835764
922012,0.14842841
922013,0.18938456
922014,0.19350186
922015,0.14323902
922016,0.18754922
922017,0.16457286
922018,0.20017797
922019,0.202717
922020,0.051591262
922021,0.18976972
922022,0.31633183
922023,0.9808966
922024,0.32419318
922025,0.40113258
922026,0.2749423
922027,0.25024304
922028,0.23944126
922029,0.27280632
922030,0.21048698
922031,0.21732216
922032,0.21811517
922033,0.044148173
922034,0.17763922
922035,0.18071076
922036,0.20255773
922037,0.15771462
922038,0.15050879
922039,0.1553805
922040,0.23666532
922041,0.16826908
922042,0.21527214
922043,0.2309984
922044,0.042689808
922045,0.19253856
922046,0.16006687
922047,0.121505804
922048,0.12838572
922049,0.16323085
922050,0.1354142
922051,0.16060193
922052,0.039258372
922053,0.2577465
922054,0.24292657
922055,0.23011807
922056,0.23017682
922057,0.22358045
922058,0.09755427
922059,0.19290416
922060,0.1846269
922061,0.21161683
922062,0.16726458
922063,0.06793336
922064,0.26937148
922065,0.23246461
922066,0.236265
922067,0.23154764
922068,0.24073915
922069,0.24690932
922070,0.2849795
922071,0.38285366
922072,0.28600043
922073,0.40716124
922074,0.38906193
922075,0.265899
922076,0.3266886
922077,0.09464803
922078,0.08668391
922079,0.1842195
922080,0.06978505
922081,0.07507914
922082,0.015567729
922083,0.044665463
922084,0.03617139
922085,0.03379714
922086,0.04275027
922087,0.03317628
922088,0.36896357
922089,0.46478036
922090,0.5273942
922091,0.6378993
922092,0.5109504
922093,0.623517
922094,0.55215263
922095,0.46487346
922096,0.66892433
922097,0.7150372
922098,0.23933518
922099,0.48599938
922100,0.6399207
922101,0.59089637
922102,0.66594464
922103,0.59587973
922104,0.5552409
922105,0.6440019
922106,0.6169457
922107,0.47461545
922108,0.308372
922109,0.050983656
922110,0.09066224
922111,0.13248423
922112,0.37690943
922113,0.30275327
922114,0.3129296
922115,0.29835004
922116,0.30085912
922117,0.31346223
922118,0.29655167
922119,0.31350833
922120,0.29974547
922121,0.35751867
922122,0.025703685
922123,0.047234368
922124,0.04903778
922125,0.03814297
922126,0.061925292
922127,0.43744436
922128,0.45403102
922129,0.6845183
922130,0.67969584
922131,0.65097284
922132,0.73317766
922133,0.7399383
922134,0.72707283
922135,0.76905745
922136,0.756549
922137,0.76598316
922138,0.7527551
922139,0.6535611
922140,0.6447011
922141,0.68990827
922142,0.7163821
922143,0.6910054
922144,0.6666881
922145,0.65915954
922146,0.6248296
922147,0.6235145
922148,0.5484774
922149,0.50976866
922150,0.5225499
922151,0.48492002
922152,0.22585626
922153,0.11982163
922154,0.473267
922155,0.48261482
922156,0.53085893
922157,0.55400115
922158,0.5727972
922159,0.45302838
922160,0.438317
922161,0.5126759
922162,0.5593356
922163,0.49273637
922164,0.47858864
922165,0.48005414
922166,0.45543095
922167,0.5498858
922168,0.46723354
922169,0.47471625
922170,0.3675363
922171,0.46928883
922172,0.49232295
922173,0.60042137
922174,0.66165763
922175,0.73360616
922176,0.7351642
922177,0.76437235
922178,0.7565157
922179,0.7705671
922180,0.7585684
922181,0.793056
922182,0.7808739
922183,0.7607565
922184,0.80337286
922185,0.7397603
922186,0.77712774
922187,0.77162737
922188,0.64628965
922189,0.7815849
922190,0.7826367
922191,0.6963002
922192,0.74035853
922193,0.73157823
922194,0.74920136
922195,0.74220586
922196,0.7344555
922197,0.448985
922198,0.031235835
922199,0.06256785
922200,0.1251928
922201,0.42268857
922202,0.41829982
922203,0.44931516
922204,0.43142673
922205,0.53293437
922206,0.47526777
922207,0.38353577
922208,0.45558396
922209,0.47201928
922210,0.4258079
922211,0.4178382
922212,0.46341744
922213,0.48837304
922214,0.32887983
922215,0.028443713
922216,0.04609496
922217,0.076537386
922218,0.34227955
922219,0.47899655
922220,0.44027385
922221,0.4518521
922222,0.4666053
922223,0.43573326
922224,0.485707
922225,0.41811296
922226,0.46404734
922227,0.4257056
922228,0.40195796
922229,0.40461352
922230,0.4385278
922231,0.3831356
922232,0.05214651
922233,0.044918414
922234,0.32609233
922235,0.32288766
922236,0.25784582
922237,0.2759781
922238,0.16633327
922239,0.110347696
922240,0.13735169
922241,0.12312655
922242,0.034724444
922243,0.13370489
922244,0.12031127
922245,0.16409296
922246,0.17737769
922247,0.15454261
922248,0.08116365
922249,0.12738068
922250,0.0880656
922251,0.054013554
922252,0.09571259
922253,0.022614904
922254,0.07059408
922255,0.09433378
922256,0.03856225
922257,0.29799992
922258,0.30879462
922259,0.31012768
922260,0.31094328
922261,0.31094328
922262,0.31094328
922263,0.31094328
922264,0.35226607
922265,0.25951093
922266,0.28343293
922267,0.33999434
922268,0.4305078
922269,0.4684384
922270,0.42078635
922271,0.47566614
922272,0.4325285
922273,0.42089635
922274,0.44047332
922275,0.44137254
922276,0.46862563
922277,0.49662876
922278,0.402839
922279,0.117140956
922280,0.50639176
922281,0.5118152
922282,0.59762627
922283,0.5849952
922284,0.6102937
922285,0.6098337
922286,0.5604749
922287,0.5955806
922288,0.58636475
922289,0.58301437
922290,0.5835002
922291,0.58602923
922292,0.5872859
922293,0.5849423
922294,0.5707167
922295,0.58694524
922296,0.6117716
922297,0.39573273
922298,0.32002416
922299,0.097399436
922300,0.13688692
922301,0.13929923
922302,0.09441667
922303,0.13344546
922304,0.13381752
922305,0.12595792
922306,0.10836757
922307,0.059839804
922308,0.40627047
922309,0.36400715
922310,0.40407544
922311,0.3692833
922312,0.41329536
922313,0.41009918
922314,0.3594475
922315,0.4121645
922316,0.44597775
922317,0.44516012
922318,0.5552061
922319,0.32526624
922320,0.30346054
922321,0.26998106
922322,0.45566684
922323,0.33077496
922324,0.40887386
922325,0.37663597
922326,0.43019915
922327,0.44008926
922328,0.4683401
922329,0.45198917
922330,0.39856145
922331,0.39555833
922332,0.4376036
922333,0.65839
922334,0.30978334
922335,0.05479306
922336,0.12480051
922337,0.14344387
922338,0.13771863
922339,0.114391975
922340,0.062381804
922341,0.2986402
922342,0.09653577
922343,0.058375936
922344,0.059812307
922345,0.2668834
922346,0.33242476
922347,0.20492083
922348,0.20578301
922349,0.23935075
922350,0.220871
922351,0.26824212
922352,0.19681293
922353,0.19709603
922354,0.26298273
922355,0.04401329
922356,0.16080485
922357,0.119253136
922358,0.117598675
922359,0.10445658
922360,0.050027248
922361,0.03859724
922362,0.051364835
922363,0.44452274
922364,0.3171614
922365,0.5830461
922366,0.6427956
922367,0.7007722
922368,0.768833
922369,0.8143967
922370,0.7788161
922371,0.82421726
922372,0.8028511
922373,0.8097918
922374,0.8032218
922375,0.84559834
922376,0.84274036
922377,0.7988632
922378,0.83306
922379,0.8039295
922380,0.817311
922381,0.8217938
922382,0.83725494
922383,0.8100261
922384,0.82564104
922385,0.82623976
922386,0.8238974
922387,0.8164839
922388,0.814962
922389,0.83975226
922390,0.7781116
922391,0.82539284
922392,0.786442
922393,0.8091309
922394,0.7912991
922395,0.7839186
922396,0.79346764
922397,0.78837687
922398,0.7512094
922399,0.5351428
922400,0.029462237
922401,0.09227892
922402,0.07953273
922403,0.07307165
922404,0.9909113
922405,0.14051804
922406,0.37234145
922407,0.40554363
922408,0.52116424
922409,0.5412295
922410,0.5787642
922411,0.44383076
922412,0.33215767
922413,0.47405255
922414,0.5913459
922415,0.520686
922416,0.47570956
922417,0.474647
922418,0.40916643
922419,0.43064836
922420,0.49022233
922421,0.28129405
922422,0.24297081
922423,0.08960168
922424,0.34101266
922425,0.4514277
922426,0.53153884
922427,0.6276831
922428,0.51824045
922429,0.65561825
922430,0.6285403
922431,0.64386827
922432,0.6875218
922433,0.6537389
922434,0.6931077
922435,0.62219673
922436,0.678884
922437,0.66233826
922438,0.68199563
922439,0.5205735
922440,0.5605
922441,0.70475566
922442,0.6526479
922443,0.62793154
922444,0.6417211
922445,0.56356066
922446,0.64106506
922447,0.3618617
922448,0.017383166
922449,0.13284928
922450,0.28830943
922451,0.08004537
922452,0.14968385
922453,0.11699765
922454,0.16896634
922455,0.058341626
922456,0.14828259
922457,0.09487802
922458,0.28109232
922459,0.011992138
922460,0.1044614
922461,0.0541152
922462,0.05458199
922463,0.06522245
922464,0.05639168
922465,0.066181324
922466,0.25459912
922467,0.17513558
922468,0.1571663
922469,0.17963485
922470,0.16575314
922471,0.176012
922472,0.17643514
922473,0.017807292
922474,0.07098645
922475,0.068671875
922476,0.08379776
922477,0.067722775
922478,0.06469393
922479,0.07393902
922480,0.06800522
922481,0.22172207
922482,0.03056227
922483,0.0723608
922484,0.08167545
922485,0.078939475
922486,0.09116547
922487,0.05880648
922488,0.05474919
922489,0.4475341
922490,0.4078158
922491,0.42343122
922492,0.48479873
922493,0.44068193
922494,0.5252838
922495,0.49178916
922496,0.51391566
922497,0.5372836
922498,0.48420998
922499,0.512646
922500,0.4648585
922501,0.4217504
922502,0.41130424
922503,0.3297467
922504,0.013091247
922505,0.04334635
922506,0.3657481
922507,0.042073157
922508,0.039461892
922509,0.07057422
922510,0.082497425
922511,0.09294221
922512,0.16683604
922513,0.022126531
922514,0.11424506
922515,0.07371033
922516,0.09051255
922517,0.11863668
922518,0.09185755
922519,0.09355276
922520,0.104161434
922521,0.13570622
922522,0.010358322
922523,0.06793304
922524,0.05169846
922525,0.064051025
922526,0.06372819
922527,0.05855423
922528,0.06857752
922529,0.49122953
922530,0.592872
922531,0.65390825
922532,0.67520887
922533,0.7100698
922534,0.58431715
922535,0.71095
922536,0.65514493
922537,0.65465474
922538,0.65034944
922539,0.7202036
922540,0.7561989
922541,0.73455596
922542,0.7194744
922543,0.69360286
922544,0.7069167
922545,0.6903055
922546,0.56230766
922547,0.29142645
922548,0.011849959
922549,0.04464073
922550,0.04758812
922551,0.39741474
922552,0.105647966
922553,0.09299482
922554,0.09846231
922555,0.08238346
922556,0.1558104
922557,0.23404095
922558,0.101422735
922559,0.052291993
922560,0.05496011
922561,0.058978565
922562,0.059302848
922563,0.050034247
922564,0.06300226
922565,0.06540664
922566,0.99366546
922567,0.055393167
922568,0.11027512
922569,0.11354405
922570,0.014402046
922571,0.07289729
922572,0.057279736
922573,0.058930483
922574,0.06385791
922575,0.056224994
922576,0.051277265
922577,0.013201324
922578,0.10805884
922579,0.08247589
922580,0.064766385
922581,0.05348133
922582,0.041614544
922583,0.12813655
922584,0.45585325
922585,0.22999057
922586,0.14490178
922587,0.13544519
922588,0.5595913
922589,0.6153425
922590,0.70336205
922591,0.77904445
922592,0.8009732
922593,0.8730925
922594,0.83039814
922595,0.84890616
922596,0.84014773
922597,0.8622928
922598,0.8370789
922599,0.8324109
922600,0.85056794
922601,0.84530616
922602,0.83841324
922603,0.8454464
922604,0.8349556
922605,0.85981965
922606,0.83866197
922607,0.8363792
922608,0.8692538
922609,0.8274631
922610,0.8668459
922611,0.79578173
922612,0.80917716
922613,0.8470914
922614,0.8164617
922615,0.8341171
922616,0.71508896
922617,0.795018
922618,0.77511066
922619,0.78748083
922620,0.5162568
922621,0.01346953
922622,0.1275918
922623,0.08376534
922624,0.10815512
922625,0.1003401
922626,0.095891975
922627,0.21242644
922628,0.11762478
922629,0.1288553
922630,0.10950343
922631,0.1173209
922632,0.108619615
922633,0.069750205
922634,0.04738146
922635,0.3335345
922636,0.2618902
922637,0.26079857
922638,0.015214256
922639,0.076949425
922640,0.084701836
922641,0.087385155
922642,0.09270793
922643,0.08083502
922644,0.07006083
922645,0.0749758
922646,0.054002285
922647,0.08916122
922648,0.53644013
922649,0.6036461
922650,0.74759066
922651,0.7558711
922652,0.77598214
922653,0.74349844
922654,0.7991132
922655,0.80537045
922656,0.7829563
922657,0.79631686
922658,0.8591151
922659,0.81510806
922660,0.8250786
922661,0.80093646
922662,0.8318572
922663,0.8243792
922664,0.83204204
922665,0.81967217
922666,0.8073511
922667,0.7741975
922668,0.8116313
922669,0.7995484
922670,0.8213807
922671,0.79274726
922672,0.7976469
922673,0.7691234
922674,0.8045307
922675,0.76748174
922676,0.79216504
922677,0.7576997
922678,0.73115855
922679,0.74759984
922680,0.61721414
922681,0.4595703
922682,0.03680686
922683,0.11975022
922684,0.14792603
922685,0.18260226
922686,0.1624209
922687,0.14699452
922688,0.15108858
922689,0.13180114
922690,0.3044402
922691,0.25143912
922692,0.20391051
922693,0.054843068
922694,0.16304973
922695,0.11818274
922696,0.028937133
922697,0.2506981
922698,0.23223215
922699,0.11125407
922700,0.030025354
922701,0.2567805
922702,0.1390183
922703,0.076327026
922704,0.022470513
922705,0.103724465
922706,0.10934336
922707,0.17999843
922708,0.056688596
922709,0.055549175
922710,0.0663113
922711,0.21452287
922712,0.017093087
922713,0.071364
922714,0.05813413
922715,0.044675764
922716,0.053721994
922717,0.36172178
922718,0.30019876
922719,0.3099528
922720,0.30669245
922721,0.31177405
922722,0.32267648
922723,0.2879813
922724,0.2930733
922725,0.09799139
922726,0.051893912
922727,0.02142604
922728,0.034589324
922729,0.14452238
922730,0.18459755
922731,0.14904217
922732,0.15648855
922733,0.16959247
922734,0.024592657
922735,0.014651039
922736,0.028241321
922737,0.009555224
922738,0.01677903
922739,0.011707869
922740,0.009849284
922741,0.019782394
922742,0.019634258
922743,0.15494804
922744,0.04167077
922745,0.01564323
922746,0.026584264
922747,0.027028382
922748,0.028030682
922749,0.012825402
922750,0.014344344
922751,0.108812965
922752,0.068706304
922753,0.07411509
922754,0.032044165
922755,0.11018971
922756,0.10699708
922757,0.047404196
922758,0.08081465
922759,0.04820995
922760,0.029382141
922761,0.11367919
922762,0.073075525
922763,0.08056548
922764,0.08558308
922765,0.062327325
922766,0.28034976
922767,0.15712069
922768,0.22444186
922769,0.23888953
922770,0.111843
922771,0.022323627
922772,0.120531216
922773,0.10131538
922774,0.09191766
922775,0.10306984
922776,0.08856494
922777,0.09634005
922778,0.07076159
922779,0.27838296
922780,0.024151592
922781,0.104288936
922782,0.08662064
922783,0.07685903
922784,0.10288903
922785,0.08941581
922786,0.19481014
922787,0.14952372
922788,0.029300688
922789,0.09112895
922790,0.08431127
922791,0.08840276
922792,0.0884592
922793,0.123375036
922794,0.058919635
922795,0.06462408
922796,0.37249243
922797,0.21439208
922798,0.07499018
922799,0.050095577
922800,0.052817874
922801,0.0485931
922802,0.015799243
922803,0.073570706
922804,0.06706298
922805,0.07745913
922806,0.06748436
922807,0.07890644
922808,0.10980159
922809,0.052015
922810,0.29619786
922811,0.14398012
922812,0.1316191
922813,0.09944632
922814,0.009934725
922815,0.04036201
922816,0.04354774
922817,0.039542507
922818,0.05246248
922819,0.05595688
922820,0.046341933
922821,0.10613176
922822,0.11499776
922823,0.010464977
922824,0.043249354
922825,0.042856146
922826,0.042184003
922827,0.04978439
922828,0.047856957
922829,0.011611209
922830,0.06501834
922831,0.054918945
922832,0.054198824
922833,0.048571296
922834,0.05175655
922835,0.12672502
922836,0.0826925
922837,0.08603753
922838,0.06946519
922839,0.07280618
922840,0.063347116
922841,0.033615123
922842,0.23036872
922843,0.32619336
922844,0.18271887
922845,0.010810206
922846,0.062487353
922847,0.04908168
922848,0.05056231
922849,0.07069194
922850,0.043081075
922851,0.04882155
922852,0.054305606
922853,0.026862068
922854,0.101315655
922855,0.091246516
922856,0.084736735
922857,0.09276294
922858,0.056025855
922859,0.037540857
922860,0.20701474
922861,0.21714377
922862,0.25415114
922863,0.19836918
922864,0.035541814
922865,0.04968076
922866,0.01199827
922867,0.053873155
922868,0.06711584
922869,0.049414482
922870,0.06005332
922871,0.048744272
922872,0.04830994
922873,0.01227815
922874,0.05007083
922875,0.045773514
922876,0.04662281
922877,0.035275836
922878,0.030796623
922879,0.04894587
922880,0.01643788
922881,0.028687282
922882,0.065070376
922883,0.07234614
922884,0.039993197
922885,0.04198405
922886,0.029233932
922887,0.032519445
922888,0.07772015
922889,0.24630406
922890,0.4512392
922891,0.28995186
922892,0.25666124
922893,0.26947767
922894,0.26508474
922895,0.29589322
922896,0.22078268
922897,0.011034714
922898,0.046099983
922899,0.029887972
922900,0.0397339
922901,0.08479768
922902,0.046935122
922903,0.03263074
922904,0.040899713
922905,0.18769516
922906,0.06253151
922907,0.0810735
922908,0.08146374
922909,0.08511883
922910,0.07713333
922911,0.054963145
922912,0.051820204
922913,0.012819627
922914,0.048675157
922915,0.081139795
922916,0.06610554
922917,0.06377804
922918,0.030881656
922919,0.067137666
922920,0.053480074
922921,0.023215558
922922,0.01445787
922923,0.025753116
922924,0.03503926
922925,0.064469874
922926,0.03414756
922927,0.035722736
922928,0.036673382
922929,0.31606552
922930,0.028055467
922931,0.093807004
922932,0.13388087
922933,0.15226959
922934,0.09926914
922935,0.09335604
922936,0.1531977
922937,0.1527748
922938,0.29527536
922939,0.2993691
922940,0.1771176
922941,0.2096292
922942,0.16778384
922943,0.009320393
922944,0.06216392
922945,0.07598909
922946,0.03224551
922947,0.05345105
922948,0.039515924
922949,0.03981392
922950,0.054816715
922951,0.07707444
922952,0.04570076
922953,0.0118710175
922954,0.040026713
922955,0.05846976
922956,0.03642899
922957,0.033684798
922958,0.03518871
922959,0.065460704
922960,0.052021503
922961,0.037390947
922962,0.013633346
922963,0.06031282
922964,0.084991075
922965,0.07967651
922966,0.05135946
922967,0.06392302
922968,0.0570027
922969,0.010368484
922970,0.030825319
922971,0.029325055
922972,0.046560567
922973,0.044270232
922974,0.028923789
922975,0.04797145
922976,0.011566525
922977,0.038676344
922978,0.038056504
922979,0.041211598
922980,0.03868636
922981,0.03880511
922982,0.05557868
922983,0.041627128
922984,0.044394307
922985,0.070951745
922986,0.015823998
922987,0.03493433
922988,0.06133389
922989,0.029503627
922990,0.03434355
922991,0.05838276
922992,0.19511004
922993,0.035744783
922994,0.077870436
922995,0.11523537
922996,0.015149925
922997,0.046447363
922998,0.0423923
922999,0.037405428
923000,0.033110425
923001,0.034938093
923002,0.035732362
923003,0.0093435235
923004,0.04908766
923005,0.031472065
923006,0.045218237
923007,0.027932316
923008,0.044914857
923009,0.046032373
923010,0.022291943
923011,0.013271626
923012,0.058418214
923013,0.03874734
923014,0.13362886
923015,0.052811313
923016,0.09881937
923017,0.13291089
923018,0.053520568
923019,0.06806895
923020,0.05558077
923021,0.23491311
923022,0.078217715
923023,0.008731989
923024,0.029194634
923025,0.02808544
923026,0.05473903
923027,0.02779568
923028,0.039840918
923029,0.110332206
923030,0.063792065
923031,0.04778418
923032,0.043664053
923033,0.013328051
923034,0.051323853
923035,0.04288257
923036,0.07426554
923037,0.21640086
923038,0.21157561
923039,0.19944471
923040,0.13289535
923041,0.2150372
923042,0.13201977
923043,0.085155435
923044,0.0970592
923045,0.24818754
923046,0.08172312
923047,0.018810403
923048,0.10437053
923049,0.083283536
923050,0.17156292
923051,0.11528149
923052,0.10449037
923053,0.10830819
923054,0.0948064
923055,0.07726407
923056,0.021660293
923057,0.25987267
923058,0.24932691
923059,0.30597126
923060,0.24156691
923061,0.2484299
923062,0.26650402
923063,0.238902
923064,0.12006988
923065,0.1180598
923066,0.20547445
923067,0.07634225
923068,0.015190811
923069,0.09213464
923070,0.0937255
923071,0.09666408
923072,0.08465105
923073,0.09875508
923074,0.085595645
923075,0.05733263
923076,0.016934311
923077,0.11482385
923078,0.12399362
923079,0.091494426
923080,0.29751834
923081,0.2701488
923082,0.15571319
923083,0.17035605
923084,0.013273537
923085,0.05915174
923086,0.073546596
923087,0.1264012
923088,0.07022703
923089,0.069061115
923090,0.04816457
923091,0.01710498
923092,0.05442996
923093,0.056751154
923094,0.090189025
923095,0.23210976
923096,0.24474604
923097,0.24938135
923098,0.17043869
923099,0.05108143
923100,0.29057023
923101,0.08055476
923102,0.034866147
923103,0.035130337
923104,0.07813061
923105,0.0695909
923106,0.29958174
923107,0.16229744
923108,0.06708608
923109,0.065319486
923110,0.050005436
923111,0.12754782
923112,0.02249641
923113,0.05779938
923114,0.2855857
923115,0.1384838
923116,0.02797277
923117,0.12856099
923118,0.53183246
923119,0.4569521
923120,0.66122997
923121,0.6166586
923122,0.6028646
923123,0.580145
923124,0.57160175
923125,0.64346385
923126,0.5715815
923127,0.5725775
923128,0.5856937
923129,0.59154123
923130,0.6016149
923131,0.58097255
923132,0.5882172
923133,0.3951618
923134,0.17990112
923135,0.09913751
923136,0.11774992
923137,0.12109619
923138,0.11328302
923139,0.13068317
923140,0.09041464
923141,0.071024165
923142,0.56321394
923143,0.5535694
923144,0.33303368
923145,0.5212657
923146,0.53749526
923147,0.5850551
923148,0.58723724
923149,0.5547308
923150,0.44562978
923151,0.5482162
923152,0.62763804
923153,0.48670375
923154,0.37071845
923155,0.023600904
923156,0.1303607
923157,0.03512919
923158,0.3732923
923159,0.3591813
923160,0.3077632
923161,0.3254027
923162,0.23661155
923163,0.022209749
923164,0.075379245
923165,0.08964152
923166,0.08118694
923167,0.0839623
923168,0.090064034
923169,0.07014681
923170,0.026127981
923171,0.13453645
923172,0.112132184
923173,0.10743073
923174,0.14694627
923175,0.09097786
923176,0.019342594
923177,0.04944381
923178,0.050138358
923179,0.051212862
923180,0.048318144
923181,0.07236553
923182,0.3923779
923183,0.43637973
923184,0.5267406
923185,0.4491395
923186,0.46029377
923187,0.602874
923188,0.4126473
923189,0.3255899
923190,0.5958251
923191,0.44558555
923192,0.58243775
923193,0.4441819
923194,0.4695323
923195,0.511624
923196,0.3659529
923197,0.089009285
923198,0.55174226
923199,0.5992361
923200,0.6003883
923201,0.710898
923202,0.6292601
923203,0.67920953
923204,0.6208898
923205,0.6454482
923206,0.69160116
923207,0.70942336
923208,0.6945142
923209,0.6779986
923210,0.656103
923211,0.68218285
923212,0.6416472
923213,0.61732435
923214,0.66680413
923215,0.67238414
923216,0.6232123
923217,0.6461494
923218,0.6366873
923219,0.6325266
923220,0.6394054
923221,0.6399965
923222,0.3739292
923223,0.2103351
923224,0.040263493
923225,0.075557195
923226,0.0711377
923227,0.12943053
923228,0.086255744
923229,0.19899954
923230,0.044220332
923231,0.03263319
923232,0.056988608
923233,0.39569002
923234,0.3241011
923235,0.34518048
923236,0.296888
923237,0.227546
923238,0.012328556
923239,0.095341325
923240,0.12337605
923241,0.11248534
923242,0.07100411
923243,0.06953471
923244,0.072248355
923245,0.039254345
923246,0.110832974
923247,0.18712328
923248,0.022451468
923249,0.062311787
923250,0.063039735
923251,0.058650892
923252,0.07317162
923253,0.07703517
923254,0.03135782
923255,0.11333427
923256,0.07239609
923257,0.060082085
923258,0.09676517
923259,0.0665886
923260,0.06764728
923261,0.011149731
923262,0.06985227
923263,0.064589225
923264,0.095916845
923265,0.06779686
923266,0.07636607
923267,0.04080308
923268,0.016292486
923269,0.07859503
923270,0.1149772
923271,0.10353206
923272,0.07736883
923273,0.07811937
923274,0.0741206
923275,0.055611692
923276,0.04410017
923277,0.121786706
923278,0.105666436
923279,0.055402216
923280,0.01342062
923281,0.07335881
923282,0.08187893
923283,0.06854725
923284,0.07798873
923285,0.07298855
923286,0.06830257
923287,0.057620697
923288,0.11255334
923289,0.32800862
923290,0.2529155
923291,0.036351293
923292,0.23456185
923293,0.22774939
923294,0.18200713
923295,0.20982975
923296,0.19303624
923297,0.20877637
923298,0.3772927
923299,0.34723416
923300,0.22366649
923301,0.21171357
923302,0.20914884
923303,0.16004458
923304,0.033403665
923305,0.15631811
923306,0.19371127
923307,0.1921815
923308,0.19561839
923309,0.19386634
923310,0.19835049
923311,0.13471682
923312,0.2640126
923313,0.11843497
923314,0.20155777
923315,0.20758697
923316,0.13252902
923317,0.17036724
923318,0.21584916
923319,0.015758736
923320,0.14753535
923321,0.13414198
923322,0.16422252
923323,0.14216799
923324,0.20797794
923325,0.20757066
923326,0.10648563
923327,0.069904365
923328,0.07353672
923329,0.06501925
923330,0.06623299
923331,0.054338787
923332,0.028244385
923333,0.22386044
923334,0.2343195
923335,0.22875713
923336,0.21816014
923337,0.2244105
923338,0.19138797
923339,0.23831083
923340,0.1674432
923341,0.12405581
923342,0.5673698
923343,0.6682307
923344,0.7548837
923345,0.73717636
923346,0.7694562
923347,0.76030815
923348,0.7114819
923349,0.7736481
923350,0.7790568
923351,0.71601677
923352,0.8096091
923353,0.7860124
923354,0.7802836
923355,0.7943771
923356,0.78754944
923357,0.7915959
923358,0.77441704
923359,0.7599765
923360,0.7717638
923361,0.7523323
923362,0.68921155
923363,0.7211751
923364,0.37094927
923365,0.24084803
923366,0.13394746
923367,0.120492294
923368,0.10437212
923369,0.018921154
923370,0.21186852
923371,0.16551347
923372,0.16387326
923373,0.20087117
923374,0.14238143
923375,0.12949724
923376,0.01950664
923377,0.12831381
923378,0.09100507
923379,0.13340372
923380,0.09804748
923381,0.09686559
923382,0.08749529
923383,0.062979266
923384,0.022401718
923385,0.18899015
923386,0.19426925
923387,0.21097714
923388,0.18527485
923389,0.2000847
923390,0.13607956
923391,0.018604567
923392,0.10335428
923393,0.09041076
923394,0.075531214
923395,0.09018689
923396,0.09223372
923397,0.061365537
923398,0.04921059
923399,0.4481253
923400,0.51886094
923401,0.3950944
923402,0.49019563
923403,0.40965968
923404,0.51816547
923405,0.42462552
923406,0.3993033
923407,0.5385872
923408,0.51262796
923409,0.4583615
923410,0.2693969
923411,0.016994476
923412,0.110037155
923413,0.084470205
923414,0.09192728
923415,0.080205984
923416,0.08909159
923417,0.07051777
923418,0.07608376
923419,0.0809954
923420,0.053895485
923421,0.02931421
923422,0.27470538
923423,0.25255364
923424,0.33564973
923425,0.2663082
923426,0.30455542
923427,0.30157283
923428,0.32068527
923429,0.25211462
923430,0.1685593
923431,0.011114427
923432,0.056029975
923433,0.056124195
923434,0.084364295
923435,0.06541785
923436,0.06812533
923437,0.04282064
923438,0.028086416
923439,0.27412957
923440,0.23133244
923441,0.30211428
923442,0.34891376
923443,0.42033598
923444,0.30094025
923445,0.31096697
923446,0.3480475
923447,0.3809169
923448,0.22623008
923449,0.016527308
923450,0.08900359
923451,0.09724551
923452,0.07381987
923453,0.057721887
923454,0.088545315
923455,0.062262304
923456,0.07233951
923457,0.051035628
923458,0.040430088
923459,0.42236942
923460,0.529743
923461,0.6112981
923462,0.5855229
923463,0.6814551
923464,0.5712369
923465,0.63747686
923466,0.4865842
923467,0.59943485
923468,0.48531693
923469,0.57547903
923470,0.4711022
923471,0.5484553
923472,0.39073312
923473,0.27283284
923474,0.15848592
923475,0.1580438
923476,0.017210955
923477,0.06671118
923478,0.071064144
923479,0.08103227
923480,0.10857895
923481,0.08402497
923482,0.06547548
923483,0.0650879
923484,0.057550937
923485,0.061880693
923486,0.016533116
923487,0.06763781
923488,0.037951186
923489,0.08798388
923490,0.11936298
923491,0.029070247
923492,0.044868235
923493,0.078398384
923494,0.083148785
923495,0.055604514
923496,0.013858473
923497,0.0997901
923498,0.0566898
923499,0.0852158
923500,0.055622824
923501,0.0692074
923502,0.22975387
923503,0.07255723
923504,0.01352364
923505,0.039658647
923506,0.038509116
923507,0.03390228
923508,0.03907941
923509,0.008418707
923510,0.034969896
923511,0.035999775
923512,0.034764245
923513,0.041514296
923514,0.04396326
923515,0.23025186
923516,0.1757028
923517,0.08914489
923518,0.23445708
923519,0.12787768
923520,0.011659504
923521,0.07826532
923522,0.060228568
923523,0.08404026
923524,0.07079018
923525,0.04670746
923526,0.016996793
923527,0.11483547
923528,0.11333996
923529,0.1201845
923530,0.10514141
923531,0.09442335
923532,0.09295841
923533,0.14254029
923534,0.019678457
923535,0.07264811
923536,0.12091046
923537,0.056104828
923538,0.082479686
923539,0.046967637
923540,0.08046438
923541,0.048452467
923542,0.1308006
923543,0.036432978
923544,0.01860445
923545,0.08184488
923546,0.039934296
923547,0.042703647
923548,0.046727452
923549,0.07824986
923550,0.08288768
923551,0.054178752
923552,0.033096164
923553,0.0986286
923554,0.07430681
923555,0.057384256
923556,0.009938596
923557,0.052286226
923558,0.06361484
923559,0.06786055
923560,0.07159369
923561,0.040321812
923562,0.033302538
923563,0.023181694
923564,0.21929167
923565,0.19981752
923566,0.16830671
923567,0.15725134
923568,0.09803268
923569,0.30728513
923570,0.23221351
923571,0.20071223
923572,0.014029947
923573,0.09134121
923574,0.071353674
923575,0.13863932
923576,0.07628909
923577,0.039396614
923578,0.060688905
923579,0.029259931
923580,0.16614133
923581,0.04393343
923582,0.2531813
923583,0.20588306
923584,0.2816192
923585,0.17573202
923586,0.03772589
923587,0.15977928
923588,0.15188733
923589,0.13081038
923590,0.16893344
923591,0.11498216
923592,0.17644697
923593,0.23366469
923594,0.19255777
923595,0.16038477
923596,0.20085719
923597,0.025286848
923598,0.27619675
923599,0.26519024
923600,0.23729779
923601,0.26973268
923602,0.18855985
923603,0.014005517
923604,0.15179594
923605,0.12467063
923606,0.116923705
923607,0.092527136
923608,0.073732086
923609,0.14763065
923610,0.10861222
923611,0.07780243
923612,0.012438648
923613,0.10454752
923614,0.1294819
923615,0.15094787
923616,0.9694056
923617,0.037722837
923618,0.174875
923619,0.15608242
923620,0.03531287
923621,0.15724489
923622,0.16578212
923623,0.26401615
923624,0.152685
923625,0.25236556
923626,0.12042735
923627,0.014199614
923628,0.09164385
923629,0.08390393
923630,0.07957143
923631,0.07707132
923632,0.06683338
923633,0.08569669
923634,0.08363987
923635,0.053081043
923636,0.09566364
923637,0.08766834
923638,0.20494518
923639,0.056662086
923640,0.12561479
923641,0.12843683
923642,0.038806338
923643,0.103740245
923644,0.123759225
923645,0.06535272
923646,0.024383035
923647,0.10604023
923648,0.035756093
923649,0.0649848
923650,0.03344939
923651,0.15865096
923652,0.039191544
923653,0.10876929
923654,0.04306558
923655,0.126222
923656,0.013661974
923657,0.07896639
923658,0.06592524
923659,0.0871601
923660,0.0871601
923661,0.09229153
923662,0.1333521
923663,0.06051259
923664,0.08222954
923665,0.049845777
923666,0.051754385
923667,0.035385177
923668,0.104804926
923669,0.12455645
923670,0.014926318
923671,0.05519843
923672,0.04193124
923673,0.056349896
923674,0.3281608
923675,0.26090014
923676,0.23853587
923677,0.24270171
923678,0.044610754
923679,0.2463422
923680,0.4336834
923681,0.5288434
923682,0.3939754
923683,0.40083832
923684,0.41949886
923685,0.4847804
923686,0.5695013
923687,0.5941661
923688,0.40644678
923689,0.37091297
923690,0.38775834
923691,0.20606141
923692,0.12690906
923693,0.16514699
923694,0.041773535
923695,0.22522916
923696,0.23395368
923697,0.02739864
923698,0.12060042
923699,0.09649463
923700,0.016702369
923701,0.061059926
923702,0.013112439
923703,0.056022577
923704,0.047178604
923705,0.044930294
923706,0.04301968
923707,0.2200341
923708,0.106622264
923709,0.041898105
923710,0.045246452
923711,0.11701018
923712,0.120837264
923713,0.114096545
923714,0.13176213
923715,0.044480156
923716,0.008974862
923717,0.044760417
923718,0.047510184
923719,0.044363953
923720,0.042517845
923721,0.037271574
923722,0.020757599
923723,0.043024518
923724,0.014679261
923725,0.03789394
923726,0.039101083
923727,0.041324925
923728,0.039353706
923729,0.038293812
923730,0.03471686
923731,0.017805465
923732,0.05696714
923733,0.060883187
923734,0.22840777
923735,0.11308718
923736,0.0474795
923737,0.091299586
923738,0.09585777
923739,0.095551714
923740,0.14539628
923741,0.044260472
923742,0.27932137
923743,0.26542616
923744,0.22904705
923745,0.2192493
923746,0.270088
923747,0.16923945
923748,0.016893376
923749,0.059745263
923750,0.1177293
923751,0.13929446
923752,0.28093153
923753,0.24405356
923754,0.23113999
923755,0.059663665
923756,0.10052761
923757,0.25979984
923758,0.15290545
923759,0.050058346
923760,0.50911325
923761,0.6261393
923762,0.6372392
923763,0.6284665
923764,0.52251226
923765,0.64837843
923766,0.6222606
923767,0.6765411
923768,0.6321964
923769,0.5775946
923770,0.6082782
923771,0.5087883
923772,0.23845325
923773,0.026781794
923774,0.06026551
923775,0.14885575
923776,0.13899192
923777,0.08718929
923778,0.17134984
923779,0.14377192
923780,0.06363162
923781,0.062822595
923782,0.1758206
923783,0.11789388
923784,0.49690318
923785,0.540835
923786,0.6304432
923787,0.69397014
923788,0.7156602
923789,0.65813816
923790,0.65268844
923791,0.6493657
923792,0.62404466
923793,0.6462782
923794,0.65705645
923795,0.690439
923796,0.69792014
923797,0.689138
923798,0.66313046
923799,0.63389987
923800,0.60149294
923801,0.4890273
923802,0.01554046
923803,0.103926934
923804,0.09719118
923805,0.105341844
923806,0.12282004
923807,0.0827872
923808,0.017835127
923809,0.17933002
923810,0.08504952
923811,0.11616927
923812,0.14314285
923813,0.12880114
923814,0.15095651
923815,0.20606299
923816,0.08919774
923817,0.20670274
923818,0.08878348
923819,0.20887206
923820,0.25098723
923821,0.12504888
923822,0.11994242
923823,0.015531955
923824,0.07534628
923825,0.07131987
923826,0.065941684
923827,0.07097884
923828,0.054161955
923829,0.06510334
923830,0.051051367
923831,0.21178128
923832,0.17365411
923833,0.1486206
923834,0.1687002
923835,0.019956402
923836,0.19070886
923837,0.123658374
923838,0.14577313
923839,0.17833547
923840,0.10157685
923841,0.08624767
923842,0.040331278
923843,0.14466345
923844,0.09435618
923845,0.063337415
923846,0.031514943
923847,0.09402068
923848,0.08742646
923849,0.08599924
923850,0.097752236
923851,0.0670501
923852,0.052684944
923853,0.009454979
923854,0.038306557
923855,0.054743864
923856,0.039237194
923857,0.03727816
923858,0.024935273
923859,0.18620774
923860,0.2517994
923861,0.14574233
923862,0.09058259
923863,0.17905064
923864,0.3603711
923865,0.25309098
923866,0.2667971
923867,0.2512482
923868,0.1598874
923869,0.019339759
923870,0.15226921
923871,0.11747379
923872,0.11324255
923873,0.111133836
923874,0.11189303
923875,0.10060751
923876,0.07423539
923877,0.037666883
923878,0.20643312
923879,0.2287966
923880,0.22961652
923881,0.25383973
923882,0.19976585
923883,0.024320407
923884,0.26885715
923885,0.2715652
923886,0.25861302
923887,0.2603596
923888,0.2624269
923889,0.042907294
923890,0.12875503
923891,0.09908175
923892,0.029287713
923893,0.27003762
923894,0.22022896
923895,0.20877208
923896,0.22159322
923897,0.28897604
923898,0.25709534
923899,0.26428482
923900,0.3185221
923901,0.12638175
923902,0.12526423
923903,0.12618539
923904,0.1931216
923905,0.023702769
923906,0.17674391
923907,0.12494141
923908,0.17203942
923909,0.12746003
923910,0.15852909
923911,0.20693186
923912,0.011357821
923913,0.09118621
923914,0.043229707
923915,0.045153793
923916,0.061744995
923917,0.018207464
923918,0.048029117
923919,0.009676749
923920,0.06077315
923921,0.057582356
923922,0.04084059
923923,0.23341902
923924,0.13285638
923925,0.09174562
923926,0.05954143
923927,0.07916326
923928,0.02551355
923929,0.077937625
923930,0.1111792
923931,0.09505792
923932,0.041188784
923933,0.03135953
923934,0.058792796
923935,0.044538762
923936,0.099966854
923937,0.095693775
923938,0.2222919
923939,0.28186655
923940,0.14229658
923941,0.20423712
923942,0.22120298
923943,0.2046028
923944,0.12584934
923945,0.020556806
923946,0.10153217
923947,0.09276844
923948,0.0965194
923949,0.11571661
923950,0.08351162
923951,0.09770193
923952,0.22271138
923953,0.15530027
923954,0.1005722
923955,0.1129326
923956,0.07579204
923957,0.10546347
923958,0.3839551
923959,0.3398487
923960,0.30366415
923961,0.37886462
923962,0.3729646
923963,0.52697605
923964,0.548294
923965,0.08939141
923966,0.54643977
923967,0.47262448
923968,0.5525462
923969,0.5233497
923970,0.58179915
923971,0.55909187
923972,0.5768462
923973,0.576328
923974,0.55594087
923975,0.65589124
923976,0.66495687
923977,0.749126
923978,0.74961823
923979,0.8088658
923980,0.84024334
923981,0.84916043
923982,0.84061295
923983,0.84610695
923984,0.82858354
923985,0.8385316
923986,0.84660494
923987,0.8537637
923988,0.8844798
923989,0.8462136
923990,0.8618036
923991,0.868597
923992,0.8511556
923993,0.84916395
923994,0.8079569
923995,0.8355349
923996,0.8319366
923997,0.83817494
923998,0.82332724
923999,0.82251704
924000,0.7853565
924001,0.8280128
924002,0.8193035
924003,0.8444559
924004,0.8363253
924005,0.8343663
924006,0.86145043
924007,0.7598069
924008,0.61740786
924009,0.07306797
924010,0.53410953
924011,0.6145799
924012,0.43653652
924013,0.23767373
924014,0.06806651
924015,0.02248353
924016,0.12061265
924017,0.13048059
924018,0.09645379
924019,0.120456666
924020,0.09731851
924021,0.18773046
924022,0.13213556
924023,0.11862557
924024,0.11941479
924025,0.57420546
924026,0.67028767
924027,0.74188113
924028,0.74755824
924029,0.77469057
924030,0.77912694
924031,0.70260984
924032,0.7993275
924033,0.6536879
924034,0.8063087
924035,0.73516506
924036,0.8105364
924037,0.78945065
924038,0.82185805
924039,0.7981071
924040,0.78567463
924041,0.6885927
924042,0.72028786
924043,0.7061938
924044,0.7781208
924045,0.7096131
924046,0.76339144
924047,0.5657984
924048,0.010073393
924049,0.037205063
924050,0.03471168
924051,0.039311714
924052,0.032615673
924053,0.10194552
924054,0.60238296
924055,0.6182338
924056,0.67307705
924057,0.6486394
924058,0.70031273
924059,0.6884938
924060,0.6048691
924061,0.64334583
924062,0.6588945
924063,0.6630428
924064,0.6319736
924065,0.65259814
924066,0.6018274
924067,0.72002745
924068,0.66753376
924069,0.6526069
924070,0.48182213
924071,0.016897192
924072,0.04673301
924073,0.041532516
924074,0.05225473
924075,0.3474601
924076,0.70330566
924077,0.7448982
924078,0.78930914
924079,0.85486436
924080,0.8715484
924081,0.87354857
924082,0.89929247
924083,0.9089464
924084,0.9050432
924085,0.91339064
924086,0.9150568
924087,0.9208612
924088,0.9127264
924089,0.9216805
924090,0.9065958
924091,0.8951063
924092,0.91331196
924093,0.91582286
924094,0.93205494
924095,0.9014203
924096,0.9286821
924097,0.89719
924098,0.9022614
924099,0.9184712
924100,0.9180738
924101,0.8971053
924102,0.8787081
924103,0.90072995
924104,0.8973853
924105,0.8952718
924106,0.86198974
924107,0.88744175
924108,0.81893486
924109,0.8480465
924110,0.8341822
924111,0.8142012
924112,0.79130274
924113,0.82058907
924114,0.82558393
924115,0.8165006
924116,0.70093095
924117,0.10093884
924118,0.5929454
924119,0.7489152
924120,0.7480126
924121,0.76461256
924122,0.7652393
924123,0.80809075
924124,0.81089944
924125,0.8088168
924126,0.73253524
924127,0.7405169
924128,0.81379145
924129,0.81225204
924130,0.82577485
924131,0.8149314
924132,0.8094074
924133,0.80179983
924134,0.8388897
924135,0.80918497
924136,0.7980899
924137,0.7463492
924138,0.86406094
924139,0.7407184
924140,0.8204758
924141,0.7308609
924142,0.78755105
924143,0.7778603
924144,0.77261937
924145,0.7360036
924146,0.79295367
924147,0.5908878
924148,0.012888603
924149,0.039539773
924150,0.037528723
924151,0.03490617
924152,0.026350055
924153,0.10241297
924154,0.10096107
924155,0.11472899
924156,0.095573045
924157,0.088286296
924158,0.10133049
924159,0.1181
924160,0.08222609
924161,0.6530234
924162,0.70813704
924163,0.7180741
924164,0.8070653
924165,0.79882824
924166,0.7719859
924167,0.7670784
924168,0.82082653
924169,0.8279884
924170,0.7989123
924171,0.83289224
924172,0.8023731
924173,0.8012237
924174,0.82170516
924175,0.84807247
924176,0.80532783
924177,0.8493062
924178,0.85240394
924179,0.840956
924180,0.76249564
924181,0.8376469
924182,0.7543674
924183,0.7610137
924184,0.7503498
924185,0.75361365
924186,0.7902302
924187,0.735343
924188,0.8030617
924189,0.7944143
924190,0.632762
924191,0.7133501
924192,0.7901089
924193,0.77954614
924194,0.6689473
924195,0.029874206
924196,0.046018638
924197,0.05251294
924198,0.044288043
924199,0.027335286
924200,0.20652549
924201,0.16736746
924202,0.13075398
924203,0.10489502
924204,0.010490363
924205,0.03507508
924206,0.04249367
924207,0.04297663
924208,0.03556017
924209,0.09783732
924210,0.05263142
924211,0.2255411
924212,0.120549366
924213,0.12154978
924214,0.14197789
924215,0.46295053
924216,0.11198804
924217,0.103570454
924218,0.1392167
924219,0.095080726
924220,0.18776944
924221,0.0748279
924222,0.0132055925
924223,0.03899602
924224,0.038511492
924225,0.036428574
924226,0.039643977
924227,0.040065043
924228,0.041443296
924229,0.037673324
924230,0.17976521
924231,0.40087453
924232,0.6798072
924233,0.6638078
924234,0.6433161
924235,0.7189635
924236,0.7562549
924237,0.74282753
924238,0.68941784
924239,0.71438783
924240,0.7863903
924241,0.72411615
924242,0.7282595
924243,0.7764837
924244,0.75272375
924245,0.793838
924246,0.73427194
924247,0.73571503
924248,0.71262324
924249,0.7495801
924250,0.75991756
924251,0.7688432
924252,0.675386
924253,0.6871555
924254,0.7322142
924255,0.62173665
924256,0.7452329
924257,0.6173647
924258,0.2783331
924259,0.016368717
924260,0.06290029
924261,0.06988417
924262,0.061179
924263,0.06623502
924264,0.07682702
924265,0.070261866
924266,0.28430346
924267,0.56581575
924268,0.70941734
924269,0.76224166
924270,0.70992905
924271,0.6571847
924272,0.759331
924273,0.7086546
924274,0.75970626
924275,0.75897515
924276,0.7144056
924277,0.793792
924278,0.77515215
924279,0.7429958
924280,0.76947457
924281,0.76864815
924282,0.7703779
924283,0.7203431
924284,0.75762093
924285,0.7630611
924286,0.7336917
924287,0.7214346
924288,0.7234196
924289,0.74435824
924290,0.6682976
924291,0.7134139
924292,0.44252583
924293,0.028347008
924294,0.033764366
924295,0.043598868
924296,0.032413464
924297,0.03294264
924298,0.047139708
924299,0.04939829
924300,0.08253841
924301,0.11645424
924302,0.110987164
924303,0.16319214
924304,0.016034856
924305,0.09713495
924306,0.10178709
924307,0.06731982
924308,0.067862846
924309,0.09357494
924310,0.049472194
924311,0.024786465
924312,0.03181247
924313,0.04817405
924314,0.032700907
924315,0.05547946
924316,0.070036955
924317,0.065054245
924318,0.12124715
924319,0.119607255
924320,0.14739953
924321,0.14427844
924322,0.11768176
924323,0.034537297
924324,0.13016887
924325,0.08509895
924326,0.07011765
924327,0.057598114
924328,0.053860687
924329,0.07922413
924330,0.091722295
924331,0.034296412
924332,0.10304152
924333,0.07083533
924334,0.0627218
924335,0.29836926
924336,0.20328885
924337,0.17621432
924338,0.14527524
924339,0.17144588
924340,0.16487159
924341,0.11709355
924342,0.021672757
924343,0.17090796
924344,0.2165482
924345,0.16866867
924346,0.16644186
924347,0.15749238
924348,0.1653503
924349,0.10118295
924350,0.035753183
924351,0.17987029
924352,0.18498482
924353,0.46866816
924354,0.49206287
924355,0.60375404
924356,0.6476445
924357,0.6521128
924358,0.69451
924359,0.63999015
924360,0.5913677
924361,0.6100711
924362,0.64742345
924363,0.6324484
924364,0.5889294
924365,0.6208279
924366,0.57078725
924367,0.37626687
924368,0.23096004
924369,0.0974518
924370,0.64820164
924371,0.36188745
924372,0.2544253
924373,0.3312551
924374,0.30541515
924375,0.37947214
924376,0.3213736
924377,0.03826765
924378,0.3179697
924379,0.3373171
924380,0.34499264
924381,0.27631065
924382,0.30107164
924383,0.16036208
924384,0.104186036
924385,0.08485699
924386,0.025028411
924387,0.09061247
924388,0.28825766
924389,0.15453884
924390,0.15508907
924391,0.14933746
924392,0.1816282
924393,0.15301183
924394,0.1662716
924395,0.13517578
924396,0.08476364
924397,0.084017344
924398,0.24825285
924399,0.05084583
924400,0.024353564
924401,0.09316187
924402,0.021446431
924403,0.028284676
924404,0.13936237
924405,0.009816187
924406,0.02172589
924407,0.022372153
924408,0.025367044
924409,0.03221583
924410,0.015401418
924411,0.0360876
924412,0.017091036
924413,0.015871221
924414,0.025743851
924415,0.075877674
924416,0.047494326
924417,0.07431788
924418,0.045996424
924419,0.050815765
924420,0.053602014
924421,0.05056499
924422,0.22289474
924423,0.013991774
924424,0.03499838
924425,0.020742498
924426,0.022383843
924427,0.054189403
924428,0.17750993
924429,0.17020585
924430,0.1763097
924431,0.18261543
924432,0.0799356
924433,0.073895484
924434,0.05380587
924435,0.06529499
924436,0.04452744
924437,0.39053327
924438,0.31205222
924439,0.30073816
924440,0.08616585
924441,0.030035047
924442,0.089467786
924443,0.03208373
924444,0.22142972
924445,0.3291945
924446,0.19045047
924447,0.27419564
924448,0.19705772
924449,0.32985446
924450,0.1763869
924451,0.39395216
924452,0.15440817
924453,0.09572586
924454,0.233791
924455,0.2542884
924456,0.23531431
924457,0.17403865
924458,0.28750646
924459,0.07160006
924460,0.09324523
924461,0.19473836
924462,0.10514032
924463,0.114660375
924464,0.56155646
924465,0.6683671
924466,0.71854264
924467,0.73289543
924468,0.7635389
924469,0.72437567
924470,0.7248436
924471,0.72755843
924472,0.7574316
924473,0.7242049
924474,0.7538644
924475,0.71730584
924476,0.7580062
924477,0.75290173
924478,0.7735926
924479,0.7081696
924480,0.6952241
924481,0.70882565
924482,0.43912566
924483,0.4605984
924484,0.49784023
924485,0.6197672
924486,0.6116472
924487,0.61171234
924488,0.60261333
924489,0.6333077
924490,0.6516262
924491,0.6069105
924492,0.61519915
924493,0.63150406
924494,0.652469
924495,0.5676001
924496,0.69217825
924497,0.6045009
924498,0.60754526
924499,0.625016
924500,0.6034814
924501,0.34566802
924502,0.07364014
924503,0.057511885
924504,0.04968855
924505,0.2563913
924506,0.17013545
924507,0.011751205
924508,0.051017355
924509,0.051054116
924510,0.052817956
924511,0.036463626
924512,0.19888562
924513,0.08387677
924514,0.03862739
924515,0.010938101
924516,0.056126725
924517,0.049808
924518,0.04596057
924519,0.24414825
924520,0.118912324
924521,0.010260226
924522,0.03029038
924523,0.04260825
924524,0.27753717
924525,0.008879602
924526,0.06359123
924527,0.12253304
924528,0.053648006
924529,0.06766336
924530,0.073308304
924531,0.04321529
924532,0.009557734
924533,0.080006056
924534,0.24371421
924535,0.015702426
924536,0.16106702
924537,0.08281148
924538,0.1257424
924539,0.038182188
924540,0.062665194
924541,0.0996227
924542,0.03746461
924543,0.09611213
924544,0.06496136
924545,0.034938905
924546,0.0593913
924547,0.06272969
924548,0.04626233
924549,0.13627346
924550,0.0811854
924551,0.017349884
924552,0.058214713
924553,0.042021167
924554,0.06363397
924555,0.05440447
924556,0.13306281
924557,0.23833954
924558,0.17700014
924559,0.14787017
924560,0.04700307
924561,0.17489031
924562,0.04700307
924563,0.20756885
924564,0.32858923
924565,0.2514413
924566,0.22795896
924567,0.23313047
924568,0.2090943
924569,0.16478944
924570,0.32532537
924571,0.23776609
924572,0.21794245
924573,0.18737763
924574,0.20433441
924575,0.6061758
924576,0.5338623
924577,0.3610633
924578,0.50350654
924579,0.34709543
924580,0.2968053
924581,0.13195927
924582,0.12190729
924583,0.09543838
924584,0.0743456
924585,0.2518658
924586,0.19454177
924587,0.16931409
924588,0.05201347
924589,0.4025557
924590,0.43196338
924591,0.4687339
924592,0.38136077
924593,0.38004613
924594,0.34575665
924595,0.3157118
924596,0.021953465
924597,0.14632215
924598,0.1565394
924599,0.1364162
924600,0.14189419
924601,0.07251519
924602,0.4790781
924603,0.3589474
924604,0.34602615
924605,0.5069506
924606,0.47034585
924607,0.5139914
924608,0.43654075
924609,0.37125042
924610,0.51763445
924611,0.50444174
924612,0.4620993
924613,0.44933614
924614,0.28159937
924615,0.03602656
924616,0.19394295
924617,0.14814124
924618,0.15596884
924619,0.13102798
924620,0.20036359
924621,0.03908101
924622,0.07557468
924623,0.04876853
924624,0.044071592
924625,0.043277234
924626,0.041612875
924627,0.06990379
924628,0.47258103
924629,0.4695469
924630,0.46684748
924631,0.4888236
924632,0.4683106
924633,0.45679405
924634,0.6108147
924635,0.61434585
924636,0.47229877
924637,0.5856055
924638,0.5791129
924639,0.5771181
924640,0.5796034
924641,0.4476651
924642,0.53206134
924643,0.40262732
924644,0.043341257
924645,0.064841405
924646,0.06747264
924647,0.3051363
924648,0.22454154
924649,0.19953783
924650,0.08754028
924651,0.5729338
924652,0.5579507
924653,0.656945
924654,0.6088173
924655,0.65168685
924656,0.6288219
924657,0.64400923
924658,0.63728684
924659,0.68028593
924660,0.70739555
924661,0.7436767
924662,0.7352819
924663,0.6755487
924664,0.65219
924665,0.69121575
924666,0.6264023
924667,0.6787936
924668,0.5939935
924669,0.6333578
924670,0.52407956
924671,0.31434554
924672,0.040792648
924673,0.049043916
924674,0.055697124
924675,0.061607808
924676,0.08821495
924677,0.37958306
924678,0.46226734
924679,0.50678617
924680,0.4848737
924681,0.55586565
924682,0.5104463
924683,0.673734
924684,0.62749064
924685,0.61097395
924686,0.641024
924687,0.7035252
924688,0.6001312
924689,0.5955612
924690,0.62391144
924691,0.36053473
924692,0.03746981
924693,0.06420251
924694,0.048899475
924695,0.06449371
924696,0.04348279
924697,0.2763617
924698,0.22961572
924699,0.21709989
924700,0.22087324
924701,0.20005873
924702,0.19820164
924703,0.20816797
924704,0.19593036
924705,0.123993166
924706,0.09208696
924707,0.025612473
924708,0.043636452
924709,0.5390209
924710,0.65612584
924711,0.62777144
924712,0.6642495
924713,0.6496994
924714,0.72077036
924715,0.71920955
924716,0.74281615
924717,0.6830525
924718,0.65617716
924719,0.73725456
924720,0.6846097
924721,0.737286
924722,0.56242144
924723,0.76386
924724,0.6613678
924725,0.3504665
924726,0.10668971
924727,0.031011648
924728,0.19709931
924729,0.21106547
924730,0.19532144
924731,0.15216595
924732,0.18553679
924733,0.19048348
924734,0.12412284
924735,0.12739271
924736,0.45445016
924737,0.6022765
924738,0.55989575
924739,0.7327567
924740,0.4856892
924741,0.43759167
924742,0.37694147
924743,0.47521967
924744,0.48684314
924745,0.41147155
924746,0.5065986
924747,0.39288822
924748,0.48149866
924749,0.4697496
924750,0.35956204
924751,0.055043902
924752,0.19298027
924753,0.08566564
924754,0.06815743
924755,0.13857278
924756,0.03418182
924757,0.16048776
924758,0.11483421
924759,0.16717039
924760,0.1323396
924761,0.24652396
924762,0.1604077
924763,0.12271739
924764,0.043720197
924765,0.4955962
924766,0.24162847
924767,0.31253272
924768,0.22586621
924769,0.18007004
924770,0.2156799
924771,0.23440498
924772,0.20487863
924773,0.29652262
924774,0.56594026
924775,0.56669116
924776,0.5147929
924777,0.5480098
924778,0.41149274
924779,0.041667532
924780,0.15243477
924781,0.16092606
924782,0.16367778
924783,0.24169981
924784,0.08798652
924785,0.020507986
924786,0.029312061
924787,0.021668207
924788,0.022141885
924789,0.019565871
924790,0.028497323
924791,0.014443013
924792,0.034193408
924793,0.036833663
924794,0.03172806
924795,0.022550212
924796,0.22619073
924797,0.1960356
924798,0.20357612
924799,0.19398253
924800,0.18208048
924801,0.17325242
924802,0.2190388
924803,0.16621624
924804,0.1483524
924805,0.0070701423
924806,0.0128489705
924807,0.011241025
924808,0.025799686
924809,0.036231317
924810,0.03597153
924811,0.023663662
924812,0.019380024
924813,0.017595831
924814,0.049633067
924815,0.18672918
924816,0.19969846
924817,0.006988285
924818,0.019769365
924819,0.023993991
924820,0.01974362
924821,0.020078734
924822,0.017888378
924823,0.30459723
924824,0.013934525
924825,0.06306127
924826,0.030289512
924827,0.055282604
924828,0.06492859
924829,0.043155838
924830,0.40307608
924831,0.4136126
924832,0.43220064
924833,0.4537755
924834,0.48166215
924835,0.46072215
924836,0.48991248
924837,0.59252894
924838,0.4891223
924839,0.4740498
924840,0.34208202
924841,0.16877957
924842,0.08834072
924843,0.11847837
924844,0.10017737
924845,0.09484789
924846,0.120585345
924847,0.098816186
924848,0.09740281
924849,0.01195289
924850,0.04860443
924851,0.10558506
924852,0.063872926
924853,0.08533313
924854,0.21906541
924855,0.048343223
924856,0.04468607
924857,0.055086505
924858,0.044854768
924859,0.44383183
924860,0.45332158
924861,0.48452553
924862,0.41118506
924863,0.43280435
924864,0.24389802
924865,0.43150246
924866,0.43359286
924867,0.49312925
924868,0.30099913
924869,0.009934083
924870,0.047063332
924871,0.056617297
924872,0.14731818
924873,0.047263015
924874,0.05465343
924875,0.041397557
924876,0.03183008
924877,0.1377487
924878,0.066803895
924879,0.4158399
924880,0.48101956
924881,0.40078852
924882,0.4778239
924883,0.42332876
924884,0.24640761
924885,0.009013061
924886,0.059767734
924887,0.055381358
924888,0.042681012
924889,0.06499211
924890,0.05099457
924891,0.35013467
924892,0.2303923
924893,0.1696283
924894,0.13971011
924895,0.38648817
924896,0.43203902
924897,0.4592597
924898,0.32725105
924899,0.011502011
924900,0.05703047
924901,0.05123013
924902,0.039062824
924903,0.055630963
924904,0.044563994
924905,0.055983577
924906,0.21132918
924907,0.18819563
924908,0.19530624
924909,0.19205746
924910,0.010525654
924911,0.06983133
924912,0.048492394
924913,0.047218222
924914,0.05131862
924915,0.04480156
924916,0.04810187
924917,0.050330967
924918,0.17906566
924919,0.057963453
924920,0.048170332
924921,0.07672146
924922,0.08232798
924923,0.07944902
924924,0.10538082
924925,0.018749714
924926,0.17053463
924927,0.031673104
924928,0.034521412
924929,0.031844944
924930,0.14397211
924931,0.2377264
924932,0.24966782
924933,0.16816778
924934,0.17223834
924935,0.145516
924936,0.03366911
924937,0.048908845
924938,0.04593367
924939,0.054173607
924940,0.05272583
924941,0.04438821
924942,0.014118251
924943,0.046548195
924944,0.048067056
924945,0.028554486
924946,0.02997729
924947,0.039303105
924948,0.31981176
924949,0.0087667145
924950,0.027268488
924951,0.03956029
924952,0.034354206
924953,0.03391527
924954,0.05304635
924955,0.046023987
924956,0.011097699
924957,0.03446506
924958,0.036987167
924959,0.05023869
924960,0.035099674
924961,0.009694422
924962,0.044078194
924963,0.03350795
924964,0.0399156
924965,0.03231633
924966,0.009274553
924967,0.036494426
924968,0.043305494
924969,0.041059442
924970,0.04758769
924971,0.0381866
924972,0.011759686
924973,0.053606704
924974,0.045151796
924975,0.063327834
924976,0.06330511
924977,0.04122344
924978,0.05069453
924979,0.008952345
924980,0.09577115
924981,0.035687894
924982,0.074559875
924983,0.038704578
924984,0.08890712
924985,0.1455479
924986,0.28242287
924987,0.2684826
924988,0.21753655
924989,0.24215479
924990,0.23192494
924991,0.21384363
924992,0.12868652
924993,0.14439103
924994,0.28089693
924995,0.06272682
924996,0.26722938
924997,0.29368275
924998,0.29405907
924999,0.29438075
925000,0.21820962
925001,0.27971378
925002,0.27619162
925003,0.27566126
925004,0.14660098
925005,0.21834198
925006,0.2691078
925007,0.2627074
925008,0.15751134
925009,0.19909184
925010,0.27932507
925011,0.27932507
925012,0.16689625
925013,0.1777385
925014,0.2928575
925015,0.2020374
925016,0.21255401
925017,0.21285619
925018,0.20304918
925019,0.06089658
925020,0.030498592
925021,0.25781268
925022,0.06672138
925023,0.023903534
925024,0.18005832
925025,0.12886931
925026,0.17559685
925027,0.21686071
925028,0.16860494
925029,0.2568593
925030,0.17497222
925031,0.18925808
925032,0.23316891
925033,0.13256288
925034,0.027873453
925035,0.06264236
925036,0.05973458
925037,0.060803305
925038,0.06147811
925039,0.062050674
925040,0.04204264
925041,0.14263529
925042,0.080328785
925043,0.17931871
925044,0.06760845
925045,0.073004775
925046,0.093492284
925047,0.032799594
925048,0.111875676
925049,0.079677425
925050,0.07041785
925051,0.09858887
925052,0.014706037
925053,0.087373994
925054,0.07563145
925055,0.10729878
925056,0.039858345
925057,0.089084804
925058,0.07725295
925059,0.052563563
925060,0.033559088
925061,0.034277566
925062,0.05191865
925063,0.053737197
925064,0.053976096
925065,0.05585893
925066,0.016952682
925067,0.07580159
925068,0.088711366
925069,0.039662197
925070,0.04161273
925071,0.08606553
925072,0.07211525
925073,0.04304729
925074,0.05070904
925075,0.017616682
925076,0.067472905
925077,0.06327522
925078,0.064499766
925079,0.0959693
925080,0.07672765
925081,0.07701942
925082,0.09812928
925083,0.15883334
925084,0.052246474
925085,0.022848757
925086,0.01959266
925087,0.019120697
925088,0.021453027
925089,0.019494455
925090,0.02366263
925091,0.0170465
925092,0.02543187
925093,0.1340026
925094,0.15151414
925095,0.122281745
925096,0.009517684
925097,0.032777447
925098,0.022036878
925099,0.02661161
925100,0.030472301
925101,0.06131183
925102,0.4261595
925103,0.43031347
925104,0.44715098
925105,0.45501745
925106,0.5206498
925107,0.48866367
925108,0.516568
925109,0.5094443
925110,0.49825835
925111,0.5048907
925112,0.5355699
925113,0.47352806
925114,0.3667761
925115,0.009414986
925116,0.019671153
925117,0.013340598
925118,0.02715607
925119,0.019128988
925120,0.026095122
925121,0.018495433
925122,0.24387202
925123,0.039157595
925124,0.16919377
925125,0.15267372
925126,0.009544215
925127,0.021520233
925128,0.018883508
925129,0.021572955
925130,0.012957676
925131,0.022850558
925132,0.022580154
925133,0.020539785
925134,0.01669616
925135,0.103840224
925136,0.07945452
925137,0.07130462
925138,0.07246353
925139,0.1275776
925140,0.20242186
925141,0.17851692
925142,0.009748364
925143,0.02444186
925144,0.021291366
925145,0.02800793
925146,0.12302083
925147,0.0488747
925148,0.019534627
925149,0.022135707
925150,0.030423906
925151,0.046185642
925152,0.18614852
925153,0.012208691
925154,0.03172527
925155,0.022317033
925156,0.020302925
925157,0.018306019
925158,0.0078033446
925159,0.024678074
925160,0.018050086
925161,0.016950712
925162,0.01667549
925163,0.024730982
925164,0.021697218
925165,0.008370015
925166,0.021305962
925167,0.010691921
925168,0.018930094
925169,0.019871898
925170,0.024109922
925171,0.27599213
925172,0.0073125986
925173,0.017934436
925174,0.02976358
925175,0.022305861
925176,0.017550306
925177,0.00984082
925178,0.029527377
925179,0.06619157
925180,0.028660912
925181,0.028049733
925182,0.027764386
925183,0.027124155
925184,0.029230874
925185,0.027050767
925186,0.011813538
925187,0.020214263
925188,0.023558022
925189,0.022449393
925190,0.010112682
925191,0.02284665
925192,0.018775797
925193,0.03462036
925194,0.03513407
925195,0.020212399
925196,0.030669656
925197,0.030148394
925198,0.026058555
925199,0.018055398
925200,0.025785206
925201,0.026001723
925202,0.010486805
925203,0.016260084
925204,0.022352243
925205,0.017923806
925206,0.009095535
925207,0.029094784
925208,0.028035352
925209,0.027222967
925210,0.030374272
925211,0.030005123
925212,0.029794004
925213,0.2818377
925214,0.14020713
925215,0.20351723
925216,0.115227096
925217,0.113251776
925218,0.021611081
925219,0.0436666
925220,0.028567035
925221,0.07754296
925222,0.078017436
925223,0.06378215
925224,0.01570239
925225,0.03353065
925226,0.0320351
925227,0.025939232
925228,0.24512781
925229,0.120862864
925230,0.14975148
925231,0.12308432
925232,0.025117982
925233,0.15635625
925234,0.11946081
925235,0.095576316
925236,0.2078245
925237,0.20520948
925238,0.051172785
925239,0.34063765
925240,0.0089002475
925241,0.03298348
925242,0.053186
925243,0.038864683
925244,0.032572884
925245,0.031065369
925246,0.23545781
925247,0.13201495
925248,0.17485653
925249,0.19088101
925250,0.01986031
925251,0.086375184
925252,0.33963895
925253,0.081777506
925254,0.011981114
925255,0.0570884
925256,0.06085995
925257,0.04860657
925258,0.07050155
925259,0.04077726
925260,0.04962788
925261,0.04554824
925262,0.03170776
925263,0.047945306
925264,0.05615539
925265,0.037265953
925266,0.05442963
925267,0.090875834
925268,0.08878462
925269,0.06640087
925270,0.13197404
925271,0.10378494
925272,0.0716028
925273,0.0650655
925274,0.014774506
925275,0.06482032
925276,0.04887836
925277,0.05161597
925278,0.07822
925279,0.04814821
925280,0.014894296
925281,0.102039635
925282,0.07818192
925283,0.080985144
925284,0.0833096
925285,0.3104915
925286,0.23502147
925287,0.20828143
925288,0.21138228
925289,0.16277495
925290,0.14054869
925291,0.36484516
925292,0.28146344
925293,0.27397797
925294,0.27530432
925295,0.34162146
925296,0.35345402
925297,0.33356136
925298,0.34863862
925299,0.3320691
925300,0.33682895
925301,0.22882251
925302,0.05551369
925303,0.19095978
925304,0.055680957
925305,0.4237644
925306,0.508124
925307,0.41733342
925308,0.43674663
925309,0.51725376
925310,0.4464675
925311,0.5334565
925312,0.4211294
925313,0.42534494
925314,0.48262736
925315,0.42880216
925316,0.6225161
925317,0.58887947
925318,0.3248385
925319,0.23571958
925320,0.034628157
925321,0.20335081
925322,0.5037909
925323,0.51770616
925324,0.61358804
925325,0.49778587
925326,0.31921965
925327,0.42432284
925328,0.5596188
925329,0.5258415
925330,0.55193985
925331,0.59745884
925332,0.5328426
925333,0.52641517
925334,0.59911346
925335,0.54814905
925336,0.3731961
925337,0.21131292
925338,0.06511798
925339,0.29256377
925340,0.10424625
925341,0.058010444
925342,0.20863509
925343,0.20751531
925344,0.18982358
925345,0.16568308
925346,0.07688799
925347,0.2149879
925348,0.23723176
925349,0.22832489
925350,0.052247476
925351,0.25909215
925352,0.22517887
925353,0.23561294
925354,0.21287654
925355,0.20460464
925356,0.19833809
925357,0.24789953
925358,0.12907284
925359,0.18809454
925360,0.2267806
925361,0.2362565
925362,0.21209008
925363,0.047486775
925364,0.18877223
925365,0.1215401
925366,0.201449
925367,0.18231991
925368,0.1668731
925369,0.16808254
925370,0.12052553
925371,0.05526025
925372,0.20904058
925373,0.21255581
925374,0.17650695
925375,0.14616309
925376,0.2482546
925377,0.4050089
925378,0.56492805
925379,0.61477435
925380,0.6626137
925381,0.58468014
925382,0.6967851
925383,0.57928413
925384,0.6991495
925385,0.6123427
925386,0.5969039
925387,0.7121718
925388,0.5608792
925389,0.6573603
925390,0.7109808
925391,0.5801662
925392,0.5106016
925393,0.6199042
925394,0.5847905
925395,0.5812184
925396,0.60549414
925397,0.5705525
925398,0.4916646
925399,0.4570477
925400,0.25724387
925401,0.027699638
925402,0.10549287
925403,0.110431544
925404,0.19486357
925405,0.1903908
925406,0.23611663
925407,0.23554137
925408,0.20370176
925409,0.3146004
925410,0.28628275
925411,0.21851715
925412,0.20524332
925413,0.20630032
925414,0.1883229
925415,0.2880223
925416,0.47568274
925417,0.83043617
925418,0.88311607
925419,0.9154421
925420,0.9256693
925421,0.91930616
925422,0.9587594
925423,0.9589318
925424,0.94947934
925425,0.9570101
925426,0.95958054
925427,0.956043
925428,0.96393484
925429,0.91854316
925430,0.9594009
925431,0.95724773
925432,0.96048355
925433,0.95849496
925434,0.95697767
925435,0.96065474
925436,0.96286094
925437,0.9614489
925438,0.9637112
925439,0.9607268
925440,0.964736
925441,0.9637512
925442,0.96169657
925443,0.96166867
925444,0.9583427
925445,0.96237266
925446,0.95923305
925447,0.95684373
925448,0.95850253
925449,0.9600829
925450,0.9598773
925451,0.9576862
925452,0.9587091
925453,0.9592835
925454,0.9662384
925455,0.9572234
925456,0.95869774
925457,0.9215811
925458,0.9575618
925459,0.95869774
925460,0.95573133
925461,0.95465046
925462,0.9604908
925463,0.9583869
925464,0.96571344
925465,0.9623348
925466,0.9558673
925467,0.9652004
925468,0.9570615
925469,0.9655448
925470,0.9612867
925471,0.95581055
925472,0.9602195
925473,0.9619492
925474,0.9500445
925475,0.96049833
925476,0.95639884
925477,0.9580794
925478,0.96170956
925479,0.95965165
925480,0.9593719
925481,0.95892686
925482,0.9661053
925483,0.95489115
925484,0.9638822
925485,0.9642647
925486,0.95990074
925487,0.95736617
925488,0.960224
925489,0.94405466
925490,0.9630709
925491,0.9531573
925492,0.9631854
925493,0.96077365
925494,0.9590271
925495,0.9548064
925496,0.95756334
925497,0.9551075
925498,0.9459982
925499,0.9568884
925500,0.959858
925501,0.9564147
925502,0.95408344
925503,0.9533615
925504,0.96403915
925505,0.9581261
925506,0.9567042
925507,0.9558922
925508,0.9576674
925509,0.9565701
925510,0.94071704
925511,0.9544636
925512,0.95431614
925513,0.96197623
925514,0.96333253
925515,0.9605724
925516,0.9591103
925517,0.94933707
925518,0.9542426
925519,0.953019
925520,0.96023864
925521,0.955031
925522,0.9605275
925523,0.96061534
925524,0.9560562
925525,0.95871305
925526,0.9631385
925527,0.9584603
925528,0.95492244
925529,0.95263624
925530,0.9609065
925531,0.9599338
925532,0.9581426
925533,0.95983255
925534,0.94410247
925535,0.9597833
925536,0.9627388
925537,0.96115255
925538,0.92826796
925539,0.95617974
925540,0.9595395
925541,0.95829165
925542,0.954471
925543,0.954471
925544,0.9547219
925545,0.9595395
925546,0.954471
925547,0.9547219
925548,0.9614702
925549,0.96313286
925550,0.95757884
925551,0.95816475
925552,0.9576086
925553,0.9572077
925554,0.95663774
925555,0.9558358
925556,0.95725834
925557,0.9565647
925558,0.95725834
925559,0.9565647
925560,0.960896
925561,0.9583602
925562,0.95499223
925563,0.955844
925564,0.96290046
925565,0.94679815
925566,0.96095914
925567,0.9645654
925568,0.9602815
925569,0.96040165
925570,0.95625275
925571,0.9550441
925572,0.9513616
925573,0.953256
925574,0.95694995
925575,0.9580653
925576,0.9585277
925577,0.9549041
925578,0.95793104
925579,0.96016496
925580,0.9599264
925581,0.95549417
925582,0.94938767
925583,0.9618648
925584,0.95729244
925585,0.9618648
925586,0.95729244
925587,0.958332
925588,0.9569141
925589,0.9498646
925590,0.9593513
925591,0.9316144
925592,0.07952035
925593,0.067405105
925594,0.05655023
925595,0.060913883
925596,0.034958616
925597,0.04101068
925598,0.034349214
925599,0.036619052
925600,0.034630578
925601,0.30168122
925602,0.18498142
925603,0.20996384
925604,0.20269173
925605,0.18810865
925606,0.19878171
925607,0.17829193
925608,0.016987905
925609,0.037311196
925610,0.04843222
925611,0.05536524
925612,0.04989701
925613,0.05119345
925614,0.07714005
925615,0.18241586
925616,0.2747025
925617,0.3325716
925618,0.11105713
925619,0.25121197
925620,0.15632468
925621,0.12508395
925622,0.054213885
925623,0.17119506
925624,0.13383399
925625,0.13970275
925626,0.12900828
925627,0.13393581
925628,0.1501471
925629,0.10004255
925630,0.0596401
925631,0.2042963
925632,0.050205287
925633,0.14428239
925634,0.08459203
925635,0.61744905
925636,0.72572416
925637,0.7476586
925638,0.75805736
925639,0.8136897
925640,0.7886929
925641,0.7823705
925642,0.7876266
925643,0.8458229
925644,0.7772497
925645,0.7625713
925646,0.7910013
925647,0.8250227
925648,0.7906817
925649,0.77604043
925650,0.8654402
925651,0.56739885
925652,0.79107445
925653,0.779882
925654,0.7179259
925655,0.744713
925656,0.72535586
925657,0.7402048
925658,0.8487604
925659,0.58512235
925660,0.71132123
925661,0.7828408
925662,0.75748456
925663,0.59333926
925664,0.75463885
925665,0.6719655
925666,0.70479393
925667,0.5212747
925668,0.32075912
925669,0.25716496
925670,0.2693326
925671,0.22891319
925672,0.2276308
925673,0.25702772
925674,0.22840813
925675,0.2837263
925676,0.3371672
925677,0.06861217
925678,0.49519065
925679,0.5763118
925680,0.5926532
925681,0.6150796
925682,0.6122101
925683,0.617832
925684,0.6930601
925685,0.5346909
925686,0.631881
925687,0.627344
925688,0.6288481
925689,0.3619028
925690,0.62488735
925691,0.6013403
925692,0.46659634
925693,0.6107388
925694,0.5404596
925695,0.30672777
925696,0.14851002
925697,0.08020458
925698,0.026475303
925699,0.06784462
925700,0.08202864
925701,0.060054153
925702,0.07940544
925703,0.067142114
925704,0.04703878
925705,0.04038005
925706,0.03156038
925707,0.18359885
925708,0.08007115
925709,0.3993389
925710,0.1503364
925711,0.14931662
925712,0.113270596
925713,0.11112451
925714,0.111309394
925715,0.16956498
925716,0.07614021
925717,0.060045216
925718,0.14381312
925719,0.18171743
925720,0.20558834
925721,0.25575396
925722,0.24838626
925723,0.28991258
925724,0.23995896
925725,0.24504507
925726,0.2504963
925727,0.24854325
925728,0.2497426
925729,0.20494774
925730,0.22854014
925731,0.1954423
925732,0.03701478
925733,0.51164085
925734,0.5329412
925735,0.48080012
925736,0.4058475
925737,0.41253063
925738,0.39010105
925739,0.547103
925740,0.4948058
925741,0.5264107
925742,0.52736026
925743,0.2976709
925744,0.22123784
925745,0.1437486
925746,0.13314179
925747,0.03072596
925748,0.24724962
925749,0.2326283
925750,0.20826073
925751,0.17215714
925752,0.23323148
925753,0.14406915
925754,0.24034055
925755,0.20393884
925756,0.17359938
925757,0.024521777
925758,0.12815955
925759,0.12387882
925760,0.16029364
925761,0.17652123
925762,0.11693681
925763,0.11653312
925764,0.13781823
925765,0.18320206
925766,0.22093643
925767,0.2705426
925768,0.056051306
925769,0.570076
925770,0.60389936
925771,0.64119047
925772,0.609916
925773,0.63654274
925774,0.71119577
925775,0.656272
925776,0.74513966
925777,0.6992291
925778,0.65333205
925779,0.6637355
925780,0.6341931
925781,0.6463366
925782,0.5679132
925783,0.19520344
925784,0.051647794
925785,0.44835657
925786,0.46641195
925787,0.49266893
925788,0.4556737
925789,0.49368614
925790,0.48636672
925791,0.5379173
925792,0.5003172
925793,0.55693436
925794,0.44178993
925795,0.33084667
925796,0.5135514
925797,0.32923996
925798,0.055680934
925799,0.24802992
925800,0.19956434
925801,0.12613077
925802,0.5605537
925803,0.6152468
925804,0.6401954
925805,0.6952437
925806,0.72223115
925807,0.7268158
925808,0.76717514
925809,0.75205445
925810,0.79238
925811,0.7554613
925812,0.79919034
925813,0.7768497
925814,0.7862679
925815,0.75873727
925816,0.8074504
925817,0.7775988
925818,0.7790455
925819,0.78567797
925820,0.7657963
925821,0.74547553
925822,0.73577535
925823,0.7590984
925824,0.68839717
925825,0.7673728
925826,0.732824
925827,0.3468456
925828,0.023936415
925829,0.14251754
925830,0.19327374
925831,0.20201251
925832,0.112840965
925833,0.22359204
925834,0.219132
925835,0.18576664
925836,0.12586364
925837,0.10321807
925838,0.31250367
925839,0.3160273
925840,0.3126358
925841,0.21398243
925842,0.017846774
925843,0.09270639
925844,0.10550066
925845,0.067076996
925846,0.06523821
925847,0.0870596
925848,0.07847672
925849,0.0628651
925850,0.024727283
925851,0.099478096
925852,0.191001
925853,0.19027112
925854,0.100978546
925855,0.13492937
925856,0.114559345
925857,0.18274632
925858,0.20811138
925859,0.18075037
925860,0.3182353
925861,0.10822616
925862,0.45604286
925863,0.28051564
925864,0.1817437
925865,0.08184771
925866,0.06761546
925867,0.06675296
925868,0.044186436
925869,0.26852292
925870,0.10608283
925871,0.07014908
925872,0.09395354
925873,0.05365955
925874,0.0167388
925875,0.036966212
925876,0.04971078
925877,0.049161058
925878,0.052157883
925879,0.053121455
925880,0.054350283
925881,0.036974736
925882,0.047282588
925883,0.06082357
925884,0.08197586
925885,0.06997307
925886,0.02284566
925887,0.05477473
925888,0.07770207
925889,0.056047406
925890,0.089571245
925891,0.018952388
925892,0.12480749
925893,0.12945588
925894,0.13591431
925895,0.14693147
925896,0.053642325
925897,0.18474662
925898,0.11246066
925899,0.25370026
925900,0.061526634
925901,0.18896794
925902,0.32239333
925903,0.30356652
925904,0.33803344
925905,0.33721146
925906,0.34502584
925907,0.34502584
925908,0.3476613
925909,0.34926143
925910,0.33960056
925911,0.3037441
925912,0.3594386
925913,0.20298526
925914,0.027045252
925915,0.09093045
925916,0.13472806
925917,0.10563465
925918,0.10966216
925919,0.1313136
925920,0.11987126
925921,0.15067334
925922,0.08617635
925923,0.26434842
925924,0.23915297
925925,0.11766351
925926,0.14730214
925927,0.041561246
925928,0.23688127
925929,0.24272193
925930,0.22329678
925931,0.20680274
925932,0.1359427
925933,0.01681446
925934,0.08290907
925935,0.065945536
925936,0.035140842
925937,0.11020035
925938,0.018027421
925939,0.017511904
925940,0.021613024
925941,0.014811679
925942,0.012391041
925943,0.024365287
925944,0.13366796
925945,0.01123792
925946,0.10454881
925947,0.05006628
925948,0.08905404
925949,0.061966408
925950,0.044648822
925951,0.22408243
925952,0.20962271
925953,0.18837057
925954,0.17105323
925955,0.009755824
925956,0.019728445
925957,0.021094086
925958,0.011068757
925959,0.0107936915
925960,0.015942886
925961,0.010673487
925962,0.01604111
925963,0.010249739
925964,0.04840822
925965,0.061793763
925966,0.05001142
925967,0.061158005
925968,0.05382112
925969,0.04498289
925970,0.051610865
925971,0.008161932
925972,0.011968624
925973,0.01004808
925974,0.012312686
925975,0.025662461
925976,0.018451713
925977,0.021464672
925978,0.031717807
925979,0.100335434
925980,0.0062716086
925981,0.011985738
925982,0.013277691
925983,0.02546611
925984,0.014104633
925985,0.018808095
925986,0.04195948
925987,0.3360874
925988,0.256238
925989,0.270746
925990,0.23021752
925991,0.21970777
925992,0.21678391
925993,0.12806143
925994,0.14783682
925995,0.14100236
925996,0.11679313
925997,0.11329266
925998,0.111581266
925999,0.3005869
926000,0.070019804
926001,0.16724247
926002,0.06786045
926003,0.08723833
926004,0.05367889
926005,0.040086146
926006,0.041025452
926007,0.06067757
926008,0.061446417
926009,0.2560961
926010,0.055776928
926011,0.21575296
926012,0.22788577
926013,0.13605778
926014,0.18835613
926015,0.12375217
926016,0.2933114
926017,0.25227976
926018,0.24194694
926019,0.21336901
926020,0.25705975
926021,0.1471912
926022,0.11407229
926023,0.043789916
926024,0.17926618
926025,0.265154
926026,0.022477768
926027,0.09027295
926028,0.16241966
926029,0.6503494
926030,0.79805005
926031,0.79348814
926032,0.8430747
926033,0.85502887
926034,0.8155324
926035,0.82218266
926036,0.8016678
926037,0.80461025
926038,0.7449847
926039,0.8086927
926040,0.8272727
926041,0.759689
926042,0.72845846
926043,0.77842396
926044,0.7855998
926045,0.7754863
926046,0.7825882
926047,0.77324593
926048,0.73975366
926049,0.7611654
926050,0.740082
926051,0.74497646
926052,0.7236563
926053,0.6131968
926054,0.7548941
926055,0.69800144
926056,0.47402188
926057,0.12737612
926058,0.047372196
926059,0.21862262
926060,0.050480388
926061,0.070574656
926062,0.58199024
926063,0.4452099
926064,0.5921007
926065,0.63396025
926066,0.64369845
926067,0.578426
926068,0.6857079
926069,0.6716907
926070,0.63257456
926071,0.60437506
926072,0.604931
926073,0.59437656
926074,0.63361204
926075,0.58624786
926076,0.57951665
926077,0.4582351
926078,0.01787477
926079,0.11706474
926080,0.0974565
926081,0.13708417
926082,0.12210896
926083,0.09517468
926084,0.09918559
926085,0.09517468
926086,0.103400245
926087,0.026375936
926088,0.0797586
926089,0.093579814
926090,0.085586496
926091,0.078641176
926092,0.09818664
926093,0.08981351
926094,0.069189236
926095,0.27503237
926096,0.021587703
926097,0.11882522
926098,0.0926034
926099,0.085004196
926100,0.0910265
926101,0.1151102
926102,0.08642131
926103,0.06611873
926104,0.14224097
926105,0.05304456
926106,0.051728077
926107,0.034207866
926108,0.035319425
926109,0.06698039
926110,0.045106623
926111,0.028284604
926112,0.01891495
926113,0.087740086
926114,0.0945821
926115,0.05792185
926116,0.06598782
926117,0.045517653
926118,0.029181873
926119,0.057192482
926120,0.0578415
926121,0.05475355
926122,0.051397603
926123,0.01806891
926124,0.09712347
926125,0.07358235
926126,0.06866739
926127,0.06865895
926128,0.06502693
926129,0.076524936
926130,0.056923646
926131,0.024412345
926132,0.06438764
926133,0.06921089
926134,0.0644284
926135,0.03461299
926136,0.031835157
926137,0.1153806
926138,0.04756702
926139,0.2042921
926140,0.032389343
926141,0.06587421
926142,0.06818035
926143,0.13274059
926144,0.04730434
926145,0.08753169
926146,0.024388894
926147,0.09124694
926148,0.045276005
926149,0.28655303
926150,0.25767204
926151,0.28597632
926152,0.49834314
926153,0.21237503
926154,0.4098013
926155,0.076643124
926156,0.49597725
926157,0.29050672
926158,0.2835065
926159,0.09505158
926160,0.31489033
926161,0.42420346
926162,0.2580828
926163,0.015198709
926164,0.19383001
926165,0.052241467
926166,0.20487027
926167,0.1433278
926168,0.14807111
926169,0.047252428
926170,0.043814853
926171,0.15507564
926172,0.055972766
926173,0.09561503
926174,0.23420912
926175,0.36521745
926176,0.40702415
926177,0.34765077
926178,0.33453673
926179,0.34487015
926180,0.40750295
926181,0.38358003
926182,0.32879668
926183,0.35305664
926184,0.32833222
926185,0.33045307
926186,0.31799993
926187,0.33323422
926188,0.4334773
926189,0.474949
926190,0.32391512
926191,0.26892972
926192,0.056673493
926193,0.3065539
926194,0.2677838
926195,0.5527812
926196,0.31668603
926197,0.29505846
926198,0.34666786
926199,0.25959173
926200,0.38483596
926201,0.3466871
926202,0.3008048
926203,0.26435733
926204,0.31544185
926205,0.18181257
926206,0.06845503
926207,0.19084214
926208,0.20236918
926209,0.19965301
926210,0.16915868
926211,0.4024652
926212,0.2194347
926213,0.27049363
926214,0.33449128
926215,0.18139933
926216,0.6777265
926217,0.60369974
926218,0.81526524
926219,0.80731946
926220,0.8085781
926221,0.7891383
926222,0.828105
926223,0.78455275
926224,0.82174814
926225,0.86512417
926226,0.8384661
926227,0.8669186
926228,0.85454005
926229,0.8506619
926230,0.89492196
926231,0.8641318
926232,0.85688484
926233,0.8226303
926234,0.8683815
926235,0.81586605
926236,0.8415265
926237,0.87709713
926238,0.86657935
926239,0.8537932
926240,0.8762659
926241,0.8771473
926242,0.87454194
926243,0.84807867
926244,0.8547824
926245,0.83785933
926246,0.8439651
926247,0.85743105
926248,0.8467168
926249,0.81463856
926250,0.796967
926251,0.74179226
926252,0.74088216
926253,0.13631645
926254,0.072334476
926255,0.10796632
926256,0.12913382
926257,0.09526925
926258,0.13990982
926259,0.42780805
926260,0.35453382
926261,0.3229344
926262,0.42339525
926263,0.34798297
926264,0.46553668
926265,0.45813543
926266,0.34102356
926267,0.07330793
926268,0.5672324
926269,0.65852803
926270,0.79084283
926271,0.7093665
926272,0.8375619
926273,0.83795077
926274,0.7827736
926275,0.8256685
926276,0.7921457
926277,0.83745027
926278,0.8839592
926279,0.8801081
926280,0.85275334
926281,0.8409917
926282,0.80111825
926283,0.8733632
926284,0.82429785
926285,0.8838574
926286,0.8872953
926287,0.8728734
926288,0.8018808
926289,0.8913543
926290,0.86703277
926291,0.85501164
926292,0.8808495
926293,0.8599054
926294,0.8518469
926295,0.76713115
926296,0.8589837
926297,0.8377066
926298,0.85372776
926299,0.862566
926300,0.83919597
926301,0.8208424
926302,0.7903535
926303,0.8127515
926304,0.67725694
926305,0.03363226
926306,0.3987243
926307,0.61687344
926308,0.5094387
926309,0.6513317
926310,0.48958614
926311,0.47480854
926312,0.69891673
926313,0.6390875
926314,0.26043338
926315,0.1439448
926316,0.054379478
926317,0.39789405
926318,0.46374637
926319,0.6014762
926320,0.50890124
926321,0.4576044
926322,0.5863545
926323,0.44388133
926324,0.46151078
926325,0.479288
926326,0.579682
926327,0.1059704
926328,0.30546105
926329,0.24942899
926330,0.27162957
926331,0.25202534
926332,0.15537831
926333,0.058872923
926334,0.09655544
926335,0.19527772
926336,0.14755513
926337,0.085458234
926338,0.020050023
926339,0.1001942
926340,0.088989064
926341,0.012242157
926342,0.048772782
926343,0.04889799
926344,0.03800038
926345,0.06428521
926346,0.046839803
926347,0.039665367
926348,0.042391807
926349,0.08017215
926350,0.14347725
926351,0.14517963
926352,0.126573
926353,0.31385788
926354,0.10484077
926355,0.1462026
926356,0.13840039
926357,0.12491884
926358,0.02427904
926359,0.07170868
926360,0.065426454
926361,0.04922749
926362,0.093459226
926363,0.5257022
926364,0.60419714
926365,0.54180545
926366,0.64225703
926367,0.6226901
926368,0.6382104
926369,0.6258952
926370,0.5864751
926371,0.6273409
926372,0.57693005
926373,0.69696826
926374,0.687583
926375,0.35610816
926376,0.5788448
926377,0.6801763
926378,0.63348794
926379,0.66590714
926380,0.6301123
926381,0.6683294
926382,0.23958158
926383,0.022286419
926384,0.049502213
926385,0.04724191
926386,0.045431633
926387,0.047642745
926388,0.038219012
926389,0.11442489
926390,0.35021484
926391,0.24418826
926392,0.1692918
926393,0.41932052
926394,0.30081734
926395,0.3235404
926396,0.26931766
926397,0.22648516
926398,0.06489457
926399,0.37431723
926400,0.1884065
926401,0.037390105
926402,0.06411836
926403,0.5938373
926404,0.46761683
926405,0.7486668
926406,0.6958986
926407,0.7754663
926408,0.61855716
926409,0.7608351
926410,0.7819438
926411,0.77532226
926412,0.7826768
926413,0.7498007
926414,0.5714755
926415,0.65126747
926416,0.7996768
926417,0.5451248
926418,0.76928717
926419,0.77768123
926420,0.77679735
926421,0.85577834
926422,0.7656882
926423,0.7117295
926424,0.81294656
926425,0.7761598
926426,0.7681787
926427,0.75673354
926428,0.7560056
926429,0.7543574
926430,0.7567212
926431,0.7447151
926432,0.5726697
926433,0.33454946
926434,0.3479992
926435,0.36175597
926436,0.31919572
926437,0.35389596
926438,0.3734069
926439,0.25859514
926440,0.064582184
926441,0.32554525
926442,0.39136323
926443,0.42103988
926444,0.5368895
926445,0.42362496
926446,0.48429516
926447,0.484918
926448,0.5559952
926449,0.5439149
926450,0.42202288
926451,0.45705935
926452,0.53280705
926453,0.28114507
926454,0.30695638
926455,0.05996593
926456,0.32255036
926457,0.27163193
926458,0.023423139
926459,0.2574161
926460,0.14940293
926461,0.04784078
926462,0.1447176
926463,0.15471083
926464,0.14520791
926465,0.14929175
926466,0.05059894
926467,0.24161105
926468,0.2591025
926469,0.37755272
926470,0.27499992
926471,0.39126444
926472,0.40362284
926473,0.31707862
926474,0.32198432
926475,0.33751416
926476,0.2849697
926477,0.4537527
926478,0.25940135
926479,0.2861357
926480,0.30172458
926481,0.16640109
926482,0.046693373
926483,0.18285058
926484,0.15606663
926485,0.20778832
926486,0.2363946
926487,0.16662407
926488,0.053926867
926489,0.107333854
926490,0.09161236
926491,0.094725795
926492,0.07920549
926493,0.081510186
926494,0.3179288
926495,0.17919391
926496,0.13973705
926497,0.09189757
926498,0.35379875
926499,0.28163117
926500,0.3771497
926501,0.024192752
926502,0.14175124
926503,0.04280315
926504,0.46725821
926505,0.53509325
926506,0.4908828
926507,0.44363317
926508,0.46397558
926509,0.59740245
926510,0.4391978
926511,0.4358574
926512,0.32019153
926513,0.33797714
926514,0.23009221
926515,0.3975623
926516,0.35766807
926517,0.47520944
926518,0.459857
926519,0.42353812
926520,0.459857
926521,0.49629757
926522,0.39844993
926523,0.5101008
926524,0.4802667
926525,0.51617944
926526,0.39756116
926527,0.30122426
926528,0.06372348
926529,0.57249606
926530,0.31974253
926531,0.39397565
926532,0.43622383
926533,0.45637196
926534,0.71479106
926535,0.36258152
926536,0.5527854
926537,0.4451636
926538,0.40175417
926539,0.13644095
926540,0.17866355
926541,0.5200079
926542,0.6081722
926543,0.6643428
926544,0.68599296
926545,0.6955608
926546,0.69669396
926547,0.6832257
926548,0.7140969
926549,0.71717453
926550,0.6199641
926551,0.72556514
926552,0.7435338
926553,0.69188684
926554,0.6898084
926555,0.72442955
926556,0.71035105
926557,0.6737316
926558,0.7261935
926559,0.71863586
926560,0.749468
926561,0.71834564
926562,0.4595587
926563,0.03229217
926564,0.36618966
926565,0.49321565
926566,0.34278402
926567,0.3394992
926568,0.26461974
926569,0.3275848
926570,0.03875273
926571,0.3154981
926572,0.19989894
926573,0.1852468
926574,0.18050262
926575,0.21463436
926576,0.10357754
926577,0.40182137
926578,0.42902017
926579,0.688699
926580,0.66839284
926581,0.67943573
926582,0.8187289
926583,0.759538
926584,0.771011
926585,0.816255
926586,0.8122687
926587,0.8281426
926588,0.8562173
926589,0.85263526
926590,0.8761493
926591,0.85611135
926592,0.8660063
926593,0.85268515
926594,0.86508995
926595,0.83621025
926596,0.86918527
926597,0.8629782
926598,0.864629
926599,0.8515513
926600,0.8640121
926601,0.8526959
926602,0.8555404
926603,0.83787394
926604,0.8565087
926605,0.8570032
926606,0.8200268
926607,0.85258263
926608,0.85030913
926609,0.84408367
926610,0.81006914
926611,0.6875682
926612,0.031786993
926613,0.23921058
926614,0.21207285
926615,0.1505001
926616,0.21900043
926617,0.222985
926618,0.17384477
926619,0.28461298
926620,0.16966121
926621,0.24994673
926622,0.20019604
926623,0.19832735
926624,0.066759385
926625,0.066949636
926626,0.06446924
926627,0.06314625
926628,0.089416586
926629,0.06936257
926630,0.06135109
926631,0.068783656
926632,0.088739134
926633,0.124690466
926634,0.026824389
926635,0.091303065
926636,0.12639952
926637,0.09230909
926638,0.09644502
926639,0.097355716
926640,0.11441491
926641,0.07111401
926642,0.016630825
926643,0.10315308
926644,0.064348124
926645,0.07024011
926646,0.0724208
926647,0.055116907
926648,0.18579276
926649,0.19855553
926650,0.035506975
926651,0.060969923
926652,0.068334684
926653,0.055098176
926654,0.080376536
926655,0.092758216
926656,0.019046476
926657,0.040240187
926658,0.05489537
926659,0.03142066
926660,0.04439558
926661,0.077594206
926662,0.03504528
926663,0.11311231
926664,0.028192481
926665,0.06423267
926666,0.08986417
926667,0.048934672
926668,0.342825
926669,0.014638358
926670,0.06413347
926671,0.13710415
926672,0.028647864
926673,0.032157373
926674,0.073684044
926675,0.06856308
926676,0.056518428
926677,0.02436616
926678,0.032404814
926679,0.0526511
926680,0.07827725
926681,0.11254714
926682,0.026542006
926683,0.02713995
926684,0.038256973
926685,0.025694618
926686,0.044461455
926687,0.32550558
926688,0.27434942
926689,0.2431033
926690,0.3653687
926691,0.25104076
926692,0.18353042
926693,0.11041908
926694,0.12919481
926695,0.084613614
926696,0.3393017
926697,0.2732109
926698,0.30547324
926699,0.2553723
926700,0.24190857
926701,0.20408082
926702,0.19127405
926703,0.2035481
926704,0.1477815
926705,0.015060351
926706,0.10502076
926707,0.10282978
926708,0.09604643
926709,0.09651789
926710,0.09630026
926711,0.06873613
926712,0.21915795
926713,0.06450173
926714,0.24816267
926715,0.2604846
926716,0.22005413
926717,0.17926453
926718,0.034754056
926719,0.26480004
926720,0.2255657
926721,0.20750247
926722,0.23480733
926723,0.23106842
926724,0.30718094
926725,0.2105494
926726,0.13922638
926727,0.12939905
926728,0.12338235
926729,0.122700945
926730,0.14427075
926731,0.21658184
926732,0.14639087
926733,0.16205163
926734,0.21764135
926735,0.14423837
926736,0.14423837
926737,0.18261978
926738,0.1259784
926739,0.14656636
926740,0.100384556
926741,0.022938207
926742,0.13148357
926743,0.11915783
926744,0.101834856
926745,0.0691849
926746,0.064563826
926747,0.22554584
926748,0.20002526
926749,0.19234267
926750,0.21071132
926751,0.052162576
926752,0.25761938
926753,0.2598303
926754,0.30617464
926755,0.3985901
926756,0.28140515
926757,0.317138
926758,0.22634192
926759,0.50678146
926760,0.33346558
926761,0.5162483
926762,0.32086843
926763,0.21138702
926764,0.36516982
926765,0.370494
926766,0.25896105
926767,0.31278318
926768,0.0125739565
926769,0.059902005
926770,0.073627874
926771,0.07536132
926772,0.074642316
926773,0.052564293
926774,0.48127037
926775,0.24396205
926776,0.029516067
926777,0.15187262
926778,0.09825802
926779,0.03218202
926780,0.026138796
926781,0.017110987
926782,0.0332493
926783,0.026821826
926784,0.08547374
926785,0.43123043
926786,0.42196044
926787,0.4387249
926788,0.41245162
926789,0.5504877
926790,0.2557669
926791,0.4253056
926792,0.4665577
926793,0.3962617
926794,0.059790943
926795,0.20757201
926796,0.22439307
926797,0.24697943
926798,0.22628199
926799,0.2294295
926800,0.22625743
926801,0.23930609
926802,0.22116143
926803,0.22038557
926804,0.16428895
926805,0.013038635
926806,0.020898774
926807,0.022800671
926808,0.017973244
926809,0.02327966
926810,0.010768459
926811,0.020063851
926812,0.02117547
926813,0.024742024
926814,0.07783649
926815,0.57821417
926816,0.39612323
926817,0.061492685
926818,0.15679295
926819,0.17365506
926820,0.1648077
926821,0.16470873
926822,0.15775158
926823,0.18395594
926824,0.23722966
926825,0.008714131
926826,0.012721887
926827,0.011398559
926828,0.011395007
926829,0.024850486
926830,0.031879496
926831,0.022777993
926832,0.055055797
926833,0.13022222
926834,0.21111009
926835,0.30850434
926836,0.20940198
926837,0.31602985
926838,0.29451403
926839,0.20831545
926840,0.31094462
926841,0.29389876
926842,0.16137117
926843,0.03201401
926844,0.09934955
926845,0.6812941
926846,0.476221
926847,0.56360036
926848,0.5894904
926849,0.48369822
926850,0.41864502
926851,0.49340585
926852,0.5722345
926853,0.5114173
926854,0.57950383
926855,0.56261486
926856,0.44940615
926857,0.386282
926858,0.02867941
926859,0.37564668
926860,0.30162007
926861,0.10818967
926862,0.20462835
926863,0.14889473
926864,0.16025162
926865,0.16606171
926866,0.15582302
926867,0.17580071
926868,0.17019811
926869,0.15825382
926870,0.12660603
926871,0.024158191
926872,0.12835164
926873,0.113735445
926874,0.1924593
926875,0.09524418
926876,0.31747124
926877,0.2161138
926878,0.21544912
926879,0.31098372
926880,0.27160716
926881,0.304708
926882,0.28629467
926883,0.22763072
926884,0.25595945
926885,0.20638424
926886,0.1534941
926887,0.09815819
926888,0.029821383
926889,0.014015759
926890,0.017677637
926891,0.034736674
926892,0.22462755
926893,0.20495978
926894,0.20225573
926895,0.1636798
926896,0.00896507
926897,0.017867096
926898,0.021631712
926899,0.017648248
926900,0.020709593
926901,0.02110704
926902,0.021969052
926903,0.16151196
926904,0.008527809
926905,0.026688378
926906,0.025901873
926907,0.015526642
926908,0.020817671
926909,0.021803798
926910,0.016662758
926911,0.42059004
926912,0.008651209
926913,0.026056299
926914,0.05285183
926915,0.019983957
926916,0.013954333
926917,0.03040689
926918,0.016590448
926919,0.056394514
926920,0.27611175
926921,0.4310572
926922,0.5033135
926923,0.39961228
926924,0.40559113
926925,0.3990698
926926,0.4595314
926927,0.38511628
926928,0.3194758
926929,0.15603298
926930,0.098953106
926931,0.09830793
926932,0.0904191
926933,0.13981394
926934,0.07254971
926935,0.017964434
926936,0.029859807
926937,0.075018704
926938,0.045442544
926939,0.03179845
926940,0.023301482
926941,0.017526448
926942,0.024169827
926943,0.045589224
926944,0.0497984
926945,0.04361644
926946,0.30956337
926947,0.5174851
926948,0.40945542
926949,0.24554004
926950,0.61677516
926951,0.47184384
926952,0.37307855
926953,0.38755244
926954,0.3278179
926955,0.013749651
926956,0.08626871
926957,0.113716364
926958,0.08525237
926959,0.08066092
926960,0.08074952
926961,0.05663776
926962,0.0077071
926963,0.020733599
926964,0.09763984
926965,0.018292073
926966,0.024885349
926967,0.09940286
926968,0.4693699
926969,0.5450054
926970,0.5963497
926971,0.5755968
926972,0.60285676
926973,0.58570987
926974,0.5610538
926975,0.58650374
926976,0.59874094
926977,0.61441785
926978,0.60349053
926979,0.60876364
926980,0.62121856
926981,0.5988835
926982,0.61830705
926983,0.63170713
926984,0.59597397
926985,0.55805224
926986,0.57046187
926987,0.36137053
926988,0.02485296
926989,0.15412262
926990,0.15103617
926991,0.133334
926992,0.01855172
926993,0.015719194
926994,0.031651627
926995,0.018651702
926996,0.017278392
926997,0.026325418
926998,0.040695373
926999,0.079283305
927000,0.3498303
927001,0.34947744
927002,0.3228328
927003,0.3217443
927004,0.047324374
927005,0.13544464
927006,0.1353363
927007,0.09612508
927008,0.08386837
927009,0.07205964
927010,0.12710188
927011,0.14417519
927012,0.07050879
927013,0.06952803
927014,0.06610307
927015,0.064877994
927016,0.09082079
927017,0.068799555
927018,0.06379987
927019,0.067014106
927020,0.27768937
927021,0.15801476
927022,0.26065013
927023,0.23441459
927024,0.0331785
927025,0.10929871
927026,0.16270846
927027,0.13620177
927028,0.17187954
927029,0.21073969
927030,0.19693261
927031,0.12905712
927032,0.10642697
927033,0.05918633
927034,0.05804224
927035,0.012081636
927036,0.047048837
927037,0.05907754
927038,0.043979656
927039,0.039212987
927040,0.017544264
927041,0.046094835
927042,0.053082194
927043,0.06505447
927044,0.06545795
927045,0.076662675
927046,0.083113186
927047,0.00979553
927048,0.03458972
927049,0.04628217
927050,0.031759303
927051,0.0334191
927052,0.03170519
927053,0.044558045
927054,0.02290517
927055,0.056535847
927056,0.043943916
927057,0.04415236
927058,0.036571693
927059,0.14186014
927060,0.04850769
927061,0.008642474
927062,0.030873906
927063,0.030828893
927064,0.04079288
927065,0.037337348
927066,0.042894606
927067,0.018152304
927068,0.09412943
927069,0.3730516
927070,0.2506383
927071,0.23048377
927072,0.21714063
927073,0.23123749
927074,0.15009914
927075,0.19432409
927076,0.13587949
927077,0.111961775
927078,0.0941482
927079,0.52474904
927080,0.5247759
927081,0.37198272
927082,0.6153656
927083,0.37342218
927084,0.50264853
927085,0.5688459
927086,0.58603895
927087,0.49358353
927088,0.5515387
927089,0.4797489
927090,0.5908338
927091,0.34150448
927092,0.03570344
927093,0.14321817
927094,0.13626324
927095,0.095314406
927096,0.100959204
927097,0.09206494
927098,0.1355362
927099,0.09354237
927100,0.05868568
927101,0.2123395
927102,0.1963269
927103,0.23429956
927104,0.20872688
927105,0.18602668
927106,0.022520801
927107,0.064374946
927108,0.066457115
927109,0.06785675
927110,0.093492486
927111,0.07802509
927112,0.067730285
927113,0.09575556
927114,0.07958773
927115,0.07246
927116,0.06507847
927117,0.03889027
927118,0.064850934
927119,0.07164726
927120,0.041130777
927121,0.013713546
927122,0.08797267
927123,0.1149034
927124,0.0860574
927125,0.14557788
927126,0.13116203
927127,0.14591986
927128,0.14964834
927129,0.20080777
927130,0.06831362
927131,0.18149295
927132,0.12802996
927133,0.114744864
927134,0.12027423
927135,0.13148466
927136,0.018669296
927137,0.054177698
927138,0.056620017
927139,0.053123705
927140,0.38191664
927141,0.45517582
927142,0.44409123
927143,0.38878316
927144,0.52921075
927145,0.34297705
927146,0.63044167
927147,0.5360472
927148,0.6324468
927149,0.45203993
927150,0.5289678
927151,0.5172733
927152,0.4751324
927153,0.28719127
927154,0.013188062
927155,0.044793725
927156,0.04820724
927157,0.051595442
927158,0.05254378
927159,0.049006466
927160,0.04979191
927161,0.11635749
927162,0.52883434
927163,0.60255057
927164,0.6601516
927165,0.6778413
927166,0.6620779
927167,0.6595724
927168,0.65345424
927169,0.6978109
927170,0.68093
927171,0.6451468
927172,0.7357447
927173,0.61412793
927174,0.7017448
927175,0.65400267
927176,0.68915915
927177,0.6531754
927178,0.48333547
927179,0.66174364
927180,0.69328994
927181,0.55731314
927182,0.593231
927183,0.016675904
927184,0.17623265
927185,0.11136641
927186,0.06963488
927187,0.03249022
927188,0.035999857
927189,0.03159572
927190,0.032712482
927191,0.033246152
927192,0.037859123
927193,0.32610568
927194,0.028799314
927195,0.23287348
927196,0.057157565
927197,0.30976263
927198,0.41546783
927199,0.34860674
927200,0.6379462
927201,0.45736235
927202,0.56097484
927203,0.66714114
927204,0.39994034
927205,0.5453333
927206,0.5129168
927207,0.6745909
927208,0.5172724
927209,0.6811132
927210,0.46408916
927211,0.5634457
927212,0.42127195
927213,0.5129795
927214,0.42147446
927215,0.6188687
927216,0.6514249
927217,0.63051456
927218,0.44155133
927219,0.03415529
927220,0.10519649
927221,0.18319167
927222,0.14336252
927223,0.068511024
927224,0.0685606
927225,0.05080437
927226,0.053886417
927227,0.05681798
927228,0.013028728
927229,0.07553181
927230,0.058206376
927231,0.06547155
927232,0.05707251
927233,0.042645846
927234,0.33718514
927235,0.16447407
927236,0.10491396
927237,0.13623422
927238,0.11946083
927239,0.09714592
927240,0.021570921
927241,0.06460655
927242,0.058672316
927243,0.062294252
927244,0.07453992
927245,0.023174284
927246,0.1171871
927247,0.1278269
927248,0.1471804
927249,0.14831796
927250,0.10913612
927251,0.14884761
927252,0.111673586
927253,0.11895387
927254,0.1159991
927255,0.07866734
927256,0.028870083
927257,0.1384874
927258,0.12710461
927259,0.12099403
927260,0.13592917
927261,0.11266549
927262,0.15170561
927263,0.19897668
927264,0.18974248
927265,0.24334663
927266,0.1883066
927267,0.2376507
927268,0.12930536
927269,0.09482826
927270,0.123967834
927271,0.06616129
927272,0.45488968
927273,0.5529633
927274,0.6122306
927275,0.6285757
927276,0.69214386
927277,0.6887799
927278,0.68349856
927279,0.681192
927280,0.6652203
927281,0.693254
927282,0.7099978
927283,0.68431115
927284,0.6717691
927285,0.6892891
927286,0.68448937
927287,0.6143594
927288,0.6606845
927289,0.62392783
927290,0.6381638
927291,0.6582336
927292,0.53266567
927293,0.6223836
927294,0.42402917
927295,0.022588402
927296,0.2259195
927297,0.1835267
927298,0.14040703
927299,0.22103041
927300,0.19100632
927301,0.10145531
927302,0.17462628
927303,0.10199255
927304,0.13775556
927305,0.090233475
927306,0.44920674
927307,0.58039683
927308,0.5541035
927309,0.59555244
927310,0.5177914
927311,0.6049692
927312,0.56469387
927313,0.5272307
927314,0.53056246
927315,0.53978074
927316,0.5199618
927317,0.5170053
927318,0.4337841
927319,0.022353085
927320,0.1066644
927321,0.09254472
927322,0.099915184
927323,0.09213105
927324,0.08337923
927325,0.06312784
927326,0.08897607
927327,0.38661072
927328,0.3474906
927329,0.2904371
927330,0.020088555
927331,0.103204854
927332,0.1081203
927333,0.09744348
927334,0.09064192
927335,0.09399576
927336,0.069548935
927337,0.020715427
927338,0.17200713
927339,0.13949493
927340,0.13090523
927341,0.06899528
927342,0.14639889
927343,0.12605163
927344,0.12091878
927345,0.1582197
927346,0.16653247
927347,0.02975712
927348,0.11571236
927349,0.15361796
927350,0.1292688
927351,0.13892446
927352,0.116335586
927353,0.11500868
927354,0.09740153
927355,0.16954744
927356,0.31902942
927357,0.11814408
927358,0.36506352
927359,0.11480992
927360,0.36338753
927361,0.21005328
927362,0.12157248
927363,0.10824036
927364,0.06402919
927365,0.13069534
927366,0.040598296
927367,0.05139641
927368,0.04210662
927369,0.05102057
927370,0.017585753
927371,0.066728614
927372,0.24681953
927373,0.034579005
927374,0.03315228
927375,0.043848787
927376,0.052365094
927377,0.044218596
927378,0.059084617
927379,0.04906626
927380,0.031967413
927381,0.036620744
927382,0.16908886
927383,0.10683217
927384,0.014850731
927385,0.039203286
927386,0.03733986
927387,0.101457044
927388,0.05230999
927389,0.03558342
927390,0.051244304
927391,0.035124026
927392,0.032859378
927393,0.11384903
927394,0.046692368
927395,0.06631943
927396,0.021392833
927397,0.1244832
927398,0.13826303
927399,0.15151133
927400,0.17181565
927401,0.19511215
927402,0.12740053
927403,0.14384897
927404,0.1339176
927405,0.16599783
927406,0.13754532
927407,0.07947498
927408,0.01655143
927409,0.08191799
927410,0.08230533
927411,0.09821126
927412,0.0799017
927413,0.082601085
927414,0.069136955
927415,0.0714071
927416,0.06849787
927417,0.064598724
927418,0.030684998
927419,0.1146686
927420,0.10274948
927421,0.08821133
927422,0.23011895
927423,0.23306361
927424,0.20061356
927425,0.16700122
927426,0.19555987
927427,0.1799115
927428,0.108786
927429,0.03227771
927430,0.09884984
927431,0.084827974
927432,0.06469485
927433,0.06539059
927434,0.07314311
927435,0.1077531
927436,0.064347476
927437,0.06210324
927438,0.5018409
927439,0.507272
927440,0.5397982
927441,0.49628183
927442,0.5237467
927443,0.50726175
927444,0.45626196
927445,0.5395728
927446,0.4947391
927447,0.4847399
927448,0.28889498
927449,0.49649444
927450,0.3336513
927451,0.020514831
927452,0.12356249
927453,0.08535545
927454,0.07000409
927455,0.08304353
927456,0.18761413
927457,0.061230287
927458,0.061522547
927459,0.06976735
927460,0.05832202
927461,0.064405985
927462,0.056257434
927463,0.03909175
927464,0.013689375
927465,0.06966835
927466,0.063560605
927467,0.063368365
927468,0.05796301
927469,0.05605817
927470,0.04056731
927471,0.011080559
927472,0.05171913
927473,0.058913138
927474,0.051860273
927475,0.05604656
927476,0.053418864
927477,0.096780255
927478,0.24012075
927479,0.18493928
927480,0.022855923
927481,0.12151057
927482,0.07991402
927483,0.07966833
927484,0.08198397
927485,0.08056822
927486,0.1266175
927487,0.14134228
927488,0.07948801
927489,0.07860874
927490,0.10391335
927491,0.060144924
927492,0.22448078
927493,0.20640421
927494,0.2095031
927495,0.21016361
927496,0.22025622
927497,0.15400416
927498,0.067950174
927499,0.36067146
927500,0.36314276
927501,0.32584578
927502,0.39340696
927503,0.39443585
927504,0.4259371
927505,0.34691444
927506,0.47084704
927507,0.5149597
927508,0.24342532
927509,0.45690396
927510,0.27469724
927511,0.40068942
927512,0.23193361
927513,0.42406586
927514,0.50981665
927515,0.6888014
927516,0.72160786
927517,0.67147565
927518,0.7222546
927519,0.64552736
927520,0.32091448
927521,0.19192347
927522,0.03477449
927523,0.26584858
927524,0.112434566
927525,0.15971266
927526,0.116042756
927527,0.14362435
927528,0.12366883
927529,0.22864449
927530,0.12568279
927531,0.11009648
927532,0.10916582
927533,0.29787147
927534,0.4208681
927535,0.34164932
927536,0.19859841
927537,0.07630992
927538,0.17629868
927539,0.17113799
927540,0.019583946
927541,0.26292244
927542,0.20580386
927543,0.184916
927544,0.13484794
927545,0.19994822
927546,0.14450808
927547,0.24945094
927548,0.014785818
927549,0.05552953
927550,0.06688691
927551,0.029156784
927552,0.05820669
927553,0.061422583
927554,0.07118331
927555,0.14723647
927556,0.03117573
927557,0.01255995
927558,0.027811928
927559,0.06735451
927560,0.08555991
927561,0.08760833
927562,0.060239404
927563,0.053582385
927564,0.055748608
927565,0.028210757
927566,0.014976342
927567,0.058389828
927568,0.048484165
927569,0.05382312
927570,0.04979445
927571,0.053986628
927572,0.052107956
927573,0.030283937
927574,0.05528247
927575,0.07153626
927576,0.07048932
927577,0.04650817
927578,0.05205195
927579,0.057079483
927580,0.10039116
927581,0.10150202
927582,0.075754486
927583,0.049097706
927584,0.04461944
927585,0.18415146
927586,0.07268183
927587,0.29682985
927588,0.12403729
927589,0.12403729
927590,0.2221629
927591,0.15046787
927592,0.21508117
927593,0.1446731
927594,0.05396705
927595,0.10982308
927596,0.014035152
927597,0.09064874
927598,0.100761734
927599,0.09916208
927600,0.07699927
927601,0.020267468
927602,0.05792666
927603,0.091685556
927604,0.029781548
927605,0.030468773
927606,0.028787907
927607,0.06729506
927608,0.05499546
927609,0.4587485
927610,0.23721659
927611,0.12537742
927612,0.10761686
927613,0.08619531
927614,0.021666817
927615,0.10567279
927616,0.117261894
927617,0.10506585
927618,0.11613669
927619,0.10674421
927620,0.1255771
927621,0.10148407
927622,0.10133083
927623,0.065815285
927624,0.18217497
927625,0.50328463
927626,0.5741185
927627,0.6377992
927628,0.7003147
927629,0.75080645
927630,0.7301153
927631,0.7407085
927632,0.77131027
927633,0.75002015
927634,0.7109431
927635,0.7435318
927636,0.723985
927637,0.7512344
927638,0.76269406
927639,0.7427236
927640,0.74696296
927641,0.6718273
927642,0.7019923
927643,0.7046658
927644,0.68834656
927645,0.41507602
927646,0.024256662
927647,0.0885312
927648,0.09791526
927649,0.07462906
927650,0.06883998
927651,0.076064624
927652,0.11615066
927653,0.023931006
927654,0.06290782
927655,0.075242154
927656,0.078185566
927657,0.07354856
927658,0.08628858
927659,0.044712275
927660,0.051125295
927661,0.20279542
927662,0.031755637
927663,0.12659255
927664,0.13547063
927665,0.09959332
927666,0.0922168
927667,0.090684414
927668,0.09319595
927669,0.09003189
927670,0.09845237
927671,0.07094777
927672,0.04618335
927673,0.20353119
927674,0.19784603
927675,0.019536462
927676,0.078727454
927677,0.062418774
927678,0.04067547
927679,0.029033577
927680,0.026917905
927681,0.056893125
927682,0.050703876
927683,0.04194525
927684,0.048678055
927685,0.01436827
927686,0.028577749
927687,0.047320567
927688,0.05143478
927689,0.05307081
927690,0.13428384
927691,0.04117308
927692,0.074522026
927693,0.044429764
927694,0.07760383
927695,0.24216194
927696,0.27836627
927697,0.3835791
927698,0.27048704
927699,0.38723928
927700,0.35634372
927701,0.31626943
927702,0.21418722
927703,0.06842406
927704,0.0463514
927705,0.08447652
927706,0.040535685
927707,0.11144808
927708,0.15273196
927709,0.15481079
927710,0.095580846
927711,0.15994708
927712,0.19999368
927713,0.19133307
927714,0.117769256
927715,0.027896572
927716,0.4486283
927717,0.51538825
927718,0.48956043
927719,0.40992522
927720,0.41757122
927721,0.4515279
927722,0.41019255
927723,0.43203387
927724,0.4669572
927725,0.3200159
927726,0.0680132
927727,0.020788696
927728,0.0600777
927729,0.052193243
927730,0.11309525
927731,0.080225915
927732,0.09832984
927733,0.08108913
927734,0.06173902
927735,0.12821977
927736,0.16461734
927737,0.08128371
927738,0.06922913
927739,0.06022163
927740,0.05872395
927741,0.061360005
927742,0.16410133
927743,0.59237885
927744,0.7014777
927745,0.78017086
927746,0.7304592
927747,0.70684195
927748,0.7780561
927749,0.8672377
927750,0.8902868
927751,0.8950868
927752,0.8741522
927753,0.86426973
927754,0.87492275
927755,0.8684688
927756,0.88483495
927757,0.8929044
927758,0.90138733
927759,0.90760773
927760,0.8865338
927761,0.879243
927762,0.9052138
927763,0.89182323
927764,0.8877504
927765,0.91892266
927766,0.87873775
927767,0.8931098
927768,0.8846837
927769,0.88439614
927770,0.88025165
927771,0.86657274
927772,0.84024453
927773,0.86264795
927774,0.8554051
927775,0.8411952
927776,0.8408569
927777,0.7580429
927778,0.7938422
927779,0.75465566
927780,0.7628539
927781,0.73535013
927782,0.71197367
927783,0.5919323
927784,0.07583719
927785,0.022800898
927786,0.08074949
927787,0.06806529
927788,0.05761346
927789,0.0591722
927790,0.04478387
927791,0.038219023
927792,0.063767046
927793,0.12354834
927794,0.07680001
927795,0.083540805
927796,0.07320664
927797,0.02928296
927798,0.09720434
927799,0.018342555
927800,0.08047327
927801,0.08394704
927802,0.07432035
927803,0.080301456
927804,0.05911454
927805,0.4202788
927806,0.29960695
927807,0.21599402
927808,0.35982874
927809,0.4080367
927810,0.18790236
927811,0.32706562
927812,0.35467008
927813,0.28571343
927814,0.31406465
927815,0.30175883
927816,0.27304986
927817,0.2892032
927818,0.30613983
927819,0.2051679
927820,0.28666797
927821,0.20883326
927822,0.29514247
927823,0.2706859
927824,0.2500135
927825,0.16660662
927826,0.023810012
927827,0.08894572
927828,0.081999436
927829,0.078969724
927830,0.09057171
927831,0.081914835
927832,0.089896955
927833,0.0886541
927834,0.07299382
927835,0.31280518
927836,0.42403534
927837,0.4800216
927838,0.47898805
927839,0.5512084
927840,0.63575315
927841,0.6001921
927842,0.6476376
927843,0.6741457
927844,0.4480824
927845,0.6820278
927846,0.6736007
927847,0.78188896
927848,0.7194922
927849,0.63546014
927850,0.6209718
927851,0.6105554
927852,0.6056177
927853,0.5763857
927854,0.5681771
927855,0.5915881
927856,0.5629911
927857,0.56157416
927858,0.53347963
927859,0.6367149
927860,0.2319107
927861,0.02258498
927862,0.12093965
927863,0.05307627
927864,0.16418646
927865,0.110965274
927866,0.22443251
927867,0.28007644
927868,0.12833741
927869,0.2296558
927870,0.23761618
927871,0.16288467
927872,0.04705002
927873,0.12995623
927874,0.09565998
927875,0.01884163
927876,0.087108254
927877,0.08645844
927878,0.093145974
927879,0.081973486
927880,0.0762506
927881,0.07718709
927882,0.02898677
927883,0.113489605
927884,0.051888987
927885,0.055185016
927886,0.052998595
927887,0.05225024
927888,0.06519678
927889,0.038405653
927890,0.062492996
927891,0.019147115
927892,0.07136477
927893,0.04046455
927894,0.07242276
927895,0.060361356
927896,0.041363064
927897,0.042957235
927898,0.06919837
927899,0.060377736
927900,0.0126990955
927901,0.053505965
927902,0.05357508
927903,0.050799735
927904,0.05296236
927905,0.054595634
927906,0.060889754
927907,0.08146337
927908,0.03921411
927909,0.11885539
927910,0.13950373
927911,0.053520106
927912,0.22617641
927913,0.13373013
927914,0.17162347
927915,0.18211468
927916,0.1854362
927917,0.29777235
927918,0.12729752
927919,0.13628562
927920,0.014057697
927921,0.0878401
927922,0.113239594
927923,0.08220676
927924,0.08359571
927925,0.07196409
927926,0.03613835
927927,0.23647542
927928,0.13447207
927929,0.3796076
927930,0.3774488
927931,0.43434727
927932,0.37522572
927933,0.3519583
927934,0.26195735
927935,0.47093907
927936,0.27763224
927937,0.3199914
927938,0.2623274
927939,0.36633044
927940,0.10277896
927941,0.06105304
927942,0.060315248
927943,0.12812017
927944,0.076568134
927945,0.072083436
927946,0.056182757
927947,0.07483527
927948,0.046220716
927949,0.22237553
927950,0.1090476
927951,0.086751334
927952,0.079494864
927953,0.08109198
927954,0.08465216
927955,0.08162934
927956,0.085361384
927957,0.09364546
927958,0.05162687
927959,0.14627543
927960,0.02934546
927961,0.17603312
927962,0.30034637
927963,0.20551986
927964,0.2587218
927965,0.27116078
927966,0.28969282
927967,0.1972539
927968,0.18712354
927969,0.17254178
927970,0.17984335
927971,0.18030879
927972,0.050386902
927973,0.23837581
927974,0.3901326
927975,0.3906515
927976,0.3449264
927977,0.5832712
927978,0.4385836
927979,0.58393866
927980,0.4813478
927981,0.5874814
927982,0.4959069
927983,0.60058445
927984,0.5698088
927985,0.46454573
927986,0.46799102
927987,0.4546939
927988,0.34689495
927989,0.11951853
927990,0.10018935
927991,0.09880791
927992,0.068387784
927993,0.06454446
927994,0.13369434
927995,0.025803683
927996,0.06256281
927997,0.0771724
927998,0.05811665
927999,0.058221605
928000,0.053780723
928001,0.041909475
928002,0.015122552
928003,0.03530789
928004,0.03939398
928005,0.055722643
928006,0.06714147
928007,0.02880401
928008,0.041116104
928009,0.023250435
928010,0.0818022
928011,0.063374326
928012,0.062248915
928013,0.107984185
928014,0.070038274
928015,0.07747668
928016,0.05069389
928017,0.021532547
928018,0.0798756
928019,0.101736836
928020,0.0755119
928021,0.07613573
928022,0.049507566
928023,0.0145938685
928024,0.028917067
928025,0.088981636
928026,0.06885612
928027,0.08003942
928028,0.08263042
928029,0.067790836
928030,0.07745821
928031,0.017738527
928032,0.14490566
928033,0.06616055
928034,0.10941048
928035,0.11989387
928036,0.089255944
928037,0.11805462
928038,0.13546354
928039,0.076907046
928040,0.034843553
928041,0.104842044
928042,0.09888137
928043,0.09726882
928044,0.016316248
928045,0.04937602
928046,0.049723793
928047,0.05878902
928048,0.048967484
928049,0.04752214
928050,0.038413644
928051,0.21669488
928052,0.08274858
928053,0.07496633
928054,0.07406452
928055,0.080331646
928056,0.0776232
928057,0.076458834
928058,0.07153378
928059,0.08659159
928060,0.03867644
928061,0.03007922
928062,0.031725604
928063,0.010207373
928064,0.04768706
928065,0.045276884
928066,0.054484904
928067,0.04878411
928068,0.039655305
928069,0.03810372
928070,0.019147348
928071,0.16010025
928072,0.1538151
928073,0.18044548
928074,0.15822527
928075,0.15814517
928076,0.14154266
928077,0.1917707
928078,0.20107663
928079,0.16068886
928080,0.11121022
928081,0.024808932
928082,0.07834128
928083,0.09547645
928084,0.0891605
928085,0.1357098
928086,0.097377844
928087,0.14240848
928088,0.15916422
928089,0.14219765
928090,0.12005291
928091,0.009129786
928092,0.025166772
928093,0.027086608
928094,0.027078584
928095,0.028694319
928096,0.027094642
928097,0.038777668
928098,0.020800551
928099,0.039173804
928100,0.038846437
928101,0.045338523
928102,0.043397628
928103,0.041627396
928104,0.085570805
928105,0.01391368
928106,0.06301295
928107,0.073535025
928108,0.06941699
928109,0.056828853
928110,0.06292099
928111,0.058993064
928112,0.046137236
928113,0.02289944
928114,0.090940386
928115,0.07721274
928116,0.09117957
928117,0.07297551
928118,0.0963932
928119,0.00909025
928120,0.04355338
928121,0.031004202
928122,0.029849982
928123,0.042077724
928124,0.061170742
928125,0.016903015
928126,0.0783808
928127,0.054416943
928128,0.05510649
928129,0.055849247
928130,0.05309787
928131,0.042803474
928132,0.045188777
928133,0.03569653
928134,0.4229984
928135,0.47119048
928136,0.539197
928137,0.5180468
928138,0.12903345
928139,0.46170726
928140,0.2670502
928141,0.25769636
928142,0.4819944
928143,0.1596594
928144,0.43949336
928145,0.42187744
928146,0.37744147
928147,0.25364223
928148,0.03273449
928149,0.14924198
928150,0.029914122
928151,0.060678728
928152,0.16923712
928153,0.06611066
928154,0.06343634
928155,0.0713223
928156,0.048562013
928157,0.21576089
928158,0.25103807
928159,0.36050415
928160,0.40255883
928161,0.35817927
928162,0.24028933
928163,0.2456659
928164,0.36974645
928165,0.3055579
928166,0.34222248
928167,0.3391393
928168,0.2296958
928169,0.44074324
928170,0.31759652
928171,0.026230985
928172,0.065318175
928173,0.07549656
928174,0.06992556
928175,0.08467539
928176,0.1361319
928177,0.096034475
928178,0.08065011
928179,0.04864119
928180,0.17397493
928181,0.13777494
928182,0.19433193
928183,0.30019236
928184,0.15699343
928185,0.13885753
928186,0.25426507
928187,0.22617939
928188,0.19451928
928189,0.15427113
928190,0.21414986
928191,0.023609878
928192,0.07054923
928193,0.069132306
928194,0.06517045
928195,0.0668784
928196,0.067485034
928197,0.06968812
928198,0.0821094
928199,0.056426443
928200,0.03417824
928201,0.078658685
928202,0.12089613
928203,0.07743497
928204,0.06504983
928205,0.07102734
928206,0.072521545
928207,0.07338693
928208,0.0919755
928209,0.08478655
928210,0.05558704
928211,0.22686428
928212,0.14822526
928213,0.23601842
928214,0.10509756
928215,0.084925994
928216,0.11945978
928217,0.08834685
928218,0.09196885
928219,0.09865491
928220,0.10127668
928221,0.08866167
928222,0.021842122
928223,0.06752499
928224,0.062079184
928225,0.054806262
928226,0.044574168
928227,0.061429556
928228,0.043275055
928229,0.041936167
928230,0.39198273
928231,0.4073013
928232,0.3261277
928233,0.42683825
928234,0.25710365
928235,0.23521084
928236,0.23521084
928237,0.29088014
928238,0.20836115
928239,0.23560649
928240,0.2045865
928241,0.16418542
928242,0.017064743
928243,0.09707696
928244,0.12422532
928245,0.10614024
928246,0.14400655
928247,0.12989071
928248,0.122331746
928249,0.122331746
928250,0.12325226
928251,0.07305364
928252,0.13114923
928253,0.044881836
928254,0.04185204
928255,0.09261174
928256,0.058333777
928257,0.39590067
928258,0.4632381
928259,0.43253037
928260,0.44316158
928261,0.40732723
928262,0.43687093
928263,0.44068906
928264,0.46437296
928265,0.50018513
928266,0.5538803
928267,0.5512174
928268,0.6653518
928269,0.5682768
928270,0.57667744
928271,0.5447609
928272,0.40856448
928273,0.34972817
928274,0.023887346
928275,0.1193554
928276,0.106203616
928277,0.009152647
928278,0.03941446
928279,0.03471844
928280,0.04573353
928281,0.03451137
928282,0.032335922
928283,0.04551204
928284,0.025538802
928285,0.034211766
928286,0.1572849
928287,0.16945194
928288,0.20563628
928289,0.16213135
928290,0.16499619
928291,0.15516238
928292,0.17985973
928293,0.17994867
928294,0.12069895
928295,0.008984044
928296,0.04728233
928297,0.039069805
928298,0.055398744
928299,0.042926107
928300,0.024381422
928301,0.03348558
928302,0.018930666
928303,0.11825982
928304,0.08737006
928305,0.10088889
928306,0.05808771
928307,0.1724491
928308,0.16396903
928309,0.11551743
928310,0.1389949
928311,0.012643907
928312,0.0270528
928313,0.043954782
928314,0.06914911
928315,0.074292295
928316,0.049906474
928317,0.0463922
928318,0.024846943
928319,0.01838473
928320,0.1797678
928321,0.017752191
928322,0.07217401
928323,0.057327166
928324,0.040415347
928325,0.026437152
928326,0.31237534
928327,0.26670882
928328,0.1628031
928329,0.20018561
928330,0.16369922
928331,0.17848566
928332,0.18480791
928333,0.1689251
928334,0.17831424
928335,0.17660877
928336,0.09246736
928337,0.16858158
928338,0.046428774
928339,0.18479559
928340,0.02639469
928341,0.17313267
928342,0.35901028
928343,0.41721043
928344,0.42610344
928345,0.43235943
928346,0.43687704
928347,0.43252984
928348,0.5465477
928349,0.5623915
928350,0.5684874
928351,0.54858947
928352,0.56364733
928353,0.53434193
928354,0.4055645
928355,0.30857304
928356,0.029657086
928357,0.30184066
928358,0.24230744
928359,0.016138421
928360,0.04411759
928361,0.0553049
928362,0.036163986
928363,0.056774728
928364,0.04511255
928365,0.052629985
928366,0.03503382
928367,0.3537819
928368,0.026385996
928369,0.11406303
928370,0.1022435
928371,0.08246605
928372,0.007226289
928373,0.03745107
928374,0.033876974
928375,0.03343718
928376,0.032108948
928377,0.010122649
928378,0.033043522
928379,0.03509154
928380,0.046890635
928381,0.15938325
928382,0.16575542
928383,0.16438828
928384,0.07394354
928385,0.07725184
928386,0.06548527
928387,0.059854984
928388,0.058322724
928389,0.5415683
928390,0.5838246
928391,0.61616987
928392,0.610557
928393,0.59980065
928394,0.59355617
928395,0.6778709
928396,0.59996605
928397,0.5884243
928398,0.64190936
928399,0.6012948
928400,0.5560786
928401,0.3410585
928402,0.09395682
928403,0.11252991
928404,0.053788334
928405,0.06370318
928406,0.06135531
928407,0.14672929
928408,0.047670867
928409,0.13822024
928410,0.085381225
928411,0.074821815
928412,0.068590775
928413,0.017104805
928414,0.056041937
928415,0.043611
928416,0.076625176
928417,0.075150736
928418,0.041090373
928419,0.07305465
928420,0.06844121
928421,0.017251756
928422,0.05959522
928423,0.05720799
928424,0.053611256
928425,0.04882297
928426,0.05580191
928427,0.04988284
928428,0.07243205
928429,0.37122372
928430,0.028571388
928431,0.07805507
928432,0.07933888
928433,0.04374787
928434,0.05634215
928435,0.063395284
928436,0.09136658
928437,0.048419267
928438,0.27915093
928439,0.12081596
928440,0.13101788
928441,0.12142761
928442,0.10167778
928443,0.11142892
928444,0.124735735
928445,0.11424827
928446,0.027115071
928447,0.10118039
928448,0.07963413
928449,0.025960516
928450,0.06337288
928451,0.059936006
928452,0.07833646
928453,0.048453607
928454,0.02948185
928455,0.17129332
928456,0.21283601
928457,0.1367646
928458,0.1371589
928459,0.15516178
928460,0.15700096
928461,0.13828631
928462,0.10342168
928463,0.034035206
928464,0.10506451
928465,0.09367011
928466,0.015091938
928467,0.0926649
928468,0.039691906
928469,0.051930234
928470,0.043558992
928471,0.051885318
928472,0.0643112
928473,0.030929796
928474,0.056367394
928475,0.013703565
928476,0.055427887
928477,0.06139943
928478,0.058736395
928479,0.060146987
928480,0.07244031
928481,0.06353518
928482,0.047429796
928483,0.20596042
928484,0.11858008
928485,0.12792566
928486,0.08444214
928487,0.057095036
928488,0.029440288
928489,0.13324574
928490,0.18471824
928491,0.09101312
928492,0.13915914
928493,0.16505492
928494,0.088509165
928495,0.3873621
928496,0.13854341
928497,0.24462114
928498,0.18862054
928499,0.10099762
928500,0.020222524
928501,0.060942505
928502,0.06775911
928503,0.07544774
928504,0.06061402
928505,0.06347261
928506,0.053096984
928507,0.057313267
928508,0.033237677
928509,0.23776665
928510,0.19763097
928511,0.14003012
928512,0.090002365
928513,0.08928216
928514,0.089981474
928515,0.09183953
928516,0.14557016
928517,0.17439416
928518,0.093656875
928519,0.0645329
928520,0.24533422
928521,0.13569845
928522,0.11604954
928523,0.074885435
928524,0.07569391
928525,0.026996447
928526,0.09937869
928527,0.07778005
928528,0.058094442
928529,0.070241526
928530,0.074475534
928531,0.03394147
928532,0.13487437
928533,0.12577981
928534,0.0820733
928535,0.11887617
928536,0.14721213
928537,0.026011357
928538,0.12406297
928539,0.09504897
928540,0.10749682
928541,0.10099515
928542,0.11352766
928543,0.1275331
928544,0.085041426
928545,0.092401154
928546,0.022209093
928547,0.07436009
928548,0.07379592
928549,0.071605526
928550,0.0783559
928551,0.036002565
928552,0.07205912
928553,0.3270043
928554,0.33529958
928555,0.41162387
928556,0.3894521
928557,0.42898247
928558,0.4338335
928559,0.3801345
928560,0.43472067
928561,0.39024696
928562,0.42721316
928563,0.38382465
928564,0.2963629
928565,0.23710714
928566,0.30838567
928567,0.32701156
928568,0.31155604
928569,0.22464588
928570,0.033353392
928571,0.08788953
928572,0.0932337
928573,0.025693664
928574,0.1041187
928575,0.09113926
928576,0.1177475
928577,0.06651855
928578,0.30520573
928579,0.14352942
928580,0.053275622
928581,0.080796555
928582,0.07516996
928583,0.05986298
928584,0.013215184
928585,0.08269603
928586,0.07190258
928587,0.06542815
928588,0.059546176
928589,0.049910028
928590,0.05816588
928591,0.1062323
928592,0.07755739
928593,0.011951043
928594,0.028511934
928595,0.058268
928596,0.0749666
928597,0.02536946
928598,0.047717698
928599,0.05590338
928600,0.043075915
928601,0.03422929
928602,0.013453098
928603,0.08636245
928604,0.029659728
928605,0.03606147
928606,0.03417784
928607,0.03604455
928608,0.051472496
928609,0.04134505
928610,0.032636695
928611,0.029342834
928612,0.009298673
928613,0.031266015
928614,0.030626364
928615,0.03189703
928616,0.031039335
928617,0.027180571
928618,0.020202443
928619,0.05439771
928620,0.17920816
928621,0.17784351
928622,0.17128056
928623,0.18448329
928624,0.1729393
928625,0.06731504
928626,0.2667705
928627,0.09783935
928628,0.22399904
928629,0.13869753
928630,0.08850436
928631,0.028573593
928632,0.01850646
928633,0.0436203
928634,0.03720008
928635,0.090957455
928636,0.23201443
928637,0.4405975
928638,0.4960872
928639,0.51759887
928640,0.37073243
928641,0.52682084
928642,0.5388225
928643,0.5307005
928644,0.37557825
928645,0.54652196
928646,0.5227505
928647,0.48865697
928648,0.33737776
928649,0.16969673
928650,0.13488868
928651,0.11940212
928652,0.12474608
928653,0.09206971
928654,0.03538922
928655,0.15663262
928656,0.024788557
928657,0.04288624
928658,0.051727433
928659,0.044894516
928660,0.1987363
928661,0.104484685
928662,0.09342134
928663,0.074721254
928664,0.06350858
928665,0.14014043
928666,0.07865183
928667,0.20686363
928668,0.08769216
928669,0.018223096
928670,0.05904567
928671,0.058803678
928672,0.08720562
928673,0.059645433
928674,0.067429595
928675,0.0658249
928676,0.060770392
928677,0.066623986
928678,0.0594873
928679,0.046391346
928680,0.056927674
928681,0.06131472
928682,0.043639477
928683,0.058869284
928684,0.06370231
928685,0.072278075
928686,0.022409646
928687,0.07467268
928688,0.06707069
928689,0.07373692
928690,0.0636017
928691,0.08884343
928692,0.065754965
928693,0.058494203
928694,0.010392133
928695,0.04247926
928696,0.03905103
928697,0.0434561
928698,0.037238404
928699,0.05098014
928700,0.03372914
928701,0.020865534
928702,0.06264896
928703,0.07767778
928704,0.093378
928705,0.084492296
928706,0.0862174
928707,0.06755746
928708,0.05936571
928709,0.021587957
928710,0.05139835
928711,0.047744676
928712,0.05097966
928713,0.021348396
928714,0.05944574
928715,0.08628792
928716,0.06778356
928717,0.06958665
928718,0.059127655
928719,0.054052856
928720,0.018810116
928721,0.081858374
928722,0.07426085
928723,0.07902349
928724,0.08095373
928725,0.07518411
928726,0.080363445
928727,0.06827642
928728,0.044301696
928729,0.27398232
928730,0.30169758
928731,0.31758967
928732,0.3478482
928733,0.24904144
928734,0.35494626
928735,0.34236124
928736,0.23178425
928737,0.3554832
928738,0.3502084
928739,0.35732657
928740,0.2786348
928741,0.0813123
928742,0.05000093
928743,0.05944129
928744,0.047017943
928745,0.044463966
928746,0.3689298
928747,0.38629344
928748,0.44235986
928749,0.40172416
928750,0.4774846
928751,0.40621334
928752,0.5402321
928753,0.3863662
928754,0.48467794
928755,0.45863813
928756,0.51187354
928757,0.42307588
928758,0.48543084
928759,0.2671253
928760,0.031790473
928761,0.21767633
928762,0.20456986
928763,0.17261611
928764,0.16619706
928765,0.19920272
928766,0.19228613
928767,0.19976324
928768,0.16168499
928769,0.020370489
928770,0.078486145
928771,0.06765636
928772,0.066055305
928773,0.06668527
928774,0.06365719
928775,0.06412101
928776,0.10383612
928777,0.04511145
928778,0.3595526
928779,0.36820224
928780,0.371658
928781,0.36548305
928782,0.36976314
928783,0.37942475
928784,0.3852503
928785,0.36109462
928786,0.35806072
928787,0.27243006
928788,0.02094495
928789,0.07059085
928790,0.07267519
928791,0.06349673
928792,0.07466442
928793,0.08051179
928794,0.064383276
928795,0.09047973
928796,0.047701497
928797,0.076075375
928798,0.043156803
928799,0.08863563
928800,0.10584636
928801,0.09332747
928802,0.14625886
928803,0.008373248
928804,0.016604332
928805,0.018746953
928806,0.018473696
928807,0.018011754
928808,0.021638704
928809,0.020026233
928810,0.029474763
928811,0.08940973
928812,0.08598063
928813,0.084714696
928814,0.08279977
928815,0.007429245
928816,0.028452551
928817,0.024483645
928818,0.018272012
928819,0.025004871
928820,0.031035615
928821,0.020368064
928822,0.005578756
928823,0.03189652
928824,0.010627769
928825,0.0163694
928826,0.02152068
928827,0.02972858
928828,0.026473546
928829,0.011163873
928830,0.020827997
928831,0.22588159
928832,0.00812467
928833,0.022815868
928834,0.015401129
928835,0.014991367
928836,0.018582141
928837,0.021600056
928838,0.021104425
928839,0.018710177
928840,0.1573617
928841,0.01098703
928842,0.014008808
928843,0.021557702
928844,0.020726852
928845,0.040046982
928846,0.028217431
928847,0.13997215
928848,0.1604298
928849,0.1596759
928850,0.1289959
928851,0.013141527
928852,0.09447097
928853,0.1295517
928854,0.07787553
928855,0.063316114
928856,0.095662415
928857,0.090836585
928858,0.4876245
928859,0.65424454
928860,0.6707522
928861,0.7363346
928862,0.7898751
928863,0.78746957
928864,0.82060385
928865,0.80926526
928866,0.8169407
928867,0.8188997
928868,0.8400103
928869,0.84096277
928870,0.82236576
928871,0.84817
928872,0.81782526
928873,0.8483767
928874,0.8409501
928875,0.7779296
928876,0.85153824
928877,0.8560613
928878,0.79794854
928879,0.82204497
928880,0.81257546
928881,0.83603
928882,0.82042855
928883,0.82762074
928884,0.78630346
928885,0.81112087
928886,0.82019174
928887,0.8060538
928888,0.8018071
928889,0.81836534
928890,0.7670215
928891,0.80759794
928892,0.7444853
928893,0.61179763
928894,0.018375792
928895,0.05291383
928896,0.12946084
928897,0.055516887
928898,0.058652565
928899,0.15959127
928900,0.053328007
928901,0.25997204
928902,0.26806197
928903,0.21646675
928904,0.2372747
928905,0.09723167
928906,0.6799183
928907,0.6267293
928908,0.71470267
928909,0.7853537
928910,0.7616825
928911,0.7660936
928912,0.84650165
928913,0.81236166
928914,0.81508946
928915,0.84288263
928916,0.8175658
928917,0.842197
928918,0.8581007
928919,0.859251
928920,0.8638201
928921,0.8667987
928922,0.8562257
928923,0.8532868
928924,0.8472444
928925,0.8360595
928926,0.8490267
928927,0.85302365
928928,0.83123606
928929,0.8357485
928930,0.79573005
928931,0.8194903
928932,0.83230823
928933,0.8233424
928934,0.85029763
928935,0.81660825
928936,0.7899227
928937,0.8099776
928938,0.76709574
928939,0.79449725
928940,0.6212915
928941,0.069149904
928942,0.044944864
928943,0.041466527
928944,0.0422063
928945,0.04924425
928946,0.04847372
928947,0.04005151
928948,0.020377113
928949,0.080667235
928950,0.12783442
928951,0.15231068
928952,0.112308435
928953,0.11150107
928954,0.13849655
928955,0.10349444
928956,0.10909324
928957,0.017659528
928958,0.05612385
928959,0.057459727
928960,0.052485738
928961,0.01756727
928962,0.09654311
928963,0.06433024
928964,0.06606044
928965,0.06957311
928966,0.07667256
928967,0.08271543
928968,0.025214452
928969,0.28005898
928970,0.17625712
928971,0.2289064
928972,0.19750637
928973,0.16061704
928974,0.17481789
928975,0.20403558
928976,0.22127542
928977,0.16334869
928978,0.085520975
928979,0.11098641
928980,0.011699283
928981,0.09263502
928982,0.09642841
928983,0.07666093
928984,0.06714993
928985,0.06331884
928986,0.051287714
928987,0.02429923
928988,0.052448522
928989,0.051585734
928990,0.037851293
928991,0.053409718
928992,0.014799076
928993,0.077746645
928994,0.07979687
928995,0.07597295
928996,0.06312893
928997,0.05500664
928998,0.07850148
928999,0.060290065
929000,0.023649244
929001,0.079903804
929002,0.08535485
929003,0.06858642
929004,0.07195751
929005,0.061731126
929006,0.0907103
929007,0.13507329
929008,0.23856181
929009,0.1322773
929010,0.50349283
929011,0.40694746
929012,0.45262796
929013,0.3262676
929014,0.2713752
929015,0.32089332
929016,0.13262978
929017,0.116862305
929018,0.118190214
929019,0.12974909
929020,0.03857383
929021,0.30279106
929022,0.30414313
929023,0.30491865
929024,0.30106235
929025,0.28607813
929026,0.32513836
929027,0.18703283
929028,0.02856767
929029,0.29385698
929030,0.06954102
929031,0.12107032
929032,0.15104423
929033,0.2863909
929034,0.20652086
929035,0.25920573
929036,0.15752354
929037,0.07768235
929038,0.18449345
929039,0.14800957
929040,0.16162929
929041,0.16576217
929042,0.29983225
929043,0.02660369
929044,0.14161353
929045,0.14387368
929046,0.10782562
929047,0.31276628
929048,0.102890775
929049,0.09738386
929050,0.07581273
929051,0.17207287
929052,0.10177534
929053,0.027816113
929054,0.068973884
929055,0.07507648
929056,0.0751463
929057,0.06591702
929058,0.06215283
929059,0.013347378
929060,0.05902505
929061,0.06104389
929062,0.049115743
929063,0.048781663
929064,0.048875187
929065,0.05113717
929066,0.09762194
929067,0.05076218
929068,0.013550327
929069,0.065050796
929070,0.06963432
929071,0.04830875
929072,0.055175435
929073,0.054797385
929074,0.06839409
929075,0.040743195
929076,0.27333617
929077,0.14097123
929078,0.043353193
929079,0.0710759
929080,0.04864933
929081,0.07518617
929082,0.053740785
929083,0.16586198
929084,0.19602536
929085,0.19171064
929086,0.20771293
929087,0.21637224
929088,0.25043797
929089,0.22661135
929090,0.2205
929091,0.21804625
929092,0.21632653
929093,0.21688507
929094,0.20309818
929095,0.201098
929096,0.14994362
929097,0.044017475
929098,0.054522667
929099,0.045062937
929100,0.043262053
929101,0.04431097
929102,0.072169766
929103,0.08309012
929104,0.03682983
929105,0.06525995
929106,0.030876659
929107,0.14033967
929108,0.15287828
929109,0.14022134
929110,0.15295865
929111,0.18710758
929112,0.14515682
929113,0.010399703
929114,0.078348994
929115,0.04678405
929116,0.040728446
929117,0.08951389
929118,0.07863632
929119,0.03671095
929120,0.039103
929121,0.053320423
929122,0.10397671
929123,0.02885197
929124,0.03656117
929125,0.09568183
929126,0.10377694
929127,0.1285383
929128,0.18533023
929129,0.16518174
929130,0.06478206
929131,0.06694575
929132,0.059528407
929133,0.118294746
929134,0.12572154
929135,0.027204776
929136,0.13061382
929137,0.12290786
929138,0.22605051
929139,0.20246916
929140,0.1171825
929141,0.11344238
929142,0.09284389
929143,0.07482959
929144,0.02217808
929145,0.096596465
929146,0.105689354
929147,0.09583645
929148,0.10305175
929149,0.095402315
929150,0.098949626
929151,0.08320547
929152,0.09684253
929153,0.016038753
929154,0.08746769
929155,0.08040929
929156,0.078152135
929157,0.07403269
929158,0.07203381
929159,0.07714925
929160,0.053582195
929161,0.31226122
929162,0.3526601
929163,0.40819922
929164,0.42813545
929165,0.29494756
929166,0.43266025
929167,0.29519066
929168,0.19620562
929169,0.44501796
929170,0.34224334
929171,0.4367021
929172,0.3659105
929173,0.23748353
929174,0.24936332
929175,0.18426807
929176,0.0213275
929177,0.17150344
929178,0.1985279
929179,0.15969378
929180,0.1152311
929181,0.18732974
929182,0.14079219
929183,0.16176035
929184,0.21376842
929185,0.19021049
929186,0.08804106
929187,0.01980427
929188,0.053614423
929189,0.10153021
929190,0.04773263
929191,0.13060227
929192,0.04749804
929193,0.09739124
929194,0.08921155
929195,0.14934526
929196,0.032738186
929197,0.11978026
929198,0.1429357
929199,0.08623358
929200,0.038930062
929201,0.07764038
929202,0.08018208
929203,0.046419792
929204,0.061056938
929205,0.100659885
929206,0.19286995
929207,0.047190398
929208,0.15656401
929209,0.12308968
929210,0.25660557
929211,0.23755401
929212,0.22405772
929213,0.34100756
929214,0.04860584
929215,0.25299254
929216,0.21200867
929217,0.30085248
929218,0.9511109
929219,0.22829668
929220,0.32124683
929221,0.3002774
929222,0.23166111
929223,0.21443337
929224,0.13357544
929225,0.08627137
929226,0.086545706
929227,0.017293368
929228,0.06800519
929229,0.06504108
929230,0.066388056
929231,0.07726399
929232,0.0645591
929233,0.07009047
929234,0.051389717
929235,0.016332366
929236,0.093364514
929237,0.065951236
929238,0.06431656
929239,0.071047485
929240,0.08806111
929241,0.065700926
929242,0.05026559
929243,0.23362088
929244,0.11233562
929245,0.10131159
929246,0.098855264
929247,0.11766433
929248,0.116692975
929249,0.12686674
929250,0.0949863
929251,0.040190883
929252,0.12789373
929253,0.70904976
929254,0.65075517
929255,0.379036
929256,0.60346
929257,0.41778228
929258,0.39239332
929259,0.16790846
929260,0.06558483
929261,0.04418871
929262,0.3770035
929263,0.3559237
929264,0.31746188
929265,0.4892527
929266,0.38719293
929267,0.19740686
929268,0.1557746
929269,0.17754212
929270,0.012086145
929271,0.03245751
929272,0.036398802
929273,0.024082158
929274,0.09375849
929275,0.028578054
929276,0.13246752
929277,0.14893977
929278,0.18385434
929279,0.14945026
929280,0.20507856
929281,0.19646841
929282,0.17643835
929283,0.041172497
929284,0.12940936
929285,0.021758256
929286,0.033909515
929287,0.022826118
929288,0.07655942
929289,0.07677266
929290,0.06380758
929291,0.07443586
929292,0.07662395
929293,0.07047007
929294,0.06449775
929295,0.029547697
929296,0.1017217
929297,0.08833857
929298,0.08619915
929299,0.0854948
929300,0.1252346
929301,0.18325411
929302,0.10114833
929303,0.09694909
929304,0.09084602
929305,0.077534266
929306,0.07504375
929307,0.079882406
929308,0.07424399
929309,0.08640147
929310,0.08909469
929311,0.1460287
929312,0.07602261
929313,0.13771679
929314,0.09812123
929315,0.35273382
929316,0.15110566
929317,0.10734051
929318,0.08014567
929319,0.14087906
929320,0.6402246
929321,0.71164346
929322,0.716204
929323,0.5241027
929324,0.7584711
929325,0.7712684
929326,0.72749335
929327,0.7626169
929328,0.7731782
929329,0.7761237
929330,0.76539946
929331,0.6846914
929332,0.628838
929333,0.017360292
929334,0.06876628
929335,0.07404969
929336,0.07679604
929337,0.07975534
929338,0.072681144
929339,0.06400935
929340,0.06732251
929341,0.04748326
929342,0.0668661
929343,0.22045937
929344,0.4498714
929345,0.36672565
929346,0.43814588
929347,0.36267138
929348,0.2721006
929349,0.023989776
929350,0.11471666
929351,0.19618282
929352,0.10075063
929353,0.13870703
929354,0.10212956
929355,0.09325281
929356,0.16637987
929357,0.08603763
929358,0.09146523
929359,0.13936153
929360,0.10137227
929361,0.058113962
929362,0.027302228
929363,0.11731533
929364,0.09078194
929365,0.08313952
929366,0.09209739
929367,0.079584636
929368,0.08090967
929369,0.08086179
929370,0.08656774
929371,0.08149943
929372,0.11588885
929373,0.022895249
929374,0.1430471
929375,0.09815083
929376,0.19069962
929377,0.089563996
929378,0.09513229
929379,0.09249377
929380,0.09113564
929381,0.11710511
929382,0.2800815
929383,0.089128114
929384,0.26121417
929385,0.088291444
929386,0.1374592
929387,0.045281615
929388,0.12840784
929389,0.11221291
929390,0.36783504
929391,0.1204832
929392,0.27444583
929393,0.2843082
929394,0.18712637
929395,0.19650328
929396,0.2853853
929397,0.19399036
929398,0.19885884
929399,0.27695084
929400,0.15941885
929401,0.15184492
929402,0.1187914
929403,0.25497112
929404,0.12022712
929405,0.022274125
929406,0.121952884
929407,0.0889868
929408,0.09198444
929409,0.19303235
929410,0.18086849
929411,0.11448326
929412,0.21289842
929413,0.11780354
929414,0.09265288
929415,0.09314513
929416,0.09555686
929417,0.12981723
929418,0.12802902
929419,0.04058461
929420,0.029750003
929421,0.04268069
929422,0.034600485
929423,0.010690651
929424,0.02818739
929425,0.031743445
929426,0.0222288
929427,0.022194492
929428,0.030922988
929429,0.021181362
929430,0.4306158
929431,0.27112338
929432,0.23407802
929433,0.023726102
929434,0.035733674
929435,0.034238357
929436,0.033426195
929437,0.041258678
929438,0.30365482
929439,0.16632055
929440,0.5944328
929441,0.6858839
929442,0.7967464
929443,0.82996887
929444,0.7948166
929445,0.81022173
929446,0.8550269
929447,0.85817814
929448,0.8055841
929449,0.83120185
929450,0.78452134
929451,0.8234866
929452,0.78119445
929453,0.8255034
929454,0.828099
929455,0.8574261
929456,0.84448117
929457,0.8076678
929458,0.80178577
929459,0.7907105
929460,0.78324777
929461,0.7780201
929462,0.79327726
929463,0.7647495
929464,0.7906722
929465,0.3735834
929466,0.011003769
929467,0.021767663
929468,0.025210602
929469,0.03268675
929470,0.02642444
929471,0.025602795
929472,0.03390946
929473,0.023482626
929474,0.034306664
929475,0.030184995
929476,0.48567152
929477,0.4382477
929478,0.50068146
929479,0.47922114
929480,0.42654195
929481,0.5196455
929482,0.4610957
929483,0.36414927
929484,0.5143863
929485,0.44873998
929486,0.40473402
929487,0.1845583
929488,0.12618041
929489,0.11069449
929490,0.0076917587
929491,0.024796246
929492,0.022967283
929493,0.01874539
929494,0.026017971
929495,0.019269692
929496,0.13439994
929497,0.4499436
929498,0.58730114
929499,0.49494624
929500,0.48577446
929501,0.541384
929502,0.5282692
929503,0.5878075
929504,0.5482383
929505,0.50080866
929506,0.4040394
929507,0.5038415
929508,0.44308707
929509,0.03889839
929510,0.10269579
929511,0.078638546
929512,0.06589941
929513,0.10118601
929514,0.046661742
929515,0.0119553795
929516,0.038011353
929517,0.022309715
929518,0.052318662
929519,0.018525358
929520,0.013078013
929521,0.022987755
929522,0.02024767
929523,0.043876164
929524,0.4159754
929525,0.46876553
929526,0.39788887
929527,0.4230419
929528,0.41607863
929529,0.41046214
929530,0.4127837
929531,0.5758897
929532,0.3874129
929533,0.02308694
929534,0.1058787
929535,0.083115
929536,0.0844884
929537,0.16016634
929538,0.09442477
929539,0.09412042
929540,0.12883638
929541,0.08485837
929542,0.05678836
929543,0.01020956
929544,0.021299213
929545,0.018099051
929546,0.027512787
929547,0.028709983
929548,0.026858484
929549,0.021032954
929550,0.020987041
929551,0.10080307
929552,0.018173018
929553,0.08778779
929554,0.08178741
929555,0.07557924
929556,0.093684904
929557,0.080837294
929558,0.12457368
929559,0.05957718
929560,0.01436544
929561,0.03280617
929562,0.08423617
929563,0.17564717
929564,0.07754925
929565,0.07486647
929566,0.23841318
929567,0.2540566
929568,0.18269831
929569,0.27253914
929570,0.22451782
929571,0.23876828
929572,0.2585476
929573,0.23317467
929574,0.14137791
929575,0.049024932
929576,0.03357847
929577,0.039162472
929578,0.03136602
929579,0.03321611
929580,0.02728626
929581,0.07445002
929582,0.21693996
929583,0.20583823
929584,0.28944135
929585,0.19346781
929586,0.34662563
929587,0.40350223
929588,0.47565496
929589,0.43121544
929590,0.28194866
929591,0.21171366
929592,0.44670743
929593,0.449651
929594,0.24556004
929595,0.17709433
929596,0.28318572
929597,0.4630324
929598,0.42315188
929599,0.34691826
929600,0.030996151
929601,0.15601735
929602,0.14504874
929603,0.014186537
929604,0.042137124
929605,0.048109435
929606,0.058253076
929607,0.041591577
929608,0.040795792
929609,0.038322564
929610,0.011473669
929611,0.40807235
929612,0.043530464
929613,0.038657553
929614,0.04017082
929615,0.032265358
929616,0.011833087
929617,0.04098184
929618,0.040319618
929619,0.04015662
929620,0.03880568
929621,0.038056355
929622,0.0724584
929623,0.025426617
929624,0.059009552
929625,0.046867233
929626,0.036368795
929627,0.26754633
929628,0.14455007
929629,0.14793693
929630,0.14002109
929631,0.13368082
929632,0.11405096
929633,0.029095484
929634,0.03925222
929635,0.28922898
929636,0.19406685
929637,0.03177751
929638,0.15621488
929639,0.14384045
929640,0.13432197
929641,0.14626984
929642,0.1593227
929643,0.1417611
929644,0.016599039
929645,0.037735164
929646,0.035233904
929647,0.049331296
929648,0.4543853
929649,0.46454877
929650,0.46741578
929651,0.44216958
929652,0.4732108
929653,0.5238584
929654,0.45559964
929655,0.5139437
929656,0.48237216
929657,0.30762854
929658,0.049480826
929659,0.5759891
929660,0.6131737
929661,0.6158802
929662,0.6439193
929663,0.6398061
929664,0.58102214
929665,0.61654127
929666,0.55972445
929667,0.58858216
929668,0.5964929
929669,0.58210045
929670,0.58004534
929671,0.61027825
929672,0.4502898
929673,0.26600915
929674,0.27358052
929675,0.06816955
929676,0.20816809
929677,0.05031442
929678,0.049947683
929679,0.056666724
929680,0.076007836
929681,0.18327543
929682,0.18458842
929683,0.098238
929684,0.05301396
929685,0.05055478
929686,0.013334969
929687,0.043902066
929688,0.048456743
929689,0.054925643
929690,0.057679668
929691,0.04726807
929692,0.075425655
929693,0.05897544
929694,0.06257702
929695,0.103884
929696,0.123446584
929697,0.0573059
929698,0.20481782
929699,0.12836982
929700,0.018867334
929701,0.043982144
929702,0.031283416
929703,0.0399413
929704,0.12389838
929705,0.08780828
929706,0.09143092
929707,0.0930055
929708,0.075816534
929709,0.26573405
929710,0.24175741
929711,0.2254151
929712,0.22123024
929713,0.20470409
929714,0.15817426
929715,0.021545187
929716,0.15698883
929717,0.095248535
929718,0.09711025
929719,0.109161966
929720,0.13454199
929721,0.1449081
929722,0.11271467
929723,0.16645712
929724,0.07128337
929725,0.0818482
929726,0.06969774
929727,0.07532991
929728,0.09126065
929729,0.58060557
929730,0.56964296
929731,0.76078564
929732,0.7723087
929733,0.78945893
929734,0.7343635
929735,0.7376502
929736,0.8086262
929737,0.80373526
929738,0.7993282
929739,0.7887207
929740,0.80141133
929741,0.7668406
929742,0.7595516
929743,0.7724667
929744,0.7205595
929745,0.81169105
929746,0.73882705
929747,0.7656022
929748,0.7707971
929749,0.73859906
929750,0.7589159
929751,0.75394297
929752,0.74747545
929753,0.7669043
929754,0.6368597
929755,0.4806207
929756,0.10360896
929757,0.019204678
929758,0.06604943
929759,0.075128846
929760,0.056995
929761,0.06290052
929762,0.08438972
929763,0.25144467
929764,0.08563777
929765,0.11105072
929766,0.04950034
929767,0.043052405
929768,0.05044451
929769,0.2845058
929770,0.293459
929771,0.49339947
929772,0.478759
929773,0.478759
929774,0.4747012
929775,0.37967947
929776,0.49606207
929777,0.49287638
929778,0.44627216
929779,0.29692498
929780,0.011708939
929781,0.07961391
929782,0.0723567
929783,0.06494853
929784,0.061938334
929785,0.061467092
929786,0.984144
929787,0.05191485
929788,0.039096013
929789,0.44797808
929790,0.43363076
929791,0.45211115
929792,0.35880065
929793,0.4871514
929794,0.46993214
929795,0.5035329
929796,0.48403907
929797,0.5162518
929798,0.48703426
929799,0.28731573
929800,0.121317565
929801,0.058042973
929802,0.019201782
929803,0.11306033
929804,0.09636924
929805,0.08125917
929806,0.07458878
929807,0.10677547
929808,0.99399805
929809,0.074162915
929810,0.1881124
929811,0.19325016
929812,0.12132109
929813,0.14257796
929814,0.07627104
929815,0.03350362
929816,0.2142804
929817,0.34992495
929818,0.35839447
929819,0.21228835
929820,0.25266227
929821,0.25964415
929822,0.23928493
929823,0.1855269
929824,0.01328381
929825,0.05103902
929826,0.10527053
929827,0.24557655
929828,0.041680224
929829,0.15139562
929830,0.2072009
929831,0.054376546
929832,0.06104536
929833,0.042019784
929834,0.030589478
929835,0.027949851
929836,0.028919846
929837,0.26801574
929838,0.21600659
929839,0.22701302
929840,0.2345814
929841,0.010047658
929842,0.07997183
929843,0.04335054
929844,0.08065358
929845,0.043674048
929846,0.06345597
929847,0.09971136
929848,0.022458104
929849,0.13138102
929850,0.18108714
929851,0.12012199
929852,0.20453757
929853,0.20494992
929854,0.12910457
929855,0.12178334
929856,0.12520804
929857,0.097898915
929858,0.0109973
929859,0.029320447
929860,0.036948547
929861,0.03225609
929862,0.022775665
929863,0.029417772
929864,0.029455706
929865,0.43940377
929866,0.41599324
929867,0.34982055
929868,0.34496546
929869,0.35210767
929870,0.046440206
929871,0.11262583
929872,0.06526191
929873,0.16421649
929874,0.13346542
929875,0.28678408
929876,0.13505402
929877,0.15128231
929878,0.10568851
929879,0.025610572
929880,0.14079228
929881,0.14476743
929882,0.12874983
929883,0.1492336
929884,0.123867184
929885,0.15648979
929886,0.13927467
929887,0.13779058
929888,0.01970708
929889,0.04804289
929890,0.027200138
929891,0.04123589
929892,0.046510857
929893,0.5226097
929894,0.5624059
929895,0.57440704
929896,0.5797149
929897,0.60255384
929898,0.5324899
929899,0.5775544
929900,0.5776187
929901,0.61036664
929902,0.5932288
929903,0.5675164
929904,0.57032144
929905,0.5643466
929906,0.4430167
929907,0.030519104
929908,0.0539985
929909,0.3570707
929910,0.06997831
929911,0.03558698
929912,0.03838359
929913,0.042765003
929914,0.26232272
929915,0.15610957
929916,0.008958307
929917,0.03842127
929918,0.046837848
929919,0.0392877
929920,0.04406417
929921,0.03405304
929922,0.054294836
929923,0.14201681
929924,0.11167819
929925,0.15355462
929926,0.15875037
929927,0.10473869
929928,0.030123763
929929,0.1409786
929930,0.14380413
929931,0.106115706
929932,0.15165445
929933,0.09460534
929934,0.016164372
929935,0.027174158
929936,0.026893385
929937,0.027350852
929938,0.031427205
929939,0.02809618
929940,0.07001836
929941,0.16757491
929942,0.01048773
929943,0.032821573
929944,0.14703797
929945,0.0927648
929946,0.098405525
929947,0.041058443
929948,0.09236571
929949,0.05370775
929950,0.04053183
929951,0.017955763
929952,0.05084037
929953,0.07045296
929954,0.06765754
929955,0.06355743
929956,0.08212487
929957,0.08956333
929958,0.03782579
929959,0.008876417
929960,0.046917688
929961,0.032118253
929962,0.03316557
929963,0.03123338
929964,0.028235978
929965,0.013307718
929966,0.06634173
929967,0.059956055
929968,0.07188153
929969,0.08707645
929970,0.077242866
929971,0.054425165
929972,0.010931675
929973,0.03386045
929974,0.0376386
929975,0.05594692
929976,0.035785522
929977,0.03386464
929978,0.032509785
929979,0.014825553
929980,0.07230724
929981,0.068572186
929982,0.0633955
929983,0.063117735
929984,0.06396111
929985,0.06000009
929986,0.056633674
929987,0.010563893
929988,0.0294226
929989,0.03220796
929990,0.032576337
929991,0.04454111
929992,0.027380094
929993,0.012622923
929994,0.051322587
929995,0.07217724
929996,0.07364341
929997,0.06288084
929998,0.050159164
929999,0.009215111
930000,0.031356525
930001,0.029589813
930002,0.03457719
930003,0.036469053
930004,0.031339098
930005,0.015329399
930006,0.03617031
930007,0.029192545
930008,0.076600924
930009,0.046497706
930010,0.062483553
930011,0.050218243
930012,0.28018326
930013,0.15119267
930014,0.14488447
930015,0.14003798
930016,0.07595443
930017,0.011262818
930018,0.044200383
930019,0.041920852
930020,0.053630777
930021,0.03706649
930022,0.040460058
930023,0.037369438
930024,0.040347163
930025,0.014534623
930026,0.069361836
930027,0.06837056
930028,0.038239457
930029,0.0609279
930030,0.06758564
930031,0.08496625
930032,0.062299434
930033,0.25107306
930034,0.013197411
930035,0.042610526
930036,0.049744397
930037,0.048344713
930038,0.04202727
930039,0.048681773
930040,0.10045481
930041,0.09617236
930042,0.059939068
930043,0.02294385
930044,0.14173701
930045,0.10981871
930046,0.10967313
930047,0.07478736
930048,0.14853345
930049,0.14092448
930050,0.14826013
930051,0.20377338
930052,0.1446778
930053,0.20443864
930054,0.011156732
930055,0.041768793
930056,0.048006054
930057,0.037326954
930058,0.09006538
930059,0.04638463
930060,0.010727792
930061,0.039352056
930062,0.077732645
930063,0.068374656
930064,0.012171024
930065,0.03473111
930066,0.05869819
930067,0.031720024
930068,0.04512538
930069,0.04603935
930070,0.040748145
930071,0.04077569
930072,0.0405811
930073,0.24413769
930074,0.23226137
930075,0.22288048
930076,0.24077287
930077,0.3402411
930078,0.41131064
930079,0.735963
930080,0.41068962
930081,0.4238253
930082,0.23853326
930083,0.6887941
930084,0.6762418
930085,0.63968354
930086,0.482311
930087,0.6774707
930088,0.45497268
930089,0.52657294
930090,0.48934954
930091,0.6394768
930092,0.31237447
930093,0.24998319
930094,0.18389599
930095,0.12852755
930096,0.65772635
930097,0.6356201
930098,0.28789595
930099,0.65454245
930100,0.6732369
930101,0.7748113
930102,0.7899961
930103,0.7897406
930104,0.77350116
930105,0.82263845
930106,0.8320336
930107,0.8302054
930108,0.86278445
930109,0.8743629
930110,0.8840537
930111,0.85677546
930112,0.8639712
930113,0.8588575
930114,0.8639234
930115,0.8751859
930116,0.8632549
930117,0.8720362
930118,0.860973
930119,0.8276092
930120,0.81860536
930121,0.8300089
930122,0.8249904
930123,0.8516417
930124,0.8685616
930125,0.86350954
930126,0.84393996
930127,0.84435844
930128,0.86487037
930129,0.86953855
930130,0.83614475
930131,0.78048575
930132,0.8009523
930133,0.7540936
930134,0.750655
930135,0.80530834
930136,0.81160915
930137,0.80809265
930138,0.69646007
930139,0.8329912
930140,0.72554773
930141,0.35224745
930142,0.110924184
930143,0.12384833
930144,0.11124504
930145,0.032794815
930146,0.22605197
930147,0.2540346
930148,0.18997802
930149,0.2521856
930150,0.23371461
930151,0.21436647
930152,0.183264
930153,0.6253316
930154,0.58920366
930155,0.65406364
930156,0.71567947
930157,0.7116083
930158,0.71341383
930159,0.6690763
930160,0.7333898
930161,0.73005474
930162,0.7501785
930163,0.6554947
930164,0.66583896
930165,0.6829985
930166,0.74117243
930167,0.7208309
930168,0.6171854
930169,0.63949823
930170,0.67011106
930171,0.6176163
930172,0.5945994
930173,0.57303095
930174,0.27759293
930175,0.01852368
930176,0.12566026
930177,0.12022919
930178,0.09266254
930179,0.10504983
930180,0.08798833
930181,0.11015657
930182,0.086033426
930183,0.099027395
930184,0.08101249
930185,0.05956807
930186,0.19828111
930187,0.012341575
930188,0.059304707
930189,0.03594458
930190,0.046589132
930191,0.048966072
930192,0.050685376
930193,0.05111706
930194,0.03609354
930195,0.33486956
930196,0.32859838
930197,0.17721342
930198,0.20284598
930199,0.27062172
930200,0.20301808
930201,0.12155585
930202,0.10400362
930203,0.04283097
930204,0.07992989
930205,0.084995545
930206,0.07847187
930207,0.09463435
930208,0.08418535
930209,0.08081316
930210,0.09095197
930211,0.27271795
930212,0.1322482
930213,0.083462566
930214,0.017544996
930215,0.046526603
930216,0.055037074
930217,0.053893104
930218,0.056292213
930219,0.055034842
930220,0.07069906
930221,0.085868225
930222,0.5682711
930223,0.57619613
930224,0.6453659
930225,0.7231634
930226,0.5604084
930227,0.6038261
930228,0.71466196
930229,0.7146636
930230,0.7105856
930231,0.6738212
930232,0.6988267
930233,0.65954876
930234,0.58963925
930235,0.556785
930236,0.59128994
930237,0.66280544
930238,0.6746711
930239,0.7353225
930240,0.71017075
930241,0.43512496
930242,0.01519848
930243,0.10572702
930244,0.08712233
930245,0.08485225
930246,0.10227968
930247,0.10555816
930248,0.08601913
930249,0.08386619
930250,0.0725382
930251,0.019080177
930252,0.11019051
930253,0.10509531
930254,0.22298546
930255,0.10485225
930256,0.07870888
930257,0.07879946
930258,0.10229597
930259,0.07524297
930260,0.06869033
930261,0.28851762
930262,0.23018293
930263,0.05232404
930264,0.21552154
930265,0.3072136
930266,0.28020394
930267,0.30847332
930268,0.23075925
930269,0.22950684
930270,0.2824321
930271,0.25015187
930272,0.016240517
930273,0.0933512
930274,0.09193363
930275,0.07638791
930276,0.092285536
930277,0.08368245
930278,0.08580221
930279,0.05657806
930280,0.023402452
930281,0.08829347
930282,0.08297228
930283,0.0482379
930284,0.10553508
930285,0.07547311
930286,0.013780277
930287,0.081499584
930288,0.08704507
930289,0.07796605
930290,0.09295555
930291,0.10139169
930292,0.096883096
930293,0.20127277
930294,0.09853188
930295,0.09323205
930296,0.09567199
930297,0.09215435
930298,0.11191338
930299,0.10396146
930300,0.10396146
930301,0.08862375
930302,0.12894791
930303,0.08508158
930304,0.02177329
930305,0.11430186
930306,0.09068377
930307,0.089230075
930308,0.04493815
930309,0.12527014
930310,0.027025603
930311,0.112323254
930312,0.23488511
930313,0.1923797
930314,0.08882567
930315,0.25722674
930316,0.15412118
930317,0.12480278
930318,0.10709841
930319,0.13192894
930320,0.092941724
930321,0.09791659
930322,0.104355276
930323,0.027254825
930324,0.099342726
930325,0.09111856
930326,0.083423816
930327,0.0900309
930328,0.1440723
930329,0.26653373
930330,0.32995874
930331,0.19014929
930332,0.037334085
930333,0.2030064
930334,0.32197672
930335,0.22336508
930336,0.23665288
930337,0.2350455
930338,0.26006263
930339,0.27144504
930340,0.2521391
930341,0.45108783
930342,0.32916033
930343,0.21331014
930344,0.14658265
930345,0.15463188
930346,0.15961818
930347,0.15769821
930348,0.16380507
930349,0.048052296
930350,0.15514997
930351,0.14829837
930352,0.1096397
930353,0.1477909
930354,0.110723965
930355,0.09030579
930356,0.07894683
930357,0.27326113
930358,0.13003893
930359,0.12274399
930360,0.0312173
930361,0.13155055
930362,0.100841
930363,0.08626253
930364,0.08614658
930365,0.135538
930366,0.16183086
930367,0.097226985
930368,0.11733851
930369,0.24318911
930370,0.15759535
930371,0.15519589
930372,0.020367097
930373,0.12051477
930374,0.1280739
930375,0.12827654
930376,0.10364328
930377,0.10531093
930378,0.08828879
930379,0.11193639
930380,0.08753122
930381,0.057634473
930382,0.5759424
930383,0.7970715
930384,0.8288676
930385,0.91131985
930386,0.87519723
930387,0.9260279
930388,0.9421734
930389,0.92824286
930390,0.9377118
930391,0.9367915
930392,0.94376004
930393,0.9393826
930394,0.94153565
930395,0.9417706
930396,0.93615794
930397,0.94070774
930398,0.94019777
930399,0.937206
930400,0.94288313
930401,0.9377215
930402,0.9430973
930403,0.94007456
930404,0.9507568
930405,0.9524271
930406,0.9369754
930407,0.94653267
930408,0.91952634
930409,0.9473211
930410,0.95532006
930411,0.9538206
930412,0.9561796
930413,0.94590694
930414,0.94308585
930415,0.94306016
930416,0.9479384
930417,0.9349671
930418,0.9446539
930419,0.9479318
930420,0.94830483
930421,0.95089096
930422,0.9433345
930423,0.9435317
930424,0.94712067
930425,0.9514174
930426,0.9476684
930427,0.94267243
930428,0.9196634
930429,0.9468655
930430,0.9412962
930431,0.94658434
930432,0.94667125
930433,0.9498138
930434,0.9443034
930435,0.9477891
930436,0.95540285
930437,0.9415324
930438,0.951252
930439,0.9419104
930440,0.94631284
930441,0.943175
930442,0.93591166
930443,0.9436576
930444,0.9482436
930445,0.9476615
930446,0.9386939
930447,0.9476615
930448,0.9482436
930449,0.9386939
930450,0.9476615
930451,0.9382591
930452,0.9413363
930453,0.9387319
930454,0.94246143
930455,0.94780225
930456,0.94108903
930457,0.94239676
930458,0.94456947
930459,0.94635135
930460,0.94432205
930461,0.9423112
930462,0.9487356
930463,0.9470595
930464,0.93546486
930465,0.944979
930466,0.94376105
930467,0.9404673
930468,0.94359857
930469,0.9519273
930470,0.94319123
930471,0.94449466
930472,0.9466301
930473,0.94449466
930474,0.94319123
930475,0.9519273
930476,0.94319123
930477,0.9466301
930478,0.94449466
930479,0.91203135
930480,0.9127777
930481,0.9202833
930482,0.9240513
930483,0.9184479
930484,0.90348357
930485,0.91927475
930486,0.91927475
930487,0.90348357
930488,0.9132502
930489,0.92114794
930490,0.92010075
930491,0.9220418
930492,0.915533
930493,0.91860366
930494,0.9159207
930495,0.91730636
930496,0.9185991
930497,0.9159959
930498,0.7289168
930499,0.017768536
930500,0.08934876
930501,0.062495068
930502,0.08358552
930503,0.08647633
930504,0.084174484
930505,0.090174176
930506,0.08205987
930507,0.04277009
930508,0.29126754
930509,0.73852575
930510,0.82402617
930511,0.86178535
930512,0.8235104
930513,0.8817385
930514,0.8988153
930515,0.88222843
930516,0.90190136
930517,0.8883247
930518,0.89802897
930519,0.91523945
930520,0.9064903
930521,0.9013601
930522,0.9071594
930523,0.89588034
930524,0.9178848
930525,0.9088205
930526,0.9044894
930527,0.90853703
930528,0.92282325
930529,0.89469725
930530,0.9262642
930531,0.9043898
930532,0.9093961
930533,0.907229
930534,0.9114965
930535,0.92177016
930536,0.92166024
930537,0.9216246
930538,0.9009605
930539,0.9046064
930540,0.9024214
930541,0.88048154
930542,0.9084243
930543,0.87754494
930544,0.85010284
930545,0.8653444
930546,0.87626624
930547,0.91249454
930548,0.8638356
930549,0.7960201
930550,0.85840416
930551,0.87133074
930552,0.9055252
930553,0.8648212
930554,0.86297065
930555,0.758757
930556,0.8657329
930557,0.7428514
930558,0.07366796
930559,0.059590954
930560,0.0744367
930561,0.062871896
930562,0.052998737
930563,0.053961363
930564,0.055994615
930565,0.0499731
930566,0.029460376
930567,0.09517396
930568,0.083188176
930569,0.086286604
930570,0.06172047
930571,0.08206748
930572,0.117765635
930573,0.5576877
930574,0.4669441
930575,0.5752615
930576,0.70563823
930577,0.62660754
930578,0.6662024
930579,0.6686638
930580,0.66607314
930581,0.68334454
930582,0.52186877
930583,0.72644895
930584,0.73775345
930585,0.69415843
930586,0.5935767
930587,0.6937323
930588,0.7273457
930589,0.7341934
930590,0.69706625
930591,0.688864
930592,0.56121206
930593,0.67478275
930594,0.6699432
930595,0.67694056
930596,0.5584815
930597,0.34669098
930598,0.020311316
930599,0.06996089
930600,0.06705232
930601,0.0761806
930602,0.088541865
930603,0.050618812
930604,0.06819062
930605,0.062179666
930606,0.024286576
930607,0.09811128
930608,0.09147426
930609,0.050926
930610,0.092923015
930611,0.11926697
930612,0.07019321
930613,0.044609994
930614,0.061703894
930615,0.058388717
930616,0.20974159
930617,0.13682431
930618,0.15925291
930619,0.14792368
930620,0.13498235
930621,0.12979195
930622,0.10825944
930623,0.13659312
930624,0.09002184
930625,0.1086474
930626,0.095236495
930627,0.090234555
930628,0.07807705
930629,0.08255972
930630,0.058761563
930631,0.024820235
930632,0.0762783
930633,0.063140735
930634,0.043548007
930635,0.15824161
930636,0.156588
930637,0.11496172
930638,0.15707056
930639,0.1292502
930640,0.07823907
930641,0.023960752
930642,0.072551586
930643,0.0814169
930644,0.11947082
930645,0.11249187
930646,0.065703794
930647,0.2200819
930648,0.13157572
930649,0.059143085
930650,0.13247028
930651,0.14022045
930652,0.12819062
930653,0.11606586
930654,0.031261288
930655,0.1160489
930656,0.09290832
930657,0.057923224
930658,0.282255
930659,0.23587114
930660,0.3148071
930661,0.1854401
930662,0.29851457
930663,0.24785489
930664,0.28510168
930665,0.3316025
930666,0.2865915
930667,0.28878537
930668,0.08140161
930669,0.103208035
930670,0.028547147
930671,0.073050275
930672,0.09224304
930673,0.09650355
930674,0.06270176
930675,0.05658507
930676,0.05771465
930677,0.02904496
930678,0.014360757
930679,0.08126753
930680,0.08383372
930681,0.08967886
930682,0.083694026
930683,0.0665251
930684,0.0966948
930685,0.05272
930686,0.013805612
930687,0.07616062
930688,0.052133657
930689,0.052651573
930690,0.051224567
930691,0.055034466
930692,0.20627455
930693,0.32211745
930694,0.0149097955
930695,0.07636457
930696,0.0780292
930697,0.07614933
930698,0.06994786
930699,0.07587406
930700,0.07685977
930701,0.07407642
930702,0.01586639
930703,0.07309938
930704,0.062246077
930705,0.06301181
930706,0.07346005
930707,0.05781092
930708,0.07709758
930709,0.052274283
930710,0.9633571
930711,0.04164094
930712,0.039112154
930713,0.027719203
930714,0.02071367
930715,0.09299965
930716,0.09026731
930717,0.07432771
930718,0.065669164
930719,0.073246896
930720,0.08017811
930721,0.05436429
930722,0.01547714
930723,0.06033399
930724,0.08222832
930725,0.11657388
930726,0.051890723
930727,0.03384858
930728,0.07453207
930729,0.043076064
930730,0.14137138
930731,0.08933115
930732,0.1452385
930733,0.07647927
930734,0.07823828
930735,0.09645109
930736,0.11288202
930737,0.13855772
930738,0.062495455
930739,0.030952387
930740,0.11412558
930741,0.09428411
930742,0.07096906
930743,0.10990474
930744,0.016081516
930745,0.074425496
930746,0.059771802
930747,0.09918628
930748,0.06640672
930749,0.059517555
930750,0.067499675
930751,0.044602852
930752,0.052661564
930753,0.009218107
930754,0.04075367
930755,0.0442094
930756,0.04832065
930757,0.047491103
930758,0.018344508
930759,0.07338919
930760,0.059301566
930761,0.048064187
930762,0.05610839
930763,0.049480323
930764,0.046525896
930765,0.011490133
930766,0.03442809
930767,0.035852846
930768,0.035348713
930769,0.03401346
930770,0.04017205
930771,0.0304089
930772,0.019283187
930773,0.05357535
930774,0.05233567
930775,0.050792538
930776,0.06533717
930777,0.06335562
930778,0.04435019
930779,0.021543982
930780,0.050865926
930781,0.05719103
930782,0.022638587
930783,0.091673955
930784,0.075673275
930785,0.10489302
930786,0.2710621
930787,0.30099994
930788,0.17873071
930789,0.18347134
930790,0.17194043
930791,0.13448742
930792,0.022901978
930793,0.13960658
930794,0.14444584
930795,0.17761669
930796,0.09588721
930797,0.082950085
930798,0.09307938
930799,0.09202392
930800,0.08828904
930801,0.18654667
930802,0.16329125
930803,0.077869855
930804,0.06526931
930805,0.06666939
930806,0.06667539
930807,0.07836897
930808,0.05713336
930809,0.22674093
930810,0.24329582
930811,0.19889686
930812,0.20455073
930813,0.21954454
930814,0.1926978
930815,0.019054428
930816,0.083310075
930817,0.11481419
930818,0.07710703
930819,0.118957944
930820,0.086082816
930821,0.09526096
930822,0.059211623
930823,0.11017216
930824,0.55468845
930825,0.7631113
930826,0.6741922
930827,0.7470258
930828,0.7435925
930829,0.7232779
930830,0.76017964
930831,0.8284637
930832,0.766373
930833,0.78434724
930834,0.75263155
930835,0.8165845
930836,0.75088376
930837,0.78883857
930838,0.78013724
930839,0.7479221
930840,0.6650266
930841,0.74728614
930842,0.66352075
930843,0.72714084
930844,0.72529966
930845,0.7240528
930846,0.47078916
930847,0.26951012
930848,0.017641868
930849,0.079860345
930850,0.08157931
930851,0.07593301
930852,0.08299271
930853,0.077788815
930854,0.08139966
930855,0.059076875
930856,0.10242954
930857,0.5469
930858,0.73386455
930859,0.7144679
930860,0.72763824
930861,0.7139624
930862,0.7535958
930863,0.76468205
930864,0.72899145
930865,0.7764137
930866,0.6230501
930867,0.7292604
930868,0.6660776
930869,0.7476802
930870,0.738722
930871,0.7083506
930872,0.7198266
930873,0.6998783
930874,0.69384474
930875,0.6988291
930876,0.5371453
930877,0.07932555
930878,0.25450936
930879,0.2519746
930880,0.10740526
930881,0.25969675
930882,0.27420896
930883,0.25072864
930884,0.18008675
930885,0.25408784
930886,0.19196965
930887,0.15972802
930888,0.15182322
930889,0.122590385
930890,0.62677383
930891,0.6913561
930892,0.63946724
930893,0.6257523
930894,0.7352748
930895,0.6348289
930896,0.74118173
930897,0.6498678
930898,0.58113956
930899,0.6260801
930900,0.68391466
930901,0.70848346
930902,0.70661384
930903,0.70315623
930904,0.58879256
930905,0.68712914
930906,0.6357229
930907,0.6317648
930908,0.4024438
930909,0.0654731
930910,0.32668573
930911,0.53940487
930912,0.4380569
930913,0.53381705
930914,0.43873432
930915,0.42322508
930916,0.43067163
930917,0.5728057
930918,0.65269184
930919,0.58257955
930920,0.20000263
930921,0.3121441
930922,0.24320826
930923,0.476753
930924,0.29103115
930925,0.277073
930926,0.02484982
930927,0.20854048
930928,0.2211414
930929,0.32231542
930930,0.18800113
930931,0.18034413
930932,0.22292824
930933,0.20504269
930934,0.015832435
930935,0.1494419
930936,0.14659429
930937,0.12405632
930938,0.052916862
930939,0.063362494
930940,0.10546371
930941,0.045171592
930942,0.15027517
930943,0.12503418
930944,0.07990519
930945,0.049144566
930946,0.04823052
930947,0.047377966
930948,0.04822039
930949,0.054572772
930950,0.05588993
930951,0.04389556
930952,0.031025132
930953,0.10860822
930954,0.038569093
930955,0.043945145
930956,0.102822565
930957,0.04579441
930958,0.038480736
930959,0.04246787
930960,0.04619045
930961,0.013555803
930962,0.05204186
930963,0.050334927
930964,0.04806448
930965,0.049607478
930966,0.063745424
930967,0.0508897
930968,0.053606525
930969,0.17244029
930970,0.09266432
930971,0.078480974
930972,0.09845132
930973,0.08902997
930974,0.116971076
930975,0.048585735
930976,0.020820117
930977,0.120417766
930978,0.0400215
930979,0.12755792
930980,0.09389918
930981,0.036863457
930982,0.07319352
930983,0.043753006
930984,0.036673415
930985,0.013471571
930986,0.048168812
930987,0.048142802
930988,0.045738317
930989,0.048268482
930990,0.047078583
930991,0.048084274
930992,0.017300557
930993,0.108323485
930994,0.082569
930995,0.07123521
930996,0.08462513
930997,0.07376842
930998,0.07573811
930999,0.072824284
931000,0.078028776
931001,0.08701349
931002,0.052062742
931003,0.011430359
931004,0.119718306
931005,0.038604498
931006,0.06716969
931007,0.08682932
931008,0.07912388
931009,0.07587062
931010,0.06308147
931011,0.10325847
931012,0.022080697
931013,0.05188915
931014,0.1057202
931015,0.08922329
931016,0.09568644
931017,0.075691156
931018,0.01739422
931019,0.075583376
931020,0.03738427
931021,0.07525939
931022,0.08003807
931023,0.08019503
931024,0.124250844
931025,0.03903673
931026,0.094265684
931027,0.062321726
931028,0.104494035
931029,0.06596439
931030,0.084265396
931031,0.014414472
931032,0.041084643
931033,0.08573217
931034,0.10623288
931035,0.11306762
931036,0.07928572
931037,0.07183635
931038,0.07478014
931039,0.038161557
931040,0.019492218
931041,0.09094706
931042,0.13060226
931043,0.08661121
931044,0.096544884
931045,0.09898966
931046,0.17466198
931047,0.13351119
931048,0.08953101
931049,0.08663707
931050,0.017793328
931051,0.09430391
931052,0.06981022
931053,0.06678168
931054,0.06823439
931055,0.06628063
931056,0.035257082
931057,0.08678594
931058,0.29508254
931059,0.13868575
931060,0.19932874
931061,0.16144973
931062,0.16709796
931063,0.11598035
931064,0.24936712
931065,0.03274584
931066,0.12575926
931067,0.091766976
931068,0.10540468
931069,0.09032085
931070,0.08829639
931071,0.6114686
931072,0.7023206
931073,0.8045132
931074,0.7928098
931075,0.83337075
931076,0.83850056
931077,0.84404254
931078,0.84060866
931079,0.8463848
931080,0.8594689
931081,0.86616904
931082,0.85776114
931083,0.828792
931084,0.826962
931085,0.8212905
931086,0.85044247
931087,0.8549523
931088,0.85178864
931089,0.8522335
931090,0.8354557
931091,0.832842
931092,0.81555855
931093,0.8162419
931094,0.82267517
931095,0.79336524
931096,0.8074403
931097,0.8148283
931098,0.80155635
931099,0.48522305
931100,0.017189657
931101,0.10247369
931102,0.08859947
931103,0.08158122
931104,0.09059705
931105,0.079141505
931106,0.07289315
931107,0.056201965
931108,0.021271175
931109,0.09347347
931110,0.086206265
931111,0.08917934
931112,0.13331217
931113,0.088528976
931114,0.08829942
931115,0.106702454
931116,0.023013372
931117,0.09018249
931118,0.09953966
931119,0.11545076
931120,0.0879007
931121,0.08160502
931122,0.01647043
931123,0.10566724
931124,0.09011858
931125,0.08335054
931126,0.08956582
931127,0.13309675
931128,0.04213212
931129,0.07901315
931130,0.4224398
931131,0.37290472
931132,0.3344992
931133,0.31635034
931134,0.26024428
931135,0.27127084
931136,0.337074
931137,0.2884076
931138,0.36043042
931139,0.19021134
931140,0.017733442
931141,0.13727638
931142,0.09187306
931143,0.09129737
931144,0.08070633
931145,0.046366017
931146,0.08841025
931147,0.089622825
931148,0.08319958
931149,0.28494543
931150,0.016742175
931151,0.06573129
931152,0.059279963
931153,0.056937933
931154,0.12599146
931155,0.14785871
931156,0.09389837
931157,0.07842137
931158,0.4715258
931159,0.5965564
931160,0.5969295
931161,0.5867998
931162,0.74427646
931163,0.60574925
931164,0.5707137
931165,0.65434915
931166,0.5801922
931167,0.5543225
931168,0.5602181
931169,0.56488067
931170,0.5152835
931171,0.5825228
931172,0.4122156
931173,0.04645064
931174,0.14236753
931175,0.072130695
931176,0.077971675
931177,0.039933357
931178,0.09039106
931179,0.083781555
931180,0.072565734
931181,0.041886955
931182,0.055287052
931183,0.07012848
931184,0.044419397
931185,0.041426614
931186,0.008303456
931187,0.069602706
931188,0.089838065
931189,0.029529955
931190,0.02696337
931191,0.06771652
931192,0.015014303
931193,0.028036755
931194,0.044179216
931195,0.031933837
931196,0.0302643
931197,0.02163977
931198,0.008152669
931199,0.06884623
931200,0.046957318
931201,0.026666313
931202,0.031278033
931203,0.043447055
931204,0.27530167
931205,0.1012031
931206,0.086045
931207,0.015175717
931208,0.03988859
931209,0.02818728
931210,0.055193316
931211,0.046362676
931212,0.027788272
931213,0.04481164
931214,0.21249278
931215,0.015479531
931216,0.046894558
931217,0.06602081
931218,0.11168139
931219,0.3562108
931220,0.4224905
931221,0.35055238
931222,0.371133
931223,0.3702339
931224,0.6340869
931225,0.63818854
931226,0.63792557
931227,0.63221693
931228,0.5205717
931229,0.60606265
931230,0.5455306
931231,0.5838103
931232,0.56132007
931233,0.5516623
931234,0.43390244
931235,0.62910366
931236,0.6163145
931237,0.2618966
931238,0.030348377
931239,0.10976228
931240,0.100029886
931241,0.08641359
931242,0.16003548
931243,0.11191644
931244,0.05507272
931245,0.06116878
931246,0.03760111
931247,0.048640363
931248,0.4031079
931249,0.20682703
931250,0.22877555
931251,0.23353502
931252,0.16051202
931253,0.13816151
931254,0.012237505
931255,0.10158835
931256,0.07182912
931257,0.117705666
931258,0.048271745
931259,0.053296346
931260,0.06692067
931261,0.050909303
931262,0.0126947565
931263,0.0675653
931264,0.074053146
931265,0.060710024
931266,0.07063962
931267,0.20167747
931268,0.017953275
931269,0.107861064
931270,0.07360297
931271,0.06735295
931272,0.055828944
931273,0.047562063
931274,0.010914052
931275,0.05198762
931276,0.078381665
931277,0.0709179
931278,0.050681464
931279,0.05522076
931280,0.011545246
931281,0.09869509
931282,0.099135675
931283,0.08512522
931284,0.09627906
931285,0.17312433
931286,0.28369194
931287,0.19848436
931288,0.05619962
931289,0.32104862
931290,0.4112515
931291,0.26339498
931292,0.346741
931293,0.30850768
931294,0.377516
931295,0.28529203
931296,0.2905348
931297,0.398503
931298,0.44176033
931299,0.30907813
931300,0.31481016
931301,0.19795783
931302,0.15431988
931303,0.031844135
931304,0.29221404
931305,0.2043883
931306,0.2890602
931307,0.24867319
931308,0.16639909
931309,0.24542762
931310,0.14683665
931311,0.07440658
931312,0.06572384
931313,0.06748707
931314,0.0689544
931315,0.052342016
931316,0.04403069
931317,0.016243108
931318,0.07066338
931319,0.07018563
931320,0.060939517
931321,0.06058771
931322,0.09069697
931323,0.06882373
931324,0.037962876
931325,0.306302
931326,0.20582543
931327,0.1668927
931328,0.2711428
931329,0.22070812
931330,0.42960507
931331,0.44553602
931332,0.46863335
931333,0.47374892
931334,0.4606486
931335,0.46293274
931336,0.47968924
931337,0.29176694
931338,0.51479834
931339,0.48058927
931340,0.38756254
931341,0.30789432
931342,0.32905114
931343,0.0131797
931344,0.0831554
931345,0.06335662
931346,0.038356405
931347,0.036432367
931348,0.07969954
931349,0.04214309
931350,0.06939463
931351,0.067639165
931352,0.026481794
931353,0.22390606
931354,0.21849144
931355,0.16237512
931356,0.20430703
931357,0.19015728
931358,0.34114057
931359,0.014637759
931360,0.06190734
931361,0.0547225
931362,0.037367225
931363,0.059639215
931364,0.038923863
931365,0.033488166
931366,0.0516324
931367,0.28803733
931368,0.20538728
931369,0.21429369
931370,0.18579832
931371,0.013438322
931372,0.075885795
931373,0.08095415
931374,0.071590886
931375,0.0701321
931376,0.06804588
931377,0.08372551
931378,0.054967612
931379,0.16268487
931380,0.089410685
931381,0.08812663
931382,0.08370028
931383,0.07300884
931384,0.070643514
931385,0.346151
931386,0.01477702
931387,0.07010421
931388,0.07791621
931389,0.042741723
931390,0.0884892
931391,0.07234873
931392,0.062544085
931393,0.14504279
931394,0.016187038
931395,0.080911055
931396,0.065586984
931397,0.034434527
931398,0.07147488
931399,0.07674299
931400,0.07618686
931401,0.094157994
931402,0.012311549
931403,0.046135943
931404,0.03965351
931405,0.088581875
931406,0.11842715
931407,0.11750391
931408,0.07993021
931409,0.074732035
931410,0.06000805
931411,0.012542062
931412,0.061268337
931413,0.08125671
931414,0.06475507
931415,0.064673565
931416,0.050338987
931417,0.21883447
931418,0.017789202
931419,0.098222785
931420,0.10210064
931421,0.070925705
931422,0.09158405
931423,0.10352285
931424,0.053454407
931425,0.012396709
931426,0.10829187
931427,0.06828073
931428,0.074383184
931429,0.10324092
931430,0.14035976
931431,0.08933195
931432,0.1745826
931433,0.07023285
931434,0.047612917
931435,0.058596604
931436,0.09563613
931437,0.053476702
931438,0.048924044
931439,0.07486261
931440,0.040284574
931441,0.016023854
931442,0.06110647
931443,0.092984684
931444,0.06335146
931445,0.042003587
931446,0.06513533
931447,0.76666266
931448,0.7121423
931449,0.76590246
931450,0.90134966
931451,0.8838234
931452,0.90973705
931453,0.9161382
931454,0.9241241
931455,0.9244853
931456,0.9284816
931457,0.9263625
931458,0.93482685
931459,0.9246773
931460,0.9242032
931461,0.92188025
931462,0.9060331
931463,0.9270418
931464,0.9308216
931465,0.92539114
931466,0.91761494
931467,0.9069979
931468,0.94690824
931469,0.9446901
931470,0.94254416
931471,0.9468781
931472,0.9422137
931473,0.94314605
931474,0.9490585
931475,0.94112504
931476,0.93892336
931477,0.9387827
931478,0.9370538
931479,0.91506046
931480,0.9477181
931481,0.94618964
931482,0.94565576
931483,0.94249976
931484,0.93717307
931485,0.94237715
931486,0.9472793
931487,0.9471445
931488,0.94778925
931489,0.9471445
931490,0.94778925
931491,0.9481935
931492,0.942084
931493,0.95392984
931494,0.936655
931495,0.94678545
931496,0.9519486
931497,0.94648975
931498,0.94433606
931499,0.93664736
931500,0.94867194
931501,0.94841003
931502,0.92194504
931503,0.92194504
931504,0.9407098
931505,0.93819374
931506,0.9381823
931507,0.944404
931508,0.9270569
931509,0.9284572
931510,0.91869926
931511,0.93610823
931512,0.9397316
931513,0.93722016
931514,0.93908304
931515,0.9369642
931516,0.9263017
931517,0.9369642
931518,0.9263017
931519,0.93874663
931520,0.92454374
931521,0.9443362
931522,0.93664294
931523,0.93150604
931524,0.92561966
931525,0.90117604
931526,0.93670803
931527,0.93899685
931528,0.93100756
931529,0.93209004
931530,0.9329339
931531,0.93045676
931532,0.935778
931533,0.92846644
931534,0.9442101
931535,0.9383793
931536,0.9304108
931537,0.92583627
931538,0.93483895
931539,0.9340437
931540,0.92188555
931541,0.9297656
931542,0.9355167
931543,0.9271256
931544,0.912853
931545,0.89936936
931546,0.8728304
931547,0.8915398
931548,0.8627791
931549,0.8992378
931550,0.90842706
931551,0.91522866
931552,0.8971243
931553,0.9049959
931554,0.89949965
931555,0.90990704
931556,0.8981892
931557,0.9092218
931558,0.90106803
931559,0.91212595
931560,0.91378504
931561,0.900016
931562,0.8666734
931563,0.91685337
931564,0.9147089
931565,0.902073
931566,0.6951719
931567,0.1996514
931568,0.11485338
931569,0.102318786
931570,0.06023827
931571,0.021032024
931572,0.10532567
931573,0.10949513
931574,0.09957352
931575,0.101098984
931576,0.12627202
931577,0.09004528
931578,0.13081668
931579,0.08029559
931580,0.33196405
931581,0.16935186
931582,0.034726225
931583,0.23558971
931584,0.13849296
931585,0.2463452
931586,0.20845045
931587,0.19078013
931588,0.15129593
931589,0.32611385
931590,0.2084835
931591,0.18267868
931592,0.20064028
931593,0.21563596
931594,0.19603373
931595,0.1411757
931596,0.20895444
931597,0.23187062
931598,0.17589688
931599,0.03259657
931600,0.12319677
931601,0.12054102
931602,0.10002774
931603,0.10514529
931604,0.14937791
931605,0.13735384
931606,0.14724734
931607,0.12461545
931608,0.08076213
931609,0.38193077
931610,0.03717298
931611,0.12424656
931612,0.17991787
931613,0.23280036
931614,0.15587693
931615,0.19202037
931616,0.16848733
931617,0.23050855
931618,0.231457
931619,0.2379674
931620,0.19040872
931621,0.12978338
931622,0.068628065
931623,0.051416185
931624,0.067717016
931625,0.070993036
931626,0.065759815
931627,0.119392194
931628,0.068971574
931629,0.1978442
931630,0.4175343
931631,0.4393731
931632,0.2503526
931633,0.45616382
931634,0.25633618
931635,0.3225175
931636,0.25338796
931637,0.24589738
931638,0.37762225
931639,0.3564428
931640,0.27767843
931641,0.21975
931642,0.10593377
931643,0.022410456
931644,0.17730197
931645,0.16243671
931646,0.17747135
931647,0.163795
931648,0.17447866
931649,0.18590854
931650,0.10899961
931651,0.05375923
931652,0.41365594
931653,0.3530349
931654,0.39629972
931655,0.4312525
931656,0.43294406
931657,0.43331018
931658,0.5112755
931659,0.484875
931660,0.525061
931661,0.52352583
931662,0.37754837
931663,0.49120912
931664,0.29490012
931665,0.040841617
931666,0.19038057
931667,0.18618488
931668,0.11206128
931669,0.080195926
931670,0.3652137
931671,0.20544945
931672,0.23939927
931673,0.23413737
931674,0.2412966
931675,0.16275734
931676,0.033295155
931677,0.28321707
931678,0.3619503
931679,0.40748173
931680,0.29637495
931681,0.3761316
931682,0.3047518
931683,0.26162097
931684,0.27225563
931685,0.29923454
931686,0.29199842
931687,0.04533928
931688,0.23982416
931689,0.2147106
931690,0.051288158
931691,0.17913058
931692,0.18232083
931693,0.16609247
931694,0.19474952
931695,0.19799888
931696,0.36571324
931697,0.518126
931698,0.5544345
931699,0.531666
931700,0.59628695
931701,0.48980746
931702,0.6461601
931703,0.6522402
931704,0.5681088
931705,0.5687049
931706,0.5691199
931707,0.5086809
931708,0.3436634
931709,0.10007474
931710,0.08338664
931711,0.0815071
931712,0.6157265
931713,0.70252246
931714,0.6258822
931715,0.7619651
931716,0.70859
931717,0.68379444
931718,0.7106444
931719,0.6926452
931720,0.75593364
931721,0.6942503
931722,0.7609775
931723,0.6765465
931724,0.6907935
931725,0.67990166
931726,0.36388397
931727,0.039360646
931728,0.3461485
931729,0.22505204
931730,0.194938
931731,0.2765049
931732,0.2939644
931733,0.37379357
931734,0.20832455
931735,0.07560075
931736,0.0312181
931737,0.069040306
931738,0.07642158
931739,0.010111694
931740,0.02653613
931741,0.024433823
931742,0.013051933
931743,0.04685865
931744,0.021441137
931745,0.015275323
931746,0.024626767
931747,0.017836496
931748,0.020094555
931749,0.031014191
931750,0.08168437
931751,0.066583
931752,0.06667061
931753,0.011323855
931754,0.04447291
931755,0.052150834
931756,0.04523217
931757,0.047100343
931758,0.059302386
931759,0.047445763
931760,0.09313192
931761,0.019003123
931762,0.08401026
931763,0.11542321
931764,0.019758567
931765,0.028836148
931766,0.02023608
931767,0.035247594
931768,0.026658574
931769,0.2499546
931770,0.14191477
931771,0.14882004
931772,0.10127444
931773,0.2022602
931774,0.10189223
931775,0.090265624
931776,0.093492344
931777,0.12369896
931778,0.034388073
931779,0.14264548
931780,0.15047221
931781,0.18924403
931782,0.35463864
931783,0.26550806
931784,0.09163077
931785,0.10156195
931786,0.077751875
931787,0.12490738
931788,0.07993718
931789,0.06893785
931790,0.42846763
931791,0.5362731
931792,0.64004374
931793,0.4839613
931794,0.40714797
931795,0.5603208
931796,0.5822899
931797,0.6472156
931798,0.6396993
931799,0.67175925
931800,0.71198404
931801,0.5863003
931802,0.61778057
931803,0.6009062
931804,0.66552985
931805,0.62226427
931806,0.6208423
931807,0.65442973
931808,0.36200684
931809,0.073809125
931810,0.18417953
931811,0.15573329
931812,0.25622222
931813,0.16069795
931814,0.16401084
931815,0.16439892
931816,0.025914105
931817,0.10470779
931818,0.12567583
931819,0.10332248
931820,0.1035065
931821,0.10267194
931822,0.12320493
931823,0.07536429
931824,0.24197301
931825,0.67295223
931826,0.7569202
931827,0.83697927
931828,0.8406305
931829,0.86641264
931830,0.8584305
931831,0.8571408
931832,0.8676126
931833,0.8577748
931834,0.8285335
931835,0.8634332
931836,0.85169715
931837,0.8481247
931838,0.8321397
931839,0.8656223
931840,0.86923933
931841,0.85330904
931842,0.87537175
931843,0.87991387
931844,0.8602781
931845,0.8666466
931846,0.88957226
931847,0.89620215
931848,0.84799
931849,0.87206864
931850,0.8552763
931851,0.85953474
931852,0.8700211
931853,0.85149735
931854,0.8700211
931855,0.8508715
931856,0.8653709
931857,0.8258816
931858,0.8471244
931859,0.7954823
931860,0.7928092
931861,0.748673
931862,0.8481217
931863,0.7884153
931864,0.8001729
931865,0.8108355
931866,0.79369754
931867,0.8089204
931868,0.5325384
931869,0.1615077
931870,0.019914906
931871,0.12305821
931872,0.102168135
931873,0.09639471
931874,0.10039431
931875,0.118604235
931876,0.10833696
931877,0.09918542
931878,0.018941592
931879,0.10897299
931880,0.15118611
931881,0.06767151
931882,0.08258985
931883,0.077801175
931884,0.079116575
931885,0.06644586
931886,0.07896933
931887,0.06333767
931888,0.019495457
931889,0.0961104
931890,0.10970738
931891,0.13561738
931892,0.07680004
931893,0.10557151
931894,0.07048077
931895,0.052382857
931896,0.11144978
931897,0.02488573
931898,0.111161016
931899,0.094964534
931900,0.0803723
931901,0.07977361
931902,0.062676206
931903,0.08014729
931904,0.047994573
931905,0.033408027
931906,0.05788629
931907,0.04391983
931908,0.07231722
931909,0.04876025
931910,0.04429303
931911,0.06132615
931912,0.04609259
931913,0.020232517
931914,0.16643251
931915,0.040145967
931916,0.121321835
931917,0.25141415
931918,0.122889005
931919,0.04209516
931920,0.043286275
931921,0.17973512
931922,0.100197084
931923,0.18181443
931924,0.016063275
931925,0.048079878
931926,0.05270426
931927,0.059639815
931928,0.06494428
931929,0.04325246
931930,0.05226286
931931,0.063790075
931932,0.057906263
931933,0.06326961
931934,0.034378853
931935,0.10456449
931936,0.09837901
931937,0.10360711
931938,0.10936307
931939,0.017452458
931940,0.1629135
931941,0.13008748
931942,0.118714556
931943,0.12137243
931944,0.18063061
931945,0.12894973
931946,0.20155296
931947,0.029902535
931948,0.0989953
931949,0.078190684
931950,0.07355678
931951,0.122218505
931952,0.055049323
931953,0.08113582
931954,0.097402014
931955,0.070486814
931956,0.07596413
931957,0.057961203
931958,0.026801048
931959,0.11847663
931960,0.1161097
931961,0.11564899
931962,0.18069182
931963,0.12299211
931964,0.12342732
931965,0.4046799
931966,0.23445341
931967,0.31337723
931968,0.122991204
931969,0.15468393
931970,0.26056945
931971,0.13347657
931972,0.034667518
931973,0.11449921
931974,0.19175482
931975,0.16170955
931976,0.1184554
931977,0.09647904
931978,0.1092392
931979,0.20375413
931980,0.1800709
931981,0.11123589
931982,0.11748761
931983,0.2805405
931984,0.24221788
931985,0.10593485
931986,0.046645142
931987,0.13445358
931988,0.19629718
931989,0.19619237
931990,0.14177251
931991,0.4573204
931992,0.33937976
931993,0.401156
931994,0.19986488
931995,0.4591029
931996,0.16603123
931997,0.2906794
931998,0.43415082
931999,0.2676691
932000,0.5412413
932001,0.19325763
932002,0.347191
932003,0.07262021
932004,0.13341974
932005,0.3017825
932006,0.20054343
932007,0.043714907
932008,0.019632198
932009,0.29051965
932010,0.26804307
932011,0.20348772
932012,0.28851414
932013,0.15287954
932014,0.11420275
932015,0.27146307
932016,0.25799456
932017,0.2004271
932018,0.30165553
932019,0.22837812
932020,0.19885577
932021,0.21331012
932022,0.19219433
932023,0.20920336
932024,0.20725732
932025,0.21702324
932026,0.16636801
932027,0.52020454
932028,0.61550534
932029,0.696275
932030,0.71136326
932031,0.7235459
932032,0.691122
932033,0.59183586
932034,0.68283623
932035,0.60401064
932036,0.7679469
932037,0.7195312
932038,0.7104178
932039,0.6480856
932040,0.5480029
932041,0.4881511
932042,0.048049636
932043,0.15056016
932044,0.13951309
932045,0.5294208
932046,0.48826757
932047,0.61540043
932048,0.64702994
932049,0.54707015
932050,0.5228498
932051,0.6172588
932052,0.5642841
932053,0.5250121
932054,0.46662083
932055,0.5119062
932056,0.4790107
932057,0.44185844
932058,0.043636635
932059,0.20109151
932060,0.22900093
932061,0.15947117
932062,0.16654742
932063,0.113107085
932064,0.35879
932065,0.29501346
932066,0.29384437
932067,0.38856655
932068,0.2671777
932069,0.40357172
932070,0.26379418
932071,0.2718186
932072,0.38138753
932073,0.24095584
932074,0.22760741
932075,0.084874414
932076,0.6202753
932077,0.5723654
932078,0.639597
932079,0.7003952
932080,0.5908564
932081,0.6021796
932082,0.65739995
932083,0.6696453
932084,0.5089827
932085,0.6266586
932086,0.6674299
932087,0.55129826
932088,0.58948356
932089,0.47765502
932090,0.04049357
932091,0.4751698
932092,0.562644
932093,0.37651944
932094,0.38914272
932095,0.41060156
932096,0.3583148
932097,0.39453804
932098,0.2972862
932099,0.5217611
932100,0.069884524
932101,0.06637043
932102,0.1824964
932103,0.18250692
932104,0.20931229
932105,0.17856546
932106,0.22288422
932107,0.20449744
932108,0.1908671
932109,0.20431256
932110,0.15547118
932111,0.09657573
932112,0.32598534
932113,0.33383268
932114,0.061757818
932115,0.6653102
932116,0.3279977
932117,0.57553786
932118,0.35087562
932119,0.2688278
932120,0.42816645
932121,0.2858194
932122,0.13607176
932123,0.03898645
932124,0.63778484
932125,0.45234647
932126,0.38458446
932127,0.57493
932128,0.48606828
932129,0.03673983
932130,0.06110459
932131,0.058664
932132,0.047217663
932133,0.054309174
932134,0.05857209
932135,0.07324503
932136,0.090097025
932137,0.051424313
932138,0.04335213
932139,0.06942003
932140,0.0754263
932141,0.073367074
932142,0.06873213
932143,0.39299092
932144,0.2713433
932145,0.13059908
932146,0.093116336
932147,0.0948547
932148,0.021641592
932149,0.08040408
932150,0.077798046
932151,0.12190071
932152,0.06353021
932153,0.08633055
932154,0.08056188
932155,0.07984191
932156,0.077654846
932157,0.08474367
932158,0.08599143
932159,0.29529682
932160,0.26962087
932161,0.24461141
932162,0.27120027
932163,0.25237775
932164,0.105802074
932165,0.06857019
932166,0.037251867
932167,0.051627617
932168,0.048656415
932169,0.048019003
932170,0.049130656
932171,0.03401375
932172,0.20865859
932173,0.13198985
932174,0.015226097
932175,0.037917346
932176,0.042461324
932177,0.049356405
932178,0.038450144
932179,0.053000823
932180,0.04551697
932181,0.048704084
932182,0.041547503
932183,0.051218033
932184,0.06532912
932185,0.4111687
932186,0.32173672
932187,0.35741973
932188,0.41926086
932189,0.37601233
932190,0.15300548
932191,0.43776926
932192,0.26454085
932193,0.2732307
932194,0.32106963
932195,0.45335025
932196,0.43896687
932197,0.25153401
932198,0.11446346
932199,0.08801965
932200,0.44091195
932201,0.56515634
932202,0.5227744
932203,0.65611535
932204,0.6601728
932205,0.65917486
932206,0.6888695
932207,0.6888695
932208,0.5935519
932209,0.5933725
932210,0.7026705
932211,0.6454712
932212,0.7002834
932213,0.6840261
932214,0.5538003
932215,0.55117214
932216,0.5771031
932217,0.5220109
932218,0.56002474
932219,0.4657511
932220,0.5829471
932221,0.33560646
932222,0.11223244
932223,0.042853974
932224,0.11129495
932225,0.13460119
932226,0.3008034
932227,0.15268622
932228,0.05037642
932229,0.088633806
932230,0.17779309
932231,0.16708393
932232,0.16593422
932233,0.18925016
932234,0.21497504
932235,0.20362099
932236,0.12762599
932237,0.11644727
932238,0.10508767
932239,0.087418154
932240,0.023141157
932241,0.1478769
932242,0.117331095
932243,0.10518883
932244,0.1375948
932245,0.26527464
932246,0.13572516
932247,0.08223066
932248,0.09464338
932249,0.35656056
932250,0.13413334
932251,0.101075284
932252,0.0871867
932253,0.09009962
932254,0.09402439
932255,0.07878478
932256,0.058311976
932257,0.030410254
932258,0.14126173
932259,0.35447162
932260,0.40482113
932261,0.42191574
932262,0.42345813
932263,0.45882934
932264,0.50099534
932265,0.44287
932266,0.4515202
932267,0.45910558
932268,0.44487324
932269,0.4146299
932270,0.27087533
932271,0.25502175
932272,0.23264678
932273,0.3678287
932274,0.28298485
932275,0.22947778
932276,0.10519572
932277,0.47786605
932278,0.5687292
932279,0.61701477
932280,0.6071135
932281,0.6031624
932282,0.6119435
932283,0.59760314
932284,0.58255446
932285,0.56774175
932286,0.5967667
932287,0.598012
932288,0.615419
932289,0.60306805
932290,0.58909476
932291,0.57828236
932292,0.56645167
932293,0.5732711
932294,0.39682972
932295,0.26606172
932296,0.21907422
932297,0.3125918
932298,0.16952956
932299,0.07832657
932300,0.16442332
932301,0.060961638
932302,0.072676405
932303,0.06925197
932304,0.059643477
932305,0.044440288
932306,0.032915726
932307,0.37013108
932308,0.2936947
932309,0.32070893
932310,0.40020022
932311,0.29011992
932312,0.29590577
932313,0.27509072
932314,0.2980429
932315,0.056481063
932316,0.4499021
932317,0.41789764
932318,0.40386394
932319,0.41359255
932320,0.42550698
932321,0.41803896
932322,0.41302735
932323,0.43608105
932324,0.40737134
932325,0.3703212
932326,0.33913568
932327,0.72315043
932328,0.6950712
932329,0.8137902
932330,0.85678905
932331,0.8071334
932332,0.8737367
932333,0.8891999
932334,0.84729856
932335,0.89532274
932336,0.87768096
932337,0.8673286
932338,0.9003281
932339,0.8657691
932340,0.88888
932341,0.85634303
932342,0.88746184
932343,0.9026728
932344,0.89745617
932345,0.89656085
932346,0.8977884
932347,0.8927454
932348,0.8935617
932349,0.9024386
932350,0.88598055
932351,0.8622969
932352,0.8887621
932353,0.88064575
932354,0.8862793
932355,0.88946986
932356,0.8862793
932357,0.88268757
932358,0.873587
932359,0.62395847
932360,0.8248937
932361,0.8724594
932362,0.4850904
932363,0.051297043
932364,0.09161236
932365,0.0721603
932366,0.1374151
932367,0.23707637
932368,0.35998452
932369,0.37684035
932370,0.3900451
932371,0.24771824
932372,0.36890957
932373,0.41529992
932374,0.36696923
932375,0.42986286
932376,0.34943566
932377,0.2552671
932378,0.11050305
932379,0.09548072
932380,0.5602411
932381,0.55710864
932382,0.7133576
932383,0.8076425
932384,0.68996155
932385,0.782466
932386,0.7453334
932387,0.7795348
932388,0.7404358
932389,0.7647757
932390,0.7836819
932391,0.78312546
932392,0.8031798
932393,0.7123785
932394,0.80831933
932395,0.82717764
932396,0.7674868
932397,0.77470064
932398,0.77199847
932399,0.75503486
932400,0.7803343
932401,0.47761106
932402,0.067134365
932403,0.1087551
932404,0.059004955
932405,0.15562607
932406,0.24203347
932407,0.47744808
932408,0.67906475
932409,0.7721111
932410,0.72791415
932411,0.7987416
932412,0.7400675
932413,0.7574472
932414,0.76004916
932415,0.77239335
932416,0.7114916
932417,0.8007947
932418,0.7688251
932419,0.6919195
932420,0.6747631
932421,0.742967
932422,0.78883606
932423,0.67583483
932424,0.6767432
932425,0.5685264
932426,0.6743137
932427,0.62952113
932428,0.74919003
932429,0.62670875
932430,0.35689017
932431,0.036281236
932432,0.09242266
932433,0.09294677
932434,0.09567361
932435,0.113837436
932436,0.06466328
932437,0.04992749
932438,0.43581143
932439,0.38308457
932440,0.41082326
932441,0.47323826
932442,0.44041303
932443,0.40643615
932444,0.49712497
932445,0.39806423
932446,0.43723577
932447,0.4995648
932448,0.41543746
932449,0.31711796
932450,0.12846981
932451,0.08582279
932452,0.023790048
932453,0.09731273
932454,0.10755704
932455,0.08516434
932456,0.0947615
932457,0.09117457
932458,0.08779206
932459,0.068676345
932460,0.03856621
932461,0.20176321
932462,0.22202812
932463,0.20251232
932464,0.03211022
932465,0.07980771
932466,0.14361842
932467,0.069113694
932468,0.124450944
932469,0.08357407
932470,0.10533009
932471,0.25190595
932472,0.08848322
932473,0.13941607
932474,0.08248474
932475,0.08898446
932476,0.023055978
932477,0.086222045
932478,0.08242326
932479,0.09835147
932480,0.07862805
932481,0.06347916
932482,0.045425754
932483,0.0213867
932484,0.07960245
932485,0.115751766
932486,0.1089604
932487,0.059080098
932488,0.089177445
932489,0.07557873
932490,0.058426175
932491,0.10388827
932492,0.18464433
932493,0.056370538
932494,0.055545136
932495,0.039286494
932496,0.0395401
932497,0.041198973
932498,0.033059705
932499,0.01179366
932500,0.058149327
932501,0.0433787
932502,0.04399954
932503,0.0389388
932504,0.036699772
932505,0.013638638
932506,0.084365435
932507,0.06942667
932508,0.22470933
932509,0.061025806
932510,0.065454066
932511,0.03859061
932512,0.039863188
932513,0.04092047
932514,0.034844138
932515,0.016433287
932516,0.121660635
932517,0.06963465
932518,0.05360429
932519,0.07003438
932520,0.055037558
932521,0.019398494
932522,0.08269454
932523,0.07144718
932524,0.067611486
932525,0.06581366
932526,0.08378796
932527,0.04014777
932528,0.020935282
932529,0.081829965
932530,0.07628863
932531,0.052497618
932532,0.05220544
932533,0.07052401
932534,0.030213205
932535,0.07649463
932536,0.09189726
932537,0.07340499
932538,0.07528435
932539,0.061517246
932540,0.03284939
932541,0.1222701
932542,0.55881923
932543,0.28423625
932544,0.1826291
932545,0.13880599
932546,0.17462821
932547,0.14690903
932548,0.06898254
932549,0.06898254
932550,0.10606881
932551,0.09390583
932552,0.109872825
932553,0.07248053
932554,0.07266329
932555,0.04863812
932556,0.5256498
932557,0.43017444
932558,0.49780858
932559,0.45322102
932560,0.41249093
932561,0.504136
932562,0.41409087
932563,0.4159446
932564,0.3869272
932565,0.1526507
932566,0.4461541
932567,0.5618547
932568,0.67068565
932569,0.7331095
932570,0.71257204
932571,0.68264425
932572,0.76267576
932573,0.7685841
932574,0.7297301
932575,0.79201573
932576,0.7942468
932577,0.79994005
932578,0.7198772
932579,0.7661161
932580,0.67859155
932581,0.7417104
932582,0.735092
932583,0.74393934
932584,0.7559207
932585,0.7381934
932586,0.7220975
932587,0.73552513
932588,0.72707444
932589,0.6246568
932590,0.6404453
932591,0.626601
932592,0.66648394
932593,0.28685722
932594,0.05965257
932595,0.43862882
932596,0.4588445
932597,0.39101207
932598,0.4337235
932599,0.4462714
932600,0.42355138
932601,0.4635302
932602,0.42969778
932603,0.4603913
932604,0.30232868
932605,0.021254344
932606,0.047437325
932607,0.046975814
932608,0.04918458
932609,0.049864076
932610,0.04873167
932611,0.05157771
932612,0.061258975
932613,0.054761607
932614,0.0385103
932615,0.063604005
932616,0.43009645
932617,0.402196
932618,0.41601062
932619,0.40515348
932620,0.40169042
932621,0.43450332
932622,0.4685833
932623,0.419073
932624,0.35107693
932625,0.17913853
932626,0.16124758
932627,0.02269926
932628,0.04572787
932629,0.045280863
932630,0.034844473
932631,0.048835125
932632,0.03797694
932633,0.050548393
932634,0.04196817
932635,0.034729894
932636,0.0756848
932637,0.3746134
932638,0.035183974
932639,0.27118567
932640,0.34047505
932641,0.34725624
932642,0.34613848
932643,0.40043673
932644,0.35291636
932645,0.26391134
932646,0.3136271
932647,0.26634222
932648,0.27808046
932649,0.0116732
932650,0.06787274
932651,0.057246156
932652,0.057782557
932653,0.06397427
932654,0.06568596
932655,0.07632481
932656,0.25082263
932657,0.08753423
932658,0.079716995
932659,0.08982545
932660,0.0804488
932661,0.08982545
932662,0.0653834
932663,0.035598386
932664,0.26315323
932665,0.28443554
932666,0.3249294
932667,0.30600977
932668,0.29117835
932669,0.34421095
932670,0.29145756
932671,0.35662323
932672,0.36531073
932673,0.28703067
932674,0.1507493
932675,0.03188812
932676,0.13637471
932677,0.1304916
932678,0.053353887
932679,0.34295046
932680,0.28106427
932681,0.2723699
932682,0.24486847
932683,0.24395247
932684,0.22641781
932685,0.29091427
932686,0.27566323
932687,0.19545764
932688,0.08399826
932689,0.09200254
932690,0.028100967
932691,0.07333894
932692,0.12060158
932693,0.08417595
932694,0.078682505
932695,0.11745158
932696,0.07747341
932697,0.07796876
932698,0.12465092
932699,0.0691397
932700,0.10235247
932701,0.27495325
932702,0.06928669
932703,0.5553903
932704,0.49008852
932705,0.64977366
932706,0.53257716
932707,0.6491486
932708,0.66429573
932709,0.5765896
932710,0.62247324
932711,0.60233974
932712,0.57902706
932713,0.64478385
932714,0.46009433
932715,0.5386974
932716,0.3590486
932717,0.27467987
932718,0.12943375
932719,0.15486714
932720,0.14824066
932721,0.13488418
932722,0.104905404
932723,0.111349806
932724,0.2417006
932725,0.12611133
932726,0.1012841
932727,0.08767507
932728,0.591164
932729,0.55220354
932730,0.4520566
932731,0.59338504
932732,0.5940124
932733,0.6784422
932734,0.6588363
932735,0.55161506
932736,0.70327973
932737,0.700781
932738,0.67490613
932739,0.69730103
932740,0.59638005
932741,0.65841585
932742,0.57872903
932743,0.5406694
932744,0.6555058
932745,0.42036852
932746,0.13566029
932747,0.16077936
932748,0.17845547
932749,0.16049343
932750,0.1576245
932751,0.12876579
932752,0.05436456
932753,0.19248249
932754,0.15487827
932755,0.01820616
932756,0.12094696
932757,0.09514275
932758,0.094556734
932759,0.14330679
932760,0.09148167
932761,0.09070809
932762,0.0869458
932763,0.08044205
932764,0.08079167
932765,0.021399038
932766,0.05114709
932767,0.1753912
932768,0.032004975
932769,0.10357725
932770,0.06794351
932771,0.09463533
932772,0.08887268
932773,0.082191855
932774,0.08669563
932775,0.009996062
932776,0.02941472
932777,0.024335759
932778,0.019772466
932779,0.011532449
932780,0.017559363
932781,0.022266407
932782,0.010188342
932783,0.059686776
932784,0.00823241
932785,0.064136066
932786,0.014824335
932787,0.015923494
932788,0.026704438
932789,0.013496168
932790,0.023194764
932791,0.10317699
932792,0.03189014
932793,0.025870442
932794,0.2892614
932795,0.17786779
932796,0.1676735
932797,0.18914635
932798,0.22040562
932799,0.3534841
932800,0.27604583
932801,0.2691905
932802,0.030134726
932803,0.046663407
932804,0.044206224
932805,0.042255443
932806,0.4056114
932807,0.49003366
932808,0.5459227
932809,0.6084237
932810,0.59538853
932811,0.59690154
932812,0.6077407
932813,0.62233734
932814,0.613645
932815,0.62927896
932816,0.6184356
932817,0.6278877
932818,0.59083074
932819,0.62971157
932820,0.5873506
932821,0.58013034
932822,0.59110254
932823,0.6222199
932824,0.64456236
932825,0.61190754
932826,0.50703955
932827,0.40053937
932828,0.1929786
932829,0.09942495
932830,0.11202183
932831,0.9857078
932832,0.1792661
932833,0.1792661
932834,0.10768034
932835,0.1260645
932836,0.1039461
932837,0.10010334
932838,0.03702449
932839,0.30627128
932840,0.46153063
932841,0.241722
932842,0.3603691
932843,0.39116988
932844,0.25569895
932845,0.40094054
932846,0.26461178
932847,0.017560497
932848,0.09102746
932849,0.09495589
932850,0.083875895
932851,0.11459212
932852,0.08445623
932853,0.08917465
932854,0.057782423
932855,0.11885445
932856,0.5793877
932857,0.70001
932858,0.67075
932859,0.70641685
932860,0.6460871
932861,0.6668206
932862,0.6571458
932863,0.737489
932864,0.6526689
932865,0.64625806
932866,0.64855546
932867,0.6422618
932868,0.67184097
932869,0.68778974
932870,0.6770725
932871,0.62241614
932872,0.6217329
932873,0.6311778
932874,0.62334156
932875,0.6304042
932876,0.66841555
932877,0.69773287
932878,0.7229255
932879,0.6870647
932880,0.31654423
932881,0.017523786
932882,0.14062758
932883,0.108141415
932884,0.15563342
932885,0.10863375
932886,0.05235952
932887,0.107983515
932888,0.118122846
932889,0.10849489
932890,0.120496586
932891,0.076439284
932892,0.11136052
932893,0.03492335
932894,0.10149885
932895,0.06750707
932896,0.19727184
932897,0.068892814
932898,0.041773137
932899,0.047825374
932900,0.038165916
932901,0.036469772
932902,0.01454131
932903,0.04759334
932904,0.048484378
932905,0.051485628
932906,0.047519322
932907,0.049462255
932908,0.056952424
932909,0.03984506
932910,0.03370385
932911,0.04061756
932912,0.030453023
932913,0.19561206
932914,0.12838605
932915,0.09680515
932916,0.07559249
932917,0.11034295
932918,0.11630061
932919,0.1089099
932920,0.15224321
932921,0.009179892
932922,0.033023972
932923,0.05180992
932924,0.034308765
932925,0.0381091
932926,0.03679643
932927,0.04090002
932928,0.12783101
932929,0.25183064
932930,0.24078792
932931,0.3157551
932932,0.20867367
932933,0.35000345
932934,0.29419154
932935,0.24987733
932936,0.30353618
932937,0.25144747
932938,0.19667213
932939,0.03906983
932940,0.1821629
932941,0.19666798
932942,0.14712921
932943,0.03168166
932944,0.1964333
932945,0.18968575
932946,0.160872
932947,0.71955115
932948,0.67629206
932949,0.71698827
932950,0.8073781
932951,0.8087925
932952,0.75208783
932953,0.75995994
932954,0.73706686
932955,0.73595273
932956,0.7599503
932957,0.7495241
932958,0.7560581
932959,0.72548413
932960,0.76098055
932961,0.73081607
932962,0.7181753
932963,0.7289637
932964,0.41856766
932965,0.12512067
932966,0.6337482
932967,0.70886046
932968,0.8066156
932969,0.8348937
932970,0.8427726
932971,0.86432487
932972,0.8685252
932973,0.85546
932974,0.8770482
932975,0.86302567
932976,0.8854935
932977,0.8741791
932978,0.9013844
932979,0.8919413
932980,0.8858673
932981,0.89506346
932982,0.8895256
932983,0.8916581
932984,0.89737934
932985,0.88833493
932986,0.8943092
932987,0.8907037
932988,0.9068138
932989,0.8770504
932990,0.8844034
932991,0.8799596
932992,0.8784493
932993,0.87893856
932994,0.8885921
932995,0.8890603
932996,0.87428516
932997,0.8874658
932998,0.84639156
932999,0.88770384
933000,0.82478523
933001,0.7689682
933002,0.8225432
933003,0.75157446
933004,0.8225432
933005,0.7903848
933006,0.79223657
933007,0.7898414
933008,0.7880797
933009,0.79280746
933010,0.64645296
933011,0.13647698
933012,0.19797428
933013,0.11867371
933014,0.21133998
933015,0.10260766
933016,0.42154247
933017,0.46532136
933018,0.48565894
933019,0.4286155
933020,0.39999086
933021,0.36825147
933022,0.04688478
933023,0.12157403
933024,0.097961105
933025,0.052954495
933026,0.43591878
933027,0.52075124
933028,0.5201058
933029,0.49931133
933030,0.5428897
933031,0.5477782
933032,0.5403678
933033,0.46361342
933034,0.5722123
933035,0.43203822
933036,0.14309333
933037,0.07933073
933038,0.07341241
933039,0.07178617
933040,0.06821606
933041,0.03302918
933042,0.025483575
933043,0.11369441
933044,0.11302019
933045,0.09097427
933046,0.11325915
933047,0.11060317
933048,0.11458384
933049,0.12558292
933050,0.12222914
933051,0.23546296
933052,0.13501252
933053,0.13344601
933054,0.25276974
933055,0.019289188
933056,0.12572974
933057,0.15795432
933058,0.075700834
933059,0.07753604
933060,0.16898406
933061,0.05988568
933062,0.16803303
933063,0.07326252
933064,0.16467544
933065,0.07888206
933066,0.26390374
933067,0.47992396
933068,0.38509712
933069,0.51536894
933070,0.5225136
933071,0.6019693
933072,0.4253681
933073,0.5682319
933074,0.59758586
933075,0.41802874
933076,0.5667732
933077,0.6317383
933078,0.38285768
933079,0.58550704
933080,0.38361377
933081,0.585335
933082,0.5338843
933083,0.5978881
933084,0.35052145
933085,0.011012937
933086,0.05170441
933087,0.04618791
933088,0.042684946
933089,0.041935205
933090,0.050714813
933091,0.044987466
933092,0.23153055
933093,0.09734078
933094,0.5280731
933095,0.5982321
933096,0.6004345
933097,0.7281395
933098,0.6724685
933099,0.7660467
933100,0.6902514
933101,0.71837443
933102,0.65842205
933103,0.77352995
933104,0.77541494
933105,0.74111825
933106,0.71253395
933107,0.7191294
933108,0.7075898
933109,0.7058069
933110,0.7791656
933111,0.74038947
933112,0.7121766
933113,0.658629
933114,0.73669887
933115,0.6650782
933116,0.629465
933117,0.7197916
933118,0.71306515
933119,0.5999157
933120,0.6638187
933121,0.38323745
933122,0.008983824
933123,0.06286155
933124,0.062075976
933125,0.045445636
933126,0.042878628
933127,0.058592778
933128,0.036932413
933129,0.09499862
933130,0.038506065
933131,0.044336747
933132,0.05292518
933133,0.14220375
933134,0.05731006
933135,0.043182693
933136,0.03467794
933137,0.049091864
933138,0.043602597
933139,0.047301333
933140,0.029488612
933141,0.12830678
933142,0.5436588
933143,0.59241945
933144,0.6695623
933145,0.7284801
933146,0.72132325
933147,0.72080654
933148,0.6899535
933149,0.7493324
933150,0.71707684
933151,0.7046906
933152,0.7272029
933153,0.7798017
933154,0.75266904
933155,0.79907227
933156,0.8152759
933157,0.7954244
933158,0.7458858
933159,0.7601011
933160,0.7606796
933161,0.7775739
933162,0.75157523
933163,0.67675525
933164,0.76589006
933165,0.72430015
933166,0.76068705
933167,0.7171524
933168,0.7023216
933169,0.8004274
933170,0.72090465
933171,0.7107489
933172,0.73016375
933173,0.7255984
933174,0.70785135
933175,0.5597085
933176,0.01120658
933177,0.061019264
933178,0.04835125
933179,0.043863192
933180,0.05443957
933181,0.03328128
933182,0.013763399
933183,0.095336504
933184,0.053399663
933185,0.05652629
933186,0.05525506
933187,0.06260186
933188,0.06019825
933189,0.058877554
933190,0.05848965
933191,0.017357502
933192,0.05161984
933193,0.05295686
933194,0.048770837
933195,0.065084726
933196,0.082547784
933197,0.045016795
933198,0.05416991
933199,0.0528025
933200,0.04270739
933201,0.0225257
933202,0.20275654
933203,0.19834843
933204,0.20333153
933205,0.16892768
933206,0.18630521
933207,0.20941097
933208,0.17648353
933209,0.013120586
933210,0.059650928
933211,0.057165697
933212,0.04558191
933213,0.10859127
933214,0.04299868
933215,0.042165436
933216,0.014475689
933217,0.040160645
933218,0.04699702
933219,0.05768835
933220,0.047506016
933221,0.03972054
933222,0.04677041
933223,0.03379884
933224,0.033161413
933225,0.033570543
933226,0.20979522
933227,0.22814582
933228,0.16390567
933229,0.1979604
933230,0.20546687
933231,0.1424338
933232,0.033206526
933233,0.043547064
933234,0.04540015
933235,0.04370718
933236,0.043352775
933237,0.048285525
933238,0.01205253
933239,0.03878616
933240,0.03804374
933241,0.04664068
933242,0.04819445
933243,0.04701747
933244,0.052710418
933245,0.03814802
933246,0.021954661
933247,0.20066768
933248,0.32664496
933249,0.19596213
933250,0.13627164
933251,0.18279663
933252,0.21898584
933253,0.15401033
933254,0.0089633
933255,0.047402978
933256,0.06259966
933257,0.044011448
933258,0.03614885
933259,0.05216644
933260,0.030502269
933261,0.28731468
933262,0.22326507
933263,0.2767977
933264,0.2744663
933265,0.16711554
933266,0.2076378
933267,0.1904662
933268,0.21561189
933269,0.018316751
933270,0.25885546
933271,0.15489718
933272,0.17713639
933273,0.22462282
933274,0.13655955
933275,0.11196272
933276,0.13383575
933277,0.11506013
933278,0.15817077
933279,0.0861211
933280,0.029812375
933281,0.20787826
933282,0.20821348
933283,0.23052415
933284,0.17244577
933285,0.1895095
933286,0.1762183
933287,0.22729836
933288,0.1745069
933289,0.16034965
933290,0.06132256
933291,0.064505026
933292,0.046026815
933293,0.023482429
933294,0.04281224
933295,0.04668735
933296,0.036187112
933297,0.042361233
933298,0.04656784
933299,0.0346615
933300,0.041537177
933301,0.030949024
933302,0.021857893
933303,0.044833954
933304,0.043253597
933305,0.049538232
933306,0.043990646
933307,0.048268393
933308,0.041903216
933309,0.04350986
933310,0.032670867
933311,0.045605615
933312,0.020468023
933313,0.019035703
933314,0.022069776
933315,0.02180835
933316,0.014346649
933317,0.01781117
933318,0.0266485
933319,0.08808406
933320,0.184906
933321,0.09049327
933322,0.07691273
933323,0.080901004
933324,0.14869353
933325,0.15468039
933326,0.07524155
933327,0.13113372
933328,0.081361644
933329,0.1290583
933330,0.20894212
933331,0.0076561016
933332,0.02273342
933333,0.026940152
933334,0.01850244
933335,0.01407732
933336,0.020300036
933337,0.018057909
933338,0.14779447
933339,0.047495253
933340,0.07541294
933341,0.05780062
933342,0.06454073
933343,0.04742974
933344,0.013318272
933345,0.01795536
933346,0.03942521
933347,0.022078
933348,0.024529476
933349,0.052905466
933350,0.059574343
933351,0.030025782
933352,0.016321307
933353,0.016710917
933354,0.010357437
933355,0.025034336
933356,0.02029753
933357,0.015271414
933358,0.02495658
933359,0.014236203
933360,0.12603544
933361,0.06665023
933362,0.05873891
933363,0.16186687
933364,0.20578128
933365,0.25886434
933366,0.15333857
933367,0.13906868
933368,0.116721034
933369,0.11036685
933370,0.018731274
933371,0.045777056
933372,0.114001475
933373,0.11650018
933374,0.09422396
933375,0.14533295
933376,0.11930725
933377,0.06340756
933378,0.06429252
933379,0.06857534
933380,0.04947902
933381,0.039862722
933382,0.016406596
933383,0.047516864
933384,0.0683705
933385,0.047508318
933386,0.05991414
933387,0.075597584
933388,0.056226514
933389,0.055194672
933390,0.06689614
933391,0.041651078
933392,0.02365682
933393,0.20185392
933394,0.14712884
933395,0.14559041
933396,0.14503829
933397,0.1526354
933398,0.15075155
933399,0.1840527
933400,0.085854955
933401,0.019857531
933402,0.159931
933403,0.10303895
933404,0.09763939
933405,0.06619397
933406,0.085407056
933407,0.08236181
933408,0.29799846
933409,0.21921521
933410,0.214441
933411,0.01877166
933412,0.06066156
933413,0.0767231
933414,0.06242487
933415,0.06263197
933416,0.07373423
933417,0.081289664
933418,0.0691102
933419,0.27767968
933420,0.10112476
933421,0.02431801
933422,0.05779679
933423,0.08198201
933424,0.08791142
933425,0.058910802
933426,0.06439383
933427,0.062473934
933428,0.071029104
933429,0.081749335
933430,0.117620945
933431,0.037543572
933432,0.25709316
933433,0.039872844
933434,0.2903843
933435,0.27102932
933436,0.24505486
933437,0.29911566
933438,0.2930811
933439,0.30886766
933440,0.27449203
933441,0.28188968
933442,0.2980899
933443,0.2669485
933444,0.17695394
933445,0.035074666
933446,0.5573478
933447,0.07466098
933448,0.20490095
933449,0.17912416
933450,0.11407465
933451,0.123600215
933452,0.081718825
933453,0.01143397
933454,0.10242785
933455,0.039696746
933456,0.039247826
933457,0.04157303
933458,0.033595573
933459,0.094114505
933460,0.031549074
933461,0.28761363
933462,0.26006153
933463,0.22696091
933464,0.56969553
933465,0.48735654
933466,0.5399632
933467,0.25547582
933468,0.58951145
933469,0.41415194
933470,0.6078868
933471,0.6602749
933472,0.48636863
933473,0.6424543
933474,0.28072897
933475,0.19646537
933476,0.10407428
933477,0.014102677
933478,0.037259694
933479,0.03686304
933480,0.046368655
933481,0.037936747
933482,0.07953917
933483,0.04504519
933484,0.028434142
933485,0.103227615
933486,0.071458735
933487,0.04746614
933488,0.068157345
933489,0.060414985
933490,0.05129571
933491,0.062000427
933492,0.11339475
933493,0.025571741
933494,0.011945943
933495,0.035366535
933496,0.031557094
933497,0.035253033
933498,0.034889203
933499,0.03604893
933500,0.033051956
933501,0.05831614
933502,0.022241822
933503,0.07812115
933504,0.030836847
933505,0.039692495
933506,0.032398686
933507,0.04662019
933508,0.03047146
933509,0.04507909
933510,0.07116879
933511,0.043560322
933512,0.03435165
933513,0.025532585
933514,0.14259973
933515,0.14771481
933516,0.15113027
933517,0.12370502
933518,0.13457687
933519,0.1492142
933520,0.1574423
933521,0.2236051
933522,0.14570713
933523,0.18378285
933524,0.13119078
933525,0.01124455
933526,0.043809477
933527,0.057201974
933528,0.03157714
933529,0.07375298
933530,0.17692468
933531,0.03328481
933532,0.04731876
933533,0.09210339
933534,0.042010937
933535,0.013810183
933536,0.038118
933537,0.050110355
933538,0.0515061
933539,0.035718545
933540,0.03424431
933541,0.016736595
933542,0.14678219
933543,0.11983194
933544,0.03137346
933545,0.04388807
933546,0.042714905
933547,0.19212507
933548,0.042846564
933549,0.081548855
933550,0.03171562
933551,0.054345686
933552,0.009479291
933553,0.034705933
933554,0.035880785
933555,0.04800001
933556,0.055599954
933557,0.04012776
933558,0.034562796
933559,0.0089465035
933560,0.05106209
933561,0.035595145
933562,0.03672812
933563,0.027873648
933564,0.032217063
933565,0.094018266
933566,0.03239457
933567,0.024779083
933568,0.012007803
933569,0.0420471
933570,0.037785914
933571,0.037786946
933572,0.064687364
933573,0.01111014
933574,0.037435982
933575,0.093411006
933576,0.06458626
933577,0.108477965
933578,0.06373152
933579,0.030210514
933580,0.09705218
933581,0.02946193
933582,0.025387747
933583,0.022253424
933584,0.08481656
933585,0.27262932
933586,0.21377918
933587,0.20310219
933588,0.173137
933589,0.14336689
933590,0.17033362
933591,0.09468117
933592,0.04615659
933593,0.33868092
933594,0.27887595
933595,0.32160178
933596,0.25919065
933597,0.14392106
933598,0.4605139
933599,0.31310284
933600,0.1549047
933601,0.3833686
933602,0.19505139
933603,0.12101073
933604,0.0914734
933605,0.018248955
933606,0.051970948
933607,0.040143598
933608,0.035703324
933609,0.04285631
933610,0.054229047
933611,0.050055753
933612,0.039462596
933613,0.41428497
933614,0.6098342
933615,0.62090886
933616,0.097733326
933617,0.09211944
933618,0.08538913
933619,0.10353405
933620,0.08211572
933621,0.096864805
933622,0.08128304
933623,0.13441569
933624,0.16994786
933625,0.078821644
933626,0.05255932
933627,0.16277447
933628,0.08420583
933629,0.09295239
933630,0.117484175
933631,0.16037111
933632,0.5748302
933633,0.53623664
933634,0.580477
933635,0.58087707
933636,0.6317123
933637,0.60707015
933638,0.6155174
933639,0.67645264
933640,0.59429073
933641,0.5414623
933642,0.5299351
933643,0.6159281
933644,0.47988793
933645,0.447289
933646,0.21465936
933647,0.24715038
933648,0.24272779
933649,0.17952907
933650,0.042101957
933651,0.1168178
933652,0.13216542
933653,0.12587628
933654,0.035079718
933655,0.2666086
933656,0.19902393
933657,0.19690256
933658,0.15048544
933659,0.036967587
933660,0.057474535
933661,0.046273127
933662,0.03144247
933663,0.013035978
933664,0.04768194
933665,0.04694612
933666,0.047106273
933667,0.05301268
933668,0.025882322
933669,0.30557004
933670,0.2241292
933671,0.098280095
933672,0.10988683
933673,0.20298275
933674,0.112392
933675,0.17686032
933676,0.100369096
933677,0.16266018
933678,0.11568479
933679,0.11147666
933680,0.13191406
933681,0.30362737
933682,0.32182392
933683,0.3144625
933684,0.21421438
933685,0.26726413
933686,0.2670194
933687,0.3541119
933688,0.06301084
933689,0.084467605
933690,0.10028708
933691,0.070142046
933692,0.10033512
933693,0.5474084
933694,0.50905365
933695,0.56299806
933696,0.5431504
933697,0.57238734
933698,0.6031635
933699,0.5163438
933700,0.60373306
933701,0.5534763
933702,0.52963334
933703,0.51282305
933704,0.2849699
933705,0.03754115
933706,0.3133409
933707,0.22685577
933708,0.24641803
933709,0.08300025
933710,0.055893414
933711,0.07697423
933712,0.061851535
933713,0.058251467
933714,0.050400116
933715,0.04956294
933716,0.11181695
933717,0.21194795
933718,0.26119733
933719,0.14371693
933720,0.21693416
933721,0.19734702
933722,0.037981637
933723,0.0617354
933724,0.055249207
933725,0.073597975
933726,0.062141504
933727,0.05818293
933728,0.059728768
933729,0.019454578
933730,0.23948786
933731,0.27747205
933732,0.26336992
933733,0.20141779
933734,0.1597888
933735,0.010918444
933736,0.08078067
933737,0.061948184
933738,0.058205027
933739,0.07629323
933740,0.0572249
933741,0.06031091
933742,0.13369451
933743,0.14322898
933744,0.14710121
933745,0.1470168
933746,0.14614789
933747,0.12502219
933748,0.14684734
933749,0.043949462
933750,0.0482625
933751,0.0397696
933752,0.036471974
933753,0.04068298
933754,0.040018763
933755,0.04283071
933756,0.063625276
933757,0.16236271
933758,0.13920495
933759,0.15176758
933760,0.12725578
933761,0.016476735
933762,0.06091768
933763,0.04779938
933764,0.06063012
933765,0.05435669
933766,0.05178518
933767,0.07549868
933768,0.09084602
933769,0.05436771
933770,0.05376047
933771,0.04915462
933772,0.14247122
933773,0.15322916
933774,0.12234976
933775,0.013843532
933776,0.043408103
933777,0.037462648
933778,0.045035664
933779,0.045574505
933780,0.040166993
933781,0.039773155
933782,0.046596196
933783,0.03602713
933784,0.011437344
933785,0.039069016
933786,0.034029014
933787,0.034658223
933788,0.034969814
933789,0.04099215
933790,0.048691504
933791,0.032420173
933792,0.013637368
933793,0.038777187
933794,0.049959127
933795,0.040750157
933796,0.04222234
933797,0.040655732
933798,0.04222753
933799,0.054985758
933800,0.03558689
933801,0.27883187
933802,0.014827901
933803,0.04125401
933804,0.04359058
933805,0.04972238
933806,0.044633612
933807,0.044460513
933808,0.04309346
933809,0.048434153
933810,0.27045465
933811,0.20545295
933812,0.23435582
933813,0.21196303
933814,0.2344196
933815,0.20347857
933816,0.21640673
933817,0.17833109
933818,0.02393686
933819,0.048528615
933820,0.044698864
933821,0.04088126
933822,0.040922265
933823,0.08344954
933824,0.06516883
933825,0.05269506
933826,0.041368812
933827,0.22473978
933828,0.11716128
933829,0.15220453
933830,0.26855734
933831,0.15586464
933832,0.32457078
933833,0.18940774
933834,0.11940557
933835,0.28619736
933836,0.12592778
933837,0.38451326
933838,0.20727955
933839,0.15187858
933840,0.09066621
933841,0.18470801
933842,0.092052445
933843,0.08578561
933844,0.33463973
933845,0.6845256
933846,0.7796447
933847,0.82098097
933848,0.82291955
933849,0.8435551
933850,0.83809364
933851,0.85950154
933852,0.87792146
933853,0.8479598
933854,0.8802185
933855,0.8060721
933856,0.8567584
933857,0.8319235
933858,0.84450555
933859,0.8464973
933860,0.8621864
933861,0.8664111
933862,0.8723787
933863,0.82999474
933864,0.83315223
933865,0.85331666
933866,0.83959377
933867,0.84772444
933868,0.84801537
933869,0.8469443
933870,0.83724105
933871,0.84513307
933872,0.83908534
933873,0.8538763
933874,0.7994434
933875,0.7861421
933876,0.8519121
933877,0.78178066
933878,0.7682443
933879,0.0341014
933880,0.09152894
933881,0.07807095
933882,0.027052164
933883,0.16528063
933884,0.29886857
933885,0.17688878
933886,0.12650649
933887,0.10969979
933888,0.10570338
933889,0.122927904
933890,0.44846576
933891,0.22511014
933892,0.119446866
933893,0.17778851
933894,0.21379125
933895,0.11729484
933896,0.0510598
933897,0.11577014
933898,0.08465947
933899,0.059822686
933900,0.2700977
933901,0.38192734
933902,0.43625602
933903,0.16222012
933904,0.42552814
933905,0.21589857
933906,0.46487975
933907,0.45720285
933908,0.22477911
933909,0.24662486
933910,0.37363973
933911,0.45263296
933912,0.4903904
933913,0.4416825
933914,0.39658242
933915,0.31757295
933916,0.22761542
933917,0.26033622
933918,0.20986542
933919,0.0197975
933920,0.06705108
933921,0.084063224
933922,0.07372151
933923,0.080982424
933924,0.0802401
933925,0.07958212
933926,0.095444866
933927,0.10194111
933928,0.06625548
933929,0.31209224
933930,0.14296222
933931,0.057938
933932,0.042909812
933933,0.17692293
933934,0.36240754
933935,0.503764
933936,0.5134771
933937,0.41074398
933938,0.5352567
933939,0.53187895
933940,0.32462502
933941,0.43474004
933942,0.55957395
933943,0.2487464
933944,0.36909583
933945,0.1382258
933946,0.19828855
933947,0.14095405
933948,0.10249475
933949,0.32909355
933950,0.5998532
933951,0.554558
933952,0.67485696
933953,0.70039344
933954,0.61266696
933955,0.7043034
933956,0.617623
933957,0.7251421
933958,0.727837
933959,0.7397621
933960,0.6974999
933961,0.752531
933962,0.74997663
933963,0.7226997
933964,0.73419774
933965,0.72270054
933966,0.7276893
933967,0.70158166
933968,0.6992108
933969,0.6837651
933970,0.44028166
933971,0.016317442
933972,0.08326939
933973,0.07477895
933974,0.08150682
933975,0.105970986
933976,0.13522135
933977,0.07674066
933978,0.092485026
933979,0.10405834
933980,0.17937012
933981,0.048297632
933982,0.17824522
933983,0.18218939
933984,0.15017909
933985,0.1732299
933986,0.15030295
933987,0.1724062
933988,0.19228068
933989,0.09182697
933990,0.12682378
933991,0.4448336
933992,0.5629751
933993,0.52108365
933994,0.60524297
933995,0.54803693
933996,0.6261081
933997,0.5681869
933998,0.5949769
933999,0.68930966
934000,0.65402627
934001,0.70525724
934002,0.67419106
934003,0.65804
934004,0.5906246
934005,0.6114628
934006,0.6444929
934007,0.6182798
934008,0.3845953
934009,0.026625372
934010,0.13600667
934011,0.13681132
934012,0.14123605
934013,0.136298
934014,0.12620842
934015,0.11432686
934016,0.11012587
934017,0.01712846
934018,0.09183854
934019,0.08818184
934020,0.08440324
934021,0.08394601
934022,0.083576515
934023,0.07075465
934024,0.118989155
934025,0.044240184
934026,0.045821294
934027,0.038866777
934028,0.1412888
934029,0.024662126
934030,0.17051718
934031,0.13203488
934032,0.1122222
934033,0.11007664
934034,0.08365436
934035,0.08828334
934036,0.06358464
934037,0.019572051
934038,0.07290108
934039,0.07077499
934040,0.06683717
934041,0.072554074
934042,0.076645695
934043,0.06016078
934044,0.05363228
934045,0.02361366
934046,0.13728142
934047,0.10122639
934048,0.10816381
934049,0.119013004
934050,0.10511756
934051,0.10842045
934052,0.095140934
934053,0.17844836
934054,0.14573985
934055,0.01926219
934056,0.06539637
934057,0.09619081
934058,0.06926306
934059,0.06842428
934060,0.06658387
934061,0.08526676
934062,0.054625493
934063,0.035877023
934064,0.08535029
934065,0.0963035
934066,0.08463607
934067,0.105902925
934068,0.08387564
934069,0.09854529
934070,0.08938326
934071,0.018328652
934072,0.08188615
934073,0.064249665
934074,0.06729767
934075,0.09114289
934076,0.06308944
934077,0.06203597
934078,0.018362937
934079,0.06368175
934080,0.060563173
934081,0.06867627
934082,0.09639615
934083,0.05505622
934084,0.057834312
934085,0.016009748
934086,0.07141942
934087,0.07916497
934088,0.05167253
934089,0.055686813
934090,0.048615277
934091,0.0577246
934092,0.075894386
934093,0.02481285
934094,0.05544184
934095,0.06753376
934096,0.030136649
934097,0.057376936
934098,0.024722878
934099,0.02618645
934100,0.05533601
934101,0.09140768
934102,0.2647129
934103,0.12289482
934104,0.13861503
934105,0.100569
934106,0.13107571
934107,0.0608578
934108,0.17001013
934109,0.3129187
934110,0.24133085
934111,0.18522091
934112,0.12165609
934113,0.123244695
934114,0.10512543
934115,0.08531272
934116,0.3088211
934117,0.12418523
934118,0.41299328
934119,0.43361682
934120,0.510809
934121,0.56790155
934122,0.55977565
934123,0.5077007
934124,0.51668733
934125,0.5809803
934126,0.60175055
934127,0.57823235
934128,0.43212646
934129,0.5898206
934130,0.50678104
934131,0.5861424
934132,0.33189854
934133,0.04353325
934134,0.1847836
934135,0.23204303
934136,0.105789386
934137,0.19282094
934138,0.09179949
934139,0.10590191
934140,0.08650019
934141,0.10519092
934142,0.082463935
934143,0.10629171
934144,0.07954947
934145,0.047041427
934146,0.116597526
934147,0.12155465
934148,0.16344994
934149,0.06604428
934150,0.3416725
934151,0.4077003
934152,0.50138116
934153,0.6105487
934154,0.5204421
934155,0.5691052
934156,0.62927514
934157,0.57722646
934158,0.59273565
934159,0.5371551
934160,0.6223359
934161,0.5947411
934162,0.5843631
934163,0.5455167
934164,0.49077126
934165,0.4969373
934166,0.3672795
934167,0.035393875
934168,0.103973635
934169,0.101206176
934170,0.094466284
934171,0.109223604
934172,0.06530042
934173,0.12317365
934174,0.037412904
934175,0.4049591
934176,0.28927442
934177,0.43419418
934178,0.29722232
934179,0.37768224
934180,0.38498494
934181,0.34833404
934182,0.36186534
934183,0.23928401
934184,0.35744464
934185,0.3597852
934186,0.30407962
934187,0.020097926
934188,0.09996028
934189,0.09775714
934190,0.12909052
934191,0.09646025
934192,0.09003481
934193,0.0838243
934194,0.06803443
934195,0.035456102
934196,0.11188606
934197,0.088717215
934198,0.025223618
934199,0.08269477
934200,0.07168899
934201,0.08887364
934202,0.08714203
934203,0.055118807
934204,0.031804267
934205,0.09920121
934206,0.027179355
934207,0.103727326
934208,0.10581403
934209,0.0703842
934210,0.08216094
934211,0.080271035
934212,0.09006149
934213,0.06702615
934214,0.08247451
934215,0.07609308
934216,0.020387668
934217,0.08564763
934218,0.08642479
934219,0.07759115
934220,0.10556128
934221,0.08650524
934222,0.082831874
934223,0.06487145
934224,0.055196654
934225,0.09908292
934226,0.06961159
934227,0.06517712
934228,0.18704595
934229,0.11270775
934230,0.12915386
934231,0.10876171
934232,0.11537104
934233,0.112212814
934234,0.076366894
934235,0.037375674
934236,0.09442389
934237,0.08037229
934238,0.092186935
934239,0.07688486
934240,0.08350516
934241,0.07569883
934242,0.021275513
934243,0.13428253
934244,0.118976034
934245,0.113963634
934246,0.1211555
934247,0.11337028
934248,0.121983014
934249,0.13880283
934250,0.022483375
934251,0.103632234
934252,0.07636398
934253,0.07303921
934254,0.07679933
934255,0.08909386
934256,0.10665933
934257,0.020152874
934258,0.094779335
934259,0.094866164
934260,0.08950506
934261,0.07373718
934262,0.06970095
934263,0.053750403
934264,0.07951454
934265,0.058353227
934266,0.023225829
934267,0.09136233
934268,0.10540538
934269,0.08376505
934270,0.06224876
934271,0.08440018
934272,0.09349006
934273,0.07572027
934274,0.0116784265
934275,0.045961093
934276,0.049190156
934277,0.047228146
934278,0.04519741
934279,0.043435574
934280,0.0373839
934281,0.023438578
934282,0.06952409
934283,0.07495708
934284,0.083818875
934285,0.07606114
934286,0.090801895
934287,0.060591597
934288,0.015417442
934289,0.049677126
934290,0.04900309
934291,0.04488906
934292,0.04932831
934293,0.042575818
934294,0.036902837
934295,0.023010632
934296,0.090573475
934297,0.0798588
934298,0.07170563
934299,0.085280575
934300,0.08378738
934301,0.09319503
934302,0.09228623
934303,0.29020563
934304,0.3221026
934305,0.24098204
934306,0.014365826
934307,0.04433289
934308,0.046472408
934309,0.042177174
934310,0.052850362
934311,0.044689205
934312,0.041822884
934313,0.27524048
934314,0.15496996
934315,0.12686418
934316,0.16268648
934317,0.09412672
934318,0.01820805
934319,0.09146029
934320,0.08248521
934321,0.08540041
934322,0.09990723
934323,0.09177005
934324,0.07893024
934325,0.06539294
934326,0.04925667
934327,0.38650787
934328,0.33406988
934329,0.29917842
934330,0.32403493
934331,0.30132365
934332,0.2639174
934333,0.033955265
934334,0.06474979
934335,0.064052455
934336,0.042404708
934337,0.05570969
934338,0.13735491
934339,0.13696389
934340,0.1277808
934341,0.13852228
934342,0.13140312
934343,0.13972254
934344,0.11535317
934345,0.03304784
934346,0.20882398
934347,0.2116733
934348,0.20598431
934349,0.21172404
934350,0.21664442
934351,0.21139562
934352,0.20567822
934353,0.23664662
934354,0.2541001
934355,0.19917825
934356,0.19697164
934357,0.03199462
934358,0.14567721
934359,0.1242039
934360,0.12110805
934361,0.108514674
934362,0.121813886
934363,0.15563804
934364,0.112689205
934365,0.052095473
934366,0.03451628
934367,0.34793198
934368,0.32169044
934369,0.22637986
934370,0.30235916
934371,0.17407446
934372,0.35365084
934373,0.369282
934374,0.3841588
934375,0.3683467
934376,0.27580383
934377,0.3079812
934378,0.025062073
934379,0.13049203
934380,0.17338854
934381,0.26098064
934382,0.19942239
934383,0.26220447
934384,0.31417218
934385,0.25447848
934386,0.26485938
934387,0.32533902
934388,0.19062674
934389,0.02754924
934390,0.10346622
934391,0.08693285
934392,0.05406645
934393,0.0811854
934394,0.24627185
934395,0.13795526
934396,0.09833321
934397,0.06990036
934398,0.14529148
934399,0.08378593
934400,0.13409466
934401,0.09400639
934402,0.0931809
934403,0.048478384
934404,0.09286508
934405,0.10393218
934406,0.0961152
934407,0.11454191
934408,0.32138705
934409,0.04513735
934410,0.13965194
934411,0.14161743
934412,0.21275608
934413,0.34745792
934414,0.43174756
934415,0.34845066
934416,0.25279644
934417,0.42277446
934418,0.58690375
934419,0.30020323
934420,0.5102029
934421,0.44822767
934422,0.4148342
934423,0.29664353
934424,0.17248364
934425,0.18084748
934426,0.023973724
934427,0.082511425
934428,0.08649635
934429,0.043257408
934430,0.080351815
934431,0.10125222
934432,0.06652971
934433,0.02105058
934434,0.068238646
934435,0.10634273
934436,0.19943102
934437,0.13550574
934438,0.12150494
934439,0.02860649
934440,0.23626672
934441,0.16243888
934442,0.35580856
934443,0.22866866
934444,0.19014704
934445,0.25140443
934446,0.27734694
934447,0.22783174
934448,0.16710958
934449,0.26972643
934450,0.23234914
934451,0.16631912
934452,0.25951183
934453,0.34868923
934454,0.20398767
934455,0.07398428
934456,0.31272662
934457,0.18342613
934458,0.26675045
934459,0.29982054
934460,0.16734247
934461,0.20366299
934462,0.2675833
934463,0.2487517
934464,0.19395511
934465,0.2338126
934466,0.56480384
934467,0.6020092
934468,0.77105725
934469,0.811869
934470,0.8294246
934471,0.8531373
934472,0.84786147
934473,0.8791522
934474,0.87233293
934475,0.88547236
934476,0.8416605
934477,0.889731
934478,0.8911928
934479,0.88770723
934480,0.88932717
934481,0.89325434
934482,0.89198464
934483,0.89965385
934484,0.89965385
934485,0.9039463
934486,0.896896
934487,0.8873152
934488,0.8778533
934489,0.8970803
934490,0.8952236
934491,0.9042694
934492,0.89762414
934493,0.9120683
934494,0.8940754
934495,0.8967282
934496,0.88553184
934497,0.89772373
934498,0.91228217
934499,0.89280033
934500,0.8990799
934501,0.9026121
934502,0.89145076
934503,0.8973715
934504,0.8807616
934505,0.88751996
934506,0.9037079
934507,0.88751996
934508,0.9037079
934509,0.87900007
934510,0.87222916
934511,0.8905558
934512,0.8842925
934513,0.8934085
934514,0.8900996
934515,0.9009788
934516,0.8865723
934517,0.8869317
934518,0.87771136
934519,0.87684035
934520,0.8888856
934521,0.8776462
934522,0.87584126
934523,0.86091006
934524,0.8817658
934525,0.87347096
934526,0.87389517
934527,0.8615222
934528,0.86056113
934529,0.86983275
934530,0.85939634
934531,0.6054688
934532,0.8464945
934533,0.8690121
934534,0.87419564
934535,0.86713505
934536,0.8664908
934537,0.86808693
934538,0.59398437
934539,0.097859904
934540,0.062075604
934541,0.07279016
934542,0.059430808
934543,0.0828939
934544,0.082816675
934545,0.048541404
934546,0.12868138
934547,0.9889116
934548,0.08037174
934549,0.11207791
934550,0.087847225
934551,0.10707955
934552,0.052663554
934553,0.16152127
934554,0.12595983
934555,0.07944855
934556,0.07973491
934557,0.0609263
934558,0.047669515
934559,0.01753967
934560,0.10612066
934561,0.086580016
934562,0.10209166
934563,0.09656555
934564,0.08303832
934565,0.089843206
934566,0.08987211
934567,0.08699394
934568,0.018570626
934569,0.09718991
934570,0.101312034
934571,0.08720572
934572,0.091740906
934573,0.112192065
934574,0.086876586
934575,0.07689674
934576,0.033370126
934577,0.023861453
934578,0.094467826
934579,0.15216401
934580,0.089157864
934581,0.10944568
934582,0.13379095
934583,0.10187455
934584,0.08218711
934585,0.0660512
934586,0.041029964
934587,0.11683946
934588,0.121719375
934589,0.5006066
934590,0.665428
934591,0.59610313
934592,0.6517889
934593,0.64954513
934594,0.6066138
934595,0.66754335
934596,0.60927635
934597,0.65351945
934598,0.59115326
934599,0.6155881
934600,0.5995771
934601,0.56086147
934602,0.45216897
934603,0.06010911
934604,0.42888838
934605,0.503867
934606,0.5687357
934607,0.57691425
934608,0.5789594
934609,0.5814626
934610,0.5814626
934611,0.5859469
934612,0.59618473
934613,0.59894323
934614,0.4976201
934615,0.53311133
934616,0.4566875
934617,0.52095014
934618,0.527889
934619,0.49588436
934620,0.4847781
934621,0.2431278
934622,0.26955143
934623,0.2999374
934624,0.2863497
934625,0.17166343
934626,0.032384668
934627,0.12865445
934628,0.11153246
934629,0.09340893
934630,0.11751663
934631,0.17691597
934632,0.28362095
934633,0.49417296
934634,0.6402252
934635,0.5999188
934636,0.6793212
934637,0.7005123
934638,0.70482945
934639,0.7127978
934640,0.71155494
934641,0.71629727
934642,0.7255036
934643,0.77231336
934644,0.73735684
934645,0.7151753
934646,0.7457693
934647,0.77207947
934648,0.7617059
934649,0.732939
934650,0.7105724
934651,0.6672124
934652,0.69606245
934653,0.7253139
934654,0.68949014
934655,0.40062803
934656,0.27084514
934657,0.22942567
934658,0.25668046
934659,0.14027543
934660,0.094686024
934661,0.11052486
934662,0.10151834
934663,0.10350135
934664,0.06685518
934665,0.022313269
934666,0.14725208
934667,0.1545018
934668,0.14624049
934669,0.15575598
934670,0.1594073
934671,0.14713286
934672,0.11148817
934673,0.015356182
934674,0.089467786
934675,0.09984071
934676,0.082490794
934677,0.0941534
934678,0.08879749
934679,0.09970701
934680,0.16634321
934681,0.24774921
934682,0.2711247
934683,0.19635372
934684,0.25561574
934685,0.13902687
934686,0.12530479
934687,0.12125033
934688,0.06699695
934689,0.105871394
934690,0.091122486
934691,0.3547584
934692,0.23214275
934693,0.23296082
934694,0.22720322
934695,0.24034263
934696,0.17867897
934697,0.22373606
934698,0.15080787
934699,0.02246424
934700,0.13640983
934701,0.13605934
934702,0.15280677
934703,0.13518915
934704,0.13643855
934705,0.13825677
934706,0.08414071
934707,0.19884501
934708,0.16177246
934709,0.078573324
934710,0.06260351
934711,0.06950635
934712,0.08998886
934713,0.03120559
934714,0.039768502
934715,0.018895973
934716,0.14439714
934717,0.14180212
934718,0.12767813
934719,0.13739133
934720,0.13097183
934721,0.13651693
934722,0.09076909
934723,0.077338494
934724,0.013857638
934725,0.07653486
934726,0.07820287
934727,0.07673585
934728,0.06710173
934729,0.068058714
934730,0.07902921
934731,0.057011995
934732,0.05631423
934733,0.18609849
934734,0.18795747
934735,0.11681126
934736,0.016247755
934737,0.10720172
934738,0.03977624
934739,0.09604096
934740,0.07152017
934741,0.090409726
934742,0.07496282
934743,0.12448338
934744,0.24524847
934745,0.14239392
934746,0.024568962
934747,0.18820593
934748,0.18216631
934749,0.1548313
934750,0.15927815
934751,0.14322317
934752,0.15491468
934753,0.15051924
934754,0.15157068
934755,0.0708641
934756,0.20521653
934757,0.29618493
934758,0.1420233
934759,0.07026774
934760,0.13140167
934761,0.14260794
934762,0.08554063
934763,0.43295088
934764,0.43998024
934765,0.4758994
934766,0.50663584
934767,0.60187995
934768,0.53762424
934769,0.586036
934770,0.42942518
934771,0.52405745
934772,0.59487844
934773,0.40646788
934774,0.54843557
934775,0.26783025
934776,0.04218085
934777,0.0621883
934778,0.24800088
934779,0.5180015
934780,0.65890205
934781,0.26022604
934782,0.30903655
934783,0.27703217
934784,0.27720323
934785,0.2631349
934786,0.11422231
934787,0.12769341
934788,0.71888745
934789,0.73627484
934790,0.68183404
934791,0.62581015
934792,0.6204388
934793,0.24880897
934794,0.10713129
934795,0.20787852
934796,0.27563712
934797,0.19842623
934798,0.16403694
934799,0.19024618
934800,0.18087539
934801,0.0754656
934802,0.028220922
934803,0.09185926
934804,0.07614103
934805,0.09459366
934806,0.030762807
934807,0.21889476
934808,0.26610985
934809,0.26208696
934810,0.27633277
934811,0.29067078
934812,0.26346138
934813,0.18283312
934814,0.007108426
934815,0.0122504635
934816,0.02905215
934817,0.03789345
934818,0.038394123
934819,0.024384592
934820,0.022057723
934821,0.022820147
934822,0.01123043
934823,0.43447176
934824,0.010732413
934825,0.040118508
934826,0.025119087
934827,0.024948899
934828,0.023083026
934829,0.010362468
934830,0.02664324
934831,0.028308086
934832,0.020366129
934833,0.027033038
934834,0.028734852
934835,0.016305888
934836,0.008260309
934837,0.030427085
934838,0.021453522
934839,0.022995295
934840,0.051723015
934841,0.018996498
934842,0.0143085485
934843,0.047270928
934844,0.0418048
934845,0.2852062
934846,0.08531415
934847,0.03104426
934848,0.051015936
934849,0.3328352
934850,0.32294744
934851,0.2819692
934852,0.17295803
934853,0.025103947
934854,0.35464528
934855,0.31147203
934856,0.32336274
934857,0.33166867
934858,0.28820577
934859,0.34587333
934860,0.34338656
934861,0.22482462
934862,0.07255786
934863,0.21961072
934864,0.4097768
934865,0.46194348
934866,0.4689464
934867,0.4489509
934868,0.5542558
934869,0.52246976
934870,0.51616436
934871,0.53499526
934872,0.52471703
934873,0.5183875
934874,0.38256562
934875,0.02143496
934876,0.15167825
934877,0.14966048
934878,0.14305404
934879,0.14305404
934880,0.14040892
934881,0.1625516
934882,0.1551928
934883,0.099917054
934884,0.07548287
934885,0.096280284
934886,0.09269813
934887,0.10452117
934888,0.15234372
934889,0.14045696
934890,0.124639094
934891,0.091516115
934892,0.048412602
934893,0.32290432
934894,0.27364698
934895,0.26497942
934896,0.20968123
934897,0.024139913
934898,0.13364242
934899,0.1414876
934900,0.09634411
934901,0.13708675
934902,0.01861592
934903,0.09261474
934904,0.091078706
934905,0.25167352
934906,0.12262366
934907,0.10458255
934908,0.22725333
934909,0.13414128
934910,0.04240161
934911,0.07481756
934912,0.33683264
934913,0.53049797
934914,0.6183688
934915,0.5850098
934916,0.5756385
934917,0.56048465
934918,0.53918827
934919,0.59966123
934920,0.5137244
934921,0.52700585
934922,0.42632535
934923,0.35397172
934924,0.03738428
934925,0.14849624
934926,0.14465392
934927,0.14917189
934928,0.09978511
934929,0.08252066
934930,0.10224965
934931,0.01119409
934932,0.07543855
934933,0.07426126
934934,0.05191168
934935,0.04840041
934936,0.2730527
934937,0.17010626
934938,0.09922267
934939,0.07230018
934940,0.11290652
934941,0.12105039
934942,0.044853397
934943,0.10010497
934944,0.049499545
934945,0.067547984
934946,0.16781251
934947,0.16018549
934948,0.13259092
934949,0.11578596
934950,0.1637319
934951,0.21035644
934952,0.26223278
934953,0.023004694
934954,0.12582429
934955,0.081640944
934956,0.091989994
934957,0.044095546
934958,0.07072177
934959,0.09472651
934960,0.10266924
934961,0.046072196
934962,0.09092054
934963,0.056458313
934964,0.06300905
934965,0.07039297
934966,0.07304835
934967,0.058107488
934968,0.02375638
934969,0.038893823
934970,0.10300134
934971,0.13516589
934972,0.036160156
934973,0.040953793
934974,0.032789096
934975,0.04697525
934976,0.046136174
934977,0.056818772
934978,0.01620627
934979,0.08882112
934980,0.077446476
934981,0.10113675
934982,0.09243903
934983,0.46039274
934984,0.0292289
934985,0.075621314
934986,0.21844658
934987,0.30734572
934988,0.068984024
934989,0.038247794
934990,0.065588176
934991,0.039732147
934992,0.0504691
934993,0.29012764
934994,0.038730647
934995,0.013330083
934996,0.08008882
934997,0.05015034
934998,0.0656284
934999,0.10476192
935000,0.062450107
935001,0.024214182
935002,0.030535517
935003,0.026215252
935004,0.033719614
935005,0.00935734
935006,0.027353544
935007,0.036017016
935008,0.031207697
935009,0.06746316
935010,0.25931653
935011,0.1428831
935012,0.118866354
935013,0.12816681
935014,0.09426177
935015,0.14333296
935016,0.29807672
935017,0.50322413
935018,0.5757873
935019,0.57510656
935020,0.5527463
935021,0.6312983
935022,0.6185447
935023,0.5963239
935024,0.6950826
935025,0.7110606
935026,0.7071087
935027,0.6880527
935028,0.656521
935029,0.62068856
935030,0.43146998
935031,0.43589893
935032,0.27350175
935033,0.319702
935034,0.38720474
935035,0.41722056
935036,0.3550475
935037,0.34866083
935038,0.23920682
935039,0.2799918
935040,0.17806633
935041,0.17648256
935042,0.16024019
935043,0.5477888
935044,0.42851913
935045,0.4700899
935046,0.4679009
935047,0.4707564
935048,0.4645919
935049,0.4664475
935050,0.48026752
935051,0.5062404
935052,0.46804997
935053,0.4838701
935054,0.33124533
935055,0.054070696
935056,0.31079268
935057,0.3066512
935058,0.26156613
935059,0.30440342
935060,0.19860357
935061,0.24109647
935062,0.042210687
935063,0.20855567
935064,0.2259636
935065,0.1949512
935066,0.18759552
935067,0.19853644
935068,0.18668164
935069,0.1982746
935070,0.04452174
935071,0.4611588
935072,0.4935524
935073,0.51711196
935074,0.57161736
935075,0.59049404
935076,0.5465901
935077,0.5821425
935078,0.5691571
935079,0.57045054
935080,0.53862023
935081,0.54400945
935082,0.5266522
935083,0.5314051
935084,0.5616699
935085,0.53766125
935086,0.33355558
935087,0.11970349
935088,0.12281755
935089,0.05577715
935090,0.05950595
935091,0.029495899
935092,0.048139296
935093,0.35641113
935094,0.36943766
935095,0.39521384
935096,0.33342662
935097,0.4137322
935098,0.41678905
935099,0.33508995
935100,0.21909288
935101,0.13350648
935102,0.12399616
935103,0.12941289
935104,0.13220818
935105,0.082975425
935106,0.053735424
935107,0.019040499
935108,0.12700742
935109,0.15330654
935110,0.14942212
935111,0.19065206
935112,0.15727013
935113,0.13322312
935114,0.009927969
935115,0.023703735
935116,0.026094662
935117,0.02408274
935118,0.021972634
935119,0.02037938
935120,0.03752166
935121,0.022526933
935122,0.1357484
935123,0.2031577
935124,0.009082338
935125,0.048541218
935126,0.012925747
935127,0.028329145
935128,0.019822568
935129,0.036549617
935130,0.022442596
935131,0.023879953
935132,0.07553841
935133,0.07124859
935134,0.06455012
935135,0.04711523
935136,0.0631383
935137,0.06291727
935138,0.30926007
935139,0.12794851
935140,0.10144031
935141,0.016243663
935142,0.017268961
935143,0.03248651
935144,0.035085447
935145,0.03182114
935146,0.016397033
935147,0.06913635
935148,0.009200225
935149,0.014562051
935150,0.013719733
935151,0.012518403
935152,0.029117726
935153,0.03586211
935154,0.024932126
935155,0.021104338
935156,0.32095113
935157,0.017839763
935158,0.07776484
935159,0.04257505
935160,0.038336333
935161,0.3866397
935162,0.4909074
935163,0.43937448
935164,0.44906673
935165,0.45260474
935166,0.5414563
935167,0.5183516
935168,0.4802268
935169,0.46051273
935170,0.51939046
935171,0.47211707
935172,0.4572234
935173,0.47132874
935174,0.30970386
935175,0.014265893
935176,0.025545223
935177,0.011533068
935178,0.018279297
935179,0.022873098
935180,0.017572338
935181,0.031763513
935182,0.068069845
935183,0.14224708
935184,0.62494296
935185,0.69616693
935186,0.8052452
935187,0.72031665
935188,0.83901554
935189,0.8357207
935190,0.8229716
935191,0.8340621
935192,0.80683535
935193,0.86103344
935194,0.83286005
935195,0.8686694
935196,0.8544912
935197,0.87895596
935198,0.85897297
935199,0.86323065
935200,0.9057297
935201,0.8716433
935202,0.86936796
935203,0.86929804
935204,0.8632616
935205,0.85434294
935206,0.8757817
935207,0.8894088
935208,0.8554919
935209,0.87067753
935210,0.85778856
935211,0.84401757
935212,0.86876184
935213,0.8638813
935214,0.8682656
935215,0.8232967
935216,0.8165785
935217,0.82974267
935218,0.8144377
935219,0.79923385
935220,0.7543465
935221,0.6979463
935222,0.81528866
935223,0.69653994
935224,0.73969114
935225,0.8070483
935226,0.78677106
935227,0.6862208
935228,0.5733547
935229,0.008240415
935230,0.029009039
935231,0.024509005
935232,0.020725783
935233,0.020960685
935234,0.023014948
935235,0.021126533
935236,0.025247024
935237,0.1391601
935238,0.035656426
935239,0.08621524
935240,0.24044746
935241,0.26148573
935242,0.30445525
935243,0.09919736
935244,0.122657456
935245,0.24763872
935246,0.3562914
935247,0.21557084
935248,0.33429655
935249,0.22874136
935250,0.24249901
935251,0.22530858
935252,0.27775675
935253,0.3936144
935254,0.19903952
935255,0.28974572
935256,0.2048975
935257,0.22576997
935258,0.25153103
935259,0.22987823
935260,0.21264753
935261,0.18308456
935262,0.034038942
935263,0.15270372
935264,0.14633834
935265,0.1434804
935266,0.14430948
935267,0.11133085
935268,0.028589545
935269,0.24077012
935270,0.24364725
935271,0.24566159
935272,0.22598314
935273,0.34603596
935274,0.25072208
935275,0.21670735
935276,0.20816696
935277,0.16698124
935278,0.32965592
935279,0.23956056
935280,0.431886
935281,0.52993506
935282,0.473408
935283,0.4237734
935284,0.53301346
935285,0.5096934
935286,0.21281278
935287,0.65371877
935288,0.68909204
935289,0.77591836
935290,0.777652
935291,0.79229695
935292,0.811053
935293,0.85309917
935294,0.79896253
935295,0.7675033
935296,0.8173982
935297,0.78791565
935298,0.7521477
935299,0.8068989
935300,0.7985265
935301,0.7717927
935302,0.78554744
935303,0.8205643
935304,0.80183357
935305,0.8102805
935306,0.6638565
935307,0.80039346
935308,0.730649
935309,0.7416244
935310,0.7255727
935311,0.708001
935312,0.7417276
935313,0.77928907
935314,0.7144054
935315,0.54439175
935316,0.08349631
935317,0.52541673
935318,0.5357364
935319,0.5932624
935320,0.63204354
935321,0.5783381
935322,0.6855611
935323,0.54780835
935324,0.5473604
935325,0.58161026
935326,0.59714305
935327,0.6416592
935328,0.5860535
935329,0.6100624
935330,0.5695297
935331,0.6083115
935332,0.62000126
935333,0.5755386
935334,0.36144102
935335,0.05162624
935336,0.35918716
935337,0.34056503
935338,0.3191753
935339,0.38023177
935340,0.38753933
935341,0.33287266
935342,0.37455118
935343,0.3670497
935344,0.34638575
935345,0.40986583
935346,0.23259324
935347,0.09353673
935348,0.42933866
935349,0.51545113
935350,0.5324233
935351,0.4781984
935352,0.59115475
935353,0.611272
935354,0.6016379
935355,0.58320016
935356,0.6097237
935357,0.557196
935358,0.6248569
935359,0.57725745
935360,0.60812366
935361,0.6029965
935362,0.61883265
935363,0.6014111
935364,0.38959926
935365,0.08858359
935366,0.576355
935367,0.64225477
935368,0.77211267
935369,0.7891813
935370,0.67051977
935371,0.7848689
935372,0.8416986
935373,0.8811688
935374,0.877574
935375,0.8434584
935376,0.8484981
935377,0.88253796
935378,0.863937
935379,0.8709358
935380,0.87925094
935381,0.8728403
935382,0.8879274
935383,0.87948185
935384,0.8770979
935385,0.87973475
935386,0.8732163
935387,0.90763766
935388,0.87814224
935389,0.898597
935390,0.8632571
935391,0.86557853
935392,0.864582
935393,0.8407901
935394,0.88891846
935395,0.8611588
935396,0.84499085
935397,0.8411808
935398,0.85799205
935399,0.8344386
935400,0.78019005
935401,0.798163
935402,0.68520665
935403,0.13646619
935404,0.612372
935405,0.7189336
935406,0.7342995
935407,0.7606335
935408,0.78249633
935409,0.7816664
935410,0.81565213
935411,0.8264724
935412,0.81377155
935413,0.82080144
935414,0.8064014
935415,0.8055564
935416,0.8271505
935417,0.8538103
935418,0.818354
935419,0.83658487
935420,0.83965176
935421,0.8167026
935422,0.8342718
935423,0.8099842
935424,0.80521905
935425,0.81908995
935426,0.8240526
935427,0.8062734
935428,0.81831926
935429,0.818362
935430,0.8091444
935431,0.79456896
935432,0.8091253
935433,0.8298939
935434,0.8090807
935435,0.8066784
935436,0.79342276
935437,0.7899762
935438,0.795745
935439,0.7392866
935440,0.761941
935441,0.79094666
935442,0.7721515
935443,0.74740475
935444,0.788252
935445,0.79083127
935446,0.75273854
935447,0.7218254
935448,0.040911037
935449,0.26206872
935450,0.22286151
935451,0.26246646
935452,0.20257136
935453,0.23779278
935454,0.12400135
935455,0.10553551
935456,0.09949597
935457,0.10292141
935458,0.09268497
935459,0.09949597
935460,0.11804114
935461,0.09077769
935462,0.4697395
935463,0.35502714
935464,0.41822308
935465,0.40524137
935466,0.07445796
935467,0.05464856
935468,0.05364395
935469,0.048550237
935470,0.05316549
935471,0.2712099
935472,0.25116476
935473,0.12852444
935474,0.14558148
935475,0.93732786
935476,0.0132427085
935477,0.04878655
935478,0.043037117
935479,0.050574217
935480,0.11166744
935481,0.046358027
935482,0.04199051
935483,0.042311583
935484,0.18534432
935485,0.10905969
935486,0.14412238
935487,0.12514421
935488,0.11977686
935489,0.10586392
935490,0.07751162
935491,0.24888135
935492,0.10547121
935493,0.06896603
935494,0.2304488
935495,0.17222741
935496,0.043407798
935497,0.046227586
935498,0.04163648
935499,0.047831822
935500,0.037724275
935501,0.057395954
935502,0.027962564
935503,0.071455926
935504,0.121127605
935505,0.013887469
935506,0.05531996
935507,0.0524878
935508,0.052352246
935509,0.051910937
935510,0.058853652
935511,0.065258056
935512,0.05537865
935513,0.07007096
935514,0.046731267
935515,0.0702875
935516,0.026738057
935517,0.07938946
935518,0.20846029
935519,0.11573465
935520,0.13417907
935521,0.10205691
935522,0.109229214
935523,0.09522416
935524,0.1031376
935525,0.09994698
935526,0.10651321
935527,0.062459376
935528,0.27179298
935529,0.21585725
935530,0.20756093
935531,0.016190844
935532,0.056113917
935533,0.057440575
935534,0.047026694
935535,0.051417198
935536,0.053346768
935537,0.055435035
935538,0.059621327
935539,0.061634447
935540,0.040919945
935541,0.0071566533
935542,0.02676548
935543,0.009999574
935544,0.019197278
935545,0.011707428
935546,0.01990004
935547,0.00953397
935548,0.017500382
935549,0.34125918
935550,0.53008664
935551,0.5656664
935552,0.6324243
935553,0.6763644
935554,0.6695153
935555,0.6890995
935556,0.6888214
935557,0.7066354
935558,0.64452684
935559,0.6574515
935560,0.7067874
935561,0.6931393
935562,0.62032235
935563,0.6842943
935564,0.7031937
935565,0.67820394
935566,0.658111
935567,0.6391778
935568,0.6547582
935569,0.60763377
935570,0.5712432
935571,0.29498574
935572,0.010359555
935573,0.02254439
935574,0.01788012
935575,0.010008065
935576,0.019181304
935577,0.033297025
935578,0.010225416
935579,0.02208511
935580,0.052145414
935581,0.030971235
935582,0.030574119
935583,0.06798692
935584,0.16677806
935585,0.16951248
935586,0.16507435
935587,0.22520974
935588,0.13107328
935589,0.107366785
935590,0.106871374
935591,0.11128153
935592,0.11188522
935593,0.10988039
935594,0.08326098
935595,0.006741323
935596,0.016483204
935597,0.009421197
935598,0.020416982
935599,0.021474605
935600,0.010861918
935601,0.02089215
935602,0.018901693
935603,0.0076815686
935604,0.039095066
935605,0.0345754
935606,0.031036643
935607,0.029113783
935608,0.027812295
935609,0.030182524
935610,0.13670361
935611,0.1407084
935612,0.12213171
935613,0.0884278
935614,0.010421362
935615,0.016772635
935616,0.008906571
935617,0.029814823
935618,0.024445426
935619,0.045864437
935620,0.020971851
935621,0.017105902
935622,0.015650002
935623,0.012741673
935624,0.053801697
935625,0.045639873
935626,0.21399137
935627,0.23524271
935628,0.2682925
935629,0.2126987
935630,0.019336946
935631,0.11677909
935632,0.11266603
935633,0.110376604
935634,0.10878007
935635,0.1043541
935636,0.1269164
935637,0.07315288
935638,0.0064794323
935639,0.011623546
935640,0.007638663
935641,0.01977768
935642,0.014651548
935643,0.014437197
935644,0.016221078
935645,0.037692457
935646,0.016732296
935647,0.062259413
935648,0.06722881
935649,0.04185301
935650,0.22432734
935651,0.24959178
935652,0.18807866
935653,0.23459207
935654,0.21271905
935655,0.2317315
935656,0.2348584
935657,0.017905401
935658,0.12099932
935659,0.10794708
935660,0.10712445
935661,0.11365559
935662,0.10519963
935663,0.10078915
935664,0.070561774
935665,0.0058225202
935666,0.0096537955
935667,0.021836445
935668,0.015281629
935669,0.023603147
935670,0.010888371
935671,0.0093618585
935672,0.035117827
935673,0.14681299
935674,0.14385872
935675,0.047058895
935676,0.035310928
935677,0.02774956
935678,0.022885287
935679,0.022680517
935680,0.02492249
935681,0.101483434
935682,0.016987722
935683,0.018422674
935684,0.019220749
935685,0.049004037
935686,0.19738245
935687,0.19297971
935688,0.25577903
935689,0.23160973
935690,0.2780731
935691,0.30900648
935692,0.18480012
935693,0.1840279
935694,0.21507873
935695,0.17517923
935696,0.06391147
935697,0.05052748
935698,0.044411696
935699,0.04416483
935700,0.14491493
935701,0.18081401
935702,0.14467959
935703,0.18107511
935704,0.19137669
935705,0.17054982
935706,0.011011389
935707,0.047777995
935708,0.060916808
935709,0.0436384
935710,0.0472998
935711,0.08736512
935712,0.010371807
935713,0.0461782
935714,0.043973424
935715,0.042963363
935716,0.054314766
935717,0.04161052
935718,0.05778991
935719,0.026722964
935720,0.07735915
935721,0.058738712
935722,0.052271355
935723,0.12162268
935724,0.049987674
935725,0.046719532
935726,0.011516636
935727,0.010934976
935728,0.01760722
935729,0.018730521
935730,0.010385261
935731,0.021510385
935732,0.009171914
935733,0.10197414
935734,0.011579781
935735,0.019569764
935736,0.06995054
935737,0.060300376
935738,0.07070269
935739,0.23646475
935740,0.18178263
935741,0.0060596666
935742,0.030141974
935743,0.010942121
935744,0.020405442
935745,0.016873889
935746,0.019849882
935747,0.024056878
935748,0.44259587
935749,0.51368886
935750,0.28810778
935751,0.41787246
935752,0.52557564
935753,0.4203582
935754,0.5286026
935755,0.46602115
935756,0.39416245
935757,0.5267043
935758,0.29417044
935759,0.06288127
935760,0.42516366
935761,0.5779434
935762,0.4528724
935763,0.3106998
935764,0.5353893
935765,0.5159816
935766,0.5621731
935767,0.2988097
935768,0.3145321
935769,0.5077789
935770,0.48270962
935771,0.37100643
935772,0.008402796
935773,0.010195408
935774,0.015999136
935775,0.011054553
935776,0.02416214
935777,0.019481417
935778,0.018161668
935779,0.016247284
935780,0.11753258
935781,0.40097925
935782,0.63908684
935783,0.4144789
935784,0.6954926
935785,0.72272414
935786,0.7199335
935787,0.7086103
935788,0.7040516
935789,0.74078906
935790,0.72157884
935791,0.7495855
935792,0.7037345
935793,0.69747347
935794,0.69320786
935795,0.72258353
935796,0.720837
935797,0.7112156
935798,0.57334656
935799,0.02065487
935800,0.011147241
935801,0.01232552
935802,0.024625696
935803,0.031015009
935804,0.02614818
935805,0.032855466
935806,0.017015215
935807,0.024046386
935808,0.027782245
935809,0.038053878
935810,0.29257178
935811,0.55248547
935812,0.5878729
935813,0.57201505
935814,0.5407638
935815,0.49433035
935816,0.60008883
935817,0.5331163
935818,0.57730687
935819,0.56892467
935820,0.45002937
935821,0.3270333
935822,0.00633582
935823,0.021407187
935824,0.019890295
935825,0.009640611
935826,0.01404477
935827,0.02316756
935828,0.011031009
935829,0.01885068
935830,0.58416533
935831,0.58467984
935832,0.65103376
935833,0.6434625
935834,0.628612
935835,0.6401983
935836,0.69742197
935837,0.6594457
935838,0.66876346
935839,0.65183854
935840,0.6736765
935841,0.65038675
935842,0.6498475
935843,0.6646808
935844,0.6587572
935845,0.63264537
935846,0.6480674
935847,0.64413565
935848,0.6016768
935849,0.65297335
935850,0.6097863
935851,0.6162327
935852,0.5093538
935853,0.11178167
935854,0.32966
935855,0.28106204
935856,0.24158697
935857,0.010498762
935858,0.027515626
935859,0.020992553
935860,0.023186047
935861,0.10275381
935862,0.06713621
935863,0.04417102
935864,0.27889588
935865,0.22607529
935866,0.25725558
935867,0.27191675
935868,0.20389226
935869,0.25923845
935870,0.08224014
935871,0.12220707
935872,0.10518275
935873,0.11008046
935874,0.13034728
935875,0.09300003
935876,0.102212876
935877,0.06643984
935878,0.057267733
935879,0.055695616
935880,0.053692456
935881,0.015246524
935882,0.15968893
935883,0.052728545
935884,0.11745276
935885,0.08705674
935886,0.07552421
935887,0.09384064
935888,0.02695345
935889,0.060918357
935890,0.057593435
935891,0.08828365
935892,0.022994135
935893,0.12838781
935894,0.091615945
935895,0.110604115
935896,0.09097856
935897,0.08320067
935898,0.032749824
935899,0.1464617
935900,0.12546816
935901,0.1074164
935902,0.2253818
935903,0.024390657
935904,0.07678391
935905,0.103301905
935906,0.083593495
935907,0.07299313
935908,0.047156233
935909,0.060698286
935910,0.05100954
935911,0.11490037
935912,0.0383811
935913,0.07419671
935914,0.0731883
935915,0.16012354
935916,0.6089782
935917,0.6330179
935918,0.7500513
935919,0.5576876
935920,0.5923392
935921,0.71934384
935922,0.6124964
935923,0.61476976
935924,0.6221804
935925,0.6311517
935926,0.62307435
935927,0.41506734
935928,0.037123412
935929,0.083439134
935930,0.10742106
935931,0.11305181
935932,0.10279073
935933,0.07592764
935934,0.013365243
935935,0.08245768
935936,0.09077887
935937,0.07586438
935938,0.08037349
935939,0.07424382
935940,0.084449016
935941,0.11669604
935942,0.35097176
935943,0.32446447
935944,0.2615198
935945,0.100226216
935946,0.12385787
935947,0.09969083
935948,0.23159249
935949,0.36111453
935950,0.34100443
935951,0.36079857
935952,0.38016284
935953,0.42469424
935954,0.38123637
935955,0.41975495
935956,0.33595064
935957,0.20838329
935958,0.18214281
935959,0.19049151
935960,0.17435798
935961,0.18331276
935962,0.17927602
935963,0.18624862
935964,0.13447088
935965,0.11920318
935966,0.21199322
935967,0.012225251
935968,0.054549728
935969,0.056116816
935970,0.05723779
935971,0.06438198
935972,0.0535011
935973,0.07321465
935974,0.045601785
935975,0.010951527
935976,0.05513408
935977,0.053558405
935978,0.055657845
935979,0.056460965
935980,0.060433593
935981,0.048999034
935982,0.025220145
935983,0.016049601
935984,0.022326035
935985,0.02325096
935986,0.025444381
935987,0.0072283377
935988,0.022855882
935989,0.019339293
935990,0.02014749
935991,0.026081147
935992,0.019917201
935993,0.018808933
935994,0.28427872
935995,0.18194388
935996,0.40735263
935997,0.27125198
935998,0.21076706
935999,0.037979014
936000,0.30024213
936001,0.20962952
936002,0.24919564
936003,0.23596929
936004,0.20846495
936005,0.20575683
936006,0.1636236
936007,0.15338218
936008,0.15406634
936009,0.13691066
936010,0.031055767
936011,0.20687105
936012,0.3617667
936013,0.18569209
936014,0.19072972
936015,0.1859729
936016,0.24375795
936017,0.17446752
936018,0.03984963
936019,0.40739578
936020,0.5126638
936021,0.4609267
936022,0.48234475
936023,0.44076714
936024,0.44186428
936025,0.52020746
936026,0.43979335
936027,0.42114276
936028,0.40153372
936029,0.339623
936030,0.0711045
936031,0.51920253
936032,0.53494585
936033,0.59306574
936034,0.6076332
936035,0.5868431
936036,0.6081309
936037,0.5922615
936038,0.6095285
936039,0.5940302
936040,0.60994935
936041,0.58147883
936042,0.5910693
936043,0.58102465
936044,0.3283853
936045,0.046891063
936046,0.24107629
936047,0.2615506
936048,0.24669214
936049,0.2537111
936050,0.29194966
936051,0.28256878
936052,0.32222742
936053,0.23322234
936054,0.037590932
936055,0.15432653
936056,0.17054331
936057,0.15697917
936058,0.08858434
936059,0.15277068
936060,0.099767685
936061,0.09642246
936062,0.09501832
936063,0.08612008
936064,0.10687236
936065,0.10547581
936066,0.062575266
936067,0.5612754
936068,0.48905888
936069,0.6078091
936070,0.5680016
936071,0.55150443
936072,0.43895853
936073,0.70581806
936074,0.64859736
936075,0.6328078
936076,0.4589188
936077,0.16067886
936078,0.25397128
936079,0.5154322
936080,0.15148297
936081,0.61616313
936082,0.6057912
936083,0.19416183
936084,0.17324987
936085,0.121664986
936086,0.13959609
936087,0.094730005
936088,0.16377279
936089,0.24833408
936090,0.22607125
936091,0.1837809
936092,0.029544346
936093,0.11493224
936094,0.113539636
936095,0.11261306
936096,0.13561857
936097,0.11020547
936098,0.11013056
936099,0.11150578
936100,0.1910344
936101,0.123154014
936102,0.19182086
936103,0.023001788
936104,0.12161547
936105,0.12938057
936106,0.10756263
936107,0.071955055
936108,0.0906796
936109,0.08475499
936110,0.049186397
936111,0.5317849
936112,0.58667725
936113,0.6468152
936114,0.5993991
936115,0.6933659
936116,0.5995851
936117,0.6977539
936118,0.76355
936119,0.6268949
936120,0.6182005
936121,0.64842266
936122,0.6030513
936123,0.65948826
936124,0.6216853
936125,0.38315123
936126,0.0517366
936127,0.15173553
936128,0.1661182
936129,0.07954814
936130,0.54092884
936131,0.6382841
936132,0.6291585
936133,0.622498
936134,0.67011154
936135,0.6808798
936136,0.64117646
936137,0.64777106
936138,0.66116506
936139,0.63916874
936140,0.6051837
936141,0.70597756
936142,0.59365064
936143,0.6459682
936144,0.6861111
936145,0.44930008
936146,0.18777826
936147,0.1413692
936148,0.11968903
936149,0.047561936
936150,0.36493248
936151,0.34276965
936152,0.527168
936153,0.48142368
936154,0.4563437
936155,0.48077962
936156,0.4330907
936157,0.5597442
936158,0.42840147
936159,0.38761827
936160,0.29344335
936161,0.04486491
936162,0.2828511
936163,0.28887472
936164,0.2559493
936165,0.27200332
936166,0.22434098
936167,0.20978305
936168,0.19949572
936169,0.21777341
936170,0.31522354
936171,0.12531255
936172,0.11164289
936173,0.1474911
936174,0.12279517
936175,0.2114597
936176,0.48361656
936177,0.5966622
936178,0.6059438
936179,0.6671275
936180,0.67470855
936181,0.5471212
936182,0.63841605
936183,0.70621854
936184,0.798659
936185,0.7448806
936186,0.791557
936187,0.7632005
936188,0.7162921
936189,0.70904416
936190,0.8060189
936191,0.7628912
936192,0.40384194
936193,0.22265601
936194,0.09814052
936195,0.04107818
936196,0.20766151
936197,0.16331275
936198,0.26593843
936199,0.14986366
936200,0.11428028
936201,0.12799922
936202,0.11244689
936203,0.122814074
936204,0.15004219
936205,0.10713767
936206,0.055766735
936207,0.052953035
936208,0.05799542
936209,0.05064439
936210,0.13427605
936211,0.19411771
936212,0.14858578
936213,0.17915678
936214,0.23245819
936215,0.17306331
936216,0.20371929
936217,0.2546612
936218,0.1720439
936219,0.15473834
936220,0.13189463
936221,0.2926944
936222,0.28718647
936223,0.038282815
936224,0.225762
936225,0.16208883
936226,0.15944576
936227,0.17983948
936228,0.19613822
936229,0.19509755
936230,0.17661269
936231,0.31853956
936232,0.3773637
936233,0.3886913
936234,0.40204012
936235,0.36013538
936236,0.38716114
936237,0.41969383
936238,0.34688422
936239,0.4096697
936240,0.3489308
936241,0.30273572
936242,0.082476884
936243,0.24864636
936244,0.15357769
936245,0.18397693
936246,0.17879544
936247,0.038695015
936248,0.1441902
936249,0.1064765
936250,0.3389416
936251,0.27338982
936252,0.28247893
936253,0.2514517
936254,0.2296477
936255,0.015660502
936256,0.03279975
936257,0.08944532
936258,0.1581268
936259,0.045142166
936260,0.041987747
936261,0.041082934
936262,0.04393917
936263,0.047986142
936264,0.015119634
936265,0.03507403
936266,0.014866485
936267,0.07322503
936268,0.07137278
936269,0.051483743
936270,0.05457078
936271,0.04068654
936272,0.020675536
936273,0.056680262
936274,0.06830864
936275,0.47719494
936276,0.4829875
936277,0.6326653
936278,0.63035387
936279,0.5090563
936280,0.626196
936281,0.65586096
936282,0.56453604
936283,0.62499774
936284,0.6400446
936285,0.58652073
936286,0.68421316
936287,0.47934934
936288,0.5922267
936289,0.4486255
936290,0.47070226
936291,0.5398689
936292,0.46877068
936293,0.34173247
936294,0.12858854
936295,0.08108169
936296,0.058022168
936297,0.054732736
936298,0.055704243
936299,0.065734275
936300,0.055728003
936301,0.0586277
936302,0.28486776
936303,0.22851226
936304,0.04140138
936305,0.24715044
936306,0.2543307
936307,0.2114249
936308,0.22445412
936309,0.21916862
936310,0.22631522
936311,0.08345917
936312,0.25063494
936313,0.2006604
936314,0.1931817
936315,0.15805055
936316,0.03228456
936317,0.24944085
936318,0.24823464
936319,0.19516642
936320,0.2353921
936321,0.24886899
936322,0.24894807
936323,0.1587236
936324,0.06103067
936325,0.23914026
936326,0.18336847
936327,0.21014842
936328,0.25551814
936329,0.2411159
936330,0.11694594
936331,0.12439272
936332,0.120130636
936333,0.09495767
936334,0.13879442
936335,0.062180035
936336,0.425979
936337,0.35102004
936338,0.3752376
936339,0.5500026
936340,0.47438237
936341,0.47665504
936342,0.20682648
936343,0.2710882
936344,0.31204784
936345,0.25551134
936346,0.29588485
936347,0.1958946
936348,0.21665518
936349,0.05936865
936350,0.22285987
936351,0.95958483
936352,0.17759097
936353,0.1805438
936354,0.18765692
936355,0.15449622
936356,0.021407073
936357,0.10895391
936358,0.15792622
936359,0.105437584
936360,0.111183494
936361,0.103990786
936362,0.11531297
936363,0.060745087
936364,0.08004932
936365,0.31670338
936366,0.3888569
936367,0.5514534
936368,0.41098103
936369,0.38168615
936370,0.05636462
936371,0.9647235
936372,0.23211735
936373,0.223115
936374,0.32659844
936375,0.350337
936376,0.22754914
936377,0.38272753
936378,0.20973106
936379,0.13426885
936380,0.044413317
936381,0.1325856
936382,0.48356014
936383,0.45741686
936384,0.45751595
936385,0.47487208
936386,0.47487208
936387,0.47360963
936388,0.5126817
936389,0.25668404
936390,0.48506874
936391,0.45788264
936392,0.31491816
936393,0.07593134
936394,0.5095114
936395,0.45014778
936396,0.46332386
936397,0.42751878
936398,0.48207754
936399,0.44164014
936400,0.15521361
936401,0.1387178
936402,0.14232025
936403,0.12427479
936404,0.044380855
936405,0.15020211
936406,0.13967048
936407,0.13774157
936408,0.142389
936409,0.15775032
936410,0.16974527
936411,0.10757768
936412,0.019137911
936413,0.10372156
936414,0.11837722
936415,0.103990786
936416,0.10021564
936417,0.15036643
936418,0.055168495
936419,0.08770498
936420,0.07219021
936421,0.49459523
936422,0.4812738
936423,0.45375994
936424,0.46110365
936425,0.46249577
936426,0.45862892
936427,0.26143003
936428,0.19952667
936429,0.19804311
936430,0.21098614
936431,0.16694091
936432,0.16284116
936433,0.16059649
936434,0.21477468
936435,0.20863642
936436,0.17889398
936437,0.030970829
936438,0.12967686
936439,0.05041591
936440,0.052181523
936441,0.047643933
936442,0.065248795
936443,0.037991654
936444,0.048629913
936445,0.14650245
936446,0.1467895
936447,0.14854746
936448,0.1484306
936449,0.14096008
936450,0.15427473
936451,0.117301665
936452,0.03414347
936453,0.13626492
936454,0.13023025
936455,0.11412359
936456,0.119109996
936457,0.052927885
936458,0.046934847
936459,0.14464957
936460,0.1333446
936461,0.036457375
936462,0.05740931
936463,0.056774102
936464,0.055538017
936465,0.054311965
936466,0.058809355
936467,0.06799283
936468,0.05763539
936469,0.07510607
936470,0.0332439
936471,0.17540176
936472,0.1602359
936473,0.13730784
936474,0.13455148
936475,0.1612589
936476,0.14857285
936477,0.100802265
936478,0.24396308
936479,0.12289262
936480,0.10503817
936481,0.12985747
936482,0.13218595
936483,0.12193793
936484,0.08566159
936485,0.0372459
936486,0.12988566
936487,0.11888606
936488,0.11333543
936489,0.096735336
936490,0.077160805
936491,0.14130744
936492,0.013939237
936493,0.048952553
936494,0.052146167
936495,0.05407085
936496,0.049738392
936497,0.057845697
936498,0.08459417
936499,0.18546484
936500,0.022811769
936501,0.14697406
936502,0.1571874
936503,0.1400124
936504,0.16966459
936505,0.13380167
936506,0.15255246
936507,0.1602877
936508,0.14456838
936509,0.08108103
936510,0.019403134
936511,0.11157355
936512,0.106880344
936513,0.09887623
936514,0.09815175
936515,0.11619669
936516,0.10480386
936517,0.150319
936518,0.045312475
936519,0.16565076
936520,0.24134573
936521,0.31939632
936522,0.25955996
936523,0.025712058
936524,0.13845862
936525,0.13221224
936526,0.11510886
936527,0.1120026
936528,0.10918318
936529,0.11153123
936530,0.085606724
936531,0.5726904
936532,0.5119962
936533,0.5486573
936534,0.6585966
936535,0.6482016
936536,0.6512408
936537,0.67212796
936538,0.66487485
936539,0.6622179
936540,0.65575755
936541,0.6165844
936542,0.56699413
936543,0.6149773
936544,0.4576578
936545,0.21087946
936546,0.23501807
936547,0.17095464
936548,0.028933868
936549,0.027644604
936550,0.033992533
936551,0.01979515
936552,0.039026514
936553,0.030964753
936554,0.03226471
936555,0.23773557
936556,0.2574501
936557,0.15089202
936558,0.028285712
936559,0.13743715
936560,0.15367512
936561,0.15877731
936562,0.044689674
936563,0.030916335
936564,0.036545325
936565,0.015583473
936566,0.029742483
936567,0.025560468
936568,0.02527538
936569,0.05308156
936570,0.31349725
936571,0.27687636
936572,0.036683634
936573,0.15778331
936574,0.12408073
936575,0.12723666
936576,0.11690727
936577,0.26482984
936578,0.16660085
936579,0.07777629
936580,0.11097367
936581,0.061052453
936582,0.050047155
936583,0.059339978
936584,0.11517707
936585,0.09354914
936586,0.05242998
936587,0.088390365
936588,0.20830189
936589,0.17996323
936590,0.03209519
936591,0.14224447
936592,0.13145766
936593,0.12583804
936594,0.12583804
936595,0.11720252
936596,0.02566747
936597,0.1373956
936598,0.14540763
936599,0.11501733
936600,0.015576092
936601,0.058818117
936602,0.06388877
936603,0.0523345
936604,0.06477654
936605,0.05273735
936606,0.053863615
936607,0.05749646
936608,0.068280436
936609,0.5205434
936610,0.48007578
936611,0.38978803
936612,0.4283973
936613,0.41744682
936614,0.4193788
936615,0.26460463
936616,0.4181291
936617,0.4955078
936618,0.26873776
936619,0.1082404
936620,0.071284965
936621,0.24918906
936622,0.25080666
936623,0.01445698
936624,0.030959124
936625,0.034373123
936626,0.18001989
936627,0.18449096
936628,0.21037488
936629,0.13095239
936630,0.018049004
936631,0.035691734
936632,0.030547349
936633,0.028908659
936634,0.036985215
936635,0.1704947
936636,0.21443322
936637,0.009611703
936638,0.03178843
936639,0.02763717
936640,0.017129192
936641,0.040208932
936642,0.034923296
936643,0.01069625
936644,0.029577607
936645,0.02893034
936646,0.0318187
936647,0.0207701
936648,0.0709649
936649,0.2230197
936650,0.29134956
936651,0.14897686
936652,0.15870886
936653,0.15091474
936654,0.16253181
936655,0.17268513
936656,0.21256562
936657,0.1648499
936658,0.14190379
936659,0.017567154
936660,0.088413976
936661,0.07966083
936662,0.08287302
936663,0.086838394
936664,0.06633925
936665,0.054921374
936666,0.07810103
936667,0.56202614
936668,0.59502596
936669,0.74355984
936670,0.716795
936671,0.7023169
936672,0.7233632
936673,0.71887183
936674,0.7175558
936675,0.7772907
936676,0.72143257
936677,0.7046268
936678,0.7055328
936679,0.68851614
936680,0.72747654
936681,0.66190606
936682,0.6394991
936683,0.4158952
936684,0.026252072
936685,0.097516954
936686,0.10327245
936687,0.084614664
936688,0.08960561
936689,0.062432013
936690,0.026133297
936691,0.11931011
936692,0.10316133
936693,0.016786214
936694,0.13064429
936695,0.14704348
936696,0.20757276
936697,0.30564713
936698,0.15181866
936699,0.07961386
936700,0.079620585
936701,0.20104668
936702,0.096635394
936703,0.19920146
936704,0.06070977
936705,0.016751064
936706,0.21846373
936707,0.36989644
936708,0.18490598
936709,0.3243791
936710,0.28822556
936711,0.42864674
936712,0.40124786
936713,0.24004814
936714,0.36169985
936715,0.23918352
936716,0.11843135
936717,0.056354165
936718,0.03740668
936719,0.1251884
936720,0.23736663
936721,0.39461574
936722,0.5279615
936723,0.19943641
936724,0.26719794
936725,0.1998753
936726,0.269885
936727,0.37491462
936728,0.1896312
936729,0.15597133
936730,0.2815239
936731,0.5180825
936732,0.21091518
936733,0.02834504
936734,0.1399409
936735,0.07094105
936736,0.11564392
936737,0.13834055
936738,0.09620442
936739,0.082542926
936740,0.119164206
936741,0.15565541
936742,0.0830598
936743,0.07514879
936744,0.16427597
936745,0.043984193
936746,0.123994105
936747,0.14540851
936748,0.20565261
936749,0.21549371
936750,0.13839456
936751,0.11661327
936752,0.110234
936753,0.11215689
936754,0.11658619
936755,0.11412925
936756,0.13804962
936757,0.17157575
936758,0.14110598
936759,0.2936254
936760,0.17051813
936761,0.18934365
936762,0.1592684
936763,0.15611088
936764,0.08728725
936765,0.040623013
936766,0.23316611
936767,0.21920668
936768,0.27852044
936769,0.16122052
936770,0.19907007
936771,0.22297627
936772,0.2621432
936773,0.17823522
936774,0.21766873
936775,0.023914697
936776,0.1681387
936777,0.14353442
936778,0.100751385
936779,0.059131622
936780,0.05111154
936781,0.011932258
936782,0.038176183
936783,0.038283877
936784,0.03913623
936785,0.034373626
936786,0.042692743
936787,0.031781826
936788,0.013343354
936789,0.031615153
936790,0.030173328
936791,0.028369172
936792,0.038375527
936793,0.030499352
936794,0.027669705
936795,0.011437172
936796,0.029795615
936797,0.044242475
936798,0.0355969
936799,0.028513122
936800,0.2541969
936801,0.16179447
936802,0.0083730705
936803,0.0334001
936804,0.036715176
936805,0.03524274
936806,0.035530042
936807,0.035530042
936808,0.029734557
936809,0.25911623
936810,0.038425226
936811,0.1151982
936812,0.117619835
936813,0.113112114
936814,0.010831351
936815,0.073119804
936816,0.035700608
936817,0.04296704
936818,0.037954494
936819,0.035607416
936820,0.04865071
936821,0.039454456
936822,0.011405455
936823,0.04245165
936824,0.048752144
936825,0.035632882
936826,0.040073957
936827,0.043956187
936828,0.037991878
936829,0.031720046
936830,0.009972704
936831,0.033550452
936832,0.038506567
936833,0.036257003
936834,0.031632777
936835,0.04009502
936836,0.03176979
936837,0.044752315
936838,0.23492731
936839,0.14903988
936840,0.14281334
936841,0.12026688
936842,0.03859688
936843,0.14879036
936844,0.13281791
936845,0.1278979
936846,0.20343307
936847,0.3433593
936848,0.19739155
936849,0.08003027
936850,0.07579317
936851,0.074405976
936852,0.07900062
936853,0.07921046
936854,0.074632734
936855,0.07400565
936856,0.058862668
936857,0.28890908
936858,0.014708264
936859,0.08530621
936860,0.08306383
936861,0.090609185
936862,0.073565535
936863,0.071893126
936864,0.074035406
936865,0.080756724
936866,0.054484766
936867,0.2950684
936868,0.20529857
936869,0.08792285
936870,0.0881782
936871,0.07607245
936872,0.08494258
936873,0.080390826
936874,0.063895464
936875,0.17966253
936876,0.11018466
936877,0.12727998
936878,0.106883734
936879,0.11496518
936880,0.11382553
936881,0.102016024
936882,0.560654
936883,0.61462057
936884,0.7320749
936885,0.8164089
936886,0.85068965
936887,0.8536919
936888,0.85751784
936889,0.8399816
936890,0.8665827
936891,0.863513
936892,0.8472495
936893,0.8733684
936894,0.87464947
936895,0.8555384
936896,0.83149606
936897,0.8416193
936898,0.83929884
936899,0.86447746
936900,0.8346723
936901,0.8350291
936902,0.82080585
936903,0.8258251
936904,0.8260814
936905,0.8499198
936906,0.7916514
936907,0.79669994
936908,0.7872791
936909,0.38368028
936910,0.01817181
936911,0.08974974
936912,0.09027238
936913,0.078104
936914,0.07269616
936915,0.09084037
936916,0.18005618
936917,0.019427514
936918,0.10275477
936919,0.09253988
936920,0.09084748
936921,0.120704286
936922,0.08769192
936923,0.06996318
936924,0.09664556
936925,0.058620818
936926,0.028951645
936927,0.08946977
936928,0.0857617
936929,0.06640601
936930,0.045052823
936931,0.1884917
936932,0.018119987
936933,0.1217027
936934,0.07592657
936935,0.08031317
936936,0.051626284
936937,0.05800627
936938,0.04953418
936939,0.052208804
936940,0.12878895
936941,0.01871628
936942,0.043330353
936943,0.123625234
936944,0.114956856
936945,0.053144265
936946,0.04798369
936947,0.052536875
936948,0.05976804
936949,0.13039443
936950,0.060388707
936951,0.049902555
936952,0.109332696
936953,0.025790645
936954,0.090850666
936955,0.07451415
936956,0.057655152
936957,0.22751571
936958,0.20376788
936959,0.09208368
936960,0.2560886
936961,0.1653771
936962,0.060588844
936963,0.1078707
936964,0.1560137
936965,0.011557642
936966,0.06630287
936967,0.06283909
936968,0.06699735
936969,0.06066171
936970,0.061935797
936971,0.07270885
936972,0.3059497
936973,0.017016515
936974,0.076356724
936975,0.043955244
936976,0.08298229
936977,0.08258606
936978,0.038055573
936979,0.071396895
936980,0.06871608
936981,0.030502658
936982,0.012874172
936983,0.051446952
936984,0.058987655
936985,0.06467571
936986,0.03998699
936987,0.034977797
936988,0.030230267
936989,0.009325709
936990,0.050974455
936991,0.07457552
936992,0.06700118
936993,0.06464462
936994,0.07402919
936995,0.06791547
936996,0.09360443
936997,0.060862068
936998,0.010691624
936999,0.04581776
937000,0.11974925
937001,0.10355802
937002,0.040786535
937003,0.060378667
937004,0.071211144
937005,0.055410072
937006,0.032064043
937007,0.016662516
937008,0.040459458
937009,0.0552741
937010,0.03671876
937011,0.07397301
937012,0.06531253
937013,0.028254936
937014,0.30270562
937015,0.33128533
937016,0.26968613
937017,0.27549642
937018,0.25541496
937019,0.32395646
937020,0.25099054
937021,0.25847614
937022,0.011728826
937023,0.06430724
937024,0.045494054
937025,0.09656456
937026,0.077641964
937027,0.028832288
937028,0.07353875
937029,0.05596942
937030,0.04656116
937031,0.048647113
937032,0.014046045
937033,0.04325702
937034,0.06887965
937035,0.07643165
937036,0.07167345
937037,0.068665594
937038,0.040694714
937039,0.071078144
937040,0.0361004
937041,0.059824366
937042,0.060314015
937043,0.28962687
937044,0.22902489
937045,0.21190841
937046,0.18534043
937047,0.15064123
937048,0.20719467
937049,0.098947644
937050,0.097520545
937051,0.10458636
937052,0.090565585
937053,0.10138563
937054,0.10076668
937055,0.10381438
937056,0.08612049
937057,0.093122095
937058,0.13276662
937059,0.063324034
937060,0.075330816
937061,0.106157206
937062,0.05282305
937063,0.01265515
937064,0.06892121
937065,0.06439357
937066,0.070700556
937067,0.04882028
937068,0.15753
937069,0.13092206
937070,0.057236012
937071,0.23970293
937072,0.015480936
937073,0.104667306
937074,0.045168895
937075,0.08526235
937076,0.12703197
937077,0.099138655
937078,0.10870023
937079,0.0915844
937080,0.0436665
937081,0.027336655
937082,0.07804237
937083,0.11907017
937084,0.075987846
937085,0.10754146
937086,0.12752588
937087,0.40521654
937088,0.30396277
937089,0.23221281
937090,0.16226083
937091,0.051221114
937092,0.14910911
937093,0.14339337
937094,0.13447064
937095,0.13781397
937096,0.145091
937097,0.18977137
937098,0.13014291
937099,0.14757465
937100,0.1760174
937101,0.11194096
937102,0.1342733
937103,0.14015089
937104,0.16136305
937105,0.11542667
937106,0.20729098
937107,0.10637176
937108,0.0916485
937109,0.08525194
937110,0.05662663
937111,0.055921655
937112,0.035670716
937113,0.12851682
937114,0.11783537
937115,0.12067556
937116,0.015921708
937117,0.071769156
937118,0.06775752
937119,0.06455708
937120,0.028886614
937121,0.030679587
937122,0.0843875
937123,0.036249846
937124,0.07997708
937125,0.0076718694
937126,0.08604601
937127,0.08470754
937128,0.07189894
937129,0.0340938
937130,0.06496581
937131,0.03073372
937132,0.08056242
937133,0.05455848
937134,0.04321199
937135,0.046248008
937136,0.040445205
937137,0.09600813
937138,0.15167913
937139,0.2904099
937140,0.21745747
937141,0.23646016
937142,0.07980612
937143,0.08235841
937144,0.05520141
937145,0.04598684
937146,0.0822666
937147,0.058144547
937148,0.07363636
937149,0.060252283
937150,0.056086965
937151,0.22426732
937152,0.01834891
937153,0.08309765
937154,0.05830297
937155,0.05653881
937156,0.08013831
937157,0.15606123
937158,0.1425173
937159,0.13684574
937160,0.34662637
937161,0.28721112
937162,0.165168
937163,0.06125806
937164,0.5162417
937165,0.5868501
937166,0.6481551
937167,0.6697044
937168,0.68036044
937169,0.68642104
937170,0.67729926
937171,0.6850409
937172,0.6906728
937173,0.6807887
937174,0.6650779
937175,0.66198146
937176,0.62347776
937177,0.62295747
937178,0.6156602
937179,0.64005935
937180,0.3335162
937181,0.0983505
937182,0.044510372
937183,0.05757016
937184,0.045660157
937185,0.0507591
937186,0.040584404
937187,0.041335437
937188,0.13099939
937189,0.019782975
937190,0.049473155
937191,0.05423834
937192,0.050370123
937193,0.05293822
937194,0.05442082
937195,0.06652128
937196,0.046284974
937197,0.0453962
937198,0.03739251
937199,0.2738674
937200,0.2724136
937201,0.25096938
937202,0.1654844
937203,0.15270883
937204,0.08733693
937205,0.09848526
937206,0.04156873
937207,0.02158451
937208,0.06532213
937209,0.047783874
937210,0.05960438
937211,0.06413848
937212,0.030525483
937213,0.25430208
937214,0.23429054
937215,0.2025043
937216,0.013181212
937217,0.10711683
937218,0.10330129
937219,0.089462504
937220,0.09311189
937221,0.094553135
937222,0.08995136
937223,0.066166915
937224,0.16323125
937225,0.084512174
937226,0.08621703
937227,0.07170849
937228,0.074297115
937229,0.08449491
937230,0.067573264
937231,0.0269952
937232,0.15862903
937233,0.15651108
937234,0.27468073
937235,0.22027677
937236,0.2768696
937237,0.27475974
937238,0.24807721
937239,0.27937424
937240,0.17505804
937241,0.22577785
937242,0.15074293
937243,0.097313866
937244,0.28565246
937245,0.3384298
937246,0.34055954
937247,0.017170545
937248,0.09572014
937249,0.09143038
937250,0.085066676
937251,0.08586474
937252,0.08557433
937253,0.07383727
937254,0.019860612
937255,0.078764364
937256,0.082444616
937257,0.09254472
937258,0.09294229
937259,0.10023432
937260,0.13442758
937261,0.10734759
937262,0.08312729
937263,0.41280058
937264,0.42002752
937265,0.49968573
937266,0.72592604
937267,0.70997566
937268,0.68582773
937269,0.6195743
937270,0.7796417
937271,0.74793476
937272,0.6628865
937273,0.6961144
937274,0.76129264
937275,0.78426427
937276,0.80580044
937277,0.6894772
937278,0.7684862
937279,0.79163694
937280,0.7796204
937281,0.8245565
937282,0.69868374
937283,0.73422885
937284,0.7154591
937285,0.81501126
937286,0.7161815
937287,0.7729436
937288,0.7520277
937289,0.75505793
937290,0.7681483
937291,0.7802221
937292,0.728406
937293,0.7240805
937294,0.78316754
937295,0.71042687
937296,0.64160824
937297,0.034483448
937298,0.06671804
937299,0.078094676
937300,0.037125114
937301,0.12618463
937302,0.0758392
937303,0.111103244
937304,0.09609791
937305,0.14862716
937306,0.11122562
937307,0.037806723
937308,0.11059933
937309,0.114502065
937310,0.037392516
937311,0.03142714
937312,0.13027912
937313,0.024501435
937314,0.061189882
937315,0.048615314
937316,0.051134095
937317,0.044829044
937318,0.15204166
937319,0.113231376
937320,0.03872315
937321,0.05010056
937322,0.048475213
937323,0.07637596
937324,0.034062486
937325,0.22556323
937326,0.14199226
937327,0.23805796
937328,0.12875053
937329,0.17434557
937330,0.09270783
937331,0.13353616
937332,0.16506141
937333,0.091034934
937334,0.109469734
937335,0.009529779
937336,0.048371714
937337,0.044536784
937338,0.038126394
937339,0.044298377
937340,0.028892253
937341,0.16783959
937342,0.010201709
937343,0.052142657
937344,0.051958784
937345,0.050846085
937346,0.047427166
937347,0.042566247
937348,0.046485174
937349,0.06362197
937350,0.025186772
937351,0.04410461
937352,0.044888917
937353,0.06531755
937354,0.03560112
937355,0.011338348
937356,0.047602072
937357,0.050168388
937358,0.04659453
937359,0.042971775
937360,0.047374036
937361,0.04493234
937362,0.045059543
937363,0.10446039
937364,0.064956754
937365,0.053781845
937366,0.040509235
937367,0.1653202
937368,0.07603639
937369,0.08148596
937370,0.092936985
937371,0.08654291
937372,0.04920907
937373,0.050125495
937374,0.112035565
937375,0.08554979
937376,0.08638287
937377,0.09069563
937378,0.10073406
937379,0.08193537
937380,0.05591458
937381,0.052922502
937382,0.22727701
937383,0.17154574
937384,0.07371743
937385,0.022216192
937386,0.09176733
937387,0.108022735
937388,0.09037344
937389,0.09285461
937390,0.1016888
937391,0.11782955
937392,0.12181033
937393,0.08382926
937394,0.060486484
937395,0.077712156
937396,0.13680133
937397,0.009720316
937398,0.048410613
937399,0.0460633
937400,0.04534802
937401,0.050167717
937402,0.038738593
937403,0.036527332
937404,0.040664867
937405,0.026823878
937406,0.10043142
937407,0.0991628
937408,0.08451439
937409,0.03495334
937410,0.29092655
937411,0.27854005
937412,0.24306262
937413,0.16641138
937414,0.03124184
937415,0.07197255
937416,0.45404133
937417,0.67047524
937418,0.65216845
937419,0.6754157
937420,0.6687153
937421,0.70919037
937422,0.4680377
937423,0.7112003
937424,0.6845477
937425,0.6729804
937426,0.49460095
937427,0.5758029
937428,0.44971406
937429,0.3666368
937430,0.39414063
937431,0.24316159
937432,0.1537048
937433,0.15351503
937434,0.15291452
937435,0.11641176
937436,0.112600796
937437,0.014560011
937438,0.04622745
937439,0.052745294
937440,0.05830436
937441,0.04560689
937442,0.05288009
937443,0.04521485
937444,0.048586242
937445,0.035706516
937446,0.22946729
937447,0.0979821
937448,0.06776563
937449,0.08965433
937450,0.08603663
937451,0.06948145
937452,0.0819483
937453,0.5435845
937454,0.7057679
937455,0.7208598
937456,0.739262
937457,0.7576554
937458,0.7255458
937459,0.6858367
937460,0.7166733
937461,0.72867
937462,0.7018306
937463,0.7352372
937464,0.7005722
937465,0.69407964
937466,0.73698825
937467,0.6935787
937468,0.695239
937469,0.68611443
937470,0.44745895
937471,0.21230619
937472,0.04326756
937473,0.07473034
937474,0.07007531
937475,0.06664312
937476,0.016651504
937477,0.07304943
937478,0.07925533
937479,0.085403115
937480,0.08052764
937481,0.07977697
937482,0.07735011
937483,0.052858476
937484,0.015540751
937485,0.072477564
937486,0.0743574
937487,0.06837294
937488,0.058199145
937489,0.06775115
937490,0.045950506
937491,0.04634823
937492,0.16887136
937493,0.08785817
937494,0.09678601
937495,0.13373719
937496,0.024804395
937497,0.047356997
937498,0.04661641
937499,0.05760402
937500,0.11053918
937501,0.09045728
937502,0.11819979
937503,0.060245387
937504,0.058512077
937505,0.06655604
937506,0.2730286
937507,0.2896457
937508,0.22563376
937509,0.2712131
937510,0.013521085
937511,0.030980948
937512,0.044631276
937513,0.02914936
937514,0.065364145
937515,0.073107764
937516,0.0542234
937517,0.055263422
937518,0.02718405
937519,0.14906287
937520,0.124288075
937521,0.105354026
937522,0.11012995
937523,0.04273583
937524,0.02967991
937525,0.04483112
937526,0.03800702
937527,0.12783694
937528,0.04858582
937529,0.043179154
937530,0.03610127
937531,0.04274299
937532,0.035970066
937533,0.09757077
937534,0.012073169
937535,0.049865384
937536,0.033491656
937537,0.02902139
937538,0.07934844
937539,0.072246484
937540,0.04195
937541,0.029202987
937542,0.15627243
937543,0.02160181
937544,0.07192007
937545,0.055160653
937546,0.019293401
937547,0.043508243
937548,0.09433345
937549,0.046561997
937550,0.091233894
937551,0.06599012
937552,0.042153418
937553,0.046129964
937554,0.048579983
937555,0.0626308
937556,0.041937813
937557,0.07375818
937558,0.012936185
937559,0.052751523
937560,0.050528135
937561,0.078227155
937562,0.26341882
937563,0.19945839
937564,0.15039818
937565,0.10330546
937566,0.10278747
937567,0.5464885
937568,0.65123844
937569,0.62578547
937570,0.7024465
937571,0.6670176
937572,0.76482147
937573,0.6671152
937574,0.76482147
937575,0.679075
937576,0.6971829
937577,0.6796353
937578,0.7229511
937579,0.6673633
937580,0.71023667
937581,0.65868515
937582,0.6244343
937583,0.39850423
937584,0.02935464
937585,0.2597787
937586,0.25941357
937587,0.1416445
937588,0.2820007
937589,0.1489298
937590,0.2294529
937591,0.28436375
937592,0.29657492
937593,0.16153589
937594,0.2531084
937595,0.21113282
937596,0.09641209
937597,0.09162057
937598,0.3077845
937599,0.14741296
937600,0.17556998
937601,0.19600707
937602,0.2860619
937603,0.20004377
937604,0.17389776
937605,0.20312317
937606,0.11726221
937607,0.08625586
937608,0.5419664
937609,0.53631717
937610,0.6628452
937611,0.6863859
937612,0.67468405
937613,0.679618
937614,0.658659
937615,0.6754958
937616,0.6805081
937617,0.6629521
937618,0.6536725
937619,0.61051387
937620,0.38153803
937621,0.36537397
937622,0.54949015
937623,0.45243928
937624,0.45938203
937625,0.4675398
937626,0.45651722
937627,0.4797033
937628,0.31417683
937629,0.31086427
937630,0.47024593
937631,0.3333211
937632,0.031648222
937633,0.114649095
937634,0.10803534
937635,0.078194566
937636,0.029749017
937637,0.31638986
937638,0.2015438
937639,0.19505475
937640,0.14546394
937641,0.21491574
937642,0.14560483
937643,0.10586291
937644,0.06443076
937645,0.057094008
937646,0.054388173
937647,0.07239718
937648,0.033785917
937649,0.116093114
937650,0.10852461
937651,0.08081747
937652,0.0950207
937653,0.042265374
937654,0.02866473
937655,0.09100077
937656,0.06777151
937657,0.07707715
937658,0.11781121
937659,0.08398513
937660,0.02410139
937661,0.07190106
937662,0.05993437
937663,0.08821921
937664,0.2183022
937665,0.26495296
937666,0.048791148
937667,0.018775197
937668,0.019530512
937669,0.017877316
937670,0.03344443
937671,0.0193487
937672,0.031851843
937673,0.22085643
937674,0.08164659
937675,0.071199365
937676,0.06753232
937677,0.017580226
937678,0.053632777
937679,0.077816024
937680,0.10760693
937681,0.24250105
937682,0.26765132
937683,0.23765664
937684,0.24685815
937685,0.24881545
937686,0.20057231
937687,0.061929535
937688,0.20734006
937689,0.21384855
937690,0.20132962
937691,0.253926
937692,0.16934554
937693,0.16300866
937694,0.14365523
937695,0.046571247
937696,0.053228553
937697,0.05658008
937698,0.051894937
937699,0.06513842
937700,0.0475474
937701,0.07347008
937702,0.16096228
937703,0.46713215
937704,0.5824389
937705,0.6076055
937706,0.6405774
937707,0.63470924
937708,0.69372594
937709,0.69261366
937710,0.7051564
937711,0.6866192
937712,0.6823557
937713,0.68449605
937714,0.69569045
937715,0.6644228
937716,0.6602815
937717,0.6613905
937718,0.706859
937719,0.6656712
937720,0.6476302
937721,0.6924911
937722,0.6351028
937723,0.652809
937724,0.6730741
937725,0.6894667
937726,0.69552505
937727,0.636793
937728,0.6189092
937729,0.63548994
937730,0.64214367
937731,0.48190457
937732,0.08707408
937733,0.064333804
937734,0.4552589
937735,0.49963328
937736,0.54927576
937737,0.7257111
937738,0.44219556
937739,0.5416906
937740,0.5571875
937741,0.55154914
937742,0.55439055
937743,0.5379637
937744,0.548947
937745,0.5714905
937746,0.51829195
937747,0.5109949
937748,0.25441524
937749,0.046677947
937750,0.47037154
937751,0.30421335
937752,0.29672122
937753,0.5966275
937754,0.05303618
937755,0.39226234
937756,0.2653353
937757,0.3544919
937758,0.54245186
937759,0.5287412
937760,0.51055485
937761,0.42523417
937762,0.4562733
937763,0.32511008
937764,0.28234044
937765,0.2717657
937766,0.27803805
937767,0.23437826
937768,0.2886423
937769,0.31704465
937770,0.24864347
937771,0.24267577
937772,0.13737018
937773,0.26723832
937774,0.13145846
937775,0.16633837
937776,0.12371857
937777,0.05708074
937778,0.3642085
937779,0.5308373
937780,0.4526851
937781,0.54352546
937782,0.22387646
937783,0.43690786
937784,0.354745
937785,0.39150572
937786,0.5114308
937787,0.6006117
937788,0.47308788
937789,0.050313544
937790,0.56699705
937791,0.59191835
937792,0.6712141
937793,0.66023546
937794,0.6762844
937795,0.70362276
937796,0.7225191
937797,0.7552167
937798,0.6721837
937799,0.6737458
937800,0.6736324
937801,0.66377586
937802,0.6330625
937803,0.6299072
937804,0.6740514
937805,0.6195732
937806,0.4152907
937807,0.2051097
937808,0.6226433
937809,0.72277087
937810,0.8364945
937811,0.8651231
937812,0.87100995
937813,0.8673693
937814,0.87223786
937815,0.8823329
937816,0.88106096
937817,0.88995826
937818,0.90594417
937819,0.88138515
937820,0.885588
937821,0.8838284
937822,0.88430643
937823,0.8968556
937824,0.89127576
937825,0.8975736
937826,0.8871564
937827,0.8889175
937828,0.8729555
937829,0.8834383
937830,0.8929283
937831,0.8757534
937832,0.8849655
937833,0.88489676
937834,0.8779944
937835,0.8712823
937836,0.86881906
937837,0.8773498
937838,0.87188864
937839,0.87767494
937840,0.82701486
937841,0.7852392
937842,0.5593414
937843,0.28736
937844,0.2596668
937845,0.29141948
937846,0.35423458
937847,0.30290604
937848,0.2025503
937849,0.30525538
937850,0.2412383
937851,0.29975516
937852,0.18985452
937853,0.31130338
937854,0.20166656
937855,0.08381862
937856,0.2897195
937857,0.29804334
937858,0.32764056
937859,0.3304706
937860,0.10168288
937861,0.55507076
937862,0.6736452
937863,0.72099245
937864,0.72497374
937865,0.735013
937866,0.7537166
937867,0.72512794
937868,0.7579822
937869,0.75821733
937870,0.7493652
937871,0.7333093
937872,0.7525377
937873,0.75541466
937874,0.73553544
937875,0.7481799
937876,0.73478395
937877,0.69133663
937878,0.72786087
937879,0.6437138
937880,0.47250962
937881,0.07902738
937882,0.5121194
937883,0.60510945
937884,0.54915446
937885,0.6827639
937886,0.6902924
937887,0.6770107
937888,0.71182436
937889,0.68577296
937890,0.71821946
937891,0.73625803
937892,0.7207535
937893,0.6133775
937894,0.7313582
937895,0.611312
937896,0.7125999
937897,0.6773458
937898,0.6607098
937899,0.6864739
937900,0.67427987
937901,0.6904908
937902,0.7209585
937903,0.39062732
937904,0.0387148
937905,0.32369494
937906,0.33089113
937907,0.30991846
937908,0.36355612
937909,0.3908065
937910,0.29236442
937911,0.34127516
937912,0.24041532
937913,0.2064813
937914,0.045133807
937915,0.08912283
937916,0.08607541
937917,0.08056252
937918,0.10577308
937919,0.11282366
937920,0.024045082
937921,0.18474522
937922,0.22013992
937923,0.18286256
937924,0.21062137
937925,0.18439317
937926,0.1481857
937927,0.23628236
937928,0.1284545
937929,0.12282636
937930,0.01530427
937931,0.109811
937932,0.090890944
937933,0.09184611
937934,0.09822812
937935,0.08530266
937936,0.07464627
937937,0.06574538
937938,0.044127405
937939,0.18836051
937940,0.26392666
937941,0.11673429
937942,0.033009123
937943,0.030151127
937944,0.03942743
937945,0.034193747
937946,0.21999739
937947,0.1471438
937948,0.11863491
937949,0.14245915
937950,0.019060668
937951,0.09843438
937952,0.06453722
937953,0.0669486
937954,0.06329735
937955,0.06666412
937956,0.09088619
937957,0.05467108
937958,0.15036723
937959,0.013197485
937960,0.033009123
937961,0.030151127
937962,0.032676768
937963,0.03283561
937964,0.020031394
937965,0.06945807
937966,0.06732859
937967,0.036524564
937968,0.108849265
937969,0.03636754
937970,0.049215943
937971,0.054557916
937972,0.060974766
937973,0.029818177
937974,0.042643324
937975,0.1656752
937976,0.16954508
937977,0.13541876
937978,0.109811
937979,0.010773528
937980,0.030167803
937981,0.037687477
937982,0.032464582
937983,0.039995432
937984,0.027937826
937985,0.023648348
937986,0.06708364
937987,0.29389203
937988,0.16443725
937989,0.020977302
937990,0.03756864
937991,0.03459613
937992,0.030668324
937993,0.03148626
937994,0.027888233
937995,0.06294424
937996,0.009843673
937997,0.033724144
937998,0.037779447
937999,0.037054382
938000,0.04211791
938001,0.047789156
938002,0.2585287
938003,0.18401068
938004,0.13499552
938005,0.1594612
938006,0.12694886
938007,0.009579195
938008,0.05685512
938009,0.031966597
938010,0.035843395
938011,0.03278349
938012,0.02804534
938013,0.28590515
938014,0.033887025
938015,0.27961582
938016,0.19453874
938017,0.15551263
938018,0.1127344
938019,0.106964305
938020,0.106306545
938021,0.11037111
938022,0.4286504
938023,0.6756483
938024,0.56779975
938025,0.5342238
938026,0.67938477
938027,0.48484355
938028,0.5521938
938029,0.6402207
938030,0.5201925
938031,0.52057284
938032,0.49709487
938033,0.23946825
938034,0.21779329
938035,0.17895938
938036,0.069146834
938037,0.4448863
938038,0.5027669
938039,0.26902056
938040,0.7144201
938041,0.5392733
938042,0.47558364
938043,0.49718177
938044,0.4912731
938045,0.5438172
938046,0.48224896
938047,0.54213715
938048,0.19694857
938049,0.16507883
938050,0.11201732
938051,0.041262668
938052,0.48439953
938053,0.5612224
938054,0.5570157
938055,0.64416224
938056,0.600754
938057,0.53436637
938058,0.57258075
938059,0.52105814
938060,0.5811893
938061,0.5414195
938062,0.5697704
938063,0.62449175
938064,0.42313445
938065,0.22859754
938066,0.22546022
938067,0.21750729
938068,0.20689611
938069,0.16402902
938070,0.053907268
938071,0.10954881
938072,0.118455335
938073,0.12114563
938074,0.26218474
938075,0.31460297
938076,0.29310212
938077,0.33253637
938078,0.27346852
938079,0.23870827
938080,0.24952063
938081,0.28604907
938082,0.20817669
938083,0.30753607
938084,0.02538943
938085,0.3172302
938086,0.34498256
938087,0.33022022
938088,0.33003998
938089,0.3005517
938090,0.32121643
938091,0.24324304
938092,0.21731456
938093,0.08554229
938094,0.25837803
938095,0.25764245
938096,0.20374724
938097,0.064844124
938098,0.019595068
938099,0.035858244
938100,0.027783459
938101,0.03473436
938102,0.2963013
938103,0.070004374
938104,0.03827589
938105,0.040989008
938106,0.037235223
938107,0.028312987
938108,0.051074483
938109,0.016375406
938110,0.04570819
938111,0.044123553
938112,0.14044009
938113,0.1140025
938114,0.0859259
938115,0.091138266
938116,0.015163683
938117,0.015593175
938118,0.030193565
938119,0.031585015
938120,0.026110025
938121,0.025839612
938122,0.04252392
938123,0.08950038
938124,0.08224041
938125,0.008945713
938126,0.01526958
938127,0.014589802
938128,0.027334759
938129,0.03632356
938130,0.08461561
938131,0.029215852
938132,0.029961515
938133,0.03135091
938134,0.01807529
938135,0.007019642
938136,0.02454493
938137,0.019684657
938138,0.019581992
938139,0.019193765
938140,0.021342056
938141,0.26108918
938142,0.32418615
938143,0.21267805
938144,0.13168356
938145,0.0675004
938146,0.051264916
938147,0.04701102
938148,0.041132957
938149,0.03416863
938150,0.2691725
938151,0.30354017
938152,0.18619947
938153,0.030917546
938154,0.072897695
938155,0.15065654
938156,0.14213789
938157,0.1848713
938158,0.09162283
938159,0.09455928
938160,0.28670606
938161,0.09744847
938162,0.2433118
938163,0.1627745
938164,0.16880214
938165,0.08784669
938166,0.032434057
938167,0.27814198
938168,0.2470781
938169,0.2622837
938170,0.26225674
938171,0.28184676
938172,0.24135134
938173,0.06556254
938174,0.053924866
938175,0.043476038
938176,0.033990987
938177,0.050735533
938178,0.086326525
938179,0.10509978
938180,0.06744825
938181,0.03887138
938182,0.042900186
938183,0.21680966
938184,0.39382118
938185,0.40449354
938186,0.24579132
938187,0.41161054
938188,0.23098782
938189,0.41161054
938190,0.26928428
938191,0.36193445
938192,0.30753684
938193,0.32261956
938194,0.022486592
938195,0.11100472
938196,0.18015085
938197,0.11747486
938198,0.1013674
938199,0.13111222
938200,0.17085166
938201,0.26432675
938202,0.14915276
938203,0.13039649
938204,0.25460777
938205,0.18114337
938206,0.092969425
938207,0.1068218
938208,0.027256956
938209,0.12134709
938210,0.13372391
938211,0.1205387
938212,0.015111037
938213,0.07582376
938214,0.076402046
938215,0.06310966
938216,0.06806093
938217,0.06663132
938218,0.06844319
938219,0.036348462
938220,0.15947919
938221,0.15294223
938222,0.10697132
938223,0.015111037
938224,0.07582376
938225,0.076402046
938226,0.06310966
938227,0.06806093
938228,0.06663132
938229,0.06844319
938230,0.02530707
938231,0.12992477
938232,0.14348476
938233,0.122034974
938234,0.015181718
938235,0.07582376
938236,0.076402046
938237,0.06310966
938238,0.0683621
938239,0.06692663
938240,0.11389515
938241,0.028039232
938242,0.13691731
938243,0.11630847
938244,0.08001555
938245,0.22987582
938246,0.036781196
938247,0.08702355
938248,0.062390506
938249,0.055263467
938250,0.019147469
938251,0.11560696
938252,0.10566963
938253,0.08755685
938254,0.08364761
938255,0.107276306
938256,0.1683242
938257,0.06591134
938258,0.060452085
938259,0.065366425
938260,0.08730599
938261,0.11495899
938262,0.42950672
938263,0.33223745
938264,0.39735177
938265,0.27336684
938266,0.3932268
938267,0.27269286
938268,0.37224498
938269,0.21187976
938270,0.13390897
938271,0.52078223
938272,0.48275957
938273,0.6170971
938274,0.41605788
938275,0.4796134
938276,0.52628565
938277,0.67458373
938278,0.51017416
938279,0.5162597
938280,0.45911533
938281,0.3606596
938282,0.23295885
938283,0.1676171
938284,0.14743747
938285,0.17006686
938286,0.14895654
938287,0.09273809
938288,0.35515627
938289,0.237696
938290,0.42335972
938291,0.27973673
938292,0.5101714
938293,0.16253017
938294,0.16075034
938295,0.27761707
938296,0.16310018
938297,0.28874534
938298,0.3012829
938299,0.16916598
938300,0.21331489
938301,0.17752284
938302,0.1561014
938303,0.44613022
938304,0.2817259
938305,0.10942421
938306,0.32822898
938307,0.07066892
938308,0.041252133
938309,0.1028269
938310,0.614433
938311,0.5208431
938312,0.7156613
938313,0.6809581
938314,0.7120135
938315,0.68189365
938316,0.7144442
938317,0.7054012
938318,0.7491846
938319,0.7264308
938320,0.74047166
938321,0.70092964
938322,0.6853591
938323,0.6605896
938324,0.5217671
938325,0.49745655
938326,0.04302184
938327,0.121809795
938328,0.111827135
938329,0.10785587
938330,0.10566843
938331,0.07187229
938332,0.014524845
938333,0.09173552
938334,0.07364389
938335,0.092161626
938336,0.08491273
938337,0.062280446
938338,0.021591395
938339,0.10436448
938340,0.0980809
938341,0.07939279
938342,0.08231486
938343,0.08878734
938344,0.12978776
938345,0.019051928
938346,0.07593931
938347,0.09248921
938348,0.05730174
938349,0.025446476
938350,0.07955845
938351,0.08615516
938352,0.06741712
938353,0.028322726
938354,0.08080867
938355,0.010525718
938356,0.14795671
938357,0.055811405
938358,0.07365795
938359,0.049893014
938360,0.032224745
938361,0.38769823
938362,0.44939122
938363,0.5300463
938364,0.36020017
938365,0.368775
938366,0.368775
938367,0.3672972
938368,0.3646598
938369,0.37302518
938370,0.3914214
938371,0.37815186
938372,0.27548143
938373,0.26583502
938374,0.25847974
938375,0.015728442
938376,0.063177794
938377,0.0729096
938378,0.12819678
938379,0.12454549
938380,0.08503134
938381,0.11634977
938382,0.05959445
938383,0.3402806
938384,0.019867186
938385,0.09822311
938386,0.063841656
938387,0.012807914
938388,0.0515818
938389,0.07238069
938390,0.06919465
938391,0.51908296
938392,0.685352
938393,0.7264143
938394,0.75700366
938395,0.79818875
938396,0.79385287
938397,0.68585676
938398,0.6918087
938399,0.7720435
938400,0.68935925
938401,0.77102
938402,0.66312855
938403,0.76037157
938404,0.6561137
938405,0.7381357
938406,0.5690925
938407,0.574354
938408,0.37759262
938409,0.2746824
938410,0.12735084
938411,0.2952241
938412,0.27600735
938413,0.2505693
938414,0.22729422
938415,0.25659108
938416,0.30682787
938417,0.19069505
938418,0.21720196
938419,0.29241452
938420,0.3053956
938421,0.39316353
938422,0.2194538
938423,0.19131961
938424,0.18274637
938425,0.03123857
938426,0.2760492
938427,0.22287
938428,0.24572876
938429,0.23141041
938430,0.28938597
938431,0.21427055
938432,0.2609357
938433,0.2533758
938434,0.16243888
938435,0.10412208
938436,0.07359495
938437,0.27901334
938438,0.23766465
938439,0.2372878
938440,0.17387931
938441,0.048825633
938442,0.15070552
938443,0.15169723
938444,0.15113916
938445,0.16046861
938446,0.12471298
938447,0.058121365
938448,0.195915
938449,0.1388307
938450,0.064882345
938451,0.14756288
938452,0.067002855
938453,0.17690514
938454,0.23073635
938455,0.31680933
938456,0.33583808
938457,0.2989527
938458,0.31290704
938459,0.46846667
938460,0.35926473
938461,0.3300852
938462,0.34894827
938463,0.16276823
938464,0.36375108
938465,0.3040313
938466,0.27218252
938467,0.46824288
938468,0.07675941
938469,0.06128474
938470,0.10683361
938471,0.019034369
938472,0.08901999
938473,0.093385056
938474,0.059273504
938475,0.26138622
938476,0.1321661
938477,0.013928629
938478,0.08739668
938479,0.086642876
938480,0.067180626
938481,0.065109536
938482,0.02518087
938483,0.1331241
938484,0.1194749
938485,0.12218232
938486,0.10637214
938487,0.13271688
938488,0.023982564
938489,0.11226731
938490,0.089753725
938491,0.08806148
938492,0.06468131
938493,0.07973239
938494,0.061834786
938495,0.07862167
938496,0.09421398
938497,0.06263869
938498,0.028243238
938499,0.2698185
938500,0.3017759
938501,0.20641871
938502,0.1986777
938503,0.20374948
938504,0.21223433
938505,0.15017161
938506,0.06997859
938507,0.68730277
938508,0.6894458
938509,0.7431956
938510,0.82058126
938511,0.83140856
938512,0.8216724
938513,0.80782706
938514,0.80608547
938515,0.8194641
938516,0.8052719
938517,0.80797684
938518,0.81332624
938519,0.81727695
938520,0.80744505
938521,0.76452523
938522,0.7982266
938523,0.85182893
938524,0.7938771
938525,0.77747005
938526,0.76550925
938527,0.77968603
938528,0.82747823
938529,0.79239315
938530,0.74915975
938531,0.7344504
938532,0.7255773
938533,0.73652583
938534,0.45857129
938535,0.28436944
938536,0.18848449
938537,0.17298742
938538,0.14758427
938539,0.06643997
938540,0.2396698
938541,0.024596328
938542,0.21934672
938543,0.17411731
938544,0.16213635
938545,0.16769853
938546,0.11242726
938547,0.06518853
938548,0.019507721
938549,0.035554927
938550,0.02739004
938551,0.06311727
938552,0.18999685
938553,0.17389841
938554,0.14136618
938555,0.01124919
938556,0.022984255
938557,0.024637071
938558,0.020564666
938559,0.011847274
938560,0.02096424
938561,0.02363477
938562,0.022274073
938563,0.048188947
938564,0.008078448
938565,0.015364424
938566,0.013668768
938567,0.012849405
938568,0.028706148
938569,0.036338016
938570,0.024852693
938571,0.019380527
938572,0.020828303
938573,0.03496905
938574,0.017958144
938575,0.25316724
938576,0.19184461
938577,0.13265926
938578,0.070336774
938579,0.27667534
938580,0.07263494
938581,0.1254681
938582,0.12323954
938583,0.21294132
938584,0.15503685
938585,0.18163627
938586,0.14251809
938587,0.048260976
938588,0.5201647
938589,0.49076092
938590,0.5025181
938591,0.44883367
938592,0.49322864
938593,0.5996828
938594,0.4238475
938595,0.495064
938596,0.5037188
938597,0.51702005
938598,0.48629782
938599,0.45716888
938600,0.33754557
938601,0.028390363
938602,0.15528174
938603,0.1505406
938604,0.14503637
938605,0.14923504
938606,0.1510684
938607,0.15865253
938608,0.18567236
938609,0.03790926
938610,0.15366216
938611,0.1273341
938612,0.09268562
938613,0.07468773
938614,0.11470433
938615,0.5498986
938616,0.6410563
938617,0.6504594
938618,0.73436135
938619,0.66761553
938620,0.74305725
938621,0.797022
938622,0.7525876
938623,0.74922997
938624,0.7386095
938625,0.7773217
938626,0.76969004
938627,0.7779906
938628,0.69426817
938629,0.7594453
938630,0.75245863
938631,0.71886456
938632,0.7477239
938633,0.69620866
938634,0.6848051
938635,0.5621721
938636,0.05718081
938637,0.6738612
938638,0.71031773
938639,0.73573625
938640,0.7757943
938641,0.79088897
938642,0.8130152
938643,0.8136391
938644,0.7820331
938645,0.7908872
938646,0.81145066
938647,0.79689157
938648,0.785016
938649,0.80535823
938650,0.80730385
938651,0.7855063
938652,0.7971201
938653,0.7694576
938654,0.75488883
938655,0.7975931
938656,0.7672639
938657,0.7868014
938658,0.7632633
938659,0.6015671
938660,0.13721529
938661,0.08088717
938662,0.14190848
938663,0.1411606
938664,0.04707209
938665,0.372215
938666,0.45247158
938667,0.4526168
938668,0.37582174
938669,0.41187075
938670,0.40931836
938671,0.36155212
938672,0.39846855
938673,0.36200815
938674,0.38278767
938675,0.33956808
938676,0.54050976
938677,0.29129165
938678,0.02802457
938679,0.14556518
938680,0.127032
938681,0.09618954
938682,0.05719751
938683,0.3308577
938684,0.32809368
938685,0.4096741
938686,0.44081014
938687,0.5272706
938688,0.64629114
938689,0.5226591
938690,0.43790832
938691,0.32867762
938692,0.56336325
938693,0.5519651
938694,0.56033576
938695,0.5463826
938696,0.55664515
938697,0.48650503
938698,0.4880024
938699,0.35803
938700,0.1038688
938701,0.021515142
938702,0.1299471
938703,0.12718335
938704,0.098201506
938705,0.016025417
938706,0.038526926
938707,0.036361735
938708,0.040590327
938709,0.0372764
938710,0.042244337
938711,0.021495035
938712,0.053444143
938713,0.32592684
938714,0.25784925
938715,0.23477967
938716,0.28332856
938717,0.13920282
938718,0.28642288
938719,0.2836666
938720,0.28441572
938721,0.12710045
938722,0.2505213
938723,0.3020075
938724,0.35119152
938725,0.2617998
938726,0.25625813
938727,0.18467209
938728,0.21773072
938729,0.2820883
938730,0.17284985
938731,0.19481769
938732,0.16707477
938733,0.18370709
938734,0.22464979
938735,0.20285587
938736,0.1925011
938737,0.19170426
938738,0.17605281
938739,0.09489819
938740,0.42446214
938741,0.55417603
938742,0.60552406
938743,0.70819646
938744,0.65529734
938745,0.71718925
938746,0.72253245
938747,0.72092885
938748,0.727142
938749,0.693479
938750,0.74614006
938751,0.71800333
938752,0.7178801
938753,0.70775115
938754,0.66341186
938755,0.6673856
938756,0.6329977
938757,0.6286148
938758,0.64954853
938759,0.59803677
938760,0.6139109
938761,0.6172691
938762,0.6305052
938763,0.59854186
938764,0.5651107
938765,0.62906885
938766,0.2484049
938767,0.21651012
938768,0.014731293
938769,0.060686335
938770,0.07357361
938771,0.06420872
938772,0.10974345
938773,0.112022944
938774,0.124997035
938775,0.10078481
938776,0.10644632
938777,0.53922856
938778,0.074149735
938779,0.0531204
938780,0.06481303
938781,0.06115258
938782,0.38155544
938783,0.20499821
938784,0.06388065
938785,0.08069188
938786,0.046434082
938787,0.02562598
938788,0.06831038
938789,0.037265483
938790,0.053607017
938791,0.10936184
938792,0.25100335
938793,0.22927855
938794,0.16513114
938795,0.1736196
938796,0.12355102
938797,0.102360666
938798,0.3245058
938799,0.5273441
938800,0.627389
938801,0.6158908
938802,0.63696575
938803,0.6024513
938804,0.67347425
938805,0.69325286
938806,0.7140146
938807,0.6995129
938808,0.6566349
938809,0.63783705
938810,0.665979
938811,0.65359247
938812,0.69739896
938813,0.63524336
938814,0.63750964
938815,0.6648265
938816,0.6334039
938817,0.62879366
938818,0.5898698
938819,0.32911354
938820,0.16479684
938821,0.14790723
938822,0.09209221
938823,0.068290815
938824,0.472987
938825,0.48422593
938826,0.6552474
938827,0.6774934
938828,0.7749276
938829,0.78000396
938830,0.59866965
938831,0.5617169
938832,0.67168725
938833,0.6012737
938834,0.57944936
938835,0.7027416
938836,0.6322699
938837,0.5593486
938838,0.6420243
938839,0.64628804
938840,0.5912182
938841,0.6396437
938842,0.3357738
938843,0.30688465
938844,0.24968985
938845,0.08072924
938846,0.018399317
938847,0.077914424
938848,0.08488697
938849,0.12633806
938850,0.063982636
938851,0.06944608
938852,0.081948
938853,0.10575307
938854,0.086538106
938855,0.054404736
938856,0.30307353
938857,0.015396575
938858,0.06013773
938859,0.055386744
938860,0.055225164
938861,0.054650854
938862,0.05728461
938863,0.04966748
938864,0.023114603
938865,0.09195648
938866,0.080063365
938867,0.10164788
938868,0.10845215
938869,0.012499359
938870,0.051842466
938871,0.04950606
938872,0.042519823
938873,0.052745484
938874,0.049205635
938875,0.043459035
938876,0.12063807
938877,0.1422506
938878,0.19703348
938879,0.05777471
938880,0.06557078
938881,0.06517987
938882,0.07481332
938883,0.066582195
938884,0.0694399
938885,0.05362586
938886,0.17669141
938887,0.068965316
938888,0.087465696
938889,0.10055165
938890,0.04286161
938891,0.11733837
938892,0.070957385
938893,0.06408496
938894,0.076328225
938895,0.014210831
938896,0.056738123
938897,0.049468245
938898,0.05068191
938899,0.04882939
938900,0.046017498
938901,0.04422583
938902,0.03329064
938903,0.08368262
938904,0.038272135
938905,0.086849846
938906,0.07507757
938907,0.066949524
938908,0.07908257
938909,0.06849922
938910,0.06931539
938911,0.025462735
938912,0.061497275
938913,0.07830122
938914,0.22724332
938915,0.036625486
938916,0.10214148
938917,0.09309733
938918,0.07727356
938919,0.07755587
938920,0.103602506
938921,0.1595114
938922,0.17592852
938923,0.029708711
938924,0.08959639
938925,0.11381848
938926,0.077401176
938927,0.06968303
938928,0.07788747
938929,0.063608944
938930,0.14733154
938931,0.33165506
938932,0.30223992
938933,0.29809412
938934,0.28164136
938935,0.27946746
938936,0.28591117
938937,0.28642678
938938,0.20682262
938939,0.018514598
938940,0.07617302
938941,0.08392258
938942,0.084741466
938943,0.13888194
938944,0.07897261
938945,0.06042351
938946,0.042147856
938947,0.04764407
938948,0.050914604
938949,0.33834273
938950,0.34020165
938951,0.019373823
938952,0.06495266
938953,0.06787695
938954,0.05872064
938955,0.054393042
938956,0.07401544
938957,0.0068102432
938958,0.020748537
938959,0.015101644
938960,0.017865095
938961,0.018909734
938962,0.0146246
938963,0.012243322
938964,0.028438801
938965,0.017186766
938966,0.02161679
938967,0.017368672
938968,0.010524383
938969,0.009279172
938970,0.01914115
938971,0.02714542
938972,0.014678902
938973,0.016867958
938974,0.017389389
938975,0.01466701
938976,0.4833123
938977,0.007952103
938978,0.022447314
938979,0.025606757
938980,0.026148193
938981,0.028465914
938982,0.016994085
938983,0.013942102
938984,0.028955227
938985,0.025587337
938986,0.016882576
938987,0.017367858
938988,0.016524758
938989,0.014306578
938990,0.16295454
938991,0.055999782
938992,0.061033305
938993,0.055717036
938994,0.036580414
938995,0.008929827
938996,0.035376016
938997,0.020505916
938998,0.022381589
938999,0.025530072
939000,0.010793407
939001,0.02293724
939002,0.021273268
939003,0.017347492
939004,0.04962858
939005,0.047422837
939006,0.043510128
939007,0.036663834
939008,0.04348979
939009,0.048974276
939010,0.045488186
939011,0.10716952
939012,0.034401875
939013,0.012146523
939014,0.01599931
939015,0.014301763
939016,0.018469334
939017,0.017669102
939018,0.016245866
939019,0.09483207
939020,0.078932
939021,0.061359003
939022,0.16224338
939023,0.15436564
939024,0.17656058
939025,0.0111272745
939026,0.05292969
939027,0.045566935
939028,0.016786717
939029,0.016628798
939030,0.01821316
939031,0.016616536
939032,0.072893396
939033,0.017762985
939034,0.026628537
939035,0.030793497
939036,0.027894853
939037,0.10601253
939038,0.10243066
939039,0.09386973
939040,0.09025959
939041,0.07269941
939042,0.0073722675
939043,0.0097259125
939044,0.010789859
939045,0.022700956
939046,0.012675353
939047,0.0370371
939048,0.02238297
939049,0.018285725
939050,0.020540308
939051,0.02553713
939052,0.1089923
939053,0.102115266
939054,0.07523481
939055,0.012196977
939056,0.020697653
939057,0.021944737
939058,0.020610726
939059,0.017762711
939060,0.031272486
939061,0.03147437
939062,0.014458381
939063,0.022484327
939064,0.01849152
939065,0.103964806
939066,0.12073984
939067,0.24496342
939068,0.0068745906
939069,0.019735344
939070,0.019401114
939071,0.021686405
939072,0.016970634
939073,0.021222651
939074,0.013961349
939075,0.16872245
939076,0.01764682
939077,0.11012981
939078,0.101691134
939079,0.09435829
939080,0.081117384
939081,0.06807
939082,0.06590598
939083,0.24730344
939084,0.18895672
939085,0.16049209
939086,0.1394389
939087,0.02733815
939088,0.10248722
939089,0.097084485
939090,0.08014925
939091,0.063266546
939092,0.19293906
939093,0.034044955
939094,0.120722935
939095,0.088285305
939096,0.085136645
939097,0.087232634
939098,0.3682503
939099,0.5064308
939100,0.53945935
939101,0.56274194
939102,0.58683485
939103,0.6161976
939104,0.5772539
939105,0.5288161
939106,0.54003197
939107,0.45067516
939108,0.5955223
939109,0.61075705
939110,0.595744
939111,0.60833097
939112,0.63102114
939113,0.6091452
939114,0.62311774
939115,0.25876772
939116,0.28683355
939117,0.19351725
939118,0.024065314
939119,0.12554593
939120,0.12397012
939121,0.13232906
939122,0.18362115
939123,0.13461235
939124,0.124395415
939125,0.092844434
939126,0.10608007
939127,0.08446878
939128,0.41577405
939129,0.1547545
939130,0.18997736
939131,0.12881984
939132,0.12101981
939133,0.100232005
939134,0.09498587
939135,0.031005349
939136,0.099094756
939137,0.10796442
939138,0.056371782
939139,0.1841135
939140,0.16668764
939141,0.13973656
939142,0.037955172
939143,0.24606039
939144,0.07189079
939145,0.11548085
939146,0.030683063
939147,0.15073502
939148,0.11845554
939149,0.118078
939150,0.06372593
939151,0.12288345
939152,0.05036781
939153,0.05846165
939154,0.043053802
939155,0.025053404
939156,0.12773363
939157,0.08237573
939158,0.14085244
939159,0.22257824
939160,0.055734616
939161,0.041216526
939162,0.1710025
939163,0.15409213
939164,0.19840512
939165,0.074651755
939166,0.011651972
939167,0.037030082
939168,0.039300535
939169,0.04993488
939170,0.050420918
939171,0.04909976
939172,0.14137018
939173,0.10819817
939174,0.012062272
939175,0.06620881
939176,0.06184377
939177,0.0728403
939178,0.15790795
939179,0.036312077
939180,0.031494536
939181,0.027717603
939182,0.056850582
939183,0.018402297
939184,0.18550338
939185,0.12866455
939186,0.2017002
939187,0.10502465
939188,0.119176336
939189,0.14463083
939190,0.2065578
939191,0.1750972
939192,0.037890688
939193,0.095630825
939194,0.062485907
939195,0.058298975
939196,0.056728147
939197,0.03276191
939198,0.11434326
939199,0.09224673
939200,0.05547294
939201,0.21511762
939202,0.15616982
939203,0.11994709
939204,0.03315938
939205,0.33818814
939206,0.3550564
939207,0.38541117
939208,0.15400356
939209,0.24469236
939210,0.13984933
939211,0.14561908
939212,0.14324054
939213,0.15011263
939214,0.1436984
939215,0.019437462
939216,0.03198035
939217,0.028807059
939218,0.06211883
939219,0.08566135
939220,0.14196703
939221,0.067650996
939222,0.07501324
939223,0.08240773
939224,0.037645224
939225,0.054772086
939226,0.16031736
939227,0.16030195
939228,0.019169869
939229,0.07059111
939230,0.06552054
939231,0.05611214
939232,0.18593153
939233,0.06918646
939234,0.09533147
939235,0.07887718
939236,0.0908014
939237,0.060103472
939238,0.042681
939239,0.012896461
939240,0.07731726
939241,0.052583605
939242,0.052184567
939243,0.050769556
939244,0.053064927
939245,0.019672574
939246,0.100758016
939247,0.084640875
939248,0.06203759
939249,0.07025658
939250,0.11007536
939251,0.030134952
939252,0.10627946
939253,0.07868454
939254,0.082809776
939255,0.08244954
939256,0.06474616
939257,0.047213513
939258,0.045777667
939259,0.06627186
939260,0.03027238
939261,0.015624929
939262,0.07754083
939263,0.06550634
939264,0.087107085
939265,0.06669267
939266,0.072348334
939267,0.07066184
939268,0.06963982
939269,0.0965318
939270,0.14051728
939271,0.02001924
939272,0.08514271
939273,0.26524675
939274,0.23392347
939275,0.2829742
939276,0.22241022
939277,0.15756384
939278,0.14346051
939279,0.16162476
939280,0.18760888
939281,0.16843636
939282,0.14666231
939283,0.44773185
939284,0.5695978
939285,0.75533456
939286,0.7365363
939287,0.752552
939288,0.7495182
939289,0.78492546
939290,0.8201122
939291,0.7740709
939292,0.79851747
939293,0.8413133
939294,0.7907565
939295,0.81938285
939296,0.81923085
939297,0.8535106
939298,0.84872323
939299,0.8757462
939300,0.8769852
939301,0.8346584
939302,0.87787324
939303,0.83605206
939304,0.87910306
939305,0.859533
939306,0.8142012
939307,0.84399474
939308,0.8349188
939309,0.8307729
939310,0.842179
939311,0.8738836
939312,0.80429554
939313,0.719352
939314,0.8045242
939315,0.713963
939316,0.86152005
939317,0.799368
939318,0.8316315
939319,0.790435
939320,0.8437706
939321,0.806447
939322,0.80854857
939323,0.79814297
939324,0.7830593
939325,0.7809292
939326,0.7843567
939327,0.82449174
939328,0.7823288
939329,0.8171171
939330,0.7638585
939331,0.7862749
939332,0.78199476
939333,0.7615018
939334,0.785481
939335,0.742715
939336,0.7985973
939337,0.73924476
939338,0.7861255
939339,0.7599165
939340,0.23525131
939341,0.11051006
939342,0.14030544
939343,0.09635393
939344,0.08649462
939345,0.097513646
939346,0.08250424
939347,0.060294494
939348,0.40744746
939349,0.3816262
939350,0.48075536
939351,0.57541275
939352,0.5772449
939353,0.55814666
939354,0.555588
939355,0.48107022
939356,0.6573153
939357,0.5014797
939358,0.58815414
939359,0.57717085
939360,0.5670612
939361,0.51228184
939362,0.63235486
939363,0.63266677
939364,0.63144386
939365,0.51011175
939366,0.58438516
939367,0.49592
939368,0.20181437
939369,0.22004427
939370,0.04927322
939371,0.39650077
939372,0.42533335
939373,0.5943268
939374,0.617679
939375,0.6305041
939376,0.6714324
939377,0.7011401
939378,0.71196234
939379,0.7227142
939380,0.6344313
939381,0.7288702
939382,0.6344057
939383,0.733191
939384,0.67181647
939385,0.6800388
939386,0.6964804
939387,0.61897683
939388,0.66098017
939389,0.6310143
939390,0.610923
939391,0.60855424
939392,0.61537653
939393,0.63954604
939394,0.6221519
939395,0.62139195
939396,0.59787756
939397,0.21019164
939398,0.23078734
939399,0.15390089
939400,0.09865361
939401,0.040071994
939402,0.2856784
939403,0.34029463
939404,0.31164217
939405,0.43497434
939406,0.48253757
939407,0.34187487
939408,0.3891793
939409,0.16480236
939410,0.2926698
939411,0.4348538
939412,0.40636516
939413,0.2402405
939414,0.2311237
939415,0.46263215
939416,0.41207987
939417,0.41468492
939418,0.2459536
939419,0.12842281
939420,0.1545681
939421,0.09891299
939422,0.0884032
939423,0.2729028
939424,0.2089517
939425,0.1734372
939426,0.20201261
939427,0.20224215
939428,0.12518999
939429,0.2083542
939430,0.08917643
939431,0.028863149
939432,0.10666658
939433,0.101255886
939434,0.103631526
939435,0.103631526
939436,0.07538974
939437,0.031740673
939438,0.18929178
939439,0.2143044
939440,0.21015769
939441,0.23185556
939442,0.2012207
939443,0.22079965
939444,0.20981094
939445,0.15461221
939446,0.0207091
939447,0.07165033
939448,0.07594474
939449,0.04793685
939450,0.077671
939451,0.06926781
939452,0.06777193
939453,0.04156223
939454,0.15209465
939455,0.11408053
939456,0.13287804
939457,0.14882143
939458,0.14346755
939459,0.13925633
939460,0.21045575
939461,0.12873636
939462,0.13187236
939463,0.0533164
939464,0.21482024
939465,0.20781459
939466,0.19155328
939467,0.20625995
939468,0.20003478
939469,0.23336637
939470,0.08749615
939471,0.05986819
939472,0.019963618
939473,0.0906473
939474,0.08365942
939475,0.07662857
939476,0.0845866
939477,0.11468541
939478,0.06312394
939479,0.061889444
939480,0.027079651
939481,0.087525785
939482,0.096444584
939483,0.018418282
939484,0.05328783
939485,0.036611624
939486,0.040051483
939487,0.110924795
939488,0.083118945
939489,0.12891495
939490,0.060799915
939491,0.093364015
939492,0.19070105
939493,0.089288644
939494,0.0450822
939495,0.06246821
939496,0.0600976
939497,0.29303083
939498,0.41118425
939499,0.4675483
939500,0.5432027
939501,0.5619282
939502,0.62387776
939503,0.6957519
939504,0.6884955
939505,0.6996628
939506,0.7023309
939507,0.7196406
939508,0.7512575
939509,0.72283256
939510,0.72048944
939511,0.7327452
939512,0.75299126
939513,0.8037796
939514,0.7814703
939515,0.7322657
939516,0.74006546
939517,0.71305984
939518,0.7510601
939519,0.7256601
939520,0.5411081
939521,0.66871345
939522,0.66986144
939523,0.6867108
939524,0.6481383
939525,0.6709333
939526,0.47586095
939527,0.021407442
939528,0.082227945
939529,0.074186616
939530,0.07115211
939531,0.08486018
939532,0.07912388
939533,0.07587062
939534,0.09623161
939535,0.013828112
939536,0.048679486
939537,0.046878655
939538,0.04738229
939539,0.064130835
939540,0.06473379
939541,0.090982035
939542,0.05331634
939543,0.05865517
939544,0.40880165
939545,0.43421876
939546,0.55330324
939547,0.5888121
939548,0.5705342
939549,0.6402721
939550,0.71694684
939551,0.70850784
939552,0.68491495
939553,0.5831492
939554,0.7143802
939555,0.5586813
939556,0.8077133
939557,0.7444098
939558,0.5796739
939559,0.7340126
939560,0.8255135
939561,0.7370634
939562,0.8297682
939563,0.8196607
939564,0.6246385
939565,0.62118596
939566,0.646096
939567,0.59461683
939568,0.62061614
939569,0.6131267
939570,0.62392145
939571,0.021901963
939572,0.1445341
939573,0.2897401
939574,0.41983303
939575,0.3799432
939576,0.36484912
939577,0.34174615
939578,0.17691833
939579,0.38479793
939580,0.31230432
939581,0.38461298
939582,0.52741873
939583,0.26546407
939584,0.088450685
939585,0.014275994
939586,0.05240378
939587,0.05492223
939588,0.055718515
939589,0.06338126
939590,0.06313966
939591,0.023334643
939592,0.1915731
939593,0.42042425
939594,0.45886177
939595,0.3676498
939596,0.3676498
939597,0.44226432
939598,0.4066334
939599,0.52187634
939600,0.46234396
939601,0.4523716
939602,0.4365555
939603,0.42884135
939604,0.28126165
939605,0.27869904
939606,0.014402507
939607,0.048745304
939608,0.055792943
939609,0.050735958
939610,0.049582988
939611,0.04701102
939612,0.04768889
939613,0.06058467
939614,0.021907704
939615,0.09971871
939616,0.096540324
939617,0.085390806
939618,0.09869689
939619,0.0894574
939620,0.0914064
939621,0.07626969
939622,0.030645005
939623,0.22430263
939624,0.23176154
939625,0.27336857
939626,0.36422017
939627,0.31513682
939628,0.31229898
939629,0.30638325
939630,0.22866035
939631,0.35490608
939632,0.3651642
939633,0.34719357
939634,0.24342842
939635,0.036578063
939636,0.24990755
939637,0.24908622
939638,0.26161095
939639,0.28623027
939640,0.2342173
939641,0.14203754
939642,0.18512516
939643,0.25381276
939644,0.25554994
939645,0.08344561
939646,0.042317778
939647,0.1384298
939648,0.111059956
939649,0.16763154
939650,0.13054629
939651,0.1838486
939652,0.17113045
939653,0.12490468
939654,0.17116217
939655,0.13010146
939656,0.114155635
939657,0.13132031
939658,0.17713638
939659,0.16853999
939660,0.07618574
939661,0.08881261
939662,0.05758326
939663,0.12805308
939664,0.039660525
939665,0.10160861
939666,0.10838126
939667,0.112331994
939668,0.12033235
939669,0.3133623
939670,0.17934011
939671,0.17346025
939672,0.170362
939673,0.21479475
939674,0.18701482
939675,0.20815332
939676,0.17043284
939677,0.11672863
939678,0.022811664
939679,0.10131091
939680,0.11623199
939681,0.10597609
939682,0.105649605
939683,0.11236428
939684,0.1385429
939685,0.03928305
939686,0.23635122
939687,0.27549934
939688,0.39451933
939689,0.22781947
939690,0.23273711
939691,0.3955767
939692,0.5158566
939693,0.2992151
939694,0.35097468
939695,0.2606767
939696,0.22884929
939697,0.05876578
939698,0.17021938
939699,0.23261777
939700,0.10043953
939701,0.084555276
939702,0.20442082
939703,0.10618578
939704,0.09606575
939705,0.09208425
939706,0.093989655
939707,0.103675514
939708,0.06092449
939709,0.03407671
939710,0.14924683
939711,0.052225243
939712,0.29424974
939713,0.29890114
939714,0.320561
939715,0.35153222
939716,0.31962162
939717,0.22890484
939718,0.27046514
939719,0.31308582
939720,0.29284793
939721,0.28281847
939722,0.23991118
939723,0.18563873
939724,0.14051208
939725,0.1211584
939726,0.09526477
939727,0.28470358
939728,0.27696973
939729,0.02718158
939730,0.09444946
939731,0.15945145
939732,0.09873127
939733,0.11865196
939734,0.10802705
939735,0.1960211
939736,0.09409166
939737,0.09571102
939738,0.13841243
939739,0.08179756
939740,0.017833373
939741,0.08036515
939742,0.09351706
939743,0.094900504
939744,0.05498906
939745,0.10551778
939746,0.09439606
939747,0.05402426
939748,0.12477668
939749,0.37632218
939750,0.3346042
939751,0.17405286
939752,0.016635552
939753,0.23698148
939754,0.271822
939755,0.15587446
939756,0.22776468
939757,0.4114672
939758,0.222134
939759,0.056457687
939760,0.088044584
939761,0.0788379
939762,0.016213167
939763,0.07372547
939764,0.0362241
939765,0.04293121
939766,0.055878397
939767,0.042126894
939768,0.040814314
939769,0.040839292
939770,0.1471493
939771,0.16086484
939772,0.063857384
939773,0.058095943
939774,0.07282192
939775,0.07555559
939776,0.0761234
939777,0.06978682
939778,0.04702745
939779,0.022994412
939780,0.13152328
939781,0.11937792
939782,0.09913836
939783,0.094664566
939784,0.12164483
939785,0.26019546
939786,0.16786762
939787,0.20889801
939788,0.2024358
939789,0.07906684
939790,0.16903332
939791,0.20818214
939792,0.21982577
939793,0.19495337
939794,0.10968144
939795,0.19333959
939796,0.11840474
939797,0.14085037
939798,0.14520237
939799,0.1457497
939800,0.12686017
939801,0.09973976
939802,0.59171796
939803,0.38395664
939804,0.5435285
939805,0.503092
939806,0.46316984
939807,0.5442924
939808,0.38131782
939809,0.34329095
939810,0.5450963
939811,0.5059876
939812,0.6247983
939813,0.61611944
939814,0.6298984
939815,0.3618287
939816,0.17003362
939817,0.14553252
939818,0.13658646
939819,0.15990858
939820,0.1472482
939821,0.09058424
939822,0.025831746
939823,0.16308793
939824,0.16128552
939825,0.16643716
939826,0.1432515
939827,0.15144686
939828,0.16082965
939829,0.11999911
939830,0.079848014
939831,0.24437264
939832,0.17607094
939833,0.043466322
939834,0.36541176
939835,0.29561085
939836,0.31479055
939837,0.1778971
939838,0.20187086
939839,0.37987253
939840,0.19833416
939841,0.3515157
939842,0.3271557
939843,0.2207676
939844,0.23827788
939845,0.23010564
939846,0.077234656
939847,0.07234843
939848,0.044097584
939849,0.16044338
939850,0.12103083
939851,0.063767925
939852,0.20263357
939853,0.1813979
939854,0.12682882
939855,0.011887523
939856,0.057579797
939857,0.049242023
939858,0.04290328
939859,0.04353672
939860,0.044325083
939861,0.036103502
939862,0.2659454
939863,0.11043041
939864,0.023480078
939865,0.12424057
939866,0.12710859
939867,0.1278321
939868,0.13367397
939869,0.13480453
939870,0.08532684
939871,0.21360551
939872,0.22552513
939873,0.21887183
939874,0.040791836
939875,0.12839536
939876,0.15357322
939877,0.09568798
939878,0.097293176
939879,0.012142879
939880,0.05401553
939881,0.0550129
939882,0.045830008
939883,0.054245096
939884,0.052083053
939885,0.038205992
939886,0.014314722
939887,0.07537002
939888,0.06471266
939889,0.06287405
939890,0.06430005
939891,0.07159785
939892,0.04745846
939893,0.02961298
939894,0.13080668
939895,0.16164646
939896,0.17141992
939897,0.17530775
939898,0.12771164
939899,0.04227518
939900,0.16558307
939901,0.17049104
939902,0.3684668
939903,0.2899009
939904,0.47275296
939905,0.5736534
939906,0.48651916
939907,0.2914201
939908,0.41318592
939909,0.25323752
939910,0.020903965
939911,0.07069203
939912,0.08915837
939913,0.02363876
939914,0.0722115
939915,0.092912346
939916,0.06863014
939917,0.07432508
939918,0.049764533
939919,0.2528853
939920,0.093020745
939921,0.04103806
939922,0.4536683
939923,0.421446
939924,0.44565856
939925,0.5023851
939926,0.46622193
939927,0.4962594
939928,0.46795803
939929,0.4820976
939930,0.48119107
939931,0.4730298
939932,0.4912341
939933,0.35046884
939934,0.06382537
939935,0.20173147
939936,0.17119397
939937,0.1404104
939938,0.16318531
939939,0.16414765
939940,0.11773702
939941,0.023543153
939942,0.09333684
939943,0.056979515
939944,0.06967294
939945,0.06254716
939946,0.054610807
939947,0.031237131
939948,0.07317509
939949,0.08157581
939950,0.10697365
939951,0.041903973
939952,0.1254231
939953,0.11688755
939954,0.10843963
939955,0.0928378
939956,0.1034415
939957,0.15008314
939958,0.09009071
939959,0.03148464
939960,0.2528354
939961,0.30742416
939962,0.30826586
939963,0.3612968
939964,0.36336866
939965,0.307426
939966,0.3089133
939967,0.23513685
939968,0.3853987
939969,0.23631921
939970,0.3706074
939971,0.20622149
939972,0.13799301
939973,0.31208178
939974,0.32663193
939975,0.28082907
939976,0.31039435
939977,0.18548554
939978,0.064460784
939979,0.15312938
939980,0.15580224
939981,0.073523395
939982,0.14471893
939983,0.07388131
939984,0.072102964
939985,0.06741653
939986,0.04409213
939987,0.16580741
939988,0.020574426
939989,0.072859116
939990,0.061606247
939991,0.057305243
939992,0.056565437
939993,0.06585342
939994,0.06442317
939995,0.06762729
939996,0.05216649
939997,0.21230932
939998,0.12961003
939999,0.15248464
940000,0.08701843
940001,0.08227795
940002,0.13510686
940003,0.100843854
940004,0.16127443
940005,0.10523799
940006,0.149488
940007,0.016853698
940008,0.058903072
940009,0.061244793
940010,0.05734677
940011,0.075881764
940012,0.05848355
940013,0.06760426
940014,0.05117197
940015,0.020435492
940016,0.05975947
940017,0.08641508
940018,0.05602922
940019,0.058495704
940020,0.05788648
940021,0.059147414
940022,0.047639962
940023,0.018747356
940024,0.059233163
940025,0.06016709
940026,0.06320015
940027,0.060900018
940028,0.060095634
940029,0.061235122
940030,0.05371539
940031,0.023338875
940032,0.117682606
940033,0.07428257
940034,0.069750994
940035,0.08473167
940036,0.11457265
940037,0.0926124
940038,0.08143409
940039,0.1040023
940040,0.055783622
940041,0.21399757
940042,0.13412417
940043,0.19351973
940044,0.020866584
940045,0.067802995
940046,0.06252245
940047,0.067833215
940048,0.058534674
940049,0.059925202
940050,0.062685356
940051,0.04745424
940052,0.03761328
940053,0.199426
940054,0.34770215
940055,0.3351407
940056,0.32559714
940057,0.18685149
940058,0.27267754
940059,0.43499786
940060,0.43893382
940061,0.30898157
940062,0.3041763
940063,0.12836424
940064,0.34097067
940065,0.02386527
940066,0.07166013
940067,0.06807919
940068,0.1016805
940069,0.063078254
940070,0.072782636
940071,0.07867373
940072,0.091350496
940073,0.059722275
940074,0.30410507
940075,0.03724148
940076,0.16028456
940077,0.15901756
940078,0.1333419
940079,0.15667227
940080,0.15636893
940081,0.15607964
940082,0.1597237
940083,0.10504514
940084,0.25165823
940085,0.10278626
940086,0.08588252
940087,0.116369575
940088,0.07351633
940089,0.022802811
940090,0.16579016
940091,0.015449061
940092,0.077300526
940093,0.07016487
940094,0.080467254
940095,0.06919688
940096,0.078620516
940097,0.049576744
940098,0.042330634
940099,0.15932782
940100,0.12324572
940101,0.15842725
940102,0.1563351
940103,0.16748945
940104,0.12428548
940105,0.129715
940106,0.11700278
940107,0.18140303
940108,0.13327329
940109,0.07846313
940110,0.5809206
940111,0.59225
940112,0.63826406
940113,0.59126747
940114,0.5960383
940115,0.6041387
940116,0.6959158
940117,0.70126915
940118,0.7503328
940119,0.7323105
940120,0.716917
940121,0.7170968
940122,0.71337867
940123,0.7510102
940124,0.743944
940125,0.73166853
940126,0.7392398
940127,0.71668786
940128,0.65763175
940129,0.6904927
940130,0.68759227
940131,0.6885531
940132,0.35153466
940133,0.021187754
940134,0.09066626
940135,0.08597092
940136,0.088332996
940137,0.0880959
940138,0.08327747
940139,0.084530935
940140,0.07780241
940141,0.059301555
940142,0.3549847
940143,0.39862573
940144,0.35974333
940145,0.2696608
940146,0.4549352
940147,0.4391429
940148,0.2967437
940149,0.1990147
940150,0.40306166
940151,0.2961085
940152,0.48662516
940153,0.2665653
940154,0.39288566
940155,0.34164673
940156,0.3556833
940157,0.551436
940158,0.27927187
940159,0.020516062
940160,0.095943585
940161,0.09183579
940162,0.09286726
940163,0.093653396
940164,0.10598119
940165,0.094065875
940166,0.09194084
940167,0.09235483
940168,0.11804747
940169,0.018848648
940170,0.08650992
940171,0.109163396
940172,0.09225057
940173,0.08581926
940174,0.089919925
940175,0.08280156
940176,0.096651785
940177,0.033930693
940178,0.12777002
940179,0.15521996
940180,0.13204217
940181,0.12617274
940182,0.12613668
940183,0.12765041
940184,0.13078246
940185,0.10379085
940186,0.18096481
940187,0.06958835
940188,0.032797266
940189,0.11032401
940190,0.13017279
940191,0.075681634
940192,0.10133757
940193,0.07542416
940194,0.03817717
940195,0.12641308
940196,0.16188724
940197,0.19898182
940198,0.16658172
940199,0.118161075
940200,0.19113185
940201,0.0159705
940202,0.08818011
940203,0.08272509
940204,0.082859986
940205,0.08056463
940206,0.09880421
940207,0.08132261
940208,0.06084509
940209,0.03514386
940210,0.11195675
940211,0.14177425
940212,0.057146
940213,0.37129933
940214,0.39593363
940215,0.6198113
940216,0.669292
940217,0.69072074
940218,0.7036254
940219,0.64038146
940220,0.71903
940221,0.7295329
940222,0.67433375
940223,0.739014
940224,0.7341742
940225,0.73935926
940226,0.72646576
940227,0.71466684
940228,0.7173469
940229,0.717512
940230,0.6621698
940231,0.62674403
940232,0.5929887
940233,0.614151
940234,0.6935905
940235,0.6917933
940236,0.676238
940237,0.22017272
940238,0.023044612
940239,0.047693387
940240,0.107467614
940241,0.079723135
940242,0.13119924
940243,0.094989195
940244,0.09760418
940245,0.08201331
940246,0.036719654
940247,0.026361967
940248,0.098655924
940249,0.06278986
940250,0.045937065
940251,0.029918807
940252,0.1164786
940253,0.2439406
940254,0.27805743
940255,0.13641413
940256,0.05698852
940257,0.051438764
940258,0.10280933
940259,0.12288355
940260,0.25926387
940261,0.08948531
940262,0.19063996
940263,0.3225985
940264,0.66281736
940265,0.532058
940266,0.5852687
940267,0.5352527
940268,0.49000716
940269,0.543084
940270,0.49341276
940271,0.5601435
940272,0.45804146
940273,0.76688695
940274,0.51691955
940275,0.7330926
940276,0.45101202
940277,0.44310254
940278,0.5123188
940279,0.5178758
940280,0.4957785
940281,0.39788935
940282,0.39822617
940283,0.28645146
940284,0.028849343
940285,0.09767318
940286,0.043351855
940287,0.06431969
940288,0.08503672
940289,0.054633103
940290,0.17054635
940291,0.032324854
940292,0.23502773
940293,0.39758408
940294,0.43539348
940295,0.13883296
940296,0.43543985
940297,0.27211353
940298,0.26579145
940299,0.26548865
940300,0.20459262
940301,0.27657014
940302,0.13609679
940303,0.31109956
940304,0.17454374
940305,0.14807796
940306,0.012372149
940307,0.06339901
940308,0.07360965
940309,0.09210463
940310,0.09870627
940311,0.05429759
940312,0.031161448
940313,0.17209215
940314,0.19357808
940315,0.1593781
940316,0.14493546
940317,0.14605577
940318,0.14518057
940319,0.12630203
940320,0.13009256
940321,0.029824575
940322,0.104799464
940323,0.06902019
940324,0.06642946
940325,0.090546384
940326,0.059166532
940327,0.04900468
940328,0.02844359
940329,0.12357373
940330,0.13268247
940331,0.1286351
940332,0.10179276
940333,0.12566876
940334,0.10902309
940335,0.115139484
940336,0.13966888
940337,0.06247581
940338,0.08159562
940339,0.084746554
940340,0.08723521
940341,0.015034803
940342,0.080266096
940343,0.04467033
940344,0.0839398
940345,0.07151758
940346,0.08732716
940347,0.07004353
940348,0.07191672
940349,0.023468586
940350,0.058648143
940351,0.06517819
940352,0.13150738
940353,0.0714131
940354,0.38965556
940355,0.47566077
940356,0.6679716
940357,0.62206954
940358,0.6287376
940359,0.65006846
940360,0.72430426
940361,0.6044926
940362,0.59917617
940363,0.6410858
940364,0.6580143
940365,0.724529
940366,0.7118786
940367,0.68624544
940368,0.51847434
940369,0.73430264
940370,0.73272765
940371,0.6675089
940372,0.7878652
940373,0.63794804
940374,0.69983476
940375,0.6721137
940376,0.64673007
940377,0.62443525
940378,0.6250009
940379,0.52867466
940380,0.27246553
940381,0.030498166
940382,0.1039971
940383,0.07452451
940384,0.05669078
940385,0.03440557
940386,0.08078441
940387,0.050304472
940388,0.24504724
940389,0.30019596
940390,0.30524033
940391,0.48209786
940392,0.46066377
940393,0.4412465
940394,0.44533083
940395,0.55985487
940396,0.41096428
940397,0.48610234
940398,0.5224758
940399,0.5136196
940400,0.42530385
940401,0.46851304
940402,0.36061832
940403,0.30257094
940404,0.012661116
940405,0.048313703
940406,0.03521699
940407,0.03529706
940408,0.04923199
940409,0.071562394
940410,0.075615086
940411,0.081437014
940412,0.010425341
940413,0.06614339
940414,0.062368847
940415,0.07392526
940416,0.059956886
940417,0.09164189
940418,0.06809234
940419,0.029839275
940420,0.1645024
940421,0.15103433
940422,0.14140671
940423,0.08386774
940424,0.15463081
940425,0.122004844
940426,0.14248717
940427,0.19730681
940428,0.15923066
940429,0.1585742
940430,0.12334618
940431,0.12560979
940432,0.15176253
940433,0.44790354
940434,0.17543486
940435,0.12712698
940436,0.0871466
940437,0.07989919
940438,0.3364747
940439,0.32265785
940440,0.30764276
940441,0.34196633
940442,0.18842238
940443,0.25187594
940444,0.189649
940445,0.2453455
940446,0.19619547
940447,0.11302608
940448,0.3880915
940449,0.46694735
940450,0.41608366
940451,0.33980203
940452,0.37341857
940453,0.49800757
940454,0.47596824
940455,0.59147465
940456,0.5739451
940457,0.48717546
940458,0.19000527
940459,0.035945017
940460,0.05716212
940461,0.22769624
940462,0.2298961
940463,0.07489947
940464,0.016559342
940465,0.017447062
940466,0.10924481
940467,0.06195828
940468,0.07632963
940469,0.040411483
940470,0.009618864
940471,0.023674669
940472,0.032208495
940473,0.014770217
940474,0.026787095
940475,0.021872966
940476,0.02231783
940477,0.018768763
940478,0.041609373
940479,0.18002415
940480,0.018487353
940481,0.057818737
940482,0.031037727
940483,0.029064452
940484,0.2752012
940485,0.21551545
940486,0.013494486
940487,0.10682289
940488,0.056604497
940489,0.10768623
940490,0.9802715
940491,0.10613553
940492,0.08700004
940493,0.05547666
940494,0.014544612
940495,0.019482492
940496,0.044181507
940497,0.08536311
940498,0.42793125
940499,0.4786283
940500,0.3431363
940501,0.46987185
940502,0.46825224
940503,0.4744368
940504,0.4728155
940505,0.47934893
940506,0.3936622
940507,0.3431552
940508,0.09637713
940509,0.060375176
940510,0.064410165
940511,0.029536277
940512,0.10264033
940513,0.15413623
940514,0.028858302
940515,0.24588607
940516,0.27615124
940517,0.23004708
940518,0.2279457
940519,0.22428353
940520,0.25450572
940521,0.17073931
940522,0.029791433
940523,0.29705608
940524,0.2917376
940525,0.29218832
940526,0.23388046
940527,0.23477325
940528,0.23213427
940529,0.28830174
940530,0.24633247
940531,0.1762163
940532,0.108852714
940533,0.09991212
940534,0.08082739
940535,0.055062793
940536,0.109093025
940537,0.032404315
940538,0.24609925
940539,0.23001963
940540,0.03101914
940541,0.11305064
940542,0.09252169
940543,0.087230094
940544,0.08906716
940545,0.072446994
940546,0.038086977
940547,0.093265474
940548,0.2137805
940549,0.03545095
940550,0.09418059
940551,0.07974054
940552,0.09462305
940553,0.091342025
940554,0.089801386
940555,0.07996563
940556,0.0674419
940557,0.42878178
940558,0.5810107
940559,0.5834486
940560,0.73433125
940561,0.74135745
940562,0.7452326
940563,0.71187156
940564,0.7327647
940565,0.756391
940566,0.8146133
940567,0.7675194
940568,0.78948045
940569,0.71986115
940570,0.8099703
940571,0.8232358
940572,0.794875
940573,0.804249
940574,0.8158903
940575,0.8049799
940576,0.8347948
940577,0.7846633
940578,0.7745869
940579,0.80629224
940580,0.80549943
940581,0.7559903
940582,0.7915082
940583,0.7963887
940584,0.8304402
940585,0.82411474
940586,0.78590494
940587,0.78165543
940588,0.80908686
940589,0.780722
940590,0.8047698
940591,0.61477727
940592,0.055013493
940593,0.10554267
940594,0.09906056
940595,0.091717765
940596,0.49201715
940597,0.50428385
940598,0.63940024
940599,0.678391
940600,0.6757773
940601,0.6656217
940602,0.8028476
940603,0.70100147
940604,0.7156839
940605,0.59780836
940606,0.7022233
940607,0.7308558
940608,0.73979616
940609,0.75558734
940610,0.7359883
940611,0.6246949
940612,0.76923954
940613,0.7291645
940614,0.7867242
940615,0.71365744
940616,0.78278226
940617,0.76065195
940618,0.70382756
940619,0.59314567
940620,0.7824904
940621,0.69275236
940622,0.7767943
940623,0.67799765
940624,0.67274886
940625,0.51722956
940626,0.024313658
940627,0.13876043
940628,0.11366946
940629,0.1567346
940630,0.18198588
940631,0.14995986
940632,0.13030241
940633,0.13030241
940634,0.09012398
940635,0.13016744
940636,0.103316985
940637,0.09078167
940638,0.039484635
940639,0.14486676
940640,0.1375907
940641,0.11448851
940642,0.1116259
940643,0.088040195
940644,0.09657581
940645,0.093951814
940646,0.03538254
940647,0.17718299
940648,0.14772965
940649,0.18236065
940650,0.18792275
940651,0.11261272
940652,0.09381247
940653,0.07707341
940654,0.07680905
940655,0.012365049
940656,0.07743697
940657,0.044390537
940658,0.041659337
940659,0.06258566
940660,0.045250654
940661,0.055704948
940662,0.056586407
940663,0.040712092
940664,0.014430915
940665,0.040808573
940666,0.045013655
940667,0.037013035
940668,0.041571476
940669,0.046907116
940670,0.04121914
940671,0.012284582
940672,0.0837792
940673,0.046124168
940674,0.052549858
940675,0.04806705
940676,0.055313144
940677,0.077621005
940678,0.081223436
940679,0.07535459
940680,0.3767244
940681,0.2535234
940682,0.26706517
940683,0.24608758
940684,0.27095303
940685,0.24957187
940686,0.014056435
940687,0.06090913
940688,0.05631873
940689,0.05680182
940690,0.05879156
940691,0.056418356
940692,0.057029024
940693,0.04643669
940694,0.2666453
940695,0.12950666
940696,0.20784041
940697,0.10352887
940698,0.097204864
940699,0.35321444
940700,0.47334003
940701,0.51115507
940702,0.5709208
940703,0.5389707
940704,0.53083587
940705,0.54765576
940706,0.56487685
940707,0.41166168
940708,0.43374923
940709,0.3964279
940710,0.49499273
940711,0.3691089
940712,0.019781202
940713,0.06145398
940714,0.07030535
940715,0.05833272
940716,0.078609586
940717,0.1779552
940718,0.52319777
940719,0.66612923
940720,0.7070024
940721,0.47082442
940722,0.7132441
940723,0.48254547
940724,0.68270314
940725,0.74923575
940726,0.67706186
940727,0.65918547
940728,0.6894785
940729,0.64245117
940730,0.5402919
940731,0.63647795
940732,0.675928
940733,0.658004
940734,0.44815126
940735,0.034292027
940736,0.14831693
940737,0.1059255
940738,0.11411373
940739,0.111922435
940740,0.09118353
940741,0.021361504
940742,0.11638387
940743,0.11305083
940744,0.10788637
940745,0.10448101
940746,0.10246383
940747,0.074283816
940748,0.08258687
940749,0.090368345
940750,0.094865985
940751,0.085165374
940752,0.08166719
940753,0.082820795
940754,0.063512675
940755,0.03293225
940756,0.33786568
940757,0.3109507
940758,0.331956
940759,0.27521572
940760,0.3131561
940761,0.3042985
940762,0.34718117
940763,0.30220473
940764,0.29085565
940765,0.09520903
940766,0.021993876
940767,0.10523543
940768,0.08972549
940769,0.06315411
940770,0.08777764
940771,0.0783868
940772,0.08726531
940773,0.0854193
940774,0.027448883
940775,0.10864767
940776,0.07753558
940777,0.11065844
940778,0.14007501
940779,0.11384147
940780,0.028472014
940781,0.10615067
940782,0.10666729
940783,0.08442316
940784,0.13545264
940785,0.04375809
940786,0.03957835
940787,0.025345802
940788,0.11837286
940789,0.13129544
940790,0.010338364
940791,0.04564524
940792,0.03622654
940793,0.037253946
940794,0.037382502
940795,0.036890544
940796,0.040774383
940797,0.04158135
940798,0.03509932
940799,0.45312926
940800,0.09974103
940801,0.10707066
940802,0.11870407
940803,0.11931364
940804,0.116812885
940805,0.008485733
940806,0.029191572
940807,0.037174467
940808,0.044436797
940809,0.034653325
940810,0.32742485
940811,0.42424846
940812,0.5093516
940813,0.52312183
940814,0.5358268
940815,0.5254992
940816,0.5220133
940817,0.5220133
940818,0.61270696
940819,0.46975467
940820,0.5786947
940821,0.39186442
940822,0.48653463
940823,0.35718578
940824,0.27856478
940825,0.026746154
940826,0.038194105
940827,0.03833927
940828,0.048187606
940829,0.03573272
940830,0.12543038
940831,0.1255594
940832,0.3314479
940833,0.30229732
940834,0.22840902
940835,0.4848458
940836,0.2959524
940837,0.4848458
940838,0.28559232
940839,0.37676284
940840,0.20657648
940841,0.26069272
940842,0.19733787
940843,0.010396529
940844,0.08193489
940845,0.06671866
940846,0.05118906
940847,0.07857964
940848,0.30159044
940849,0.36078453
940850,0.4066688
940851,0.3228756
940852,0.3918309
940853,0.25113484
940854,0.39283648
940855,0.38500494
940856,0.26251826
940857,0.37917224
940858,0.2719961
940859,0.043749373
940860,0.19036123
940861,0.13232961
940862,0.11403423
940863,0.12629154
940864,0.120428115
940865,0.25235286
940866,0.1725568
940867,0.22070433
940868,0.18328977
940869,0.177911
940870,0.17936926
940871,0.17900437
940872,0.16242433
940873,0.16288765
940874,0.049577903
940875,0.4342621
940876,0.42091513
940877,0.36810398
940878,0.35814905
940879,0.4280892
940880,0.24755666
940881,0.37350252
940882,0.45883116
940883,0.36702657
940884,0.29536712
940885,0.18627098
940886,0.05599337
940887,0.3615485
940888,0.2691949
940889,0.39284527
940890,0.35821265
940891,0.35073033
940892,0.40615833
940893,0.41159365
940894,0.4211626
940895,0.24409978
940896,0.27645054
940897,0.24482708
940898,0.2609201
940899,0.024557153
940900,0.25580278
940901,0.18855424
940902,0.22119339
940903,0.17498676
940904,0.20398653
940905,0.13560764
940906,0.06296074
940907,0.19575512
940908,0.19153884
940909,0.19148083
940910,0.19977947
940911,0.21021031
940912,0.18822184
940913,0.2709686
940914,0.28381324
940915,0.24340911
940916,0.028736724
940917,0.22299688
940918,0.21520048
940919,0.21536995
940920,0.25331697
940921,0.22532615
940922,0.22473869
940923,0.15548308
940924,0.46987632
940925,0.48298404
940926,0.62209964
940927,0.65970767
940928,0.69089055
940929,0.62412125
940930,0.68952215
940931,0.7121393
940932,0.69655395
940933,0.7260706
940934,0.7193001
940935,0.6654017
940936,0.6682841
940937,0.6619307
940938,0.6315797
940939,0.6348824
940940,0.6497151
940941,0.63341016
940942,0.5571223
940943,0.6771669
940944,0.30701005
940945,0.02432783
940946,0.36745003
940947,0.2978779
940948,0.23631519
940949,0.39233908
940950,0.33611545
940951,0.036621626
940952,0.17277901
940953,0.14066292
940954,0.15578926
940955,0.12789084
940956,0.12322629
940957,0.096140675
940958,0.032391265
940959,0.11647347
940960,0.08761062
940961,0.14671849
940962,0.20073542
940963,0.31102976
940964,0.21109173
940965,0.023784198
940966,0.15743436
940967,0.21674892
940968,0.17645073
940969,0.12114692
940970,0.16954494
940971,0.13606313
940972,0.12729153
940973,0.055066194
940974,0.05247093
940975,0.054279655
940976,0.053297296
940977,0.05479593
940978,0.065050565
940979,0.06483816
940980,0.05111536
940981,0.06137532
940982,0.30430365
940983,0.20948888
940984,0.37932396
940985,0.3691989
940986,0.35556668
940987,0.21020465
940988,0.20995992
940989,0.2767681
940990,0.2005916
940991,0.18948853
940992,0.014648918
940993,0.06794684
940994,0.07038628
940995,0.06650748
940996,0.05669979
940997,0.054431215
940998,0.05507066
940999,0.060699087
941000,0.08521332
941001,0.4192364
941002,0.13189861
941003,0.30687207
941004,0.150433
941005,0.03226083
941006,0.16570866
941007,0.15275396
941008,0.13766795
941009,0.13561833
941010,0.11974937
941011,0.02195226
941012,0.03716828
941013,0.04163916
941014,0.16901626
941015,0.06671783
941016,0.08446635
941017,0.060027584
941018,0.0870263
941019,0.06947279
941020,0.2796544
941021,0.21913265
941022,0.22281425
941023,0.15338889
941024,0.15384126
941025,0.20933798
941026,0.18779613
941027,0.18587543
941028,0.014555264
941029,0.09178539
941030,0.06556014
941031,0.08564703
941032,0.06735999
941033,0.0683787
941034,0.07674848
941035,0.07241557
941036,0.08228964
941037,0.11649014
941038,0.08145926
941039,0.14247717
941040,0.17669244
941041,0.12733014
941042,0.12723745
941043,0.10185446
941044,0.046892162
941045,0.4254332
941046,0.45857802
941047,0.44636858
941048,0.5063089
941049,0.4531749
941050,0.47739765
941051,0.48032665
941052,0.52491075
941053,0.530169
941054,0.5146743
941055,0.46770245
941056,0.34705734
941057,0.18058105
941058,0.09273834
941059,0.26610795
941060,0.15939635
941061,0.035925187
941062,0.16229458
941063,0.1499269
941064,0.14203866
941065,0.15049247
941066,0.26913375
941067,0.095606804
941068,0.08146144
941069,0.08517805
941070,0.36212918
941071,0.55314785
941072,0.61136186
941073,0.6140908
941074,0.6319149
941075,0.4813518
941076,0.70407695
941077,0.6174259
941078,0.677452
941079,0.6477333
941080,0.62939036
941081,0.6712751
941082,0.6833064
941083,0.6917574
941084,0.7226929
941085,0.41314277
941086,0.2574663
941087,0.83671427
941088,0.8184935
941089,0.8452164
941090,0.84921306
941091,0.8839473
941092,0.8716072
941093,0.875495
941094,0.8920533
941095,0.8891545
941096,0.89674324
941097,0.90077776
941098,0.91485095
941099,0.9013236
941100,0.9161631
941101,0.89431554
941102,0.89321166
941103,0.8868985
941104,0.89496607
941105,0.8952847
941106,0.8921311
941107,0.90207577
941108,0.8974961
941109,0.8828503
941110,0.8771574
941111,0.8839528
941112,0.88533336
941113,0.87839377
941114,0.87482804
941115,0.8984326
941116,0.9000051
941117,0.84891856
941118,0.76558065
941119,0.82128924
941120,0.8409636
941121,0.7821852
941122,0.81871825
941123,0.758045
941124,0.75515443
941125,0.8080975
941126,0.73970735
941127,0.31958252
941128,0.030237755
941129,0.25168896
941130,0.27041933
941131,0.21468148
941132,0.23997614
941133,0.15351488
941134,0.037166867
941135,0.25667134
941136,0.2444065
941137,0.21215956
941138,0.05056262
941139,0.43591613
941140,0.5294901
941141,0.54468316
941142,0.6479435
941143,0.6489259
941144,0.54121774
941145,0.69098324
941146,0.6395014
941147,0.5704574
941148,0.4175105
941149,0.5856459
941150,0.58603054
941151,0.58175457
941152,0.40977216
941153,0.29366508
941154,0.15337175
941155,0.1634147
941156,0.16154674
941157,0.07872806
941158,0.04871154
941159,0.44950393
941160,0.55133575
941161,0.5099171
941162,0.49264944
941163,0.5167208
941164,0.49649978
941165,0.49636874
941166,0.6003633
941167,0.44940716
941168,0.50642794
941169,0.50327045
941170,0.39800772
941171,0.061906055
941172,0.15080939
941173,0.14242929
941174,0.10054062
941175,0.113061644
941176,0.058659475
941177,0.086506695
941178,0.0865616
941179,0.08749605
941180,0.060455907
941181,0.18264359
941182,0.15029185
941183,0.10784649
941184,0.110193476
941185,0.149152
941186,0.108235106
941187,0.10175349
941188,0.013726902
941189,0.070859134
941190,0.063570485
941191,0.06100029
941192,0.09812995
941193,0.028592445
941194,0.07892528
941195,0.043726787
941196,0.06117067
941197,0.06734669
941198,0.01611344
941199,0.068751484
941200,0.06567693
941201,0.053664006
941202,0.027718987
941203,0.06056723
941204,0.063056916
941205,0.04861058
941206,0.013588502
941207,0.036643777
941208,0.03247778
941209,0.028493034
941210,0.07188215
941211,0.09424942
941212,0.093073286
941213,0.061692335
941214,0.04464912
941215,0.02716274
941216,0.033376228
941217,0.047940187
941218,0.063992605
941219,0.0495749
941220,0.04127509
941221,0.15209489
941222,0.20874174
941223,0.35001248
941224,0.42222118
941225,0.46810958
941226,0.47947615
941227,0.53418374
941228,0.5338739
941229,0.5297749
941230,0.46841258
941231,0.47175717
941232,0.3242084
941233,0.011993918
941234,0.06944879
941235,0.08416836
941236,0.08578733
941237,0.058473334
941238,0.070015326
941239,0.017493011
941240,0.1960006
941241,0.24846104
941242,0.2596319
941243,0.2545936
941244,0.24993874
941245,0.292834
941246,0.25418067
941247,0.1511702
941248,0.114151865
941249,0.11042986
941250,0.12509593
941251,0.71074903
941252,0.747056
941253,0.81964654
941254,0.8383517
941255,0.8420867
941256,0.82583004
941257,0.8416761
941258,0.85295314
941259,0.8570206
941260,0.8572016
941261,0.86811864
941262,0.8635241
941263,0.8464855
941264,0.82015204
941265,0.8170884
941266,0.85787386
941267,0.84310246
941268,0.8560845
941269,0.85455185
941270,0.8628418
941271,0.8259908
941272,0.8432359
941273,0.84208834
941274,0.83720213
941275,0.83238333
941276,0.7863961
941277,0.80271965
941278,0.8049086
941279,0.8334544
941280,0.81326705
941281,0.83242434
941282,0.8033798
941283,0.576968
941284,0.029029883
941285,0.13066772
941286,0.13720734
941287,0.14066148
941288,0.12754561
941289,0.117192775
941290,0.14118575
941291,0.25333124
941292,0.12477571
941293,0.102070086
941294,0.11305606
941295,0.10336453
941296,0.0921087
941297,0.20872764
941298,0.25229084
941299,0.24877849
941300,0.22778971
941301,0.17297882
941302,0.24403326
941303,0.21657737
941304,0.18848594
941305,0.03790497
941306,0.16573866
941307,0.2526604
941308,0.23810571
941309,0.23685622
941310,0.19315052
941311,0.37164104
941312,0.44043982
941313,0.46583337
941314,0.52242637
941315,0.56601757
941316,0.53472435
941317,0.5910448
941318,0.64088714
941319,0.5426248
941320,0.55738276
941321,0.67302877
941322,0.61025333
941323,0.54525286
941324,0.18540522
941325,0.47969913
941326,0.46783838
941327,0.39287555
941328,0.29010448
941329,0.5311401
941330,0.44302988
941331,0.4745322
941332,0.35650355
941333,0.42670912
941334,0.41145146
941335,0.35331467
941336,0.071686305
941337,0.40660346
941338,0.4229368
941339,0.43799865
941340,0.40594712
941341,0.4754526
941342,0.54562473
941343,0.43700573
941344,0.48188522
941345,0.35425135
941346,0.061433014
941347,0.041469682
941348,0.01695277
941349,0.015799614
941350,0.017263912
941351,0.016098296
941352,0.01793871
941353,0.015999753
941354,0.01989606
941355,0.1316756
941356,0.06485232
941357,0.067141026
941358,0.31704426
941359,0.47445235
941360,0.4054869
941361,0.51769656
941362,0.44246513
941363,0.43293592
941364,0.2595769
941365,0.424007
941366,0.3565548
941367,0.35549903
941368,0.34120116
941369,0.26299667
941370,0.23479138
941371,0.19495213
941372,0.012422188
941373,0.0134495795
941374,0.023807866
941375,0.019603796
941376,0.020887498
941377,0.018769689
941378,0.017665775
941379,0.027383918
941380,0.07448465
941381,0.37854585
941382,0.19590908
941383,0.0984976
941384,0.0689379
941385,0.011939996
941386,0.02374247
941387,0.023114504
941388,0.012559703
941389,0.026831517
941390,0.021979762
941391,0.026847614
941392,0.1077516
941393,0.098654866
941394,0.09568713
941395,0.08789169
941396,0.073637635
941397,0.07270583
941398,0.011413458
941399,0.01967395
941400,0.020784851
941401,0.016763933
941402,0.009748355
941403,0.018063068
941404,0.021330083
941405,0.02001122
941406,0.0546227
941407,0.08478669
941408,0.016262526
941409,0.042720404
941410,0.04611331
941411,0.042916697
941412,0.00825945
941413,0.011473685
941414,0.01228832
941415,0.012365375
941416,0.024873953
941417,0.03245672
941418,0.016747994
941419,0.100215316
941420,0.017105598
941421,0.01836303
941422,0.016086299
941423,0.009045586
941424,0.018593876
941425,0.018548569
941426,0.015816625
941427,0.008381801
941428,0.025624694
941429,0.021884691
941430,0.018494073
941431,0.018576737
941432,0.020273
941433,0.019154096
941434,0.019868903
941435,0.50108665
941436,0.60982776
941437,0.64011866
941438,0.7383351
941439,0.78195775
941440,0.7696881
941441,0.70289433
941442,0.7404353
941443,0.6883025
941444,0.733842
941445,0.5008643
941446,0.7308736
941447,0.48358357
941448,0.6791588
941449,0.7762578
941450,0.70680225
941451,0.6825755
941452,0.7332826
941453,0.5051245
941454,0.28603485
941455,0.043451525
941456,0.07750658
941457,0.07714415
941458,0.076785
941459,0.084029414
941460,0.079600304
941461,0.045351766
941462,0.115466386
941463,0.056475166
941464,0.028568588
941465,0.24981995
941466,0.2567778
941467,0.19568315
941468,0.23798668
941469,0.2179192
941470,0.2580481
941471,0.060750626
941472,0.016655158
941473,0.018593654
941474,0.020318378
941475,0.04389335
941476,0.018488206
941477,0.012604043
941478,0.09267503
941479,0.3171513
941480,0.2461015
941481,0.18104666
941482,0.17447145
941483,0.19898435
941484,0.19525173
941485,0.12689519
941486,0.038358763
941487,0.029530475
941488,0.032586906
941489,0.026678737
941490,0.037678897
941491,0.03464559
941492,0.19871505
941493,0.23283201
941494,0.17723368
941495,0.23534796
941496,0.21468942
941497,0.21175414
941498,0.17749056
941499,0.115718655
941500,0.093598075
941501,0.08365518
941502,0.09349473
941503,0.089233406
941504,0.058867466
941505,0.02011199
941506,0.104818955
941507,0.08532431
941508,0.07912336
941509,0.091641985
941510,0.09674933
941511,0.06953682
941512,0.23813115
941513,0.045429464
941514,0.092651136
941515,0.038360193
941516,0.14380123
941517,0.12311912
941518,0.23496322
941519,0.25534663
941520,0.25869495
941521,0.24382946
941522,0.25203547
941523,0.18917495
941524,0.08826151
941525,0.5185045
941526,0.6137807
941527,0.71140736
941528,0.6150319
941529,0.51906294
941530,0.5475826
941531,0.46747288
941532,0.53521204
941533,0.5518652
941534,0.5415713
941535,0.383894
941536,0.58365047
941537,0.36823332
941538,0.56938875
941539,0.4662947
941540,0.46422607
941541,0.37898368
941542,0.5075365
941543,0.37639016
941544,0.49006405
941545,0.46046096
941546,0.4530577
941547,0.4510239
941548,0.21722417
941549,0.1387842
941550,0.6052574
941551,0.61209625
941552,0.71756035
941553,0.7659306
941554,0.7352123
941555,0.71716124
941556,0.77221715
941557,0.7277583
941558,0.5077206
941559,0.7862087
941560,0.78428155
941561,0.70807594
941562,0.77819806
941563,0.7812437
941564,0.75939554
941565,0.71359843
941566,0.51996905
941567,0.59577507
941568,0.20577906
941569,0.0636363
941570,0.34565032
941571,0.47035605
941572,0.42040747
941573,0.46157822
941574,0.48097974
941575,0.3670348
941576,0.4824983
941577,0.5608173
941578,0.44096103
941579,0.47206742
941580,0.6041275
941581,0.5902917
941582,0.62534994
941583,0.61176825
941584,0.65612143
941585,0.40303177
941586,0.5725682
941587,0.67872953
941588,0.367487
941589,0.38946995
941590,0.36417404
941591,0.3938459
941592,0.35313192
941593,0.119543806
941594,0.040890314
941595,0.3679664
941596,0.3594203
941597,0.2634774
941598,0.33790633
941599,0.35828608
941600,0.27133802
941601,0.119083725
941602,0.2910675
941603,0.27827963
941604,0.2981313
941605,0.2515403
941606,0.18805797
941607,0.041983645
941608,0.13242221
941609,0.10601971
941610,0.11426507
941611,0.11776301
941612,0.07842061
941613,0.23141526
941614,0.14282548
941615,0.18416798
941616,0.16615644
941617,0.02510051
941618,0.11363873
941619,0.14698374
941620,0.6299648
941621,0.62364453
941622,0.6797027
941623,0.72722757
941624,0.7686454
941625,0.81139576
941626,0.755772
941627,0.7348212
941628,0.80184644
941629,0.79585475
941630,0.5573463
941631,0.7896331
941632,0.8087199
941633,0.7403518
941634,0.80210537
941635,0.8056657
941636,0.80989623
941637,0.85087377
941638,0.8239397
941639,0.8163322
941640,0.8155708
941641,0.8140119
941642,0.84259975
941643,0.8149801
941644,0.7933001
941645,0.7507209
941646,0.74893105
941647,0.80614424
941648,0.7997288
941649,0.7754268
941650,0.8259319
941651,0.7811532
941652,0.57348865
941653,0.011684989
941654,0.08773081
941655,0.08989196
941656,0.043449175
941657,0.078749985
941658,0.040245872
941659,0.23172797
941660,0.1701377
941661,0.12684597
941662,0.09335319
941663,0.12957862
941664,0.112372644
941665,0.21492703
941666,0.19433673
941667,0.106606
941668,0.052347485
941669,0.1340298
941670,0.102171175
941671,0.023112545
941672,0.09805786
941673,0.12559046
941674,0.10266498
941675,0.052347485
941676,0.09440912
941677,0.0806033
941678,0.047543623
941679,0.10065834
941680,0.08627755
941681,0.1882909
941682,0.026419643
941683,0.09806696
941684,0.060277954
941685,0.09237013
941686,0.063440956
941687,0.08500738
941688,0.0861291
941689,0.24312991
941690,0.14933565
941691,0.1738784
941692,0.13596216
941693,0.13712522
941694,0.096957736
941695,0.04407927
941696,0.18844324
941697,0.16926962
941698,0.15828267
941699,0.1354537
941700,0.19688207
941701,0.18453093
941702,0.2633927
941703,0.13739558
941704,0.15719682
941705,0.13601328
941706,0.03758499
941707,0.14794753
941708,0.16485687
941709,0.14132196
941710,0.14132196
941711,0.1618739
941712,0.101917006
941713,0.041574333
941714,0.14292389
941715,0.16464159
941716,0.14506029
941717,0.17530915
941718,0.13105002
941719,0.42956525
941720,0.42922777
941721,0.48180243
941722,0.4227754
941723,0.4808499
941724,0.47473446
941725,0.48345414
941726,0.5150678
941727,0.48894942
941728,0.46290103
941729,0.5080237
941730,0.4592896
941731,0.30880126
941732,0.0655022
941733,0.46935445
941734,0.51933706
941735,0.56109107
941736,0.568902
941737,0.5267413
941738,0.54975903
941739,0.5592444
941740,0.59792674
941741,0.5949748
941742,0.65364695
941743,0.6104176
941744,0.58165956
941745,0.5235922
941746,0.47216797
941747,0.32273164
941748,0.03380161
941749,0.4717925
941750,0.53047854
941751,0.5554012
941752,0.5852936
941753,0.54131305
941754,0.5752013
941755,0.56845844
941756,0.545152
941757,0.5578403
941758,0.4988078
941759,0.5852519
941760,0.50510544
941761,0.55934244
941762,0.54034066
941763,0.5684542
941764,0.42739725
941765,0.06467206
941766,0.20578693
941767,0.16877986
941768,0.1307747
941769,0.19222394
941770,0.115281545
941771,0.05700971
941772,0.061434653
941773,0.04719191
941774,0.06286661
941775,0.07513509
941776,0.057995483
941777,0.017034981
941778,0.013577168
941779,0.011891803
941780,0.023162883
941781,0.022034407
941782,0.032952473
941783,0.014419885
941784,0.31224543
941785,0.07147163
941786,0.04392845
941787,0.03887995
941788,0.045093253
941789,0.03707997
941790,0.009304578
941791,0.021847328
941792,0.02115664
941793,0.01925174
941794,0.018016567
941795,0.037135642
941796,0.022419317
941797,0.018212255
941798,0.030692505
941799,0.48819557
941800,0.560952
941801,0.6565908
941802,0.7791832
941803,0.79768795
941804,0.8183503
941805,0.8348508
941806,0.84074754
941807,0.85231245
941808,0.85792845
941809,0.8930248
941810,0.89504415
941811,0.894044
941812,0.8939787
941813,0.8970845
941814,0.89422464
941815,0.89468294
941816,0.89432925
941817,0.89593536
941818,0.89593536
941819,0.8927989
941820,0.8923246
941821,0.8927423
941822,0.89451486
941823,0.8815134
941824,0.8802066
941825,0.8624603
941826,0.8624603
941827,0.85700953
941828,0.8602423
941829,0.899374
941830,0.8959519
941831,0.88273096
941832,0.86176497
941833,0.86176497
941834,0.82420397
941835,0.82420397
941836,0.8377037
941837,0.8377037
941838,0.8377037
941839,0.81620985
941840,0.75304884
941841,0.75304884
941842,0.75304884
941843,0.74772686
941844,0.74772686
941845,0.74772686
941846,0.43713298
941847,0.014858546
941848,0.01990803
941849,0.040975973
941850,0.06188544
941851,0.53216326
941852,0.5833361
941853,0.6299732
941854,0.6332648
941855,0.63520986
941856,0.63520986
941857,0.63795924
941858,0.64221066
941859,0.6453843
941860,0.64342916
941861,0.6319572
941862,0.61109513
941863,0.60781443
941864,0.60118943
941865,0.30323768
941866,0.34524408
941867,0.05164227
941868,0.049418874
941869,0.05429927
941870,0.05285831
941871,0.030861452
941872,0.029362623
941873,0.021966293
941874,0.021781253
941875,0.019417806
941876,0.011966882
941877,0.018171694
941878,0.030122174
941879,0.012048125
941880,0.025763875
941881,0.050811358
941882,0.013593705
941883,0.012259272
941884,0.011719849
941885,0.0273745
941886,0.032101277
941887,0.03485806
941888,0.07953044
941889,0.18785825
941890,0.20695451
941891,0.30337605
941892,0.14986885
941893,0.16361919
941894,0.13642634
941895,0.12689579
941896,0.16549294
941897,0.22888358
941898,0.09540065
941899,0.11111872
941900,0.13140339
941901,0.4626262
941902,0.46553528
941903,0.5026028
941904,0.51540816
941905,0.5286534
941906,0.5385559
941907,0.5571609
941908,0.6165638
941909,0.57725865
941910,0.49170125
941911,0.5234627
941912,0.4386654
941913,0.51335627
941914,0.54357034
941915,0.5632519
941916,0.37893307
941917,0.094673395
941918,0.51213753
941919,0.553656
941920,0.5727182
941921,0.60527253
941922,0.66120005
941923,0.6644768
941924,0.64836156
941925,0.6415128
941926,0.62169933
941927,0.63054895
941928,0.6244828
941929,0.65645534
941930,0.6089173
941931,0.64227563
941932,0.61674786
941933,0.6311707
941934,0.61593467
941935,0.627037
941936,0.59504926
941937,0.5762919
941938,0.6110758
941939,0.60097796
941940,0.453691
941941,0.41144177
941942,0.57403123
941943,0.5787026
941944,0.5711608
941945,0.649146
941946,0.650127
941947,0.60473645
941948,0.6775883
941949,0.6195686
941950,0.64306706
941951,0.6475769
941952,0.6179861
941953,0.41617954
941954,0.24987704
941955,0.20549628
941956,0.55456865
941957,0.62955964
941958,0.6788373
941959,0.6908085
941960,0.6982109
941961,0.7053669
941962,0.704685
941963,0.68370634
941964,0.69503605
941965,0.73997927
941966,0.72676826
941967,0.72636217
941968,0.7170537
941969,0.7167834
941970,0.6979701
941971,0.7468996
941972,0.7589511
941973,0.75998867
941974,0.74484354
941975,0.67942256
941976,0.75588655
941977,0.74206954
941978,0.7110199
941979,0.72061324
941980,0.6420281
941981,0.71155286
941982,0.6198343
941983,0.7266229
941984,0.7236383
941985,0.66696215
941986,0.7558718
941987,0.67881083
941988,0.5905487
941989,0.044814233
941990,0.1609398
941991,0.1584318
941992,0.14905713
941993,0.102346316
941994,0.09039839
941995,0.069674365
941996,0.07065242
941997,0.07419579
941998,0.02683991
941999,0.28357512
942000,0.20654193
942001,0.16121209
942002,0.1412138
942003,0.1479607
942004,0.08370551
942005,0.16945425
942006,0.15980975
942007,0.16296098
942008,0.3041278
942009,0.13304725
942010,0.30314896
942011,0.18724757
942012,0.11043857
942013,0.13349095
942014,0.08347298
942015,0.29205108
942016,0.15830322
942017,0.12646551
942018,0.0760059
942019,0.16035184
942020,0.16469324
942021,0.12694158
942022,0.023020368
942023,0.04844122
942024,0.048278976
942025,0.04679744
942026,0.056561287
942027,0.045113917
942028,0.047906313
942029,0.04701543
942030,0.048000228
942031,0.027040672
942032,0.126672
942033,0.10687825
942034,0.11335454
942035,0.10467064
942036,0.11110174
942037,0.12940104
942038,0.105918616
942039,0.20136276
942040,0.15850398
942041,0.03642998
942042,0.08096823
942043,0.08365704
942044,0.10730102
942045,0.08403355
942046,0.08068449
942047,0.08816593
942048,0.059130605
942049,0.041820202
942050,0.1485114
942051,0.15735956
942052,0.15750016
942053,0.12056708
942054,0.013105178
942055,0.05708673
942056,0.14396027
942057,0.14104211
942058,0.050010305
942059,0.08279216
942060,0.11126811
942061,0.10437549
942062,0.09118716
942063,0.01838696
942064,0.09206048
942065,0.09125808
942066,0.09897314
942067,0.100374565
942068,0.092040055
942069,0.1058217
942070,0.06536424
942071,0.10540458
942072,0.009726983
942073,0.03714718
942074,0.04643138
942075,0.033429436
942076,0.03159133
942077,0.016036812
942078,0.07175484
942079,0.073180005
942080,0.07470986
942081,0.06964196
942082,0.0673978
942083,0.10147366
942084,0.049904957
942085,0.008459895
942086,0.03438957
942087,0.039053857
942088,0.036071125
942089,0.070665285
942090,0.083143756
942091,0.013377641
942092,0.06736361
942093,0.06950607
942094,0.056480862
942095,0.08444994
942096,0.047312595
942097,0.015801178
942098,0.083713844
942099,0.07481046
942100,0.08588255
942101,0.07383871
942102,0.073563635
942103,0.18296073
942104,0.10492161
942105,0.09192509
942106,0.0776209
942107,0.018764473
942108,0.10919433
942109,0.11019939
942110,0.07567168
942111,0.107442714
942112,0.12491717
942113,0.12985387
942114,0.1687409
942115,0.1680208
942116,0.1410993
942117,0.56088823
942118,0.01590163
942119,0.07208102
942120,0.08012378
942121,0.061222535
942122,0.073881
942123,0.06678281
942124,0.05796309
942125,0.053826883
942126,0.016376259
942127,0.0841318
942128,0.073024474
942129,0.064771906
942130,0.069801256
942131,0.06605734
942132,0.06723294
942133,0.043253656
942134,0.06274305
942135,0.010979509
942136,0.032623645
942137,0.035034925
942138,0.062401667
942139,0.039037667
942140,0.03949744
942141,0.03768725
942142,0.09213123
942143,0.07659285
942144,0.017215045
942145,0.042473897
942146,0.047289208
942147,0.061797813
942148,0.03614736
942149,0.044349734
942150,0.04930174
942151,0.07064622
942152,0.19189091
942153,0.029640116
942154,0.09719232
942155,0.13850911
942156,0.1252151
942157,0.14472848
942158,0.091073714
942159,0.062072143
942160,0.17819884
942161,0.33514822
942162,0.25996217
942163,0.13326816
942164,0.039864846
942165,0.16990562
942166,0.14270696
942167,0.12494495
942168,0.1261383
942169,0.14072634
942170,0.12103382
942171,0.37036225
942172,0.13060683
942173,0.29364413
942174,0.2585532
942175,0.1393403
942176,0.056370597
942177,0.056498803
942178,0.009756612
942179,0.03814489
942180,0.041499652
942181,0.03286935
942182,0.0549614
942183,0.0497113
942184,0.034558542
942185,0.02959855
942186,0.01147645
942187,0.04004678
942188,0.061802585
942189,0.03996374
942190,0.044794165
942191,0.050968926
942192,0.042203743
942193,0.070978664
942194,0.038255613
942195,0.011783966
942196,0.040571056
942197,0.0380468
942198,0.03921802
942199,0.03512199
942200,0.037937336
942201,0.043287355
942202,0.04349122
942203,0.03128207
942204,0.11174233
942205,0.023632906
942206,0.3824812
942207,0.33556038
942208,0.2818053
942209,0.22081502
942210,0.013967868
942211,0.046193667
942212,0.045870364
942213,0.045587625
942214,0.06026997
942215,0.075305454
942216,0.100208096
942217,0.06649718
942218,0.05527891
942219,0.09762244
942220,0.14665824
942221,0.0075338874
942222,0.011572479
942223,0.021939846
942224,0.019847853
942225,0.030281426
942226,0.013818811
942227,0.023274254
942228,0.024003474
942229,0.098379046
942230,0.010693954
942231,0.03705492
942232,0.03775407
942233,0.03760843
942234,0.044453382
942235,0.03467209
942236,0.035999734
942237,0.040801425
942238,0.05655553
942239,0.04926022
942240,0.017140161
942241,0.055983365
942242,0.031912655
942243,0.031089818
942244,0.02321624
942245,0.3182418
942246,0.22065729
942247,0.13489936
942248,0.14319268
942249,0.12707083
942250,0.015838923
942251,0.040237196
942252,0.029703118
942253,0.037277948
942254,0.031031376
942255,0.12961107
942256,0.034554657
942257,0.03636008
942258,0.059357468
942259,0.040498156
942260,0.03565771
942261,0.035186224
942262,0.04570533
942263,0.0357295
942264,0.119949505
942265,0.12418192
942266,0.20943615
942267,0.11413018
942268,0.12027749
942269,0.14477563
942270,0.087057725
942271,0.008337036
942272,0.020685019
942273,0.01135059
942274,0.0196582
942275,0.02636876
942276,0.020954456
942277,0.033029772
942278,0.016651573
942279,0.043524675
942280,0.10865414
942281,0.072888106
942282,0.05065151
942283,0.048324972
942284,0.041150186
942285,0.08096922
942286,0.07224265
942287,0.099580295
942288,0.042756006
942289,0.13262403
942290,0.10323694
942291,0.13351516
942292,0.11148415
942293,0.12093714
942294,0.08697355
942295,0.007126572
942296,0.012381359
942297,0.010875309
942298,0.02529383
942299,0.0359733
942300,0.035687618
942301,0.023276167
942302,0.019951275
942303,0.018391598
942304,0.010104118
942305,0.03950561
942306,0.03084749
942307,0.03828228
942308,0.03552305
942309,0.041848958
942310,0.02690505
942311,0.02748476
942312,0.109234065
942313,0.12195397
942314,0.18026046
942315,0.115798265
942316,0.13759731
942317,0.116259456
942318,0.09796674
942319,0.006672122
942320,0.019709101
942321,0.02370822
942322,0.019464636
942323,0.020167531
942324,0.01754133
942325,0.011833103
942326,0.05730851
942327,0.05767574
942328,0.037639067
942329,0.04463841
942330,0.04467286
942331,0.057716027
942332,0.043847177
942333,0.047741257
942334,0.12103773
942335,0.1276931
942336,0.13666496
942337,0.111665
942338,0.15220414
942339,0.119709015
942340,0.09347202
942341,0.010170824
942342,0.025609529
942343,0.026471322
942344,0.019268543
942345,0.02548371
942346,0.026499607
942347,0.01599077
942348,0.03434439
942349,0.11875165
942350,0.15320258
942351,0.1308435
942352,0.11900213
942353,0.11973829
942354,0.11291158
942355,0.17422387
942356,0.010616273
942357,0.03675464
942358,0.025974235
942359,0.032738205
942360,0.03591963
942361,0.11113716
942362,0.07929564
942363,0.06851471
942364,0.0791351
942365,0.1693064
942366,0.25104022
942367,0.23436935
942368,0.2294244
942369,0.17295896
942370,0.025478683
942371,0.16192512
942372,0.12642972
942373,0.1364741
942374,0.115376
942375,0.080247454
942376,0.010767814
942377,0.017401418
942378,0.03697838
942379,0.025079772
942380,0.03136618
942381,0.030040612
942382,0.21752079
942383,0.02081463
942384,0.06465498
942385,0.073276065
942386,0.060654853
942387,0.065311104
942388,0.08649741
942389,0.065899424
942390,0.06376664
942391,0.09013254
942392,0.07706353
942393,0.038430054
942394,0.27829415
942395,0.25768068
942396,0.2675623
942397,0.26441142
942398,0.26259306
942399,0.32335025
942400,0.28266507
942401,0.1732083
942402,0.024048299
942403,0.1331619
942404,0.10860856
942405,0.11759991
942406,0.11239776
942407,0.12327301
942408,0.12617227
942409,0.081444666
942410,0.2144778
942411,0.09857761
942412,0.10771471
942413,0.07322458
942414,0.09123447
942415,0.11715107
942416,0.09279458
942417,0.114910804
942418,0.21496525
942419,0.04686274
942420,0.08415362
942421,0.14697321
942422,0.06176474
942423,0.29792026
942424,0.19689798
942425,0.29468825
942426,0.15479486
942427,0.14152806
942428,0.18177783
942429,0.16772266
942430,0.14869203
942431,0.14805596
942432,0.17071694
942433,0.14861928
942434,0.17473872
942435,0.109750025
942436,0.051458027
942437,0.112230614
942438,0.12614825
942439,0.115754955
942440,0.117989026
942441,0.16403854
942442,0.13906328
942443,0.158991
942444,0.09712978
942445,0.05024783
942446,0.43874988
942447,0.4495412
942448,0.46982995
942449,0.27729428
942450,0.2745336
942451,0.2600311
942452,0.18212618
942453,0.26848307
942454,0.2856873
942455,0.32640713
942456,0.26199934
942457,0.34503582
942458,0.26836783
942459,0.4483675
942460,0.11397255
942461,0.060430624
942462,0.122836344
942463,0.06880681
942464,0.51513785
942465,0.5855621
942466,0.5461047
942467,0.6428196
942468,0.6427746
942469,0.5920557
942470,0.6714057
942471,0.5920557
942472,0.64690185
942473,0.652491
942474,0.55879056
942475,0.6617717
942476,0.6507465
942477,0.5882114
942478,0.65137297
942479,0.43197694
942480,0.03412207
942481,0.17945969
942482,0.20282044
942483,0.22360858
942484,0.1694297
942485,0.20423959
942486,0.16306795
942487,0.243208
942488,0.16472214
942489,0.1791029
942490,0.20322439
942491,0.14530146
942492,0.028587269
942493,0.12063004
942494,0.116126515
942495,0.10535928
942496,0.10643231
942497,0.107141145
942498,0.09430565
942499,0.03622997
942500,0.13706486
942501,0.086768605
942502,0.019900007
942503,0.069288425
942504,0.082894206
942505,0.07277734
942506,0.08079482
942507,0.08162352
942508,0.079483785
942509,0.29858205
942510,0.26248536
942511,0.26144412
942512,0.172795
942513,0.047850624
942514,0.16887268
942515,0.24288405
942516,0.19793102
942517,0.045378167
942518,0.13803019
942519,0.097787246
942520,0.107783616
942521,0.10086815
942522,0.112700716
942523,0.08756304
942524,0.056030042
942525,0.47048086
942526,0.5478748
942527,0.6112728
942528,0.59477544
942529,0.59658897
942530,0.63766605
942531,0.42269725
942532,0.48673165
942533,0.34594434
942534,0.44507775
942535,0.23818357
942536,0.2316465
942537,0.28229544
942538,0.25742203
942539,0.45755982
942540,0.36692965
942541,0.25448185
942542,0.3189474
942543,0.33387616
942544,0.038806897
942545,0.3121036
942546,0.17592874
942547,0.027238503
942548,0.099372745
942549,0.12768069
942550,0.1271424
942551,0.13073224
942552,0.10071527
942553,0.13567485
942554,0.11323671
942555,0.02519255
942556,0.040402673
942557,0.05908459
942558,0.045343004
942559,0.048783664
942560,0.038668066
942561,0.07131703
942562,0.17081527
942563,0.08983353
942564,0.28362665
942565,0.17682031
942566,0.146324
942567,0.17461756
942568,0.2698449
942569,0.1531841
942570,0.23160191
942571,0.29987836
942572,0.19214153
942573,0.31638768
942574,0.14129704
942575,0.23037584
942576,0.06753375
942577,0.3911388
942578,0.31506136
942579,0.4573152
942580,0.45423675
942581,0.40408394
942582,0.45614755
942583,0.38640258
942584,0.39311385
942585,0.28685167
942586,0.53126293
942587,0.45416602
942588,0.44784328
942589,0.44443747
942590,0.43632418
942591,0.40375835
942592,0.32748705
942593,0.38740826
942594,0.4779039
942595,0.54584235
942596,0.57729256
942597,0.47934076
942598,0.46808127
942599,0.5609594
942600,0.5029791
942601,0.5654904
942602,0.57575655
942603,0.6569977
942604,0.60959405
942605,0.5869411
942606,0.5832194
942607,0.56460464
942608,0.5599791
942609,0.6055085
942610,0.5352689
942611,0.29926488
942612,0.017456539
942613,0.069697164
942614,0.06815212
942615,0.06754115
942616,0.07312023
942617,0.08168689
942618,0.060510587
942619,0.13420272
942620,0.24682331
942621,0.20826489
942622,0.2116291
942623,0.1506514
942624,0.025538042
942625,0.20296296
942626,0.20449266
942627,0.19932853
942628,0.18336771
942629,0.20630835
942630,0.12859342
942631,0.041888744
942632,0.22633693
942633,0.18992433
942634,0.18810512
942635,0.25949845
942636,0.18317537
942637,0.19283603
942638,0.2941061
942639,0.24625535
942640,0.20805585
942641,0.024688503
942642,0.08025791
942643,0.07919401
942644,0.083335534
942645,0.078034066
942646,0.07254923
942647,0.06359135
942648,0.017711477
942649,0.07379242
942650,0.0807483
942651,0.09409059
942652,0.07569291
942653,0.06931648
942654,0.038954534
942655,0.09746208
942656,0.1469736
942657,0.26029772
942658,0.23843959
942659,0.13365805
942660,0.1899293
942661,0.18138385
942662,0.18184796
942663,0.517871
942664,0.41899616
942665,0.38952878
942666,0.3543155
942667,0.29680595
942668,0.31831035
942669,0.44771582
942670,0.330274
942671,0.21785165
942672,0.6055537
942673,0.693164
942674,0.73974526
942675,0.7590448
942676,0.788428
942677,0.817472
942678,0.84037846
942679,0.8280698
942680,0.8332789
942681,0.85775274
942682,0.8321984
942683,0.8772411
942684,0.882609
942685,0.8458287
942686,0.85574263
942687,0.8687981
942688,0.8839098
942689,0.8826311
942690,0.87654805
942691,0.8737753
942692,0.871945
942693,0.8577169
942694,0.88313127
942695,0.8889337
942696,0.8676497
942697,0.8703591
942698,0.89272964
942699,0.8671441
942700,0.8749673
942701,0.88364106
942702,0.88506454
942703,0.88600254
942704,0.8694058
942705,0.8623077
942706,0.8296773
942707,0.8531507
942708,0.8272493
942709,0.8521003
942710,0.8272493
942711,0.8454615
942712,0.8117211
942713,0.8390219
942714,0.832909
942715,0.82420796
942716,0.7750749
942717,0.7766259
942718,0.8329965
942719,0.8138423
942720,0.8321397
942721,0.7915209
942722,0.7533381
942723,0.84788936
942724,0.77551633
942725,0.83904487
942726,0.852621
942727,0.8415332
942728,0.77497566
942729,0.8316366
942730,0.83590823
942731,0.7424815
942732,0.057107702
942733,0.40884587
942734,0.5769356
942735,0.48060432
942736,0.475621
942737,0.50234336
942738,0.26209533
942739,0.537882
942740,0.4782109
942741,0.56902075
942742,0.4140736
942743,0.31428492
942744,0.036202982
942745,0.28259802
942746,0.29519698
942747,0.28760833
942748,0.39681578
942749,0.4231713
942750,0.25931174
942751,0.44108105
942752,0.3667374
942753,0.41918904
942754,0.41719595
942755,0.25320444
942756,0.16510233
942757,0.0750441
942758,0.053075973
942759,0.036622565
942760,0.4014763
942761,0.67467016
942762,0.5297613
942763,0.51948714
942764,0.5602284
942765,0.49628335
942766,0.47963703
942767,0.60406595
942768,0.3636013
942769,0.46398643
942770,0.7035225
942771,0.040729083
942772,0.22027977
942773,0.21386406
942774,0.202493
942775,0.2214418
942776,0.024506036
942777,0.06389882
942778,0.049036067
942779,0.05156304
942780,0.051944733
942781,0.4278017
942782,0.5482376
942783,0.3181576
942784,0.4654373
942785,0.2474444
942786,0.58142614
942787,0.45630565
942788,0.44268182
942789,0.43228245
942790,0.47168398
942791,0.028023446
942792,0.05834102
942793,0.055934165
942794,0.04002959
942795,0.10114191
942796,0.048801262
942797,0.1754259
942798,0.24749525
942799,0.12204333
942800,0.11570482
942801,0.28707203
942802,0.1429523
942803,0.07378255
942804,0.10025043
942805,0.14021496
942806,0.14594501
942807,0.15391697
942808,0.017837565
942809,0.0843492
942810,0.06511447
942811,0.19951126
942812,0.1415259
942813,0.31018463
942814,0.19753198
942815,0.15063815
942816,0.24786875
942817,0.23146847
942818,0.20784795
942819,0.03443077
942820,0.078367315
942821,0.07782932
942822,0.077153325
942823,0.07421317
942824,0.09220276
942825,0.071004815
942826,0.19055256
942827,0.08109011
942828,0.07813068
942829,0.07948159
942830,0.080269985
942831,0.11570517
942832,0.05902286
942833,0.050197273
942834,0.1981665
942835,0.18453099
942836,0.17262402
942837,0.18257602
942838,0.13166925
942839,0.026895357
942840,0.0873651
942841,0.076786466
942842,0.11269909
942843,0.23459671
942844,0.12819847
942845,0.1060751
942846,0.18192679
942847,0.04069476
942848,0.19442649
942849,0.14709136
942850,0.019754047
942851,0.11878258
942852,0.1022592
942853,0.10050324
942854,0.1151132
942855,0.1082231
942856,0.10654559
942857,0.05491984
942858,0.04364751
942859,0.18021236
942860,0.16860856
942861,0.1644017
942862,0.16707934
942863,0.13261501
942864,0.016174104
942865,0.081554234
942866,0.083759084
942867,0.074330784
942868,0.07445548
942869,0.073786914
942870,0.0816592
942871,0.08297147
942872,0.054110803
942873,0.40007326
942874,0.47896788
942875,0.55617875
942876,0.45180845
942877,0.478196
942878,0.4116119
942879,0.54993826
942880,0.44011483
942881,0.62996
942882,0.44344667
942883,0.6387868
942884,0.69612795
942885,0.42155844
942886,0.6328038
942887,0.6283816
942888,0.42951033
942889,0.70455885
942890,0.66135645
942891,0.40028352
942892,0.2557969
942893,0.12425686
942894,0.12536786
942895,0.1506165
942896,0.10616929
942897,0.05524053
942898,0.18734133
942899,0.17941223
942900,0.18028136
942901,0.17673478
942902,0.1633941
942903,0.020495724
942904,0.103548296
942905,0.105801605
942906,0.08676605
942907,0.086938985
942908,0.061601575
942909,0.113663994
942910,0.059196327
942911,0.06922657
942912,0.07465167
942913,0.20810336
942914,0.09865031
942915,0.09767131
942916,0.08162809
942917,0.12579215
942918,0.19556388
942919,0.013566283
942920,0.076228
942921,0.083832815
942922,0.082611
942923,0.09832416
942924,0.091437705
942925,0.10543794
942926,0.058348358
942927,0.15357073
942928,0.05785856
942929,0.015834441
942930,0.09586875
942931,0.085328944
942932,0.042947683
942933,0.06944243
942934,0.07945774
942935,0.037464086
942936,0.06006388
942937,0.07324793
942938,0.0593854
942939,0.066532105
942940,0.05462586
942941,0.059255
942942,0.208592
942943,0.026089821
942944,0.092588454
942945,0.07958014
942946,0.0835294
942947,0.09041751
942948,0.08026707
942949,0.016938955
942950,0.10425224
942951,0.12885128
942952,0.06751156
942953,0.11009762
942954,0.06951128
942955,0.1269949
942956,0.108526625
942957,0.13913369
942958,0.13252936
942959,0.072489604
942960,0.4574894
942961,0.15537986
942962,0.02226168
942963,0.08392491
942964,0.07922413
942965,0.07975429
942966,0.08200364
942967,0.09155503
942968,0.0537828
942969,0.02260386
942970,0.07504092
942971,0.07579753
942972,0.090407826
942973,0.102840185
942974,0.050288495
942975,0.08728041
942976,0.09057393
942977,0.08215539
942978,0.09267515
942979,0.08630035
942980,0.08262152
942981,0.0828017
942982,0.07046462
942983,0.08285867
942984,0.08094531
942985,0.09921201
942986,0.07025565
942987,0.015514496
942988,0.09049955
942989,0.08587498
942990,0.08342232
942991,0.084809154
942992,0.08078689
942993,0.08533073
942994,0.056844454
942995,0.14043388
942996,0.06871397
942997,0.44169176
942998,0.5166931
942999,0.5539843
943000,0.46015316
943001,0.37864277
943002,0.4397704
943003,0.3823128
943004,0.42788446
943005,0.4912823
943006,0.54607105
943007,0.45215994
943008,0.5148553
943009,0.37450585
943010,0.23564477
943011,0.18437015
943012,0.17700483
943013,0.1590597
943014,0.018259581
943015,0.08379486
943016,0.08587428
943017,0.08102717
943018,0.08398927
943019,0.08308594
943020,0.09166046
943021,0.062033657
943022,0.023153983
943023,0.10549755
943024,0.12742959
943025,0.11215194
943026,0.18589287
943027,0.12777905
943028,0.11496558
943029,0.122026995
943030,0.10197525
943031,0.09694256
943032,0.033679467
943033,0.105139226
943034,0.10663475
943035,0.15141071
943036,0.018868929
943037,0.09214082
943038,0.09236873
943039,0.080883645
943040,0.073626496
943041,0.12062488
943042,0.079876535
943043,0.06264081
943044,0.030100184
943045,0.110415034
943046,0.096135736
943047,0.09022943
943048,0.073097445
943049,0.033508692
943050,0.12415137
943051,0.08795372
943052,0.08608682
943053,0.066521585
943054,0.060219355
943055,0.14638838
943056,0.059794556
943057,0.055976834
943058,0.06885193
943059,0.056561146
943060,0.2822109
943061,0.47852412
943062,0.49714336
943063,0.36408484
943064,0.42627102
943065,0.38095936
943066,0.25983182
943067,0.23503026
943068,0.3794843
943069,0.39031646
943070,0.27370414
943071,0.11355744
943072,0.025174651
943073,0.056909762
943074,0.05372025
943075,0.04666181
943076,0.05054543
943077,0.13681115
943078,0.04310893
943079,0.18700266
943080,0.16573824
943081,0.16235454
943082,0.21416195
943083,0.1395111
943084,0.20812128
943085,0.14050879
943086,0.20999353
943087,0.24804
943088,0.12314641
943089,0.027981926
943090,0.048355572
943091,0.030804513
943092,0.024491226
943093,0.27676362
943094,0.30370998
943095,0.47346124
943096,0.5432444
943097,0.5365262
943098,0.48840564
943099,0.66685015
943100,0.6808943
943101,0.68792176
943102,0.6913564
943103,0.710691
943104,0.7220412
943105,0.6806586
943106,0.6944325
943107,0.6916853
943108,0.78388286
943109,0.6322108
943110,0.7739127
943111,0.7894508
943112,0.74926317
943113,0.7594655
943114,0.64351875
943115,0.6548112
943116,0.62119347
943117,0.6783299
943118,0.28152174
943119,0.008547793
943120,0.03746232
943121,0.09023636
943122,0.08448696
943123,0.049166888
943124,0.033013176
943125,0.031284638
943126,0.029038768
943127,0.020676691
943128,0.06098508
943129,0.059398863
943130,0.16267584
943131,0.08461996
943132,0.17171893
943133,0.12845142
943134,0.09189021
943135,0.09410308
943136,0.06683876
943137,0.05462381
943138,0.054813832
943139,0.009583189
943140,0.031634137
943141,0.032390367
943142,0.062313356
943143,0.034771863
943144,0.030086968
943145,0.032420218
943146,0.029075718
943147,0.020730337
943148,0.12948099
943149,0.20184329
943150,0.12075117
943151,0.18209702
943152,0.14306313
943153,0.1252378
943154,0.1155916
943155,0.077325374
943156,0.13608202
943157,0.17507344
943158,0.33383194
943159,0.07086173
943160,0.021193504
943161,0.14693156
943162,0.04552333
943163,0.10258477
943164,0.08836989
943165,0.13483654
943166,0.07334103
943167,0.11400435
943168,0.13629338
943169,0.096591614
943170,0.18064912
943171,0.075405635
943172,0.010360116
943173,0.031445608
943174,0.03289858
943175,0.026730686
943176,0.03501101
943177,0.050574444
943178,0.030124974
943179,0.04189708
943180,0.024953298
943181,0.009603354
943182,0.035817258
943183,0.041137904
943184,0.03483038
943185,0.037299506
943186,0.038124084
943187,0.03813127
943188,0.033526998
943189,0.009802112
943190,0.03381708
943191,0.030142525
943192,0.030517722
943193,0.030939426
943194,0.03936375
943195,0.030945342
943196,0.031979088
943197,0.024847325
943198,0.12399974
943199,0.058956936
943200,0.06542986
943201,0.05429408
943202,0.06790329
943203,0.057267673
943204,0.06769918
943205,0.057356473
943206,0.011140882
943207,0.031771872
943208,0.033917036
943209,0.03357061
943210,0.03668322
943211,0.037392046
943212,0.04042229
943213,0.032823246
943214,0.009518457
943215,0.11747787
943216,0.048233565
943217,0.045790125
943218,0.04198795
943219,0.065866336
943220,0.020200089
943221,0.07228539
943222,0.0629993
943223,0.06302292
943224,0.08193589
943225,0.070137076
943226,0.059889328
943227,0.10625038
943228,0.056969546
943229,0.01049635
943230,0.03199028
943231,0.04021584
943232,0.030151727
943233,0.033096094
943234,0.036175072
943235,0.040127672
943236,0.017266097
943237,0.04833821
943238,0.054249078
943239,0.05334412
943240,0.05374074
943241,0.05226076
943242,0.055333912
943243,0.06589233
943244,0.009154545
943245,0.032107003
943246,0.029859226
943247,0.03210201
943248,0.03326178
943249,0.040820047
943250,0.046778753
943251,0.03399309
943252,0.00938874
943253,0.02754322
943254,0.037510265
943255,0.041661438
943256,0.026834019
943257,0.033502493
943258,0.026161715
943259,0.18739441
943260,0.009362977
943261,0.03231318
943262,0.03455368
943263,0.054527182
943264,0.03679491
943265,0.032521848
943266,0.03351691
943267,0.030598441
943268,0.019032823
943269,0.03698229
943270,0.029080747
943271,0.033709377
943272,0.024425874
943273,0.030692505
943274,0.03545668
943275,0.06482209
943276,0.25234973
943277,0.17236505
943278,0.14219987
943279,0.13536263
943280,0.121529646
943281,0.044336468
943282,0.12705536
943283,0.12338883
943284,0.044361223
943285,0.055366263
943286,0.47024125
943287,0.4102578
943288,0.44347912
943289,0.5611252
943290,0.49877965
943291,0.5030306
943292,0.5672061
943293,0.4929401
943294,0.6092464
943295,0.56884307
943296,0.5250723
943297,0.5148622
943298,0.5271802
943299,0.50089186
943300,0.49467
943301,0.4641477
943302,0.4755987
943303,0.56441015
943304,0.30598977
943305,0.15480031
943306,0.114485614
943307,0.12624304
943308,0.12717657
943309,0.14334388
943310,0.14839733
943311,0.2609145
943312,0.035847332
943313,0.15231834
943314,0.11550621
943315,0.07791684
943316,0.12258199
943317,0.036840647
943318,0.19465819
943319,0.29772016
943320,0.3246611
943321,0.31249204
943322,0.31249204
943323,0.3557757
943324,0.31249204
943325,0.32508567
943326,0.3188432
943327,0.332949
943328,0.33746293
943329,0.26735428
943330,0.25273314
943331,0.22947235
943332,0.15388954
943333,0.17786811
943334,0.08667028
943335,0.060519118
943336,0.05357693
943337,0.04891467
943338,0.043179717
943339,0.15270884
943340,0.14811637
943341,0.12885651
943342,0.016204992
943343,0.2355382
943344,0.22219957
943345,0.20701437
943346,0.17437142
943347,0.018747201
943348,0.05671424
943349,0.05805949
943350,0.065906495
943351,0.054008543
943352,0.060495555
943353,0.07002948
943354,0.05146424
943355,0.019271642
943356,0.21953163
943357,0.24783148
943358,0.21897028
943359,0.20541453
943360,0.22336595
943361,0.23120359
943362,0.021256903
943363,0.061260365
943364,0.06771448
943365,0.05590134
943366,0.076484725
943367,0.06523549
943368,0.06027126
943369,0.050783034
943370,0.026662862
943371,0.06656842
943372,0.067470826
943373,0.061855447
943374,0.055774935
943375,0.06396798
943376,0.05205474
943377,0.0513258
943378,0.201361
943379,0.10599608
943380,0.022156669
943381,0.057661112
943382,0.05983213
943383,0.056202836
943384,0.059576813
943385,0.054559145
943386,0.061477862
943387,0.074844465
943388,0.018848004
943389,0.113346405
943390,0.118940935
943391,0.0915851
943392,0.09036417
943393,0.12077319
943394,0.09189839
943395,0.26135173
943396,0.15718359
943397,0.14538872
943398,0.19477238
943399,0.074524805
943400,0.11839634
943401,0.07833192
943402,0.07488254
943403,0.06629815
943404,0.0465525
943405,0.025972426
943406,0.0958802
943407,0.1251805
943408,0.078431435
943409,0.16410427
943410,0.057191983
943411,0.05763008
943412,0.065987825
943413,0.0597369
943414,0.052222714
943415,0.07212768
943416,0.05761544
943417,0.020115964
943418,0.11797193
943419,0.059703913
943420,0.06390525
943421,0.06122661
943422,0.08213885
943423,0.072251216
943424,0.075523876
943425,0.08582833
943426,0.08175914
943427,0.06630743
943428,0.19242279
943429,0.03094383
943430,0.089738265
943431,0.08209605
943432,0.036598425
943433,0.24939013
943434,0.24317217
943435,0.28206518
943436,0.26576015
943437,0.346945
943438,0.2425521
943439,0.36628917
943440,0.381586
943441,0.319696
943442,0.2542984
943443,0.29019508
943444,0.25036845
943445,0.31281638
943446,0.18920201
943447,0.037949424
943448,0.08240306
943449,0.08477999
943450,0.11696089
943451,0.08668961
943452,0.08977304
943453,0.121876
943454,0.10367729
943455,0.10276271
943456,0.112887055
943457,0.11325315
943458,0.093142994
943459,0.09914035
943460,0.10747917
943461,0.08555327
943462,0.07929084
943463,0.07047737
943464,0.08039134
943465,0.09032189
943466,0.068956465
943467,0.09527753
943468,0.045358703
943469,0.09248579
943470,0.018166143
943471,0.058775067
943472,0.13969664
943473,0.0796938
943474,0.24382398
943475,0.23981227
943476,0.14820449
943477,0.068265185
943478,0.19967759
943479,0.13764428
943480,0.18570402
943481,0.022135433
943482,0.18134716
943483,0.1662316
943484,0.10774269
943485,0.15039545
943486,0.10979928
943487,0.15039545
943488,0.10979928
943489,0.15134427
943490,0.08866275
943491,0.20764211
943492,0.24995585
943493,0.14600176
943494,0.15768583
943495,0.025834847
943496,0.11329113
943497,0.05607895
943498,0.106828324
943499,0.11437048
943500,0.06900644
943501,0.048858188
943502,0.11387107
943503,0.11334268
943504,0.017331496
943505,0.10157491
943506,0.0908126
943507,0.08650491
943508,0.12184708
943509,0.097367056
943510,0.16097344
943511,0.027988639
943512,0.1150735
943513,0.081713885
943514,0.083993554
943515,0.079099886
943516,0.079099886
943517,0.061896954
943518,0.3008854
943519,0.21683538
943520,0.20006125
943521,0.22863612
943522,0.19668473
943523,0.15959734
943524,0.08234974
943525,0.116437264
943526,0.018650148
943527,0.09141806
943528,0.09790437
943529,0.10317675
943530,0.09707884
943531,0.10308951
943532,0.09966116
943533,0.074273214
943534,0.023692112
943535,0.34666494
943536,0.42236856
943537,0.31385997
943538,0.41684002
943539,0.3218289
943540,0.288803
943541,0.32725215
943542,0.29503495
943543,0.2110433
943544,0.019766347
943545,0.11374401
943546,0.13834526
943547,0.09312272
943548,0.112748265
943549,0.2264598
943550,0.13312234
943551,0.12108218
943552,0.15160663
943553,0.12578242
943554,0.15925562
943555,0.018509781
943556,0.09107093
943557,0.07973335
943558,0.093706146
943559,0.07062766
943560,0.08366216
943561,0.082352
943562,0.0766153
943563,0.055065546
943564,0.27270678
943565,0.027903743
943566,0.25406474
943567,0.2450899
943568,0.25221843
943569,0.22641517
943570,0.24411586
943571,0.13103068
943572,0.21329129
943573,0.10360085
943574,0.06898652
943575,0.06502415
943576,0.05898952
943577,0.064723566
943578,0.031786516
943579,0.2543965
943580,0.22287305
943581,0.30302176
943582,0.20687264
943583,0.20115902
943584,0.013183359
943585,0.06090975
943586,0.061286215
943587,0.057936773
943588,0.06491429
943589,0.07889348
943590,0.02673589
943591,0.024774954
943592,0.028526274
943593,0.029772172
943594,0.016599271
943595,0.027878791
943596,0.030502759
943597,0.028256841
943598,0.2270851
943599,0.115937546
943600,0.09775028
943601,0.085163385
943602,0.07172011
943603,0.030103678
943604,0.0753455
943605,0.061828326
943606,0.08630336
943607,0.07979148
943608,0.05752478
943609,0.020624306
943610,0.06597509
943611,0.06670732
943612,0.05675881
943613,0.065799855
943614,0.058787372
943615,0.07242662
943616,0.048304997
943617,0.023547407
943618,0.08254948
943619,0.056383718
943620,0.070012055
943621,0.061792575
943622,0.06744711
943623,0.07394623
943624,0.07211769
943625,0.01821143
943626,0.054936204
943627,0.056525715
943628,0.07351585
943629,0.07729717
943630,0.06887276
943631,0.06899684
943632,0.05876562
943633,0.038621057
943634,0.024525803
943635,0.028760394
943636,0.03181195
943637,0.026927976
943638,0.02878516
943639,0.061710767
943640,0.05221548
943641,0.057718694
943642,0.0564912
943643,0.074759796
943644,0.069549195
943645,0.048179906
943646,0.014304615
943647,0.045787033
943648,0.023725394
943649,0.059283115
943650,0.060844593
943651,0.05428381
943652,0.060767103
943653,0.053535808
943654,0.066288896
943655,0.06407085
943656,0.02747082
943657,0.08624173
943658,0.07527028
943659,0.07296406
943660,0.24400395
943661,0.32959193
943662,0.21842158
943663,0.30228823
943664,0.34391683
943665,0.20649529
943666,0.31159434
943667,0.2190854
943668,0.23268934
943669,0.20852569
943670,0.14074628
943671,0.030094692
943672,0.21422213
943673,0.20274377
943674,0.21326421
943675,0.20682156
943676,0.2019709
943677,0.22258025
943678,0.13739105
943679,0.03140164
943680,0.2602806
943681,0.38482684
943682,0.2834557
943683,0.4298855
943684,0.35554746
943685,0.4428523
943686,0.44079915
943687,0.35517684
943688,0.38711977
943689,0.41326955
943690,0.2234048
943691,0.0989465
943692,0.08579618
943693,0.0915709
943694,0.091088064
943695,0.106956385
943696,0.058397856
943697,0.039107613
943698,0.041980155
943699,0.040014926
943700,0.33188158
943701,0.16008538
943702,0.18578094
943703,0.1636921
943704,0.12910242
943705,0.013259468
943706,0.088413455
943707,0.06925609
943708,0.10493586
943709,0.06973448
943710,0.07176945
943711,0.05755668
943712,0.017068839
943713,0.060462628
943714,0.041039374
943715,0.048225522
943716,0.25056428
943717,0.23928064
943718,0.25726676
943719,0.55151886
943720,0.25044802
943721,0.27171424
943722,0.37449798
943723,0.3765019
943724,0.3204187
943725,0.3875657
943726,0.23762938
943727,0.33005124
943728,0.027902715
943729,0.11724511
943730,0.07296461
943731,0.016141403
943732,0.05068633
943733,0.04160135
943734,0.009175773
943735,0.057470933
943736,0.04584447
943737,0.04278027
943738,0.04301061
943739,0.039335232
943740,0.42907885
943741,0.4447041
943742,0.48142162
943743,0.503869
943744,0.5060114
943745,0.5359823
943746,0.5202011
943747,0.49861836
943748,0.45692036
943749,0.40532705
943750,0.33263263
943751,0.23420285
943752,0.045450177
943753,0.046342075
943754,0.045328174
943755,0.055262484
943756,0.015393061
943757,0.04847629
943758,0.049498715
943759,0.06157157
943760,0.05030362
943761,0.2893912
943762,0.21183151
943763,0.32866153
943764,0.14209068
943765,0.24674957
943766,0.26678994
943767,0.3466939
943768,0.2765409
943769,0.21866517
943770,0.23644204
943771,0.2145457
943772,0.27856898
943773,0.38529313
943774,0.2556994
943775,0.1416881
943776,0.012161878
943777,0.055360008
943778,0.05092359
943779,0.04785146
943780,0.055682015
943781,0.0476154
943782,0.07100727
943783,0.04209784
943784,0.022294894
943785,0.04680807
943786,0.29345548
943787,0.017405186
943788,0.0847109
943789,0.08324861
943790,0.0800221
943791,0.09150198
943792,0.06966982
943793,0.09451193
943794,0.062528834
943795,0.010096171
943796,0.049536925
943797,0.1162584
943798,0.043542903
943799,0.033254128
943800,0.062402774
943801,0.035410218
943802,0.25142914
943803,0.32316804
943804,0.300578
943805,0.3172239
943806,0.30749124
943807,0.25682864
943808,0.19496629
943809,0.10240966
943810,0.08081901
943811,0.074944235
943812,0.022471193
943813,0.044462997
943814,0.045501642
943815,0.038232323
943816,0.029162629
943817,0.3068839
943818,0.22173122
943819,0.33404958
943820,0.27632695
943821,0.33725885
943822,0.23478203
943823,0.3771967
943824,0.29493365
943825,0.29652277
943826,0.3112716
943827,0.34238154
943828,0.38336825
943829,0.3690194
943830,0.34354138
943831,0.18242957
943832,0.022502208
943833,0.076582894
943834,0.1436204
943835,0.107060365
943836,0.080386296
943837,0.062277988
943838,0.045981612
943839,0.062063914
943840,0.21551731
943841,0.039378103
943842,0.043093707
943843,0.2565586
943844,0.011328693
943845,0.13348296
943846,0.05025873
943847,0.048284005
943848,0.049837764
943849,0.052144546
943850,0.04698597
943851,0.06257388
943852,0.07754678
943853,0.5006281
943854,0.5840679
943855,0.5377701
943856,0.53110176
943857,0.5978627
943858,0.60140896
943859,0.57941353
943860,0.5377807
943861,0.5229755
943862,0.63102955
943863,0.53351855
943864,0.6132208
943865,0.4747677
943866,0.38828987
943867,0.40231964
943868,0.5576758
943869,0.4703216
943870,0.50472295
943871,0.5492008
943872,0.50313425
943873,0.28738984
943874,0.015633188
943875,0.03489001
943876,0.024475954
943877,0.02740633
943878,0.07916742
943879,0.060252536
943880,0.09521959
943881,0.03777599
943882,0.06920147
943883,0.17003876
943884,0.014448042
943885,0.05562682
943886,0.059511244
943887,0.052760664
943888,0.056630168
943889,0.04904137
943890,0.053665474
943891,0.012093502
943892,0.04819002
943893,0.04887932
943894,0.046594437
943895,0.05259016
943896,0.045821317
943897,0.034823626
943898,0.027304653
943899,0.058652118
943900,0.043112796
943901,0.032284264
943902,0.09659457
943903,0.01647903
943904,0.02810256
943905,0.058970027
943906,0.045668565
943907,0.082799785
943908,0.053747226
943909,0.05883297
943910,0.047724493
943911,0.021648444
943912,0.27086374
943913,0.015171576
943914,0.043468118
943915,0.06401972
943916,0.072041266
943917,0.118514
943918,0.10968018
943919,0.11864134
943920,0.060799606
943921,0.07854183
943922,0.11537598
943923,0.26820835
943924,0.17518127
943925,0.18582855
943926,0.15655066
943927,0.12868673
943928,0.12229062
943929,0.016213143
943930,0.06280803
943931,0.10837342
943932,0.05953435
943933,0.03707165
943934,0.033074897
943935,0.063327536
943936,0.079153754
943937,0.1465546
943938,0.051481646
943939,0.010951657
943940,0.04040817
943941,0.06228965
943942,0.045302894
943943,0.06090279
943944,0.044629727
943945,0.041599136
943946,0.061644606
943947,0.059097465
943948,0.029919177
943949,0.19371213
943950,0.20620918
943951,0.1770513
943952,0.18048951
943953,0.18496136
943954,0.17744996
943955,0.17013907
943956,0.1071673
943957,0.017858949
943958,0.060505833
943959,0.024885552
943960,0.04063443
943961,0.05194979
943962,0.034944415
943963,0.03809159
943964,0.23019814
943965,0.17414205
943966,0.18734586
943967,0.22425303
943968,0.18734586
943969,0.18734586
943970,0.2223926
943971,0.18692958
943972,0.20603436
943973,0.029839495
943974,0.16560347
943975,0.32724282
943976,0.43956125
943977,0.44526815
943978,0.44526815
943979,0.45765242
943980,0.4739557
943981,0.45742285
943982,0.47634548
943983,0.47674254
943984,0.33790427
943985,0.32523888
943986,0.3186123
943987,0.1820583
943988,0.09233184
943989,0.0390927
943990,0.036715377
943991,0.03800438
943992,0.037326887
943993,0.045447446
943994,0.075175755
943995,0.040580906
943996,0.18294263
943997,0.10000263
943998,0.121787146
943999,0.11557483
944000,0.082105875
944001,0.08555704
944002,0.09120498
944003,0.08663397
944004,0.060338084
944005,0.03241141
944006,0.061643265
944007,0.01970404
944008,0.1338361
944009,0.15099241
944010,0.1678746
944011,0.1782019
944012,0.22466706
944013,0.2456728
944014,0.17626132
944015,0.07094811
944016,0.18340619
944017,0.196176
944018,0.06379405
944019,0.03843052
944020,0.1597118
944021,0.009941378
944022,0.045249376
944023,0.045617104
944024,0.07943108
944025,0.07938472
944026,0.07638284
944027,0.051649634
944028,0.02192527
944029,0.12730733
944030,0.07011997
944031,0.0690388
944032,0.05599013
944033,0.0907452
944034,0.11798236
944035,0.084067926
944036,0.1459977
944037,0.06977767
944038,0.020519488
944039,0.12282265
944040,0.10205936
944041,0.10549069
944042,0.11550004
944043,0.013423322
944044,0.0622866
944045,0.04750358
944046,0.07206165
944047,0.055038836
944048,0.04800511
944049,0.04987901
944050,0.05243014
944051,0.044462547
944052,0.019015932
944053,0.059961617
944054,0.082430914
944055,0.05711265
944056,0.079457365
944057,0.05729906
944058,0.06058526
944059,0.06754824
944060,0.054483317
944061,0.038935386
944062,0.07509954
944063,0.04601642
944064,0.21649909
944065,0.15261763
944066,0.13313086
944067,0.19245622
944068,0.17728956
944069,0.14929497
944070,0.1549613
944071,0.12873633
944072,0.20650257
944073,0.21350046
944074,0.10243998
944075,0.09250098
944076,0.08970094
944077,0.086974196
944078,0.088076
944079,0.07350164
944080,0.08983938
944081,0.15136153
944082,0.27749294
944083,0.25507987
944084,0.04819864
944085,0.12618345
944086,0.12238151
944087,0.12343994
944088,0.12543276
944089,0.122275986
944090,0.30802673
944091,0.1684731
944092,0.222174
944093,0.15953703
944094,0.36351815
944095,0.26060805
944096,0.36114213
944097,0.34688112
944098,0.1875117
944099,0.3699737
944100,0.38250002
944101,0.40895662
944102,0.29896292
944103,0.20981431
944104,0.12017646
944105,0.15580079
944106,0.16018465
944107,0.15285568
944108,0.10839086
944109,0.038046267
944110,0.28394136
944111,0.14840749
944112,0.23860843
944113,0.3554263
944114,0.2447785
944115,0.3673187
944116,0.2448197
944117,0.36972162
944118,0.19988044
944119,0.29432988
944120,0.20067096
944121,0.036838416
944122,0.13103354
944123,0.1631006
944124,0.04983478
944125,0.10329826
944126,0.12809426
944127,0.009946209
944128,0.027345335
944129,0.027554166
944130,0.026249973
944131,0.045851693
944132,0.04110212
944133,0.013137267
944134,0.15371895
944135,0.1312253
944136,0.10182161
944137,0.045224104
944138,0.073568106
944139,0.10213269
944140,0.046708107
944141,0.07804943
944142,0.13457336
944143,0.27049145
944144,0.17206539
944145,0.28089303
944146,0.16820139
944147,0.2220808
944148,0.0092867585
944149,0.10710674
944150,0.042008296
944151,0.049935535
944152,0.041389182
944153,0.04629726
944154,0.010596113
944155,0.036965873
944156,0.047492806
944157,0.036580067
944158,0.036781766
944159,0.03609969
944160,0.04257468
944161,0.041516706
944162,0.0126773575
944163,0.055559248
944164,0.09114547
944165,0.32000354
944166,0.03593227
944167,0.052090224
944168,0.052226007
944169,0.12752143
944170,0.022221977
944171,0.10371088
944172,0.29926994
944173,0.18612783
944174,0.11835332
944175,0.105687544
944176,0.10391168
944177,0.13291174
944178,0.2506171
944179,0.2956697
944180,0.1834772
944181,0.19982123
944182,0.15615052
944183,0.1783636
944184,0.16618311
944185,0.10672412
944186,0.042068325
944187,0.19445328
944188,0.15497132
944189,0.15273687
944190,0.15242
944191,0.20078318
944192,0.1637245
944193,0.1554637
944194,0.10859179
944195,0.4775013
944196,0.5863191
944197,0.65988374
944198,0.63298
944199,0.65771765
944200,0.65093356
944201,0.5725729
944202,0.6138747
944203,0.68336755
944204,0.6195554
944205,0.6459149
944206,0.6037763
944207,0.3695247
944208,0.033168446
944209,0.17044368
944210,0.16596813
944211,0.16451147
944212,0.15223134
944213,0.14772095
944214,0.18514298
944215,0.11116397
944216,0.11044187
944217,0.25056836
944218,0.23717918
944219,0.27285263
944220,0.30513972
944221,0.20555933
944222,0.19087145
944223,0.029617598
944224,0.1363564
944225,0.13472567
944226,0.12591368
944227,0.13349439
944228,0.14037766
944229,0.13750643
944230,0.29265735
944231,0.23018283
944232,0.22745234
944233,0.21188779
944234,0.20928997
944235,0.21291628
944236,0.15899813
944237,0.25104713
944238,0.04056625
944239,0.40810278
944240,0.42594063
944241,0.39723617
944242,0.43697685
944243,0.39897603
944244,0.42159316
944245,0.38059744
944246,0.42903057
944247,0.40312326
944248,0.3829292
944249,0.24642956
944250,0.18549886
944251,0.18708782
944252,0.19657908
944253,0.22277337
944254,0.20720012
944255,0.19138211
944256,0.23718008
944257,0.1268231
944258,0.065076
944259,0.03537834
944260,0.023859099
944261,0.023468947
944262,0.03523813
944263,0.029863862
944264,0.07495637
944265,0.053832848
944266,0.029646756
944267,0.20410252
944268,0.22154377
944269,0.20333916
944270,0.16705844
944271,0.19222753
944272,0.19730939
944273,0.13087007
944274,0.02171487
944275,0.037977654
944276,0.013642083
944277,0.04660842
944278,0.04793697
944279,0.041264214
944280,0.051604703
944281,0.045190413
944282,0.04240534
944283,0.048283707
944284,0.22983599
944285,0.2301706
944286,0.18110554
944287,0.048251696
944288,0.041411836
944289,0.038633384
944290,0.049124878
944291,0.0390188
944292,0.24686849
944293,0.014870793
944294,0.03498504
944295,0.056776427
944296,0.030073602
944297,0.031408973
944298,0.035684373
944299,0.2724338
944300,0.20876665
944301,0.06441407
944302,0.044394992
944303,0.03458749
944304,0.04463891
944305,0.03739401
944306,0.05966171
944307,0.07486332
944308,0.026872624
944309,0.051675756
944310,0.23634116
944311,0.3848894
944312,0.3117689
944313,0.36164728
944314,0.24504746
944315,0.25473434
944316,0.27602583
944317,0.3044257
944318,0.22643454
944319,0.18311426
944320,0.21660027
944321,0.07760926
944322,0.079604894
944323,0.036185518
944324,0.34202126
944325,0.42531225
944326,0.32231215
944327,0.47021267
944328,0.596617
944329,0.58788073
944330,0.5914041
944331,0.5179035
944332,0.51798385
944333,0.38801867
944334,0.31007224
944335,0.36937642
944336,0.15489921
944337,0.08794465
944338,0.024330858
944339,0.043461017
944340,0.042900413
944341,0.035432234
944342,0.031132774
944343,0.042867355
944344,0.2774442
944345,0.2179541
944346,0.16267325
944347,0.014255764
944348,0.041407228
944349,0.03785663
944350,0.035357907
944351,0.056842834
944352,0.0524908
944353,0.047287628
944354,0.068425536
944355,0.04452365
944356,0.26351878
944357,0.2143986
944358,0.27264076
944359,0.026309188
944360,0.3070384
944361,0.30098698
944362,0.30142373
944363,0.2224558
944364,0.223364
944365,0.2327926
944366,0.27578345
944367,0.29314852
944368,0.3022566
944369,0.012372878
944370,0.038489938
944371,0.043355603
944372,0.035342492
944373,0.038916733
944374,0.051957943
944375,0.048461646
944376,0.037721306
944377,0.045936804
944378,0.2091543
944379,0.37630922
944380,0.36527547
944381,0.18195575
944382,0.39415106
944383,0.44862917
944384,0.31629667
944385,0.31637982
944386,0.34073395
944387,0.15233724
944388,0.041854445
944389,0.16241984
944390,0.14022104
944391,0.102377035
944392,0.55704755
944393,0.64137214
944394,0.7066284
944395,0.6747457
944396,0.5801893
944397,0.64837545
944398,0.6864322
944399,0.55312765
944400,0.68419266
944401,0.44356078
944402,0.6518342
944403,0.74237597
944404,0.6562491
944405,0.51903456
944406,0.6651815
944407,0.47276714
944408,0.039319
944409,0.3470304
944410,0.40757692
944411,0.39634213
944412,0.45988703
944413,0.37590724
944414,0.45948318
944415,0.4751682
944416,0.44647565
944417,0.5040834
944418,0.48030534
944419,0.59448546
944420,0.4532105
944421,0.49025452
944422,0.21494564
944423,0.2667398
944424,0.031823862
944425,0.13164923
944426,0.11629583
944427,0.12248186
944428,0.14186789
944429,0.1313619
944430,0.13348801
944431,0.114752725
944432,0.6257397
944433,0.71919537
944434,0.75697833
944435,0.79749125
944436,0.7556188
944437,0.7156924
944438,0.76364636
944439,0.70043683
944440,0.801178
944441,0.7014411
944442,0.780152
944443,0.6795638
944444,0.74768543
944445,0.5264365
944446,0.73606247
944447,0.763816
944448,0.53929734
944449,0.7472812
944450,0.7991562
944451,0.72923696
944452,0.3961129
944453,0.011069028
944454,0.04456782
944455,0.062414125
944456,0.06552159
944457,0.062998414
944458,0.06620366
944459,0.05688123
944460,0.039515045
944461,0.12606949
944462,0.13356146
944463,0.13676994
944464,0.12941627
944465,0.11430857
944466,0.14097412
944467,0.09095099
944468,0.030215748
944469,0.19959497
944470,0.23269938
944471,0.21104142
944472,0.2272952
944473,0.22165781
944474,0.18471505
944475,0.015708301
944476,0.060610082
944477,0.058188275
944478,0.063000806
944479,0.05573903
944480,0.060470793
944481,0.047173657
944482,0.04470409
944483,0.15578058
944484,0.13369247
944485,0.09976496
944486,0.11986611
944487,0.16666469
944488,0.144282
944489,0.5416705
944490,0.57594645
944491,0.64912206
944492,0.65843785
944493,0.66660124
944494,0.662155
944495,0.6423432
944496,0.73668975
944497,0.73490113
944498,0.7413373
944499,0.7536984
944500,0.7156018
944501,0.6585465
944502,0.6951033
944503,0.6762319
944504,0.6172919
944505,0.750092
944506,0.6816014
944507,0.7008209
944508,0.72263384
944509,0.67149496
944510,0.6649967
944511,0.6837557
944512,0.7089501
944513,0.65766925
944514,0.6481246
944515,0.6358911
944516,0.49393392
944517,0.048334394
944518,0.2660224
944519,0.25076175
944520,0.20140961
944521,0.17202528
944522,0.01250533
944523,0.05560693
944524,0.07921349
944525,0.06445371
944526,0.061236836
944527,0.26363024
944528,0.22619876
944529,0.0605152
944530,0.39693677
944531,0.3669753
944532,0.32975197
944533,0.39216328
944534,0.39402807
944535,0.40693402
944536,0.3925525
944537,0.37719363
944538,0.06782691
944539,0.037463035
944540,0.077578135
944541,0.060817957
944542,0.05863585
944543,0.054006927
944544,0.059224423
944545,0.077923484
944546,0.109220214
944547,0.17956293
944548,0.16573867
944549,0.046971653
944550,0.029534241
944551,0.1261422
944552,0.15977389
944553,0.10272291
944554,0.093237974
944555,0.1444509
944556,0.16245715
944557,0.120846346
944558,0.13477664
944559,0.048100438
944560,0.063530475
944561,0.06336687
944562,0.061154068
944563,0.30377752
944564,0.20005919
944565,0.17637348
944566,0.115936376
944567,0.101914376
944568,0.04043441
944569,0.12699828
944570,0.13427745
944571,0.19044013
944572,0.09525015
944573,0.11944907
944574,0.15939982
944575,0.13965154
944576,0.08261769
944577,0.22294773
944578,0.25386536
944579,0.177784
944580,0.12618336
944581,0.10263555
944582,0.077009864
944583,0.105001576
944584,0.07312717
944585,0.05262982
944586,0.072271645
944587,0.18405066
944588,0.26983207
944589,0.2270859
944590,0.2831712
944591,0.03914267
944592,0.28399485
944593,0.35863835
944594,0.4027586
944595,0.24506299
944596,0.27625555
944597,0.24722601
944598,0.27136502
944599,0.4004593
944600,0.16482854
944601,0.025261462
944602,0.30607954
944603,0.21628575
944604,0.20511992
944605,0.20914428
944606,0.2212899
944607,0.2045608
944608,0.20121513
944609,0.16998622
944610,0.13866265
944611,0.06262418
944612,0.26747894
944613,0.28110707
944614,0.23943311
944615,0.26446596
944616,0.24650249
944617,0.28142902
944618,0.26222074
944619,0.1085716
944620,0.09855596
944621,0.1709292
944622,0.33646348
944623,0.36599383
944624,0.2312838
944625,0.11281705
944626,0.11167737
944627,0.0987129
944628,0.102168135
944629,0.105809525
944630,0.12270775
944631,0.16728471
944632,0.11186253
944633,0.23791924
944634,0.2208563
944635,0.22194137
944636,0.49044165
944637,0.5664484
944638,0.6024662
944639,0.59297687
944640,0.6181259
944641,0.6008546
944642,0.62376404
944643,0.6052393
944644,0.61955714
944645,0.610227
944646,0.60237896
944647,0.60715574
944648,0.5372154
944649,0.5225335
944650,0.4316994
944651,0.133294
944652,0.047239732
944653,0.25154224
944654,0.22943869
944655,0.21373142
944656,0.21662757
944657,0.16353385
944658,0.08761231
944659,0.4015404
944660,0.3330726
944661,0.314437
944662,0.43424094
944663,0.35824707
944664,0.2798839
944665,0.472606
944666,0.6089453
944667,0.051965058
944668,0.22031444
944669,0.2254131
944670,0.20268781
944671,0.19730932
944672,0.15296869
944673,0.061821923
944674,0.5483922
944675,0.093733504
944676,0.05750873
944677,0.090319015
944678,0.25914568
944679,0.1557874
944680,0.12497202
944681,0.012318596
944682,0.029716287
944683,0.0144079495
944684,0.03471212
944685,0.02944109
944686,0.05170718
944687,0.027053991
944688,0.0155754
944689,0.014826271
944690,0.024883376
944691,0.06730091
944692,0.14044592
944693,0.16869034
944694,0.026101375
944695,0.13186836
944696,0.13201328
944697,0.16589482
944698,0.17096405
944699,0.14310057
944700,0.1163071
944701,0.107037485
944702,0.116101354
944703,0.116186135
944704,0.069096684
944705,0.032349415
944706,0.021568954
944707,0.03054038
944708,0.024771506
944709,0.022303794
944710,0.016387599
944711,0.16891761
944712,0.17370117
944713,0.12987302
944714,0.34632152
944715,0.30257034
944716,0.01959056
944717,0.12028923
944718,0.112600654
944719,0.09644376
944720,0.124916755
944721,0.111213446
944722,0.11124017
944723,0.09173462
944724,0.11349689
944725,0.06586363
944726,0.020210788
944727,0.020621866
944728,0.021423437
944729,0.021547254
944730,0.02836633
944731,0.025309734
944732,0.09826806
944733,0.11778307
944734,0.10855111
944735,0.10521938
944736,0.091989435
944737,0.10135779
944738,0.11318947
944739,0.12468329
944740,0.02184717
944741,0.036113866
944742,0.030282607
944743,0.028115198
944744,0.046624556
944745,0.11776494
944746,0.01518375
944747,0.022171095
944748,0.030693403
944749,0.021846784
944750,0.02739387
944751,0.022517579
944752,0.19895984
944753,0.17235515
944754,0.117275335
944755,0.12524138
944756,0.10348579
944757,0.08931701
944758,0.06749336
944759,0.09873483
944760,0.052193034
944761,0.058669727
944762,0.050673828
944763,0.038856402
944764,0.06016773
944765,0.01786077
944766,0.03333136
944767,0.024097504
944768,0.030833187
944769,0.026659008
944770,0.017912328
944771,0.066402614
944772,0.053044263
944773,0.06301934
944774,0.012715146
944775,0.026235564
944776,0.021455543
944777,0.02237354
944778,0.014627459
944779,0.021936983
944780,0.030674167
944781,0.032201167
944782,0.031773362
944783,0.0076275133
944784,0.01854669
944785,0.017619958
944786,0.021118946
944787,0.01894861
944788,0.018355533
944789,0.016578572
944790,0.20696096
944791,0.22857921
944792,0.24980375
944793,0.23701143
944794,0.21300082
944795,0.015295678
944796,0.055566914
944797,0.1723373
944798,0.17434023
944799,0.18629648
944800,0.15098217
944801,0.13442236
944802,0.17037942
944803,0.13541974
944804,0.19375344
944805,0.10062416
944806,0.4915695
944807,0.507748
944808,0.57723534
944809,0.6234611
944810,0.60915226
944811,0.63177973
944812,0.6311561
944813,0.6226268
944814,0.62135285
944815,0.6380649
944816,0.6012556
944817,0.6070531
944818,0.62113434
944819,0.61678493
944820,0.6266732
944821,0.55474174
944822,0.5087288
944823,0.57902735
944824,0.35497007
944825,0.050290387
944826,0.43480042
944827,0.39984342
944828,0.4208574
944829,0.48258317
944830,0.4569967
944831,0.35562906
944832,0.50152
944833,0.37033397
944834,0.5005847
944835,0.41320926
944836,0.32451096
944837,0.5146373
944838,0.3722611
944839,0.033330057
944840,0.13071786
944841,0.06843109
944842,0.050231457
944843,0.39459166
944844,0.48113936
944845,0.55917275
944846,0.48047704
944847,0.46872783
944848,0.55847496
944849,0.46537614
944850,0.4204208
944851,0.46755657
944852,0.5046702
944853,0.33611912
944854,0.029099505
944855,0.12115925
944856,0.15002891
944857,0.07873838
944858,0.034289896
944859,0.37821847
944860,0.3060914
944861,0.40228012
944862,0.4071314
944863,0.38985112
944864,0.318524
944865,0.31034893
944866,0.29954535
944867,0.32322234
944868,0.35773036
944869,0.25209957
944870,0.23309547
944871,0.28775135
944872,0.27595416
944873,0.26631975
944874,0.16791157
944875,0.20657916
944876,0.21889646
944877,0.39943364
944878,0.335923
944879,0.4636297
944880,0.42307127
944881,0.64286184
944882,0.6551578
944883,0.61131394
944884,0.37422487
944885,0.6135821
944886,0.63642025
944887,0.64585364
944888,0.55085444
944889,0.43196818
944890,0.326992
944891,0.012788039
944892,0.0886497
944893,0.059470836
944894,0.07463367
944895,0.12364119
944896,0.08092816
944897,0.09639983
944898,0.08434347
944899,0.053262707
944900,0.01186864
944901,0.05744878
944902,0.087742485
944903,0.053492155
944904,0.08867763
944905,0.051895045
944906,0.060484584
944907,0.06790012
944908,0.07729165
944909,0.054789826
944910,0.24480438
944911,0.26601982
944912,0.20806289
944913,0.014298955
944914,0.07053355
944915,0.12643604
944916,0.15496735
944917,0.06968787
944918,0.07775441
944919,0.08130348
944920,0.074009635
944921,0.08012932
944922,0.028237285
944923,0.04632766
944924,0.057884052
944925,0.01939891
944926,0.061614282
944927,0.066561215
944928,0.07235846
944929,0.06602196
944930,0.05077745
944931,0.07850062
944932,0.42341918
944933,0.40840137
944934,0.44425538
944935,0.35386872
944936,0.5608021
944937,0.53524035
944938,0.54928035
944939,0.5802988
944940,0.52351224
944941,0.45341504
944942,0.50472766
944943,0.57545334
944944,0.57098943
944945,0.3086948
944946,0.05747438
944947,0.114657864
944948,0.08982885
944949,0.27798495
944950,0.09819104
944951,0.10715384
944952,0.10538293
944953,0.09843187
944954,0.10037501
944955,0.11700199
944956,0.09810075
944957,0.0934148
944958,0.16139174
944959,0.19357033
944960,0.26612887
944961,0.30655336
944962,0.3758572
944963,0.22880799
944964,0.30237496
944965,0.23769127
944966,0.4450952
944967,0.3606994
944968,0.35166734
944969,0.3696204
944970,0.4256109
944971,0.42527667
944972,0.42920643
944973,0.21560249
944974,0.028269242
944975,0.20154129
944976,0.27364588
944977,0.2151086
944978,0.21614023
944979,0.25027186
944980,0.24898703
944981,0.32833335
944982,0.33790576
944983,0.27310807
944984,0.31443796
944985,0.25749713
944986,0.1893574
944987,0.1395557
944988,0.10360322
944989,0.08746167
944990,0.071592055
944991,0.01520402
944992,0.067117065
944993,0.07682535
944994,0.065767825
944995,0.06368548
944996,0.050043903
944997,0.2708112
944998,0.10418019
944999,0.08989616
945000,0.011479154
945001,0.08317391
945002,0.074448265
945003,0.06201551
945004,0.07822118
945005,0.07872916
945006,0.04728943
945007,0.13916254
945008,0.25693685
945009,0.10840443
945010,0.16182627
945011,0.13928972
945012,0.01612113
945013,0.10494569
945014,0.0743259
945015,0.07540724
945016,0.07996572
945017,0.0639594
945018,0.054331023
945019,0.08814264
945020,0.036649138
945021,0.12013317
945022,0.066484146
945023,0.0928983
945024,0.077021286
945025,0.024298223
945026,0.09414996
945027,0.10365524
945028,0.11402315
945029,0.07888418
945030,0.2684667
945031,0.42628428
945032,0.4676185
945033,0.6325421
945034,0.59668285
945035,0.57395303
945036,0.6330463
945037,0.58762807
945038,0.54260355
945039,0.6751591
945040,0.74665225
945041,0.6467934
945042,0.64498997
945043,0.63941216
945044,0.3604978
945045,0.089030415
945046,0.09740064
945047,0.03720257
945048,0.08950808
945049,0.096612535
945050,0.09368144
945051,0.09422589
945052,0.25765008
945053,0.32464164
945054,0.026536608
945055,0.2063959
945056,0.18201524
945057,0.1940017
945058,0.19349925
945059,0.18583557
945060,0.2018756
945061,0.20823307
945062,0.12815583
945063,0.04316397
945064,0.20114517
945065,0.1865627
945066,0.12800848
945067,0.17569634
945068,0.46916348
945069,0.4301567
945070,0.1763962
945071,0.08388663
945072,0.55814904
945073,0.6146257
945074,0.66715664
945075,0.67335844
945076,0.6632205
945077,0.68682903
945078,0.69282234
945079,0.63506943
945080,0.66153795
945081,0.7044381
945082,0.6538671
945083,0.6766424
945084,0.6768684
945085,0.65779316
945086,0.6722849
945087,0.6616983
945088,0.6563197
945089,0.69327074
945090,0.6158069
945091,0.64117944
945092,0.6278994
945093,0.6165246
945094,0.6470611
945095,0.68907875
945096,0.47500756
945097,0.22754975
945098,0.13353343
945099,0.16938762
945100,0.17860106
945101,0.04359366
945102,0.19500607
945103,0.1646199
945104,0.05076642
945105,0.42457816
945106,0.38588613
945107,0.38821176
945108,0.1517553
945109,0.13244687
945110,0.13849117
945111,0.11058064
945112,0.03483786
945113,0.10642915
945114,0.1249834
945115,0.15100567
945116,0.16318682
945117,0.12765397
945118,0.08869131
945119,0.17501327
945120,0.098981544
945121,0.08830231
945122,0.07267416
945123,0.08046411
945124,0.086879954
945125,0.06282366
945126,0.022536684
945127,0.15897597
945128,0.17274833
945129,0.16329037
945130,0.14394423
945131,0.24789503
945132,0.17112705
945133,0.1520948
945134,0.15569074
945135,0.02177596
945136,0.09475436
945137,0.10802973
945138,0.08767515
945139,0.08815226
945140,0.10315505
945141,0.047281258
945142,0.019671958
945143,0.22620617
945144,0.17253546
945145,0.16646656
945146,0.15631865
945147,0.23188867
945148,0.2184187
945149,0.15403649
945150,0.2287322
945151,0.014398778
945152,0.113667265
945153,0.08053741
945154,0.13425654
945155,0.09636109
945156,0.10131285
945157,0.08311607
945158,0.047743652
945159,0.14416823
945160,0.25302634
945161,0.1546105
945162,0.14403838
945163,0.14114097
945164,0.13621321
945165,0.093446
945166,0.17746608
945167,0.088986136
945168,0.39033985
945169,0.45351347
945170,0.5683506
945171,0.59567595
945172,0.6929528
945173,0.5992829
945174,0.623145
945175,0.7096584
945176,0.59788007
945177,0.6527877
945178,0.6327638
945179,0.70114464
945180,0.67253965
945181,0.62835735
945182,0.6218137
945183,0.6256942
945184,0.61858124
945185,0.79081196
945186,0.789454
945187,0.7856228
945188,0.48741195
945189,0.22629339
945190,0.14493749
945191,0.12318322
945192,0.023882871
945193,0.15944034
945194,0.10115973
945195,0.09137058
945196,0.06060624
945197,0.19364169
945198,0.15341663
945199,0.20852165
945200,0.20899488
945201,0.17807484
945202,0.0927191
945203,0.23477899
945204,0.6068647
945205,0.6991568
945206,0.8191173
945207,0.82265764
945208,0.8363327
945209,0.8485193
945210,0.85966486
945211,0.8531547
945212,0.8561089
945213,0.86790276
945214,0.87389255
945215,0.8741937
945216,0.87444246
945217,0.8756436
945218,0.8762695
945219,0.8785779
945220,0.879826
945221,0.8819649
945222,0.8819649
945223,0.8792965
945224,0.8781958
945225,0.8794007
945226,0.8972117
945227,0.8798596
945228,0.87698704
945229,0.87698704
945230,0.8742017
945231,0.87002933
945232,0.8730114
945233,0.8730114
945234,0.8680856
945235,0.8680856
945236,0.84085584
945237,0.84085584
945238,0.8275983
945239,0.8275983
945240,0.8264022
945241,0.7783278
945242,0.7783278
945243,0.5503575
945244,0.04383907
945245,0.16595641
945246,0.22981034
945247,0.09509451
945248,0.50128746
945249,0.5982866
945250,0.72263557
945251,0.75761557
945252,0.78136384
945253,0.79661804
945254,0.80014455
945255,0.7851122
945256,0.7349556
945257,0.8228986
945258,0.81047016
945259,0.82120544
945260,0.8218893
945261,0.8177829
945262,0.8182133
945263,0.8249798
945264,0.82606703
945265,0.82133275
945266,0.82012784
945267,0.8063656
945268,0.79602134
945269,0.7925412
945270,0.78060263
945271,0.75286645
945272,0.77606386
945273,0.7568674
945274,0.7568674
945275,0.40603426
945276,0.27758086
945277,0.13406453
945278,0.045524813
945279,0.4182301
945280,0.23391582
945281,0.23283993
945282,0.5627852
945283,0.5627852
945284,0.5627852
945285,0.5308508
945286,0.5283938
945287,0.5312995
945288,0.5281527
945289,0.5098985
945290,0.49503127
945291,0.5058998
945292,0.31972265
945293,0.019756401
945294,0.060190897
945295,0.060469266
945296,0.056968827
945297,0.11028352
945298,0.13831143
945299,0.08039564
945300,0.23639838
945301,0.40760347
945302,0.36073616
945303,0.28892577
945304,0.23294026
945305,0.1145815
945306,0.088322744
945307,0.16100556
945308,0.13506599
945309,0.11560926
945310,0.10034903
945311,0.05417352
945312,0.39154965
945313,0.45861658
945314,0.40009627
945315,0.42033124
945316,0.39002022
945317,0.4541612
945318,0.37105033
945319,0.4272567
945320,0.45493647
945321,0.27008525
945322,0.23922738
945323,0.08275457
945324,0.0985702
945325,0.094316304
945326,0.10094899
945327,0.06040015
945328,0.08887121
945329,0.021420058
945330,0.11005999
945331,0.12723857
945332,0.10249176
945333,0.10378898
945334,0.10140298
945335,0.102688
945336,0.06612268
945337,0.016735606
945338,0.12938069
945339,0.08120593
945340,0.084848285
945341,0.06701291
945342,0.051529493
945343,0.40775087
945344,0.41757894
945345,0.39471427
945346,0.44507605
945347,0.5011849
945348,0.48081994
945349,0.50090134
945350,0.49621823
945351,0.47431082
945352,0.4589845
945353,0.34239772
945354,0.040994376
945355,0.101621546
945356,0.112672836
945357,0.10388081
945358,0.034729548
945359,0.11588368
945360,0.047595818
945361,0.13062488
945362,0.07841032
945363,0.56073517
945364,0.46654335
945365,0.50208014
945366,0.49427396
945367,0.44955644
945368,0.36849946
945369,0.37440634
945370,0.39541078
945371,0.41054344
945372,0.3423116
945373,0.36454263
945374,0.299403
945375,0.036763202
945376,0.113451816
945377,0.106551655
945378,0.11463939
945379,0.11186539
945380,0.109354876
945381,0.102376506
945382,0.12657976
945383,0.08836735
945384,0.28354907
945385,0.17242754
945386,0.11924639
945387,0.16282056
945388,0.121464886
945389,0.11300983
945390,0.049942583
945391,0.14507608
945392,0.109219775
945393,0.119154006
945394,0.10541723
945395,0.06461241
945396,0.32145253
945397,0.3371014
945398,0.32700726
945399,0.30309606
945400,0.29427478
945401,0.30164146
945402,0.30457398
945403,0.32215175
945404,0.33318862
945405,0.28789353
945406,0.027882196
945407,0.11212335
945408,0.088842094
945409,0.10168614
945410,0.09382179
945411,0.097285524
945412,0.09088245
945413,0.034612004
945414,0.09948959
945415,0.11371175
945416,0.07548107
945417,0.34745312
945418,0.3666144
945419,0.327794
945420,0.28437614
945421,0.032351736
945422,0.16228993
945423,0.10754721
945424,0.17873763
945425,0.11664429
945426,0.14452507
945427,0.11984127
945428,0.12687902
945429,0.17591493
945430,0.12644757
945431,0.14525534
945432,0.10123161
945433,0.106485896
945434,0.052512836
945435,0.04925083
945436,0.04482634
945437,0.3095178
945438,0.0254948
945439,0.09227038
945440,0.099815376
945441,0.09541445
945442,0.10654487
945443,0.088384524
945444,0.09110068
945445,0.10366565
945446,0.15645082
945447,0.08715794
945448,0.124383345
945449,0.035674833
945450,0.036106545
945451,0.04169794
945452,0.035795424
945453,0.041299317
945454,0.08366907
945455,0.046739157
945456,0.048967563
945457,0.05384605
945458,0.18341284
945459,0.009753184
945460,0.059806697
945461,0.047050755
945462,0.03752297
945463,0.25381628
945464,0.029501734
945465,0.10786226
945466,0.39301315
945467,0.010326023
945468,0.03655346
945469,0.032913852
945470,0.036771975
945471,0.03687574
945472,0.03216109
945473,0.012672853
945474,0.05484487
945475,0.09998553
945476,0.07961196
945477,0.012845184
945478,0.043439474
945479,0.043033376
945480,0.0479435
945481,0.04111235
945482,0.036573708
945483,0.025205728
945484,0.064061746
945485,0.2293939
945486,0.14006807
945487,0.3677878
945488,0.44513342
945489,0.5204266
945490,0.5550282
945491,0.5490541
945492,0.58618176
945493,0.57729113
945494,0.5817442
945495,0.5182678
945496,0.58385795
945497,0.56326866
945498,0.5648102
945499,0.52709574
945500,0.36537978
945501,0.25354117
945502,0.15823045
945503,0.03583926
945504,0.12419131
945505,0.13256739
945506,0.1320797
945507,0.16218716
945508,0.2611918
945509,0.6428325
945510,0.39610147
945511,0.038224448
945512,0.40819976
945513,0.4461586
945514,0.5064256
945515,0.47747058
945516,0.43378496
945517,0.4275329
945518,0.43591085
945519,0.45556194
945520,0.433673
945521,0.06265132
945522,0.34072194
945523,0.38945267
945524,0.37811783
945525,0.23160349
945526,0.10454203
945527,0.11068681
945528,0.093206614
945529,0.07543633
945530,0.08803394
945531,0.42157617
945532,0.41677025
945533,0.57801425
945534,0.58196944
945535,0.56732285
945536,0.5421604
945537,0.57797086
945538,0.3602959
945539,0.45503503
945540,0.26098543
945541,0.28487325
945542,0.27148643
945543,0.11365782
945544,0.0480616
945545,0.02821056
945546,0.15277918
945547,0.027397223
945548,0.036654856
945549,0.032844435
945550,0.03700052
945551,0.027201854
945552,0.0116408365
945553,0.040361363
945554,0.031755872
945555,0.045100793
945556,0.30518997
945557,0.33411878
945558,0.22819462
945559,0.2272725
945560,0.09008281
945561,0.08528087
945562,0.1788778
945563,0.057481032
945564,0.048359875
945565,0.2472006
945566,0.0095986575
945567,0.040370148
945568,0.04330196
945569,0.032346122
945570,0.03539013
945571,0.031052431
945572,0.073622234
945573,0.04401325
945574,0.008026613
945575,0.032123525
945576,0.034909993
945577,0.029905569
945578,0.031486604
945579,0.02871662
945580,0.03530242
945581,0.30033487
945582,0.20409861
945583,0.20427293
945584,0.24520345
945585,0.32849044
945586,0.2144489
945587,0.2147024
945588,0.21607044
945589,0.32735342
945590,0.14980301
945591,0.012126829
945592,0.015864877
945593,0.011555061
945594,0.012354915
945595,0.018818425
945596,0.020260468
945597,0.020970883
945598,0.29063952
945599,0.00826091
945600,0.03840188
945601,0.036346834
945602,0.031526543
945603,0.034544334
945604,0.025289534
945605,0.038011152
945606,0.42343953
945607,0.3256472
945608,0.4533679
945609,0.3508179
945610,0.38082594
945611,0.3779782
945612,0.25604227
945613,0.23436873
945614,0.26946282
945615,0.4018205
945616,0.38924167
945617,0.35911712
945618,0.27732238
945619,0.011783467
945620,0.019696983
945621,0.02197513
945622,0.019767882
945623,0.024657
945624,0.032891024
945625,0.04309769
945626,0.53242266
945627,0.4456063
945628,0.64016783
945629,0.5687461
945630,0.50628775
945631,0.5829289
945632,0.56885564
945633,0.6190701
945634,0.6023028
945635,0.5235869
945636,0.5298128
945637,0.30830047
945638,0.007672966
945639,0.033384006
945640,0.03135301
945641,0.041745517
945642,0.03975481
945643,0.036991436
945644,0.064292856
945645,0.24466361
945646,0.25315258
945647,0.2820635
945648,0.22751358
945649,0.22210898
945650,0.39334518
945651,0.4366469
945652,0.3468508
945653,0.24362145
945654,0.27986562
945655,0.22167154
945656,0.25436342
945657,0.20260435
945658,0.037537206
945659,0.4425234
945660,0.40760016
945661,0.47639814
945662,0.43165994
945663,0.43741265
945664,0.41137704
945665,0.46694547
945666,0.3565289
945667,0.28751543
945668,0.010934016
945669,0.042792134
945670,0.04808062
945671,0.07286557
945672,0.04422688
945673,0.114589155
945674,0.14767954
945675,0.0272576
945676,0.32410204
945677,0.21661258
945678,0.0130526945
945679,0.033972546
945680,0.05247683
945681,0.053921543
945682,0.14610907
945683,0.02420561
945684,0.31815505
945685,0.26992097
945686,0.21857713
945687,0.24785626
945688,0.2337353
945689,0.2588892
945690,0.3466013
945691,0.333731
945692,0.49355802
945693,0.522524
945694,0.531281
945695,0.5341997
945696,0.54266727
945697,0.5265748
945698,0.51345694
945699,0.5459152
945700,0.59605175
945701,0.5424352
945702,0.45560932
945703,0.50550276
945704,0.3772173
945705,0.45592323
945706,0.22054099
945707,0.07878962
945708,0.020243835
945709,0.019574586
945710,0.0317709
945711,0.012004324
945712,0.026137697
945713,0.01659686
945714,0.044559922
945715,0.11273825
945716,0.023901137
945717,0.04008202
945718,0.035772618
945719,0.22904974
945720,0.14618371
945721,0.14512073
945722,0.14657137
945723,0.14969815
945724,0.16786242
945725,0.16786242
945726,0.12134506
945727,0.15055041
945728,0.17667362
945729,0.12895912
945730,0.1433782
945731,0.11167405
945732,0.027184166
945733,0.117262654
945734,0.08889567
945735,0.068892084
945736,0.0780828
945737,0.03525275
945738,0.11604558
945739,0.105457366
945740,0.10688
945741,0.22379872
945742,0.10534126
945743,0.0893895
945744,0.07259814
945745,0.0549665
945746,0.12919813
945747,0.10165307
945748,0.017335247
945749,0.08775243
945750,0.10631432
945751,0.091662966
945752,0.088126965
945753,0.13921383
945754,0.04342036
945755,0.0808787
945756,0.21808785
945757,0.09131628
945758,0.05867639
945759,0.12989767
945760,0.13364895
945761,0.024301637
945762,0.08063327
945763,0.06847311
945764,0.061879378
945765,0.02848214
945766,0.04334516
945767,0.1573977
945768,0.11510511
945769,0.10489229
945770,0.2094733
945771,0.10234496
945772,0.09462366
945773,0.07434268
945774,0.089584254
945775,0.05090949
945776,0.05498662
945777,0.31739524
945778,0.43789795
945779,0.3216966
945780,0.16975033
945781,0.17826438
945782,0.23291507
945783,0.53975266
945784,0.29618242
945785,0.24901266
945786,0.4259338
945787,0.45697132
945788,0.40219167
945789,0.44316527
945790,0.3079086
945791,0.17705932
945792,0.023078645
945793,0.08974047
945794,0.06827238
945795,0.081629805
945796,0.117611535
945797,0.07913981
945798,0.059431393
945799,0.017347777
945800,0.0891474
945801,0.09849106
945802,0.09041124
945803,0.09182683
945804,0.0882532
945805,0.07789997
945806,0.08602634
945807,0.053664427
945808,0.12938403
945809,0.13285382
945810,0.12574412
945811,0.13556127
945812,0.04277957
945813,0.029288871
945814,0.024934983
945815,0.038514696
945816,0.18859585
945817,0.01933271
945818,0.07785374
945819,0.06420708
945820,0.09039934
945821,0.052929208
945822,0.034804087
945823,0.076767
945824,0.05423801
945825,0.036162324
945826,0.14438306
945827,0.12652521
945828,0.12977286
945829,0.12148488
945830,0.13883519
945831,0.12614414
945832,0.10036242
945833,0.009744378
945834,0.03194279
945835,0.02924141
945836,0.029596398
945837,0.026134288
945838,0.2201873
945839,0.6117445
945840,0.7146818
945841,0.6960698
945842,0.7398348
945843,0.74933016
945844,0.7526806
945845,0.7437705
945846,0.7826409
945847,0.7798199
945848,0.75806147
945849,0.7843196
945850,0.7470436
945851,0.78633666
945852,0.767808
945853,0.7719111
945854,0.78291225
945855,0.7808027
945856,0.7402358
945857,0.7640679
945858,0.76155144
945859,0.77903306
945860,0.75275075
945861,0.785461
945862,0.70146275
945863,0.69522315
945864,0.6448297
945865,0.42345142
945866,0.024659315
945867,0.086110696
945868,0.09877386
945869,0.08517212
945870,0.096922256
945871,0.08722168
945872,0.07932494
945873,0.09733498
945874,0.06826958
945875,0.02098249
945876,0.07085316
945877,0.072825655
945878,0.06406313
945879,0.077750266
945880,0.014542616
945881,0.08487606
945882,0.061345246
945883,0.06142295
945884,0.06667047
945885,0.061247397
945886,0.08007559
945887,0.0946605
945888,0.03334835
945889,0.09631952
945890,0.09619624
945891,0.08569394
945892,0.11711275
945893,0.08770269
945894,0.086785376
945895,0.09392688
945896,0.08250818
945897,0.027846927
945898,0.07878024
945899,0.07195122
945900,0.021607619
945901,0.07209251
945902,0.068949774
945903,0.069342844
945904,0.08618285
945905,0.07294887
945906,0.08593636
945907,0.061631896
945908,0.018728204
945909,0.10229334
945910,0.11091086
945911,0.11006463
945912,0.1530091
945913,0.26571536
945914,0.027006445
945915,0.08977358
945916,0.08404224
945917,0.114415355
945918,0.086328305
945919,0.11515517
945920,0.08026196
945921,0.080994494
945922,0.06297686
945923,0.02793244
945924,0.082172036
945925,0.086273655
945926,0.095342964
945927,0.0854157
945928,0.08601515
945929,0.08125094
945930,0.09353331
945931,0.06778855
945932,0.22136255
945933,0.024513166
945934,0.066824324
945935,0.07513935
945936,0.07090744
945937,0.0669593
945938,0.08038298
945939,0.07433883
945940,0.055887576
945941,0.026265373
945942,0.095617525
945943,0.11927173
945944,0.09578348
945945,0.117029704
945946,0.0845629
945947,0.101073176
945948,0.10810785
945949,0.13930178
945950,0.07311636
945951,0.027060663
945952,0.07286111
945953,0.071186095
945954,0.06921288
945955,0.07319457
945956,0.08494892
945957,0.07812036
945958,0.055430707
945959,0.39581105
945960,0.32487038
945961,0.39482966
945962,0.4734252
945963,0.4941579
945964,0.4941579
945965,0.5008175
945966,0.5053894
945967,0.52749723
945968,0.53789157
945969,0.53800964
945970,0.5459266
945971,0.53777426
945972,0.5394753
945973,0.5425513
945974,0.54607147
945975,0.5489885
945976,0.53527224
945977,0.25867087
945978,0.27926856
945979,0.024508698
945980,0.06651404
945981,0.07610256
945982,0.08875967
945983,0.07266035
945984,0.08110935
945985,0.08245383
945986,0.0853238
945987,0.070023604
945988,0.23141442
945989,0.5316014
945990,0.6865224
945991,0.7802825
945992,0.81930065
945993,0.7651525
945994,0.82682323
945995,0.80009216
945996,0.877418
945997,0.8231403
945998,0.86517334
945999,0.7578033
946000,0.8609335
946001,0.8724381
946002,0.87338
946003,0.84968406
946004,0.84132385
946005,0.8805475
946006,0.8454409
946007,0.8563204
946008,0.86640376
946009,0.8751258
946010,0.8795755
946011,0.85308945
946012,0.8462914
946013,0.8768513
946014,0.86086774
946015,0.90489596
946016,0.8656363
946017,0.79819345
946018,0.85379505
946019,0.86644053
946020,0.8476167
946021,0.7898731
946022,0.75804406
946023,0.7508778
946024,0.7764177
946025,0.75837934
946026,0.79783666
946027,0.75681883
946028,0.7105837
946029,0.6743055
946030,0.7353764
946031,0.7880134
946032,0.62247366
946033,0.025120722
946034,0.08155522
946035,0.10300753
946036,0.070681415
946037,0.069170654
946038,0.07265624
946039,0.076268926
946040,0.080275156
946041,0.07391561
946042,0.07623379
946043,0.13770285
946044,0.022243269
946045,0.0667244
946046,0.064125374
946047,0.05978595
946048,0.06561536
946049,0.06638191
946050,0.07642766
946051,0.06992539
946052,0.060596928
946053,0.018936958
946054,0.05263004
946055,0.058517233
946056,0.05380287
946057,0.052568834
946058,0.059524164
946059,0.073108025
946060,0.04346185
946061,0.032524943
946062,0.06285039
946063,0.060191065
946064,0.067906626
946065,0.062320948
946066,0.07277638
946067,0.06941296
946068,0.07473782
946069,0.055993762
946070,0.022280259
946071,0.063407205
946072,0.06370174
946073,0.061989013
946074,0.07401251
946075,0.062262885
946076,0.07132682
946077,0.061179273
946078,0.056507092
946079,0.027070507
946080,0.08352736
946081,0.083573975
946082,0.25228712
946083,0.16857657
946084,0.14464834
946085,0.1326405
946086,0.13149594
946087,0.14585666
946088,0.121675886
946089,0.1203816
946090,0.08900159
946091,0.3788679
946092,0.40961656
946093,0.48745498
946094,0.5411841
946095,0.59488195
946096,0.62596023
946097,0.5996899
946098,0.58442354
946099,0.46387932
946100,0.56572044
946101,0.28299627
946102,0.40252632
946103,0.54024637
946104,0.40970066
946105,0.28495908
946106,0.57492495
946107,0.41924852
946108,0.57295674
946109,0.22312179
946110,0.06673666
946111,0.38973942
946112,0.52640665
946113,0.4791854
946114,0.48367596
946115,0.43871605
946116,0.51022077
946117,0.5587392
946118,0.47909376
946119,0.48380625
946120,0.5163681
946121,0.5005499
946122,0.31494552
946123,0.17841846
946124,0.04229106
946125,0.17851093
946126,0.15376352
946127,0.1469631
946128,0.21824832
946129,0.13088457
946130,0.22207357
946131,0.266209
946132,0.2988641
946133,0.338288
946134,0.28163382
946135,0.20665191
946136,0.28473344
946137,0.031943575
946138,0.27783522
946139,0.34313503
946140,0.33857873
946141,0.29043245
946142,0.33140227
946143,0.34386304
946144,0.29178712
946145,0.33501998
946146,0.32521307
946147,0.38128147
946148,0.36404195
946149,0.16554901
946150,0.1787728
946151,0.146643
946152,0.09663681
946153,0.5623514
946154,0.58072793
946155,0.72463685
946156,0.7586329
946157,0.8094971
946158,0.81403136
946159,0.8480387
946160,0.8525619
946161,0.84731203
946162,0.84818393
946163,0.8500364
946164,0.8644556
946165,0.8339215
946166,0.8321752
946167,0.8433756
946168,0.8366468
946169,0.84908324
946170,0.8322999
946171,0.84136564
946172,0.81960547
946173,0.81353116
946174,0.8035141
946175,0.8615292
946176,0.7621926
946177,0.7458328
946178,0.46210164
946179,0.2806216
946180,0.2008308
946181,0.17324208
946182,0.28801307
946183,0.23724169
946184,0.2600645
946185,0.2537008
946186,0.21626389
946187,0.22039543
946188,0.17995267
946189,0.037035767
946190,0.17159562
946191,0.16597866
946192,0.1700146
946193,0.20275082
946194,0.16772537
946195,0.21735506
946196,0.2705597
946197,0.13457939
946198,0.03447544
946199,0.30554327
946200,0.4090968
946201,0.30677536
946202,0.31055072
946203,0.308951
946204,0.31389418
946205,0.35034603
946206,0.30745405
946207,0.2724531
946208,0.21877763
946209,0.03913813
946210,0.13971989
946211,0.10388407
946212,0.17773291
946213,0.067743525
946214,0.47785893
946215,0.52279085
946216,0.5453588
946217,0.57996583
946218,0.5095811
946219,0.5427603
946220,0.66057515
946221,0.5648147
946222,0.4788602
946223,0.74152565
946224,0.6680111
946225,0.46431446
946226,0.6887127
946227,0.7504166
946228,0.44311184
946229,0.7084836
946230,0.43903047
946231,0.13952385
946232,0.036068514
946233,0.028234309
946234,0.02372839
946235,0.053466313
946236,0.046838313
946237,0.062911786
946238,0.025443597
946239,0.048821174
946240,0.23221171
946241,0.057516187
946242,0.060485113
946243,0.054632466
946244,0.03837619
946245,0.016896289
946246,0.0647132
946247,0.072924465
946248,0.11696763
946249,0.05048719
946250,0.07467404
946251,0.07557491
946252,0.09627456
946253,0.07306159
946254,0.044965684
946255,0.260858
946256,0.24139184
946257,0.21231036
946258,0.20289442
946259,0.088892736
946260,0.083049126
946261,0.077129066
946262,0.055458352
946263,0.012922668
946264,0.0627737
946265,0.047269896
946266,0.049077343
946267,0.05038358
946268,0.06398752
946269,0.04739964
946270,0.059770957
946271,0.10146237
946272,0.019874591
946273,0.16746855
946274,0.04016808
946275,0.08860993
946276,0.07040644
946277,0.07006864
946278,0.11776328
946279,0.11776328
946280,0.092849836
946281,0.120355874
946282,0.02666207
946283,0.04425303
946284,0.050853487
946285,0.04419195
946286,0.04567633
946287,0.17166726
946288,0.50181836
946289,0.48670426
946290,0.6685977
946291,0.68577486
946292,0.7109318
946293,0.6556521
946294,0.65621173
946295,0.7059611
946296,0.7196766
946297,0.7150913
946298,0.7345806
946299,0.7342088
946300,0.5427174
946301,0.72559524
946302,0.76643014
946303,0.7289906
946304,0.7367702
946305,0.72465414
946306,0.71314055
946307,0.70977944
946308,0.684494
946309,0.69911927
946310,0.6877904
946311,0.68723404
946312,0.3753964
946313,0.20728122
946314,0.24210748
946315,0.25106066
946316,0.17196958
946317,0.030433811
946318,0.07443387
946319,0.076615594
946320,0.072779045
946321,0.07194959
946322,0.08316632
946323,0.014100409
946324,0.08679271
946325,0.08483092
946326,0.13971198
946327,0.12911019
946328,0.0736473
946329,0.0888676
946330,0.07546999
946331,0.0841591
946332,0.11786197
946333,0.054876927
946334,0.11311797
946335,0.10677807
946336,0.10472367
946337,0.045931477
946338,0.31917247
946339,0.09366505
946340,0.06141383
946341,0.085716695
946342,0.06022371
946343,0.077482596
946344,0.08486933
946345,0.19701676
946346,0.037876315
946347,0.058921255
946348,0.061567202
946349,0.15695669
946350,0.15717849
946351,0.1282336
946352,0.29818186
946353,0.26241142
946354,0.25735766
946355,0.1964028
946356,0.092622034
946357,0.07045026
946358,0.041412745
946359,0.20500326
946360,0.23349997
946361,0.20424084
946362,0.20448665
946363,0.20970997
946364,0.16924012
946365,0.23733021
946366,0.15269428
946367,0.24580745
946368,0.18226649
946369,0.13404055
946370,0.09065732
946371,0.0874982
946372,0.074117675
946373,0.06255031
946374,0.08013981
946375,0.10464392
946376,0.38062352
946377,0.51403517
946378,0.54783094
946379,0.57587683
946380,0.61189675
946381,0.61142904
946382,0.45489165
946383,0.5632976
946384,0.5334961
946385,0.53524864
946386,0.6086185
946387,0.53978306
946388,0.5489837
946389,0.52502185
946390,0.52582127
946391,0.55206877
946392,0.25242895
946393,0.100633524
946394,0.23636475
946395,0.17788215
946396,0.09552417
946397,0.088406794
946398,0.08348575
946399,0.22221175
946400,0.1286347
946401,0.06651534
946402,0.052418772
946403,0.08196297
946404,0.045425627
946405,0.13034447
946406,0.4218646
946407,0.5386426
946408,0.61318094
946409,0.73787194
946410,0.7317112
946411,0.7925543
946412,0.81995076
946413,0.8282868
946414,0.8379044
946415,0.8407022
946416,0.84516114
946417,0.8495013
946418,0.8782689
946419,0.8702913
946420,0.8355613
946421,0.8829059
946422,0.8797582
946423,0.87948877
946424,0.88305813
946425,0.8989744
946426,0.9099145
946427,0.9021638
946428,0.90132576
946429,0.8828004
946430,0.89739627
946431,0.9046387
946432,0.90025747
946433,0.91104233
946434,0.89715517
946435,0.90258765
946436,0.8995867
946437,0.88306177
946438,0.887318
946439,0.8613749
946440,0.8674305
946441,0.80913144
946442,0.81282157
946443,0.8050601
946444,0.7900716
946445,0.7887669
946446,0.77307475
946447,0.5696666
946448,0.48913404
946449,0.70387655
946450,0.61463696
946451,0.74885154
946452,0.76108974
946453,0.7704371
946454,0.78516245
946455,0.740956
946456,0.8046265
946457,0.7991198
946458,0.80861026
946459,0.8305696
946460,0.8251795
946461,0.8073567
946462,0.8468646
946463,0.8227667
946464,0.79638004
946465,0.8084424
946466,0.8440733
946467,0.8450303
946468,0.8101056
946469,0.82437235
946470,0.8017826
946471,0.8071858
946472,0.8090898
946473,0.8391242
946474,0.80350566
946475,0.7981448
946476,0.80705285
946477,0.7787074
946478,0.7967154
946479,0.794654
946480,0.7959742
946481,0.77854043
946482,0.77218115
946483,0.7710845
946484,0.75966424
946485,0.764516
946486,0.73016715
946487,0.7506573
946488,0.71360224
946489,0.7264509
946490,0.7731456
946491,0.6518676
946492,0.022970777
946493,0.13551942
946494,0.1291782
946495,0.12705362
946496,0.12732281
946497,0.12839477
946498,0.12692119
946499,0.14743456
946500,0.14688364
946501,0.1923435
946502,0.1309365
946503,0.1150215
946504,0.12431832
946505,0.12085894
946506,0.106191784
946507,0.11964006
946508,0.07457837
946509,0.16704555
946510,0.1019496
946511,0.13223839
946512,0.118827805
946513,0.1327888
946514,0.11067817
946515,0.31572115
946516,0.18330126
946517,0.14201206
946518,0.11138824
946519,0.02748685
946520,0.105014555
946521,0.10574842
946522,0.10409035
946523,0.102657616
946524,0.1169115
946525,0.1735863
946526,0.1505448
946527,0.111166194
946528,0.10853286
946529,0.06768234
946530,0.13813682
946531,0.08036128
946532,0.09452165
946533,0.06339741
946534,0.074591234
946535,0.06782358
946536,0.038141847
946537,0.028328778
946538,0.14156042
946539,0.15603058
946540,0.11690313
946541,0.01982054
946542,0.20490609
946543,0.1515947
946544,0.14734995
946545,0.17239736
946546,0.025956308
946547,0.1201087
946548,0.12075589
946549,0.101931214
946550,0.10210086
946551,0.10152257
946552,0.12118475
946553,0.09866546
946554,0.15073752
946555,0.12605059
946556,0.104176104
946557,0.030886656
946558,0.071274266
946559,0.06533373
946560,0.063610524
946561,0.14791322
946562,0.030623984
946563,0.11438685
946564,0.10759817
946565,0.071169935
946566,0.07787715
946567,0.07247681
946568,0.070913464
946569,0.06942824
946570,0.15503334
946571,0.20759647
946572,0.095716886
946573,0.08285306
946574,0.05963761
946575,0.014240802
946576,0.055399593
946577,0.055663135
946578,0.046495866
946579,0.052779637
946580,0.045315117
946581,0.055794194
946582,0.068147
946583,0.01876073
946584,0.10178554
946585,0.06483318
946586,0.07228531
946587,0.07093895
946588,0.10195025
946589,0.20262015
946590,0.25765604
946591,0.22616026
946592,0.22495249
946593,0.27346602
946594,0.15807694
946595,0.020154715
946596,0.06333895
946597,0.067207195
946598,0.10882009
946599,0.09955347
946600,0.06883712
946601,0.03038899
946602,0.08093825
946603,0.06593277
946604,0.08762415
946605,0.2812902
946606,0.021743603
946607,0.084315546
946608,0.08765236
946609,0.14815152
946610,0.123275764
946611,0.40416634
946612,0.23597799
946613,0.30987626
946614,0.34624815
946615,0.445639
946616,0.3600073
946617,0.3181654
946618,0.34353444
946619,0.22588043
946620,0.2897507
946621,0.19861178
946622,0.2402836
946623,0.17854641
946624,0.21538813
946625,0.18122089
946626,0.18217894
946627,0.18475382
946628,0.20482816
946629,0.1922613
946630,0.036940206
946631,0.14037384
946632,0.15916564
946633,0.13296236
946634,0.12094722
946635,0.1459077
946636,0.09794381
946637,0.16196832
946638,0.13749465
946639,0.34319916
946640,0.17068873
946641,0.10676655
946642,0.2009974
946643,0.25288942
946644,0.14480428
946645,0.09132237
946646,0.090495564
946647,0.106818095
946648,0.12794517
946649,0.1257377
946650,0.057395596
946651,0.023375908
946652,0.09926674
946653,0.14105639
946654,0.11756544
946655,0.09663754
946656,0.09452051
946657,0.20587182
946658,0.12519856
946659,0.14804824
946660,0.09875777
946661,0.069239765
946662,0.03553379
946663,0.09081246
946664,0.09471876
946665,0.09463022
946666,0.11287841
946667,0.09089368
946668,0.09447836
946669,0.09100245
946670,0.1361357
946671,0.066272505
946672,0.5040183
946673,0.31888717
946674,0.3827769
946675,0.3916309
946676,0.40240863
946677,0.31497177
946678,0.41904727
946679,0.030548705
946680,0.09756117
946681,0.10659483
946682,0.102372445
946683,0.13426675
946684,0.0986439
946685,0.12087729
946686,0.17105868
946687,0.14047983
946688,0.09930999
946689,0.09872476
946690,0.1463986
946691,0.03290615
946692,0.1382535
946693,0.1225139
946694,0.12444792
946695,0.13221559
946696,0.20736861
946697,0.07932823
946698,0.072589636
946699,0.08475475
946700,0.089170896
946701,0.07574784
946702,0.08251975
946703,0.081663504
946704,0.07739673
946705,0.06914174
946706,0.20961656
946707,0.019963926
946708,0.06587245
946709,0.057961028
946710,0.078642294
946711,0.06128842
946712,0.06272892
946713,0.09237045
946714,0.10620377
946715,0.081011176
946716,0.035414573
946717,0.09803242
946718,0.14225392
946719,0.23348367
946720,0.16921209
946721,0.09732109
946722,0.091938525
946723,0.21924494
946724,0.16174397
946725,0.17206794
946726,0.19303438
946727,0.02500972
946728,0.05741195
946729,0.068931095
946730,0.07897061
946731,0.0591696
946732,0.05654839
946733,0.06146029
946734,0.07245991
946735,0.19664373
946736,0.10779152
946737,0.10280129
946738,0.086887635
946739,0.116159156
946740,0.28582373
946741,0.28842503
946742,0.22067827
946743,0.2561447
946744,0.25382546
946745,0.17434545
946746,0.02911296
946747,0.1193997
946748,0.051910315
946749,0.05553433
946750,0.05355584
946751,0.06935734
946752,0.055846266
946753,0.060427267
946754,0.055276863
946755,0.0485717
946756,0.021284843
946757,0.118441716
946758,0.11644388
946759,0.13478829
946760,0.17242138
946761,0.16335262
946762,0.20364939
946763,0.17674476
946764,0.14696787
946765,0.22235921
946766,0.12338964
946767,0.010154151
946768,0.03912794
946769,0.043465506
946770,0.036111634
946771,0.04725084
946772,0.031507157
946773,0.05912768
946774,0.24319315
946775,0.02579322
946776,0.0726693
946777,0.06728208
946778,0.082391754
946779,0.06279032
946780,0.08912832
946781,0.07941528
946782,0.09836915
946783,0.07591157
946784,0.15417087
946785,0.10943578
946786,0.01208648
946787,0.08940327
946788,0.11805076
946789,0.083578214
946790,0.08892497
946791,0.073869586
946792,0.0698017
946793,0.05148103
946794,0.008061271
946795,0.06965825
946796,0.034858733
946797,0.048518527
946798,0.05855328
946799,0.04725817
946800,0.027883966
946801,0.051204104
946802,0.054677967
946803,0.0603326
946804,0.06795913
946805,0.056885283
946806,0.053674858
946807,0.06405375
946808,0.059293814
946809,0.05013944
946810,0.014307446
946811,0.089863725
946812,0.08568215
946813,0.07914761
946814,0.111441605
946815,0.11418575
946816,0.07989442
946817,0.095646106
946818,0.113126956
946819,0.010520426
946820,0.061179712
946821,0.07620138
946822,0.04856092
946823,0.05807211
946824,0.04763158
946825,0.025149139
946826,0.026323987
946827,0.021442398
946828,0.018415002
946829,0.05026284
946830,0.06039416
946831,0.10389615
946832,0.056747783
946833,0.056803007
946834,0.067536056
946835,0.06130296
946836,0.05541221
946837,0.047961064
946838,0.017012935
946839,0.044989914
946840,0.031273477
946841,0.02965745
946842,0.04468763
946843,0.049145736
946844,0.042515166
946845,0.073872
946846,0.035067696
946847,0.027003048
946848,0.061464988
946849,0.06684101
946850,0.06810025
946851,0.07354773
946852,0.07273591
946853,0.08491751
946854,0.18515535
946855,0.2217209
946856,0.17472985
946857,0.11736545
946858,0.019402899
946859,0.086857125
946860,0.18050644
946861,0.4228337
946862,0.45495066
946863,0.4908365
946864,0.5979717
946865,0.54257345
946866,0.5611723
946867,0.6505871
946868,0.5509614
946869,0.5400016
946870,0.5317882
946871,0.5532799
946872,0.55856913
946873,0.4828934
946874,0.3866728
946875,0.23601381
946876,0.09396347
946877,0.09009014
946878,0.05904831
946879,0.059696272
946880,0.040171452
946881,0.04574709
946882,0.12020627
946883,0.07356439
946884,0.27108622
946885,0.015963856
946886,0.07094308
946887,0.06866753
946888,0.077124044
946889,0.07399668
946890,0.08174991
946891,0.059598994
946892,0.041761342
946893,0.3375799
946894,0.26982924
946895,0.17487079
946896,0.019840842
946897,0.08644771
946898,0.082587615
946899,0.114299215
946900,0.044743642
946901,0.11035285
946902,0.07911397
946903,0.0727346
946904,0.04304167
946905,0.2640772
946906,0.2660887
946907,0.22850773
946908,0.25405777
946909,0.24304095
946910,0.18901634
946911,0.039140258
946912,0.10935738
946913,0.110557236
946914,0.054636914
946915,0.11406918
946916,0.09971536
946917,0.05943729
946918,0.4639797
946919,0.46704274
946920,0.4687996
946921,0.45582888
946922,0.492884
946923,0.50579363
946924,0.48676318
946925,0.5061825
946926,0.46445176
946927,0.48078847
946928,0.31493437
946929,0.094023645
946930,0.064653315
946931,0.06448056
946932,0.052182775
946933,0.04003945
946934,0.03205735
946935,0.13101964
946936,0.05598029
946937,0.05201247
946938,0.10517804
946939,0.12317961
946940,0.24942875
946941,0.12179242
946942,0.16900676
946943,0.12531324
946944,0.15804228
946945,0.030358396
946946,0.26602718
946947,0.25133583
946948,0.19700761
946949,0.014074832
946950,0.050345805
946951,0.03531368
946952,0.03457168
946953,0.033745866
946954,0.03423701
946955,0.033170734
946956,0.012804924
946957,0.1357975
946958,0.09981585
946959,0.06921049
946960,0.08413371
946961,0.09721573
946962,0.018561708
946963,0.044265043
946964,0.07976885
946965,0.0868962
946966,0.08547049
946967,0.06963835
946968,0.11579753
946969,0.07984836
946970,0.121457286
946971,0.22094494
946972,0.08358826
946973,0.096206084
946974,0.10577948
946975,0.105152845
946976,0.07513169
946977,0.08347048
946978,0.108990885
946979,0.074670315
946980,0.28002113
946981,0.02080644
946982,0.09230391
946983,0.086603284
946984,0.059850268
946985,0.08213315
946986,0.08722107
946987,0.28604603
946988,0.24911089
946989,0.30383682
946990,0.3593021
946991,0.32022297
946992,0.48608568
946993,0.49467653
946994,0.52551997
946995,0.57858926
946996,0.55841905
946997,0.5983124
946998,0.5638802
946999,0.5447566
947000,0.5337962
947001,0.52288777
947002,0.4987997
947003,0.50208956
947004,0.3504053
947005,0.3058614
947006,0.29382586
947007,0.33085307
947008,0.44005054
947009,0.32193533
947010,0.39497378
947011,0.4874282
947012,0.33725515
947013,0.39544633
947014,0.3654828
947015,0.278215
947016,0.123880036
947017,0.2722255
947018,0.26253292
947019,0.24262585
947020,0.2295506
947021,0.27055657
947022,0.18484148
947023,0.20644084
947024,0.15254585
947025,0.13246895
947026,0.040719505
947027,0.04810948
947028,0.057639167
947029,0.036131214
947030,0.3000664
947031,0.21600932
947032,0.40637487
947033,0.39112693
947034,0.38000485
947035,0.3515509
947036,0.41906682
947037,0.51547724
947038,0.5146215
947039,0.5662566
947040,0.51488715
947041,0.48502105
947042,0.43452606
947043,0.020326978
947044,0.04629575
947045,0.033684954
947046,0.03529403
947047,0.04423229
947048,0.036927003
947049,0.02921333
947050,0.12905118
947051,0.53930783
947052,0.4614936
947053,0.5491269
947054,0.5169927
947055,0.57508355
947056,0.50466347
947057,0.48589754
947058,0.489366
947059,0.48436853
947060,0.45729098
947061,0.35276356
947062,0.384804
947063,0.35653937
947064,0.012181228
947065,0.039524313
947066,0.043785214
947067,0.044681724
947068,0.04259699
947069,0.039148398
947070,0.046603948
947071,0.04921153
947072,0.068435416
947073,0.29320467
947074,0.18141279
947075,0.30102673
947076,0.0075282673
947077,0.056822233
947078,0.05004347
947079,0.032769937
947080,0.046917025
947081,0.03730052
947082,0.11184856
947083,0.07880282
947084,0.066920415
947085,0.14063115
947086,0.086108
947087,0.07274879
947088,0.262588
947089,0.12698217
947090,0.07207501
947091,0.05436724
947092,0.052534156
947093,0.12776758
947094,0.19611028
947095,0.2131408
947096,0.18234557
947097,0.17424063
947098,0.15888534
947099,0.010269654
947100,0.03583434
947101,0.040051028
947102,0.031898405
947103,0.029979398
947104,0.032521006
947105,0.040704608
947106,0.07071721
947107,0.06787591
947108,0.06272162
947109,0.042528193
947110,0.26474082
947111,0.070140615
947112,0.48748747
947113,0.5057391
947114,0.65141326
947115,0.6221299
947116,0.639177
947117,0.584451
947118,0.6776563
947119,0.5794452
947120,0.627976
947121,0.67146367
947122,0.6199897
947123,0.68295103
947124,0.6432205
947125,0.6543904
947126,0.5919399
947127,0.6792296
947128,0.5691744
947129,0.59494567
947130,0.54182816
947131,0.27740064
947132,0.009403014
947133,0.03495942
947134,0.038383096
947135,0.03602729
947136,0.033983853
947137,0.039311625
947138,0.061249644
947139,0.030788535
947140,0.0390725
947141,0.46471038
947142,0.42304012
947143,0.5013306
947144,0.42881492
947145,0.49400347
947146,0.42910698
947147,0.48677006
947148,0.47626773
947149,0.39003402
947150,0.4691758
947151,0.39660594
947152,0.3200668
947153,0.008039901
947154,0.030993726
947155,0.035390537
947156,0.031492822
947157,0.03217581
947158,0.036712307
947159,0.04377237
947160,0.35075736
947161,0.3287864
947162,0.3218661
947163,0.3907478
947164,0.39328602
947165,0.3396043
947166,0.34572616
947167,0.41084772
947168,0.4188731
947169,0.29961497
947170,0.17775635
947171,0.008515786
947172,0.034899842
947173,0.03734424
947174,0.031081399
947175,0.03223828
947176,0.033144232
947177,0.033030413
947178,0.11228373
947179,0.090139546
947180,0.064183764
947181,0.10628727
947182,0.10974944
947183,0.074730545
947184,0.104249254
947185,0.17532058
947186,0.14894652
947187,0.06529963
947188,0.04673541
947189,0.26099834
947190,0.25949794
947191,0.18643115
947192,0.21705697
947193,0.24891728
947194,0.13222902
947195,0.010790668
947196,0.045406
947197,0.030346783
947198,0.03824704
947199,0.03027469
947200,0.03382435
947201,0.054536056
947202,0.10321265
947203,0.049496245
947204,0.09115312
947205,0.10268685
947206,0.05527355
947207,0.042126868
947208,0.25891402
947209,0.35995156
947210,0.34763908
947211,0.3270841
947212,0.3102111
947213,0.3054551
947214,0.2556145
947215,0.26750338
947216,0.253815
947217,0.29015538
947218,0.028149387
947219,0.08341574
947220,0.073604204
947221,0.079741925
947222,0.10376142
947223,0.06214806
947224,0.07205435
947225,0.067245975
947226,0.06967946
947227,0.04665198
947228,0.11897371
947229,0.36958623
947230,0.55075014
947231,0.62611675
947232,0.67997974
947233,0.6995255
947234,0.7613267
947235,0.77424335
947236,0.7652676
947237,0.77125704
947238,0.7742236
947239,0.7833154
947240,0.88448995
947241,0.8825338
947242,0.8243744
947243,0.8236703
947244,0.80340576
947245,0.8001511
947246,0.8270429
947247,0.8245911
947248,0.80103856
947249,0.82670563
947250,0.78385824
947251,0.7989835
947252,0.7735617
947253,0.730436
947254,0.69553566
947255,0.7225138
947256,0.5440718
947257,0.119006224
947258,0.034631222
947259,0.030805577
947260,0.038159717
947261,0.030589808
947262,0.030012362
947263,0.031013696
947264,0.028303333
947265,0.13304532
947266,0.16161959
947267,0.14873162
947268,0.09957851
947269,0.059339993
947270,0.10050642
947271,0.14121787
947272,0.09651827
947273,0.3215874
947274,0.18653654
947275,0.19059943
947276,0.2752373
947277,0.23261629
947278,0.06162803
947279,0.066027515
947280,0.056310516
947281,0.17214833
947282,0.11878988
947283,0.17214833
947284,0.06625033
947285,0.056677032
947286,0.045661423
947287,0.017842863
947288,0.10026159
947289,0.090038225
947290,0.07513716
947291,0.081357315
947292,0.08889957
947293,0.06462077
947294,0.08200252
947295,0.019335354
947296,0.09411926
947297,0.112307735
947298,0.094657086
947299,0.092249334
947300,0.14014255
947301,0.04858506
947302,0.08269313
947303,0.06279561
947304,0.16496734
947305,0.21116965
947306,0.21752343
947307,0.20696133
947308,0.2363048
947309,0.29439318
947310,0.23672041
947311,0.20360589
947312,0.03234439
947313,0.12524891
947314,0.12033234
947315,0.10505787
947316,0.107934654
947317,0.045597605
947318,0.046598684
947319,0.20662934
947320,0.18597567
947321,0.08208853
947322,0.41719747
947323,0.49799997
947324,0.47812024
947325,0.54699355
947326,0.582842
947327,0.63344395
947328,0.531855
947329,0.4050342
947330,0.55891746
947331,0.54549503
947332,0.6150541
947333,0.5948459
947334,0.525816
947335,0.5181578
947336,0.52917445
947337,0.35193768
947338,0.059198223
947339,0.015906362
947340,0.07845656
947341,0.10279242
947342,0.07005238
947343,0.13697375
947344,0.07251768
947345,0.08692733
947346,0.05903893
947347,0.016455397
947348,0.07350919
947349,0.087480806
947350,0.08612321
947351,0.06254343
947352,0.09829163
947353,0.05217973
947354,0.022938676
947355,0.082324706
947356,0.06325212
947357,0.086084865
947358,0.11242997
947359,0.07473553
947360,0.061294977
947361,0.26798847
947362,0.12910362
947363,0.10010362
947364,0.11208595
947365,0.07987709
947366,0.022834703
947367,0.0982418
947368,0.08551836
947369,0.06721198
947370,0.21180275
947371,0.06663055
947372,0.104889065
947373,0.06457601
947374,0.033787653
947375,0.101234
947376,0.09992709
947377,0.08363495
947378,0.07676104
947379,0.073266655
947380,0.1543517
947381,0.020036418
947382,0.24885046
947383,0.11031975
947384,0.13716684
947385,0.09094366
947386,0.12262092
947387,0.09137761
947388,0.1502098
947389,0.25621578
947390,0.12814291
947391,0.24996322
947392,0.12761948
947393,0.118931256
947394,0.016352165
947395,0.10664038
947396,0.07725296
947397,0.07513708
947398,0.0806139
947399,0.07669797
947400,0.09379659
947401,0.083441995
947402,0.08347358
947403,0.38128608
947404,0.39968565
947405,0.4118666
947406,0.42987174
947407,0.4325597
947408,0.35741508
947409,0.42133662
947410,0.28362307
947411,0.43104517
947412,0.40788767
947413,0.38227016
947414,0.28891015
947415,0.4656999
947416,0.13211265
947417,0.046187773
947418,0.055462036
947419,0.058666375
947420,0.06935417
947421,0.044071645
947422,0.04748264
947423,0.044607747
947424,0.03258122
947425,0.09342429
947426,0.49394327
947427,0.47261286
947428,0.5133729
947429,0.5402704
947430,0.5584277
947431,0.58185625
947432,0.5793404
947433,0.57769865
947434,0.5825866
947435,0.574472
947436,0.5463203
947437,0.5532243
947438,0.54612106
947439,0.532942
947440,0.5626553
947441,0.54727936
947442,0.6081065
947443,0.35474208
947444,0.0135149155
947445,0.04817913
947446,0.059252046
947447,0.056215763
947448,0.046826404
947449,0.04438578
947450,0.045950256
947451,0.04726192
947452,0.04222691
947453,0.026730265
947454,0.24799807
947455,0.06799552
947456,0.418061
947457,0.5098613
947458,0.38307256
947459,0.5350294
947460,0.5078795
947461,0.52639127
947462,0.54071313
947463,0.61576355
947464,0.5458974
947465,0.55174136
947466,0.5131088
947467,0.5184163
947468,0.5670701
947469,0.51619107
947470,0.51303184
947471,0.40592664
947472,0.04509492
947473,0.07258605
947474,0.063857116
947475,0.085574985
947476,0.22813332
947477,0.26718533
947478,0.14833774
947479,0.09283672
947480,0.07349956
947481,0.11296515
947482,0.11746611
947483,0.11399964
947484,0.09205456
947485,0.09070381
947486,0.06982073
947487,0.034482114
947488,0.13112712
947489,0.12686794
947490,0.11800976
947491,0.14869219
947492,0.22109468
947493,0.13797024
947494,0.58270407
947495,0.6441415
947496,0.6502179
947497,0.6781034
947498,0.7040973
947499,0.67681515
947500,0.7094242
947501,0.65260744
947502,0.6503779
947503,0.6320481
947504,0.61942875
947505,0.59678483
947506,0.37510574
947507,0.3001688
947508,0.2504686
947509,0.07354511
947510,0.29531187
947511,0.31354028
947512,0.050678533
947513,0.46996963
947514,0.5368561
947515,0.60256433
947516,0.544109
947517,0.4666372
947518,0.49574515
947519,0.60733914
947520,0.52498007
947521,0.68419087
947522,0.7613896
947523,0.71310145
947524,0.66064435
947525,0.64071316
947526,0.44865876
947527,0.4070932
947528,0.07142671
947529,0.5410981
947530,0.4746713
947531,0.66029376
947532,0.64268064
947533,0.6549976
947534,0.6542371
947535,0.69558954
947536,0.6644987
947537,0.46412438
947538,0.5718055
947539,0.644442
947540,0.6108545
947541,0.3806945
947542,0.33191285
947543,0.054976374
947544,0.24892856
947545,0.19696975
947546,0.1942462
947547,0.14815737
947548,0.05882927
947549,0.57823306
947550,0.6074037
947551,0.62170047
947552,0.47697398
947553,0.51356685
947554,0.5162588
947555,0.63229513
947556,0.562648
947557,0.6538075
947558,0.6060609
947559,0.5432626
947560,0.36324215
947561,0.028105589
947562,0.20400195
947563,0.1900138
947564,0.18199734
947565,0.18868506
947566,0.18751983
947567,0.18796225
947568,0.14511068
947569,0.24997836
947570,0.14497158
947571,0.099887595
947572,0.075559326
947573,0.1287698
947574,0.16541289
947575,0.056620836
947576,0.050074607
947577,0.010904204
947578,0.04235352
947579,0.051297717
947580,0.057732843
947581,0.0453129
947582,0.03943505
947583,0.034626745
947584,0.20173603
947585,0.014228157
947586,0.041428573
947587,0.052319046
947588,0.042490344
947589,0.042862926
947590,0.055903718
947591,0.057921093
947592,0.041046564
947593,0.2940426
947594,0.32383782
947595,0.19568387
947596,0.19029
947597,0.22615336
947598,0.16511008
947599,0.01654828
947600,0.06639958
947601,0.0674913
947602,0.055684697
947603,0.06125391
947604,0.05467601
947605,0.05263586
947606,0.17834659
947607,0.34229225
947608,0.35017672
947609,0.3531265
947610,0.3925153
947611,0.386401
947612,0.35206988
947613,0.3387963
947614,0.3857962
947615,0.4110122
947616,0.39440522
947617,0.35797173
947618,0.3549752
947619,0.33385378
947620,0.015517672
947621,0.049498692
947622,0.052912157
947623,0.055506427
947624,0.047400333
947625,0.06764668
947626,0.044676606
947627,0.4123354
947628,0.57818425
947629,0.6949315
947630,0.6917418
947631,0.7205127
947632,0.7253374
947633,0.6947989
947634,0.7281115
947635,0.73073584
947636,0.724849
947637,0.6790512
947638,0.7299141
947639,0.7253463
947640,0.73541844
947641,0.7177114
947642,0.72954226
947643,0.73140675
947644,0.6649723
947645,0.6667936
947646,0.65108347
947647,0.6734653
947648,0.669297
947649,0.3467964
947650,0.08368441
947651,0.44418302
947652,0.4799792
947653,0.4835995
947654,0.38051033
947655,0.29778844
947656,0.39104342
947657,0.3392536
947658,0.40743867
947659,0.40447378
947660,0.42157054
947661,0.41744834
947662,0.55761206
947663,0.55526257
947664,0.55750716
947665,0.5263189
947666,0.41873652
947667,0.013106133
947668,0.08275278
947669,0.07475551
947670,0.05490504
947671,0.0622528
947672,0.2000872
947673,0.13490926
947674,0.10127848
947675,0.09868758
947676,0.09973849
947677,0.05446049
947678,0.13693263
947679,0.14677995
947680,0.053484786
947681,0.46997836
947682,0.49072027
947683,0.53311133
947684,0.52453923
947685,0.54014915
947686,0.5447529
947687,0.51708907
947688,0.51377153
947689,0.4993464
947690,0.48469698
947691,0.5447081
947692,0.4779107
947693,0.40407702
947694,0.012052712
947695,0.055236988
947696,0.06486177
947697,0.050503414
947698,0.06073822
947699,0.060752966
947700,0.049336895
947701,0.024156475
947702,0.12228722
947703,0.11011314
947704,0.103631675
947705,0.1018711
947706,0.12354557
947707,0.10821015
947708,0.11133192
947709,0.11241922
947710,0.075363725
947711,0.055469
947712,0.54112726
947713,0.60811776
947714,0.62806237
947715,0.59796506
947716,0.6256275
947717,0.5986133
947718,0.6100708
947719,0.60089827
947720,0.64704794
947721,0.6691335
947722,0.618914
947723,0.6414815
947724,0.63604236
947725,0.6298021
947726,0.6048565
947727,0.6118277
947728,0.6001131
947729,0.6410324
947730,0.4106185
947731,0.0125169875
947732,0.062489867
947733,0.059726868
947734,0.04922384
947735,0.06648655
947736,0.06713795
947737,0.05404665
947738,0.1411328
947739,0.13395305
947740,0.15035193
947741,0.020565026
947742,0.13767861
947743,0.095102355
947744,0.13999036
947745,0.10661797
947746,0.10400547
947747,0.09312284
947748,0.113419674
947749,0.09854097
947750,0.1402949
947751,0.064178504
947752,0.04588983
947753,0.44845062
947754,0.39374092
947755,0.271237
947756,0.31469408
947757,0.03508221
947758,0.07828735
947759,0.06130793
947760,0.06628396
947761,0.046025768
947762,0.18688267
947763,0.039960403
947764,0.10764915
947765,0.14246915
947766,0.36026758
947767,0.31322095
947768,0.35917562
947769,0.3627324
947770,0.44575793
947771,0.44100833
947772,0.37302095
947773,0.44901606
947774,0.4280235
947775,0.4264575
947776,0.47672293
947777,0.48261815
947778,0.5210551
947779,0.4361682
947780,0.26008296
947781,0.26521045
947782,0.042993568
947783,0.14253671
947784,0.21099077
947785,0.016097074
947786,0.03717967
947787,0.026735438
947788,0.032380033
947789,0.010563757
947790,0.02659546
947791,0.027093595
947792,0.02795558
947793,0.02740445
947794,0.038177047
947795,0.009192803
947796,0.046104074
947797,0.039857127
947798,0.0270945
947799,0.042990007
947800,0.2776637
947801,0.044732638
947802,0.15065202
947803,0.14190534
947804,0.45875245
947805,0.51607674
947806,0.55025536
947807,0.5863872
947808,0.59977174
947809,0.5872798
947810,0.59033257
947811,0.6041565
947812,0.5703058
947813,0.56809986
947814,0.5518899
947815,0.5436554
947816,0.5479181
947817,0.3242012
947818,0.05062118
947819,0.3878902
947820,0.35413328
947821,0.3965756
947822,0.3758486
947823,0.35472605
947824,0.38638583
947825,0.3549644
947826,0.19464156
947827,0.100077525
947828,0.099628516
947829,0.111771494
947830,0.116806485
947831,0.101168424
947832,0.07829476
947833,0.022909444
947834,0.029736936
947835,0.025437454
947836,0.03036343
947837,0.025971098
947838,0.025820378
947839,0.026390554
947840,0.14296098
947841,0.114425994
947842,0.10557441
947843,0.095131055
947844,0.12806746
947845,0.009151787
947846,0.024720263
947847,0.034021694
947848,0.02647241
947849,0.034492854
947850,0.021928886
947851,0.10763922
947852,0.1820856
947853,0.080098055
947854,0.08577315
947855,0.092618786
947856,0.07246272
947857,0.049016137
947858,0.023643438
947859,0.043132048
947860,0.06228629
947861,0.035294194
947862,0.049338464
947863,0.05944807
947864,0.19675344
947865,0.11786923
947866,0.023579612
947867,0.09285184
947868,0.1007656
947869,0.07364817
947870,0.11673307
947871,0.007815626
947872,0.020528832
947873,0.027967472
947874,0.02816224
947875,0.029103622
947876,0.037437234
947877,0.37612548
947878,0.31464255
947879,0.37983462
947880,0.37689933
947881,0.34085402
947882,0.33365998
947883,0.38207957
947884,0.32680628
947885,0.22654775
947886,0.0351103
947887,0.32698002
947888,0.31318215
947889,0.30288613
947890,0.34882987
947891,0.2946181
947892,0.255895
947893,0.15188433
947894,0.044115275
947895,0.044024307
947896,0.04607704
947897,0.0863207
947898,0.042931248
947899,0.042527366
947900,0.050332207
947901,0.016379016
947902,0.050206687
947903,0.04710639
947904,0.06857939
947905,0.04361671
947906,0.044322547
947907,0.04563773
947908,0.09491144
947909,0.04982391
947910,0.35863143
947911,0.40636048
947912,0.50873643
947913,0.47094283
947914,0.5042949
947915,0.23963787
947916,0.27488664
947917,0.5473849
947918,0.5812327
947919,0.54116094
947920,0.54038405
947921,0.5285121
947922,0.57443213
947923,0.5540821
947924,0.2784832
947925,0.4767697
947926,0.33240908
947927,0.16863133
947928,0.058607757
947929,0.02410498
947930,0.022202788
947931,0.031772923
947932,0.023401737
947933,0.23868869
947934,0.008610104
947935,0.055621367
947936,0.04460052
947937,0.014577488
947938,0.01851943
947939,0.040851954
947940,0.014065174
947941,0.013281434
947942,0.09116528
947943,0.023810722
947944,0.00898841
947945,0.012398438
947946,0.010375004
947947,0.012684923
947948,0.018845037
947949,0.021784956
947950,0.018525112
947951,0.010788368
947952,0.36667278
947953,0.33761325
947954,0.37857687
947955,0.37428764
947956,0.34977543
947957,0.008905338
947958,0.01148036
947959,0.019086938
947960,0.009994038
947961,0.02036307
947962,0.02053968
947963,0.016952904
947964,0.014972804
947965,0.013763204
947966,0.13963851
947967,0.1487041
947968,0.01179636
947969,0.046753258
947970,0.021915155
947971,0.015208347
947972,0.048284978
947973,0.022887964
947974,0.028628899
947975,0.026652033
947976,0.029665947
947977,0.018976789
947978,0.0123097
947979,0.060919426
947980,0.051414628
947981,0.05286737
947982,0.06076159
947983,0.051178955
947984,0.13719064
947985,0.010432349
947986,0.018823352
947987,0.013857209
947988,0.051976785
947989,0.041799817
947990,0.02605619
947991,0.029574918
947992,0.026545357
947993,0.017820708
947994,0.06262873
947995,0.01039362
947996,0.041699648
947997,0.12688433
947998,0.041593887
947999,0.042129204
948000,0.042416327
948001,0.042840168
948002,0.042652186
948003,0.34619597
948004,0.3047252
948005,0.05104027
948006,0.11080364
948007,0.028119855
948008,0.102830835
948009,0.10119999
948010,0.0811278
948011,0.019679653
948012,0.0813041
948013,0.061641447
948014,0.2682295
948015,0.2377152
948016,0.29335004
948017,0.2555895
948018,0.26387146
948019,0.2805733
948020,0.25602752
948021,0.28930697
948022,0.013609878
948023,0.05650826
948024,0.04281255
948025,0.043599356
948026,0.04097369
948027,0.052562065
948028,0.037544426
948029,0.01815825
948030,0.09457672
948031,0.10043486
948032,0.0902874
948033,0.09090665
948034,0.10202952
948035,0.09529619
948036,0.095319875
948037,0.07268224
948038,0.025223495
948039,0.04535998
948040,0.049093757
948041,0.05805749
948042,0.05389158
948043,0.04817708
948044,0.042907216
948045,0.037472975
948046,0.23866269
948047,0.10916945
948048,0.1145555
948049,0.13364963
948050,0.019687133
948051,0.06586088
948052,0.08856188
948053,0.064172134
948054,0.0628121
948055,0.050818823
948056,0.12779287
948057,0.011758755
948058,0.040758375
948059,0.03794986
948060,0.044778254
948061,0.039071433
948062,0.04459664
948063,0.03408196
948064,0.010646075
948065,0.044120695
948066,0.04433347
948067,0.045835804
948068,0.04226906
948069,0.054240335
948070,0.04589002
948071,0.042365585
948072,0.030468334
948073,0.04621737
948074,0.061005745
948075,0.06977202
948076,0.051757902
948077,0.060718417
948078,0.048718598
948079,0.05573292
948080,0.06398848
948081,0.02264788
948082,0.045567423
948083,0.0853725
948084,0.034222804
948085,0.026616292
948086,0.02430681
948087,0.024952948
948088,0.029480848
948089,0.025454495
948090,0.28904194
948091,0.19343355
948092,0.16825055
948093,0.3015349
948094,0.24862245
948095,0.17136611
948096,0.06797417
948097,0.1721466
948098,0.043857563
948099,0.17248021
948100,0.20172003
948101,0.07561847
948102,0.046151184
948103,0.041412346
948104,0.056625687
948105,0.023365013
948106,0.036291666
948107,0.045039006
948108,0.03288118
948109,0.033241905
948110,0.03968556
948111,0.12965994
948112,0.035679463
948113,0.019531904
948114,0.014674145
948115,0.01585934
948116,0.31793436
948117,0.3830926
948118,0.25292546
948119,0.28231683
948120,0.28231683
948121,0.28231683
948122,0.28093553
948123,0.25342423
948124,0.18267792
948125,0.009013978
948126,0.025910296
948127,0.020823393
948128,0.015998995
948129,0.018570418
948130,0.019020839
948131,0.07079242
948132,0.039287556
948133,0.038589016
948134,0.059858263
948135,0.046097916
948136,0.2302951
948137,0.22560212
948138,0.024447797
948139,0.04887778
948140,0.22566095
948141,0.10590087
948142,0.0962639
948143,0.060842164
948144,0.029772453
948145,0.101941176
948146,0.10597329
948147,0.09583798
948148,0.07532272
948149,0.25481668
948150,0.13807234
948151,0.10644088
948152,0.027941406
948153,0.037193894
948154,0.039860185
948155,0.044860017
948156,0.08621869
948157,0.021045754
948158,0.104195595
948159,0.117069
948160,0.08793579
948161,0.10646576
948162,0.099769
948163,0.099178165
948164,0.080505274
948165,0.0941427
948166,0.14138648
948167,0.010041285
948168,0.018044095
948169,0.03695572
948170,0.027292415
948171,0.036073852
948172,0.032476112
948173,0.10917254
948174,0.106533684
948175,0.10473111
948176,0.030564455
948177,0.051521618
948178,0.27121076
948179,0.114694364
948180,0.016758613
948181,0.044351056
948182,0.012353304
948183,0.026079385
948184,0.0134181455
948185,0.011979997
948186,0.011499365
948187,0.02787401
948188,0.036857735
948189,0.020650934
948190,0.017698018
948191,0.021312326
948192,0.018172728
948193,0.021577021
948194,0.02123285
948195,0.01920084
948196,0.022349214
948197,0.007627145
948198,0.024099609
948199,0.024351232
948200,0.024818424
948201,0.019610312
948202,0.025461754
948203,0.024524007
948204,0.019217944
948205,0.027157884
948206,0.092970215
948207,0.05472978
948208,0.040042896
948209,0.044240445
948210,0.1215207
948211,0.091379665
948212,0.119626224
948213,0.20555413
948214,0.08424188
948215,0.108971834
948216,0.085281506
948217,0.09866042
948218,0.09664154
948219,0.09718121
948220,0.080199145
948221,0.09583842
948222,0.05972622
948223,0.036855794
948224,0.106205
948225,0.111354634
948226,0.08571941
948227,0.38692918
948228,0.113040864
948229,0.07997912
948230,0.35771847
948231,0.24149634
948232,0.23978265
948233,0.22663216
948234,0.23505181
948235,0.24030194
948236,0.21706904
948237,0.18220834
948238,0.16961277
948239,0.021023663
948240,0.0873303
948241,0.14723133
948242,0.116479196
948243,0.0992815
948244,0.09237555
948245,0.09956728
948246,0.16954234
948247,0.09928096
948248,0.096929744
948249,0.079753816
948250,0.03269899
948251,0.116877936
948252,0.12407184
948253,0.08925461
948254,0.36500806
948255,0.04995934
948256,0.18631858
948257,0.19904397
948258,0.19847378
948259,0.2076171
948260,0.19018967
948261,0.3299767
948262,0.047522947
948263,0.14249732
948264,0.13909747
948265,0.12641478
948266,0.07328983
948267,0.11165082
948268,0.13863376
948269,0.17461206
948270,0.049376845
948271,0.09685556
948272,0.08891836
948273,0.17547527
948274,0.12161482
948275,0.129479
948276,0.10541071
948277,0.049762692
948278,0.08298529
948279,0.012544028
948280,0.16936177
948281,0.06511634
948282,0.09503142
948283,0.06673017
948284,0.06305184
948285,0.056851488
948286,0.050164174
948287,0.2173237
948288,0.1374675
948289,0.1027141
948290,0.03522939
948291,0.2871056
948292,0.19750981
948293,0.064976044
948294,0.06534464
948295,0.11334658
948296,0.12580547
948297,0.29178226
948298,0.16973618
948299,0.2138485
948300,0.32923478
948301,0.19071878
948302,0.28989854
948303,0.28380543
948304,0.23975918
948305,0.22499268
948306,0.18396978
948307,0.015313097
948308,0.07512689
948309,0.05436288
948310,0.06488899
948311,0.080441125
948312,0.06219502
948313,0.079080954
948314,0.058963694
948315,0.09922621
948316,0.12333201
948317,0.04585848
948318,0.21985541
948319,0.26108953
948320,0.22374062
948321,0.36383578
948322,0.2519294
948323,0.22799356
948324,0.21202213
948325,0.22398947
948326,0.2165166
948327,0.22371617
948328,0.22584698
948329,0.24055594
948330,0.1963066
948331,0.16717887
948332,0.01619212
948333,0.06586749
948334,0.066641845
948335,0.08790926
948336,0.078336634
948337,0.009206017
948338,0.9827848
948339,0.06507595
948340,0.040322155
948341,0.035915494
948342,0.037031796
948343,0.05909388
948344,0.03069198
948345,0.20784761
948346,0.25502512
948347,0.16336803
948348,0.14217335
948349,0.22041121
948350,0.16330485
948351,0.114413455
948352,0.14106278
948353,0.19326347
948354,0.1576214
948355,0.14074343
948356,0.25072363
948357,0.107238814
948358,0.123153694
948359,0.075259656
948360,0.055056307
948361,0.05543855
948362,0.038633123
948363,0.012879027
948364,0.04293309
948365,0.04326307
948366,0.04710993
948367,0.037546486
948368,0.044795927
948369,0.039007295
948370,0.2478858
948371,0.120894104
948372,0.110377386
948373,0.02654151
948374,0.14241765
948375,0.09470902
948376,0.13860628
948377,0.16437769
948378,0.14506228
948379,0.16344202
948380,0.122774646
948381,0.15839617
948382,0.13344215
948383,0.104295924
948384,0.059846614
948385,0.049579296
948386,0.09869706
948387,0.07231258
948388,0.022796145
948389,0.06206486
948390,0.22500406
948391,0.061765917
948392,0.14345439
948393,0.22986321
948394,0.069531485
948395,0.061264586
948396,0.083424605
948397,0.3344488
948398,0.14987212
948399,0.1524279
948400,0.04220555
948401,0.08220479
948402,0.030042438
948403,0.12565653
948404,0.105502225
948405,0.065670386
948406,0.26143038
948407,0.12816545
948408,0.02864991
948409,0.13828082
948410,0.022223132
948411,0.10131101
948412,0.10487343
948413,0.11402416
948414,0.086343564
948415,0.102743104
948416,0.097338825
948417,0.0970681
948418,0.08018765
948419,0.058826778
948420,0.30715337
948421,0.31010756
948422,0.21952684
948423,0.22968572
948424,0.17915359
948425,0.17071383
948426,0.027958436
948427,0.16970305
948428,0.10636355
948429,0.12289448
948430,0.11670322
948431,0.120172754
948432,0.11586677
948433,0.120172754
948434,0.09746929
948435,0.09977378
948436,0.11574661
948437,0.16911417
948438,0.037704445
948439,0.11447531
948440,0.034762897
948441,0.031168811
948442,0.04922025
948443,0.009499576
948444,0.021338137
948445,0.04747144
948446,0.010872093
948447,0.026668575
948448,0.017570272
948449,0.032313336
948450,0.018203834
948451,0.019190393
948452,0.031705324
948453,0.016222654
948454,0.030400451
948455,0.03325054
948456,0.014361924
948457,0.02657421
948458,0.016261838
948459,0.014607673
948460,0.028087797
948461,0.037042312
948462,0.08047108
948463,0.03003714
948464,0.030855985
948465,0.028280897
948466,0.1989839
948467,0.007331591
948468,0.025450857
948469,0.020414952
948470,0.020491391
948471,0.019906215
948472,0.022146087
948473,0.07240924
948474,0.037973996
948475,0.034493346
948476,0.09529578
948477,0.053041257
948478,0.03846681
948479,0.25980657
948480,0.120821975
948481,0.12510593
948482,0.12760058
948483,0.018990906
948484,0.0372016
948485,0.029462297
948486,0.033119243
948487,0.03339833
948488,0.013909185
948489,0.050453953
948490,0.0568016
948491,0.042231645
948492,0.04719597
948493,0.009880817
948494,0.022015342
948495,0.027663985
948496,0.020095821
948497,0.023729581
948498,0.05098958
948499,0.011085639
948500,0.055786323
948501,0.03966077
948502,0.1325991
948503,0.041636318
948504,0.045848265
948505,0.52087754
948506,0.010148412
948507,0.018860217
948508,0.03627027
948509,0.021624884
948510,0.030187411
948511,0.022201411
948512,0.0327086
948513,0.015892306
948514,0.056447964
948515,0.05792925
948516,0.08262369
948517,0.103999116
948518,0.08948234
948519,0.058970105
948520,0.11319777
948521,0.07315423
948522,0.05670493
948523,0.44899914
948524,0.6359786
948525,0.74104935
948526,0.8260328
948527,0.8170693
948528,0.84090835
948529,0.8222374
948530,0.8196994
948531,0.82716763
948532,0.82420933
948533,0.8616005
948534,0.84028727
948535,0.8497881
948536,0.86591214
948537,0.84142107
948538,0.8499496
948539,0.8231209
948540,0.8263905
948541,0.8164018
948542,0.840643
948543,0.81077313
948544,0.766152
948545,0.5689647
948546,0.015448286
948547,0.050094195
948548,0.06566638
948549,0.05422142
948550,0.05542968
948551,0.05845226
948552,0.050416317
948553,0.049660005
948554,0.012712254
948555,0.048716586
948556,0.045098748
948557,0.060265955
948558,0.055601824
948559,0.045377888
948560,0.042824853
948561,0.01021871
948562,0.048717804
948563,0.054713722
948564,0.071045786
948565,0.0508171
948566,0.4643938
948567,0.54970384
948568,0.62909245
948569,0.43327734
948570,0.5955262
948571,0.64105994
948572,0.5845114
948573,0.5837402
948574,0.6289872
948575,0.59783876
948576,0.60635126
948577,0.6002174
948578,0.5214659
948579,0.5785368
948580,0.6093254
948581,0.353595
948582,0.31733492
948583,0.012020748
948584,0.03982943
948585,0.06574966
948586,0.06626763
948587,0.065789185
948588,0.038638864
948589,0.45731083
948590,0.22180063
948591,0.14578053
948592,0.13790327
948593,0.14615099
948594,0.17275235
948595,0.13675404
948596,0.15106985
948597,0.10864513
948598,0.115799695
948599,0.045831136
948600,0.32864752
948601,0.015617214
948602,0.057861146
948603,0.07969723
948604,0.08649612
948605,0.06040943
948606,0.03803518
948607,0.16683218
948608,0.1562845
948609,0.11331578
948610,0.014127521
948611,0.10682394
948612,0.063724555
948613,0.11980234
948614,0.06887767
948615,0.08134174
948616,0.07548355
948617,0.114558354
948618,0.08456703
948619,0.2863704
948620,0.1454728
948621,0.012791031
948622,0.059283502
948623,0.07573838
948624,0.068796605
948625,0.06866849
948626,0.06407611
948627,0.070664
948628,0.038117517
948629,0.15016411
948630,0.1324906
948631,0.10423841
948632,0.030642405
948633,0.0815103
948634,0.1271865
948635,0.035774905
948636,0.15397188
948637,0.13715723
948638,0.11845918
948639,0.090634435
948640,0.19299513
948641,0.09741063
948642,0.08574682
948643,0.09364768
948644,0.10198555
948645,0.026338926
948646,0.09671673
948647,0.094834335
948648,0.089903645
948649,0.13236319
948650,0.13034898
948651,0.10308552
948652,0.113184944
948653,0.07869336
948654,0.092880376
948655,0.027779462
948656,0.061669007
948657,0.10698109
948658,0.07872278
948659,0.10055765
948660,0.057138354
948661,0.1990163
948662,0.4751135
948663,0.45963183
948664,0.49637404
948665,0.5586582
948666,0.61487895
948667,0.44505912
948668,0.53054106
948669,0.5304363
948670,0.46447054
948671,0.48592046
948672,0.1272795
948673,0.014330185
948674,0.12419407
948675,0.12345327
948676,0.10784193
948677,0.09870007
948678,0.02705568
948679,0.096933484
948680,0.18607332
948681,0.13089299
948682,0.46953732
948683,0.5702895
948684,0.69176704
948685,0.8018468
948686,0.8725109
948687,0.8761751
948688,0.8864788
948689,0.8764684
948690,0.85232204
948691,0.8780073
948692,0.8882897
948693,0.8772516
948694,0.8764125
948695,0.8920108
948696,0.86074466
948697,0.8581756
948698,0.86979705
948699,0.8929591
948700,0.84639996
948701,0.80784416
948702,0.7978397
948703,0.85012996
948704,0.8121187
948705,0.83381677
948706,0.81359535
948707,0.84093666
948708,0.82604015
948709,0.8057399
948710,0.8375185
948711,0.86524326
948712,0.8512714
948713,0.5023275
948714,0.3389743
948715,0.3026762
948716,0.26002657
948717,0.20014106
948718,0.08703497
948719,0.11431592
948720,0.083184466
948721,0.0440434
948722,0.5476861
948723,0.5862873
948724,0.58710873
948725,0.6690151
948726,0.63619876
948727,0.55364114
948728,0.6057016
948729,0.6102194
948730,0.59421086
948731,0.5996608
948732,0.38444513
948733,0.38238633
948734,0.19094926
948735,0.10472228
948736,0.047652468
948737,0.3129456
948738,0.3026524
948739,0.29413497
948740,0.2557368
948741,0.23050961
948742,0.019618917
948743,0.06681644
948744,0.06982008
948745,0.062223952
948746,0.07986168
948747,0.055180263
948748,0.06461229
948749,0.06525117
948750,0.04442027
948751,0.3796499
948752,0.35834026
948753,0.26560473
948754,0.018718176
948755,0.07436841
948756,0.06663374
948757,0.061575603
948758,0.06281215
948759,0.07052297
948760,0.06396806
948761,0.053962924
948762,0.11904311
948763,0.08272209
948764,0.06189111
948765,0.068792984
948766,0.06036813
948767,0.020616954
948768,0.079813264
948769,0.07041188
948770,0.06000575
948771,0.07632896
948772,0.09698234
948773,0.06600992
948774,0.06680604
948775,0.02050673
948776,0.07564042
948777,0.068934485
948778,0.06592772
948779,0.070089675
948780,0.06441091
948781,0.06937062
948782,0.059390932
948783,0.32239303
948784,0.23508607
948785,0.22828166
948786,0.29294252
948787,0.3665214
948788,0.30988133
948789,0.34763938
948790,0.38668412
948791,0.3486848
948792,0.3316123
948793,0.3351992
948794,0.31925035
948795,0.020680046
948796,0.07443399
948797,0.06723086
948798,0.06016027
948799,0.0635683
948800,0.06558486
948801,0.064547814
948802,0.054547597
948803,0.01552162
948804,0.07384274
948805,0.08426096
948806,0.07287915
948807,0.08446602
948808,0.06840744
948809,0.06885699
948810,0.0891027
948811,0.07512919
948812,0.019239685
948813,0.06324903
948814,0.06461966
948815,0.07329384
948816,0.07224054
948817,0.06497781
948818,0.073371544
948819,0.08680443
948820,0.06948091
948821,0.013483471
948822,0.070350274
948823,0.08099563
948824,0.067980334
948825,0.064363986
948826,0.0714477
948827,0.06757053
948828,0.0703163
948829,0.032770954
948830,0.05368376
948831,0.06444871
948832,0.055310156
948833,0.054606944
948834,0.06402843
948835,0.06811013
948836,0.012323563
948837,0.061429426
948838,0.0627755
948839,0.060239766
948840,0.058002718
948841,0.0789148
948842,0.06749222
948843,0.020572705
948844,0.06693919
948845,0.08091264
948846,0.06489554
948847,0.06310264
948848,0.06379193
948849,0.0809844
948850,0.06947937
948851,0.020431388
948852,0.061133116
948853,0.077652104
948854,0.08064863
948855,0.065855294
948856,0.08929979
948857,0.07480591
948858,0.056961797
948859,0.110168956
948860,0.13754952
948861,0.13910785
948862,0.1584984
948863,0.19484459
948864,0.1632921
948865,0.14423032
948866,0.15379421
948867,0.2066984
948868,0.020663254
948869,0.093726836
948870,0.067852184
948871,0.07248896
948872,0.08249417
948873,0.08036385
948874,0.08361705
948875,0.08647699
948876,0.06838731
948877,0.023168499
948878,0.08417614
948879,0.087121435
948880,0.049998168
948881,0.13895799
948882,0.13792437
948883,0.11889697
948884,0.15200256
948885,0.12180957
948886,0.11898016
948887,0.20208192
948888,0.14295453
948889,0.1684008
948890,0.11012535
948891,0.12866212
948892,0.034178305
948893,0.09422254
948894,0.0630116
948895,0.0680776
948896,0.06305062
948897,0.05952067
948898,0.069115445
948899,0.070274405
948900,0.2992757
948901,0.11326919
948902,0.14088856
948903,0.08453374
948904,0.29297435
948905,0.2367844
948906,0.1243445
948907,0.1744237
948908,0.10350836
948909,0.1975905
948910,0.13133337
948911,0.15100789
948912,0.117134176
948913,0.11539122
948914,0.23915559
948915,0.13949533
948916,0.11732752
948917,0.1012477
948918,0.10688843
948919,0.11318911
948920,0.098781
948921,0.02872895
948922,0.09589721
948923,0.122905485
948924,0.16012718
948925,0.0934379
948926,0.08903498
948927,0.13883159
948928,0.11812372
948929,0.06681445
948930,0.022236373
948931,0.13038526
948932,0.14271314
948933,0.12188617
948934,0.12322051
948935,0.08577903
948936,0.08227259
948937,0.13187444
948938,0.25132796
948939,0.1155274
948940,0.09644286
948941,0.065940395
948942,0.070326075
948943,0.15355675
948944,0.034179375
948945,0.14182155
948946,0.17596668
948947,0.104700916
948948,0.08651176
948949,0.12193161
948950,0.1249784
948951,0.13169855
948952,0.12479679
948953,0.09479568
948954,0.02177398
948955,0.07804548
948956,0.08591183
948957,0.07094707
948958,0.07657914
948959,0.07819317
948960,0.07021396
948961,0.0973377
948962,0.12099616
948963,0.14213169
948964,0.34367722
948965,0.3063453
948966,0.21418874
948967,0.1557101
948968,0.019400956
948969,0.094584905
948970,0.084698305
948971,0.08455504
948972,0.09287373
948973,0.018327583
948974,0.08193736
948975,0.10932975
948976,0.09415659
948977,0.104597375
948978,0.06568082
948979,0.03090202
948980,0.11002944
948981,0.18623802
948982,0.044151265
948983,0.09317922
948984,0.08783528
948985,0.014678089
948986,0.069867276
948987,0.061039254
948988,0.056655638
948989,0.085264385
948990,0.0662403
948991,0.048867807
948992,0.028591381
948993,0.024985485
948994,0.11002944
948995,0.037056603
948996,0.2686144
948997,0.20083219
948998,0.22093761
948999,0.1184572
949000,0.22027914
949001,0.36993957
949002,0.25435835
949003,0.2909487
949004,0.3584749
949005,0.3413604
949006,0.43368718
949007,0.35717678
949008,0.2860756
949009,0.1692328
949010,0.022822583
949011,0.099683516
949012,0.10366583
949013,0.04339158
949014,0.31147623
949015,0.18975483
949016,0.2363664
949017,0.34542173
949018,0.25846177
949019,0.36502802
949020,0.33455852
949021,0.3498667
949022,0.14386073
949023,0.46602994
949024,0.10036108
949025,0.24551226
949026,0.37401122
949027,0.18476927
949028,0.029291485
949029,0.14576226
949030,0.14051524
949031,0.14791164
949032,0.16671354
949033,0.19070433
949034,0.15835828
949035,0.17222647
949036,0.12554097
949037,0.05302629
949038,0.2971335
949039,0.36457518
949040,0.5511616
949041,0.4537452
949042,0.37551337
949043,0.41635337
949044,0.4946182
949045,0.3212813
949046,0.53687507
949047,0.5630752
949048,0.42110202
949049,0.4937783
949050,0.4216636
949051,0.62193036
949052,0.4589061
949053,0.6211923
949054,0.49699727
949055,0.44538173
949056,0.17706425
949057,0.08617359
949058,0.04888363
949059,0.23038147
949060,0.017441422
949061,0.07248502
949062,0.065071784
949063,0.08269472
949064,0.049935885
949065,0.04781583
949066,0.07140007
949067,0.07260999
949068,0.06722443
949069,0.01791278
949070,0.08349135
949071,0.07208303
949072,0.021573568
949073,0.06414386
949074,0.0699832
949075,0.061874107
949076,0.09344184
949077,0.07612017
949078,0.07282559
949079,0.060342267
949080,0.011977852
949081,0.071121916
949082,0.06468226
949083,0.08451906
949084,0.086340666
949085,0.07311741
949086,0.057925712
949087,0.028153628
949088,0.061645724
949089,0.070227936
949090,0.06374635
949091,0.08043414
949092,0.07442681
949093,0.07755951
949094,0.07077966
949095,0.019940518
949096,0.08294787
949097,0.07514143
949098,0.08392019
949099,0.088741444
949100,0.08647037
949101,0.032931417
949102,0.1172352
949103,0.09302509
949104,0.089092754
949105,0.09613716
949106,0.098806165
949107,0.12221724
949108,0.12812404
949109,0.104630545
949110,0.1362811
949111,0.1346784
949112,0.14716633
949113,0.11149507
949114,0.01993017
949115,0.12765898
949116,0.15146874
949117,0.14995266
949118,0.13013704
949119,0.13013704
949120,0.100898825
949121,0.10975259
949122,0.08865137
949123,0.058817104
949124,0.112865254
949125,0.106857
949126,0.027780151
949127,0.21707715
949128,0.18605798
949129,0.27124208
949130,0.17620108
949131,0.18316029
949132,0.17601311
949133,0.18130527
949134,0.17492631
949135,0.1390772
949136,0.017769942
949137,0.14061245
949138,0.10111401
949139,0.10726976
949140,0.14608902
949141,0.100898825
949142,0.10975259
949143,0.109764755
949144,0.08207531
949145,0.088289194
949146,0.057999503
949147,0.17212197
949148,0.033711933
949149,0.11010258
949150,0.10260795
949151,0.103246704
949152,0.110929765
949153,0.09145031
949154,0.104732536
949155,0.10937254
949156,0.082604036
949157,0.017699262
949158,0.08223676
949159,0.07987227
949160,0.12336477
949161,0.07820144
949162,0.082669854
949163,0.07205067
949164,0.086884536
949165,0.14796121
949166,0.08609038
949167,0.02180478
949168,0.065353744
949169,0.11538848
949170,0.13621333
949171,0.18406607
949172,0.090749376
949173,0.16252276
949174,0.05852682
949175,0.10221271
949176,0.1193369
949177,0.14387941
949178,0.04032521
949179,0.08021745
949180,0.10314453
949181,0.14139618
949182,0.12248239
949183,0.23843996
949184,0.10549546
949185,0.14001432
949186,0.10086643
949187,0.12833628
949188,0.070816055
949189,0.20695582
949190,0.019383252
949191,0.06617436
949192,0.112794764
949193,0.036555998
949194,0.07118307
949195,0.064576596
949196,0.07379933
949197,0.06962079
949198,0.028268902
949199,0.041640677
949200,0.025184965
949201,0.11595198
949202,0.26564696
949203,0.12401572
949204,0.056775596
949205,0.10891603
949206,0.20043427
949207,0.35170504
949208,0.1199814
949209,0.08327099
949210,0.09385799
949211,0.05861311
949212,0.14228287
949213,0.018116182
949214,0.08185653
949215,0.073167406
949216,0.104823135
949217,0.076163806
949218,0.08659587
949219,0.06398583
949220,0.065615155
949221,0.08773322
949222,0.05352344
949223,0.017973354
949224,0.062223177
949225,0.06327782
949226,0.059051663
949227,0.057532996
949228,0.057492737
949229,0.0326927
949230,0.06927336
949231,0.04066872
949232,0.048445486
949233,0.1881207
949234,0.30573016
949235,0.2729605
949236,0.2115696
949237,0.3901562
949238,0.17113349
949239,0.23671766
949240,0.39686468
949241,0.54145205
949242,0.4443207
949243,0.5758058
949244,0.4409954
949245,0.42935717
949246,0.5496744
949247,0.4908796
949248,0.30721992
949249,0.013160506
949250,0.071353465
949251,0.055243112
949252,0.06520429
949253,0.052167997
949254,0.051944155
949255,0.0874553
949256,0.31721526
949257,0.10236908
949258,0.1256273
949259,0.08792614
949260,0.09853667
949261,0.062198035
949262,0.2998874
949263,0.21923535
949264,0.22197168
949265,0.21020527
949266,0.16694331
949267,0.030873625
949268,0.09451881
949269,0.09350198
949270,0.08564059
949271,0.09468533
949272,0.08550382
949273,0.09924916
949274,0.10165285
949275,0.033559993
949276,0.32088357
949277,0.27039132
949278,0.29722562
949279,0.31490746
949280,0.36937818
949281,0.3554261
949282,0.32262105
949283,0.3630201
949284,0.19596471
949285,0.032884117
949286,0.23620671
949287,0.25584438
949288,0.22000487
949289,0.2258256
949290,0.24400298
949291,0.20091999
949292,0.20670035
949293,0.22747152
949294,0.14387503
949295,0.060789123
949296,0.012444864
949297,0.05737233
949298,0.07274794
949299,0.07215568
949300,0.06609351
949301,0.069185406
949302,0.08392658
949303,0.06097081
949304,0.11730322
949305,0.12447949
949306,0.078597166
949307,0.07257675
949308,0.017398752
949309,0.06361944
949310,0.06509086
949311,0.075598836
949312,0.07231336
949313,0.055625126
949314,0.057035588
949315,0.08411668
949316,0.027127374
949317,0.13878636
949318,0.11419626
949319,0.18865968
949320,0.07392068
949321,0.07926644
949322,0.07655618
949323,0.109553225
949324,0.064899445
949325,0.06386799
949326,0.013838149
949327,0.10535591
949328,0.07530661
949329,0.06934023
949330,0.07279926
949331,0.073877946
949332,0.07052069
949333,0.06739055
949334,0.19866599
949335,0.028858356
949336,0.084242545
949337,0.09865499
949338,0.45313063
949339,0.4515242
949340,0.5517847
949341,0.48626336
949342,0.45267925
949343,0.4905171
949344,0.58202255
949345,0.60322523
949346,0.37852544
949347,0.59338075
949348,0.44868657
949349,0.5283288
949350,0.45706126
949351,0.39030886
949352,0.030976504
949353,0.07959885
949354,0.11098052
949355,0.07885286
949356,0.084743895
949357,0.07845379
949358,0.11764381
949359,0.062521175
949360,0.019645069
949361,0.09104186
949362,0.12931624
949363,0.10077843
949364,0.092949
949365,0.15200493
949366,0.09544992
949367,0.08358237
949368,0.11835219
949369,0.065661184
949370,0.2881836
949371,0.24722166
949372,0.12938127
949373,0.09657839
949374,0.10950311
949375,0.08464994
949376,0.014413225
949377,0.08081281
949378,0.08787877
949379,0.0921212
949380,0.08817176
949381,0.08587907
949382,0.08634247
949383,0.07291152
949384,0.016719898
949385,0.07913718
949386,0.076162785
949387,0.07661638
949388,0.072689734
949389,0.074433826
949390,0.073749326
949391,0.076164596
949392,0.054323956
949393,0.027742634
949394,0.0910582
949395,0.08824758
949396,0.09007314
949397,0.11007319
949398,0.087101586
949399,0.11541368
949400,0.06508897
949401,0.017171832
949402,0.07815603
949403,0.07661886
949404,0.09307588
949405,0.07364573
949406,0.07522514
949407,0.111002795
949408,0.090206556
949409,0.06594788
949410,0.019785274
949411,0.08546801
949412,0.093922526
949413,0.093840204
949414,0.07895671
949415,0.082010046
949416,0.07749312
949417,0.06001792
949418,0.06340456
949419,0.016174916
949420,0.10235203
949421,0.07233913
949422,0.07900304
949423,0.08577454
949424,0.10323828
949425,0.06250862
949426,0.31074405
949427,0.16926704
949428,0.055449583
949429,0.019535389
949430,0.08974718
949431,0.09521107
949432,0.09854658
949433,0.08864981
949434,0.09533258
949435,0.088447675
949436,0.06769459
949437,0.050581932
949438,0.1412811
949439,0.4027057
949440,0.4976895
949441,0.5742547
949442,0.58402026
949443,0.5314329
949444,0.5572104
949445,0.524458
949446,0.59144133
949447,0.56777835
949448,0.36756617
949449,0.057382897
949450,0.17506427
949451,0.083441265
949452,0.08089389
949453,0.095069006
949454,0.08311368
949455,0.08117347
949456,0.09482336
949457,0.09476676
949458,0.089533985
949459,0.0606859
949460,0.014329687
949461,0.077013016
949462,0.076107964
949463,0.081724584
949464,0.083124325
949465,0.10101971
949466,0.08373441
949467,0.055689473
949468,0.054537248
949469,0.18866754
949470,0.17101727
949471,0.16065618
949472,0.22567505
949473,0.19716576
949474,0.2564803
949475,0.080378346
949476,0.08105847
949477,0.08601845
949478,0.080065124
949479,0.09412081
949480,0.06957216
949481,0.08788284
949482,0.01574449
949483,0.07813523
949484,0.101925805
949485,0.07650371
949486,0.07421394
949487,0.059973914
949488,0.020364197
949489,0.084996656
949490,0.092264265
949491,0.094939664
949492,0.08534353
949493,0.250266
949494,0.08105099
949495,0.12171684
949496,0.067369126
949497,0.08448986
949498,0.077158175
949499,0.12593888
949500,0.26453125
949501,0.34789833
949502,0.28116974
949503,0.2549705
949504,0.26331854
949505,0.34651148
949506,0.2624325
949507,0.28646424
949508,0.50460905
949509,0.47268158
949510,0.55810046
949511,0.4873266
949512,0.49310282
949513,0.49111733
949514,0.49056467
949515,0.5190721
949516,0.5693588
949517,0.5199276
949518,0.33884922
949519,0.3148399
949520,0.22974667
949521,0.046569247
949522,0.371774
949523,0.040031943
949524,0.95908993
949525,0.25834152
949526,0.26437065
949527,0.24519055
949528,0.03728646
949529,0.41426128
949530,0.40434128
949531,0.39325848
949532,0.38518313
949533,0.3617101
949534,0.38233775
949535,0.32101774
949536,0.25759378
949537,0.1753667
949538,0.06280719
949539,0.42524728
949540,0.35256743
949541,0.08322286
949542,0.067409866
949543,0.06157078
949544,0.22984704
949545,0.013700369
949546,0.045365587
949547,0.067572854
949548,0.060524914
949549,0.04436571
949550,0.053718567
949551,0.046437226
949552,0.066301025
949553,0.077436216
949554,0.03504488
949555,0.011287223
949556,0.052141063
949557,0.056712892
949558,0.049962036
949559,0.050929606
949560,0.056314785
949561,0.04202967
949562,0.009502538
949563,0.033906918
949564,0.043852203
949565,0.0880171
949566,0.0532936
949567,0.08996293
949568,0.053432345
949569,0.0853539
949570,0.12530245
949571,0.06790062
949572,0.019104222
949573,0.0680071
949574,0.05327958
949575,0.012164141
949576,0.04677986
949577,0.042724177
949578,0.05939422
949579,0.03899586
949580,0.04174995
949581,0.04141621
949582,0.03955921
949583,0.0322105
949584,0.013075356
949585,0.043052316
949586,0.046510573
949587,0.043261454
949588,0.05737638
949589,0.04127329
949590,0.046492644
949591,0.04326529
949592,0.072489865
949593,0.0386078
949594,0.242169
949595,0.1545952
949596,0.13820396
949597,0.01759199
949598,0.15027605
949599,0.061067693
949600,0.17622791
949601,0.17533433
949602,0.14805935
949603,0.067448236
949604,0.14728838
949605,0.07219
949606,0.15877616
949607,0.18403468
949608,0.10932783
949609,0.02311306
949610,0.16128868
949611,0.12044056
949612,0.11422634
949613,0.103603624
949614,0.12810792
949615,0.13314286
949616,0.019787772
949617,0.09150375
949618,0.056238167
949619,0.090904295
949620,0.069230504
949621,0.09256292
949622,0.06690296
949623,0.11744248
949624,0.05842813
949625,0.056272697
949626,0.043652926
949627,0.4750081
949628,0.6226126
949629,0.7381238
949630,0.77742136
949631,0.7775824
949632,0.7748833
949633,0.77936155
949634,0.77297306
949635,0.70262873
949636,0.7975011
949637,0.7961583
949638,0.75026995
949639,0.7912991
949640,0.7558494
949641,0.7745558
949642,0.7433957
949643,0.7939322
949644,0.7195307
949645,0.7640265
949646,0.7501006
949647,0.6759776
949648,0.64298
949649,0.7387648
949650,0.5567778
949651,0.12735444
949652,0.024119796
949653,0.060228914
949654,0.044666424
949655,0.04898757
949656,0.051456064
949657,0.048624266
949658,0.050357237
949659,0.052160747
949660,0.4637754
949661,0.57493955
949662,0.59369135
949663,0.7036707
949664,0.66111785
949665,0.579895
949666,0.60953027
949667,0.6013849
949668,0.6437627
949669,0.5941972
949670,0.6018182
949671,0.57744914
949672,0.71742773
949673,0.55674356
949674,0.37911898
949675,0.04457857
949676,0.5022963
949677,0.58310944
949678,0.5859289
949679,0.5690671
949680,0.5990048
949681,0.6114206
949682,0.5614114
949683,0.5314173
949684,0.5788164
949685,0.56658
949686,0.5539586
949687,0.5555501
949688,0.5342629
949689,0.285697
949690,0.37148377
949691,0.04302761
949692,0.26791656
949693,0.25027362
949694,0.1836272
949695,0.026118217
949696,0.22146676
949697,0.21521528
949698,0.22186223
949699,0.19846514
949700,0.1599198
949701,0.2338231
949702,0.14573923
949703,0.05132969
949704,0.06266863
949705,0.05979397
949706,0.046650395
949707,0.04437933
949708,0.24840659
949709,0.16406614
949710,0.12784128
949711,0.10522858
949712,0.010576365
949713,0.04332908
949714,0.038806774
949715,0.042715635
949716,0.043900285
949717,0.04002896
949718,0.04311436
949719,0.040261384
949720,0.03165498
949721,0.032655295
949722,0.1430057
949723,0.12107787
949724,0.13526155
949725,0.14205599
949726,0.13160266
949727,0.014399501
949728,0.051169485
949729,0.045001697
949730,0.06958884
949731,0.0556599
949732,0.0661959
949733,0.056368507
949734,0.046656787
949735,0.07733087
949736,0.044826645
949737,0.012936665
949738,0.05230591
949739,0.050630286
949740,0.047908008
949741,0.04927838
949742,0.044681065
949743,0.06448856
949744,0.05026682
949745,0.04729769
949746,0.036404707
949747,0.21158011
949748,0.017140498
949749,0.050036307
949750,0.057958152
949751,0.047201805
949752,0.04448649
949753,0.0463686
949754,0.048948154
949755,0.055526353
949756,0.04529216
949757,0.0667903
949758,0.29258016
949759,0.19913058
949760,0.26943606
949761,0.21847111
949762,0.2663745
949763,0.27188796
949764,0.17739527
949765,0.13094597
949766,0.10997747
949767,0.10477042
949768,0.59616333
949769,0.5878982
949770,0.6086894
949771,0.6542172
949772,0.6520546
949773,0.7175827
949774,0.69498473
949775,0.71872175
949776,0.6129147
949777,0.6371521
949778,0.6708795
949779,0.66076463
949780,0.71212775
949781,0.6787582
949782,0.6674617
949783,0.66909385
949784,0.6931249
949785,0.6131076
949786,0.712034
949787,0.64215344
949788,0.59581035
949789,0.37155813
949790,0.021035166
949791,0.09596138
949792,0.06935918
949793,0.07833123
949794,0.079253286
949795,0.065625474
949796,0.09848314
949797,0.43667
949798,0.56719726
949799,0.5916075
949800,0.433568
949801,0.5520926
949802,0.5586208
949803,0.56395715
949804,0.561991
949805,0.58260864
949806,0.5616904
949807,0.55278426
949808,0.60663354
949809,0.4849338
949810,0.42377657
949811,0.017631922
949812,0.1235705
949813,0.07288672
949814,0.068716615
949815,0.07549929
949816,0.08629319
949817,0.09395334
949818,0.09343409
949819,0.06271185
949820,0.21419479
949821,0.20126924
949822,0.1509958
949823,0.1310488
949824,0.025830917
949825,0.063835785
949826,0.07402259
949827,0.049193468
949828,0.059522178
949829,0.06600981
949830,0.058493994
949831,0.049142618
949832,0.029503368
949833,0.20530675
949834,0.15312602
949835,0.18823558
949836,0.15980014
949837,0.1549779
949838,0.11588624
949839,0.065092996
949840,0.076088704
949841,0.052693047
949842,0.08286633
949843,0.038370635
949844,0.07996663
949845,0.0560683
949846,0.04541442
949847,0.033253454
949848,0.010263287
949849,0.062165968
949850,0.049932696
949851,0.06553053
949852,0.048728067
949853,0.05608747
949854,0.051450778
949855,0.13470311
949856,0.118608445
949857,0.03512355
949858,0.04538104
949859,0.043905027
949860,0.032385398
949861,0.039079208
949862,0.029696928
949863,0.009180156
949864,0.08201877
949865,0.026736457
949866,0.021486666
949867,0.028020497
949868,0.039043855
949869,0.02910788
949870,0.03697747
949871,0.037280943
949872,0.025807418
949873,0.054439474
949874,0.015554823
949875,0.06587065
949876,0.055692207
949877,0.066029824
949878,0.9704968
949879,0.09703506
949880,0.34462148
949881,0.12673846
949882,0.11768953
949883,0.24393323
949884,0.07412571
949885,0.062871575
949886,0.03899852
949887,0.030575955
949888,0.07863345
949889,0.041472837
949890,0.03813491
949891,0.05145595
949892,0.03355905
949893,0.036827732
949894,0.034554698
949895,0.051272057
949896,0.03590944
949897,0.031154975
949898,0.010538439
949899,0.057744365
949900,0.062458187
949901,0.05326748
949902,0.028092569
949903,0.041808654
949904,0.02996107
949905,0.05670162
949906,0.16789125
949907,0.068506464
949908,0.08117517
949909,0.08933313
949910,0.09313701
949911,0.027426824
949912,0.039312456
949913,0.03793314
949914,0.027812473
949915,0.034896605
949916,0.040379543
949917,0.020183278
949918,0.027943302
949919,0.10716997
949920,0.053855952
949921,0.09514496
949922,0.23148835
949923,0.12361353
949924,0.15179977
949925,0.05785356
949926,0.040255275
949927,0.11987782
949928,0.13061413
949929,0.17199399
949930,0.020869002
949931,0.08150262
949932,0.08864575
949933,0.07763736
949934,0.18553597
949935,0.08764433
949936,0.06843057
949937,0.011226402
949938,0.0342645
949939,0.042288877
949940,0.029855857
949941,0.031707935
949942,0.032524444
949943,0.029338157
949944,0.0370447
949945,0.029110877
949946,0.029237913
949947,0.08221593
949948,0.0904885
949949,0.11543673
949950,0.08167674
949951,0.093345426
949952,0.02636241
949953,0.16291684
949954,0.16904144
949955,0.33390248
949956,0.31223822
949957,0.35230216
949958,0.29529914
949959,0.16381113
949960,0.4479755
949961,0.31219402
949962,0.19536133
949963,0.37389314
949964,0.18570608
949965,0.45988673
949966,0.19971251
949967,0.016080467
949968,0.08565131
949969,0.02805444
949970,0.0394628
949971,0.0548554
949972,0.036565974
949973,0.044146687
949974,0.046595726
949975,0.02512622
949976,0.1653742
949977,0.14437781
949978,0.14476937
949979,0.18311547
949980,0.1315654
949981,0.19000952
949982,0.18948275
949983,0.17352712
949984,0.13650833
949985,0.034386124
949986,0.094097696
949987,0.037287027
949988,0.13316646
949989,0.14618559
949990,0.19113909
949991,0.16065797
949992,0.20689897
949993,0.12590942
949994,0.09420057
949995,0.47142008
949996,0.67179656
949997,0.28259072
949998,0.054959796
949999,0.3416474
950000,0.42693502
950001,0.3565901
950002,0.5197423
950003,0.41289103
950004,0.41774184
950005,0.43244535
950006,0.26858318
950007,0.29403433
950008,0.35327882
950009,0.14463966
950010,0.08260148
950011,0.24928658
950012,0.25045583
950013,0.21569611
950014,0.27653858
950015,0.12033046
950016,0.13777511
950017,0.13451986
950018,0.27916065
950019,0.11025284
950020,0.063776806
950021,0.2691194
950022,0.5672849
950023,0.35769075
950024,0.44581696
950025,0.4713063
950026,0.4959735
950027,0.52568334
950028,0.53191376
950029,0.4141374
950030,0.19591768
950031,0.09263282
950032,0.093379974
950033,0.03542935
950034,0.13588463
950035,0.09522645
950036,0.087359056
950037,0.5484992
950038,0.63064206
950039,0.60358775
950040,0.6222642
950041,0.51994944
950042,0.62797445
950043,0.6263017
950044,0.47094348
950045,0.7278893
950046,0.6211386
950047,0.6438103
950048,0.60343707
950049,0.6897856
950050,0.64441013
950051,0.6626803
950052,0.37556496
950053,0.097292505
950054,0.2556752
950055,0.13816245
950056,0.13114254
950057,0.119826905
950058,0.12596388
950059,0.13448954
950060,0.08560139
950061,0.05219255
950062,0.3825456
950063,0.09462139
950064,0.061966658
950065,0.11429812
950066,0.104162775
950067,0.09743165
950068,0.10253847
950069,0.1083066
950070,0.15147133
950071,0.07796804
950072,0.13732328
950073,0.0590695
950074,0.09625361
950075,0.09059033
950076,0.08127328
950077,0.052589905
950078,0.053920962
950079,0.24976431
950080,0.0132209305
950081,0.039301686
950082,0.033725876
950083,0.037101004
950084,0.04684581
950085,0.045389745
950086,0.039523326
950087,0.06070142
950088,0.10748047
950089,0.10163149
950090,0.07826667
950091,0.01867949
950092,0.01552152
950093,0.014270573
950094,0.012425657
950095,0.0123703545
950096,0.018823264
950097,0.017429056
950098,0.027965013
950099,0.01704558
950100,0.021699494
950101,0.105856
950102,0.008621875
950103,0.016709238
950104,0.01739669
950105,0.015937636
950106,0.029778969
950107,0.01712106
950108,0.026691156
950109,0.039083377
950110,0.27598867
950111,0.05270108
950112,0.013955539
950113,0.029303767
950114,0.022882855
950115,0.028652504
950116,0.033852365
950117,0.21592215
950118,0.26055667
950119,0.2260186
950120,0.2806776
950121,0.2847124
950122,0.23469627
950123,0.23725578
950124,0.2428473
950125,0.018695287
950126,0.027452227
950127,0.024645964
950128,0.012335729
950129,0.024771813
950130,0.05897859
950131,0.016103456
950132,0.019550117
950133,0.011115558
950134,0.011117854
950135,0.011562988
950136,0.023097726
950137,0.028301556
950138,0.2952598
950139,0.12615827
950140,0.122254685
950141,0.10702875
950142,0.11259245
950143,0.1268377
950144,0.21277581
950145,0.0068283672
950146,0.024950491
950147,0.01707244
950148,0.015304263
950149,0.018593876
950150,0.018234547
950151,0.015816625
950152,0.008199062
950153,0.019889394
950154,0.028738141
950155,0.025747398
950156,0.027246976
950157,0.008592478
950158,0.025201041
950159,0.023690613
950160,0.014404259
950161,0.020024948
950162,0.020354448
950163,0.015727652
950164,0.25375918
950165,0.008381107
950166,0.051907677
950167,0.01928425
950168,0.012854445
950169,0.028695408
950170,0.018588152
950171,0.023372926
950172,0.024353366
950173,0.3979134
950174,0.3939277
950175,0.27685636
950176,0.35992065
950177,0.2763925
950178,0.3165598
950179,0.31136444
950180,0.32227594
950181,0.26988617
950182,0.008499389
950183,0.027494261
950184,0.020436753
950185,0.017906725
950186,0.02138606
950187,0.012982039
950188,0.022238467
950189,0.03629949
950190,0.12545788
950191,0.54891723
950192,0.6868349
950193,0.7282647
950194,0.75896114
950195,0.754349
950196,0.7630123
950197,0.5119459
950198,0.78992456
950199,0.77328295
950200,0.7163917
950201,0.62575674
950202,0.6689491
950203,0.6139147
950204,0.6892814
950205,0.5789978
950206,0.6253281
950207,0.6060594
950208,0.46436244
950209,0.1344024
950210,0.112291835
950211,0.06241425
950212,0.037304636
950213,0.31634548
950214,0.35945868
950215,0.39104247
950216,0.3435044
950217,0.45368832
950218,0.34424677
950219,0.39975113
950220,0.41092363
950221,0.39948225
950222,0.4472301
950223,0.27214357
950224,0.019246455
950225,0.09048359
950226,0.055241276
950227,0.0746331
950228,0.10673236
950229,0.07946781
950230,0.0940569
950231,0.08465174
950232,0.08390981
950233,0.05323005
950234,0.1793754
950235,0.1405293
950236,0.13396817
950237,0.1323944
950238,0.17141092
950239,0.08050228
950240,0.025729433
950241,0.06673152
950242,0.058003902
950243,0.057010587
950244,0.06836886
950245,0.23054028
950246,0.16834633
950247,0.11496828
950248,0.11087017
950249,0.14086193
950250,0.11758648
950251,0.05836865
950252,0.57976145
950253,0.56676686
950254,0.4025416
950255,0.4213627
950256,0.3745293
950257,0.32810417
950258,0.33276692
950259,0.37321857
950260,0.44447798
950261,0.03806438
950262,0.1420938
950263,0.1356094
950264,0.17075287
950265,0.13793077
950266,0.15408479
950267,0.15500447
950268,0.14902589
950269,0.2394014
950270,0.14647046
950271,0.14373036
950272,0.07018289
950273,0.43944865
950274,0.047465917
950275,0.16645515
950276,0.21729821
950277,0.22564143
950278,0.18133637
950279,0.16324197
950280,0.20136993
950281,0.1676995
950282,0.17711708
950283,0.118823804
950284,0.15597443
950285,0.14029455
950286,0.14092962
950287,0.09117422
950288,0.05693683
950289,0.36361468
950290,0.42471132
950291,0.30652413
950292,0.5212156
950293,0.53601205
950294,0.39685628
950295,0.3768625
950296,0.30919328
950297,0.23107424
950298,0.24360709
950299,0.20571539
950300,0.18458052
950301,0.24645035
950302,0.17647283
950303,0.19865182
950304,0.0844714
950305,0.16111831
950306,0.048537914
950307,0.27834472
950308,0.3397459
950309,0.3228901
950310,0.35920328
950311,0.25130984
950312,0.17478003
950313,0.20904608
950314,0.2716016
950315,0.37961408
950316,0.440154
950317,0.48227054
950318,0.4893347
950319,0.442157
950320,0.28180528
950321,0.4753201
950322,0.29321098
950323,0.3670196
950324,0.5695612
950325,0.45224512
950326,0.37821823
950327,0.6920378
950328,0.6029564
950329,0.6770421
950330,0.43639317
950331,0.4266311
950332,0.50388247
950333,0.73423207
950334,0.73175555
950335,0.7670384
950336,0.5866719
950337,0.73095477
950338,0.71671665
950339,0.69672394
950340,0.6754781
950341,0.6562856
950342,0.68106955
950343,0.6859192
950344,0.44380638
950345,0.032669466
950346,0.1329643
950347,0.12929995
950348,0.10571254
950349,0.10719505
950350,0.10614886
950351,0.12758678
950352,0.17298378
950353,0.09068544
950354,0.117541514
950355,0.22668673
950356,0.2218118
950357,0.2361984
950358,0.18551198
950359,0.029291596
950360,0.09824207
950361,0.111938514
950362,0.10370494
950363,0.091302335
950364,0.10181041
950365,0.09815257
950366,0.09130206
950367,0.19359274
950368,0.49710822
950369,0.6064923
950370,0.7539562
950371,0.80709183
950372,0.83566004
950373,0.8200788
950374,0.85698825
950375,0.8765141
950376,0.8791741
950377,0.8753662
950378,0.88944197
950379,0.89505714
950380,0.8902508
950381,0.8773401
950382,0.88970846
950383,0.89795333
950384,0.8807904
950385,0.8907915
950386,0.8969515
950387,0.889372
950388,0.8634823
950389,0.8973088
950390,0.9098427
950391,0.91161835
950392,0.90787184
950393,0.9030401
950394,0.9114879
950395,0.9013972
950396,0.89909244
950397,0.912091
950398,0.91436845
950399,0.9016685
950400,0.90040344
950401,0.8938676
950402,0.8993069
950403,0.8891366
950404,0.88716453
950405,0.8959186
950406,0.89221776
950407,0.88366157
950408,0.8986433
950409,0.8959213
950410,0.90166813
950411,0.8822361
950412,0.8808392
950413,0.88551
950414,0.8951596
950415,0.8908395
950416,0.86939085
950417,0.88336647
950418,0.87718916
950419,0.85511005
950420,0.8546324
950421,0.8877643
950422,0.88774586
950423,0.87790006
950424,0.8743509
950425,0.8686324
950426,0.8864298
950427,0.67753553
950428,0.07034313
950429,0.12245574
950430,0.023480969
950431,0.06224745
950432,0.057383876
950433,0.05171469
950434,0.07748335
950435,0.05165342
950436,0.055780753
950437,0.06544675
950438,0.040908914
950439,0.25489447
950440,0.1581554
950441,0.017123163
950442,0.06877474
950443,0.088262886
950444,0.076467685
950445,0.058008082
950446,0.095816255
950447,0.16705996
950448,0.06749703
950449,0.073725685
950450,0.070429415
950451,0.063795574
950452,0.0834868
950453,0.066393465
950454,0.06856465
950455,0.17602126
950456,0.074125744
950457,0.44445235
950458,0.41818938
950459,0.54300445
950460,0.5259618
950461,0.5173107
950462,0.5967936
950463,0.5947662
950464,0.5436345
950465,0.59849286
950466,0.578261
950467,0.665574
950468,0.5974907
950469,0.6426675
950470,0.5814378
950471,0.63857657
950472,0.6068393
950473,0.6330832
950474,0.55486673
950475,0.5958608
950476,0.5674579
950477,0.2609149
950478,0.17548433
950479,0.105356894
950480,0.028264238
950481,0.19189322
950482,0.11882784
950483,0.084725276
950484,0.14267586
950485,0.12778133
950486,0.12908441
950487,0.19120894
950488,0.19728574
950489,0.06372019
950490,0.040226214
950491,0.050681476
950492,0.12757573
950493,0.08899592
950494,0.029959667
950495,0.029693184
950496,0.03337036
950497,0.043831825
950498,0.0074878493
950499,0.04988594
950500,0.04641291
950501,0.05603786
950502,0.043446213
950503,0.038515832
950504,0.06165187
950505,0.03334505
950506,0.07950597
950507,0.09024971
950508,0.024605563
950509,0.041956898
950510,0.033545174
950511,0.036167026
950512,0.06754559
950513,0.23409717
950514,0.17825167
950515,0.22701392
950516,0.26971674
950517,0.3082823
950518,0.2510512
950519,0.2756693
950520,0.24595939
950521,0.20713133
950522,0.025362445
950523,0.27829266
950524,0.2610875
950525,0.26038444
950526,0.2521855
950527,0.25438377
950528,0.23378661
950529,0.19775504
950530,0.08902991
950531,0.099958226
950532,0.08005662
950533,0.084504895
950534,0.5054853
950535,0.53771865
950536,0.52743435
950537,0.64125293
950538,0.31890386
950539,0.5824881
950540,0.6154992
950541,0.32119027
950542,0.61371994
950543,0.6521336
950544,0.48249567
950545,0.0143197775
950546,0.07144517
950547,0.062615395
950548,0.07826884
950549,0.10654217
950550,0.06226662
950551,0.043936234
950552,0.047925185
950553,0.4062213
950554,0.38892907
950555,0.43234643
950556,0.31542164
950557,0.6213048
950558,0.59996176
950559,0.36543033
950560,0.69315827
950561,0.23778997
950562,0.025294788
950563,0.09762509
950564,0.07394442
950565,0.066919796
950566,0.105282284
950567,0.06921673
950568,0.07229089
950569,0.06910184
950570,0.06757306
950571,0.7836449
950572,0.56272626
950573,0.54545456
950574,0.57017297
950575,0.5196445
950576,0.73097575
950577,0.5513151
950578,0.5710236
950579,0.52181894
950580,0.530166
950581,0.5134598
950582,0.49163172
950583,0.018774467
950584,0.16134173
950585,0.1822717
950586,0.13911058
950587,0.1527854
950588,0.17904256
950589,0.091106206
950590,0.13733281
950591,0.111858964
950592,0.082499005
950593,0.041970156
950594,0.41167304
950595,0.40413082
950596,0.40245232
950597,0.35201418
950598,0.05491634
950599,0.27886242
950600,0.16116646
950601,0.14982888
950602,0.143178
950603,0.14653568
950604,0.18057747
950605,0.10380462
950606,0.06578028
950607,0.07667972
950608,0.048183765
950609,0.0525786
950610,0.041883007
950611,0.21044591
950612,0.026456648
950613,0.06578028
950614,0.07667972
950615,0.048183765
950616,0.0525786
950617,0.041883007
950618,0.13430671
950619,0.023383154
950620,0.06335067
950621,0.059149135
950622,0.0150836045
950623,0.071316965
950624,0.05998444
950625,0.070450395
950626,0.21158056
950627,0.09502267
950628,0.073907204
950629,0.06634227
950630,0.46913674
950631,0.5454449
950632,0.6282211
950633,0.67712075
950634,0.6234846
950635,0.58456385
950636,0.64141935
950637,0.43158332
950638,0.52235985
950639,0.6299497
950640,0.6006443
950641,0.6124568
950642,0.58011883
950643,0.5446105
950644,0.5616202
950645,0.6159471
950646,0.5899782
950647,0.48158523
950648,0.40982926
950649,0.07668569
950650,0.46472213
950651,0.5617486
950652,0.60568076
950653,0.66002345
950654,0.67261827
950655,0.6158809
950656,0.6798672
950657,0.58308446
950658,0.70689625
950659,0.60183823
950660,0.33529308
950661,0.6014779
950662,0.7067506
950663,0.5222913
950664,0.69955945
950665,0.66173726
950666,0.5066496
950667,0.09557411
950668,0.19066338
950669,0.18186752
950670,0.19362122
950671,0.17164555
950672,0.15628459
950673,0.18980841
950674,0.0229592
950675,0.15355392
950676,0.15169671
950677,0.15848728
950678,0.1616624
950679,0.1545786
950680,0.1651794
950681,0.13416085
950682,0.046568677
950683,0.20502377
950684,0.16891842
950685,0.19136015
950686,0.05167372
950687,0.013509246
950688,0.020586565
950689,0.020212295
950690,0.013366713
950691,0.009710989
950692,0.010808523
950693,0.0326282
950694,0.022154834
950695,0.008663941
950696,0.016956234
950697,0.017778343
950698,0.019007782
950699,0.017375672
950700,0.018352304
950701,0.015645955
950702,0.017344242
950703,0.024185723
950704,0.024674328
950705,0.022623073
950706,0.012764492
950707,0.026319005
950708,0.00709948
950709,0.04051669
950710,0.022391262
950711,0.023667771
950712,0.059434474
950713,0.0920927
950714,0.07804694
950715,0.09173535
950716,0.058494072
950717,0.0142951235
950718,0.09473504
950719,0.10696034
950720,0.08460593
950721,0.05028022
950722,0.048826475
950723,0.040271774
950724,0.26413086
950725,0.33085078
950726,0.3772739
950727,0.37204108
950728,0.39743125
950729,0.47087753
950730,0.43070975
950731,0.38432407
950732,0.3376298
950733,0.3897616
950734,0.3309531
950735,0.40733325
950736,0.26137093
950737,0.12732847
950738,0.058279283
950739,0.052215386
950740,0.039898187
950741,0.034313004
950742,0.048753187
950743,0.046778306
950744,0.02405564
950745,0.11777912
950746,0.19016285
950747,0.096863486
950748,0.09982397
950749,0.10447174
950750,0.09114937
950751,0.082667954
950752,0.10510597
950753,0.067395866
950754,0.050618906
950755,0.22879384
950756,0.2528245
950757,0.3012105
950758,0.30528244
950759,0.29507998
950760,0.30519712
950761,0.30519712
950762,0.30310974
950763,0.30259922
950764,0.20461565
950765,0.025345113
950766,0.26090744
950767,0.24314794
950768,0.3016
950769,0.15399843
950770,0.25128132
950771,0.2182732
950772,0.207558
950773,0.27727562
950774,0.24833967
950775,0.11331578
950776,0.26516968
950777,0.17260253
950778,0.16408889
950779,0.1722559
950780,0.030042531
950781,0.095859945
950782,0.072585635
950783,0.08871494
950784,0.11806387
950785,0.027429083
950786,0.2992435
950787,0.27182972
950788,0.2868014
950789,0.31206656
950790,0.3492762
950791,0.32015875
950792,0.38383824
950793,0.34039858
950794,0.39397842
950795,0.29341507
950796,0.2155805
950797,0.045961093
950798,0.12078158
950799,0.120236196
950800,0.06741973
950801,0.07155473
950802,0.059614927
950803,0.07926732
950804,0.058971524
950805,0.02504147
950806,0.1928362
950807,0.14367604
950808,0.14078705
950809,0.12176428
950810,0.15342136
950811,0.19090211
950812,0.02338452
950813,0.13721737
950814,0.12674652
950815,0.10384872
950816,0.119537175
950817,0.1288576
950818,0.1278105
950819,0.11135023
950820,0.055980846
950821,0.10145688
950822,0.10683868
950823,0.1036158
950824,0.035270367
950825,0.3004929
950826,0.29271746
950827,0.31276757
950828,0.34276873
950829,0.28154278
950830,0.40749544
950831,0.47002798
950832,0.26217166
950833,0.40770248
950834,0.31565747
950835,0.3819613
950836,0.2679056
950837,0.022564946
950838,0.15168518
950839,0.13106532
950840,0.13828517
950841,0.14088538
950842,0.13047646
950843,0.14476861
950844,0.103915
950845,0.06352255
950846,0.20872504
950847,0.2848608
950848,0.14608715
950849,0.40977675
950850,0.41340998
950851,0.2850999
950852,0.40291312
950853,0.40036184
950854,0.2673276
950855,0.35239536
950856,0.19713801
950857,0.02311463
950858,0.14285809
950859,0.16686457
950860,0.15680847
950861,0.14393432
950862,0.14603777
950863,0.15258157
950864,0.1358219
950865,0.117686264
950866,0.028037073
950867,0.106169246
950868,0.12694949
950869,0.16064523
950870,0.10910226
950871,0.1053598
950872,0.11041046
950873,0.11630615
950874,0.14163743
950875,0.18775508
950876,0.07581465
950877,0.017569846
950878,0.09063079
950879,0.11660868
950880,0.10141598
950881,0.14355959
950882,0.09449339
950883,0.13125204
950884,0.022385152
950885,0.10185115
950886,0.10439509
950887,0.03089207
950888,0.089292444
950889,0.09721179
950890,0.08544832
950891,0.10607596
950892,0.025219833
950893,0.07982025
950894,0.08547927
950895,0.08610304
950896,0.11564052
950897,0.08115938
950898,0.08015477
950899,0.07498489
950900,0.091111414
950901,0.09806513
950902,0.055692308
950903,0.053888965
950904,0.05652607
950905,0.023089323
950906,0.08586731
950907,0.072215796
950908,0.08684144
950909,0.075385906
950910,0.07975999
950911,0.0925929
950912,0.05681766
950913,0.010344596
950914,0.050427552
950915,0.031216847
950916,0.041900143
950917,0.03369322
950918,0.038119555
950919,0.030165296
950920,0.36293057
950921,0.01631383
950922,0.08034928
950923,0.06292131
950924,0.0812219
950925,0.07620154
950926,0.075528435
950927,0.057047974
950928,0.01618527
950929,0.038499717
950930,0.046314653
950931,0.035932004
950932,0.046089865
950933,0.040091313
950934,0.039876003
950935,0.032680776
950936,0.027312255
950937,0.10482491
950938,0.099069625
950939,0.008364527
950940,0.031258326
950941,0.033896253
950942,0.035419535
950943,0.036375947
950944,0.03656924
950945,0.03500107
950946,0.037274867
950947,0.24105616
950948,0.14555079
950949,0.12325141
950950,0.13619117
950951,0.16032858
950952,0.08725823
950953,0.011227714
950954,0.03777226
950955,0.0452285
950956,0.028905092
950957,0.029713288
950958,0.030942332
950959,0.03577289
950960,0.045051027
950961,0.08723402
950962,0.13602176
950963,0.14335985
950964,0.123806305
950965,0.023567583
950966,0.0955711
950967,0.0971099
950968,0.11175194
950969,0.12429446
950970,0.07596143
950971,0.10097578
950972,0.08704884
950973,0.13859607
950974,0.19006746
950975,0.3381474
950976,0.24219467
950977,0.27253994
950978,0.26369804
950979,0.2948634
950980,0.19929084
950981,0.025667947
950982,0.24717201
950983,0.2495922
950984,0.25142366
950985,0.16973297
950986,0.10737204
950987,0.116072066
950988,0.30611613
950989,0.26044327
950990,0.22617401
950991,0.27049607
950992,0.08656369
950993,0.42043886
950994,0.4535115
950995,0.58350843
950996,0.66278493
950997,0.61311245
950998,0.6833847
950999,0.6845186
951000,0.6842839
951001,0.6168296
951002,0.71085244
951003,0.7196529
951004,0.68453956
951005,0.704012
951006,0.5685779
951007,0.7077356
951008,0.57465917
951009,0.7167693
951010,0.6789633
951011,0.7104686
951012,0.4779992
951013,0.21036443
951014,0.054425437
951015,0.17266114
951016,0.34799734
951017,0.09820984
951018,0.2617844
951019,0.057978727
951020,0.07619839
951021,0.06452794
951022,0.051695585
951023,0.053658705
951024,0.051569317
951025,0.052551333
951026,0.043860372
951027,0.37473392
951028,0.43900117
951029,0.6161251
951030,0.5575056
951031,0.604597
951032,0.6472211
951033,0.59220153
951034,0.6636716
951035,0.6706774
951036,0.6315214
951037,0.64120954
951038,0.6239164
951039,0.6326718
951040,0.7284851
951041,0.7315259
951042,0.73972076
951043,0.5733641
951044,0.11708073
951045,0.31510177
951046,0.31081367
951047,0.39730224
951048,0.34804523
951049,0.36967698
951050,0.46792707
951051,0.13301297
951052,0.15370981
951053,0.27453643
951054,0.38936645
951055,0.35126215
951056,0.36844498
951057,0.20224968
951058,0.053574912
951059,0.009365937
951060,0.01347029
951061,0.021492288
951062,0.02717128
951063,0.02168749
951064,0.013359213
951065,0.012591191
951066,0.006610998
951067,0.027025247
951068,0.0352241
951069,0.03505971
951070,0.02178
951071,0.01974855
951072,0.019911822
951073,0.057899542
951074,0.024069212
951075,0.26547322
951076,0.16170241
951077,0.16977908
951078,0.016126545
951079,0.07485306
951080,0.098750435
951081,0.13864417
951082,0.049542073
951083,0.043112803
951084,0.04611937
951085,0.047762845
951086,0.03856094
951087,0.03311749
951088,0.1303774
951089,0.14070222
951090,0.16374011
951091,0.13978699
951092,0.14182983
951093,0.1535018
951094,0.021665525
951095,0.066530965
951096,0.1725466
951097,0.07015984
951098,0.028681263
951099,0.033880282
951100,0.030679487
951101,0.013345469
951102,0.0465624
951103,0.03839515
951104,0.05055179
951105,0.057114508
951106,0.045036763
951107,0.036071092
951108,0.019984486
951109,0.030059686
951110,0.033920895
951111,0.0331823
951112,0.022529831
951113,0.21717045
951114,0.17499183
951115,0.14719427
951116,0.18986058
951117,0.13084762
951118,0.015347036
951119,0.10745542
951120,0.01608141
951121,0.14654545
951122,0.14199711
951123,0.13971002
951124,0.13332589
951125,0.09519609
951126,0.32120016
951127,0.19641827
951128,0.1565093
951129,0.15823224
951130,0.014966264
951131,0.1393257
951132,0.13722508
951133,0.15023495
951134,0.15023495
951135,0.13619669
951136,0.24081856
951137,0.017125394
951138,0.113899454
951139,0.117281094
951140,0.120555855
951141,0.11848387
951142,0.11502652
951143,0.09017823
951144,0.29776844
951145,0.2773358
951146,0.33792865
951147,0.21221165
951148,0.32282478
951149,0.36407158
951150,0.15986896
951151,0.3481439
951152,0.17537497
951153,0.2600591
951154,0.20586511
951155,0.29436687
951156,0.15274182
951157,0.1633202
951158,0.090443924
951159,0.11965582
951160,0.11587771
951161,0.10900322
951162,0.016787654
951163,0.120275855
951164,0.11369068
951165,0.12048316
951166,0.13647602
951167,0.118389174
951168,0.09875549
951169,0.05246102
951170,0.14848298
951171,0.13574763
951172,0.03311971
951173,0.25436172
951174,0.22524253
951175,0.3351183
951176,0.22591162
951177,0.30583394
951178,0.3827943
951179,0.16533913
951180,0.30438384
951181,0.17248487
951182,0.27625617
951183,0.22377574
951184,0.029277781
951185,0.5166231
951186,0.47171438
951187,0.57906675
951188,0.5574871
951189,0.49288356
951190,0.5079945
951191,0.48150894
951192,0.5360707
951193,0.4661942
951194,0.49359316
951195,0.31963515
951196,0.15046535
951197,0.09881768
951198,0.3754704
951199,0.52745384
951200,0.61522686
951201,0.545596
951202,0.5992011
951203,0.6236752
951204,0.640059
951205,0.6674288
951206,0.7050833
951207,0.70669365
951208,0.6611076
951209,0.71327525
951210,0.7382788
951211,0.6454185
951212,0.6069187
951213,0.7038822
951214,0.716815
951215,0.5482368
951216,0.6840595
951217,0.68823427
951218,0.5970076
951219,0.64002126
951220,0.42683876
951221,0.041039195
951222,0.13532744
951223,0.16011436
951224,0.16053918
951225,0.17085677
951226,0.23430015
951227,0.14108624
951228,0.13198574
951229,0.13666682
951230,0.12475595
951231,0.25246072
951232,0.25469527
951233,0.1423357
951234,0.13956769
951235,0.08114849
951236,0.122112624
951237,0.039669264
951238,0.040303964
951239,0.041877802
951240,0.074820064
951241,0.023429953
951242,0.087722704
951243,0.080873325
951244,0.08731599
951245,0.07984265
951246,0.06396808
951247,0.059850134
951248,0.19345258
951249,0.011057639
951250,0.03856935
951251,0.04283759
951252,0.046357088
951253,0.046282616
951254,0.04211766
951255,0.0461156
951256,0.28199944
951257,0.1800062
951258,0.20669958
951259,0.14490262
951260,0.20833896
951261,0.021737581
951262,0.1349845
951263,0.07800919
951264,0.11109739
951265,0.08361599
951266,0.050105374
951267,0.009392706
951268,0.03663458
951269,0.03778723
951270,0.035770968
951271,0.035932362
951272,0.0341286
951273,0.12949027
951274,0.11546167
951275,0.041609336
951276,0.15550937
951277,0.0105583025
951278,0.0651098
951279,0.06418133
951280,0.035499945
951281,0.050050523
951282,0.032889772
951283,0.031925526
951284,0.06885327
951285,0.07574517
951286,0.047873244
951287,0.26311272
951288,0.01403927
951289,0.12360575
951290,0.062061723
951291,0.072041675
951292,0.06679452
951293,0.076847725
951294,0.07372077
951295,0.08312599
951296,0.05294397
951297,0.025623336
951298,0.039773837
951299,0.053180285
951300,0.029838067
951301,0.16948955
951302,0.021528874
951303,0.08627869
951304,0.055673536
951305,0.3315233
951306,0.025699722
951307,0.09379365
951308,0.042748973
951309,0.043791644
951310,0.06360689
951311,0.4716967
951312,0.56435686
951313,0.6364464
951314,0.61485785
951315,0.63757443
951316,0.6463912
951317,0.64097786
951318,0.6405136
951319,0.6095383
951320,0.5565781
951321,0.656322
951322,0.6138374
951323,0.64278185
951324,0.6005437
951325,0.65216213
951326,0.6083578
951327,0.74952507
951328,0.6464246
951329,0.38508064
951330,0.2423077
951331,0.09934031
951332,0.085049145
951333,0.07424204
951334,0.092573576
951335,0.07714146
951336,0.09380263
951337,0.059089977
951338,0.0241822
951339,0.33397964
951340,0.25279236
951341,0.42217726
951342,0.46483374
951343,0.41217262
951344,0.4384233
951345,0.4122744
951346,0.39274988
951347,0.39017406
951348,0.17335628
951349,0.0098792445
951350,0.033246543
951351,0.030830434
951352,0.066604055
951353,0.04711113
951354,0.041210797
951355,0.0403328
951356,0.05522274
951357,0.05150504
951358,0.18981355
951359,0.17010683
951360,0.124281034
951361,0.14377101
951362,0.02655437
951363,0.1470561
951364,0.18301755
951365,0.13945282
951366,0.28210512
951367,0.107234865
951368,0.15133198
951369,0.20219754
951370,0.071129635
951371,0.056262165
951372,0.02854724
951373,0.07175111
951374,0.018473057
951375,0.029667545
951376,0.13340653
951377,0.05035021
951378,0.08588433
951379,0.06434821
951380,0.048157424
951381,0.069491595
951382,0.03140621
951383,0.089663625
951384,0.021869535
951385,0.07250588
951386,0.07793735
951387,0.09796193
951388,0.08664569
951389,0.083525866
951390,0.0771795
951391,0.06517508
951392,0.016037738
951393,0.031997472
951394,0.029300673
951395,0.047295265
951396,0.042432893
951397,0.04271054
951398,0.03747547
951399,0.01781636
951400,0.062820576
951401,0.068925716
951402,0.0612293
951403,0.066709876
951404,0.067147955
951405,0.06881686
951406,0.060195513
951407,0.054163065
951408,0.042377215
951409,0.12635088
951410,0.08830059
951411,0.18470278
951412,0.2752831
951413,0.17995743
951414,0.084974796
951415,0.072118044
951416,0.0681377
951417,0.061014235
951418,0.07609185
951419,0.07788595
951420,0.059142236
951421,0.026357178
951422,0.1318491
951423,0.11325826
951424,0.23844935
951425,0.27404162
951426,0.23073614
951427,0.2588865
951428,0.2171977
951429,0.21929112
951430,0.22588533
951431,0.20698707
951432,0.2560938
951433,0.136789
951434,0.111386
951435,0.05868531
951436,0.34918967
951437,0.35924518
951438,0.40632617
951439,0.14771423
951440,0.4609558
951441,0.54453605
951442,0.40796608
951443,0.4745622
951444,0.5669762
951445,0.48789936
951446,0.42837784
951447,0.5375906
951448,0.5123254
951449,0.26822782
951450,0.030536795
951451,0.38998488
951452,0.3963008
951453,0.40277943
951454,0.3153448
951455,0.32016408
951456,0.30708233
951457,0.4197605
951458,0.44807857
951459,0.36678034
951460,0.36113858
951461,0.2268903
951462,0.018019926
951463,0.094033964
951464,0.09295902
951465,0.0939127
951466,0.07726878
951467,0.11244361
951468,0.09001434
951469,0.0813152
951470,0.07911965
951471,0.056782417
951472,0.025553131
951473,0.084106706
951474,0.07292796
951475,0.08887364
951476,0.08714203
951477,0.053975567
951478,0.08833697
951479,0.57220864
951480,0.6417879
951481,0.7310797
951482,0.6927733
951483,0.60180354
951484,0.64724267
951485,0.6429158
951486,0.68723696
951487,0.6929104
951488,0.76999724
951489,0.63222647
951490,0.63677675
951491,0.6137212
951492,0.5618446
951493,0.7181922
951494,0.6461149
951495,0.65636176
951496,0.69603425
951497,0.71841145
951498,0.6905987
951499,0.73830426
951500,0.65133506
951501,0.74407876
951502,0.46427026
951503,0.22085895
951504,0.02225097
951505,0.092433974
951506,0.09254185
951507,0.1199863
951508,0.10278773
951509,0.14749645
951510,0.10697664
951511,0.12741591
951512,0.1558151
951513,0.07048135
951514,0.04217302
951515,0.13722743
951516,0.62625384
951517,0.65387267
951518,0.75962687
951519,0.7844892
951520,0.80834484
951521,0.85365385
951522,0.8430977
951523,0.8395479
951524,0.9154232
951525,0.8500913
951526,0.85716826
951527,0.85780317
951528,0.882792
951529,0.8519795
951530,0.9113244
951531,0.84698266
951532,0.8753789
951533,0.8578765
951534,0.89369744
951535,0.8930401
951536,0.8925668
951537,0.89386326
951538,0.8975921
951539,0.89316374
951540,0.8926574
951541,0.89221907
951542,0.89221907
951543,0.8916692
951544,0.90338856
951545,0.88346034
951546,0.8707468
951547,0.8707468
951548,0.83782107
951549,0.83782107
951550,0.8113607
951551,0.8113607
951552,0.80850303
951553,0.80850303
951554,0.80850303
951555,0.78059244
951556,0.78059244
951557,0.78059244
951558,0.78059244
951559,0.7781594
951560,0.7781594
951561,0.7781594
951562,0.7781594
951563,0.775599
951564,0.775599
951565,0.775599
951566,0.6581064
951567,0.019765133
951568,0.06967568
951569,0.06300989
951570,0.0551124
951571,0.080051556
951572,0.06271949
951573,0.06665563
951574,0.013953427
951575,0.06399626
951576,0.066277176
951577,0.059502106
951578,0.0700182
951579,0.06255139
951580,0.06748646
951581,0.05890221
951582,0.05963804
951583,0.038129725
951584,0.027871678
951585,0.09254566
951586,0.086005755
951587,0.082663946
951588,0.0906227
951589,0.09121789
951590,0.07782715
951591,0.06435223
951592,0.273732
951593,0.35117263
951594,0.37527844
951595,0.42139384
951596,0.4073387
951597,0.32311264
951598,0.282563
951599,0.37589547
951600,0.34112257
951601,0.37335482
951602,0.29920772
951603,0.30129987
951604,0.062307015
951605,0.12719224
951606,0.14110216
951607,0.152803
951608,0.14998019
951609,0.21233746
951610,0.117818296
951611,0.19108991
951612,0.06822361
951613,0.19605993
951614,0.17364857
951615,0.1858018
951616,0.15340354
951617,0.10257246
951618,0.023371255
951619,0.111709945
951620,0.10321088
951621,0.09195258
951622,0.09410138
951623,0.08886779
951624,0.10175346
951625,0.09155904
951626,0.08311516
951627,0.09813694
951628,0.064844504
951629,0.078236476
951630,0.021835689
951631,0.09041259
951632,0.08629873
951633,0.090623215
951634,0.084678985
951635,0.09276703
951636,0.058876734
951637,0.027390935
951638,0.049364567
951639,0.064327486
951640,0.036578063
951641,0.24990755
951642,0.24814285
951643,0.2601297
951644,0.28623027
951645,0.2342173
951646,0.14203754
951647,0.18512516
951648,0.25381276
951649,0.25554994
951650,0.1299951
951651,0.11603857
951652,0.10863518
951653,0.17979138
951654,0.05198659
951655,0.1404138
951656,0.15495323
951657,0.122991405
951658,0.12446312
951659,0.18094857
951660,0.16951908
951661,0.121570155
951662,0.15984917
951663,0.15196519
951664,0.12650584
951665,0.07537033
951666,0.09470399
951667,0.07742472
951668,0.08272131
951669,0.09032966
951670,0.07993699
951671,0.07039993
951672,0.08146498
951673,0.04269626
951674,0.05119888
951675,0.05918648
951676,0.05463419
951677,0.094607174
951678,0.05411793
951679,0.093434684
951680,0.02882602
951681,0.09950505
951682,0.1541095
951683,0.16364476
951684,0.17441736
951685,0.10002502
951686,0.16453518
951687,0.11677854
951688,0.10271513
951689,0.09899338
951690,0.17769156
951691,0.047091197
951692,0.08826644
951693,0.08475639
951694,0.07868029
951695,0.08863802
951696,0.069669716
951697,0.03908694
951698,0.16858411
951699,0.19565761
951700,0.27489632
951701,0.125437
951702,0.023823472
951703,0.08501917
951704,0.099280216
951705,0.07852961
951706,0.08626198
951707,0.09210634
951708,0.082215115
951709,0.11014505
951710,0.16508107
951711,0.02961644
951712,0.0979252
951713,0.045501657
951714,0.2042177
951715,0.22363992
951716,0.2762445
951717,0.2958891
951718,0.37297297
951719,0.30810297
951720,0.23622754
951721,0.17004195
951722,0.2441718
951723,0.23755144
951724,0.14724708
951725,0.026908902
951726,0.101517834
951727,0.07884595
951728,0.077136636
951729,0.08320944
951730,0.09903859
951731,0.085800126
951732,0.07363611
951733,0.2039346
951734,0.1618663
951735,0.15981592
951736,0.13184896
951737,0.053985823
951738,0.12522103
951739,0.278259
951740,0.1445289
951741,0.14300618
951742,0.20376569
951743,0.10847808
951744,0.18897682
951745,0.18778875
951746,0.10818865
951747,0.038659852
951748,0.1618663
951749,0.15981592
951750,0.18002144
951751,0.21090059
951752,0.106648676
951753,0.028724993
951754,0.09208513
951755,0.10478641
951756,0.09515765
951757,0.09321703
951758,0.10692956
951759,0.09938805
951760,0.084443584
951761,0.02390512
951762,0.11777915
951763,0.09345247
951764,0.15044205
951765,0.122794874
951766,0.13569246
951767,0.1733511
951768,0.06696513
951769,0.06600721
951770,0.06836307
951771,0.06170888
951772,0.062107332
951773,0.064098574
951774,0.08003213
951775,0.04304882
951776,0.087689355
951777,0.15633045
951778,0.038073108
951779,0.16104439
951780,0.2951764
951781,0.15266651
951782,0.13363478
951783,0.07894452
951784,0.06335614
951785,0.13422552
951786,0.02641764
951787,0.10630628
951788,0.077982865
951789,0.124102674
951790,0.07876913
951791,0.09865972
951792,0.099708445
951793,0.039893378
951794,0.17661887
951795,0.1626271
951796,0.13826218
951797,0.19627781
951798,0.15881851
951799,0.1922663
951800,0.2766742
951801,0.18635891
951802,0.12763269
951803,0.18390834
951804,0.04957888
951805,0.24605078
951806,0.23725237
951807,0.13826218
951808,0.24522558
951809,0.14261068
951810,0.20606714
951811,0.14222707
951812,0.21007666
951813,0.2276156
951814,0.17765096
951815,0.3002467
951816,0.34604755
951817,0.21691208
951818,0.0118503785
951819,0.08007582
951820,0.059050035
951821,0.0375924
951822,0.04886559
951823,0.049480554
951824,0.07125109
951825,0.0475725
951826,0.25621387
951827,0.27309346
951828,0.106522106
951829,0.13419203
951830,0.038664784
951831,0.06612122
951832,0.044787858
951833,0.014840061
951834,0.07856361
951835,0.07043197
951836,0.07898601
951837,0.03930736
951838,0.06425398
951839,0.06541986
951840,0.05584408
951841,0.14243028
951842,0.12050368
951843,0.11048896
951844,0.09158096
951845,0.015376066
951846,0.068675674
951847,0.07546924
951848,0.06868453
951849,0.0644419
951850,0.098512866
951851,0.034996018
951852,0.07189778
951853,0.04624359
951854,0.12976141
951855,0.12204026
951856,0.12087215
951857,0.10271733
951858,0.08366319
951859,0.016756225
951860,0.08449371
951861,0.07361929
951862,0.07340191
951863,0.05862478
951864,0.032729093
951865,0.06496453
951866,0.05218598
951867,0.034177776
951868,0.11413885
951869,0.08625434
951870,0.020203443
951871,0.045972556
951872,0.05190139
951873,0.044901308
951874,0.100248896
951875,0.120201156
951876,0.022595746
951877,0.07992885
951878,0.029048348
951879,0.13090415
951880,0.49197668
951881,0.20366094
951882,0.081394166
951883,0.085694164
951884,0.15102598
951885,0.25694838
951886,0.1998435
951887,0.21660502
951888,0.11221274
951889,0.116129644
951890,0.09680775
951891,0.11775335
951892,0.09013962
951893,0.08760292
951894,0.071233496
951895,0.01897605
951896,0.105999894
951897,0.111033544
951898,0.09585013
951899,0.101562425
951900,0.10126958
951901,0.109849066
951902,0.09998478
951903,0.10193181
951904,0.069528475
951905,0.30832762
951906,0.17241016
951907,0.15934797
951908,0.15603335
951909,0.18267864
951910,0.18268105
951911,0.16960861
951912,0.16126853
951913,0.13269913
951914,0.026722377
951915,0.0912715
951916,0.113694556
951917,0.09530392
951918,0.10008088
951919,0.08665956
951920,0.107228614
951921,0.14226337
951922,0.031314224
951923,0.16208112
951924,0.023848463
951925,0.063665554
951926,0.07029473
951927,0.047880992
951928,0.06780176
951929,0.05250218
951930,0.056683037
951931,0.11838733
951932,0.31686226
951933,0.2152542
951934,0.13374315
951935,0.1663225
951936,0.089350566
951937,0.1755337
951938,0.05646051
951939,0.0339055
951940,0.03575002
951941,0.04751983
951942,0.038025837
951943,0.026271202
951944,0.015943037
951945,0.10562338
951946,0.105873935
951947,0.0965979
951948,0.10309722
951949,0.09556509
951950,0.10181792
951951,0.07000352
951952,0.15992409
951953,0.094813235
951954,0.09755545
951955,0.11625813
951956,0.08258851
951957,0.071045525
951958,0.12539095
951959,0.124823965
951960,0.1043106
951961,0.14513907
951962,0.084055535
951963,0.034367718
951964,0.033500932
951965,0.085422374
951966,0.06920799
951967,0.017696735
951968,0.08400307
951969,0.0847615
951970,0.12436258
951971,0.09214732
951972,0.1391706
951973,0.11313003
951974,0.115017615
951975,0.092348225
951976,0.11535773
951977,0.10405618
951978,0.15213661
951979,0.11401004
951980,0.070714
951981,0.07218102
951982,0.055601045
951983,0.14479513
951984,0.012018793
951985,0.05964586
951986,0.063469835
951987,0.12090339
951988,0.6001448
951989,0.67246693
951990,0.6520513
951991,0.7388554
951992,0.68748266
951993,0.7521181
951994,0.716496
951995,0.75119984
951996,0.76710856
951997,0.8071775
951998,0.79064846
951999,0.819515
952000,0.81152713
952001,0.7687123
952002,0.8074566
952003,0.816461
952004,0.8113585
952005,0.7728347
952006,0.76373523
952007,0.77701855
952008,0.7620861
952009,0.77406365
952010,0.7590598
952011,0.7639208
952012,0.7820934
952013,0.73773533
952014,0.80745137
952015,0.80011636
952016,0.77169806
952017,0.4038219
952018,0.032919325
952019,0.07766135
952020,0.0626699
952021,0.19829477
952022,0.08795366
952023,0.092401154
952024,0.10131241
952025,0.109282374
952026,0.07755951
952027,0.1295542
952028,0.034106866
952029,0.09856884
952030,0.087629676
952031,0.08712848
952032,0.109158605
952033,0.097267
952034,0.10825168
952035,0.14398324
952036,0.14019422
952037,0.1093757
952038,0.07380816
952039,0.039199974
952040,0.050864134
952041,0.034568943
952042,0.05864668
952043,0.06381457
952044,0.03139031
952045,0.52995557
952046,0.60753244
952047,0.719785
952048,0.54583645
952049,0.22383627
952050,0.555441
952051,0.23798598
952052,0.18950453
952053,0.49921802
952054,0.4353749
952055,0.5538053
952056,0.13838407
952057,0.18036368
952058,0.107959785
952059,0.16884574
952060,0.16219933
952061,0.15973285
952062,0.14567882
952063,0.042363856
952064,0.083682366
952065,0.20671557
952066,0.52374625
952067,0.60964704
952068,0.5122735
952069,0.541208
952070,0.5854665
952071,0.5516864
952072,0.6626126
952073,0.5918589
952074,0.6829452
952075,0.63282806
952076,0.5516477
952077,0.6265141
952078,0.6337482
952079,0.6087404
952080,0.37289628
952081,0.26264247
952082,0.041069627
952083,0.08624236
952084,0.12247516
952085,0.06564612
952086,0.10718182
952087,0.02450783
952088,0.14974867
952089,0.17300564
952090,0.17312995
952091,0.20545466
952092,0.15274906
952093,0.1746208
952094,0.12719756
952095,0.15648432
952096,0.32326275
952097,0.059666686
952098,0.20163138
952099,0.2242024
952100,0.21312451
952101,0.12786625
952102,0.22755699
952103,0.18674666
952104,0.14382246
952105,0.122654624
952106,0.16712202
952107,0.21624796
952108,0.16548946
952109,0.121393174
952110,0.14619474
952111,0.20308343
952112,0.16230096
952113,0.21628597
952114,0.09370578
952115,0.033360742
952116,0.12198094
952117,0.12990561
952118,0.13074127
952119,0.098669216
952120,0.106785454
952121,0.09589578
952122,0.13519959
952123,0.07612584
952124,0.3392617
952125,0.196915
952126,0.17385766
952127,0.17282283
952128,0.15101592
952129,0.15813486
952130,0.1583788
952131,0.17155379
952132,0.18629108
952133,0.024131915
952134,0.09554345
952135,0.098820075
952136,0.08782579
952137,0.073711306
952138,0.07025954
952139,0.07688607
952140,0.08571266
952141,0.07831791
952142,0.07204538
952143,0.07778269
952144,0.030686047
952145,0.15694572
952146,0.109484605
952147,0.10092093
952148,0.09199256
952149,0.09942467
952150,0.09012838
952151,0.15293872
952152,0.13717014
952153,0.116600156
952154,0.09203063
952155,0.07815064
952156,0.1092211
952157,0.057959415
952158,0.10162311
952159,0.07430979
952160,0.034034602
952161,0.13205647
952162,0.23674494
952163,0.2107238
952164,0.24596567
952165,0.18549708
952166,0.2368985
952167,0.2368985
952168,0.35483387
952169,0.3313403
952170,0.30220965
952171,0.21675277
952172,0.3053179
952173,0.1285601
952174,0.028085798
952175,0.08136567
952176,0.09220163
952177,0.087028645
952178,0.09780972
952179,0.10522161
952180,0.07759827
952181,0.009492301
952182,0.0488105
952183,0.06641355
952184,0.037593357
952185,0.061207127
952186,0.031523056
952187,0.110780165
952188,0.100279614
952189,0.12569842
952190,0.026958808
952191,0.12452722
952192,0.089038655
952193,0.08322346
952194,0.086856246
952195,0.10364182
952196,0.08996307
952197,0.07589673
952198,0.060804654
952199,0.14210093
952200,0.21378908
952201,0.12614714
952202,0.12190707
952203,0.16565499
952204,0.39113235
952205,0.22218731
952206,0.123533845
952207,0.123954676
952208,0.13341945
952209,0.13341945
952210,0.11170484
952211,0.12362656
952212,0.09362518
952213,0.49721196
952214,0.20981523
952215,0.3524129
952216,0.3645435
952217,0.36428198
952218,0.3732928
952219,0.39435142
952220,0.39891222
952221,0.40200192
952222,0.25999683
952223,0.3457201
952224,0.22966847
952225,0.36976773
952226,0.19507879
952227,0.055348173
952228,0.14749916
952229,0.12769867
952230,0.12383098
952231,0.16227052
952232,0.14190891
952233,0.12346116
952234,0.15010393
952235,0.16269384
952236,0.026028916
952237,0.0901326
952238,0.14331682
952239,0.1430632
952240,0.10610426
952241,0.18299055
952242,0.1983801
952243,0.127017
952244,0.11850461
952245,0.08939126
952246,0.019784998
952247,0.0923983
952248,0.089637786
952249,0.08374732
952250,0.09721968
952251,0.09619618
952252,0.09455041
952253,0.07156577
952254,0.078765206
952255,0.08532751
952256,0.21578187
952257,0.24104747
952258,0.15118659
952259,0.42303857
952260,0.02569096
952261,0.20904826
952262,0.04490554
952263,0.20559841
952264,0.23966153
952265,0.038607974
952266,0.1966439
952267,0.016790692
952268,0.09129196
952269,0.09022824
952270,0.07230217
952271,0.09569171
952272,0.08281628
952273,0.0914934
952274,0.13029882
952275,0.14753781
952276,0.04070081
952277,0.044653602
952278,0.05571848
952279,0.05078736
952280,0.035852376
952281,0.09910661
952282,0.16153382
952283,0.08749943
952284,0.00847129
952285,0.08317145
952286,0.038112633
952287,0.04956941
952288,0.05843453
952289,0.043198667
952290,0.015811214
952291,0.067687064
952292,0.050894607
952293,0.046442233
952294,0.06732359
952295,0.048624687
952296,0.017458951
952297,0.0427794
952298,0.01005852
952299,0.07792683
952300,0.06849516
952301,0.06680703
952302,0.067687064
952303,0.067977525
952304,0.071831934
952305,0.0576205
952306,0.07011172
952307,0.031063775
952308,0.037104785
952309,0.040663376
952310,0.016968248
952311,0.049112972
952312,0.050414
952313,0.07070941
952314,0.0548189
952315,0.07595302
952316,0.04744757
952317,0.040107246
952318,0.0493575
952319,0.34009585
952320,0.39792842
952321,0.37784672
952322,0.54136735
952323,0.4238305
952324,0.5196361
952325,0.521954
952326,0.40494862
952327,0.5303184
952328,0.517192
952329,0.5133988
952330,0.4357456
952331,0.49873993
952332,0.5445682
952333,0.5265615
952334,0.5366053
952335,0.4952624
952336,0.49428105
952337,0.25103998
952338,0.041122794
952339,0.0710474
952340,0.04760804
952341,0.063783765
952342,0.070151255
952343,0.102868825
952344,0.023163859
952345,0.013787017
952346,0.010413738
952347,0.011897374
952348,0.018451096
952349,0.017025778
952350,0.008756308
952351,0.016802827
952352,0.018537622
952353,0.020708999
952354,0.019547667
952355,0.022400955
952356,0.15214679
952357,0.09783372
952358,0.092451796
952359,0.0071555013
952360,0.034799673
952361,0.020982794
952362,0.01902389
952363,0.045358766
952364,0.009609239
952365,0.025454553
952366,0.01498021
952367,0.56936705
952368,0.5561083
952369,0.6418573
952370,0.680732
952371,0.7164864
952372,0.6934369
952373,0.70698875
952374,0.69586474
952375,0.61236286
952376,0.72314864
952377,0.7289508
952378,0.6693818
952379,0.7495102
952380,0.71837
952381,0.7525152
952382,0.7321767
952383,0.69188404
952384,0.71572447
952385,0.6847522
952386,0.68969643
952387,0.6045693
952388,0.38464943
952389,0.011563424
952390,0.021237275
952391,0.022614881
952392,0.018269764
952393,0.010588742
952394,0.019939031
952395,0.021409895
952396,0.028178897
952397,0.013375024
952398,0.0071621514
952399,0.01141758
952400,0.026634812
952401,0.03415495
952402,0.022165988
952403,0.02068258
952404,0.017851304
952405,0.015658032
952406,0.018302502
952407,0.032208383
952408,0.10208523
952409,0.09961229
952410,0.08180953
952411,0.08124569
952412,0.11076862
952413,0.09364119
952414,0.26502848
952415,0.17803428
952416,0.21299253
952417,0.25857005
952418,0.178145
952419,0.14021789
952420,0.14269766
952421,0.09206069
952422,0.024826722
952423,0.15519226
952424,0.14650908
952425,0.18929935
952426,0.18354045
952427,0.15696476
952428,0.1541376
952429,0.17916557
952430,0.020380117
952431,0.14016166
952432,0.17073482
952433,0.16399278
952434,0.15202762
952435,0.12945919
952436,0.11034601
952437,0.1069495
952438,0.16943675
952439,0.34155726
952440,0.37907258
952441,0.4968998
952442,0.26927617
952443,0.13169977
952444,0.50197434
952445,0.47071087
952446,0.4697657
952447,0.5106212
952448,0.4926212
952449,0.47269112
952450,0.52413225
952451,0.35372046
952452,0.47321323
952453,0.2598085
952454,0.06423599
952455,0.093611665
952456,0.04326459
952457,0.0614391
952458,0.06953356
952459,0.3278573
952460,0.29509187
952461,0.14626913
952462,0.16581608
952463,0.22380674
952464,0.1751209
952465,0.17461434
952466,0.18322498
952467,0.17785245
952468,0.2015681
952469,0.03515951
952470,0.3361342
952471,0.2809039
952472,0.31071734
952473,0.41750982
952474,0.43043402
952475,0.34272134
952476,0.36784178
952477,0.43356577
952478,0.36827946
952479,0.37034163
952480,0.37010482
952481,0.26561517
952482,0.21625774
952483,0.44093785
952484,0.55192083
952485,0.62112576
952486,0.5587725
952487,0.68307084
952488,0.64354944
952489,0.6803273
952490,0.5668806
952491,0.70592
952492,0.6819779
952493,0.6602889
952494,0.6819845
952495,0.67994
952496,0.6012473
952497,0.62599504
952498,0.5955499
952499,0.59994483
952500,0.6617524
952501,0.34364146
952502,0.10495547
952503,0.01682803
952504,0.098216705
952505,0.093250416
952506,0.09036766
952507,0.08724702
952508,0.10795353
952509,0.09310732
952510,0.06934943
952511,0.275149
952512,0.657149
952513,0.7438517
952514,0.80298537
952515,0.83811826
952516,0.8598321
952517,0.8771914
952518,0.87224853
952519,0.8716912
952520,0.8781045
952521,0.8719423
952522,0.84297246
952523,0.89929044
952524,0.87395406
952525,0.8787102
952526,0.8629443
952527,0.8785349
952528,0.86418414
952529,0.8992756
952530,0.89377105
952531,0.89737266
952532,0.8704466
952533,0.90105504
952534,0.861994
952535,0.8823661
952536,0.8606426
952537,0.8874909
952538,0.8596953
952539,0.8398554
952540,0.8613212
952541,0.88638306
952542,0.8288827
952543,0.8869192
952544,0.8865787
952545,0.8782301
952546,0.83523315
952547,0.8339674
952548,0.83605933
952549,0.7805923
952550,0.78157854
952551,0.7856618
952552,0.8384431
952553,0.8053676
952554,0.76844865
952555,0.7834941
952556,0.8563302
952557,0.62804633
952558,0.26961473
952559,0.019729454
952560,0.051260542
952561,0.12456924
952562,0.08468069
952563,0.112664215
952564,0.09518989
952565,0.09390892
952566,0.062017836
952567,0.03666603
952568,0.18735684
952569,0.17350313
952570,0.028626908
952571,0.121590495
952572,0.11072772
952573,0.072604015
952574,0.022680242
952575,0.06785737
952576,0.049455814
952577,0.044084772
952578,0.101716444
952579,0.1257181
952580,0.12663206
952581,0.0911548
952582,0.062666975
952583,0.023928965
952584,0.05204193
952585,0.06794394
952586,0.05436528
952587,0.053756077
952588,0.042433638
952589,0.014721661
952590,0.06373063
952591,0.069747
952592,0.063090175
952593,0.06281407
952594,0.07511938
952595,0.060214665
952596,0.064947166
952597,0.033393994
952598,0.054704018
952599,0.065069854
952600,0.08778292
952601,0.054443363
952602,0.033906084
952603,0.055134166
952604,0.09500379
952605,0.08955752
952606,0.118470006
952607,0.07017914
952608,0.0153617775
952609,0.096096225
952610,0.08929023
952611,0.0901757
952612,0.08199373
952613,0.07629564
952614,0.0805215
952615,0.09887216
952616,0.09620588
952617,0.07143713
952618,0.031533577
952619,0.07132949
952620,0.12674186
952621,0.09074177
952622,0.12307038
952623,0.26733238
952624,0.025351964
952625,0.12397512
952626,0.09147959
952627,0.07865501
952628,0.12577571
952629,0.09409286
952630,0.14211959
952631,0.10835038
952632,0.10412204
952633,0.10086294
952634,0.10703944
952635,0.10034845
952636,0.15679517
952637,0.24582545
952638,0.1722412
952639,0.1476969
952640,0.24211054
952641,0.11455953
952642,0.1381494
952643,0.1551438
952644,0.1679825
952645,0.09221885
952646,0.17299631
952647,0.019901844
952648,0.17651725
952649,0.25847507
952650,0.29269695
952651,0.17225489
952652,0.30011177
952653,0.20554812
952654,0.18536861
952655,0.27784172
952656,0.16379754
952657,0.03771293
952658,0.08290329
952659,0.09093999
952660,0.08365183
952661,0.07528407
952662,0.033078697
952663,0.1614052
952664,0.16433863
952665,0.030141043
952666,0.07090514
952667,0.11301378
952668,0.0846184
952669,0.16676946
952670,0.100968644
952671,0.14082941
952672,0.09517731
952673,0.15478571
952674,0.093784735
952675,0.027703838
952676,0.071179315
952677,0.08489445
952678,0.06548644
952679,0.069369175
952680,0.07778979
952681,0.080885865
952682,0.07959112
952683,0.072307535
952684,0.178331
952685,0.14997546
952686,0.020691337
952687,0.063304454
952688,0.074766986
952689,0.0622603
952690,0.064791515
952691,0.0641428
952692,0.062060047
952693,0.0586069
952694,0.021487474
952695,0.10031159
952696,0.06355461
952697,0.075219445
952698,0.07463247
952699,0.070559315
952700,0.06763725
952701,0.055720083
952702,0.201298
952703,0.026377264
952704,0.07202045
952705,0.06735135
952706,0.088035874
952707,0.08538775
952708,0.07805224
952709,0.07623596
952710,0.07709349
952711,0.08406262
952712,0.019911874
952713,0.11615194
952714,0.09705497
952715,0.106418364
952716,0.09525719
952717,0.10171987
952718,0.08627422
952719,0.089007944
952720,0.068676695
952721,0.07503642
952722,0.018705297
952723,0.012123972
952724,0.010168078
952725,0.009626949
952726,0.019990668
952727,0.018507235
952728,0.027233064
952729,0.02480305
952730,0.07624543
952731,0.07276264
952732,0.06695836
952733,0.06526998
952734,0.057743248
952735,0.06363762
952736,0.01949075
952737,0.0980517
952738,0.07994186
952739,0.08053668
952740,0.08402422
952741,0.08672082
952742,0.054660335
952743,0.011545083
952744,0.017793778
952745,0.020121848
952746,0.01808524
952747,0.021907056
952748,0.028108487
952749,0.029247995
952750,0.06980772
952751,0.06293694
952752,0.06968903
952753,0.064724855
952754,0.06276647
952755,0.3789536
952756,0.1954704
952757,0.16101156
952758,0.018086422
952759,0.09382166
952760,0.08856352
952761,0.08778579
952762,0.085578665
952763,0.08986993
952764,0.08267168
952765,0.057453513
952766,0.018703818
952767,0.09258295
952768,0.058540203
952769,0.10032911
952770,0.07043001
952771,0.08958875
952772,0.07201839
952773,0.08574466
952774,0.06351432
952775,0.04865976
952776,0.16685028
952777,0.16267297
952778,0.15819661
952779,0.18376943
952780,0.14566945
952781,0.018671049
952782,0.093670815
952783,0.08967653
952784,0.091148876
952785,0.10379346
952786,0.08183331
952787,0.08438121
952788,0.05766382
952789,0.2685441
952790,0.22786969
952791,0.21346936
952792,0.19233511
952793,0.12231829
952794,0.023859259
952795,0.08316154
952796,0.110316545
952797,0.079127274
952798,0.07383225
952799,0.06502889
952800,0.10953309
952801,0.08010508
952802,0.097844526
952803,0.06731516
952804,0.1944502
952805,0.20976552
952806,0.18342179
952807,0.18018253
952808,0.19983
952809,0.020674553
952810,0.08893326
952811,0.085679896
952812,0.08397057
952813,0.07359331
952814,0.08586096
952815,0.054707862
952816,0.040172953
952817,0.33381507
952818,0.25630265
952819,0.39627263
952820,0.33741358
952821,0.34224772
952822,0.3329505
952823,0.2847208
952824,0.33871675
952825,0.33527836
952826,0.22941068
952827,0.051898785
952828,0.09722798
952829,0.070271455
952830,0.07193974
952831,0.08678851
952832,0.05215588
952833,0.11416944
952834,0.08201951
952835,0.5449594
952836,0.58243316
952837,0.6666156
952838,0.6628528
952839,0.6854625
952840,0.6762104
952841,0.6877628
952842,0.68322766
952843,0.6905135
952844,0.66374594
952845,0.62049735
952846,0.7335227
952847,0.6349111
952848,0.6963154
952849,0.6655379
952850,0.62264955
952851,0.7207783
952852,0.5888511
952853,0.610185
952854,0.37664717
952855,0.008472868
952856,0.017777726
952857,0.029172834
952858,0.01068451
952859,0.022965861
952860,0.016573954
952861,0.020849753
952862,0.04617747
952863,0.18748456
952864,0.17976832
952865,0.010406084
952866,0.034210287
952867,0.02607201
952868,0.011914068
952869,0.028244346
952870,0.024331186
952871,0.042999845
952872,0.023277404
952873,0.012869979
952874,0.010390785
952875,0.014664158
952876,0.0322853
952877,0.020356236
952878,0.018699473
952879,0.016236152
952880,0.016250491
952881,0.029688787
952882,0.021520017
952883,0.23114115
952884,0.21092483
952885,0.20865098
952886,0.18203953
952887,0.14077298
952888,0.16596733
952889,0.1623078
952890,0.18057528
952891,0.1356325
952892,0.033082224
952893,0.15333377
952894,0.2226
952895,0.21525306
952896,0.05348566
952897,0.12518871
952898,0.11940384
952899,0.11337276
952900,0.117962025
952901,0.2406266
952902,0.14414047
952903,0.12562233
952904,0.11144999
952905,0.12650616
952906,0.08421886
952907,0.1689285
952908,0.44580385
952909,0.5456602
952910,0.6351671
952911,0.67372704
952912,0.67360574
952913,0.6400072
952914,0.6230487
952915,0.72058177
952916,0.67795664
952917,0.7220631
952918,0.72950387
952919,0.73402774
952920,0.742624
952921,0.7314533
952922,0.7354669
952923,0.7310118
952924,0.72589815
952925,0.6565753
952926,0.6547265
952927,0.54311496
952928,0.68009526
952929,0.37780136
952930,0.019122135
952931,0.082424134
952932,0.09232802
952933,0.101130985
952934,0.10906548
952935,0.07524894
952936,0.08956567
952937,0.148283
952938,0.022466399
952939,0.09110397
952940,0.097749695
952941,0.092113204
952942,0.10432469
952943,0.09586746
952944,0.11380203
952945,0.08597533
952946,0.26157886
952947,0.65150434
952948,0.7297158
952949,0.7685277
952950,0.80261296
952951,0.7638482
952952,0.79902554
952953,0.83022547
952954,0.80352765
952955,0.8164701
952956,0.81716794
952957,0.85041016
952958,0.8656149
952959,0.8850461
952960,0.83882576
952961,0.8256707
952962,0.86013997
952963,0.86047983
952964,0.8579371
952965,0.84523517
952966,0.84988105
952967,0.82269615
952968,0.8443246
952969,0.81990474
952970,0.83622485
952971,0.80778563
952972,0.8337345
952973,0.80228955
952974,0.79219633
952975,0.79219633
952976,0.7956508
952977,0.81708133
952978,0.8253518
952979,0.78427327
952980,0.6447879
952981,0.08602017
952982,0.10219793
952983,0.06851494
952984,0.08226775
952985,0.18219765
952986,0.02267929
952987,0.10779941
952988,0.08533006
952989,0.092547685
952990,0.08536161
952991,0.08138433
952992,0.09134584
952993,0.061531328
952994,0.048344243
952995,0.047057386
952996,0.046381664
952997,0.043194782
952998,0.04301622
952999,0.0477106
953000,0.05433794
953001,0.03542005
953002,0.019207979
953003,0.07202749
953004,0.06812938
953005,0.06598884
953006,0.101800665
953007,0.08033608
953008,0.06314825
953009,0.06298068
953010,0.08262011
953011,0.038510688
953012,0.025532508
953013,0.07706762
953014,0.13646267
953015,0.07507459
953016,0.18409182
953017,0.20414339
953018,0.1774735
953019,0.18353905
953020,0.16953778
953021,0.07077431
953022,0.13598146
953023,0.10919798
953024,0.43161958
953025,0.49634483
953026,0.5609594
953027,0.58616674
953028,0.5956892
953029,0.6767414
953030,0.630015
953031,0.64851254
953032,0.7335553
953033,0.66473323
953034,0.6757154
953035,0.6749209
953036,0.6900522
953037,0.61006445
953038,0.68646705
953039,0.5558614
953040,0.45494702
953041,0.6849353
953042,0.7182792
953043,0.6782615
953044,0.6708683
953045,0.44560298
953046,0.684801
953047,0.6644173
953048,0.6563843
953049,0.6060176
953050,0.2827878
953051,0.016552005
953052,0.06231879
953053,0.060850285
953054,0.060933325
953055,0.060991123
953056,0.064039394
953057,0.052479096
953058,0.04214931
953059,0.39457628
953060,0.3268441
953061,0.45350307
953062,0.43330464
953063,0.3407606
953064,0.4583007
953065,0.28257713
953066,0.53877836
953067,0.3607836
953068,0.5342715
953069,0.5505888
953070,0.5091028
953071,0.35442322
953072,0.45533344
953073,0.34123904
953074,0.029803336
953075,0.0799577
953076,0.071722314
953077,0.04617369
953078,0.053142443
953079,0.06364063
953080,0.06970803
953081,0.4226629
953082,0.43275288
953083,0.39722896
953084,0.52847713
953085,0.50689805
953086,0.5168501
953087,0.52405417
953088,0.42442113
953089,0.6030432
953090,0.5483244
953091,0.5459883
953092,0.5499848
953093,0.5520616
953094,0.37257057
953095,0.32007086
953096,0.024550673
953097,0.13580751
953098,0.09447456
953099,0.11327754
953100,0.12025294
953101,0.107206
953102,0.26597887
953103,0.17798352
953104,0.17949149
953105,0.15237279
953106,0.07298951
953107,0.04232209
953108,0.048053205
953109,0.059041888
953110,0.04389387
953111,0.051511217
953112,0.27655536
953113,0.043553993
953114,0.07312771
953115,0.07375695
953116,0.07519968
953117,0.1897684
953118,0.29928926
953119,0.24453902
953120,0.21081689
953121,0.44611713
953122,0.21139966
953123,0.07513551
953124,0.10213479
953125,0.07096053
953126,0.082438074
953127,0.06602172
953128,0.069550015
953129,0.066151224
953130,0.085506745
953131,0.22833441
953132,0.09330875
953133,0.080240205
953134,0.0902429
953135,0.07888658
953136,0.08880831
953137,0.07701481
953138,0.07083759
953139,0.058244523
953140,0.158405
953141,0.16745335
953142,0.17592631
953143,0.16734423
953144,0.1606217
953145,0.39388093
953146,0.31343397
953147,0.36635223
953148,0.31513166
953149,0.41996732
953150,0.16785307
953151,0.30839384
953152,0.32018325
953153,0.30882797
953154,0.214975
953155,0.12782548
953156,0.022220947
953157,0.070242085
953158,0.07401439
953159,0.083173685
953160,0.09809544
953161,0.055620864
953162,0.0523283
953163,0.17077407
953164,0.050417926
953165,0.02861945
953166,0.09007435
953167,0.11258919
953168,0.10096569
953169,0.106081806
953170,0.08110914
953171,0.17881396
953172,0.28081948
953173,0.52586544
953174,0.60148937
953175,0.621883
953176,0.7190816
953177,0.6966989
953178,0.73913795
953179,0.71262074
953180,0.7616258
953181,0.76704454
953182,0.7842681
953183,0.7493388
953184,0.7475839
953185,0.73899037
953186,0.7542423
953187,0.7305029
953188,0.75144714
953189,0.74739087
953190,0.74681556
953191,0.7557277
953192,0.8020408
953193,0.6151201
953194,0.7622329
953195,0.6751405
953196,0.7245265
953197,0.7324464
953198,0.77418715
953199,0.71305424
953200,0.6964777
953201,0.35614043
953202,0.021012878
953203,0.07012944
953204,0.04081344
953205,0.03793584
953206,0.10887378
953207,0.09068841
953208,0.075394966
953209,0.01722434
953210,0.09060636
953211,0.043560512
953212,0.10147391
953213,0.08625785
953214,0.13410877
953215,0.07494254
953216,0.049008634
953217,0.046666343
953218,0.084026866
953219,0.10126813
953220,0.38021678
953221,0.5524208
953222,0.5953383
953223,0.61440754
953224,0.63971865
953225,0.6345053
953226,0.65709513
953227,0.6556324
953228,0.6412041
953229,0.63756853
953230,0.6365712
953231,0.6220088
953232,0.56154436
953233,0.62519234
953234,0.6000353
953235,0.57377154
953236,0.6160782
953237,0.41344234
953238,0.09925637
953239,0.025137912
953240,0.0060148574
953241,0.015582843
953242,0.062542714
953243,0.023149814
953244,0.027341187
953245,0.013712101
953246,0.010046947
953247,0.012398168
953248,0.05446906
953249,0.029559964
953250,0.015147179
953251,0.012384876
953252,0.020098958
953253,0.018322041
953254,0.018196149
953255,0.016108882
953256,0.015873441
953257,0.025364356
953258,0.1970436
953259,0.1184774
953260,0.08687207
953261,0.009130282
953262,0.018042244
953263,0.042443577
953264,0.008777412
953265,0.022624375
953266,0.0153268585
953267,0.027722565
953268,0.016047742
953269,0.026677476
953270,0.08950617
953271,0.073743924
953272,0.15176407
953273,0.08954796
953274,0.090920694
953275,0.071089685
953276,0.08136779
953277,0.07002981
953278,0.08906435
953279,0.0850054
953280,0.13196132
953281,0.0074455957
953282,0.018728746
953283,0.01007266
953284,0.01732121
953285,0.023475213
953286,0.01853531
953287,0.010211285
953288,0.006822252
953289,0.010288476
953290,0.022318237
953291,0.03096672
953292,0.030968245
953293,0.01958131
953294,0.017334053
953295,0.01832425
953296,0.046613164
953297,0.3329389
953298,0.2915556
953299,0.29530144
953300,0.23190816
953301,0.009506196
953302,0.017110761
953303,0.020866161
953304,0.0171402
953305,0.020212974
953306,0.020191899
953307,0.022014325
953308,0.010259283
953309,0.026875952
953310,0.02612216
953311,0.015366575
953312,0.020474058
953313,0.021489805
953314,0.017267805
953315,0.19191381
953316,0.28163025
953317,0.1857751
953318,0.009503032
953319,0.049979042
953320,0.020568393
953321,0.012967024
953322,0.030172415
953323,0.01892318
953324,0.02465169
953325,0.07133423
953326,0.5681862
953327,0.4740257
953328,0.524999
953329,0.46630657
953330,0.53031355
953331,0.54054475
953332,0.5829701
953333,0.6169743
953334,0.5346662
953335,0.49531013
953336,0.5064714
953337,0.34131256
953338,0.010459053
953339,0.036440276
953340,0.0250191
953341,0.020085398
953342,0.021772685
953343,0.013412706
953344,0.020408615
953345,0.02821392
953346,0.026358206
953347,0.07324745
953348,0.053302795
953349,0.045181155
953350,0.039363217
953351,0.011220253
953352,0.021361256
953353,0.014596851
953354,0.016709536
953355,0.013866908
953356,0.022144347
953357,0.010653963
953358,0.013751792
953359,0.010608793
953360,0.03441134
953361,0.033388965
953362,0.041362837
953363,0.037497938
953364,0.035637397
953365,0.01885016
953366,0.03513728
953367,0.04071745
953368,0.021143772
953369,0.07417539
953370,0.021776464
953371,0.04069931
953372,0.05437579
953373,0.029734578
953374,0.095836625
953375,0.026313232
953376,0.017105846
953377,0.039615765
953378,0.036767017
953379,0.033969086
953380,0.035163365
953381,0.035004023
953382,0.046415064
953383,0.30469802
953384,0.21130435
953385,0.25942925
953386,0.013667984
953387,0.02283621
953388,0.025384804
953389,0.017651133
953390,0.026934272
953391,0.022436671
953392,0.015668156
953393,0.03626492
953394,0.019930046
953395,0.29171303
953396,0.02606124
953397,0.19862
953398,0.15720701
953399,0.15765353
953400,0.17884304
953401,0.1828235
953402,0.18958138
953403,0.124010354
953404,0.016466986
953405,0.011693968
953406,0.015083172
953407,0.014597119
953408,0.023129206
953409,0.020373488
953410,0.123397335
953411,0.04229138
953412,0.043403357
953413,0.186767
953414,0.1959783
953415,0.17675653
953416,0.19650799
953417,0.19875503
953418,0.18164779
953419,0.12335991
953420,0.022828976
953421,0.055765163
953422,0.11920085
953423,0.0908354
953424,0.109801546
953425,0.0819467
953426,0.1588755
953427,0.1382771
953428,0.12784816
953429,0.10025955
953430,0.025396917
953431,0.16169858
953432,0.15479383
953433,0.1731595
953434,0.1351716
953435,0.16944426
953436,0.13299797
953437,0.12451131
953438,0.1715178
953439,0.026404513
953440,0.0945112
953441,0.039485186
953442,0.10738967
953443,0.16416284
953444,0.08053293
953445,0.07745829
953446,0.07704558
953447,0.08421162
953448,0.07772509
953449,0.029847303
953450,0.12826614
953451,0.120099306
953452,0.119604446
953453,0.13298674
953454,0.13189456
953455,0.13542435
953456,0.084498964
953457,0.023219831
953458,0.07067165
953459,0.06990867
953460,0.0665283
953461,0.071357556
953462,0.077451006
953463,0.074237056
953464,0.059061535
953465,0.19928984
953466,0.017012743
953467,0.07740265
953468,0.0701133
953469,0.070178896
953470,0.075073086
953471,0.072956674
953472,0.070917286
953473,0.057135172
953474,0.03174653
953475,0.09340794
953476,0.08355473
953477,0.09826163
953478,0.22171673
953479,0.055927597
953480,0.06950819
953481,0.06156553
953482,0.06646071
953483,0.0509348
953484,0.012516358
953485,0.06682551
953486,0.07630727
953487,0.0621061
953488,0.079700395
953489,0.07108695
953490,0.061935328
953491,0.13429411
953492,0.07740809
953493,0.067610584
953494,0.016831841
953495,0.070013076
953496,0.065050304
953497,0.055693988
953498,0.05861747
953499,0.05339997
953500,0.054015916
953501,0.051151615
953502,0.028026544
953503,0.34437725
953504,0.1827465
953505,0.3505695
953506,0.2036186
953507,0.38823897
953508,0.2959041
953509,0.39934364
953510,0.4265272
953511,0.497545
953512,0.2564852
953513,0.028032357
953514,0.10421016
953515,0.15285553
953516,0.182117
953517,0.1795126
953518,0.12642868
953519,0.113136254
953520,0.0757635
953521,0.09327952
953522,0.184906
953523,0.09080379
953524,0.02618726
953525,0.11807428
953526,0.14927801
953527,0.16263457
953528,0.13309607
953529,0.12682055
953530,0.12681119
953531,0.15931599
953532,0.014397335
953533,0.052646592
953534,0.082648166
953535,0.03698839
953536,0.071568824
953537,0.09070695
953538,0.028325249
953539,0.07050242
953540,0.06179658
953541,0.05203808
953542,0.25044504
953543,0.4059681
953544,0.3616426
953545,0.3892651
953546,0.28212422
953547,0.13911979
953548,0.14491922
953549,0.23909625
953550,0.4810325
953551,0.38390365
953552,0.3855986
953553,0.51474553
953554,0.45230657
953555,0.31314242
953556,0.27405542
953557,0.31195515
953558,0.30637917
953559,0.31898773
953560,0.2503723
953561,0.23358013
953562,0.23410687
953563,0.22822739
953564,0.27841613
953565,0.24134378
953566,0.26789755
953567,0.17707689
953568,0.12636073
953569,0.12918445
953570,0.12926304
953571,0.13072993
953572,0.15297416
953573,0.13164093
953574,0.11778865
953575,0.3805968
953576,0.36923063
953577,0.4237539
953578,0.48705813
953579,0.41732457
953580,0.41732457
953581,0.5522335
953582,0.5074683
953583,0.43769085
953584,0.4864189
953585,0.41255745
953586,0.09119293
953587,0.17628007
953588,0.07215857
953589,0.409616
953590,0.5667859
953591,0.41957128
953592,0.45949516
953593,0.46047917
953594,0.5507041
953595,0.48474696
953596,0.53505087
953597,0.45267248
953598,0.42713937
953599,0.26565596
953600,0.192718
953601,0.17157537
953602,0.19673418
953603,0.42307955
953604,0.17510994
953605,0.05832499
953606,0.108836986
953607,0.1352496
953608,0.15861112
953609,0.096195124
953610,0.0829673
953611,0.08676969
953612,0.09093995
953613,0.013653386
953614,0.048474617
953615,0.042626113
953616,0.06359307
953617,0.036798626
953618,0.045346677
953619,0.042524327
953620,0.07226531
953621,0.042656858
953622,0.14093305
953623,0.10618824
953624,0.09618362
953625,0.0886287
953626,0.07217363
953627,0.094520375
953628,0.09331248
953629,0.08646655
953630,0.11727321
953631,0.23346052
953632,0.1025919
953633,0.01934286
953634,0.07486145
953635,0.076242745
953636,0.08314862
953637,0.08047733
953638,0.089295626
953639,0.06779305
953640,0.012238917
953641,0.044781677
953642,0.051241685
953643,0.053683236
953644,0.047778774
953645,0.04257228
953646,0.04103118
953647,0.053687442
953648,0.06978452
953649,0.08289703
953650,0.037083384
953651,0.07382893
953652,0.064516306
953653,0.08262701
953654,0.08109979
953655,0.019417437
953656,0.08537954
953657,0.090784796
953658,0.081564516
953659,0.08051779
953660,0.0798367
953661,0.08056781
953662,0.051459305
953663,0.03127966
953664,0.09695455
953665,0.08081563
953666,0.081823334
953667,0.09640767
953668,0.106658734
953669,0.08943083
953670,0.10327728
953671,0.05679478
953672,0.011174612
953673,0.036045734
953674,0.0337199
953675,0.03603229
953676,0.046357468
953677,0.046835136
953678,0.030720135
953679,0.035374746
953680,0.012680074
953681,0.042187035
953682,0.03867943
953683,0.042197637
953684,0.06069135
953685,0.042326912
953686,0.04178014
953687,0.037526716
953688,0.01644601
953689,0.08602837
953690,0.0809578
953691,0.078392275
953692,0.08196994
953693,0.081691764
953694,0.07832904
953695,0.05167857
953696,0.04559587
953697,0.3688009
953698,0.3285887
953699,0.16147253
953700,0.37142333
953701,0.2478575
953702,0.3662178
953703,0.08501565
953704,0.08658376
953705,0.13276859
953706,0.45346808
953707,0.38376433
953708,0.46373072
953709,0.12063624
953710,0.15840884
953711,0.20236877
953712,0.011893809
953713,0.04380332
953714,0.037689168
953715,0.06277776
953716,0.037633307
953717,0.03942954
953718,0.055472452
953719,0.049956236
953720,0.04198797
953721,0.02709609
953722,0.044557568
953723,0.037865542
953724,0.053570226
953725,0.056952603
953726,0.020825272
953727,0.090100445
953728,0.107854
953729,0.0867471
953730,0.08739453
953731,0.09837518
953732,0.09351562
953733,0.09120866
953734,0.12419569
953735,0.13553292
953736,0.44371143
953737,0.49721962
953738,0.49800268
953739,0.52520525
953740,0.5927557
953741,0.6051801
953742,0.59495014
953743,0.69778556
953744,0.36455834
953745,0.472331
953746,0.5609328
953747,0.66125923
953748,0.62785083
953749,0.6337126
953750,0.5672579
953751,0.4491939
953752,0.5802384
953753,0.5497409
953754,0.62097126
953755,0.5272954
953756,0.29317477
953757,0.0639704
953758,0.47234574
953759,0.50913256
953760,0.5554427
953761,0.54698324
953762,0.6427533
953763,0.6033613
953764,0.6187575
953765,0.51187783
953766,0.54751694
953767,0.50860906
953768,0.62375295
953769,0.59505767
953770,0.5756407
953771,0.50132704
953772,0.38746166
953773,0.011100086
953774,0.060257886
953775,0.060859494
953776,0.039912138
953777,0.05653712
953778,0.04747499
953779,0.044056337
953780,0.06333122
953781,0.034659684
953782,0.26846153
953783,0.051291674
953784,0.426774
953785,0.5170421
953786,0.49161997
953787,0.6208322
953788,0.38783452
953789,0.35384288
953790,0.31572422
953791,0.39748314
953792,0.40367094
953793,0.49852473
953794,0.41545257
953795,0.357013
953796,0.48596573
953797,0.24306233
953798,0.017398255
953799,0.049681786
953800,0.04600854
953801,0.04067424
953802,0.044155497
953803,0.069471784
953804,0.04005087
953805,0.07536022
953806,0.49056292
953807,0.60126
953808,0.63245827
953809,0.59627306
953810,0.623079
953811,0.44396496
953812,0.64104366
953813,0.44852528
953814,0.647701
953815,0.62596023
953816,0.67130953
953817,0.6169423
953818,0.5857671
953819,0.4976354
953820,0.46977845
953821,0.5681394
953822,0.36460325
953823,0.12225434
953824,0.27073503
953825,0.22168757
953826,0.20848294
953827,0.20425318
953828,0.13293812
953829,0.016069833
953830,0.025552861
953831,0.025943773
953832,0.024080243
953833,0.027722191
953834,0.020472212
953835,0.016812827
953836,0.07300016
953837,0.22581324
953838,0.18423763
953839,0.23505823
953840,0.16467613
953841,0.26943427
953842,0.017108917
953843,0.020045048
953844,0.025864886
953845,0.019699758
953846,0.023518035
953847,0.019163635
953848,0.021815466
953849,0.07624367
953850,0.012782279
953851,0.021638524
953852,0.02702767
953853,0.020333864
953854,0.017704336
953855,0.019711345
953856,0.017214544
953857,0.12840082
953858,0.04378236
953859,0.039934326
953860,0.043795068
953861,0.037447426
953862,0.014097825
953863,0.017628048
953864,0.014733091
953865,0.009082157
953866,0.018997716
953867,0.023340745
953868,0.021076031
953869,0.018765066
953870,0.009763713
953871,0.039175104
953872,0.05011391
953873,0.036099195
953874,0.03229538
953875,0.036607318
953876,0.034607686
953877,0.021530466
953878,0.030176502
953879,0.02245453
953880,0.013144848
953881,0.01892765
953882,0.15580831
953883,0.11621644
953884,0.10087019
953885,0.015457898
953886,0.021819217
953887,0.022374082
953888,0.01958812
953889,0.021586973
953890,0.022440206
953891,0.012407145
953892,0.018631028
953893,0.023885455
953894,0.016512379
953895,0.017087096
953896,0.016263388
953897,0.01801631
953898,0.16731407
953899,0.0788486
953900,0.013400576
953901,0.0257826
953902,0.02280644
953903,0.021089349
953904,0.017913535
953905,0.019039324
953906,0.021565985
953907,0.013722436
953908,0.05382109
953909,0.063933864
953910,0.045021847
953911,0.046855487
953912,0.17858122
953913,0.14588705
953914,0.13240807
953915,0.18504244
953916,0.10201737
953917,0.08973057
953918,0.01010098
953919,0.023650732
953920,0.022473445
953921,0.018255154
953922,0.020626513
953923,0.019757634
953924,0.019443152
953925,0.017064078
953926,0.04874309
953927,0.07165182
953928,0.07132894
953929,0.07977095
953930,0.07526167
953931,0.07112025
953932,0.09220787
953933,0.09979856
953934,0.037125856
953935,0.15241705
953936,0.12442178
953937,0.1324569
953938,0.13098495
953939,0.15123156
953940,0.124167494
953941,0.12254849
953942,0.094568096
953943,0.013330447
953944,0.07007473
953945,0.073391564
953946,0.09241652
953947,0.07331684
953948,0.06908003
953949,0.07884107
953950,0.07128481
953951,0.07479137
953952,0.070634045
953953,0.06391496
953954,0.08657658
953955,0.27333346
953956,0.27829072
953957,0.26791015
953958,0.16270134
953959,0.17760167
953960,0.18089582
953961,0.1856035
953962,0.07690794
953963,0.23365018
953964,0.04131596
953965,0.15662648
953966,0.03262142
953967,0.12988243
953968,0.13764136
953969,0.047334705
953970,0.04006873
953971,0.101820536
953972,0.19014339
953973,0.5257647
953974,0.6426623
953975,0.7468866
953976,0.7108451
953977,0.6724987
953978,0.7441279
953979,0.6932275
953980,0.7319713
953981,0.7250458
953982,0.7143293
953983,0.52423036
953984,0.72586024
953985,0.7171
953986,0.741193
953987,0.73977375
953988,0.76355124
953989,0.698689
953990,0.7481271
953991,0.70931995
953992,0.7188343
953993,0.7375526
953994,0.6548347
953995,0.35042664
953996,0.018983835
953997,0.099308595
953998,0.10286427
953999,0.08027049
954000,0.09586669
954001,0.085118875
954002,0.10841678
954003,0.06650356
954004,0.073936075
954005,0.0522099
954006,0.021989286
954007,0.08138408
954008,0.084126815
954009,0.07413211
954010,0.09304835
954011,0.08786401
954012,0.07412843
954013,0.009285946
954014,0.051751964
954015,0.047116257
954016,0.034311585
954017,0.062072333
954018,0.30016133
954019,0.23180634
954020,0.1642647
954021,0.017738717
954022,0.047642644
954023,0.026595695
954024,0.2910111
954025,0.23874046
954026,0.21339194
954027,0.021939801
954028,0.08881211
954029,0.21017559
954030,0.028448358
954031,0.09384138
954032,0.14383838
954033,0.061523587
954034,0.342753
954035,0.44981042
954036,0.5418349
954037,0.58068687
954038,0.58855647
954039,0.6469684
954040,0.7274582
954041,0.61627483
954042,0.6621058
954043,0.6118302
954044,0.60342026
954045,0.61411905
954046,0.63363194
954047,0.6112283
954048,0.35057405
954049,0.009260275
954050,0.045855727
954051,0.036379784
954052,0.047034096
954053,0.03521205
954054,0.45291543
954055,0.5030061
954056,0.46563292
954057,0.49283305
954058,0.53979653
954059,0.56991184
954060,0.58769464
954061,0.5655318
954062,0.5722476
954063,0.54343027
954064,0.40412277
954065,0.010877284
954066,0.066845916
954067,0.037586845
954068,0.03261965
954069,0.029786032
954070,0.19321315
954071,0.12306103
954072,0.13693485
954073,0.010317786
954074,0.044825584
954075,0.04402758
954076,0.025682267
954077,0.1140335
954078,0.100061834
954079,0.10261008
954080,0.118876815
954081,0.11988162
954082,0.099466644
954083,0.13742322
954084,0.095825985
954085,0.23482893
954086,0.10353606
954087,0.024896886
954088,0.105182305
954089,0.0981339
954090,0.095615834
954091,0.10181884
954092,0.106460035
954093,0.0952053
954094,0.08031853
954095,0.024007892
954096,0.07285059
954097,0.084062085
954098,0.021510486
954099,0.09334148
954100,0.09622541
954101,0.09626073
954102,0.09017064
954103,0.087308586
954104,0.0894292
954105,0.09214337
954106,0.014319635
954107,0.06562327
954108,0.056543596
954109,0.0622687
954110,0.061546583
954111,0.05386217
954112,0.05508595
954113,0.055242274
954114,0.03558472
954115,0.044776514
954116,0.20768553
954117,0.26512033
954118,0.15140224
954119,0.13617441
954120,0.13018966
954121,0.1434962
954122,0.15542719
954123,0.10659555
954124,0.039469242
954125,0.1298628
954126,0.1575242
954127,0.14484566
954128,0.19399503
954129,0.14006445
954130,0.23850293
954131,0.2662854
954132,0.32016382
954133,0.28818822
954134,0.16662987
954135,0.20613608
954136,0.12221185
954137,0.17403919
954138,0.15989436
954139,0.19441411
954140,0.42518812
954141,0.3220108
954142,0.3488385
954143,0.53943336
954144,0.5524346
954145,0.37949586
954146,0.3829638
954147,0.5562222
954148,0.41174376
954149,0.5327721
954150,0.2405495
954151,0.17780788
954152,0.076667495
954153,0.07553456
954154,0.07900175
954155,0.07828172
954156,0.071846254
954157,0.08414692
954158,0.037878383
954159,0.19849275
954160,0.2049218
954161,0.18459709
954162,0.19595641
954163,0.17845555
954164,0.15248135
954165,0.23668744
954166,0.012461531
954167,0.07759103
954168,0.08224457
954169,0.06899378
954170,0.084216565
954171,0.08317315
954172,0.07775593
954173,0.07219123
954174,0.02654089
954175,0.084580414
954176,0.03777826
954177,0.03705794
954178,0.047791902
954179,0.05355275
954180,0.03236415
954181,0.047781434
954182,0.06256493
954183,0.09295386
954184,0.04185528
954185,0.062308677
954186,0.07107225
954187,0.061750427
954188,0.028741568
954189,0.018360851
954190,0.03272055
954191,0.017676495
954192,0.017722381
954193,0.014807143
954194,0.024977786
954195,0.018526057
954196,0.008475733
954197,0.023993064
954198,0.017771415
954199,0.021663195
954200,0.017001798
954201,0.021416735
954202,0.020594547
954203,0.022081304
954204,0.21626884
954205,0.2642296
954206,0.23149636
954207,0.21646345
954208,0.23291542
954209,0.3480429
954210,0.20640777
954211,0.010204588
954212,0.017514095
954213,0.01291736
954214,0.021775452
954215,0.022632085
954216,0.028759085
954217,0.046201948
954218,0.20050536
954219,0.19833477
954220,0.3067647
954221,0.27618825
954222,0.26518464
954223,0.09709338
954224,0.18512122
954225,0.09251149
954226,0.0370674
954227,0.006359164
954228,0.02310803
954229,0.016368687
954230,0.017153107
954231,0.016375728
954232,0.015802586
954233,0.01694314
954234,0.00643831
954235,0.02155133
954236,0.01972595
954237,0.01963989
954238,0.017359665
954239,0.020639481
954240,0.016041894
954241,0.018182477
954242,0.008168911
954243,0.015348376
954244,0.019083418
954245,0.017785763
954246,0.01717016
954247,0.017208962
954248,0.023676192
954249,0.15067026
954250,0.00761408
954251,0.020265026
954252,0.019002536
954253,0.021733832
954254,0.016959906
954255,0.017808685
954256,0.019960348
954257,0.041567966
954258,0.16901919
954259,0.16024408
954260,0.15506454
954261,0.16802372
954262,0.012008278
954263,0.03128224
954264,0.023987178
954265,0.02724771
954266,0.03498191
954267,0.18092309
954268,0.16400523
954269,0.09108743
954270,0.16588943
954271,0.1364242
954272,0.17857699
954273,0.03701322
954274,0.039150983
954275,0.041085843
954276,0.08240338
954277,0.034593157
954278,0.4177528
954279,0.023573548
954280,0.15975763
954281,0.11875013
954282,0.16050431
954283,0.1456439
954284,0.14400157
954285,0.11160213
954286,0.13433592
954287,0.14164668
954288,0.092623584
954289,0.014215047
954290,0.08796217
954291,0.078074254
954292,0.09613092
954293,0.077535905
954294,0.081222594
954295,0.08195135
954296,0.059395608
954297,0.011169391
954298,0.046239838
954299,0.07179254
954300,0.06176986
954301,0.06817949
954302,0.07755881
954303,0.069326386
954304,0.05408267
954305,0.37263817
954306,0.48135367
954307,0.31551358
954308,0.49954492
954309,0.47074276
954310,0.51103383
954311,0.32296446
954312,0.49941728
954313,0.46377325
954314,0.37989217
954315,0.53450036
954316,0.41693357
954317,0.37935427
954318,0.178077
954319,0.033044692
954320,0.1603391
954321,0.20434792
954322,0.019747352
954323,0.08339004
954324,0.11487059
954325,0.12311561
954326,0.08448445
954327,0.016452597
954328,0.07695262
954329,0.0899382
954330,0.10996886
954331,0.09090186
954332,0.08402136
954333,0.08886733
954334,0.066737264
954335,0.12649633
954336,0.021038245
954337,0.19386443
954338,0.19638664
954339,0.12577674
954340,0.09138325
954341,0.16149928
954342,0.15932226
954343,0.1257486
954344,0.114784405
954345,0.18171151
954346,0.018227192
954347,0.10030997
954348,0.0864629
954349,0.042238887
954350,0.11534136
954351,0.091987744
954352,0.08976074
954353,0.0676042
954354,0.062373567
954355,0.05705658
954356,0.045540657
954357,0.19265655
954358,0.21530384
954359,0.20820919
954360,0.24385902
954361,0.18838206
954362,0.25089565
954363,0.25703633
954364,0.20367414
954365,0.02023094
954366,0.103382476
954367,0.08930068
954368,0.07314794
954369,0.034751225
954370,0.050077677
954371,0.08005174
954372,0.071727455
954373,0.022760466
954374,0.14262009
954375,0.14864677
954376,0.32110816
954377,0.2516807
954378,0.24313971
954379,0.24671318
954380,0.18402945
954381,0.22897322
954382,0.15439424
954383,0.1252879
954384,0.25447395
954385,0.05255221
954386,0.08255217
954387,0.22075693
954388,0.10647931
954389,0.08014863
954390,0.09403652
954391,0.08780503
954392,0.22898117
954393,0.5252267
954394,0.748243
954395,0.7635894
954396,0.8199516
954397,0.87127274
954398,0.886347
954399,0.8948086
954400,0.86473244
954401,0.87791026
954402,0.8888564
954403,0.8892028
954404,0.90017235
954405,0.8854825
954406,0.88555264
954407,0.87899107
954408,0.91551256
954409,0.89022946
954410,0.906571
954411,0.9259066
954412,0.9089853
954413,0.90480185
954414,0.9102165
954415,0.9008115
954416,0.917941
954417,0.9120839
954418,0.91637033
954419,0.9202177
954420,0.92161924
954421,0.91129756
954422,0.911105
954423,0.9122794
954424,0.9401698
954425,0.92625815
954426,0.9182012
954427,0.9060133
954428,0.9332983
954429,0.9123537
954430,0.93527377
954431,0.9358869
954432,0.93476844
954433,0.9149414
954434,0.90279853
954435,0.9044183
954436,0.9327131
954437,0.8966358
954438,0.9251719
954439,0.8817233
954440,0.92016673
954441,0.9178891
954442,0.9184636
954443,0.9202823
954444,0.8915366
954445,0.925088
954446,0.9192579
954447,0.8898873
954448,0.88631546
954449,0.9200465
954450,0.9174371
954451,0.9139119
954452,0.9020265
954453,0.90581346
954454,0.6429549
954455,0.84298265
954456,0.8226184
954457,0.8540839
954458,0.86840653
954459,0.865618
954460,0.8466617
954461,0.8704067
954462,0.8494968
954463,0.66039276
954464,0.43465757
954465,0.08974454
954466,0.45799336
954467,0.53620285
954468,0.5362272
954469,0.55195373
954470,0.5489908
954471,0.6060633
954472,0.5523334
954473,0.5371664
954474,0.48984665
954475,0.63351446
954476,0.52879846
954477,0.52124465
954478,0.28406912
954479,0.23086536
954480,0.11444735
954481,0.065372534
954482,0.47767475
954483,0.31395972
954484,0.2888212
954485,0.03474481
954486,0.22926845
954487,0.19546224
954488,0.1459334
954489,0.18578866
954490,0.24461421
954491,0.12283344
954492,0.12211869
954493,0.09747216
954494,0.12125067
954495,0.10175546
954496,0.08859021
954497,0.1569148
954498,0.07755183
954499,0.27866706
954500,0.12813857
954501,0.106357574
954502,0.106006004
954503,0.13227159
954504,0.02526987
954505,0.070509434
954506,0.09281548
954507,0.090177834
954508,0.08994404
954509,0.085197516
954510,0.08845753
954511,0.067478806
954512,0.2884621
954513,0.022818403
954514,0.10547852
954515,0.08435173
954516,0.079833105
954517,0.098692946
954518,0.07750543
954519,0.09671983
954520,0.06757254
954521,0.026150452
954522,0.11255089
954523,0.099146664
954524,0.121940546
954525,0.10467115
954526,0.08664961
954527,0.08034544
954528,0.119137116
954529,0.1103349
954530,0.02332073
954531,0.09389967
954532,0.07047879
954533,0.060490698
954534,0.0855513
954535,0.069444075
954536,0.074886724
954537,0.08941332
954538,0.027383111
954539,0.10124936
954540,0.082396135
954541,0.075851865
954542,0.08689388
954543,0.08132754
954544,0.08419249
954545,0.0735011
954546,0.09849925
954547,0.08823075
954548,0.13009246
954549,0.1910951
954550,0.15249275
954551,0.14984173
954552,0.1558411
954553,0.14990452
954554,0.16724846
954555,0.23887217
954556,0.31322464
954557,0.23975381
954558,0.06262275
954559,0.31307682
954560,0.32547382
954561,0.23298627
954562,0.1012933
954563,0.2587771
954564,0.033492327
954565,0.14551196
954566,0.13018656
954567,0.13266107
954568,0.14858486
954569,0.24103181
954570,0.12121794
954571,0.10520419
954572,0.10473739
954573,0.13410096
954574,0.13350141
954575,0.13110767
954576,0.22529304
954577,0.0210382
954578,0.09390797
954579,0.11199638
954580,0.110633455
954581,0.11329281
954582,0.09087576
954583,0.13182062
954584,0.10868649
954585,0.1036904
954586,0.06258391
954587,0.037686825
954588,0.13414139
954589,0.119201094
954590,0.2502593
954591,0.27786997
954592,0.16522996
954593,0.11515418
954594,0.16996895
954595,0.10943857
954596,0.086851306
954597,0.05959075
954598,0.059066307
954599,0.09803937
954600,0.05114181
954601,0.08953622
954602,0.046168126
954603,0.1630823
954604,0.23028919
954605,0.0106721725
954606,0.067055665
954607,0.17922294
954608,0.14480329
954609,0.18562433
954610,0.13603841
954611,0.326937
954612,0.026553106
954613,0.13950874
954614,0.019513432
954615,0.055755597
954616,0.25069726
954617,0.23142573
954618,0.5285346
954619,0.5730318
954620,0.66012913
954621,0.7103353
954622,0.725412
954623,0.7415954
954624,0.7070017
954625,0.7346284
954626,0.73796755
954627,0.7502808
954628,0.7250801
954629,0.7313254
954630,0.7491797
954631,0.7289711
954632,0.6986964
954633,0.723446
954634,0.6633795
954635,0.78287214
954636,0.72189915
954637,0.74360645
954638,0.7461034
954639,0.7082984
954640,0.75650877
954641,0.6269343
954642,0.7406916
954643,0.7300574
954644,0.73565876
954645,0.66594774
954646,0.7075297
954647,0.6497039
954648,0.70200574
954649,0.6112561
954650,0.4876008
954651,0.27492926
954652,0.08732317
954653,0.08163567
954654,0.07439283
954655,0.08200988
954656,0.07795037
954657,0.074894555
954658,0.07458097
954659,0.05112413
954660,0.017693775
954661,0.07275127
954662,0.075932354
954663,0.07482291
954664,0.07942113
954665,0.075999886
954666,0.058470067
954667,0.07505855
954668,0.058681644
954669,0.07022345
954670,0.039502427
954671,0.1724688
954672,0.11796428
954673,0.19176027
954674,0.020222902
954675,0.07980449
954676,0.054536868
954677,0.046473116
954678,0.01312917
954679,0.13844013
954680,0.22895217
954681,0.1426028
954682,0.118312724
954683,0.034091074
954684,0.17747003
954685,0.16293134
954686,0.17494099
954687,0.1616853
954688,0.0730107
954689,0.021550963
954690,0.07173505
954691,0.06994104
954692,0.0913802
954693,0.062504634
954694,0.052170463
954695,0.19850132
954696,0.038665015
954697,0.21585192
954698,0.19912879
954699,0.2017722
954700,0.15912883
954701,0.28363836
954702,0.10593695
954703,0.1381787
954704,0.12635602
954705,0.018709289
954706,0.09416485
954707,0.08049744
954708,0.071728714
954709,0.037377536
954710,0.031002743
954711,0.01179506
954712,0.05761356
954713,0.046351578
954714,0.03022274
954715,0.033711925
954716,0.14832741
954717,0.07614123
954718,0.04469122
954719,0.3259586
954720,0.20590404
954721,0.2666757
954722,0.46018595
954723,0.5386408
954724,0.48116237
954725,0.5611176
954726,0.31018618
954727,0.47316426
954728,0.47820026
954729,0.4526635
954730,0.47339845
954731,0.44168842
954732,0.57464314
954733,0.51469296
954734,0.5494978
954735,0.31631318
954736,0.019329343
954737,0.07968125
954738,0.062501915
954739,0.060048457
954740,0.0603098
954741,0.071813434
954742,0.05300867
954743,0.21441051
954744,0.111382924
954745,0.109120466
954746,0.08387788
954747,0.10682582
954748,0.0806899
954749,0.059718154
954750,0.030137207
954751,0.068246305
954752,0.09210513
954753,0.08966294
954754,0.12868766
954755,0.15323034
954756,0.09645579
954757,0.10954088
954758,0.080890626
954759,0.10402909
954760,0.0413917
954761,0.12848264
954762,0.12194107
954763,0.16178477
954764,0.042625375
954765,0.104660556
954766,0.10433721
954767,0.20263728
954768,0.052242734
954769,0.042191565
954770,0.030854635
954771,0.031906374
954772,0.06359284
954773,0.01119406
954774,0.06287823
954775,0.051157795
954776,0.0471688
954777,0.42552468
954778,0.2865816
954779,0.15417832
954780,0.15965857
954781,0.13259861
954782,0.0605468
954783,0.27614954
954784,0.25968847
954785,0.22368744
954786,0.34012842
954787,0.22789726
954788,0.2397469
954789,0.40431464
954790,0.22369786
954791,0.2754116
954792,0.21498011
954793,0.2427506
954794,0.18410136
954795,0.07130124
954796,0.17508109
954797,0.09292759
954798,0.16025029
954799,0.08708274
954800,0.08737614
954801,0.08533259
954802,0.078287505
954803,0.08359041
954804,0.087459244
954805,0.08518384
954806,0.053181425
954807,0.042854726
954808,0.16688086
954809,0.17843984
954810,0.17830956
954811,0.17407727
954812,0.11770699
954813,0.1883317
954814,0.12940185
954815,0.12610601
954816,0.080195695
954817,0.13676691
954818,0.08222253
954819,0.17887257
954820,0.15658414
954821,0.1218645
954822,0.07963073
954823,0.11657012
954824,0.04242767
954825,0.13133696
954826,0.12565303
954827,0.087907724
954828,0.25118035
954829,0.09919139
954830,0.07147083
954831,0.07439823
954832,0.0672022
954833,0.05522916
954834,0.017280277
954835,0.16774642
954836,0.18934874
954837,0.1723704
954838,0.20572655
954839,0.16521645
954840,0.16908622
954841,0.11244585
954842,0.024087768
954843,0.09656337
954844,0.09748324
954845,0.083691664
954846,0.069587454
954847,0.080718644
954848,0.082833126
954849,0.0588944
954850,0.027901512
954851,0.08873121
954852,0.083199255
954853,0.074043855
954854,0.08458786
954855,0.09247725
954856,0.10221926
954857,0.117133
954858,0.014705008
954859,0.09255167
954860,0.06535791
954861,0.07021875
954862,0.06490852
954863,0.069409035
954864,0.06052809
954865,0.023744848
954866,0.18230629
954867,0.1911046
954868,0.18942079
954869,0.17802103
954870,0.15678182
954871,0.1791251
954872,0.12175746
954873,0.022813508
954874,0.063113354
954875,0.06734287
954876,0.08999292
954877,0.07755865
954878,0.08335731
954879,0.053646572
954880,0.07214629
954881,0.3826158
954882,0.41505018
954883,0.5407808
954884,0.61731577
954885,0.66185385
954886,0.7469251
954887,0.5685221
954888,0.75312227
954889,0.7129493
954890,0.7251549
954891,0.68505675
954892,0.7206298
954893,0.65362024
954894,0.61175495
954895,0.63498336
954896,0.61801726
954897,0.63690186
954898,0.5293782
954899,0.5273375
954900,0.6179111
954901,0.2791345
954902,0.046011806
954903,0.19382185
954904,0.035039075
954905,0.09973287
954906,0.07408273
954907,0.08705812
954908,0.073218316
954909,0.03781072
954910,0.12193263
954911,0.15715031
954912,0.095804766
954913,0.12329733
954914,0.06484042
954915,0.0924623
954916,0.16083963
954917,0.10750011
954918,0.10226304
954919,0.024214365
954920,0.121712014
954921,0.10117098
954922,0.028439807
954923,0.10264048
954924,0.06894886
954925,0.07223677
954926,0.08931715
954927,0.019257741
954928,0.090260245
954929,0.075837426
954930,0.10870672
954931,0.107930966
954932,0.13650922
954933,0.12584573
954934,0.1073103
954935,0.06612558
954936,0.021755166
954937,0.045049857
954938,0.0669065
954939,0.18157294
954940,0.10326893
954941,0.1147982
954942,0.06514049
954943,0.046588358
954944,0.053640075
954945,0.1365299
954946,0.3054417
954947,0.33239114
954948,0.35330254
954949,0.35781756
954950,0.3603398
954951,0.3632664
954952,0.3632664
954953,0.3632664
954954,0.36207965
954955,0.26504967
954956,0.24992189
954957,0.15614325
954958,0.018061105
954959,0.14270873
954960,0.061350156
954961,0.1148568
954962,0.10023073
954963,0.11483552
954964,0.08749692
954965,0.08387498
954966,0.083121076
954967,0.036561765
954968,0.14282998
954969,0.18302222
954970,0.19715968
954971,0.06880328
954972,0.06729211
954973,0.079504594
954974,0.06828578
954975,0.06874764
954976,0.06695663
954977,0.10128421
954978,0.06715306
954979,0.043075517
954980,0.018275687
954981,0.087796114
954982,0.12372572
954983,0.041378144
954984,0.0993497
954985,0.07832046
954986,0.09586933
954987,0.064154565
954988,0.18381537
954989,0.04154605
954990,0.0804841
954991,0.072804265
954992,0.08083105
954993,0.060333226
954994,0.09389239
954995,0.0704178
954996,0.042303685
954997,0.034042943
954998,0.11488221
954999,0.0745129
955000,0.053334326
955001,0.56168497
955002,0.78726083
955003,0.68772936
955004,0.68518853
955005,0.73589486
955006,0.7578748
955007,0.77297294
955008,0.71239394
955009,0.7948552
955010,0.8332918
955011,0.7721969
955012,0.80546045
955013,0.7913371
955014,0.49946234
955015,0.80748063
955016,0.7683644
955017,0.7457838
955018,0.74197066
955019,0.53015447
955020,0.7184568
955021,0.7187005
955022,0.56191003
955023,0.04495073
955024,0.12182457
955025,0.09376196
955026,0.29780126
955027,0.026747527
955028,0.10888605
955029,0.1118754
955030,0.109855294
955031,0.11362408
955032,0.12289842
955033,0.22800352
955034,0.08867366
955035,0.08342887
955036,0.03987717
955037,0.105834454
955038,0.101074435
955039,0.09247082
955040,0.027320221
955041,0.18708988
955042,0.14804393
955043,0.12640375
955044,0.1754232
955045,0.12364671
955046,0.1027166
955047,0.30668607
955048,0.2168596
955049,0.10784055
955050,0.22210939
955051,0.24790467
955052,0.17127347
955053,0.016682317
955054,0.101110555
955055,0.08129953
955056,0.1055666
955057,0.10255424
955058,0.07470935
955059,0.062766045
955060,0.31644648
955061,0.0445815
955062,0.12635207
955063,0.13973919
955064,0.20081538
955065,0.1508944
955066,0.11360466
955067,0.20560393
955068,0.107248776
955069,0.039280176
955070,0.03972185
955071,0.15558419
955072,0.11213488
955073,0.11386466
955074,0.21810137
955075,0.131423
955076,0.025734963
955077,0.25633743
955078,0.2821721
955079,0.2236954
955080,0.25251544
955081,0.2610279
955082,0.2408529
955083,0.24006537
955084,0.020634875
955085,0.105026715
955086,0.09466918
955087,0.093335256
955088,0.07561346
955089,0.077697866
955090,0.09678815
955091,0.076920316
955092,0.10211896
955093,0.41927007
955094,0.51435757
955095,0.5941421
955096,0.62787205
955097,0.6117521
955098,0.6920741
955099,0.64736724
955100,0.65855163
955101,0.7374552
955102,0.82700986
955103,0.6713375
955104,0.70656747
955105,0.67386043
955106,0.66140777
955107,0.67713135
955108,0.66299623
955109,0.65868616
955110,0.6585335
955111,0.6566897
955112,0.64166373
955113,0.71828073
955114,0.8140535
955115,0.7543644
955116,0.79854226
955117,0.6359314
955118,0.70032084
955119,0.7210311
955120,0.42431897
955121,0.015974263
955122,0.0831708
955123,0.089301266
955124,0.08591139
955125,0.0815403
955126,0.072367884
955127,0.065507844
955128,0.150731
955129,0.076207206
955130,0.12894209
955131,0.070286244
955132,0.2941232
955133,0.3755932
955134,0.35064366
955135,0.47748646
955136,0.36090294
955137,0.42679432
955138,0.42954388
955139,0.45429176
955140,0.4340216
955141,0.36764884
955142,0.3767752
955143,0.10786737
955144,0.38006124
955145,0.22957882
955146,0.022774965
955147,0.09406957
955148,0.10322448
955149,0.07531315
955150,0.10385129
955151,0.11323658
955152,0.09319549
955153,0.13437046
955154,0.07936151
955155,0.03607284
955156,0.19417232
955157,0.16346052
955158,0.28377387
955159,0.2304002
955160,0.29711488
955161,0.5237746
955162,0.35573667
955163,0.18240564
955164,0.18195988
955165,0.17255957
955166,0.2231256
955167,0.01746453
955168,0.06829941
955169,0.06184999
955170,0.0711533
955171,0.06126612
955172,0.05802948
955173,0.069398426
955174,0.026721984
955175,0.018884799
955176,0.10124608
955177,0.0954145
955178,0.108693466
955179,0.1074052
955180,0.09894969
955181,0.04441175
955182,0.17998536
955183,0.2167966
955184,0.287312
955185,0.31596833
955186,0.35686874
955187,0.37216505
955188,0.30166185
955189,0.255945
955190,0.1451933
955191,0.21199888
955192,0.20041947
955193,0.014740126
955194,0.04344251
955195,0.07769942
955196,0.08524173
955197,0.027404105
955198,0.03470752
955199,0.048998706
955200,0.053492863
955201,0.044541705
955202,0.15990275
955203,0.056513
955204,0.08215318
955205,0.09773691
955206,0.07043845
955207,0.017698234
955208,0.04569831
955209,0.046788376
955210,0.034490075
955211,0.09710747
955212,0.05100729
955213,0.1035408
955214,0.032892905
955215,0.051733058
955216,0.04868342
955217,0.023597686
955218,0.09879897
955219,0.06809918
955220,0.03716638
955221,0.047880698
955222,0.097533636
955223,0.4234769
955224,0.43599916
955225,0.4455847
955226,0.56026584
955227,0.48191813
955228,0.59193355
955229,0.5592418
955230,0.6237649
955231,0.6064346
955232,0.59807795
955233,0.59454024
955234,0.45639542
955235,0.580797
955236,0.5891757
955237,0.5903729
955238,0.6082429
955239,0.5577204
955240,0.50212085
955241,0.1918579
955242,0.18483041
955243,0.17812195
955244,0.15074489
955245,0.16611417
955246,0.15206327
955247,0.14962088
955248,0.11787557
955249,0.081638455
955250,0.17074578
955251,0.16066357
955252,0.2089656
955253,0.19383062
955254,0.055368636
955255,0.16958296
955256,0.17722382
955257,0.1696401
955258,0.18308105
955259,0.019199591
955260,0.07123176
955261,0.054487653
955262,0.4358518
955263,0.4014113
955264,0.3141664
955265,0.3778156
955266,0.34111592
955267,0.4307697
955268,0.42410696
955269,0.42340204
955270,0.29833496
955271,0.32249534
955272,0.24513838
955273,0.0889479
955274,0.20264116
955275,0.100197345
955276,0.080025904
955277,0.09565713
955278,0.08611742
955279,0.08966785
955280,0.08130236
955281,0.08481494
955282,0.06933205
955283,0.03476856
955284,0.2237342
955285,0.18781646
955286,0.25007725
955287,0.31454003
955288,0.23198672
955289,0.18987608
955290,0.2468814
955291,0.1483638
955292,0.033397235
955293,0.123019814
955294,0.17236069
955295,0.12932223
955296,0.24156323
955297,0.27954116
955298,0.22294497
955299,0.24471112
955300,0.29037172
955301,0.24134056
955302,0.167118
955303,0.039857112
955304,0.21909744
955305,0.17821796
955306,0.19275117
955307,0.19530968
955308,0.16834217
955309,0.19756243
955310,0.2298867
955311,0.1830806
955312,0.17704552
955313,0.16799504
955314,0.14139634
955315,0.023051886
955316,0.088779196
955317,0.07760919
955318,0.07069085
955319,0.032018058
955320,0.044004045
955321,0.07489166
955322,0.06699969
955323,0.019684197
955324,0.048062827
955325,0.039016698
955326,0.03526275
955327,0.08247034
955328,0.07134891
955329,0.09238146
955330,0.041522577
955331,0.19084959
955332,0.105972454
955333,0.07396989
955334,0.13485467
955335,0.14429721
955336,0.12027642
955337,0.08493869
955338,0.11263578
955339,0.13753405
955340,0.0958456
955341,0.1362376
955342,0.20318455
955343,0.14106075
955344,0.13431968
955345,0.035939556
955346,0.19245158
955347,0.20836376
955348,0.17727649
955349,0.15979664
955350,0.17918305
955351,0.1752184
955352,0.1809016
955353,0.21960562
955354,0.2274706
955355,0.13345888
955356,0.020789811
955357,0.058224127
955358,0.050566018
955359,0.03967087
955360,0.060825013
955361,0.056950748
955362,0.05103378
955363,0.10522639
955364,0.17984265
955365,0.14497042
955366,0.3345498
955367,0.42797115
955368,0.5521896
955369,0.5721349
955370,0.5562085
955371,0.5283142
955372,0.6006597
955373,0.60052484
955374,0.6591607
955375,0.64162767
955376,0.68520164
955377,0.646707
955378,0.57347
955379,0.5568986
955380,0.3769554
955381,0.31365788
955382,0.6096701
955383,0.49790382
955384,0.5481608
955385,0.29692098
955386,0.015231954
955387,0.06510203
955388,0.08550294
955389,0.07309098
955390,0.0693013
955391,0.06902584
955392,0.9860642
955393,0.06640384
955394,0.1264698
955395,0.06714366
955396,0.376855
955397,0.34806895
955398,0.3097711
955399,0.27902222
955400,0.20230418
955401,0.050049253
955402,0.5214851
955403,0.5153352
955404,0.4957709
955405,0.5357795
955406,0.5031808
955407,0.4975648
955408,0.5335493
955409,0.55068433
955410,0.45375478
955411,0.34025204
955412,0.053654507
955413,0.28848818
955414,0.29966477
955415,0.19081971
955416,0.21980135
955417,0.16424681
955418,0.16297959
955419,0.28147483
955420,0.14185107
955421,0.07318309
955422,0.06770583
955423,0.01323418
955424,0.0451508
955425,0.031864893
955426,0.089256585
955427,0.0665313
955428,0.038892727
955429,0.03908712
955430,0.064033434
955431,0.0673799
955432,0.05537906
955433,0.028029902
955434,0.021140303
955435,0.010143636
955436,0.06226583
955437,0.066135705
955438,0.06774705
955439,0.035428062
955440,0.03667632
955441,0.058506157
955442,0.033083227
955443,0.042407636
955444,0.035311244
955445,0.016513674
955446,0.047313135
955447,0.041355237
955448,0.044066038
955449,0.06326318
955450,0.05136637
955451,0.07043574
955452,0.05821295
955453,0.03663044
955454,0.028216524
955455,0.07332742
955456,0.032510657
955457,0.09626664
955458,0.07156962
955459,0.1771782
955460,0.2035821
955461,0.080125995
955462,0.11747768
955463,0.2947742
955464,0.30470726
955465,0.22522011
955466,0.12126962
955467,0.10426696
955468,0.016972417
955469,0.07833147
955470,0.07735515
955471,0.086971566
955472,0.062023375
955473,0.05465643
955474,0.045240175
955475,0.3017539
955476,0.021375053
955477,0.12951207
955478,0.13130485
955479,0.10867654
955480,0.19039524
955481,0.17400263
955482,0.12208304
955483,0.13779917
955484,0.091371685
955485,0.093618385
955486,0.41640878
955487,0.5131773
955488,0.55233294
955489,0.52510315
955490,0.5508382
955491,0.5808634
955492,0.48631766
955493,0.58753437
955494,0.5896099
955495,0.5833282
955496,0.65774626
955497,0.5210739
955498,0.58917195
955499,0.63356525
955500,0.6293659
955501,0.6793056
955502,0.61953545
955503,0.6845216
955504,0.37746096
955505,0.023151977
955506,0.07797671
955507,0.06559132
955508,0.09963638
955509,0.07968438
955510,0.106358565
955511,0.08144077
955512,0.104160786
955513,0.020944867
955514,0.08414308
955515,0.08432572
955516,0.07364427
955517,0.07380808
955518,0.013803879
955519,0.0657065
955520,0.06916991
955521,0.07423965
955522,0.06103144
955523,0.055851586
955524,0.040754158
955525,0.046175748
955526,0.015202186
955527,0.056752365
955528,0.100350365
955529,0.042228762
955530,0.054648723
955531,0.061905358
955532,0.050354958
955533,0.044107057
955534,0.2648844
955535,0.10857076
955536,0.098185666
955537,0.081685476
955538,0.09824968
955539,0.11816715
955540,0.07483192
955541,0.24555628
955542,0.015305081
955543,0.062121008
955544,0.060073886
955545,0.11781124
955546,0.048908982
955547,0.08666965
955548,0.07001084
955549,0.056967046
955550,0.045512114
955551,0.033154838
955552,0.10849892
955553,0.012309666
955554,0.06995295
955555,0.062216442
955556,0.042410016
955557,0.04432358
955558,0.025573293
955559,0.035540327
955560,0.022805966
955561,0.08036619
955562,0.07958657
955563,0.07450878
955564,0.07435431
955565,0.09564718
955566,0.083946235
955567,0.06459101
955568,0.01410202
955569,0.049561925
955570,0.062812135
955571,0.054101847
955572,0.047437064
955573,0.04974167
955574,0.045073405
955575,0.02589014
955576,0.07970704
955577,0.07747023
955578,0.07260253
955579,0.07382532
955580,0.07774502
955581,0.083222196
955582,0.06120644
955583,0.013599307
955584,0.07490552
955585,0.06349019
955586,0.054809254
955587,0.054378927
955588,0.061104175
955589,0.05861486
955590,0.049010802
955591,0.026493384
955592,0.0756373
955593,0.079348244
955594,0.07319069
955595,0.07018393
955596,0.08552594
955597,0.054875497
955598,0.040180802
955599,0.07646608
955600,0.05502926
955601,0.08356965
955602,0.07735103
955603,0.04745019
955604,0.09099294
955605,0.10851141
955606,0.34595782
955607,0.32713392
955608,0.23826344
955609,0.034157258
955610,0.3465254
955611,0.21772298
955612,0.2974213
955613,0.32745188
955614,0.29375035
955615,0.11073822
955616,0.10115321
955617,0.3937187
955618,0.25262055
955619,0.2784857
955620,0.32985112
955621,0.3158676
955622,0.29916134
955623,0.38405576
955624,0.25668785
955625,0.24446978
955626,0.3440947
955627,0.26056978
955628,0.03914762
955629,0.44261792
955630,0.6131605
955631,0.6455558
955632,0.021702476
955633,0.14206533
955634,0.19657479
955635,0.14546934
955636,0.15596212
955637,0.11906993
955638,0.16756141
955639,0.032208085
955640,0.21577108
955641,0.18919563
955642,0.17943148
955643,0.1668882
955644,0.16898568
955645,0.17839365
955646,0.18607435
955647,0.15948863
955648,0.038945843
955649,0.56369376
955650,0.51278293
955651,0.5647767
955652,0.6348611
955653,0.6372697
955654,0.7324899
955655,0.5421865
955656,0.55313873
955657,0.5538137
955658,0.58438456
955659,0.54114306
955660,0.4703226
955661,0.45214337
955662,0.032673813
955663,0.1344094
955664,0.11789884
955665,0.20970467
955666,0.009500603
955667,0.043630533
955668,0.045016505
955669,0.08072899
955670,0.04341718
955671,0.04440274
955672,0.044738404
955673,0.07675488
955674,0.17369072
955675,0.09388429
955676,0.10630616
955677,0.07673297
955678,0.012802349
955679,0.05187623
955680,0.113324344
955681,0.0802015
955682,0.081481114
955683,0.048804946
955684,0.037886743
955685,0.041407257
955686,0.08968958
955687,0.06648067
955688,0.050347693
955689,0.05114966
955690,0.2475821
955691,0.13741742
955692,0.12911642
955693,0.12395846
955694,0.121695936
955695,0.12373439
955696,0.07830819
955697,0.059314717
955698,0.39471403
955699,0.4027146
955700,0.43086445
955701,0.41962427
955702,0.5135192
955703,0.43361804
955704,0.47952616
955705,0.46242905
955706,0.3916984
955707,0.40464246
955708,0.49621993
955709,0.44063628
955710,0.52338755
955711,0.46747625
955712,0.2535937
955713,0.049803328
955714,0.04309724
955715,0.04428857
955716,0.0441648
955717,0.068982676
955718,0.06109593
955719,0.06638225
955720,0.075544454
955721,0.050703105
955722,0.5199503
955723,0.44780144
955724,0.623583
955725,0.62121946
955726,0.6572057
955727,0.62555707
955728,0.6243703
955729,0.64330983
955730,0.6587578
955731,0.6214989
955732,0.612602
955733,0.592537
955734,0.6117747
955735,0.41472065
955736,0.23555544
955737,0.06824638
955738,0.07062529
955739,0.056988236
955740,0.053937085
955741,0.0562189
955742,0.05089547
955743,0.06613691
955744,0.053648066
955745,0.06611739
955746,0.35824904
955747,0.5610861
955748,0.47643417
955749,0.47854272
955750,0.54909897
955751,0.5308788
955752,0.47185087
955753,0.4115477
955754,0.5455807
955755,0.49073446
955756,0.32686758
955757,0.56273997
955758,0.41213474
955759,0.42528918
955760,0.39975944
955761,0.20309693
955762,0.221401
955763,0.23538029
955764,0.012433507
955765,0.055793103
955766,0.046598114
955767,0.06185728
955768,0.04629613
955769,0.047746733
955770,0.056480113
955771,0.048539106
955772,0.052185014
955773,0.013956918
955774,0.051161345
955775,0.04319841
955776,0.12255074
955777,0.04352012
955778,0.13159846
955779,0.08402118
955780,0.05024399
955781,0.036132272
955782,0.08553078
955783,0.052367724
955784,0.026954476
955785,0.11241133
955786,0.043561205
955787,0.27275732
955788,0.22703303
955789,0.009777397
955790,0.040578585
955791,0.061213978
955792,0.05505399
955793,0.04908344
955794,0.05872095
955795,0.059904233
955796,0.05970485
955797,0.015529324
955798,0.08207171
955799,0.084720396
955800,0.06660106
955801,0.0402549
955802,0.036765322
955803,0.04243051
955804,0.07902812
955805,0.114354014
955806,0.08707982
955807,0.028418275
955808,0.029603828
955809,0.08315377
955810,0.076661065
955811,0.072251394
955812,0.096412286
955813,0.014750137
955814,0.12077263
955815,0.050339498
955816,0.051015586
955817,0.049938455
955818,0.06338068
955819,0.13282914
955820,0.061183054
955821,0.056807026
955822,0.048514128
955823,0.08296975
955824,0.11361241
955825,0.5043404
955826,0.5226334
955827,0.60227805
955828,0.6734225
955829,0.7170238
955830,0.70827746
955831,0.73050106
955832,0.702673
955833,0.64060664
955834,0.7209808
955835,0.72977465
955836,0.7028129
955837,0.6860521
955838,0.6800166
955839,0.6549794
955840,0.64908063
955841,0.6354797
955842,0.32457793
955843,0.049397253
955844,0.17706984
955845,0.14523071
955846,0.1534248
955847,0.13720344
955848,0.24982727
955849,0.15744242
955850,0.18986486
955851,0.0786495
955852,0.07394482
955853,0.06527616
955854,0.051646937
955855,0.05587407
955856,0.1811986
955857,0.18185717
955858,0.18596354
955859,0.24014314
955860,0.33645564
955861,0.3092253
955862,0.21831866
955863,0.028915301
955864,0.072896615
955865,0.071160704
955866,0.037062448
955867,0.32789075
955868,0.2680603
955869,0.21533641
955870,0.19276173
955871,0.10458617
955872,0.09253407
955873,0.07669187
955874,0.01618934
955875,0.17084841
955876,0.044936135
955877,0.045496352
955878,0.03964495
955879,0.052491076
955880,0.036515947
955881,0.07350875
955882,0.05092255
955883,0.03703453
955884,0.04738311
955885,0.03636852
955886,0.050069902
955887,0.42233807
955888,0.36824113
955889,0.35041937
955890,0.4384458
955891,0.24279736
955892,0.037707392
955893,0.09771366
955894,0.08974265
955895,0.13855389
955896,0.03906192
955897,0.36826268
955898,0.47969177
955899,0.47282636
955900,0.5322872
955901,0.55170554
955902,0.55617374
955903,0.5108968
955904,0.5014071
955905,0.57869804
955906,0.50833964
955907,0.5761422
955908,0.34063745
955909,0.052868087
955910,0.4715584
955911,0.43833643
955912,0.43061882
955913,0.38689137
955914,0.46911246
955915,0.5079842
955916,0.4313017
955917,0.50153625
955918,0.46648794
955919,0.46203884
955920,0.39259452
955921,0.40101358
955922,0.39578173
955923,0.4348142
955924,0.28433448
955925,0.05959736
955926,0.43964133
955927,0.37297675
955928,0.5927149
955929,0.44418764
955930,0.27044064
955931,0.57999706
955932,0.50420475
955933,0.5189539
955934,0.26941648
955935,0.7098975
955936,0.39705682
955937,0.06602938
955938,0.37611267
955939,0.41138607
955940,0.4717859
955941,0.49564376
955942,0.4990621
955943,0.4814896
955944,0.22107731
955945,0.47315744
955946,0.49239114
955947,0.58726466
955948,0.47501278
955949,0.39936382
955950,0.51779914
955951,0.5750041
955952,0.5105698
955953,0.5228753
955954,0.25762972
955955,0.28313532
955956,0.25751916
955957,0.095438145
955958,0.3510765
955959,0.29777014
955960,0.36433157
955961,0.29777014
955962,0.22559448
955963,0.21206257
955964,0.0828708
955965,0.06518336
955966,0.18221034
955967,0.043316264
955968,0.24477501
955969,0.32381848
955970,0.2689012
955971,0.3292492
955972,0.2808476
955973,0.4777855
955974,0.23398851
955975,0.2700506
955976,0.046935104
955977,0.04055249
955978,0.034791682
955979,0.08001107
955980,0.031677235
955981,0.10321298
955982,0.26640397
955983,0.04593132
955984,0.3153457
955985,0.096262194
955986,0.08167409
955987,0.13867208
955988,0.36784184
955989,0.3934569
955990,0.4595142
955991,0.19094971
955992,0.43948206
955993,0.4090945
955994,0.3617153
955995,0.32782975
955996,0.080123216
955997,0.037003696
955998,0.3156506
955999,0.17819682
956000,0.22716315
956001,0.12149095
956002,0.11591573
956003,0.10227778
956004,0.08880544
956005,0.008960831
956006,0.034787167
956007,0.039657187
956008,0.034031153
956009,0.03414534
956010,0.034857176
956011,0.035485443
956012,0.03500588
956013,0.037073568
956014,0.09885367
956015,0.0955899
956016,0.10205626
956017,0.093876384
956018,0.09632132
956019,0.09593035
956020,0.10179117
956021,0.020462416
956022,0.047461923
956023,0.17096213
956024,0.22235115
956025,0.14738075
956026,0.23089507
956027,0.29323968
956028,0.23711497
956029,0.2955941
956030,0.13396703
956031,0.23902658
956032,0.21622361
956033,0.10191636
956034,0.031557024
956035,0.18047054
956036,0.14268233
956037,0.12308802
956038,0.09565249
956039,0.109895885
956040,0.11227159
956041,0.09963438
956042,0.10840307
956043,0.0246316
956044,0.13624701
956045,0.092593186
956046,0.14526486
956047,0.09711364
956048,0.108891405
956049,0.09440183
956050,0.11908673
956051,0.1051758
956052,0.03468273
956053,0.09457619
956054,0.07898457
956055,0.09579256
956056,0.089697
956057,0.095183305
956058,0.07835428
956059,0.09386777
956060,0.024492286
956061,0.116715215
956062,0.069401704
956063,0.09624372
956064,0.067775965
956065,0.059411816
956066,0.11023891
956067,0.021007072
956068,0.1628822
956069,0.10564609
956070,0.12615706
956071,0.21097815
956072,0.22038732
956073,0.12870346
956074,0.23936793
956075,0.12480455
956076,0.12363637
956077,0.09227246
956078,0.02171953
956079,0.085139334
956080,0.06723579
956081,0.06306856
956082,0.12218716
956083,0.07306829
956084,0.08480222
956085,0.05073008
956086,0.023778828
956087,0.061760444
956088,0.081561185
956089,0.08602168
956090,0.08582782
956091,0.07414395
956092,0.061276473
956093,0.009416503
956094,0.027817851
956095,0.028741062
956096,0.0265684
956097,0.027798774
956098,0.026645804
956099,0.023806179
956100,0.015673753
956101,0.0914
956102,0.08549631
956103,0.08270143
956104,0.059545927
956105,0.058110554
956106,0.125419
956107,0.29425672
956108,0.025043648
956109,0.0929672
956110,0.12134931
956111,0.08717726
956112,0.07961373
956113,0.124224514
956114,0.09080387
956115,0.077551246
956116,0.07720515
956117,0.042429473
956118,0.020137964
956119,0.08099339
956120,0.07454461
956121,0.08095317
956122,0.08281552
956123,0.083230376
956124,0.08871937
956125,0.051474918
956126,0.07557345
956127,0.051090725
956128,0.054478467
956129,0.05707154
956130,0.076422304
956131,0.038234107
956132,0.025623903
956133,0.09053116
956134,0.07158843
956135,0.09327085
956136,0.086732954
956137,0.10054692
956138,0.0864778
956139,0.09584778
956140,0.060188577
956141,0.28117377
956142,0.028475119
956143,0.07544275
956144,0.07837644
956145,0.09908731
956146,0.023948248
956147,0.113827035
956148,0.062120188
956149,0.070210844
956150,0.07448872
956151,0.07119186
956152,0.061566066
956153,0.34595868
956154,0.11926492
956155,0.119766764
956156,0.032718804
956157,0.10510843
956158,0.06473911
956159,0.07114813
956160,0.09094907
956161,0.10475592
956162,0.037925296
956163,0.12842807
956164,0.12823951
956165,0.122353576
956166,0.14235534
956167,0.12044041
956168,0.26547357
956169,0.024002953
956170,0.07597447
956171,0.04068439
956172,0.069449194
956173,0.067457035
956174,0.08885165
956175,0.3409752
956176,0.21731582
956177,0.2315254
956178,0.22139163
956179,0.20700249
956180,0.17376576
956181,0.1586406
956182,0.38618085
956183,0.23604004
956184,0.20152494
956185,0.045766067
956186,0.2482923
956187,0.20027144
956188,0.21157467
956189,0.4070063
956190,0.3811981
956191,0.37235862
956192,0.443552
956193,0.6232203
956194,0.3009105
956195,0.23529507
956196,0.10417463
956197,0.10357134
956198,0.058860987
956199,0.43637294
956200,0.45793113
956201,0.36584264
956202,0.15947182
956203,0.1544152
956204,0.5570487
956205,0.988732
956206,0.5591078
956207,0.64487094
956208,0.9922019
956209,0.5714527
956210,0.63805234
956211,0.6389663
956212,0.64837235
956213,0.6623873
956214,0.9925995
956215,0.6575309
956216,0.6481962
956217,0.64953357
956218,0.9917657
956219,0.99136704
956220,0.6216895
956221,0.619937
956222,0.6196188
956223,0.6016621
956224,0.58584446
956225,0.58111197
956226,0.59265345
956227,0.98925894
956228,0.984938
956229,0.021625405
956230,0.16960579
956231,0.12579957
956232,0.14653613
956233,0.14113574
956234,0.11815946
956235,0.08280618
956236,0.030103698
956237,0.125467
956238,0.20425434
956239,0.1658493
956240,0.13008706
956241,0.0102746375
956242,0.04150872
956243,0.04424081
956244,0.08661157
956245,0.03510292
956246,0.97448903
956247,0.019238383
956248,0.06007351
956249,0.09854474
956250,0.41871387
956251,0.48835236
956252,0.41166177
956253,0.4917094
956254,0.3530767
956255,0.54594517
956256,0.5033245
956257,0.56716704
956258,0.3794845
956259,0.5080157
956260,0.53932804
956261,0.34714335
956262,0.534152
956263,0.35472065
956264,0.18716134
956265,0.08308303
956266,0.08448333
956267,0.11430556
956268,0.07631688
956269,0.05801349
956270,0.029178413
956271,0.04955731
956272,0.20577167
956273,0.12884668
956274,0.1761005
956275,0.178562
956276,0.11220895
956277,0.108956225
956278,0.15468925
956279,0.22744186
956280,0.22002962
956281,0.12591735
956282,0.2860441
956283,0.45868284
956284,0.41779932
956285,0.49040437
956286,0.5468575
956287,0.47628382
956288,0.5315163
956289,0.5317911
956290,0.5507063
956291,0.5488017
956292,0.5099896
956293,0.28693235
956294,0.01623303
956295,0.081984185
956296,0.077206254
956297,0.08875334
956298,0.085000716
956299,0.059364375
956300,0.07773389
956301,0.063506916
956302,0.03962945
956303,0.50624543
956304,0.4683482
956305,0.6220394
956306,0.65760356
956307,0.5436575
956308,0.61186534
956309,0.6489673
956310,0.6346647
956311,0.65789694
956312,0.5717675
956313,0.6070914
956314,0.6002287
956315,0.57020783
956316,0.3275044
956317,0.24399215
956318,0.08301409
956319,0.215962
956320,0.16058101
956321,0.056068793
956322,0.037569072
956323,0.18661526
956324,0.15137313
956325,0.069826975
956326,0.14820787
956327,0.1609285
956328,0.1149339
956329,0.040533774
956330,0.028297491
956331,0.035429288
956332,0.28144318
956333,0.3136427
956334,0.27349618
956335,0.25161391
956336,0.31392646
956337,0.30250093
956338,0.105080836
956339,0.33691505
956340,0.10516426
956341,0.2175793
956342,0.3404859
956343,0.09195073
956344,0.029855672
956345,0.24535687
956346,0.2842579
956347,0.3127425
956348,0.28128877
956349,0.3229698
956350,0.27526426
956351,0.27516353
956352,0.24215624
956353,0.18001406
956354,0.111624405
956355,0.021208411
956356,0.07182404
956357,0.065830596
956358,0.06201992
956359,0.09434612
956360,0.0959336
956361,0.08672489
956362,0.08322232
956363,0.011812175
956364,0.070674665
956365,0.0683754
956366,0.072336495
956367,0.061743353
956368,0.06482893
956369,0.05018299
956370,0.037844103
956371,0.24650666
956372,0.21138258
956373,0.19149683
956374,0.22774181
956375,0.069605656
956376,0.05748093
956377,0.2645089
956378,0.23989204
956379,0.18650784
956380,0.24411586
956381,0.12130959
956382,0.40333733
956383,0.4600086
956384,0.4416527
956385,0.5008092
956386,0.52379644
956387,0.6537564
956388,0.5128258
956389,0.45962045
956390,0.49641675
956391,0.53617984
956392,0.62638503
956393,0.547452
956394,0.5029527
956395,0.5519166
956396,0.5070874
956397,0.29292032
956398,0.15593915
956399,0.07938761
956400,0.082312495
956401,0.07001557
956402,0.08791054
956403,0.03706763
956404,0.24699901
956405,0.27437004
956406,0.0275123
956407,0.10509172
956408,0.15384482
956409,0.11424041
956410,0.13484015
956411,0.16103691
956412,0.09970986
956413,0.1340257
956414,0.10798494
956415,0.11011133
956416,0.066236675
956417,0.02402375
956418,0.19789203
956419,0.23872823
956420,0.2380144
956421,0.16756976
956422,0.19134967
956423,0.33631802
956424,0.21333772
956425,0.20450136
956426,0.3478727
956427,0.19257987
956428,0.26907617
956429,0.2421912
956430,0.2126536
956431,0.19382946
956432,0.16959839
956433,0.023431689
956434,0.14127745
956435,0.12442583
956436,0.18014967
956437,0.11362053
956438,0.12611984
956439,0.11999994
956440,0.12421961
956441,0.10357223
956442,0.18343529
956443,0.10336599
956444,0.076327436
956445,0.07806722
956446,0.35513902
956447,0.47393522
956448,0.42890218
956449,0.40951785
956450,0.45820853
956451,0.40870428
956452,0.6250752
956453,0.51909757
956454,0.52945745
956455,0.5182733
956456,0.5103636
956457,0.47897375
956458,0.48649698
956459,0.34502828
956460,0.15957719
956461,0.08795983
956462,0.06596444
956463,0.117591776
956464,0.14025882
956465,0.073213436
956466,0.09316216
956467,0.092456244
956468,0.07690469
956469,0.4261135
956470,0.4128445
956471,0.5247121
956472,0.31500337
956473,0.3923012
956474,0.2852671
956475,0.4784929
956476,0.38978964
956477,0.42780373
956478,0.12240829
956479,0.061352633
956480,0.04002564
956481,0.032771725
956482,0.03449564
956483,0.032209214
956484,0.030685814
956485,0.3746982
956486,0.35018286
956487,0.24931622
956488,0.34560132
956489,0.44418275
956490,0.39562201
956491,0.35549417
956492,0.2647938
956493,0.009272143
956494,0.035731886
956495,0.030420963
956496,0.033536423
956497,0.03499524
956498,0.027370222
956499,0.037100032
956500,0.42253315
956501,0.28275177
956502,0.31806323
956503,0.35878864
956504,0.009529162
956505,0.033234738
956506,0.03189449
956507,0.032369204
956508,0.03156423
956509,0.031057596
956510,0.02696203
956511,0.009457815
956512,0.035067856
956513,0.09115062
956514,0.091784306
956515,0.091784306
956516,0.092128895
956517,0.09108859
956518,0.09889454
956519,0.16714613
956520,0.13307752
956521,0.07042555
956522,0.07890618
956523,0.060895354
956524,0.14871883
956525,0.01813784
956526,0.07711841
956527,0.03827947
956528,0.05662129
956529,0.07125702
956530,0.10243515
956531,0.085816115
956532,0.063418776
956533,0.22593133
956534,0.018745136
956535,0.101760805
956536,0.10613203
956537,0.09576729
956538,0.098185435
956539,0.10019859
956540,0.09211577
956541,0.102391124
956542,0.0830624
956543,0.032893132
956544,0.10394919
956545,0.10190734
956546,0.1288109
956547,0.026399793
956548,0.11211484
956549,0.09918242
956550,0.11191709
956551,0.38898233
956552,0.1350081
956553,0.07789017
956554,0.09869975
956555,0.07476077
956556,0.15401813
956557,0.07104679
956558,0.10890881
956559,0.033573784
956560,0.19442454
956561,0.19923446
956562,0.20127498
956563,0.13402206
956564,0.12798989
956565,0.12729521
956566,0.15747875
956567,0.17152052
956568,0.11793138
956569,0.019766109
956570,0.07468961
956571,0.08463361
956572,0.07112651
956573,0.08554277
956574,0.06589198
956575,0.034920067
956576,0.11143622
956577,0.10592275
956578,0.120158516
956579,0.16569994
956580,0.101738095
956581,0.099744916
956582,0.075336784
956583,0.034546275
956584,0.11303925
956585,0.11901198
956586,0.12225893
956587,0.115348436
956588,0.12871818
956589,0.15636551
956590,0.078796774
956591,0.2615916
956592,0.26853135
956593,0.2815269
956594,0.24777067
956595,0.29861906
956596,0.22633998
956597,0.2730213
956598,0.154892
956599,0.06425132
956600,0.12544681
956601,0.03477948
956602,0.20578003
956603,0.23819098
956604,0.21259767
956605,0.23065995
956606,0.26326543
956607,0.27064326
956608,0.17898367
956609,0.28407785
956610,0.13394439
956611,0.117322706
956612,0.109371595
956613,0.12920274
956614,0.032151777
956615,0.32273433
956616,0.2567471
956617,0.3913014
956618,0.32337418
956619,0.24884887
956620,0.3283264
956621,0.23972452
956622,0.32328632
956623,0.32124817
956624,0.23304978
956625,0.3321005
956626,0.2613752
956627,0.40593186
956628,0.48654264
956629,0.48224393
956630,0.4503471
956631,0.466748
956632,0.5499815
956633,0.35908285
956634,0.5481526
956635,0.6270542
956636,0.7330337
956637,0.46822926
956638,0.55729854
956639,0.029823093
956640,0.24075171
956641,0.2506629
956642,0.23724762
956643,0.25199047
956644,0.23819752
956645,0.15162684
956646,0.13274959
956647,0.057262767
956648,0.13501285
956649,0.056598935
956650,0.5570322
956651,0.56330955
956652,0.64443254
956653,0.542145
956654,0.5952372
956655,0.5752103
956656,0.6006713
956657,0.5648237
956658,0.62379456
956659,0.6436781
956660,0.4701043
956661,0.58150977
956662,0.49970967
956663,0.6498965
956664,0.49881074
956665,0.17232767
956666,0.11073195
956667,0.13172269
956668,0.12581629
956669,0.15303865
956670,0.054472607
956671,0.44687596
956672,0.3807283
956673,0.41432443
956674,0.36811975
956675,0.3599406
956676,0.32129943
956677,0.0676965
956678,0.048546616
956679,0.04866594
956680,0.06480396
956681,0.043845806
956682,0.039323505
956683,0.015839882
956684,0.055082545
956685,0.075837135
956686,0.05263177
956687,0.04245137
956688,0.0443847
956689,0.04662215
956690,0.055339362
956691,0.050004296
956692,0.083234966
956693,0.012210922
956694,0.055228427
956695,0.05632638
956696,0.03341414
956697,0.035067607
956698,0.056208678
956699,0.03740291
956700,0.023012755
956701,0.07618849
956702,0.058714584
956703,0.20657644
956704,0.19352148
956705,0.020805864
956706,0.07657771
956707,0.058270957
956708,0.05171352
956709,0.018135445
956710,0.2337142
956711,0.17126897
956712,0.19339766
956713,0.14489177
956714,0.10378632
956715,0.047890723
956716,0.036608126
956717,0.049473114
956718,0.08671358
956719,0.0442457
956720,0.046265434
956721,0.05726946
956722,0.051473126
956723,0.06990314
956724,0.042195845
956725,0.034900468
956726,0.1460978
956727,0.15199298
956728,0.18027115
956729,0.15313238
956730,0.13228734
956731,0.27007902
956732,0.2853542
956733,0.028252821
956734,0.12541762
956735,0.13301343
956736,0.15402304
956737,0.12818176
956738,0.21685913
956739,0.6350821
956740,0.7640436
956741,0.80948657
956742,0.77755576
956743,0.83214545
956744,0.855657
956745,0.829279
956746,0.80955875
956747,0.7703532
956748,0.8663275
956749,0.8257778
956750,0.8222244
956751,0.7924045
956752,0.7574832
956753,0.81745285
956754,0.8550926
956755,0.74802476
956756,0.8130485
956757,0.81033164
956758,0.71474165
956759,0.8011913
956760,0.7494765
956761,0.7987005
956762,0.7385511
956763,0.71599936
956764,0.7766777
956765,0.82914376
956766,0.7837083
956767,0.7764654
956768,0.8010116
956769,0.8055155
956770,0.710717
956771,0.16194353
956772,0.23528704
956773,0.14380632
956774,0.142256
956775,0.1153934
956776,0.091801085
956777,0.25273624
956778,0.03493312
956779,0.13369724
956780,0.11061867
956781,0.439826
956782,0.60332954
956783,0.69704294
956784,0.6324133
956785,0.65612876
956786,0.75984854
956787,0.6881954
956788,0.58479476
956789,0.7018218
956790,0.74745953
956791,0.74744165
956792,0.77630824
956793,0.76156473
956794,0.6819064
956795,0.77465427
956796,0.7558229
956797,0.740611
956798,0.6432531
956799,0.72103894
956800,0.6980096
956801,0.6728915
956802,0.61537904
956803,0.76276666
956804,0.47820657
956805,0.31199574
956806,0.22792073
956807,0.22148636
956808,0.23462622
956809,0.16177638
956810,0.044093788
956811,0.11469875
956812,0.103545174
956813,0.35078007
956814,0.2969039
956815,0.36439374
956816,0.3372887
956817,0.32952806
956818,0.35549676
956819,0.12919879
956820,0.53132004
956821,0.6664633
956822,0.66572005
956823,0.7526095
956824,0.7406386
956825,0.7878554
956826,0.7704404
956827,0.75900555
956828,0.6675004
956829,0.71751773
956830,0.7688891
956831,0.6381627
956832,0.7273538
956833,0.6231232
956834,0.6837282
956835,0.7148306
956836,0.7737426
956837,0.64577043
956838,0.7422167
956839,0.53048074
956840,0.07495522
956841,0.24557847
956842,0.23778374
956843,0.28423867
956844,0.23581135
956845,0.07540535
956846,0.11091238
956847,0.5147873
956848,0.5517699
956849,0.5414681
956850,0.5911281
956851,0.5744871
956852,0.5769927
956853,0.5678366
956854,0.60146767
956855,0.576429
956856,0.5577687
956857,0.57902247
956858,0.5377798
956859,0.57692826
956860,0.55187446
956861,0.5400441
956862,0.45849088
956863,0.028486438
956864,0.25137046
956865,0.21462347
956866,0.21848406
956867,0.21829234
956868,0.14574735
956869,0.051081028
956870,0.48718837
956871,0.46944204
956872,0.4529442
956873,0.46434933
956874,0.48155794
956875,0.48801732
956876,0.48343197
956877,0.494178
956878,0.47076824
956879,0.465979
956880,0.48839328
956881,0.29978585
956882,0.053107653
956883,0.22306585
956884,0.1937094
956885,0.14903076
956886,0.04628405
956887,0.37768713
956888,0.41281343
956889,0.35052383
956890,0.3530662
956891,0.36559093
956892,0.37572318
956893,0.28989112
956894,0.02056406
956895,0.08517478
956896,0.09397053
956897,0.095766336
956898,0.09222881
956899,0.07756851
956900,0.09645516
956901,0.092115276
956902,0.06755764
956903,0.063533895
956904,0.43471646
956905,0.50447017
956906,0.529643
956907,0.51445556
956908,0.50415736
956909,0.5442287
956910,0.54366016
956911,0.52188236
956912,0.5296678
956913,0.4700444
956914,0.53133434
956915,0.51176924
956916,0.37154022
956917,0.020507894
956918,0.13689378
956919,0.10781079
956920,0.09638009
956921,0.09052166
956922,0.09812448
956923,0.16826357
956924,0.09016403
956925,0.081858106
956926,0.12627782
956927,0.062322564
956928,0.1837541
956929,0.18650393
956930,0.2557793
956931,0.14160733
956932,0.18957734
956933,0.14079645
956934,0.12463178
956935,0.07711439
956936,0.08889476
956937,0.024816854
956938,0.20905484
956939,0.027511409
956940,0.085570544
956941,0.09090168
956942,0.1072417
956943,0.10329058
956944,0.076678574
956945,0.17213124
956946,0.12825623
956947,0.16722389
956948,0.2170829
956949,0.11454156
956950,0.16916882
956951,0.16384333
956952,0.15592916
956953,0.2291608
956954,0.041743036
956955,0.12825854
956956,0.11680245
956957,0.12513402
956958,0.11033431
956959,0.18470366
956960,0.116147585
956961,0.105838284
956962,0.6084007
956963,0.64721966
956964,0.64195967
956965,0.6983826
956966,0.5274928
956967,0.7282881
956968,0.71563226
956969,0.6962317
956970,0.53997904
956971,0.54155886
956972,0.58890104
956973,0.5595281
956974,0.7614906
956975,0.73800415
956976,0.7695074
956977,0.5866324
956978,0.7504245
956979,0.70239604
956980,0.71203977
956981,0.6799651
956982,0.68902344
956983,0.69018674
956984,0.69561493
956985,0.673736
956986,0.7840459
956987,0.2772723
956988,0.15309797
956989,0.10847716
956990,0.07412416
956991,0.07994164
956992,0.08099197
956993,0.08274613
956994,0.07531747
956995,0.060124576
956996,0.18438949
956997,0.033798102
956998,0.0700318
956999,0.07416371
957000,0.08238162
957001,0.061895974
957002,0.083093114
957003,0.08243344
957004,0.056980703
957005,0.03632942
957006,0.18792948
957007,0.20005105
957008,0.31226486
957009,0.039357554
957010,0.062393133
957011,0.06404064
957012,0.07705643
957013,0.07382171
957014,0.07968968
957015,0.057888255
957016,0.031247891
957017,0.09027451
957018,0.060372096
957019,0.055256523
957020,0.057417244
957021,0.08204507
957022,0.066061385
957023,0.053732567
957024,0.040088605
957025,0.10117917
957026,0.051957637
957027,0.050671495
957028,0.09232002
957029,0.1774465
957030,0.1304799
957031,0.13825336
957032,0.13808344
957033,0.17224903
957034,0.14398697
957035,0.08318287
957036,0.088795826
957037,0.20902112
957038,0.034026954
957039,0.1940548
957040,0.16390494
957041,0.13266464
957042,0.17951559
957043,0.09856927
957044,0.09058844
957045,0.044405937
957046,0.07753832
957047,0.032164373
957048,0.042652898
957049,0.042924307
957050,0.042215716
957051,0.042181287
957052,0.035528243
957053,0.2662784
957054,0.014223341
957055,0.038226902
957056,0.040056508
957057,0.036274318
957058,0.048307903
957059,0.033945832
957060,0.037178554
957061,0.04078079
957062,0.01140581
957063,0.054650694
957064,0.041780084
957065,0.041658193
957066,0.044941917
957067,0.037366565
957068,0.48041725
957069,0.040157802
957070,0.18148276
957071,0.030478887
957072,0.23459947
957073,0.24996614
957074,0.11164994
957075,0.39101866
957076,0.27543905
957077,0.24035357
957078,0.22739692
957079,0.10775053
957080,0.32333115
957081,0.28434557
957082,0.3244352
957083,0.32062465
957084,0.2564823
957085,0.033482186
957086,0.011481665
957087,0.051904637
957088,0.044211574
957089,0.042097233
957090,0.041803006
957091,0.053567067
957092,0.042476922
957093,0.053935725
957094,0.039287243
957095,0.016793612
957096,0.07870031
957097,0.04104208
957098,0.035525717
957099,0.039457772
957100,0.03980849
957101,0.041798692
957102,0.049313445
957103,0.29838973
957104,0.14517333
957105,0.013063571
957106,0.05332261
957107,0.091964684
957108,0.04921473
957109,0.05818821
957110,0.08494175
957111,0.07172031
957112,0.07315418
957113,0.074985914
957114,0.047558594
957115,0.2703906
957116,0.1386751
957117,0.12792034
957118,0.13254641
957119,0.08301538
957120,0.0121027455
957121,0.052437205
957122,0.04478589
957123,0.088099666
957124,0.0713326
957125,0.059071656
957126,0.05317072
957127,0.140919
957128,0.0982451
957129,0.06400334
957130,0.02042819
957131,0.08489454
957132,0.10470257
957133,0.09999683
957134,0.09888547
957135,0.07953006
957136,0.091528185
957137,0.09572764
957138,0.1050392
957139,0.0583502
957140,0.2179736
957141,0.17493491
957142,0.2217292
957143,0.21822456
957144,0.21684302
957145,0.1709068
957146,0.14374721
957147,0.028039029
957148,0.19590214
957149,0.17097224
957150,0.25179878
957151,0.14407817
957152,0.32435942
957153,0.23249243
957154,0.32961786
957155,0.081982926
957156,0.2771805
957157,0.14829218
957158,0.27536196
957159,0.21623291
957160,0.040674873
957161,0.13819675
957162,0.12786186
957163,0.106686465
957164,0.13924131
957165,0.0709151
957166,0.54668474
957167,0.59301066
957168,0.6056616
957169,0.6068524
957170,0.66901755
957171,0.7133256
957172,0.5986425
957173,0.6609004
957174,0.6288291
957175,0.667401
957176,0.44651717
957177,0.55010164
957178,0.5967361
957179,0.36810443
957180,0.2663897
957181,0.52928466
957182,0.6151272
957183,0.61582184
957184,0.66941273
957185,0.58883905
957186,0.6781557
957187,0.7155411
957188,0.67669773
957189,0.7187018
957190,0.7292701
957191,0.73538035
957192,0.7559277
957193,0.7534557
957194,0.7465576
957195,0.7679868
957196,0.749922
957197,0.73792726
957198,0.7686851
957199,0.74256825
957200,0.7786833
957201,0.7256157
957202,0.7044595
957203,0.75357646
957204,0.7003882
957205,0.8300219
957206,0.72627383
957207,0.7138878
957208,0.4479449
957209,0.026765324
957210,0.24431357
957211,0.24005947
957212,0.23458533
957213,0.23526835
957214,0.24192964
957215,0.2451362
957216,0.22848111
957217,0.05943361
957218,0.09746562
957219,0.105210304
957220,0.03986848
957221,0.13903311
957222,0.12712538
957223,0.14369033
957224,0.15543239
957225,0.084215604
957226,0.16769512
957227,0.25850615
957228,0.17837267
957229,0.25892192
957230,0.18975097
957231,0.19749835
957232,0.18768054
957233,0.2339967
957234,0.15832572
957235,0.124298334
957236,0.17114525
957237,0.13693887
957238,0.14375372
957239,0.10509087
957240,0.035807643
957241,0.22539498
957242,0.123458676
957243,0.050479718
957244,0.13526385
957245,0.13443951
957246,0.13128667
957247,0.13133809
957248,0.13912664
957249,0.111164495
957250,0.10659286
957251,0.11049747
957252,0.103585735
957253,0.113532
957254,0.24683185
957255,0.08971229
957256,0.10460783
957257,0.076765396
957258,0.088776
957259,0.066491604
957260,0.030945916
957261,0.42195854
957262,0.4684605
957263,0.46013436
957264,0.36204875
957265,0.31379572
957266,0.3684508
957267,0.30276197
957268,0.32279888
957269,0.15072343
957270,0.05055795
957271,0.14763723
957272,0.13467003
957273,0.123266
957274,0.13564244
957275,0.1258509
957276,0.14544763
957277,0.09174869
957278,0.025185818
957279,0.14368293
957280,0.053293448
957281,0.04649833
957282,0.41622266
957283,0.22465041
957284,0.54394585
957285,0.33489966
957286,0.36384636
957287,0.42256933
957288,0.367288
957289,0.16726144
957290,0.30859834
957291,0.41355067
957292,0.47931206
957293,0.2523146
957294,0.17332514
957295,0.46914306
957296,0.12856108
957297,0.02064493
957298,0.11204816
957299,0.108057655
957300,0.110288635
957301,0.10883775
957302,0.1588226
957303,0.12623592
957304,0.12181294
957305,0.10997863
957306,0.22681871
957307,0.02154057
957308,0.108775534
957309,0.04282672
957310,0.23052278
957311,0.20988105
957312,0.22977003
957313,0.05941245
957314,0.36256325
957315,0.5134285
957316,0.48140454
957317,0.42943063
957318,0.4994683
957319,0.52681655
957320,0.6732596
957321,0.55143774
957322,0.6209932
957323,0.62759626
957324,0.63085955
957325,0.57029206
957326,0.41215616
957327,0.60194373
957328,0.4176053
957329,0.44414932
957330,0.5350807
957331,0.6604943
957332,0.5494258
957333,0.5216369
957334,0.24125081
957335,0.21554305
957336,0.020662848
957337,0.14178118
957338,0.105975054
957339,0.12332144
957340,0.13799758
957341,0.094597936
957342,0.07775716
957343,0.070408545
957344,0.07806953
957345,0.4723807
957346,0.5129984
957347,0.52412045
957348,0.37188116
957349,0.31485462
957350,0.64146405
957351,0.56792
957352,0.64453244
957353,0.36429143
957354,0.35673955
957355,0.42368564
957356,0.6796311
957357,0.67054296
957358,0.7299109
957359,0.50513023
957360,0.6750248
957361,0.66256195
957362,0.65868884
957363,0.6546483
957364,0.6531622
957365,0.6266149
957366,0.6544065
957367,0.64349675
957368,0.5576423
957369,0.023522208
957370,0.12595282
957371,0.10777802
957372,0.133023
957373,0.110298224
957374,0.11366897
957375,0.10845251
957376,0.11980382
957377,0.111811005
957378,0.034841467
957379,0.11560309
957380,0.118738726
957381,0.10900588
957382,0.11064359
957383,0.13109773
957384,0.1076879
957385,0.08403933
957386,0.19485354
957387,0.019700378
957388,0.12505129
957389,0.10313224
957390,0.109281264
957391,0.09734149
957392,0.10002931
957393,0.10148176
957394,0.11294705
957395,0.03009257
957396,0.10909472
957397,0.1369666
957398,0.10791732
957399,0.11359444
957400,0.12670985
957401,0.10302491
957402,0.15275072
957403,0.10250108
957404,0.3848006
957405,0.44548765
957406,0.45791346
957407,0.48808423
957408,0.49649107
957409,0.54124707
957410,0.5347743
957411,0.5437401
957412,0.62860847
957413,0.4780708
957414,0.6398899
957415,0.56361973
957416,0.5857838
957417,0.561851
957418,0.7144877
957419,0.54355013
957420,0.53356516
957421,0.5298218
957422,0.32905567
957423,0.080933824
957424,0.021423196
957425,0.19195399
957426,0.18587595
957427,0.13819937
957428,0.17727327
957429,0.16188575
957430,0.19499832
957431,0.19577035
957432,0.15041767
957433,0.100939795
957434,0.02191489
957435,0.09538639
957436,0.08313995
957437,0.07904751
957438,0.016690165
957439,0.047429204
957440,0.04249699
957441,0.041814554
957442,0.04713025
957443,0.07940577
957444,0.022467596
957445,0.10740627
957446,0.14763221
957447,0.11037584
957448,0.16120835
957449,0.11582396
957450,0.12315105
957451,0.31837946
957452,0.11664469
957453,0.08847512
957454,0.019122064
957455,0.074486665
957456,0.072897226
957457,0.077072084
957458,0.10103409
957459,0.12096317
957460,0.106703505
957461,0.072485596
957462,0.044087023
957463,0.15650366
957464,0.02646758
957465,0.12338579
957466,0.11691487
957467,0.14723605
957468,0.15132214
957469,0.108858906
957470,0.121927686
957471,0.1173209
957472,0.1282302
957473,0.11685605
957474,0.024936775
957475,0.08762259
957476,0.10465716
957477,0.07950622
957478,0.077202916
957479,0.08364953
957480,0.07361851
957481,0.06822814
957482,0.11076787
957483,0.03096487
957484,0.14519826
957485,0.15769103
957486,0.41244605
957487,0.25889236
957488,0.16101825
957489,0.14657445
957490,0.23179546
957491,0.23395002
957492,0.24334352
957493,0.17525321
957494,0.032770358
957495,0.10926107
957496,0.10903034
957497,0.095409855
957498,0.08823755
957499,0.10691253
957500,0.11802885
957501,0.11707127
957502,0.1240598
957503,0.079128176
957504,0.017834099
957505,0.12471507
957506,0.10959219
957507,0.11744574
957508,0.104710616
957509,0.10815908
957510,0.108034804
957511,0.12352432
957512,0.10005531
957513,0.020926474
957514,0.08507696
957515,0.09471302
957516,0.067102134
957517,0.07431678
957518,0.0733932
957519,0.072944775
957520,0.0760549
957521,0.07126577
957522,0.020451678
957523,0.14040276
957524,0.12316792
957525,0.12314495
957526,0.11770033
957527,0.12132525
957528,0.12832133
957529,0.14675525
957530,0.097363494
957531,0.11138923
957532,0.017941063
957533,0.13991992
957534,0.11004958
957535,0.13748696
957536,0.12009613
957537,0.11182005
957538,0.11182104
957539,0.13197058
957540,0.1001185
957541,0.17355254
957542,0.6073279
957543,0.748596
957544,0.82500243
957545,0.8047992
957546,0.77475274
957547,0.81750154
957548,0.8474129
957549,0.81679255
957550,0.8214541
957551,0.8312699
957552,0.8280336
957553,0.83359575
957554,0.82102036
957555,0.8294
957556,0.83288354
957557,0.8354513
957558,0.839813
957559,0.8829091
957560,0.8502447
957561,0.8509758
957562,0.85243136
957563,0.8574018
957564,0.8609637
957565,0.8631424
957566,0.86432326
957567,0.8637868
957568,0.8637868
957569,0.8631858
957570,0.8631858
957571,0.8969011
957572,0.86385006
957573,0.86385006
957574,0.8579616
957575,0.86094445
957576,0.8283856
957577,0.8270108
957578,0.82581156
957579,0.833376
957580,0.82587606
957581,0.8146474
957582,0.8146474
957583,0.8175995
957584,0.8131874
957585,0.80228996
957586,0.80075645
957587,0.80075645
957588,0.80228996
957589,0.7905265
957590,0.78484136
957591,0.7905265
957592,0.8008849
957593,0.7905265
957594,0.7905265
957595,0.778698
957596,0.78284603
957597,0.77283335
957598,0.78085893
957599,0.78085893
957600,0.78085893
957601,0.78085893
957602,0.6731945
957603,0.3221058
957604,0.22808176
957605,0.6462529
957606,0.70267415
957607,0.8241355
957608,0.82235676
957609,0.8549717
957610,0.8681765
957611,0.865559
957612,0.87223804
957613,0.8818662
957614,0.89081633
957615,0.88242304
957616,0.87657076
957617,0.8762387
957618,0.8758493
957619,0.8791131
957620,0.8810721
957621,0.8834102
957622,0.89102817
957623,0.89048934
957624,0.89492553
957625,0.8954871
957626,0.9010237
957627,0.9018166
957628,0.90401614
957629,0.90759337
957630,0.9072097
957631,0.9304695
957632,0.9075474
957633,0.9075474
957634,0.9075474
957635,0.93232125
957636,0.93160826
957637,0.9090952
957638,0.9090952
957639,0.9020585
957640,0.92609596
957641,0.9020585
957642,0.9233865
957643,0.89556205
957644,0.89668506
957645,0.90955937
957646,0.9106954
957647,0.89668506
957648,0.8917787
957649,0.88905215
957650,0.90432584
957651,0.88905215
957652,0.8882308
957653,0.8882308
957654,0.8792089
957655,0.8890995
957656,0.8890995
957657,0.8890995
957658,0.8933556
957659,0.90797496
957660,0.89029825
957661,0.89029825
957662,0.89029825
957663,0.89029825
957664,0.89289594
957665,0.89029825
957666,0.8817341
957667,0.8817341
957668,0.8817341
957669,0.8817341
957670,0.8817341
957671,0.8715378
957672,0.8817341
957673,0.8715378
957674,0.88499916
957675,0.8817341
957676,0.8715378
957677,0.8715378
957678,0.8817341
957679,0.8785237
957680,0.88304615
957681,0.9018378
957682,0.883134
957683,0.87304103
957684,0.87304103
957685,0.883134
957686,0.883134
957687,0.883134
957688,0.883134
957689,0.883134
957690,0.883134
957691,0.883134
957692,0.87304103
957693,0.8292929
957694,0.22767876
957695,0.10057363
957696,0.11174728
957697,0.10779347
957698,0.13817951
957699,0.13665831
957700,0.08404841
957701,0.035855483
957702,0.13022345
957703,0.12035662
957704,0.11053677
957705,0.12233824
957706,0.13829727
957707,0.20179331
957708,0.3422234
957709,0.34968922
957710,0.2710628
957711,0.2567683
957712,0.26119274
957713,0.25487182
957714,0.24264157
957715,0.15430085
957716,0.07343933
957717,0.26209638
957718,0.37190345
957719,0.071096264
957720,0.0704704
957721,0.05280987
957722,0.016344268
957723,0.05048383
957724,0.041903205
957725,0.046951786
957726,0.04259141
957727,0.05992123
957728,0.059502654
957729,0.24945468
957730,0.1258612
957731,0.06474685
957732,0.06857392
957733,0.056745436
957734,0.0824083
957735,0.056474328
957736,0.068100765
957737,0.042532492
957738,0.016053503
957739,0.09796787
957740,0.0628569
957741,0.14175299
957742,0.12217045
957743,0.0942902
957744,0.10073461
957745,0.106059134
957746,0.09391152
957747,0.017155308
957748,0.097263426
957749,0.10326836
957750,0.1432558
957751,0.08662183
957752,0.040095333
957753,0.040355742
957754,0.037239335
957755,0.048502397
957756,0.010606136
957757,0.04212199
957758,0.04148232
957759,0.08742362
957760,0.05397752
957761,0.046450607
957762,0.044083275
957763,0.043380074
957764,0.06916848
957765,0.010689768
957766,0.0965161
957767,0.07920309
957768,0.08006365
957769,0.14538798
957770,0.14095044
957771,0.08275396
957772,0.08377092
957773,0.09504045
957774,0.28941274
957775,0.079078875
957776,0.08550408
957777,0.099920414
957778,0.09482562
957779,0.061687414
957780,0.022071794
957781,0.090030156
957782,0.08952022
957783,0.056759734
957784,0.13391471
957785,0.106975384
957786,0.06853061
957787,0.05692344
957788,0.04653282
957789,0.044918325
957790,0.025442213
957791,0.07253503
957792,0.07779064
957793,0.078735925
957794,0.08237872
957795,0.08316818
957796,0.07780545
957797,0.06816836
957798,0.020836176
957799,0.089351825
957800,0.08647774
957801,0.057305556
957802,0.15110983
957803,0.091360725
957804,0.074687175
957805,0.08876975
957806,0.12406456
957807,0.037195586
957808,0.39738604
957809,0.40858087
957810,0.5687618
957811,0.55607724
957812,0.51874816
957813,0.6445084
957814,0.5713875
957815,0.54853314
957816,0.6035067
957817,0.6050821
957818,0.6206344
957819,0.58299476
957820,0.5056932
957821,0.51538867
957822,0.6438189
957823,0.5218799
957824,0.3713072
957825,0.028841263
957826,0.10544885
957827,0.08074131
957828,0.08490365
957829,0.08331927
957830,0.10064095
957831,0.13914639
957832,0.09773201
957833,0.07867026
957834,0.022423653
957835,0.07263688
957836,0.1318097
957837,0.077119716
957838,0.06703602
957839,0.08976154
957840,0.08876421
957841,0.19259802
957842,0.09629608
957843,0.033673238
957844,0.06251059
957845,0.24043691
957846,0.18562986
957847,0.02065065
957848,0.10549212
957849,0.084063426
957850,0.08071215
957851,0.083920695
957852,0.08174196
957853,0.08120765
957854,0.0696243
957855,0.020202661
957856,0.08675538
957857,0.11586419
957858,0.15223256
957859,0.033530798
957860,0.12506059
957861,0.09897423
957862,0.115310624
957863,0.09484326
957864,0.103002
957865,0.089137696
957866,0.16845955
957867,0.1580709
957868,0.16645205
957869,0.10009883
957870,0.0860051
957871,0.13396165
957872,0.1366243
957873,0.09682516
957874,0.09560033
957875,0.13639988
957876,0.21269104
957877,0.31914887
957878,0.28908977
957879,0.2351671
957880,0.22240803
957881,0.18705013
957882,0.23508024
957883,0.1364915
957884,0.133257
957885,0.11718656
957886,0.08629435
957887,0.039875273
957888,0.2754941
957889,0.2581054
957890,0.32013643
957891,0.27108514
957892,0.2702698
957893,0.3352456
957894,0.30909523
957895,0.26566043
957896,0.2259901
957897,0.120955296
957898,0.09136348
957899,0.044320993
957900,0.04526976
957901,0.058351
957902,0.0490107
957903,0.023526743
957904,0.1011074
957905,0.093572535
957906,0.077410385
957907,0.09818814
957908,0.091572344
957909,0.093096726
957910,0.07558417
957911,0.060625922
957912,0.078521036
957913,0.47981545
957914,0.5009749
957915,0.43213856
957916,0.41595584
957917,0.5188877
957918,0.52494895
957919,0.54050547
957920,0.523758
957921,0.54060143
957922,0.48594365
957923,0.44948426
957924,0.43015096
957925,0.030447023
957926,0.021564621
957927,0.087036505
957928,0.10000886
957929,0.16128218
957930,0.16199252
957931,0.09719934
957932,0.2017513
957933,0.11273636
957934,0.11167486
957935,0.06989458
957936,0.06380975
957937,0.4436769
957938,0.4538893
957939,0.41961536
957940,0.51256984
957941,0.45461673
957942,0.46794263
957943,0.51969266
957944,0.51120406
957945,0.47348687
957946,0.430601
957947,0.2827055
957948,0.042643473
957949,0.14864011
957950,0.11471598
957951,0.032232128
957952,0.17085348
957953,0.29984406
957954,0.16812079
957955,0.2042804
957956,0.17776905
957957,0.18246338
957958,0.22138259
957959,0.31775364
957960,0.22967859
957961,0.16212893
957962,0.019644372
957963,0.06756567
957964,0.11082599
957965,0.059148923
957966,0.07699743
957967,0.17864962
957968,0.118105575
957969,0.090923786
957970,0.11188095
957971,0.11684977
957972,0.08772018
957973,0.010692119
957974,0.0331292
957975,0.034016665
957976,0.03276251
957977,0.032293152
957978,0.033645406
957979,0.032549735
957980,0.030049756
957981,0.022073723
957982,0.04919677
957983,0.10828533
957984,0.046727177
957985,0.05189604
957986,0.054542128
957987,0.01068139
957988,0.037736386
957989,0.04638409
957990,0.05007034
957991,0.041191082
957992,0.04065521
957993,0.065306105
957994,0.42818043
957995,0.421433
957996,0.44880477
957997,0.99024314
957998,0.99006724
957999,0.43719992
958000,0.9884582
958001,0.9883713
958002,0.4355291
958003,0.4438758
958004,0.4410172
958005,0.41924623
958006,0.41741928
958007,0.41779116
958008,0.40145394
958009,0.42492333
958010,0.40405747
958011,0.42560735
958012,0.41575438
958013,0.4174786
958014,0.40596557
958015,0.28126124
958016,0.14995751
958017,0.25417295
958018,0.27115056
958019,0.2502518
958020,0.9649053
958021,0.96474516
958022,0.9694499
958023,0.24817027
958024,0.22869186
958025,0.25348914
958026,0.29023966
958027,0.19559516
958028,0.10125581
958029,0.0900028
958030,0.01915445
958031,0.11024363
958032,0.09971105
958033,0.08900775
958034,0.13686241
958035,0.09406263
958036,0.095830195
958037,0.12711291
958038,0.10251853
958039,0.08654054
958040,0.15816951
958041,0.059946634
958042,0.05335513
958043,0.051157814
958044,0.045244515
958045,0.023234658
958046,0.038763586
958047,0.034473404
958048,0.25543103
958049,0.018856848
958050,0.058253117
958051,0.03693703
958052,0.026061842
958053,0.026971266
958054,0.08072351
958055,0.065534264
958056,0.09392823
958057,0.028009746
958058,0.014033753
958059,0.052993342
958060,0.053208057
958061,0.047263056
958062,0.048195664
958063,0.054224975
958064,0.050449237
958065,0.03967613
958066,0.014857598
958067,0.042687286
958068,0.087003656
958069,0.10673719
958070,0.158039
958071,0.21567614
958072,0.112252444
958073,0.08781174
958074,0.08148456
958075,0.09524447
958076,0.07592433
958077,0.08265373
958078,0.020816203
958079,0.12853336
958080,0.13600734
958081,0.1332899
958082,0.092355005
958083,0.14527097
958084,0.100484736
958085,0.07931366
958086,0.14757825
958087,0.26763305
958088,0.07056078
958089,0.13697952
958090,0.13520509
958091,0.122587934
958092,0.023394145
958093,0.12399865
958094,0.12213695
958095,0.13284916
958096,0.10334962
958097,0.120396115
958098,0.11141293
958099,0.11265511
958100,0.09488557
958101,0.07831694
958102,0.020889208
958103,0.12294359
958104,0.103146665
958105,0.12964557
958106,0.1643855
958107,0.078290164
958108,0.07284977
958109,0.07612954
958110,0.07816556
958111,0.20687199
958112,0.13096125
958113,0.15499938
958114,0.20831834
958115,0.16156656
958116,0.30187166
958117,0.212064
958118,0.24386773
958119,0.2271552
958120,0.20640898
958121,0.070908174
958122,0.1399696
958123,0.0648383
958124,0.09229937
958125,0.07155384
958126,0.032946303
958127,0.05632377
958128,0.03915561
958129,0.18774009
958130,0.12787461
958131,0.11184219
958132,0.3637448
958133,0.077996835
958134,0.015572875
958135,0.11006857
958136,0.09127706
958137,0.09926552
958138,0.09494025
958139,0.11098749
958140,0.09468267
958141,0.087921984
958142,0.06133557
958143,0.2107264
958144,0.099085055
958145,0.08688145
958146,0.07730219
958147,0.03685127
958148,0.12687595
958149,0.12699492
958150,0.13839956
958151,0.1798058
958152,0.20333004
958153,0.14737141
958154,0.17102122
958155,0.18518245
958156,0.09065847
958157,0.016167663
958158,0.117036745
958159,0.08238594
958160,0.08564313
958161,0.10157267
958162,0.08723956
958163,0.09190864
958164,0.08552738
958165,0.0152319465
958166,0.11934674
958167,0.065682866
958168,0.09264314
958169,0.07151137
958170,0.09266422
958171,0.06449805
958172,0.04675721
958173,0.12946576
958174,0.12459283
958175,0.15044251
958176,0.15797368
958177,0.14600146
958178,0.18459958
958179,0.13671374
958180,0.10604008
958181,0.03245493
958182,0.2742468
958183,0.16589119
958184,0.2997323
958185,0.28799573
958186,0.28799573
958187,0.20261177
958188,0.16048634
958189,0.23545355
958190,0.14218327
958191,0.20429143
958192,0.17623669
958193,0.032523062
958194,0.12654409
958195,0.1393228
958196,0.092710756
958197,0.1098602
958198,0.10500467
958199,0.017264647
958200,0.085517846
958201,0.061133686
958202,0.056362562
958203,0.06779908
958204,0.059687614
958205,0.069401056
958206,0.1305347
958207,0.053340055
958208,0.031367477
958209,0.14138909
958210,0.028204398
958211,0.13541074
958212,0.13162021
958213,0.14987764
958214,0.13660279
958215,0.15153879
958216,0.14727119
958217,0.12325374
958218,0.14396577
958219,0.14299215
958220,0.012013405
958221,0.07212808
958222,0.058865957
958223,0.06766833
958224,0.063058145
958225,0.06113219
958226,0.044904005
958227,0.12360374
958228,0.030882875
958229,0.20902859
958230,0.13495323
958231,0.13037103
958232,0.18776229
958233,0.17744786
958234,0.17744786
958235,0.24762435
958236,0.21787411
958237,0.21327363
958238,0.11589036
958239,0.015459538
958240,0.041517306
958241,0.096140124
958242,0.076286696
958243,0.071893446
958244,0.07969102
958245,0.056446236
958246,0.07043369
958247,0.05088383
958248,0.034995336
958249,0.23565243
958250,0.1578266
958251,0.2629336
958252,0.23536372
958253,0.28879362
958254,0.13513523
958255,0.13485001
958256,0.14010805
958257,0.2502381
958258,0.13494617
958259,0.115718216
958260,0.021130912
958261,0.07572636
958262,0.05743883
958263,0.06939991
958264,0.03124936
958265,0.035233565
958266,0.33562005
958267,0.3835074
958268,0.4772742
958269,0.5149719
958270,0.3207254
958271,0.4087876
958272,0.47882894
958273,0.5130102
958274,0.32087812
958275,0.52395254
958276,0.43041536
958277,0.402745
958278,0.51699555
958279,0.30582806
958280,0.01922718
958281,0.048178624
958282,0.089757465
958283,0.054106116
958284,0.050318614
958285,0.037262406
958286,0.06519844
958287,0.020373445
958288,0.10537317
958289,0.105756596
958290,0.09154165
958291,0.08948092
958292,0.0981957
958293,0.097992234
958294,0.06491457
958295,0.019613924
958296,0.048156407
958297,0.078325674
958298,0.06639267
958299,0.03320361
958300,0.11043824
958301,0.087057106
958302,0.10949855
958303,0.11588826
958304,0.09284131
958305,0.013216751
958306,0.06825029
958307,0.06796298
958308,0.061675295
958309,0.06822134
958310,0.059871662
958311,0.06636139
958312,0.055695202
958313,0.028215833
958314,0.16090612
958315,0.13432579
958316,0.13005799
958317,0.13023348
958318,0.016924478
958319,0.095585674
958320,0.08888727
958321,0.1111976
958322,0.10355483
958323,0.078331456
958324,0.11459485
958325,0.07738912
958326,0.061324768
958327,0.21461251
958328,0.0736771
958329,0.063224606
958330,0.07633673
958331,0.052168787
958332,0.048870955
958333,0.024597615
958334,0.09433799
958335,0.16824287
958336,0.21604675
958337,0.20759223
958338,0.09143925
958339,0.09098504
958340,0.16232201
958341,0.08957187
958342,0.21717283
958343,0.16279024
958344,0.02035575
958345,0.06357358
958346,0.082162276
958347,0.06011578
958348,0.064586535
958349,0.064079314
958350,0.059463337
958351,0.020684667
958352,0.09814867
958353,0.10554573
958354,0.07097848
958355,0.08210444
958356,0.08066512
958357,0.024320044
958358,0.071869664
958359,0.06851318
958360,0.08151904
958361,0.068963125
958362,0.08446279
958363,0.061537523
958364,0.06400432
958365,0.01476357
958366,0.077444494
958367,0.07026099
958368,0.07733676
958369,0.08598001
958370,0.08084144
958371,0.072323196
958372,0.055983644
958373,0.01648772
958374,0.09828305
958375,0.081754915
958376,0.08004142
958377,0.09348412
958378,0.10613353
958379,0.081251904
958380,0.33170778
958381,0.3830762
958382,0.40547118
958383,0.44394946
958384,0.4574374
958385,0.519127
958386,0.41092694
958387,0.38933855
958388,0.41853473
958389,0.36410356
958390,0.4464021
958391,0.4445367
958392,0.3324639
958393,0.3540583
958394,0.0152685465
958395,0.05942137
958396,0.0717997
958397,0.089421906
958398,0.07641965
958399,0.052043293
958400,0.043289557
958401,0.03028326
958402,0.043665458
958403,0.10992757
958404,0.10793687
958405,0.08454849
958406,0.036993716
958407,0.112920776
958408,0.1028413
958409,0.035956148
958410,0.16498029
958411,0.12645708
958412,0.22166105
958413,0.09694233
958414,0.16505906
958415,0.12481473
958416,0.20171238
958417,0.13449845
958418,0.08647016
958419,0.22033995
958420,0.099697866
958421,0.04789866
958422,0.116602324
958423,0.019754762
958424,0.07855068
958425,0.07977342
958426,0.079226844
958427,0.08113496
958428,0.07282779
958429,0.07782521
958430,0.08182478
958431,0.08346103
958432,0.10532717
958433,0.14901447
958434,0.10835029
958435,0.10570959
958436,0.03046298
958437,0.122701816
958438,0.10429598
958439,0.091061495
958440,0.0217635
958441,0.09303607
958442,0.168932
958443,0.039338388
958444,0.09171959
958445,0.07093163
958446,0.12346077
958447,0.088212326
958448,0.056078196
958449,0.01001099
958450,0.031100744
958451,0.08436203
958452,0.06900374
958453,0.10784502
958454,0.054519277
958455,0.032820385
958456,0.028572334
958457,0.06677364
958458,0.065459765
958459,0.2046899
958460,0.20629159
958461,0.15768987
958462,0.14443539
958463,0.13705428
958464,0.18821232
958465,0.2761976
958466,0.17101867
958467,0.1439292
958468,0.12493613
958469,0.018921135
958470,0.09633593
958471,0.04258471
958472,0.087439746
958473,0.0437675
958474,0.05589201
958475,0.2827844
958476,0.10008431
958477,0.08564682
958478,0.08454415
958479,0.03376523
958480,0.12451087
958481,0.096111596
958482,0.112068325
958483,0.11197741
958484,0.12128848
958485,0.095041186
958486,0.025102831
958487,0.07630083
958488,0.089593396
958489,0.09029729
958490,0.064374715
958491,0.07309599
958492,0.1103172
958493,0.08938924
958494,0.07105445
958495,0.03233365
958496,0.045414526
958497,0.054735698
958498,0.04917594
958499,0.051155698
958500,0.046889987
958501,0.055917703
958502,0.051084425
958503,0.05373833
958504,0.02001334
958505,0.08252563
958506,0.07491897
958507,0.065507784
958508,0.075588174
958509,0.097297885
958510,0.07741221
958511,0.07957103
958512,0.03635906
958513,0.06238853
958514,0.06241304
958515,0.024895122
958516,0.069858916
958517,0.109802306
958518,0.08439231
958519,0.10122849
958520,0.09568572
958521,0.117062174
958522,0.08577247
958523,0.053331494
958524,0.21572442
958525,0.08999227
958526,0.05888025
958527,0.031733777
958528,0.039575946
958529,0.036170103
958530,0.023522664
958531,0.08580871
958532,0.06819579
958533,0.06968823
958534,0.07362656
958535,0.06890368
958536,0.078827634
958537,0.06810941
958538,0.030209515
958539,0.09378939
958540,0.040802304
958541,0.03307743
958542,0.03164639
958543,0.051361192
958544,0.030728918
958545,0.087970026
958546,0.076715395
958547,0.08340204
958548,0.073632024
958549,0.06803617
958550,0.08068151
958551,0.021376593
958552,0.05950842
958553,0.043655124
958554,0.05363337
958555,0.06474483
958556,0.04842731
958557,0.023974631
958558,0.08741587
958559,0.08674716
958560,0.07288097
958561,0.1011453
958562,0.19055592
958563,0.41531324
958564,0.27663043
958565,0.24594623
958566,0.2538859
958567,0.15560314
958568,0.3184589
958569,0.18312475
958570,0.14784634
958571,0.15170182
958572,0.1413613
958573,0.117584445
958574,0.18646659
958575,0.015618159
958576,0.090304494
958577,0.09347176
958578,0.08311551
958579,0.09203067
958580,0.08726264
958581,0.099213675
958582,0.07996335
958583,0.083300605
958584,0.051565126
958585,0.10060876
958586,0.14560063
958587,0.15525614
958588,0.01790001
958589,0.13619399
958590,0.1428004
958591,0.12954615
958592,0.13725412
958593,0.1243432
958594,0.1352741
958595,0.1285035
958596,0.1787058
958597,0.0648841
958598,0.28657132
958599,0.40742418
958600,0.47848
958601,0.4095361
958602,0.31466255
958603,0.2866648
958604,0.3747982
958605,0.26515898
958606,0.29497063
958607,0.29458666
958608,0.2856388
958609,0.2830408
958610,0.0585875
958611,0.22293739
958612,0.047231115
958613,0.084563226
958614,0.10765989
958615,0.13648264
958616,0.07449789
958617,0.049858674
958618,0.04951867
958619,0.3690198
958620,0.39535397
958621,0.58587945
958622,0.44685215
958623,0.5119059
958624,0.536199
958625,0.5705475
958626,0.3685013
958627,0.58358264
958628,0.51071894
958629,0.5841507
958630,0.4323825
958631,0.3155372
958632,0.5729144
958633,0.33238298
958634,0.03389049
958635,0.14875494
958636,0.06465262
958637,0.06946332
958638,0.065008886
958639,0.06527949
958640,0.013334448
958641,0.050711516
958642,0.05460531
958643,0.0574223
958644,0.04925686
958645,0.059357535
958646,0.050986312
958647,0.061181642
958648,0.13991906
958649,0.5623968
958650,0.5825749
958651,0.7297721
958652,0.7318751
958653,0.62794423
958654,0.6212614
958655,0.6338866
958656,0.71650356
958657,0.62960136
958658,0.6395153
958659,0.6897763
958660,0.6250288
958661,0.6157289
958662,0.6726079
958663,0.6931078
958664,0.6404193
958665,0.67201835
958666,0.5700532
958667,0.6325723
958668,0.34883657
958669,0.02697207
958670,0.06361684
958671,0.06461571
958672,0.062011696
958673,0.06347549
958674,0.06324462
958675,0.2146037
958676,0.076682925
958677,0.099365965
958678,0.0916291
958679,0.06904318
958680,0.071567275
958681,0.06382126
958682,0.038524322
958683,0.30638322
958684,0.34362665
958685,0.3462597
958686,0.27569592
958687,0.28301558
958688,0.28793696
958689,0.3557044
958690,0.39670852
958691,0.31633806
958692,0.23965721
958693,0.048422422
958694,0.34551272
958695,0.42816046
958696,0.15305844
958697,0.31402025
958698,0.31341672
958699,0.31514665
958700,0.3165333
958701,0.31908038
958702,0.3281725
958703,0.31272632
958704,0.3133392
958705,0.21984385
958706,0.03207953
958707,0.28709206
958708,0.25510973
958709,0.281851
958710,0.45672983
958711,0.29017505
958712,0.2969436
958713,0.29523
958714,0.27736816
958715,0.27074507
958716,0.069233194
958717,0.068419516
958718,0.06207087
958719,0.060599033
958720,0.05932418
958721,0.06287077
958722,0.029030446
958723,0.08843595
958724,0.10253357
958725,0.07637678
958726,0.078697
958727,0.08109923
958728,0.08526445
958729,0.054305106
958730,0.019125164
958731,0.10778677
958732,0.13685982
958733,0.19776595
958734,0.107340544
958735,0.12435706
958736,0.18070036
958737,0.092746556
958738,0.15178983
958739,0.18782988
958740,0.0860078
958741,0.08609971
958742,0.10744446
958743,0.019128885
958744,0.057397727
958745,0.06997317
958746,0.07929803
958747,0.080034435
958748,0.07113932
958749,0.056234207
958750,0.026456809
958751,0.08967285
958752,0.08955978
958753,0.08414026
958754,0.08468425
958755,0.08993149
958756,0.114184014
958757,0.09324416
958758,0.061846063
958759,0.044664804
958760,0.35732338
958761,0.3816225
958762,0.3512825
958763,0.46613684
958764,0.4757408
958765,0.4929687
958766,0.36530557
958767,0.38969445
958768,0.4274015
958769,0.3164318
958770,0.42883474
958771,0.30751193
958772,0.41583872
958773,0.28881323
958774,0.19563495
958775,0.13073772
958776,0.3953369
958777,0.28314283
958778,0.471734
958779,0.5912797
958780,0.50784314
958781,0.4717658
958782,0.5516446
958783,0.59717804
958784,0.60326606
958785,0.6874746
958786,0.6364051
958787,0.6915638
958788,0.6436256
958789,0.59720635
958790,0.6816774
958791,0.626449
958792,0.51042885
958793,0.56965387
958794,0.71139234
958795,0.6037602
958796,0.6672668
958797,0.474363
958798,0.29340908
958799,0.26971892
958800,0.1551857
958801,0.37708443
958802,0.46544886
958803,0.42844743
958804,0.38253945
958805,0.4293883
958806,0.48365617
958807,0.42817485
958808,0.4913524
958809,0.45145845
958810,0.4712537
958811,0.3915245
958812,0.47603863
958813,0.2677508
958814,0.2765622
958815,0.14800079
958816,0.29062146
958817,0.20554623
958818,0.2046543
958819,0.20829901
958820,0.10274113
958821,0.3143702
958822,0.40330335
958823,0.27421862
958824,0.2809472
958825,0.22606888
958826,0.3263969
958827,0.15412523
958828,0.044464067
958829,0.52350795
958830,0.5921775
958831,0.61152476
958832,0.5659914
958833,0.6456514
958834,0.5635544
958835,0.5853532
958836,0.59487087
958837,0.5879295
958838,0.6384671
958839,0.5397807
958840,0.41826987
958841,0.42135215
958842,0.5620506
958843,0.4979802
958844,0.28281215
958845,0.19751412
958846,0.07706208
958847,0.09301347
958848,0.0801756
958849,0.08270776
958850,0.065113336
958851,0.16103026
958852,0.14163625
958853,0.06713825
958854,0.10859931
958855,0.07922245
958856,0.49216616
958857,0.5760616
958858,0.6276274
958859,0.67209613
958860,0.73636824
958861,0.74360085
958862,0.7574932
958863,0.8295551
958864,0.73175555
958865,0.7334637
958866,0.7380718
958867,0.77354056
958868,0.80303556
958869,0.75625926
958870,0.80197537
958871,0.7059352
958872,0.77794456
958873,0.77843624
958874,0.76298445
958875,0.75450206
958876,0.7492798
958877,0.7457139
958878,0.744068
958879,0.80392766
958880,0.6892227
958881,0.6764809
958882,0.53351426
958883,0.15577598
958884,0.10721507
958885,0.14078498
958886,0.108462974
958887,0.11876014
958888,0.10351783
958889,0.09147439
958890,0.08875469
958891,0.08283372
958892,0.4982386
958893,0.63436675
958894,0.6822816
958895,0.6730496
958896,0.6829461
958897,0.69004065
958898,0.68700707
958899,0.6530066
958900,0.6348898
958901,0.7133047
958902,0.7941824
958903,0.7372223
958904,0.73558646
958905,0.75420886
958906,0.7464706
958907,0.65818626
958908,0.79383606
958909,0.7657433
958910,0.73419
958911,0.752726
958912,0.7784159
958913,0.6172355
958914,0.72602516
958915,0.41876572
958916,0.51762193
958917,0.5151009
958918,0.5989589
958919,0.7528005
958920,0.42983156
958921,0.5677543
958922,0.5500997
958923,0.6214366
958924,0.6115624
958925,0.61960614
958926,0.6870168
958927,0.4872128
958928,0.30891424
958929,0.5885655
958930,0.63487405
958931,0.4344534
958932,0.1266795
958933,0.23694743
958934,0.13347769
958935,0.12860441
958936,0.11971708
958937,0.121981025
958938,0.02518049
958939,0.12504113
958940,0.09714801
958941,0.16295618
958942,0.100907795
958943,0.12076785
958944,0.09927158
958945,0.12822269
958946,0.08698864
958947,0.08670854
958948,0.029599864
958949,0.110464714
958950,0.10418266
958951,0.09704457
958952,0.018497566
958953,0.11798398
958954,0.07071652
958955,0.06802357
958956,0.08255329
958957,0.08395097
958958,0.053390387
958959,0.5419541
958960,0.59047043
958961,0.6088974
958962,0.586959
958963,0.5500203
958964,0.6076839
958965,0.5391074
958966,0.63023436
958967,0.5555427
958968,0.5174369
958969,0.5667458
958970,0.6438053
958971,0.6183392
958972,0.04785788
958973,0.12212267
958974,0.28655818
958975,0.23611987
958976,0.2058302
958977,0.16324368
958978,0.028862901
958979,0.1269641
958980,0.1041079
958981,0.11698632
958982,0.104720406
958983,0.10559229
958984,0.10418015
958985,0.10291156
958986,0.082938805
958987,0.13360035
958988,0.054633956
958989,0.26919904
958990,0.23669556
958991,0.11683811
958992,0.33420187
958993,0.3169643
958994,0.21722947
958995,0.2930936
958996,0.27972218
958997,0.3316659
958998,0.28390297
958999,0.20451248
959000,0.19194071
959001,0.23038821
959002,0.079988316
959003,0.017025372
959004,0.078500085
959005,0.053229693
959006,0.067594156
959007,0.056417428
959008,0.054996517
959009,0.03921426
959010,0.01078844
959011,0.039518025
959012,0.036579926
959013,0.041350964
959014,0.045714512
959015,0.03620253
959016,0.03331349
959017,0.0494082
959018,0.016894452
959019,0.10160437
959020,0.10351007
959021,0.11456629
959022,0.07064423
959023,0.07735797
959024,0.07995374
959025,0.06422976
959026,0.062112264
959027,0.008752977
959028,0.033959825
959029,0.03160463
959030,0.049357176
959031,0.028049767
959032,0.0455349
959033,0.112836376
959034,0.009298291
959035,0.030752916
959036,0.07126743
959037,0.042502657
959038,0.09490998
959039,0.09543981
959040,0.076084465
959041,0.028629273
959042,0.053360492
959043,0.04946032
959044,0.06516211
959045,0.06609948
959046,0.097087055
959047,0.25433147
959048,0.1295157
959049,0.053641308
959050,0.1059351
959051,0.24499957
959052,0.03241946
959053,0.12903307
959054,0.22019862
959055,0.10381655
959056,0.14677936
959057,0.029037707
959058,0.16443734
959059,0.104968786
959060,0.033534683
959061,0.102424584
959062,0.26424164
959063,0.2428916
959064,0.2514559
959065,0.29155523
959066,0.21173881
959067,0.040940955
959068,0.040793713
959069,0.076591335
959070,0.5040763
959071,0.5644934
959072,0.59956604
959073,0.662573
959074,0.698204
959075,0.65447694
959076,0.6532149
959077,0.70364636
959078,0.70177025
959079,0.6409045
959080,0.71807694
959081,0.67555493
959082,0.61454445
959083,0.72764826
959084,0.7216325
959085,0.79601
959086,0.70386356
959087,0.6987053
959088,0.673901
959089,0.39233673
959090,0.008595667
959091,0.033918034
959092,0.06037711
959093,0.08954094
959094,0.06447348
959095,0.035936847
959096,0.024079666
959097,0.2465368
959098,0.24937856
959099,0.27571237
959100,0.28840473
959101,0.21507996
959102,0.16132891
959103,0.101713434
959104,0.08603047
959105,0.07803577
959106,0.086682394
959107,0.07733451
959108,0.074286945
959109,0.008600512
959110,0.033586394
959111,0.034189545
959112,0.033225846
959113,0.04711569
959114,0.036166064
959115,0.061513882
959116,0.24001805
959117,0.117659494
959118,0.21336174
959119,0.1300623
959120,0.15652621
959121,0.1168524
959122,0.098838486
959123,0.14983036
959124,0.105179094
959125,0.09868132
959126,0.06170065
959127,0.14534415
959128,0.052512314
959129,0.06852874
959130,0.057538774
959131,0.07223805
959132,0.05726411
959133,0.053982925
959134,0.017586058
959135,0.08637986
959136,0.08807871
959137,0.08281385
959138,0.098288804
959139,0.07553403
959140,0.097048245
959141,0.05379572
959142,0.053257696
959143,0.240018
959144,0.27542433
959145,0.33831978
959146,0.3018283
959147,0.34945515
959148,0.37556756
959149,0.36225668
959150,0.4198143
959151,0.3218686
959152,0.36870554
959153,0.3465807
959154,0.11999178
959155,0.3829569
959156,0.24993216
959157,0.15615353
959158,0.09435014
959159,0.04246082
959160,0.37429652
959161,0.3300463
959162,0.43522173
959163,0.4759644
959164,0.41034776
959165,0.38501576
959166,0.35673597
959167,0.5351479
959168,0.40980187
959169,0.38788137
959170,0.45798606
959171,0.4578108
959172,0.38385814
959173,0.16995147
959174,0.18641485
959175,0.018703507
959176,0.07864318
959177,0.061805263
959178,0.063107796
959179,0.07649218
959180,0.06778595
959181,0.05299527
959182,0.037962373
959183,0.14841565
959184,0.09968448
959185,0.34887722
959186,0.5012955
959187,0.55503744
959188,0.51509446
959189,0.5433879
959190,0.58264154
959191,0.59901226
959192,0.5855248
959193,0.63331735
959194,0.7126436
959195,0.49574035
959196,0.57093596
959197,0.5709886
959198,0.635546
959199,0.5003255
959200,0.63926953
959201,0.61219627
959202,0.5151199
959203,0.26535636
959204,0.026148276
959205,0.19021654
959206,0.22318594
959207,0.24518195
959208,0.13075632
959209,0.2514796
959210,0.1898555
959211,0.25387216
959212,0.25713184
959213,0.26244316
959214,0.20280771
959215,0.23013781
959216,0.15738869
959217,0.08834344
959218,0.10291397
959219,0.08474336
959220,0.0904916
959221,0.08190428
959222,0.0706027
959223,0.092017144
959224,0.064115025
959225,0.22747469
959226,0.10885309
959227,0.3694525
959228,0.4275589
959229,0.52004915
959230,0.4411549
959231,0.5701763
959232,0.48510993
959233,0.48510993
959234,0.5095158
959235,0.49389365
959236,0.49931833
959237,0.53871995
959238,0.5264647
959239,0.5093092
959240,0.5691934
959241,0.6211952
959242,0.55253285
959243,0.3176702
959244,0.28276873
959245,0.12730096
959246,0.118863
959247,0.10749211
959248,0.12418361
959249,0.081805885
959250,0.07220915
959251,0.15909776
959252,0.30410877
959253,0.44222936
959254,0.15743163
959255,0.38479435
959256,0.31541938
959257,0.38755384
959258,0.13374256
959259,0.39822915
959260,0.47914198
959261,0.18087049
959262,0.22223172
959263,0.03589019
959264,0.114848614
959265,0.12746589
959266,0.01891068
959267,0.08561456
959268,0.08015922
959269,0.07645821
959270,0.09636619
959271,0.08355004
959272,0.10240221
959273,0.057799354
959274,0.03071922
959275,0.12672134
959276,0.06946391
959277,0.09611603
959278,0.071991615
959279,0.18831162
959280,0.1425822
959281,0.10003899
959282,0.037180945
959283,0.13920961
959284,0.11894035
959285,0.10982166
959286,0.102097236
959287,0.130256
959288,0.14053354
959289,0.117193915
959290,0.10633144
959291,0.13172303
959292,0.14062688
959293,0.15324825
959294,0.120928235
959295,0.12212744
959296,0.06594238
959297,0.04850982
959298,0.13372006
959299,0.11322998
959300,0.14640337
959301,0.07795426
959302,0.082549885
959303,0.0783881
959304,0.11166642
959305,0.07948272
959306,0.06415043
959307,0.055800024
959308,0.11755547
959309,0.18602024
959310,0.10437212
959311,0.020400157
959312,0.096667476
959313,0.09764167
959314,0.09698234
959315,0.08691166
959316,0.1394401
959317,0.11171498
959318,0.16082476
959319,0.090641685
959320,0.09975877
959321,0.078806065
959322,0.06222373
959323,0.3477788
959324,0.4430202
959325,0.41744155
959326,0.3202706
959327,0.41558746
959328,0.39855042
959329,0.1763411
959330,0.41891372
959331,0.4445955
959332,0.41586998
959333,0.3740694
959334,0.3337889
959335,0.2615262
959336,0.21264628
959337,0.24541883
959338,0.12978399
959339,0.12658186
959340,0.019613756
959341,0.04461928
959342,0.07944561
959343,0.049574494
959344,0.10875333
959345,0.048838582
959346,0.068291225
959347,0.07562683
959348,0.035710808
959349,0.03910851
959350,0.026028825
959351,0.027868733
959352,0.10993202
959353,0.10004071
959354,0.08087269
959355,0.08090561
959356,0.10539624
959357,0.065124966
959358,0.026355611
959359,0.27641207
959360,0.30481052
959361,0.24803942
959362,0.21167985
959363,0.21214339
959364,0.2671843
959365,0.3056906
959366,0.054413117
959367,0.18083097
959368,0.21704525
959369,0.1813358
959370,0.29117385
959371,0.26167643
959372,0.2703621
959373,0.33197528
959374,0.22172263
959375,0.23220941
959376,0.14062186
959377,0.023476498
959378,0.07836759
959379,0.06562535
959380,0.061152924
959381,0.06490412
959382,0.05866988
959383,0.09223047
959384,0.029633129
959385,0.099572286
959386,0.086888276
959387,0.12808411
959388,0.094542325
959389,0.09537509
959390,0.09331924
959391,0.052589927
959392,0.11347039
959393,0.027473824
959394,0.10539452
959395,0.097218886
959396,0.20831801
959397,0.122047305
959398,0.10270603
959399,0.04271795
959400,0.060431264
959401,0.17834178
959402,0.110838726
959403,0.13536246
959404,0.42226958
959405,0.613275
959406,0.651788
959407,0.6267642
959408,0.67747694
959409,0.73049074
959410,0.7347821
959411,0.715186
959412,0.74800533
959413,0.7619985
959414,0.6817949
959415,0.769842
959416,0.7302526
959417,0.76889616
959418,0.767284
959419,0.78575575
959420,0.75995046
959421,0.7707386
959422,0.751225
959423,0.7457116
959424,0.6840028
959425,0.6299722
959426,0.36107063
959427,0.18908793
959428,0.122168556
959429,0.1323088
959430,0.12996468
959431,0.29434693
959432,0.11714025
959433,0.11902717
959434,0.13899103
959435,0.14381252
959436,0.13686068
959437,0.46471456
959438,0.49220127
959439,0.35519314
959440,0.49562618
959441,0.50540435
959442,0.4669464
959443,0.52934575
959444,0.3573747
959445,0.5501167
959446,0.48213017
959447,0.52765465
959448,0.47461504
959449,0.4869396
959450,0.4673269
959451,0.33961135
959452,0.20555718
959453,0.31485972
959454,0.34429854
959455,0.29672977
959456,0.32208994
959457,0.32286876
959458,0.16070218
959459,0.17757924
959460,0.5830655
959461,0.62744045
959462,0.72826934
959463,0.71662396
959464,0.76278144
959465,0.6345645
959466,0.7913588
959467,0.73984665
959468,0.77486014
959469,0.7898438
959470,0.76758826
959471,0.78324413
959472,0.78550416
959473,0.8364927
959474,0.75203854
959475,0.7524798
959476,0.7560748
959477,0.7870462
959478,0.78287804
959479,0.8101239
959480,0.76296043
959481,0.737404
959482,0.79938287
959483,0.7346493
959484,0.78287315
959485,0.6438348
959486,0.7467618
959487,0.77666634
959488,0.7708454
959489,0.7487013
959490,0.74591875
959491,0.33041346
959492,0.035175696
959493,0.33978269
959494,0.24456002
959495,0.23122571
959496,0.21198766
959497,0.16853935
959498,0.14151868
959499,0.1412217
959500,0.2655
959501,0.18259034
959502,0.17476523
959503,0.2462017
959504,0.20630683
959505,0.06549458
959506,0.2810227
959507,0.2932636
959508,0.37204254
959509,0.31664637
959510,0.2379336
959511,0.41095188
959512,0.33290696
959513,0.20174086
959514,0.18016252
959515,0.20348541
959516,0.12593785
959517,0.11602586
959518,0.024241272
959519,0.13652079
959520,0.118326865
959521,0.032875434
959522,0.11917378
959523,0.21645346
959524,0.11844259
959525,0.12437693
959526,0.14813495
959527,0.18919387
959528,0.16796029
959529,0.095838934
959530,0.19019552
959531,0.17967033
959532,0.2417985
959533,0.22196877
959534,0.15944289
959535,0.17425247
959536,0.22117952
959537,0.15296227
959538,0.13210851
959539,0.19569491
959540,0.18112417
959541,0.18349367
959542,0.18495889
959543,0.14722817
959544,0.18183891
959545,0.18664458
959546,0.20847984
959547,0.10196613
959548,0.10714763
959549,0.09980145
959550,0.096213736
959551,0.07807577
959552,0.15990789
959553,0.086268
959554,0.08498719
959555,0.023246596
959556,0.105051525
959557,0.0920656
959558,0.089391954
959559,0.08687105
959560,0.09006282
959561,0.08854539
959562,0.075641334
959563,0.015470736
959564,0.088624045
959565,0.047456987
959566,0.073525205
959567,0.073421165
959568,0.051431548
959569,0.10823064
959570,0.06397955
959571,0.0979136
959572,0.019700978
959573,0.12382427
959574,0.10383612
959575,0.120369576
959576,0.099178314
959577,0.1005211
959578,0.0957337
959579,0.10702686
959580,0.07953911
959581,0.038311765
959582,0.055917088
959583,0.057908967
959584,0.058354694
959585,0.099789366
959586,0.029130643
959587,0.10215329
959588,0.09851737
959589,0.09602139
959590,0.0986183
959591,0.18203594
959592,0.18380614
959593,0.14945975
959594,0.2214336
959595,0.14266595
959596,0.11821261
959597,0.03335014
959598,0.18329631
959599,0.16405563
959600,0.20148773
959601,0.19331488
959602,0.124261834
959603,0.28743502
959604,0.30468017
959605,0.25595775
959606,0.09576347
959607,0.2935669
959608,0.4175447
959609,0.48911536
959610,0.5477786
959611,0.5352927
959612,0.48452196
959613,0.633338
959614,0.43701956
959615,0.4983763
959616,0.5178636
959617,0.59180105
959618,0.50864697
959619,0.49912214
959620,0.40283397
959621,0.5164182
959622,0.44842637
959623,0.23929097
959624,0.05409667
959625,0.45071596
959626,0.04923536
959627,0.114707775
959628,0.09373928
959629,0.07692227
959630,0.020992745
959631,0.10461634
959632,0.08248099
959633,0.10065127
959634,0.081525415
959635,0.08673193
959636,0.086279765
959637,0.062200025
959638,0.020064466
959639,0.087420166
959640,0.16312005
959641,0.11602254
959642,0.19831342
959643,0.11494771
959644,0.11229761
959645,0.10632789
959646,0.15261765
959647,0.081769414
959648,0.22743742
959649,0.21762152
959650,0.21402459
959651,0.16044687
959652,0.051229406
959653,0.1120058
959654,0.023909599
959655,0.20516707
959656,0.22103924
959657,0.20859712
959658,0.20069297
959659,0.20441845
959660,0.14818981
959661,0.030969003
959662,0.06663669
959663,0.06564145
959664,0.06868821
959665,0.07228543
959666,0.068439536
959667,0.021077372
959668,0.25482485
959669,0.23428044
959670,0.24119359
959671,0.20262468
959672,0.19634691
959673,0.19643737
959674,0.09100872
959675,0.028550757
959676,0.08216686
959677,0.08690215
959678,0.0711961
959679,0.07427247
959680,0.04686262
959681,0.024966525
959682,0.12049283
959683,0.11509993
959684,0.05650333
959685,0.11570703
959686,0.067846976
959687,0.18776636
959688,0.10442168
959689,0.101243354
959690,0.030009769
959691,0.018252915
959692,0.11480512
959693,0.0867149
959694,0.08865755
959695,0.05073212
959696,0.03858959
959697,0.04276144
959698,0.11092005
959699,0.065198526
959700,0.1897832
959701,0.025325067
959702,0.059733856
959703,0.08176068
959704,0.090820186
959705,0.08253439
959706,0.07643261
959707,0.073933885
959708,0.07123971
959709,0.04713158
959710,0.10321832
959711,0.022948822
959712,0.08488954
959713,0.12891652
959714,0.04133573
959715,0.09713436
959716,0.07278833
959717,0.10175998
959718,0.06282351
959719,0.3335638
959720,0.24134634
959721,0.23350242
959722,0.2217079
959723,0.17192125
959724,0.076042056
959725,0.017498478
959726,0.08498842
959727,0.04667348
959728,0.08181484
959729,0.099160336
959730,0.082175635
959731,0.04108418
959732,0.04182639
959733,0.23929511
959734,0.21114473
959735,0.22034203
959736,0.2071044
959737,0.20421758
959738,0.22103912
959739,0.14976594
959740,0.016615072
959741,0.048165802
959742,0.09620592
959743,0.117047004
959744,0.12579064
959745,0.091358446
959746,0.0786368
959747,0.08667827
959748,0.12766935
959749,0.0346458
959750,0.2472184
959751,0.23265828
959752,0.21987315
959753,0.2641266
959754,0.21762218
959755,0.14048488
959756,0.32335284
959757,0.22280765
959758,0.20309234
959759,0.036954213
959760,0.08494327
959761,0.07903352
959762,0.0777467
959763,0.10624677
959764,0.099308215
959765,0.03147519
959766,0.27514035
959767,0.27393705
959768,0.28492093
959769,0.347129
959770,0.28651923
959771,0.28955558
959772,0.36788005
959773,0.3449553
959774,0.25868925
959775,0.06163517
959776,0.10706075
959777,0.13226396
959778,0.13142298
959779,0.08621892
959780,0.080030814
959781,0.37559414
959782,0.23105371
959783,0.2420459
959784,0.17815617
959785,0.21088159
959786,0.15668307
959787,0.09905666
959788,0.1542527
959789,0.044095878
959790,0.054322977
959791,0.28340787
959792,0.29499134
959793,0.2655707
959794,0.12407703
959795,0.09158286
959796,0.1333882
959797,0.16357774
959798,0.16878328
959799,0.1724474
959800,0.12198273
959801,0.24069926
959802,0.33456323
959803,0.24287924
959804,0.19382371
959805,0.016901763
959806,0.1672782
959807,0.08235401
959808,0.058563888
959809,0.11654833
959810,0.089504115
959811,0.0889909
959812,0.34617952
959813,0.3051704
959814,0.32270443
959815,0.34061033
959816,0.42983687
959817,0.49665594
959818,0.46655518
959819,0.53861386
959820,0.45375246
959821,0.4618757
959822,0.5490893
959823,0.23826334
959824,0.6323444
959825,0.45061553
959826,0.2559222
959827,0.45851701
959828,0.5370179
959829,0.42380184
959830,0.14249374
959831,0.03674037
959832,0.18997863
959833,0.22983675
959834,0.20332313
959835,0.21008065
959836,0.16042952
959837,0.20634651
959838,0.25547755
959839,0.1996154
959840,0.016843548
959841,0.102033116
959842,0.089719884
959843,0.08621682
959844,0.08256543
959845,0.093286484
959846,0.062859975
959847,0.07270988
959848,0.30256698
959849,0.7127605
959850,0.7493759
959851,0.7492561
959852,0.8208655
959853,0.8563966
959854,0.86608267
959855,0.86939466
959856,0.8866933
959857,0.9022486
959858,0.8954777
959859,0.90489185
959860,0.89397144
959861,0.8716242
959862,0.9133076
959863,0.9104421
959864,0.89823973
959865,0.90285313
959866,0.9085278
959867,0.91682243
959868,0.8829609
959869,0.91820693
959870,0.91010076
959871,0.9102138
959872,0.90508455
959873,0.926001
959874,0.92485493
959875,0.91947365
959876,0.91942614
959877,0.9225256
959878,0.9115569
959879,0.9181592
959880,0.90534997
959881,0.89940584
959882,0.895481
959883,0.90880495
959884,0.8895029
959885,0.8561167
959886,0.87598294
959887,0.9082973
959888,0.8666169
959889,0.87914664
959890,0.8880657
959891,0.8888876
959892,0.89557725
959893,0.8378878
959894,0.9018873
959895,0.9026903
959896,0.90788436
959897,0.8878528
959898,0.83027214
959899,0.8911621
959900,0.8907385
959901,0.90576005
959902,0.8876048
959903,0.88785136
959904,0.8816252
959905,0.88711095
959906,0.87776923
959907,0.8825431
959908,0.88895947
959909,0.84056455
959910,0.8770204
959911,0.87350005
959912,0.868399
959913,0.80679923
959914,0.80534446
959915,0.80846035
959916,0.8370091
959917,0.86878145
959918,0.8738705
959919,0.7540554
959920,0.8651556
959921,0.7875303
959922,0.869605
959923,0.8621199
959924,0.68663085
959925,0.16370969
959926,0.09089106
959927,0.12269833
959928,0.11016473
959929,0.08237506
959930,0.09607886
959931,0.08564587
959932,0.10947592
959933,0.07314813
959934,0.026498027
959935,0.08379515
959936,0.07714472
959937,0.112792194
959938,0.14550795
959939,0.08208115
959940,0.074482046
959941,0.0906196
959942,0.07198347
959943,0.03822372
959944,0.10050823
959945,0.08297004
959946,0.08350874
959947,0.07638533
959948,0.07563103
959949,0.30374056
959950,0.1989289
959951,0.20971277
959952,0.16950531
959953,0.29210797
959954,0.07347094
959955,0.04941352
959956,0.19772539
959957,0.01580827
959958,0.027832743
959959,0.049960855
959960,0.02204817
959961,0.023026159
959962,0.05932683
959963,0.053231463
959964,0.02411865
959965,0.032357834
959966,0.022844892
959967,0.02334998
959968,0.018143345
959969,0.011183814
959970,0.03041141
959971,0.027592914
959972,0.050575234
959973,0.036397047
959974,0.02547664
959975,0.035725117
959976,0.050511308
959977,0.040761873
959978,0.023686267
959979,0.20440769
959980,0.012021677
959981,0.027633674
959982,0.05637718
959983,0.03472573
959984,0.03438359
959985,0.042519726
959986,0.031169344
959987,0.023513945
959988,0.05368456
959989,0.08755666
959990,0.18300138
959991,0.078882486
959992,0.035003178
959993,0.417769
959994,0.39773792
959995,0.47728074
959996,0.41259462
959997,0.40498936
959998,0.3831143
959999,0.40752366
960000,0.3801467
960001,0.2981934
960002,0.020239882
960003,0.09684628
960004,0.10108501
960005,0.110159755
960006,0.08561423
960007,0.09141943
960008,0.10264352
960009,0.09141943
960010,0.06924172
960011,0.029113175
960012,0.094772995
960013,0.08486417
960014,0.08086679
960015,0.086915255
960016,0.07450069
960017,0.05406963
960018,0.08118608
960019,0.061372377
960020,0.059496157
960021,0.2538403
960022,0.29115862
960023,0.2568684
960024,0.26211473
960025,0.25106585
960026,0.22264509
960027,0.18491966
960028,0.018137323
960029,0.0866462
960030,0.08660598
960031,0.08249008
960032,0.08413022
960033,0.08356541
960034,0.080342405
960035,0.057189368
960036,0.07339611
960037,0.29373053
960038,0.032488786
960039,0.119633265
960040,0.10123304
960041,0.101800285
960042,0.14309065
960043,0.37148386
960044,0.3885675
960045,0.4693643
960046,0.34760913
960047,0.46008927
960048,0.34760913
960049,0.34299776
960050,0.3748956
960051,0.4295498
960052,0.27785808
960053,0.045658868
960054,0.26011682
960055,0.28434318
960056,0.21412104
960057,0.07286217
960058,0.33049855
960059,0.39715
960060,0.4172225
960061,0.3504014
960062,0.38452572
960063,0.44479996
960064,0.45130867
960065,0.6430434
960066,0.62847924
960067,0.5552339
960068,0.59357077
960069,0.6261703
960070,0.6112421
960071,0.5358878
960072,0.44615072
960073,0.564599
960074,0.47981036
960075,0.2874977
960076,0.027569067
960077,0.11553714
960078,0.11026096
960079,0.08299416
960080,0.117936455
960081,0.08650507
960082,0.10070949
960083,0.56520045
960084,0.5268698
960085,0.57564116
960086,0.65163
960087,0.5718621
960088,0.58095056
960089,0.599195
960090,0.6093725
960091,0.580994
960092,0.61143893
960093,0.5774325
960094,0.5914794
960095,0.59025264
960096,0.5784073
960097,0.4346112
960098,0.07181064
960099,0.37286732
960100,0.08127355
960101,0.04946348
960102,0.04716344
960103,0.04607051
960104,0.041871227
960105,0.21667919
960106,0.16857298
960107,0.14095572
960108,0.12371412
960109,0.14106311
960110,0.09648108
960111,0.10913699
960112,0.07408359
960113,0.050623782
960114,0.032945354
960115,0.036306787
960116,0.04821086
960117,0.07087764
960118,0.38404122
960119,0.3993069
960120,0.4376023
960121,0.45598003
960122,0.40656576
960123,0.44198546
960124,0.44040865
960125,0.41372186
960126,0.40404376
960127,0.02432126
960128,0.15934853
960129,0.17670622
960130,0.20348419
960131,0.18546692
960132,0.18216035
960133,0.18268295
960134,0.18454893
960135,0.14300145
960136,0.14421286
960137,0.0751819
960138,0.08879944
960139,0.06502
960140,0.43361327
960141,0.5025079
960142,0.34831944
960143,0.3530111
960144,0.43126097
960145,0.27034685
960146,0.11741928
960147,0.11919019
960148,0.12159901
960149,0.11569106
960150,0.23275986
960151,0.104838885
960152,0.13978592
960153,0.08977097
960154,0.25314918
960155,0.21884267
960156,0.28949142
960157,0.19053833
960158,0.015078293
960159,0.09916987
960160,0.06963835
960161,0.0415592
960162,0.053024795
960163,0.070295684
960164,0.077808365
960165,0.026971037
960166,0.058708653
960167,0.04987996
960168,0.047433984
960169,0.06698725
960170,0.053459402
960171,0.04939432
960172,0.017159073
960173,0.06500783
960174,0.018793244
960175,0.07399423
960176,0.06442072
960177,0.04844483
960178,0.05890584
960179,0.07162015
960180,0.053571906
960181,0.28298396
960182,0.0155236395
960183,0.07293288
960184,0.08874983
960185,0.06346446
960186,0.0705229
960187,0.098109335
960188,0.032759197
960189,0.06784067
960190,0.014396842
960191,0.11848135
960192,0.0829303
960193,0.10070782
960194,0.06451541
960195,0.03607294
960196,0.08110114
960197,0.080861315
960198,0.104666345
960199,0.1509603
960200,0.30022827
960201,0.019062867
960202,0.09980585
960203,0.064400226
960204,0.036249887
960205,0.08003535
960206,0.08000032
960207,0.10312629
960208,0.050370887
960209,0.040048048
960210,0.029931165
960211,0.06629446
960212,0.06274172
960213,0.027291914
960214,0.108637206
960215,0.05807605
960216,0.067148745
960217,0.059746422
960218,0.06025015
960219,0.07676504
960220,0.05192089
960221,0.23775297
960222,0.15681212
960223,0.009576973
960224,0.060663126
960225,0.061159518
960226,0.054256663
960227,0.056904677
960228,0.053170066
960229,0.04969677
960230,0.014509578
960231,0.059503175
960232,0.055931196
960233,0.0642972
960234,0.07303237
960235,0.085510455
960236,0.049654204
960237,0.010187904
960238,0.10478184
960239,0.059825465
960240,0.049988452
960241,0.024169136
960242,0.061981704
960243,0.05341207
960244,0.05709156
960245,0.0732291
960246,0.07701823
960247,0.016154328
960248,0.12580477
960249,0.024077334
960250,0.060660586
960251,0.07046236
960252,0.078268155
960253,0.05380833
960254,0.07350662
960255,0.07399273
960256,0.056969892
960257,0.017222056
960258,0.11445257
960259,0.05499044
960260,0.039206553
960261,0.09737032
960262,0.06294064
960263,0.07115563
960264,0.016343048
960265,0.06944107
960266,0.05790811
960267,0.063247964
960268,0.060952637
960269,0.06153233
960270,0.04934343
960271,0.05666875
960272,0.013500588
960273,0.048444692
960274,0.04692223
960275,0.047173675
960276,0.045368087
960277,0.04260653
960278,0.044246353
960279,0.049584754
960280,0.040080044
960281,0.01984105
960282,0.04817597
960283,0.047516443
960284,0.07541511
960285,0.036595315
960286,0.08115638
960287,0.06433954
960288,0.07494406
960289,0.04672841
960290,0.09167408
960291,0.068261586
960292,0.024984553
960293,0.06744563
960294,0.037980907
960295,0.12123048
960296,0.03903821
960297,0.078791045
960298,0.06242766
960299,0.049447544
960300,0.042048845
960301,0.09948862
960302,0.043224245
960303,0.02758131
960304,0.074124075
960305,0.21135952
960306,0.11914171
960307,0.11488562
960308,0.23117432
960309,0.13038673
960310,0.122025944
960311,0.097345404
960312,0.08304498
960313,0.09891792
960314,0.096996695
960315,0.29798275
960316,0.2284445
960317,0.20066385
960318,0.0409419
960319,0.12994535
960320,0.09976787
960321,0.095862485
960322,0.08848041
960323,0.4789477
960324,0.52589434
960325,0.4882744
960326,0.6060122
960327,0.618082
960328,0.6292683
960329,0.6180614
960330,0.65979487
960331,0.64339495
960332,0.57399267
960333,0.6267148
960334,0.5980992
960335,0.578145
960336,0.5926274
960337,0.44177288
960338,0.2006113
960339,0.05824233
960340,0.09369456
960341,0.11184653
960342,0.115211874
960343,0.023438895
960344,0.20879434
960345,0.24270818
960346,0.20423548
960347,0.15486811
960348,0.15799583
960349,0.28381696
960350,0.26034495
960351,0.32381207
960352,0.20745818
960353,0.20862694
960354,0.21491344
960355,0.3207143
960356,0.25857455
960357,0.03876584
960358,0.106067225
960359,0.09609008
960360,0.083585605
960361,0.08186939
960362,0.09108397
960363,0.1001649
960364,0.080936834
960365,0.045518465
960366,0.10470022
960367,0.094657145
960368,0.10212136
960369,0.06872132
960370,0.08999461
960371,0.058124926
960372,0.022091718
960373,0.08750997
960374,0.10167658
960375,0.100173764
960376,0.08140408
960377,0.0911542
960378,0.07864858
960379,0.093102925
960380,0.03607119
960381,0.10940971
960382,0.10450206
960383,0.10529007
960384,0.11773395
960385,0.09687591
960386,0.096210375
960387,0.11529843
960388,0.09739627
960389,0.02432533
960390,0.102763526
960391,0.08499146
960392,0.08211374
960393,0.109077506
960394,0.08475565
960395,0.104862206
960396,0.06709362
960397,0.111091055
960398,0.39868802
960399,0.2779468
960400,0.022473566
960401,0.075098835
960402,0.15604302
960403,0.13024502
960404,0.09325823
960405,0.0990836
960406,0.28529274
960407,0.30930427
960408,0.21561354
960409,0.26121888
960410,0.2278634
960411,0.2247651
960412,0.024106769
960413,0.09447975
960414,0.10565008
960415,0.107144654
960416,0.096108474
960417,0.13629243
960418,0.09615226
960419,0.10994334
960420,0.07627546
960421,0.193454
960422,0.109777346
960423,0.091073275
960424,0.10598815
960425,0.10632765
960426,0.09971112
960427,0.06670364
960428,0.064483665
960429,0.31607774
960430,0.2280328
960431,0.20251381
960432,0.025671268
960433,0.13581744
960434,0.06839757
960435,0.10560965
960436,0.06498103
960437,0.054788828
960438,0.15437411
960439,0.24830185
960440,0.05179621
960441,0.3374299
960442,0.36800358
960443,0.45531526
960444,0.40245092
960445,0.44596535
960446,0.3157065
960447,0.43064103
960448,0.3184262
960449,0.43778005
960450,0.43144977
960451,0.51503724
960452,0.43602508
960453,0.42652148
960454,0.17423558
960455,0.034179326
960456,0.12882751
960457,0.12411939
960458,0.08371686
960459,0.09044558
960460,0.06855968
960461,0.025045145
960462,0.06906188
960463,0.084520295
960464,0.06653148
960465,0.08243032
960466,0.08045931
960467,0.05093847
960468,0.02192006
960469,0.08716253
960470,0.08880283
960471,0.08778366
960472,0.06941934
960473,0.06644318
960474,0.06827875
960475,0.022056751
960476,0.09951347
960477,0.08392431
960478,0.077627726
960479,0.13411063
960480,0.07544574
960481,0.11809598
960482,0.09146631
960483,0.0875682
960484,0.021968253
960485,0.06639157
960486,0.12874691
960487,0.10039096
960488,0.0700024
960489,0.12048637
960490,0.1166526
960491,0.09418624
960492,0.052515805
960493,0.05913687
960494,0.26347426
960495,0.16289532
960496,0.16143705
960497,0.14291431
960498,0.114196524
960499,0.10016461
960500,0.027463265
960501,0.06345076
960502,0.107054785
960503,0.092994675
960504,0.08953499
960505,0.04089702
960506,0.057373583
960507,0.062601954
960508,0.29774475
960509,0.21171467
960510,0.03323476
960511,0.15616412
960512,0.16539457
960513,0.08725579
960514,0.28259054
960515,0.11936142
960516,0.13872916
960517,0.13055559
960518,0.12889867
960519,0.029343316
960520,0.10698957
960521,0.11951908
960522,0.12029697
960523,0.16364957
960524,0.11992684
960525,0.106404096
960526,0.09733194
960527,0.08463398
960528,0.036238354
960529,0.23817469
960530,0.021251181
960531,0.15131906
960532,0.15728596
960533,0.10440857
960534,0.014884715
960535,0.10776555
960536,0.10764261
960537,0.097653136
960538,0.09156521
960539,0.09089039
960540,0.09924421
960541,0.13463145
960542,0.050502244
960543,0.080511734
960544,0.086822666
960545,0.037792362
960546,0.34799203
960547,0.28097305
960548,0.22986448
960549,0.20879413
960550,0.027874636
960551,0.16117385
960552,0.07643605
960553,0.0944308
960554,0.07493867
960555,0.11049773
960556,0.081461325
960557,0.07100586
960558,0.12379065
960559,0.11074353
960560,0.12282222
960561,0.08304588
960562,0.079284035
960563,0.06593853
960564,0.06340612
960565,0.057717
960566,0.04264034
960567,0.076515235
960568,0.05459476
960569,0.09174123
960570,0.049792748
960571,0.08954572
960572,0.08216528
960573,0.053416543
960574,0.16719829
960575,0.30209172
960576,0.35061753
960577,0.31022203
960578,0.3310083
960579,0.17859526
960580,0.1958159
960581,0.13170408
960582,0.16294363
960583,0.1214473
960584,0.11083896
960585,0.12410627
960586,0.14680985
960587,0.12081168
960588,0.018848239
960589,0.11899369
960590,0.07569871
960591,0.08130811
960592,0.072907425
960593,0.07026677
960594,0.11546205
960595,0.06049168
960596,0.3054784
960597,0.031435385
960598,0.10979443
960599,0.051720545
960600,0.092715494
960601,0.08718989
960602,0.060291428
960603,0.06850369
960604,0.07025868
960605,0.04139962
960606,0.2257324
960607,0.12773709
960608,0.14741255
960609,0.014905174
960610,0.059816852
960611,0.054466296
960612,0.060517386
960613,0.040794812
960614,0.016859615
960615,0.1018421
960616,0.044983603
960617,0.0698431
960618,0.08744803
960619,0.09009346
960620,0.01215835
960621,0.05600659
960622,0.05666612
960623,0.05571808
960624,0.07031208
960625,0.060373213
960626,0.065571144
960627,0.04506027
960628,0.028907275
960629,0.11680985
960630,0.17701069
960631,0.12534113
960632,0.22349915
960633,0.28337955
960634,0.2826577
960635,0.282343
960636,0.2929864
960637,0.06794348
960638,0.23282237
960639,0.16870633
960640,0.0100403465
960641,0.055389326
960642,0.056357518
960643,0.042551927
960644,0.055847283
960645,0.066592954
960646,0.037804164
960647,0.15476914
960648,0.059225667
960649,0.05470525
960650,0.046088785
960651,0.04490977
960652,0.047519363
960653,0.040757444
960654,0.03676437
960655,0.04704468
960656,0.09414634
960657,0.12878188
960658,0.22442414
960659,0.0101550715
960660,0.06865713
960661,0.052226547
960662,0.069685616
960663,0.05526892
960664,0.013516842
960665,0.049616784
960666,0.04586232
960667,0.05693523
960668,0.04490977
960669,0.048239276
960670,0.041100632
960671,0.05412469
960672,0.30125207
960673,0.23474537
960674,0.3548772
960675,0.26291108
960676,0.25318673
960677,0.20292293
960678,0.34390745
960679,0.38410178
960680,0.39512134
960681,0.4428929
960682,0.35010353
960683,0.3572941
960684,0.25307944
960685,0.012663041
960686,0.061858065
960687,0.058581583
960688,0.05569261
960689,0.06593357
960690,0.058918748
960691,0.055380806
960692,0.042315576
960693,0.24306461
960694,0.0268623
960695,0.054342683
960696,0.06632733
960697,0.048543364
960698,0.06203533
960699,0.039446298
960700,0.038924012
960701,0.10588121
960702,0.104681805
960703,0.074723825
960704,0.011429852
960705,0.05837173
960706,0.057086553
960707,0.03471598
960708,0.03373371
960709,0.033601575
960710,0.032535683
960711,0.03196018
960712,0.016252596
960713,0.09294635
960714,0.070899636
960715,0.054760188
960716,0.055091023
960717,0.073611
960718,0.049149305
960719,0.1019494
960720,0.06861353
960721,0.022949565
960722,0.07684441
960723,0.10818574
960724,0.06769813
960725,0.06833652
960726,0.08682269
960727,0.08044725
960728,0.06051944
960729,0.036501683
960730,0.26902443
960731,0.36216244
960732,0.43592176
960733,0.44417912
960734,0.5094032
960735,0.4520708
960736,0.46429074
960737,0.42827746
960738,0.49080873
960739,0.458498
960740,0.5035348
960741,0.4245841
960742,0.4311118
960743,0.43224165
960744,0.32668623
960745,0.010972409
960746,0.056975476
960747,0.058286455
960748,0.07611916
960749,0.047458187
960750,0.04619108
960751,0.18651421
960752,0.18942797
960753,0.16361314
960754,0.1969315
960755,0.20842758
960756,0.19651054
960757,0.20929699
960758,0.022821829
960759,0.07197843
960760,0.08449611
960761,0.094691165
960762,0.07290956
960763,0.093831174
960764,0.07356118
960765,0.089370586
960766,0.072009124
960767,0.009896998
960768,0.053870857
960769,0.06833482
960770,0.03215819
960771,0.03869242
960772,0.059211742
960773,0.009271674
960774,0.061625782
960775,0.050337628
960776,0.053930506
960777,0.049876884
960778,0.058637902
960779,0.037739348
960780,0.024618639
960781,0.08816489
960782,0.08347739
960783,0.09013635
960784,0.010819454
960785,0.035746247
960786,0.0761693
960787,0.034794994
960788,0.033987634
960789,0.01464393
960790,0.052968565
960791,0.074216366
960792,0.053317644
960793,0.044855565
960794,0.09316598
960795,0.049644664
960796,0.051399723
960797,0.009864978
960798,0.04806108
960799,0.032734036
960800,0.033506922
960801,0.03353589
960802,0.028560076
960803,0.013798874
960804,0.047127742
960805,0.054840114
960806,0.05019571
960807,0.044952184
960808,0.049148314
960809,0.04377712
960810,0.014168229
960811,0.09347804
960812,0.084676795
960813,0.053056683
960814,0.12096166
960815,0.046619903
960816,0.055342913
960817,0.04490387
960818,0.09221989
960819,0.07506072
960820,0.015800029
960821,0.057762943
960822,0.0700035
960823,0.12802812
960824,0.055922974
960825,0.06507564
960826,0.054017987
960827,0.06521973
960828,0.044941496
960829,0.027080959
960830,0.12522003
960831,0.1714837
960832,0.32894507
960833,0.1784041
960834,0.11221601
960835,0.15969619
960836,0.14637509
960837,0.122349806
960838,0.2854407
960839,0.13486664
960840,0.01180142
960841,0.062170465
960842,0.06956364
960843,0.043929044
960844,0.052759603
960845,0.07190345
960846,0.03612053
960847,0.0166789
960848,0.0636521
960849,0.057009496
960850,0.04901498
960851,0.03239986
960852,0.038618438
960853,0.034813754
960854,0.0141748255
960855,0.06801814
960856,0.058745075
960857,0.059514016
960858,0.054061215
960859,0.052437227
960860,0.053403363
960861,0.048016127
960862,0.049605556
960863,0.09343245
960864,0.058430623
960865,0.0282631
960866,0.31346643
960867,0.2254912
960868,0.17771234
960869,0.2686311
960870,0.17595086
960871,0.20914169
960872,0.17568277
960873,0.21215533
960874,0.11626408
960875,0.07600484
960876,0.571394
960877,0.5840285
960878,0.7045185
960879,0.7682518
960880,0.80306774
960881,0.80306774
960882,0.7691716
960883,0.7224578
960884,0.78265417
960885,0.7842628
960886,0.8003982
960887,0.7530662
960888,0.6938968
960889,0.6215916
960890,0.67960757
960891,0.72510123
960892,0.44514874
960893,0.06453586
960894,0.5745817
960895,0.6304485
960896,0.7556868
960897,0.69764686
960898,0.6098198
960899,0.7035539
960900,0.68029255
960901,0.697386
960902,0.56048375
960903,0.6818296
960904,0.67105234
960905,0.60892
960906,0.6262633
960907,0.62021255
960908,0.36005458
960909,0.06381667
960910,0.20450243
960911,0.25491768
960912,0.11715252
960913,0.08702995
960914,0.15434493
960915,0.16789302
960916,0.055195194
960917,0.112802945
960918,0.09266322
960919,0.15787509
960920,0.2436834
960921,0.1443724
960922,0.17474528
960923,0.17975312
960924,0.19467758
960925,0.086924195
960926,0.1908305
960927,0.14694646
960928,0.020050693
960929,0.08690124
960930,0.09239311
960931,0.0830244
960932,0.08196061
960933,0.081268385
960934,0.08201145
960935,0.0524111
960936,0.21653694
960937,0.07931472
960938,0.07486167
960939,0.07323152
960940,0.093575366
960941,0.078978345
960942,0.061634593
960943,0.07616052
960944,0.5035626
960945,0.52775747
960946,0.58495307
960947,0.6075273
960948,0.58629817
960949,0.59163624
960950,0.48705044
960951,0.5757672
960952,0.59553605
960953,0.5368574
960954,0.50045896
960955,0.30152243
960956,0.016436517
960957,0.08493445
960958,0.07992272
960959,0.07738723
960960,0.08092305
960961,0.08064812
960962,0.07732475
960963,0.051650524
960964,0.021385543
960965,0.089847915
960966,0.07652499
960967,0.08559107
960968,0.083606504
960969,0.08844158
960970,0.12792212
960971,0.052475728
960972,0.09872071
960973,0.6197081
960974,0.6422125
960975,0.6743245
960976,0.73206425
960977,0.6808669
960978,0.76392955
960979,0.6820141
960980,0.76326346
960981,0.7694541
960982,0.75125456
960983,0.81447935
960984,0.74672997
960985,0.8090121
960986,0.7008953
960987,0.6426391
960988,0.72845453
960989,0.7104642
960990,0.6840644
960991,0.6885288
960992,0.49606043
960993,0.043110564
960994,0.16644584
960995,0.02662823
960996,0.095392354
960997,0.082346424
960998,0.091024935
960999,0.088943206
961000,0.08273643
961001,0.11807539
961002,0.064373836
961003,0.055031903
961004,0.26521513
961005,0.11355626
961006,0.07412654
961007,0.07942746
961008,0.062588274
961009,0.08856815
961010,0.0786348
961011,0.064241454
961012,0.020832557
961013,0.0869427
961014,0.048819467
961015,0.050510947
961016,0.10716758
961017,0.07016434
961018,0.14018884
961019,0.09947735
961020,0.083885826
961021,0.017135527
961022,0.069060534
961023,0.17336576
961024,0.11464133
961025,0.119096845
961026,0.06917084
961027,0.053016365
961028,0.060429174
961029,0.18835197
961030,0.10563499
961031,0.17124063
961032,0.06915876
961033,0.041304424
961034,0.039634738
961035,0.036871336
961036,0.031343173
961037,0.074678965
961038,0.08853586
961039,0.10316471
961040,0.09825561
961041,0.10818184
961042,0.018390853
961043,0.05050146
961044,0.048541635
961045,0.044715963
961046,0.18452862
961047,0.13770473
961048,0.10943369
961049,0.09398382
961050,0.13182124
961051,0.26678568
961052,0.41422403
961053,0.53807116
961054,0.66568035
961055,0.6318756
961056,0.6511011
961057,0.664897
961058,0.6793205
961059,0.690226
961060,0.69311994
961061,0.70117474
961062,0.6985558
961063,0.6990238
961064,0.69640505
961065,0.74172413
961066,0.71567905
961067,0.70290375
961068,0.69247514
961069,0.69072855
961070,0.580437
961071,0.67771524
961072,0.72162515
961073,0.4376229
961074,0.06598561
961075,0.040133357
961076,0.04563146
961077,0.052492674
961078,0.053966988
961079,0.042461004
961080,0.07511826
961081,0.11192056
961082,0.101874836
961083,0.08262374
961084,0.22966108
961085,0.21629417
961086,0.11618594
961087,0.09239868
961088,0.21060982
961089,0.07855736
961090,0.021738708
961091,0.11038048
961092,0.08481874
961093,0.111244954
961094,0.094609566
961095,0.02925937
961096,0.12359746
961097,0.14081073
961098,0.12925445
961099,0.12163134
961100,0.1339827
961101,0.15408154
961102,0.108327694
961103,0.12286535
961104,0.6906323
961105,0.73078585
961106,0.79631907
961107,0.82594144
961108,0.818544
961109,0.84028625
961110,0.8753975
961111,0.8621794
961112,0.8784256
961113,0.86689246
961114,0.88239497
961115,0.86769956
961116,0.88503706
961117,0.87813395
961118,0.88672996
961119,0.9051867
961120,0.88973147
961121,0.88439476
961122,0.8925357
961123,0.8865339
961124,0.9280076
961125,0.8855586
961126,0.897901
961127,0.8861268
961128,0.8765007
961129,0.90102273
961130,0.88361704
961131,0.8889977
961132,0.90148276
961133,0.90148276
961134,0.86489874
961135,0.85953707
961136,0.8335173
961137,0.86373585
961138,0.7938103
961139,0.7938103
961140,0.8194132
961141,0.78608143
961142,0.8122082
961143,0.78289527
961144,0.7842877
961145,0.73816687
961146,0.8483936
961147,0.7462343
961148,0.6379334
961149,0.10622852
961150,0.31393304
961151,0.76387453
961152,0.81395715
961153,0.89192545
961154,0.9039438
961155,0.9156319
961156,0.9370759
961157,0.936794
961158,0.94867986
961159,0.9487804
961160,0.961708
961161,0.9478666
961162,0.95828384
961163,0.9532367
961164,0.94532055
961165,0.93111193
961166,0.9528702
961167,0.93718135
961168,0.9494581
961169,0.955188
961170,0.94913125
961171,0.94918215
961172,0.95479864
961173,0.95759916
961174,0.9568911
961175,0.9549195
961176,0.9556054
961177,0.94739
961178,0.9515492
961179,0.9515648
961180,0.957201
961181,0.9525218
961182,0.9561388
961183,0.9523056
961184,0.95000815
961185,0.9515101
961186,0.95149344
961187,0.95113623
961188,0.9494898
961189,0.9497844
961190,0.95076054
961191,0.94278663
961192,0.9469043
961193,0.9392303
961194,0.9506355
961195,0.94946986
961196,0.9506355
961197,0.94946986
961198,0.9522157
961199,0.944401
961200,0.9517533
961201,0.9440289
961202,0.9520883
961203,0.94837826
961204,0.956502
961205,0.9499257
961206,0.9449247
961207,0.9471239
961208,0.953948
961209,0.9543703
961210,0.9450515
961211,0.9513752
961212,0.95206094
961213,0.953382
961214,0.94683
961215,0.94943964
961216,0.9530784
961217,0.9291372
961218,0.95928097
961219,0.94071394
961220,0.94918215
961221,0.94334143
961222,0.95086294
961223,0.9535317
961224,0.9503658
961225,0.918333
961226,0.95149624
961227,0.9504892
961228,0.95035255
961229,0.95010465
961230,0.9518478
961231,0.9481089
961232,0.94915056
961233,0.9344819
961234,0.95276326
961235,0.9526954
961236,0.95093507
961237,0.93980706
961238,0.9513845
961239,0.9476424
961240,0.95137995
961241,0.9438909
961242,0.95143765
961243,0.9525986
961244,0.9528176
961245,0.9499364
961246,0.94467103
961247,0.95356774
961248,0.9525985
961249,0.9347274
961250,0.9544837
961251,0.9520994
961252,0.94960046
961253,0.9542828
961254,0.9521932
961255,0.9395007
961256,0.9487233
961257,0.9506147
961258,0.9511005
961259,0.9380503
961260,0.9511803
961261,0.9522716
961262,0.9517815
961263,0.95356774
961264,0.9517815
961265,0.9486113
961266,0.9449487
961267,0.95242804
961268,0.95180386
961269,0.9519297
961270,0.95093083
961271,0.9513383
961272,0.952261
961273,0.9518314
961274,0.9507192
961275,0.9506763
961276,0.9488626
961277,0.9506763
961278,0.9488626
961279,0.9458397
961280,0.9511317
961281,0.9514765
961282,0.9462891
961283,0.9508239
961284,0.9486242
961285,0.94682914
961286,0.95069605
961287,0.95069605
961288,0.9459389
961289,0.93639946
961290,0.95069605
961291,0.9518478
961292,0.9542112
961293,0.9456895
961294,0.8224221
961295,0.038987342
961296,0.117926195
961297,0.110626705
961298,0.35195485
961299,0.2261114
961300,0.113168076
961301,0.14677581
961302,0.18794093
961303,0.08082875
961304,0.021970415
961305,0.1037788
961306,0.12104462
961307,0.076758936
961308,0.10049807
961309,0.08258777
961310,0.083969355
961311,0.024328673
961312,0.09836118
961313,0.0892913
961314,0.092977956
961315,0.084327176
961316,0.065815285
961317,0.072157286
961318,0.4229582
961319,0.48748755
961320,0.48738077
961321,0.43219528
961322,0.41663605
961323,0.486614
961324,0.39813676
961325,0.5214099
961326,0.5819924
961327,0.5800672
961328,0.5778411
961329,0.551941
961330,0.55465055
961331,0.3435977
961332,0.34409723
961333,0.3148618
961334,0.40761903
961335,0.44290125
961336,0.5165873
961337,0.40824673
961338,0.3742153
961339,0.4062971
961340,0.3210076
961341,0.46153018
961342,0.50310004
961343,0.48003918
961344,0.5022394
961345,0.31310806
961346,0.020185687
961347,0.07665673
961348,0.077420175
961349,0.07110338
961350,0.07546459
961351,0.07446667
961352,0.06901529
961353,0.04639628
961354,0.060011506
961355,0.16242233
961356,0.09446402
961357,0.42549905
961358,0.55568236
961359,0.59048074
961360,0.6006537
961361,0.5801755
961362,0.565097
961363,0.5336068
961364,0.5705684
961365,0.62414753
961366,0.60879815
961367,0.6933729
961368,0.61743
961369,0.63169426
961370,0.61818314
961371,0.662254
961372,0.6885594
961373,0.67741835
961374,0.36854458
961375,0.21368565
961376,0.15493022
961377,0.019110642
961378,0.07642978
961379,0.076281056
961380,0.071646556
961381,0.073733956
961382,0.07969858
961383,0.07338154
961384,0.04967458
961385,0.1389621
961386,0.04765541
961387,0.15371598
961388,0.15486446
961389,0.09814566
961390,0.1762233
961391,0.104314394
961392,0.08921893
961393,0.056445945
961394,0.020271601
961395,0.085551366
961396,0.09843087
961397,0.08008653
961398,0.069671966
961399,0.07915982
961400,0.084277615
961401,0.087214544
961402,0.060407933
961403,0.022975786
961404,0.07280782
961405,0.082721055
961406,0.13454488
961407,0.08224973
961408,0.07788847
961409,0.07440444
961410,0.079526655
961411,0.06765494
961412,0.028426496
961413,0.11038085
961414,0.06412737
961415,0.06198143
961416,0.080774836
961417,0.06586086
961418,0.05110876
961419,0.0168246
961420,0.076890476
961421,0.085944265
961422,0.084598064
961423,0.07890568
961424,0.07953032
961425,0.11052706
961426,0.07673862
961427,0.08701091
961428,0.03542342
961429,0.0948527
961430,0.14739153
961431,0.12962608
961432,0.12501217
961433,0.10425787
961434,0.10833688
961435,0.23955643
961436,0.026812984
961437,0.2057231
961438,0.19889292
961439,0.21323182
961440,0.21721557
961441,0.15945074
961442,0.2563941
961443,0.15789102
961444,0.21436684
961445,0.18627302
961446,0.009402107
961447,0.031564184
961448,0.04264442
961449,0.053618766
961450,0.031278048
961451,0.027834127
961452,0.029546317
961453,0.04915229
961454,0.046705432
961455,0.15345156
961456,0.19478309
961457,0.21470481
961458,0.0673922
961459,0.08272978
961460,0.092331104
961461,0.07739829
961462,0.06522886
961463,0.022325588
961464,0.11762167
961465,0.11596302
961466,0.12780143
961467,0.13820943
961468,0.10168641
961469,0.10950355
961470,0.092172414
961471,0.013905837
961472,0.04640681
961473,0.06310825
961474,0.06966812
961475,0.062838554
961476,0.064106144
961477,0.06770074
961478,0.054141536
961479,0.025768021
961480,0.15080193
961481,0.2762852
961482,0.1970175
961483,0.18910062
961484,0.2609238
961485,0.29971424
961486,0.2718005
961487,0.27461922
961488,0.27945563
961489,0.21787284
961490,0.066554
961491,0.2265873
961492,0.38721943
961493,0.3149477
961494,0.5205239
961495,0.3906466
961496,0.3441485
961497,0.16152765
961498,0.08323217
961499,0.4520931
961500,0.29112363
961501,0.41502836
961502,0.10117995
961503,0.14892834
961504,0.13114259
961505,0.04380787
961506,0.36530316
961507,0.34192312
961508,0.41491935
961509,0.4363987
961510,0.42735472
961511,0.4679361
961512,0.4701054
961513,0.35009816
961514,0.47633934
961515,0.34395006
961516,0.3018328
961517,0.22915587
961518,0.06208704
961519,0.31255206
961520,0.4700554
961521,0.48614466
961522,0.6318137
961523,0.41045222
961524,0.5455082
961525,0.46780708
961526,0.52891195
961527,0.5856917
961528,0.46550915
961529,0.48461068
961530,0.20992596
961531,0.2735132
961532,0.3276181
961533,0.47223985
961534,0.22505905
961535,0.02612586
961536,0.3025403
961537,0.27759066
961538,0.27502188
961539,0.24753422
961540,0.2871687
961541,0.28075424
961542,0.20347108
961543,0.28382465
961544,0.17247336
961545,0.18034226
961546,0.016267683
961547,0.044342134
961548,0.04386675
961549,0.0439385
961550,0.051745504
961551,0.05535223
961552,0.031679817
961553,0.033142988
961554,0.22885358
961555,0.14992337
961556,0.18788174
961557,0.18788174
961558,0.16092947
961559,0.21320099
961560,0.23058057
961561,0.20228584
961562,0.13093257
961563,0.017911263
961564,0.058748823
961565,0.061835762
961566,0.061765168
961567,0.05912627
961568,0.06860795
961569,0.061523918
961570,0.058082506
961571,0.9691684
961572,0.059994385
961573,0.21749455
961574,0.09650808
961575,0.021743597
961576,0.118393384
961577,0.11350645
961578,0.10733523
961579,0.10393281
961580,0.11812539
961581,0.12400116
961582,0.082449436
961583,0.020789152
961584,0.068649635
961585,0.04064226
961586,0.051285364
961587,0.078278095
961588,0.045277357
961589,0.03549468
961590,0.034665763
961591,0.07758073
961592,0.022313263
961593,0.11591368
961594,0.11415624
961595,0.11270963
961596,0.12646276
961597,0.10245892
961598,0.109436385
961599,0.14302279
961600,0.07264973
961601,0.24702089
961602,0.30547935
961603,0.12408831
961604,0.3191285
961605,0.33274955
961606,0.20297486
961607,0.29493952
961608,0.2950332
961609,0.3044381
961610,0.3050037
961611,0.29837763
961612,0.28913984
961613,0.25290138
961614,0.18840496
961615,0.3229137
961616,0.22187375
961617,0.24072023
961618,0.22559492
961619,0.23782568
961620,0.101878606
961621,0.026226005
961622,0.11199691
961623,0.07441615
961624,0.062097374
961625,0.076402195
961626,0.05173597
961627,0.050329346
961628,0.05851317
961629,0.07708209
961630,0.06660879
961631,0.07371527
961632,0.0648874
961633,0.07946766
961634,0.05358381
961635,0.0966999
961636,0.011056049
961637,0.05012628
961638,0.063142106
961639,0.072547734
961640,0.073798515
961641,0.06076117
961642,0.04875168
961643,0.04239655
961644,0.17578991
961645,0.12340744
961646,0.103008546
961647,0.15036269
961648,0.14709641
961649,0.074713655
961650,0.10293664
961651,0.17870641
961652,0.21823351
961653,0.22934029
961654,0.010516227
961655,0.046852387
961656,0.061324768
961657,0.03520772
961658,0.033292122
961659,0.03464908
961660,0.026133321
961661,0.0914348
961662,0.124935925
961663,0.09175571
961664,0.10711134
961665,0.103431076
961666,0.16828825
961667,0.12950665
961668,0.09357239
961669,0.06358901
961670,0.06179846
961671,0.017403424
961672,0.0833655
961673,0.07805944
961674,0.0998064
961675,0.09320404
961676,0.10678461
961677,0.090796284
961678,0.057807077
961679,0.13952783
961680,0.056502946
961681,0.045002125
961682,0.058239948
961683,0.04334234
961684,0.017362203
961685,0.07719542
961686,0.073799506
961687,0.07079551
961688,0.09230287
961689,0.084204994
961690,0.10056053
961691,0.057150394
961692,0.28387937
961693,0.2887387
961694,0.24518614
961695,0.297413
961696,0.20771483
961697,0.02495799
961698,0.09198935
961699,0.050152335
961700,0.05665114
961701,0.28450707
961702,0.1803408
961703,0.1071997
961704,0.017675469
961705,0.09607942
961706,0.058741126
961707,0.07696249
961708,0.062345233
961709,0.054286107
961710,0.05068306
961711,0.10981674
961712,0.64983237
961713,0.658254
961714,0.6203486
961715,0.6485694
961716,0.63178897
961717,0.66510683
961718,0.67746466
961719,0.8078698
961720,0.6068768
961721,0.63958234
961722,0.66672575
961723,0.6143609
961724,0.57406706
961725,0.402632
961726,0.17730531
961727,0.021957193
961728,0.10360119
961729,0.09956754
961730,0.09532214
961731,0.10496188
961732,0.09853027
961733,0.09161283
961734,0.05945788
961735,0.034934662
961736,0.1780606
961737,0.23759605
961738,0.20043188
961739,0.22543511
961740,0.12009103
961741,0.19492838
961742,0.11414886
961743,0.15047735
961744,0.27538353
961745,0.14188914
961746,0.03367205
961747,0.2722311
961748,0.23248808
961749,0.19305219
961750,0.23997763
961751,0.19734457
961752,0.20656872
961753,0.2036439
961754,0.2141842
961755,0.12478477
961756,0.033876654
961757,0.12446838
961758,0.09625714
961759,0.10573558
961760,0.10481298
961761,0.072943054
961762,0.021279922
961763,0.116503835
961764,0.124403164
961765,0.12515336
961766,0.1186109
961767,0.124659956
961768,0.10311947
961769,0.0984914
961770,0.03447148
961771,0.10564694
961772,0.1326255
961773,0.11920955
961774,0.027983835
961775,0.14656311
961776,0.11375966
961777,0.108452566
961778,0.10767032
961779,0.10458096
961780,0.0671424
961781,0.196501
961782,0.09411374
961783,0.087208495
961784,0.07121878
961785,0.035554174
961786,0.16434328
961787,0.18717155
961788,0.44575283
961789,0.539876
961790,0.44174102
961791,0.38758746
961792,0.36692616
961793,0.3788234
961794,0.44324985
961795,0.3845819
961796,0.4187121
961797,0.43406057
961798,0.35721236
961799,0.2653846
961800,0.02165637
961801,0.09034097
961802,0.08669808
961803,0.07825422
961804,0.07311226
961805,0.08105914
961806,0.0752098
961807,0.22341691
961808,0.23237996
961809,0.23898233
961810,0.21435964
961811,0.20328017
961812,0.22829263
961813,0.03718248
961814,0.22897983
961815,0.21213593
961816,0.28867877
961817,0.20934744
961818,0.25972256
961819,0.19308576
961820,0.19439892
961821,0.43966815
961822,0.2129343
961823,0.20885143
961824,0.21126558
961825,0.2410869
961826,0.59716344
961827,0.27468285
961828,0.029099451
961829,0.12015989
961830,0.12266082
961831,0.107864805
961832,0.12641841
961833,0.12422794
961834,0.104527906
961835,0.08005403
961836,0.21579248
961837,0.088094056
961838,0.09627947
961839,0.08577791
961840,0.10969565
961841,0.07509497
961842,0.24663393
961843,0.2302087
961844,0.22142817
961845,0.35821253
961846,0.26364085
961847,0.22315934
961848,0.38983706
961849,0.29978573
961850,0.39822674
961851,0.337584
961852,0.30210495
961853,0.30877364
961854,0.23893417
961855,0.101917535
961856,0.06386024
961857,0.05985154
961858,0.043984238
961859,0.054370787
961860,0.045105733
961861,0.037304908
961862,0.012860388
961863,0.05853653
961864,0.07185616
961865,0.055128515
961866,0.05658507
961867,0.080546744
961868,0.03605725
961869,0.025238002
961870,0.09996397
961871,0.054104347
961872,0.049607422
961873,0.16220881
961874,0.27400872
961875,0.25096035
961876,0.22651795
961877,0.29934782
961878,0.3597354
961879,0.31430238
961880,0.32576203
961881,0.43777338
961882,0.43484524
961883,0.29556617
961884,0.16883376
961885,0.08599225
961886,0.21040612
961887,0.0144749
961888,0.093369685
961889,0.03463847
961890,0.079259485
961891,0.06275204
961892,0.070413634
961893,0.05243058
961894,0.053187244
961895,0.06358369
961896,0.1252406
961897,0.014940166
961898,0.06497934
961899,0.13493362
961900,0.025969947
961901,0.066045485
961902,0.04834866
961903,0.08529019
961904,0.0576203
961905,0.05247808
961906,0.012018545
961907,0.028288359
961908,0.05525804
961909,0.05750315
961910,0.0662288
961911,0.031949505
961912,0.028279115
961913,0.02487788
961914,0.049144432
961915,0.13647479
961916,0.16885145
961917,0.11952916
961918,0.09556729
961919,0.09248289
961920,0.07301286
961921,0.07052605
961922,0.31457388
961923,0.2164441
961924,0.14099164
961925,0.01299717
961926,0.03998648
961927,0.043536864
961928,0.08809473
961929,0.05151297
961930,0.098352425
961931,0.07997463
961932,0.06208152
961933,0.32453257
961934,0.2489658
961935,0.17162687
961936,0.17560166
961937,0.15974075
961938,0.16159035
961939,0.17643087
961940,0.080843724
961941,0.013144124
961942,0.049962323
961943,0.11709235
961944,0.08274863
961945,0.0862857
961946,0.046422206
961947,0.03835447
961948,0.042296275
961949,0.091241285
961950,0.038421128
961951,0.16035262
961952,0.201133
961953,0.17642976
961954,0.16721459
961955,0.13061744
961956,0.09007592
961957,0.05635451
961958,0.011516125
961959,0.045557756
961960,0.045400575
961961,0.06546599
961962,0.04952946
961963,0.06316003
961964,0.046005245
961965,0.048200566
961966,0.032044724
961967,0.018522957
961968,0.09601721
961969,0.049019005
961970,0.07639421
961971,0.07888364
961972,0.07706377
961973,0.0740795
961974,0.057923563
961975,0.047615964
961976,0.3749051
961977,0.40856525
961978,0.41820574
961979,0.57726085
961980,0.50369084
961981,0.50253195
961982,0.42863774
961983,0.5815069
961984,0.5275167
961985,0.5952722
961986,0.567714
961987,0.55630165
961988,0.52215916
961989,0.34256756
961990,0.016861798
961991,0.06834345
961992,0.014522777
961993,0.06385221
961994,0.049712837
961995,0.041909352
961996,0.045620106
961997,0.041945927
961998,0.05012764
961999,0.053873967
962000,0.021423582
962001,0.08334291
962002,0.07876469
962003,0.11763178
962004,0.037783362
962005,0.09258281
962006,0.07264804
962007,0.08345235
962008,0.06888075
962009,0.47698915
962010,0.59426457
962011,0.61748004
962012,0.5993972
962013,0.6064408
962014,0.7153899
962015,0.6696467
962016,0.4443368
962017,0.71357274
962018,0.6950912
962019,0.49024788
962020,0.55026555
962021,0.48218328
962022,0.59611523
962023,0.5052629
962024,0.65871376
962025,0.7092476
962026,0.6224545
962027,0.6470682
962028,0.37770644
962029,0.018323272
962030,0.08539455
962031,0.07435939
962032,0.041168507
962033,0.07896722
962034,0.079633325
962035,0.091818355
962036,0.05114117
962037,0.033840377
962038,0.026365712
962039,0.28642893
962040,0.2934238
962041,0.25257653
962042,0.30193415
962043,0.21408528
962044,0.29644263
962045,0.2161213
962046,0.2920403
962047,0.21524066
962048,0.015830036
962049,0.098737314
962050,0.11398232
962051,0.07699782
962052,0.07946546
962053,0.06836406
962054,0.071716934
962055,0.0743756
962056,0.113928616
962057,0.019090738
962058,0.06605219
962059,0.07469123
962060,0.065354794
962061,0.11442543
962062,0.043279503
962063,0.08978526
962064,0.22768676
962065,0.5288362
962066,0.51550364
962067,0.60409606
962068,0.61875266
962069,0.74856895
962070,0.7400248
962071,0.738929
962072,0.73311347
962073,0.77808756
962074,0.6699879
962075,0.7971784
962076,0.56911635
962077,0.76136553
962078,0.77730983
962079,0.78120106
962080,0.77033377
962081,0.58340865
962082,0.7494415
962083,0.77227294
962084,0.67458355
962085,0.7387118
962086,0.721809
962087,0.5746739
962088,0.025467739
962089,0.12132752
962090,0.10323019
962091,0.083249934
962092,0.07706734
962093,0.077727735
962094,0.07693772
962095,0.059446547
962096,0.40740946
962097,0.044113517
962098,0.11654425
962099,0.12419777
962100,0.08647492
962101,0.09423922
962102,0.10889881
962103,0.021899706
962104,0.11411198
962105,0.06006647
962106,0.08823883
962107,0.059837606
962108,0.046318296
962109,0.19109239
962110,0.015317245
962111,0.08858888
962112,0.08320048
962113,0.10384033
962114,0.09057567
962115,0.106089585
962116,0.08497172
962117,0.08911197
962118,0.068721265
962119,0.16842633
962120,0.22162692
962121,0.23126212
962122,0.12987797
962123,0.17322788
962124,0.21224563
962125,0.16414136
962126,0.03461695
962127,0.08955925
962128,0.093188316
962129,0.08557812
962130,0.089465804
962131,0.08521892
962132,0.07815804
962133,0.020650728
962134,0.09667166
962135,0.08977046
962136,0.082664885
962137,0.07591588
962138,0.094412245
962139,0.082481146
962140,0.06863585
962141,0.04271586
962142,0.23391747
962143,0.018568398
962144,0.14386018
962145,0.18085255
962146,0.15146142
962147,0.12823707
962148,0.19829866
962149,0.14370736
962150,0.1337362
962151,0.14458251
962152,0.10361332
962153,0.17532308
962154,0.02483969
962155,0.1384061
962156,0.13217406
962157,0.1571727
962158,0.15915285
962159,0.121295
962160,0.16108775
962161,0.16137493
962162,0.13456015
962163,0.12110135
962164,0.18458486
962165,0.25235504
962166,0.26398066
962167,0.20340373
962168,0.17733379
962169,0.026779098
962170,0.20603499
962171,0.18512867
962172,0.23068446
962173,0.21014094
962174,0.1450256
962175,0.1770024
962176,0.22338545
962177,0.22630937
962178,0.22035588
962179,0.12370545
962180,0.026966909
962181,0.27732623
962182,0.15870392
962183,0.23339094
962184,0.20794554
962185,0.22610687
962186,0.120882176
962187,0.35753858
962188,0.32676664
962189,0.50973713
962190,0.531283
962191,0.4746419
962192,0.5670752
962193,0.48842707
962194,0.567463
962195,0.57679707
962196,0.51615006
962197,0.6378396
962198,0.5943352
962199,0.61828476
962200,0.6334299
962201,0.59257674
962202,0.653673
962203,0.59211063
962204,0.27739313
962205,0.15881696
962206,0.57942796
962207,0.6452823
962208,0.6865713
962209,0.7234774
962210,0.75227135
962211,0.7769559
962212,0.8042366
962213,0.7747091
962214,0.8148074
962215,0.79861844
962216,0.81747055
962217,0.8083645
962218,0.83612216
962219,0.80533665
962220,0.8385015
962221,0.8227959
962222,0.81578344
962223,0.8096964
962224,0.80094534
962225,0.8072666
962226,0.77560496
962227,0.80133617
962228,0.80263376
962229,0.7850575
962230,0.75454193
962231,0.74094313
962232,0.7527704
962233,0.7398155
962234,0.7773792
962235,0.7855981
962236,0.76695144
962237,0.5589688
962238,0.23508538
962239,0.10030184
962240,0.09781906
962241,0.09294774
962242,0.17594981
962243,0.15006779
962244,0.08066383
962245,0.110393286
962246,0.09044509
962247,0.06257238
962248,0.20351252
962249,0.3152283
962250,0.021865938
962251,0.09884872
962252,0.0886002
962253,0.088152535
962254,0.08556698
962255,0.09464963
962256,0.09652968
962257,0.06046861
962258,0.24079773
962259,0.18443501
962260,0.14773043
962261,0.21226396
962262,0.14325786
962263,0.059703585
962264,0.024515593
962265,0.11356898
962266,0.08465153
962267,0.09956168
962268,0.13963592
962269,0.06422864
962270,0.10202183
962271,0.036459476
962272,0.10777948
962273,0.147246
962274,0.1846
962275,0.109025665
962276,0.17877275
962277,0.14267305
962278,0.1276008
962279,0.09925781
962280,0.24781169
962281,0.014440617
962282,0.1055248
962283,0.07221876
962284,0.082534745
962285,0.07802935
962286,0.048490237
962287,0.05524358
962288,0.38701296
962289,0.2892051
962290,0.278468
962291,0.22041547
962292,0.22960974
962293,0.22770765
962294,0.22981551
962295,0.48366642
962296,0.2405693
962297,0.4041967
962298,0.26011074
962299,0.2797689
962300,0.2178342
962301,0.10411023
962302,0.13545506
962303,0.10409633
962304,0.08604695
962305,0.08166177
962306,0.07450896
962307,0.029031968
962308,0.15706128
962309,0.09468876
962310,0.09615156
962311,0.08694473
962312,0.08600087
962313,0.04449021
962314,0.044010963
962315,0.016669018
962316,0.067421846
962317,0.08888667
962318,0.07268138
962319,0.07110453
962320,0.096451506
962321,0.095623896
962322,0.075392656
962323,0.06264474
962324,0.029851355
962325,0.105931416
962326,0.021411449
962327,0.071754545
962328,0.07002157
962329,0.0665112
962330,0.063169
962331,0.08969794
962332,0.06922722
962333,0.049252894
962334,0.05315367
962335,0.24636674
962336,0.122887865
962337,0.2701662
962338,0.1405518
962339,0.22487246
962340,0.24708626
962341,0.27530205
962342,0.25838962
962343,0.25570866
962344,0.2782423
962345,0.12721302
962346,0.015968626
962347,0.06750451
962348,0.06255843
962349,0.06888135
962350,0.087258436
962351,0.067927375
962352,0.051369973
962353,0.020543119
962354,0.076752126
962355,0.07722042
962356,0.07840764
962357,0.05265379
962358,0.068411954
962359,0.08062008
962360,0.07025561
962361,0.065189995
962362,0.02032467
962363,0.080699414
962364,0.09164276
962365,0.07769276
962366,0.07183179
962367,0.08893019
962368,0.06703547
962369,0.051130753
962370,0.12720431
962371,0.106640406
962372,0.26137027
962373,0.1953931
962374,0.19273402
962375,0.18998225
962376,0.15885974
962377,0.21001658
962378,0.05296411
962379,0.16499838
962380,0.25701505
962381,0.09939714
962382,0.10127699
962383,0.10127699
962384,0.25933313
962385,0.118225016
962386,0.29737067
962387,0.30529964
962388,0.3202541
962389,0.19634913
962390,0.019299597
962391,0.106509134
962392,0.07967587
962393,0.060126923
962394,0.0847704
962395,0.07624611
962396,0.0666704
962397,0.08389381
962398,0.0561685
962399,0.12094162
962400,0.06827632
962401,0.07845208
962402,0.064475395
962403,0.3410245
962404,0.3697755
962405,0.44267982
962406,0.35941067
962407,0.46115628
962408,0.516612
962409,0.46405032
962410,0.47265685
962411,0.41354907
962412,0.41826302
962413,0.50443125
962414,0.5247842
962415,0.48156986
962416,0.524191
962417,0.25983998
962418,0.01060433
962419,0.04861002
962420,0.04862813
962421,0.062008116
962422,0.073676445
962423,0.06161066
962424,0.042714983
962425,0.10378953
962426,0.39639583
962427,0.47427493
962428,0.5518095
962429,0.6533945
962430,0.60509807
962431,0.6105845
962432,0.61170864
962433,0.60065866
962434,0.62642115
962435,0.64880896
962436,0.64176434
962437,0.5484201
962438,0.6396412
962439,0.59170985
962440,0.6442053
962441,0.49275383
962442,0.61223894
962443,0.59490895
962444,0.59015644
962445,0.3211443
962446,0.02288898
962447,0.052850448
962448,0.056115624
962449,0.05064478
962450,0.05707127
962451,0.060357034
962452,0.030939449
962453,0.10814498
962454,0.090158865
962455,0.08031931
962456,0.09736731
962457,0.100302935
962458,0.08092135
962459,0.12975419
962460,0.061709907
962461,0.21943085
962462,0.109910585
962463,0.11036846
962464,0.09905885
962465,0.039886005
962466,0.08735544
962467,0.07882966
962468,0.08731767
962469,0.062157203
962470,0.0756375
962471,0.053932402
962472,0.5110576
962473,0.566721
962474,0.6279372
962475,0.6571482
962476,0.7062392
962477,0.68716633
962478,0.6374443
962479,0.64725095
962480,0.6444569
962481,0.64455014
962482,0.63288677
962483,0.649467
962484,0.60560346
962485,0.5813859
962486,0.3643714
962487,0.30183554
962488,0.24104996
962489,0.22406901
962490,0.22627246
962491,0.14642604
962492,0.02622727
962493,0.10879505
962494,0.09534858
962495,0.11759299
962496,0.021492591
962497,0.07829416
962498,0.08568667
962499,0.084397994
962500,0.077257685
962501,0.08400224
962502,0.07675062
962503,0.07790733
962504,0.04268588
962505,0.28366953
962506,0.34865353
962507,0.033019852
962508,0.11117402
962509,0.089375444
962510,0.089728855
962511,0.08827492
962512,0.08308359
962513,0.07669945
962514,0.08244184
962515,0.034933377
962516,0.26644367
962517,0.2754247
962518,0.2637398
962519,0.27266356
962520,0.27904472
962521,0.27544016
962522,0.17770246
962523,0.120159104
962524,0.408697
962525,0.030352382
962526,0.27445295
962527,0.21758796
962528,0.091358885
962529,0.053417806
962530,0.0465369
962531,0.042908393
962532,0.049761128
962533,0.045489304
962534,0.038691167
962535,0.042881973
962536,0.2702979
962537,0.28032592
962538,0.18560511
962539,0.022625046
962540,0.044095203
962541,0.039393745
962542,0.12762861
962543,0.103848584
962544,0.14415646
962545,0.0727825
962546,0.09124908
962547,0.08310407
962548,0.08575803
962549,0.059296664
962550,0.039487068
962551,0.06338488
962552,0.059916973
962553,0.052457113
962554,0.25014412
962555,0.09858254
962556,0.11458134
962557,0.018373715
962558,0.076484725
962559,0.08302529
962560,0.07517032
962561,0.07494673
962562,0.072689734
962563,0.06754684
962564,0.07574551
962565,0.07377442
962566,0.33275265
962567,0.35700938
962568,0.38034162
962569,0.39200142
962570,0.40154386
962571,0.28841782
962572,0.47225404
962573,0.41199893
962574,0.41660872
962575,0.4093872
962576,0.29572636
962577,0.025020454
962578,0.061836917
962579,0.040235642
962580,0.0712913
962581,0.06764469
962582,0.042002995
962583,0.07163198
962584,0.053624745
962585,0.16289034
962586,0.078626245
962587,0.07518278
962588,0.07362012
962589,0.071196765
962590,0.06901761
962591,0.07091425
962592,0.013174616
962593,0.21662332
962594,0.06639309
962595,0.055457678
962596,0.14235224
962597,0.05505152
962598,0.054702327
962599,0.26083773
962600,0.07019718
962601,0.05166815
962602,0.036603678
962603,0.056552805
962604,0.08912522
962605,0.054925397
962606,0.06764524
962607,0.07721101
962608,0.0894614
962609,0.09041888
962610,0.09099384
962611,0.034317337
962612,0.31168136
962613,0.43309745
962614,0.3890526
962615,0.3632267
962616,0.36341846
962617,0.4806051
962618,0.022987297
962619,0.072963744
962620,0.06478833
962621,0.06905968
962622,0.07216954
962623,0.07165476
962624,0.072784945
962625,0.02047947
962626,0.0958499
962627,0.0475496
962628,0.04776128
962629,0.04720205
962630,0.04757373
962631,0.09381168
962632,0.05663728
962633,0.0483946
962634,0.013649034
962635,0.07567188
962636,0.09495614
962637,0.063738495
962638,0.045006752
962639,0.062502734
962640,0.06016748
962641,0.117912285
962642,0.04843441
962643,0.04487663
962644,0.6614626
962645,0.53062004
962646,0.32646683
962647,0.5821012
962648,0.5904502
962649,0.668583
962650,0.58240277
962651,0.5471378
962652,0.55823
962653,0.5541028
962654,0.53691256
962655,0.7499535
962656,0.55197805
962657,0.33507997
962658,0.025761707
962659,0.07944472
962660,0.0771998
962661,0.071724676
962662,0.0748474
962663,0.08963942
962664,0.06933886
962665,0.016938368
962666,0.04212348
962667,0.038817983
962668,0.03843667
962669,0.04487192
962670,0.047339685
962671,0.04739735
962672,0.044668224
962673,0.19112104
962674,0.12494441
962675,0.1014863
962676,0.017036507
962677,0.047693815
962678,0.0852345
962679,0.11230995
962680,0.06318695
962681,0.09228312
962682,0.06341805
962683,0.069729045
962684,0.059078045
962685,0.66741675
962686,0.47362706
962687,0.563833
962688,0.56665593
962689,0.6687697
962690,0.5771653
962691,0.63017976
962692,0.61029357
962693,0.5526422
962694,0.5522653
962695,0.6120514
962696,0.5045645
962697,0.53061306
962698,0.34379873
962699,0.1106785
962700,0.022643378
962701,0.064910255
962702,0.062803
962703,0.47408968
962704,0.49572566
962705,0.4579508
962706,0.36347583
962707,0.5633414
962708,0.50000954
962709,0.64971316
962710,0.4645247
962711,0.45588115
962712,0.65181965
962713,0.6618863
962714,0.64841014
962715,0.6301818
962716,0.6231481
962717,0.59392506
962718,0.54827964
962719,0.26295176
962720,0.021993095
962721,0.09383377
962722,0.090416454
962723,0.09750384
962724,0.098703235
962725,0.08827112
962726,0.07533936
962727,0.058225267
962728,0.08048188
962729,0.014098607
962730,0.09241749
962731,0.0791055
962732,0.07626902
962733,0.0838887
962734,0.058120985
962735,0.016669987
962736,0.11800679
962737,0.07083329
962738,0.06179377
962739,0.06137982
962740,0.074354544
962741,0.22081095
962742,0.104842514
962743,0.09706786
962744,0.045558102
962745,0.21340445
962746,0.13706993
962747,0.070716836
962748,0.044903964
962749,0.045268763
962750,0.04408853
962751,0.057741947
962752,0.05924862
962753,0.016042186
962754,0.123756655
962755,0.060235586
962756,0.11975622
962757,0.107790925
962758,0.13158068
962759,0.120357975
962760,0.104253635
962761,0.079046346
962762,0.03298096
962763,0.16032495
962764,0.14304331
962765,0.1443115
962766,0.1304488
962767,0.18535472
962768,0.1643183
962769,0.14932868
962770,0.13606308
962771,0.16875042
962772,0.012168273
962773,0.04929478
962774,0.04853937
962775,0.082379915
962776,0.053928148
962777,0.05438653
962778,0.056572054
962779,0.045096036
962780,0.018080084
962781,0.13814093
962782,0.12854195
962783,0.09632808
962784,0.056028765
962785,0.107085146
962786,0.094319075
962787,0.06270135
962788,0.10947559
962789,0.0864694
962790,0.069456786
962791,0.4258615
962792,0.5437567
962793,0.48196808
962794,0.5506498
962795,0.57953614
962796,0.55120325
962797,0.5550518
962798,0.5547287
962799,0.56601447
962800,0.53120685
962801,0.53365624
962802,0.54390496
962803,0.36149833
962804,0.11594447
962805,0.016843699
962806,0.08446843
962807,0.09004209
962808,0.07719959
962809,0.09900991
962810,0.09346364
962811,0.13489392
962812,0.0871808
962813,0.113877
962814,0.11443538
962815,0.28341052
962816,0.6311921
962817,0.6702987
962818,0.68950325
962819,0.7532191
962820,0.7818747
962821,0.7844101
962822,0.82891876
962823,0.79115766
962824,0.80637074
962825,0.79971707
962826,0.81097627
962827,0.79600835
962828,0.8238009
962829,0.8238689
962830,0.86854607
962831,0.8205154
962832,0.8290222
962833,0.71804124
962834,0.8163388
962835,0.8597759
962836,0.82513875
962837,0.7820376
962838,0.8305804
962839,0.7935572
962840,0.7866513
962841,0.7964392
962842,0.8102318
962843,0.77454597
962844,0.76976144
962845,0.5559723
962846,0.034859616
962847,0.110870235
962848,0.12687778
962849,0.10325735
962850,0.1023263
962851,0.09255496
962852,0.010477586
962853,0.05201063
962854,0.0415177
962855,0.046047088
962856,0.058322545
962857,0.046398163
962858,0.036729958
962859,0.024559747
962860,0.16465437
962861,0.12739527
962862,0.11758918
962863,0.09075048
962864,0.15759087
962865,0.09378032
962866,0.117364906
962867,0.03474015
962868,0.065743804
962869,0.3647365
962870,0.72762585
962871,0.7364183
962872,0.76164645
962873,0.8508701
962874,0.7712304
962875,0.8101808
962876,0.8636066
962877,0.85226196
962878,0.87680596
962879,0.8816536
962880,0.8877118
962881,0.8862745
962882,0.85843235
962883,0.835686
962884,0.8923109
962885,0.8846433
962886,0.89496106
962887,0.9043985
962888,0.9029188
962889,0.87105656
962890,0.8794646
962891,0.8888791
962892,0.90330946
962893,0.8997139
962894,0.89682657
962895,0.8954373
962896,0.8694752
962897,0.845212
962898,0.89577013
962899,0.8689585
962900,0.8672247
962901,0.8742903
962902,0.8250065
962903,0.8230983
962904,0.81934386
962905,0.80286515
962906,0.7831693
962907,0.75610346
962908,0.7159879
962909,0.6000695
962910,0.012169965
962911,0.06523972
962912,0.0419648
962913,0.056903515
962914,0.05421699
