obs_id,target
911345,0.18382277
911346,0.14866793
911347,0.11609203
911348,0.04539582
911349,0.045114066
911350,0.047868073
911351,0.05106695
911352,0.042321857
911353,0.4957173
911354,0.72781456
911355,0.2851735
911356,0.38114992
911357,0.42819923
911358,0.53057206
911359,0.65596116
911360,0.47271866
911361,0.6453648
911362,0.7072238
911363,0.53601706
911364,0.722784
911365,0.6115674
911366,0.19808029
911367,0.12296142
911368,0.06249146
911369,0.1297601
911370,0.08360279
911371,0.07101699
911372,0.016648084
911373,0.038025454
911374,0.04018379
911375,0.036409985
911376,0.03110481
911377,0.03623366
911378,0.023080032
911379,0.023439704
911380,0.01241796
911381,0.04878067
911382,0.07589882
911383,0.062269114
911384,0.04343153
911385,0.077004865
911386,0.06284545
911387,0.057943836
911388,0.039587673
911389,0.049861386
911390,0.353245
911391,0.18077943
911392,0.29013085
911393,0.15391193
911394,0.25095832
911395,0.045146383
911396,0.014175644
911397,0.054441266
911398,0.1071307
911399,0.19772531
911400,0.2472105
911401,0.15148036
911402,0.21997948
911403,0.24893625
911404,0.15236162
911405,0.05370782
911406,0.055300213
911407,0.048804846
911408,0.06960675
911409,0.07719621
911410,0.045082837
911411,0.07900847
911412,0.23531044
911413,0.017703697
911414,0.07520492
911415,0.044568613
911416,0.06949876
911417,0.047570996
911418,0.0583073
911419,0.046802353
911420,0.059803493
911421,0.03723496
911422,0.16482988
911423,0.0151453875
911424,0.06358627
911425,0.07559104
911426,0.074460305
911427,0.078660004
911428,0.10755876
911429,0.17721595
911430,0.22190116
911431,0.21642436
911432,0.25233337
911433,0.0891543
911434,0.17783773
911435,0.15104893
911436,0.14827946
911437,0.11370378
911438,0.08683008
911439,0.19346444
911440,0.043518938
911441,0.07278925
911442,0.16212262
911443,0.009461381
911444,0.022909338
911445,0.022649257
911446,0.021568285
911447,0.029557208
911448,0.02924782
911449,0.025987249
911450,0.028497402
911451,0.019439833
911452,0.032964677
911453,0.10338787
911454,0.07830581
911455,0.20439154
911456,0.08355893
911457,0.08293447
911458,0.089868076
911459,0.065742545
911460,0.09987623
911461,0.10673416
911462,0.20092052
911463,0.107730314
911464,0.17702007
911465,0.25097686
911466,0.13960631
911467,0.1765626
911468,0.16283582
911469,0.26397562
911470,0.007403056
911471,0.017321372
911472,0.019693097
911473,0.015185155
911474,0.02209518
911475,0.0138228005
911476,0.02083016
911477,0.018560378
911478,0.26012382
911479,0.46331024
911480,0.4083374
911481,0.70359087
911482,0.7331899
911483,0.49566647
911484,0.59694296
911485,0.7129244
911486,0.7142357
911487,0.6309117
911488,0.64766675
911489,0.61235934
911490,0.38571092
911491,0.10117654
911492,0.064780585
911493,0.007666132
911494,0.02101298
911495,0.02135125
911496,0.02283072
911497,0.024660869
911498,0.023047661
911499,0.021986112
911500,0.01978737
911501,0.031500798
911502,0.053476352
911503,0.051820166
911504,0.042406656
911505,0.116889894
911506,0.03364497
911507,0.033126432
911508,0.35140795
911509,0.008573869
911510,0.016095707
911511,0.0186144
911512,0.016664047
911513,0.032038894
911514,0.019057993
911515,0.021888748
911516,0.014652794
911517,0.006411988
911518,0.032565188
911519,0.027198795
911520,0.024163766
911521,0.08377905
911522,0.051870625
911523,0.055307787
911524,0.00702588
911525,0.014889106
911526,0.01966758
911527,0.105542265
911528,0.02386091
911529,0.02043941
911530,0.34866625
911531,0.123087354
911532,0.10795606
911533,0.109125875
911534,0.11005569
911535,0.08642769
911536,0.10952713
911537,0.07504039
911538,0.01834744
911539,0.043728054
911540,0.032513257
911541,0.048481088
911542,0.051985174
911543,0.07891095
911544,0.07280151
911545,0.05880415
911546,0.047677953
911547,0.33716846
911548,0.11837064
911549,0.35759005
911550,0.25315788
911551,0.26697293
911552,0.009874772
911553,0.018064167
911554,0.025316311
911555,0.13498537
911556,0.02603712
911557,0.021100596
911558,0.16105285
911559,0.029558072
911560,0.30354023
911561,0.33111596
911562,0.5297355
911563,0.561244
911564,0.46718752
911565,0.6447586
911566,0.6638618
911567,0.5758627
911568,0.6105982
911569,0.48229784
911570,0.589703
911571,0.45011947
911572,0.5575177
911573,0.4619637
911574,0.5908927
911575,0.5543119
911576,0.5959171
911577,0.26040635
911578,0.016946444
911579,0.038684748
911580,0.049147088
911581,0.30816728
911582,0.1216344
911583,0.08320346
911584,0.048351154
911585,0.11810214
911586,0.07399367
911587,0.08432221
911588,0.06356325
911589,0.07770653
911590,0.034215525
911591,0.057492543
911592,0.04933038
911593,0.10417574
911594,0.051393565
911595,0.03355714
911596,0.028808925
911597,0.06569569
911598,0.3640642
911599,0.027842682
911600,0.08009739
911601,0.04600671
911602,0.049469907
911603,0.046867765
911604,0.049766257
911605,0.06880302
911606,0.030456362
911607,0.02586384
911608,0.01987331
911609,0.015888816
911610,0.021030124
911611,0.03972707
911612,0.033326443
911613,0.048723526
911614,0.033913776
911615,0.036101785
911616,0.02969403
911617,0.032415707
911618,0.19701254
911619,0.07667887
911620,0.07092461
911621,0.050977036
911622,0.007802462
911623,0.048105374
911624,0.99814487
911625,0.03819684
911626,0.03691388
911627,0.04897511
911628,0.03901682
911629,0.031739082
911630,0.029039634
911631,0.039920453
911632,0.99838996
911633,0.02587873
911634,0.023485223
911635,0.011620829
911636,0.027770707
911637,0.0248932
911638,0.030202936
911639,0.02420542
911640,0.029908648
911641,0.019457536
911642,0.022230225
911643,0.014460304
911644,0.036212
911645,0.0765289
911646,0.036731157
911647,0.03858876
911648,0.039707355
911649,0.040280778
911650,0.039496753
911651,0.059544213
911652,0.01968087
911653,0.13501711
911654,0.3174597
911655,0.05178559
911656,0.06470095
911657,0.10360991
911658,0.013373747
911659,0.03854367
911660,0.037990194
911661,0.012159134
911662,0.23967071
911663,0.093162365
911664,0.07775473
911665,0.08197761
911666,0.071562715
911667,0.08521123
911668,0.03933123
911669,0.02384726
911670,0.058457036
911671,0.07712058
911672,0.046451334
911673,0.047122292
911674,0.029233973
911675,0.05389321
911676,0.038904183
911677,0.023763021
911678,0.030796116
911679,0.055636223
911680,0.030264026
911681,0.11467106
911682,0.1858153
911683,0.099098146
911684,0.09055618
911685,0.096515834
911686,0.036991853
911687,0.08682448
911688,0.07488008
911689,0.054582592
911690,0.10250106
911691,0.286365
911692,0.12465959
911693,0.16955015
911694,0.19182697
911695,0.1460059
911696,0.08819691
911697,0.09634275
911698,0.05287469
911699,0.033911232
911700,0.033540443
911701,0.031046635
911702,0.044626568
911703,0.17820261
911704,0.20537871
911705,0.30896255
911706,0.22228709
911707,0.20607242
911708,0.34396613
911709,0.451657
911710,0.3138106
911711,0.34041122
911712,0.3498358
911713,0.32200482
911714,0.22076274
911715,0.011493063
911716,0.04213973
911717,0.03924255
911718,0.040750578
911719,0.039745055
911720,0.050019957
911721,0.040596176
911722,0.025183477
911723,0.11476291
911724,0.14326148
911725,0.1800818
911726,0.15346892
911727,0.16246267
911728,0.22644348
911729,0.18446127
911730,0.13175443
911731,0.16307454
911732,0.37407294
911733,0.72317606
911734,0.75876206
911735,0.8522416
911736,0.8527407
911737,0.8847084
911738,0.8910547
911739,0.8813513
911740,0.8530801
911741,0.9075982
911742,0.9103948
911743,0.9111038
911744,0.8900389
911745,0.90580106
911746,0.8422913
911747,0.8530167
911748,0.8960128
911749,0.85830754
911750,0.9120563
911751,0.89139014
911752,0.9168145
911753,0.9079763
911754,0.87102807
911755,0.87634075
911756,0.88436455
911757,0.91896456
911758,0.90628475
911759,0.8994847
911760,0.90914124
911761,0.8650013
911762,0.90800726
911763,0.8807733
911764,0.8942391
911765,0.9022353
911766,0.85439384
911767,0.8218709
911768,0.8351514
911769,0.8268649
911770,0.8518363
911771,0.8039783
911772,0.82869506
911773,0.8118921
911774,0.7360939
911775,0.78053826
911776,0.5212996
911777,0.2635727
911778,0.33940336
911779,0.24634883
911780,0.18155248
911781,0.20090503
911782,0.14162041
911783,0.0088923555
911784,0.062173538
911785,0.071078345
911786,0.044674978
911787,0.03258564
911788,0.028530134
911789,0.030729484
911790,0.28419638
911791,0.29765838
911792,0.13865505
911793,0.12931177
911794,0.19924437
911795,0.011962631
911796,0.04356046
911797,0.02983572
911798,0.021759322
911799,0.024455894
911800,0.025359552
911801,0.027379967
911802,0.023157299
911803,0.20632054
911804,0.07001118
911805,0.11086208
911806,0.1177126
911807,0.14801659
911808,0.091456585
911809,0.16488904
911810,0.021041354
911811,0.031396274
911812,0.041083205
911813,0.04384014
911814,0.03243179
911815,0.03132593
911816,0.034820467
911817,0.12226709
911818,0.3775782
911819,0.14437678
911820,0.027019301
911821,0.37585226
911822,0.3629185
911823,0.3888345
911824,0.42993042
911825,0.41090634
911826,0.12282914
911827,0.045335386
911828,0.38064283
911829,0.42204335
911830,0.54221797
911831,0.6327386
911832,0.6546042
911833,0.68361104
911834,0.54091275
911835,0.47078443
911836,0.6245587
911837,0.6051557
911838,0.75019133
911839,0.5737031
911840,0.7503288
911841,0.464924
911842,0.3244874
911843,0.123631544
911844,0.14129893
911845,0.090966426
911846,0.10779078
911847,0.47322193
911848,0.5348876
911849,0.4809712
911850,0.3582332
911851,0.51257473
911852,0.15658544
911853,0.16359521
911854,0.26337448
911855,0.68267
911856,0.17585063
911857,0.0174576
911858,0.10680442
911859,0.1298746
911860,0.12259424
911861,0.14398105
911862,0.14500597
911863,0.1516515
911864,0.15981948
911865,0.19833858
911866,0.347599
911867,0.48891443
911868,0.5754414
911869,0.33638087
911870,0.5146493
911871,0.21563739
911872,0.53713745
911873,0.4014986
911874,0.38042492
911875,0.38091335
911876,0.29893193
911877,0.029157931
911878,0.22079201
911879,0.10078457
911880,0.2302823
911881,0.022406103
911882,0.0911168
911883,0.22368157
911884,0.31880394
911885,0.19289012
911886,0.04217022
911887,0.2762901
911888,0.084545925
911889,0.058613215
911890,0.061653435
911891,0.039064676
911892,0.08156123
911893,0.44596466
911894,0.6452054
911895,0.2952367
911896,0.30522826
911897,0.26799345
911898,0.6196535
911899,0.38801408
911900,0.29235882
911901,0.6678568
911902,0.31233743
911903,0.30491197
911904,0.4329599
911905,0.16055042
911906,0.13975137
911907,0.017797053
911908,0.035021756
911909,0.030687237
911910,0.031342283
911911,0.058898255
911912,0.05524108
911913,0.04219918
911914,0.034206096
911915,0.034373254
911916,0.05738418
911917,0.029818224
911918,0.017748557
911919,0.20636857
911920,0.27680418
911921,0.48032704
911922,0.30987808
911923,0.43206885
911924,0.30767292
911925,0.2716602
911926,0.25054267
911927,0.24360202
911928,0.032338347
911929,0.16346309
911930,0.050335146
911931,0.042841606
911932,0.43198222
911933,0.009974624
911934,0.021926573
911935,0.022748457
911936,0.02103042
911937,0.020425286
911938,0.017932236
911939,0.0209507
911940,0.027737625
911941,0.0187083
911942,0.074207895
911943,0.05399857
911944,0.0526217
911945,0.013230421
911946,0.032522295
911947,0.08297408
911948,0.038513184
911949,0.03431488
911950,0.06728475
911951,0.039490912
911952,0.044228654
911953,0.120049
911954,0.069434434
911955,0.058691394
911956,0.2943511
911957,0.007707549
911958,0.016070435
911959,0.017271316
911960,0.011396146
911961,0.009900588
911962,0.008263258
911963,0.01696568
911964,0.08894309
911965,0.03131564
911966,0.02880974
911967,0.029869236
911968,0.026225151
911969,0.035695102
911970,0.010946694
911971,0.025887221
911972,0.027811542
911973,0.030953074
911974,0.018568376
911975,0.06948424
911976,0.014997297
911977,0.04752704
911978,0.03610774
911979,0.03723338
911980,0.04039053
911981,0.021232404
911982,0.031305715
911983,0.009191622
911984,0.015083717
911985,0.016755188
911986,0.026398692
911987,0.024850434
911988,0.01611877
911989,0.014717256
911990,0.03869716
911991,0.009897447
911992,0.030563822
911993,0.0433191
911994,0.053011518
911995,0.10483406
911996,0.076399036
911997,0.0894438
911998,0.03279966
911999,0.23668754
912000,0.25967115
912001,0.41836
912002,0.7778403
912003,0.8429147
912004,0.68019164
912005,0.68250775
912006,0.40097558
912007,0.85456717
912008,0.87899905
912009,0.36467078
912010,0.80911523
912011,0.71112245
912012,0.8007159
912013,0.35148698
912014,0.4285989
912015,0.5430127
912016,0.27586594
912017,0.079514965
912018,0.28107572
912019,0.08429988
912020,0.08314744
912021,0.2096503
912022,0.16740122
912023,0.16526611
912024,0.115664795
912025,0.14986524
912026,0.13083331
912027,0.059955288
912028,0.095034845
912029,0.11305377
912030,0.1385284
912031,0.09916248
912032,0.17838663
912033,0.07550465
912034,0.1149274
912035,0.116723165
912036,0.07281754
912037,0.07364707
912038,0.08535394
912039,0.09082308
912040,0.09897986
912041,0.020639896
912042,0.026994657
912043,0.09702629
912044,0.025851287
912045,0.05741195
912046,0.19912209
912047,0.32288894
912048,0.37998044
912049,0.71729666
912050,0.74173933
912051,0.6217808
912052,0.5907919
912053,0.8025273
912054,0.7776413
912055,0.6201936
912056,0.6424717
912057,0.53233045
912058,0.77731806
912059,0.44372195
912060,0.027875178
912061,0.25008026
912062,0.3321796
912063,0.457459
912064,0.48436975
912065,0.49205184
912066,0.51486623
912067,0.62006456
912068,0.5090652
912069,0.49363905
912070,0.7026324
912071,0.6822201
912072,0.7001668
912073,0.708212
912074,0.7146539
912075,0.68408895
912076,0.6257011
912077,0.61831427
912078,0.592804
912079,0.6008329
912080,0.5629476
912081,0.57488376
912082,0.61071914
912083,0.5658176
912084,0.28258258
912085,0.034583047
912086,0.030108726
912087,0.027078144
912088,0.037460946
912089,0.026844673
912090,0.03068455
912091,0.02644955
912092,0.028254319
912093,0.19448349
912094,0.11035865
912095,0.1624412
912096,0.15306525
912097,0.27916887
912098,0.22923772
912099,0.42510182
912100,0.40357453
912101,0.22115535
912102,0.20067696
912103,0.21439204
912104,0.11965447
912105,0.07977659
912106,0.15788038
912107,0.14260373
912108,0.16009842
912109,0.13120244
912110,0.5003029
912111,0.64986056
912112,0.668913
912113,0.67948806
912114,0.5984298
912115,0.6591148
912116,0.66784877
912117,0.6639968
912118,0.69297487
912119,0.700735
912120,0.53036225
912121,0.6488156
912122,0.4488772
912123,0.11063528
912124,0.14590299
912125,0.20104316
912126,0.18235077
912127,0.21859697
912128,0.17675345
912129,0.14917572
912130,0.223563
912131,0.09790745
912132,0.009953818
912133,0.038391262
912134,0.03710799
912135,0.041758493
912136,0.053533245
912137,0.34533843
912138,0.22555357
912139,0.7544536
912140,0.76989317
912141,0.8247239
912142,0.8603224
912143,0.88440585
912144,0.91682345
912145,0.9244455
912146,0.85829335
912147,0.8277957
912148,0.9297331
912149,0.8723136
912150,0.92729294
912151,0.9349379
912152,0.8908065
912153,0.86038136
912154,0.9206721
912155,0.9037528
912156,0.90143955
912157,0.9153466
912158,0.91185737
912159,0.9015242
912160,0.9110017
912161,0.9033639
912162,0.9112436
912163,0.9002259
912164,0.9152971
912165,0.89171904
912166,0.91984236
912167,0.9047439
912168,0.89903677
912169,0.87608373
912170,0.9058524
912171,0.8969257
912172,0.89967054
912173,0.7924542
912174,0.89098495
912175,0.661974
912176,0.018644817
912177,0.089529976
912178,0.10520618
912179,0.03567723
912180,0.03937769
912181,0.03733033
912182,0.057742342
912183,0.096000515
912184,0.07889597
912185,0.02321869
912186,0.072698
912187,0.081804045
912188,0.04296007
912189,0.035632774
912190,0.18027434
912191,0.14310074
912192,0.13869837
912193,0.12729599
912194,0.13362378
912195,0.014422948
912196,0.08695025
912197,0.04107817
912198,0.04006904
912199,0.052208226
912200,0.06550372
912201,0.08425377
912202,0.028345414
912203,0.18715614
912204,0.06178513
912205,0.11752951
912206,0.07780342
912207,0.066850126
912208,0.07233484
912209,0.11618716
912210,0.064603835
912211,0.06611036
912212,0.14889967
912213,0.19172403
912214,0.046335183
912215,0.06510911
912216,0.033898983
912217,0.118148714
912218,0.11627262
912219,0.04141016
912220,0.05374059
912221,0.010002166
912222,0.029280161
912223,0.050379734
912224,0.032006998
912225,0.028672509
912226,0.033586722
912227,0.02354501
912228,0.33906403
912229,0.012354478
912230,0.053036142
912231,0.050066695
912232,0.20129988
912233,0.21148562
912234,0.052062467
912235,0.029910808
912236,0.0367072
912237,0.059450585
912238,0.037320495
912239,0.018626425
912240,0.025999878
912241,0.028816564
912242,0.03595505
912243,0.03549974
912244,0.039196067
912245,0.1186257
912246,0.094130725
912247,0.06576123
912248,0.11666124
912249,0.06354629
912250,0.010547622
912251,0.048658974
912252,0.044577982
912253,0.04682654
912254,0.04032733
912255,0.045837555
912256,0.04088979
912257,0.20295127
912258,0.13368869
912259,0.21547513
912260,0.34331968
912261,0.3574851
912262,0.034781042
912263,0.09537641
912264,0.22064665
912265,0.2438949
912266,0.21622
912267,0.32571328
912268,0.22105673
912269,0.33707285
912270,0.38609916
912271,0.1493231
912272,0.028101487
912273,0.1742898
912274,0.09367697
912275,0.06900576
912276,0.072878815
912277,0.057262648
912278,0.08277383
912279,0.11996983
912280,0.047893766
912281,0.38220435
912282,0.42301384
912283,0.7383357
912284,0.80696225
912285,0.8109847
912286,0.84384745
912287,0.8484261
912288,0.8806074
912289,0.86650586
912290,0.8695089
912291,0.88388085
912292,0.85749143
912293,0.8586929
912294,0.8567953
912295,0.8453933
912296,0.84847206
912297,0.88733107
912298,0.8484153
912299,0.8792248
912300,0.8321075
912301,0.765856
912302,0.81734365
912303,0.73861176
912304,0.8242883
912305,0.841164
912306,0.851492
912307,0.8675446
912308,0.7289461
912309,0.7597959
912310,0.73320293
912311,0.7818262
912312,0.858279
912313,0.81257206
912314,0.8128794
912315,0.74968904
912316,0.66759443
912317,0.7240239
912318,0.75197977
912319,0.68960506
912320,0.6757064
912321,0.6880317
912322,0.6757064
912323,0.6855683
912324,0.47324562
912325,0.027572265
912326,0.074520454
912327,0.030596962
912328,0.15946837
912329,0.1398773
912330,0.2739213
912331,0.2624548
912332,0.11699807
912333,0.1604372
912334,0.13263208
912335,0.25316152
912336,0.29082784
912337,0.06510139
912338,0.07300486
912339,0.0826555
912340,0.183862
912341,0.07780025
912342,0.10670661
912343,0.11013711
912344,0.21528457
912345,0.16314541
912346,0.30612397
912347,0.29170412
912348,0.20064843
912349,0.20800659
912350,0.28224036
912351,0.13926329
912352,0.17054597
912353,0.012393819
912354,0.051128913
912355,0.09865721
912356,0.17664482
912357,0.12880094
912358,0.08422335
912359,0.09556278
912360,0.108839
912361,0.29373595
912362,0.039687444
912363,0.109571174
912364,0.16939636
912365,0.13704045
912366,0.17986755
912367,0.22895692
912368,0.13048452
912369,0.21137857
912370,0.15394911
912371,0.15195714
912372,0.18493311
912373,0.17346682
912374,0.18779993
912375,0.017835261
912376,0.089542925
912377,0.093584605
912378,0.14767344
912379,0.05097419
912380,0.15837741
912381,0.13678907
912382,0.14968401
912383,0.14976147
912384,0.16776451
912385,0.17253019
912386,0.17956166
912387,0.5781232
912388,0.27090517
912389,0.3199232
912390,0.5516309
912391,0.57095385
912392,0.5402062
912393,0.7362149
912394,0.40716588
912395,0.5097341
912396,0.62668324
912397,0.69411397
912398,0.70562464
912399,0.72798765
912400,0.6687627
912401,0.58314085
912402,0.73277205
912403,0.3815026
912404,0.71769786
912405,0.7399344
912406,0.60960966
912407,0.5938283
912408,0.63767284
912409,0.73865956
912410,0.6090905
912411,0.44671646
912412,0.27685437
912413,0.052293207
912414,0.19760548
912415,0.14803782
912416,0.22616515
912417,0.15553962
912418,0.15182826
912419,0.29083747
912420,0.22938584
912421,0.16395707
912422,0.12961766
912423,0.208305
912424,0.18940091
912425,0.16743319
912426,0.019250097
912427,0.039036002
912428,0.06733627
912429,0.064679615
912430,0.042528316
912431,0.18348052
912432,0.082959846
912433,0.047496464
912434,0.049402256
912435,0.05188615
912436,0.014615711
912437,0.04975226
912438,0.063596524
912439,0.058482386
912440,0.1086127
912441,0.500194
912442,0.64489406
912443,0.7297462
912444,0.7856802
912445,0.78236437
912446,0.63854873
912447,0.57950467
912448,0.59321237
912449,0.6956527
912450,0.6767393
912451,0.732739
912452,0.6848097
912453,0.7603265
912454,0.76357645
912455,0.6702083
912456,0.6690206
912457,0.7341815
912458,0.4562453
912459,0.34105644
912460,0.20697056
912461,0.36424458
912462,0.29109424
912463,0.18543702
912464,0.31664506
912465,0.18727484
912466,0.14247854
912467,0.10677859
912468,0.07700263
912469,0.11421211
912470,0.110737726
912471,0.09699753
912472,0.06703794
912473,0.12302523
912474,0.07187992
912475,0.014067739
912476,0.02938016
912477,0.033531293
912478,0.04227578
912479,0.03304553
912480,0.030221168
912481,0.014484705
912482,0.086381465
912483,0.10488734
912484,0.10206832
912485,0.058590394
912486,0.07016102
912487,0.06672494
912488,0.08789869
912489,0.09639303
912490,0.09619135
912491,0.08420829
912492,0.0898764
912493,0.01151415
912494,0.037623715
912495,0.06350265
912496,0.06040535
912497,0.27446708
912498,0.3644933
912499,0.30542496
912500,0.13649808
912501,0.19989131
912502,0.0858442
912503,0.07633422
912504,0.11829672
912505,0.31149936
912506,0.07797402
912507,0.12231609
912508,0.032211363
912509,0.017563632
912510,0.09237045
912511,0.050606094
912512,0.091054745
912513,0.043099705
912514,0.33484614
912515,0.35801163
912516,0.36769375
912517,0.4353155
912518,0.45710132
912519,0.406746
912520,0.18724874
912521,0.033569388
912522,0.052746307
912523,0.05935017
912524,0.049890466
912525,0.015234895
912526,0.24438223
912527,0.2028742
912528,0.08147344
912529,0.10375055
912530,0.15454364
912531,0.05301566
912532,0.15685675
912533,0.11227287
912534,0.06485458
912535,0.07997042
912536,0.10507818
912537,0.15241675
912538,0.056583177
912539,0.0115608135
912540,0.022079127
912541,0.020256266
912542,0.02195928
912543,0.028207833
912544,0.021337787
912545,0.042748064
912546,0.033490025
912547,0.02199145
912548,0.013174336
912549,0.04336035
912550,0.047039878
912551,0.2306798
912552,0.045290068
912553,0.048986837
912554,0.2889986
912555,0.055257406
912556,0.074870035
912557,0.052451458
912558,0.06562798
912559,0.04221428
912560,0.016381366
912561,0.03536291
912562,0.032829423
912563,0.04372623
912564,0.04824094
912565,0.03790952
912566,0.0385919
912567,0.040922463
912568,0.037256997
912569,0.16838382
912570,0.0105132405
912571,0.028126804
912572,0.06638015
912573,0.037135635
912574,0.027008932
912575,0.05900689
912576,0.06007152
912577,0.08321744
912578,0.05570562
912579,0.05361764
912580,0.037440278
912581,0.030353986
912582,0.06583665
912583,0.29528472
912584,0.33430105
912585,0.30991626
912586,0.29251015
912587,0.28816018
912588,0.33438596
912589,0.45252594
912590,0.48724738
912591,0.33649364
912592,0.37538537
912593,0.26782185
912594,0.5450492
912595,0.16811283
912596,0.6672704
912597,0.6676211
912598,0.36224133
912599,0.44855857
912600,0.6638927
912601,0.35724437
912602,0.52397
912603,0.2582871
912604,0.3394453
912605,0.2900885
912606,0.21265775
912607,0.10596597
912608,0.31111673
912609,0.28993478
912610,0.21141557
912611,0.3488366
912612,0.6025488
912613,0.72283465
912614,0.6632912
912615,0.78318703
912616,0.6787757
912617,0.59627867
912618,0.5245664
912619,0.7367162
912620,0.59593225
912621,0.6635549
912622,0.6215784
912623,0.63078046
912624,0.3697987
912625,0.38122976
912626,0.3254899
912627,0.35110047
912628,0.65401775
912629,0.19062163
912630,0.011543602
912631,0.12491896
912632,0.15321486
912633,0.16313215
912634,0.19992377
912635,0.08390543
912636,0.30323967
912637,0.17340827
912638,0.08800824
912639,0.111463256
912640,0.05791408
912641,0.009564196
912642,0.04897997
912643,0.03880641
912644,0.04960143
912645,0.060816284
912646,0.020024836
912647,0.32828736
912648,0.2025965
912649,0.2122256
912650,0.23949067
912651,0.70449775
912652,0.41988337
912653,0.2575898
912654,0.26962262
912655,0.26824453
912656,0.43471038
912657,0.20265427
912658,0.2330401
912659,0.22998843
912660,0.20116428
912661,0.06698264
912662,0.27346984
912663,0.15286802
912664,0.3683639
912665,0.23499529
912666,0.3741182
912667,0.26049846
912668,0.3435036
912669,0.35507154
912670,0.25594145
912671,0.09472682
912672,0.010449685
912673,0.026545702
912674,0.032095294
912675,0.024756284
912676,0.05350572
912677,0.017977715
912678,0.18667592
912679,0.21769857
912680,0.20209697
912681,0.16691615
912682,0.31360927
912683,0.6120317
912684,0.2390017
912685,0.27606478
912686,0.3310006
912687,0.29368743
912688,0.28249437
912689,0.67434233
912690,0.3431974
912691,0.28027803
912692,0.50989085
912693,0.111934096
912694,0.009746895
912695,0.067156285
912696,0.019817714
912697,0.25352946
912698,0.0956039
912699,0.122161224
912700,0.061136182
912701,0.10065271
912702,0.049886703
912703,0.088765234
912704,0.06893329
912705,0.041042875
912706,0.3331548
912707,0.28137705
912708,0.25154236
912709,0.3689833
912710,0.23153809
912711,0.32964602
912712,0.42300436
912713,0.41910434
912714,0.48074412
912715,0.17439342
912716,0.016060637
912717,0.047631755
912718,0.022127323
912719,0.027249789
912720,0.17058688
912721,0.097666785
912722,0.11208871
912723,0.108110584
912724,0.08735533
912725,0.2208166
912726,0.28872886
912727,0.30191556
912728,0.16677938
912729,0.32737905
912730,0.08290992
912731,0.13794656
912732,0.01614144
912733,0.040883366
912734,0.07955387
912735,0.08248421
912736,0.01416277
912737,0.11704565
912738,0.10320589
912739,0.12313644
912740,0.14178596
912741,0.13101688
912742,0.1846887
912743,0.259848
912744,0.076717064
912745,0.23638695
912746,0.119764246
912747,0.23913819
912748,0.09445158
912749,0.055859696
912750,0.07861314
912751,0.09041994
912752,0.015781568
912753,0.14300764
912754,0.119035296
912755,0.13153338
912756,0.12906884
912757,0.123162
912758,0.22472031
912759,0.04853593
912760,0.10906087
912761,0.094265014
912762,0.105097935
912763,0.07473133
912764,0.097644374
912765,0.20468967
912766,0.11178309
912767,0.18484394
912768,0.08750238
912769,0.09176477
912770,0.032077745
912771,0.10837104
912772,0.11964063
912773,0.11483059
912774,0.10107734
912775,0.11419721
912776,0.15190268
912777,0.19377548
912778,0.24473262
912779,0.08355932
912780,0.54481363
912781,0.5155764
912782,0.41986966
912783,0.5754575
912784,0.57021844
912785,0.6104108
912786,0.6642916
912787,0.61529624
912788,0.6440046
912789,0.6860655
912790,0.49693614
912791,0.5153073
912792,0.49196267
912793,0.48397896
912794,0.6330899
912795,0.6510711
912796,0.33961865
912797,0.22023001
912798,0.3476803
912799,0.18613444
912800,0.18588218
912801,0.11580814
912802,0.22265847
912803,0.109876744
912804,0.049746633
912805,0.18245576
912806,0.1938377
912807,0.39189222
912808,0.21208435
912809,0.18091124
912810,0.15866841
912811,0.3391499
912812,0.13283285
912813,0.016859032
912814,0.09006155
912815,0.05846975
912816,0.13061054
912817,0.053672932
912818,0.07776566
912819,0.0946608
912820,0.07165739
912821,0.10014276
912822,0.10054602
912823,0.067676954
912824,0.08507497
912825,0.054834466
912826,0.23930596
912827,0.10186199
912828,0.1534342
912829,0.14256032
912830,0.0074479743
912831,0.020652475
912832,0.020179233
912833,0.018266981
912834,0.020979391
912835,0.018056927
912836,0.230374
912837,0.11678083
912838,0.3221144
912839,0.67901784
912840,0.10352283
912841,0.59037346
912842,0.12388848
912843,0.1107126
912844,0.15917534
912845,0.15167747
912846,0.18275657
912847,0.1527
912848,0.19824894
912849,0.31009787
912850,0.20212518
912851,0.1929624
912852,0.015043152
912853,0.03180016
912854,0.030610804
912855,0.033250682
912856,0.0300477
912857,0.045868527
912858,0.12087894
912859,0.07590054
912860,0.35112223
912861,0.5781685
912862,0.50485086
912863,0.71210206
912864,0.71766657
912865,0.5766041
912866,0.4045873
912867,0.710001
912868,0.7255215
912869,0.70689386
912870,0.57673746
912871,0.41104484
912872,0.42367896
912873,0.030735586
912874,0.03352359
912875,0.04253622
912876,0.029313818
912877,0.12583253
912878,0.10134191
912879,0.18156852
912880,0.18488438
912881,0.14351472
912882,0.12673685
912883,0.4012634
912884,0.38312164
912885,0.5830773
912886,0.37317014
912887,0.62281364
912888,0.36550623
912889,0.2919327
912890,0.29128265
912891,0.5842763
912892,0.6449556
912893,0.65531516
912894,0.44768396
912895,0.14968227
912896,0.8701703
912897,0.88238907
912898,0.8303615
912899,0.62093955
912900,0.5768304
912901,0.5487596
912902,0.5625936
912903,0.024437957
912904,0.50416505
912905,0.46945316
912906,0.60174656
912907,0.26601917
912908,0.2859121
912909,0.18704282
912910,0.14653492
912911,0.08891007
912912,0.10691984
912913,0.51139003
912914,0.5011862
912915,0.27120999
912916,0.19396
912917,0.038139712
912918,0.25642872
912919,0.057910126
912920,0.19251923
912921,0.21152292
912922,0.25151345
912923,0.20130044
912924,0.11729261
912925,0.18212418
912926,0.22427313
912927,0.014966237
912928,0.06842799
912929,0.077538684
912930,0.057615034
912931,0.07908476
912932,0.0399704
912933,0.02356386
912934,0.10899068
912935,0.25749907
912936,0.26247624
912937,0.27438185
912938,0.27726775
912939,0.2417924
912940,0.23257335
912941,0.7912283
912942,0.22352874
912943,0.4393831
912944,0.6691969
912945,0.7051543
912946,0.5517892
912947,0.5934289
912948,0.5083191
912949,0.31828675
912950,0.2152076
912951,0.08111345
912952,0.1303274
912953,0.027100032
912954,0.055655353
912955,0.10913558
912956,0.08562748
912957,0.09533998
912958,0.088974044
912959,0.03702218
912960,0.031340666
912961,0.02790278
912962,0.11592088
912963,0.18310648
912964,0.15937187
912965,0.082063615
912966,0.076883204
912967,0.0137781575
912968,0.075971715
912969,0.079569705
912970,0.06861202
912971,0.051075548
912972,0.098467015
912973,0.048434563
912974,0.15420914
912975,0.019938774
912976,0.121938474
912977,0.12678868
912978,0.22450462
912979,0.103920385
912980,0.23976159
912981,0.25066626
912982,0.31769028
912983,0.14443135
912984,0.09822332
912985,0.15361375
912986,0.06965031
912987,0.07473782
912988,0.04648348
912989,0.055258762
912990,0.025565142
912991,0.032362163
912992,0.0552478
912993,0.068875246
912994,0.03636479
912995,0.101089366
912996,0.1437885
912997,0.10855538
912998,0.0791345
912999,0.051698543
913000,0.016363727
913001,0.15356728
913002,0.14099097
913003,0.26147833
913004,0.20332329
913005,0.12647434
913006,0.44076234
913007,0.34182343
913008,0.22492738
913009,0.16050214
913010,0.13958763
913011,0.17568591
913012,0.30061105
913013,0.45882148
913014,0.02900613
913015,0.0582612
913016,0.09037837
913017,0.059869174
913018,0.03844369
913019,0.032523915
913020,0.2448699
913021,0.1712648
913022,0.22394423
913023,0.14224453
913024,0.101227775
913025,0.2105713
913026,0.06338688
913027,0.017350411
913028,0.06381151
913029,0.041514203
913030,0.039810006
913031,0.0304653
913032,0.040571734
913033,0.078448996
913034,0.06125537
913035,0.10694349
913036,0.045595113
913037,0.04156052
913038,0.039240383
913039,0.0381525
913040,0.04494732
913041,0.040346738
913042,0.047268532
913043,0.014039098
913044,0.06423154
913045,0.068877354
913046,0.059729774
913047,0.086308435
913048,0.014166045
913049,0.05346758
913050,0.12285252
913051,0.03993407
913052,0.30958465
913053,0.15470025
913054,0.28636152
913055,0.13689862
913056,0.0802056
913057,0.041306727
913058,0.20474488
913059,0.43580344
913060,0.49383545
913061,0.48047206
913062,0.5064499
913063,0.5187729
913064,0.42306948
913065,0.59119964
913066,0.5130795
913067,0.1795733
913068,0.02685054
913069,0.036882337
913070,0.041863073
913071,0.049327157
913072,0.041268688
913073,0.04379086
913074,0.03907846
913075,0.038580384
913076,0.038845647
913077,0.0072972765
913078,0.020864291
913079,0.023483884
913080,0.023560973
913081,0.027743308
913082,0.027165161
913083,0.025057733
913084,0.014319441
913085,0.024594996
913086,0.027128762
913087,0.034311756
913088,0.026360638
913089,0.026558643
913090,0.02914728
913091,0.012868786
913092,0.01946638
913093,0.02750056
913094,0.019509636
913095,0.027233262
913096,0.05672428
913097,0.10023724
913098,0.046839453
913099,0.716243
913100,0.41226506
913101,0.49663204
913102,0.8472978
913103,0.5814586
913104,0.6709315
913105,0.8144048
913106,0.850334
913107,0.8266331
913108,0.8185439
913109,0.8390977
913110,0.61407876
913111,0.5875239
913112,0.8783632
913113,0.8743341
913114,0.54727536
913115,0.53181595
913116,0.84891057
913117,0.85769105
913118,0.8595334
913119,0.6940272
913120,0.41562247
913121,0.5945835
913122,0.06139858
913123,0.39541924
913124,0.39849278
913125,0.42562783
913126,0.36382416
913127,0.5285561
913128,0.46678498
913129,0.455107
913130,0.2861661
913131,0.4524042
913132,0.22010466
913133,0.5553561
913134,0.23052552
913135,0.32996458
913136,0.3672719
913137,0.23278762
913138,0.01578937
913139,0.057729863
913140,0.052396774
913141,0.03793604
913142,0.04041869
913143,0.028065136
913144,0.1416759
913145,0.16173519
913146,0.43048725
913147,0.19299777
913148,0.25849968
913149,0.3458124
913150,0.19819602
913151,0.040308725
913152,0.103917524
913153,0.12648426
913154,0.09727333
913155,0.25775468
913156,0.24003625
913157,0.22788413
913158,0.21420343
913159,0.17328659
913160,0.32195675
913161,0.17084284
913162,0.019884666
913163,0.07495027
913164,0.09768377
913165,0.0912843
913166,0.052709833
913167,0.048431773
913168,0.08035972
913169,0.022557896
913170,0.22908488
913171,0.19566423
913172,0.25691277
913173,0.26334786
913174,0.25091055
913175,0.28769025
913176,0.23826194
913177,0.22197986
913178,0.02640916
913179,0.050033376
913180,0.0256068
913181,0.025185484
913182,0.024022063
913183,0.031278793
913184,0.4531088
913185,0.5118209
913186,0.02427263
913187,0.025859864
913188,0.024174038
913189,0.21177788
913190,0.2768462
913191,0.3177014
913192,0.2090153
913193,0.022723151
913194,0.0196545
913195,0.024668854
913196,0.026020944
913197,0.019359011
913198,0.11774002
913199,0.06458615
913200,0.19119813
913201,0.087073795
913202,0.084575504
913203,0.016534999
913204,0.024008172
913205,0.18124604
913206,0.24311768
913207,0.019867362
913208,0.020426778
913209,0.021028146
913210,0.03303901
913211,0.014095007
913212,0.028661959
913213,0.030224921
913214,0.14182118
913215,0.044311855
913216,0.19872695
913217,0.02237597
913218,0.042558298
913219,0.018529503
913220,0.2648169
913221,0.027213512
913222,0.047588542
913223,0.039945863
913224,0.053438183
913225,0.05356047
913226,0.052594714
913227,0.05454487
913228,0.25954816
913229,0.3145754
913230,0.48254207
913231,0.4204419
913232,0.44393912
913233,0.4306311
913234,0.019933665
913235,0.0615191
913236,0.047590185
913237,0.07389606
913238,0.13331231
913239,0.05995448
913240,0.042024765
913241,0.57904667
913242,0.5500596
913243,0.6892359
913244,0.7299683
913245,0.6531211
913246,0.7522617
913247,0.6843892
913248,0.6284235
913249,0.7618542
913250,0.7459703
913251,0.64359766
913252,0.58524424
913253,0.5445989
913254,0.56628996
913255,0.5348957
913256,0.48756334
913257,0.21242537
913258,0.038735513
913259,0.64138186
913260,0.7198414
913261,0.8318331
913262,0.6995967
913263,0.7921146
913264,0.6074382
913265,0.70429415
913266,0.79936695
913267,0.541885
913268,0.808172
913269,0.5391216
913270,0.83123356
913271,0.7544291
913272,0.82402706
913273,0.571079
913274,0.75159013
913275,0.7416854
913276,0.547348
913277,0.58135253
913278,0.67141116
913279,0.7919456
913280,0.76479834
913281,0.3565523
913282,0.5245787
913283,0.4137835
913284,0.030087113
913285,0.1373587
913286,0.053189106
913287,0.1413994
913288,0.15273568
913289,0.11370649
913290,0.1272192
913291,0.09432019
913292,0.13993226
913293,0.08320569
913294,0.15034279
913295,0.052914154
913296,0.2203599
913297,0.14224455
913298,0.34387136
913299,0.5032896
913300,0.69728
913301,0.41279578
913302,0.4519478
913303,0.023426434
913304,0.051398117
913305,0.039125
913306,0.04982967
913307,0.06522873
913308,0.071990326
913309,0.03975929
913310,0.051999554
913311,0.32811895
913312,0.08513538
913313,0.30941483
913314,0.36255497
913315,0.49161294
913316,0.46930516
913317,0.34405327
913318,0.44927672
913319,0.27630347
913320,0.3777412
913321,0.25682765
913322,0.2999149
913323,0.21981522
913324,0.20125972
913325,0.019376881
913326,0.18981683
913327,0.20254312
913328,0.21154135
913329,0.25816226
913330,0.2710954
913331,0.21305944
913332,0.21765414
913333,0.4007837
913334,0.2706419
913335,0.18271205
913336,0.32307252
913337,0.16778585
913338,0.23065792
913339,0.096364565
913340,0.251619
913341,0.2303959
913342,0.14469616
913343,0.08442275
913344,0.01310741
913345,0.069776095
913346,0.12910177
913347,0.07343274
913348,0.0735833
913349,0.10515226
913350,0.07887685
913351,0.15041733
913352,0.11885647
913353,0.07876977
913354,0.10272475
913355,0.106659666
913356,0.118194
913357,0.022980357
913358,0.221038
913359,0.3404381
913360,0.3476422
913361,0.6714623
913362,0.59466296
913363,0.39053294
913364,0.44795454
913365,0.7480052
913366,0.63904184
913367,0.4011022
913368,0.7503955
913369,0.7457992
913370,0.663662
913371,0.60033756
913372,0.71618867
913373,0.6661349
913374,0.39486343
913375,0.42085484
913376,0.5236697
913377,0.016529247
913378,0.039951205
913379,0.039436206
913380,0.040036846
913381,0.043571003
913382,0.04892281
913383,0.04651091
913384,0.010129919
913385,0.034620654
913386,0.042203497
913387,0.03410037
913388,0.07938157
913389,0.10178798
913390,0.028068643
913391,0.015274106
913392,0.011261915
913393,0.02292654
913394,0.021717468
913395,0.024014737
913396,0.013329078
913397,0.020360772
913398,0.025824446
913399,0.15921538
913400,0.107388996
913401,0.20498785
913402,0.01267166
913403,0.041680265
913404,0.043983076
913405,0.019397795
913406,0.11215868
913407,0.04427962
913408,0.06520692
913409,0.053121466
913410,0.06475875
913411,0.05009729
913412,0.14887476
913413,0.15468244
913414,0.12942117
913415,0.10933205
913416,0.1139456
913417,0.08091963
913418,0.10659839
913419,0.19229354
913420,0.11534841
913421,0.1507718
913422,0.045794103
913423,0.25038007
913424,0.5453501
913425,0.39862928
913426,0.5772972
913427,0.38105005
913428,0.56632286
913429,0.561788
913430,0.4990621
913431,0.4042929
913432,0.29813218
913433,0.50585806
913434,0.64543456
913435,0.5292964
913436,0.56808674
913437,0.3666506
913438,0.019764224
913439,0.061620668
913440,0.09450183
913441,0.032911774
913442,0.24749981
913443,0.0532268
913444,0.06895607
913445,0.023874907
913446,0.10514423
913447,0.16806702
913448,0.11883788
913449,0.12844281
913450,0.13046621
913451,0.11417907
913452,0.14619689
913453,0.06479358
913454,0.11500623
913455,0.16022909
913456,0.080403805
913457,0.10830142
913458,0.20109472
913459,0.19346498
913460,0.13269499
913461,0.02562737
913462,0.19237296
913463,0.23613854
913464,0.5653049
913465,0.71127945
913466,0.4997839
913467,0.56251824
913468,0.57630223
913469,0.6312341
913470,0.63928217
913471,0.65147144
913472,0.7115074
913473,0.67952454
913474,0.75704277
913475,0.61024857
913476,0.5269714
913477,0.5317828
913478,0.555027
913479,0.5946778
913480,0.68760866
913481,0.26453665
913482,0.030017814
913483,0.06366722
913484,0.063832805
913485,0.058663372
913486,0.07042754
913487,0.05815907
913488,0.012923363
913489,0.037163835
913490,0.03213104
913491,0.09022992
913492,0.020586614
913493,0.27076706
913494,0.015095772
913495,0.040239435
913496,0.035144895
913497,0.033598647
913498,0.05477706
913499,0.22402048
913500,0.119859464
913501,0.029922474
913502,0.049946394
913503,0.034481827
913504,0.02361324
913505,0.024735875
913506,0.069826744
913507,0.030558826
913508,0.03482727
913509,0.008418134
913510,0.06789992
913511,0.07727856
913512,0.0765197
913513,0.07028255
913514,0.113916084
913515,0.33081636
913516,0.17610085
913517,0.1406815
913518,0.28213882
913519,0.11463448
913520,0.036254905
913521,0.041228067
913522,0.038143236
913523,0.037952594
913524,0.04030974
913525,0.04125101
913526,0.032639172
913527,0.42171836
913528,0.3166812
913529,0.34212127
913530,0.28425124
913531,0.25752926
913532,0.22888187
913533,0.04519422
913534,0.029959146
913535,0.08566458
913536,0.05012192
913537,0.05015638
913538,0.046342988
913539,0.06553084
913540,0.039372467
913541,0.032539967
913542,0.41424787
913543,0.45348483
913544,0.38206422
913545,0.3857925
913546,0.023940772
913547,0.39809024
913548,0.40295538
913549,0.31095746
913550,0.45251083
913551,0.51259
913552,0.44925624
913553,0.53140587
913554,0.4896117
913555,0.53137887
913556,0.39126337
913557,0.35639206
913558,0.25154504
913559,0.01594217
913560,0.15048535
913561,0.07529247
913562,0.07539472
913563,0.09775625
913564,0.041513063
913565,0.16291462
913566,0.29225814
913567,0.5056839
913568,0.27247086
913569,0.2193585
913570,0.20576136
913571,0.22519562
913572,0.23532918
913573,0.235031
913574,0.24407095
913575,0.22258247
913576,0.14539418
913577,0.23183817
913578,0.19393963
913579,0.14936863
913580,0.15440494
913581,0.15348072
913582,0.280548
913583,0.24400719
913584,0.18552129
913585,0.16367722
913586,0.22322914
913587,0.114290446
913588,0.11261988
913589,0.080388755
913590,0.035980675
913591,0.20524022
913592,0.12426057
913593,0.14971961
913594,0.26326165
913595,0.12199973
913596,0.12235235
913597,0.09523812
913598,0.14218996
913599,0.11728301
913600,0.07239403
913601,0.0092133
913602,0.064090095
913603,0.1110139
913604,0.12510085
913605,0.400175
913606,0.1655502
913607,0.16373526
913608,0.15246764
913609,0.479234
913610,0.7091287
913611,0.73952276
913612,0.80810505
913613,0.62040305
913614,0.62177795
913615,0.6049088
913616,0.60930395
913617,0.507917
913618,0.53189915
913619,0.42036042
913620,0.6004452
913621,0.53081524
913622,0.31404853
913623,0.40186274
913624,0.5585396
913625,0.37942967
913626,0.09499971
913627,0.092536926
913628,0.13210994
913629,0.20364578
913630,0.025036354
913631,0.4517879
913632,0.59882015
913633,0.5998678
913634,0.6203941
913635,0.41281667
913636,0.19932224
913637,0.61964095
913638,0.37110817
913639,0.2855788
913640,0.5150869
913641,0.54652894
913642,0.39155695
913643,0.29430526
913644,0.28309542
913645,0.44180247
913646,0.40747982
913647,0.39177874
913648,0.59692645
913649,0.6242489
913650,0.55036753
913651,0.56464446
913652,0.6695061
913653,0.53817064
913654,0.5788874
913655,0.59041077
913656,0.34958208
913657,0.038271043
913658,0.07765341
913659,0.06097959
913660,0.07632111
913661,0.54873693
913662,0.6539452
913663,0.5980144
913664,0.5051459
913665,0.5675786
913666,0.47663298
913667,0.35858873
913668,0.5481551
913669,0.6311808
913670,0.5018308
913671,0.20778207
913672,0.69350874
913673,0.4112867
913674,0.43037173
913675,0.47204393
913676,0.6148837
913677,0.5530258
913678,0.33759677
913679,0.5695536
913680,0.6375422
913681,0.44830936
913682,0.6529453
913683,0.4168297
913684,0.19967104
913685,0.017263442
913686,0.09155503
913687,0.1174886
913688,0.07882509
913689,0.09321322
913690,0.09111284
913691,0.075113855
913692,0.04630347
913693,0.17183578
913694,0.49678922
913695,0.7285163
913696,0.27920407
913697,0.43817225
913698,0.7096926
913699,0.48324704
913700,0.38739875
913701,0.35482427
913702,0.4837784
913703,0.47074836
913704,0.43541807
913705,0.5487204
913706,0.017652871
913707,0.09578265
913708,0.1331719
913709,0.1688902
913710,0.18476136
913711,0.067835204
913712,0.04094401
913713,0.0069684368
913714,0.010367726
913715,0.012244193
913716,0.014633729
913717,0.012175612
913718,0.011041403
913719,0.20758627
913720,0.40860868
913721,0.18915568
913722,0.24437232
913723,0.3761121
913724,0.008956284
913725,0.01451753
913726,0.013277204
913727,0.021230288
913728,0.012169632
913729,0.015106077
913730,0.012290472
913731,0.013328834
913732,0.004296023
913733,0.00938314
913734,0.009629363
913735,0.013801294
913736,0.009554953
913737,0.014389003
913738,0.0069276397
913739,0.19167592
913740,0.37988415
913741,0.31760216
913742,0.28947467
913743,0.0112090325
913744,0.24171776
913745,0.06460036
913746,0.052359063
913747,0.06473247
913748,0.062016577
913749,0.047193937
913750,0.16180748
913751,0.049993977
913752,0.049315434
913753,0.038332485
913754,0.12981683
913755,0.01257485
913756,0.032441765
913757,0.04170204
913758,0.07876244
913759,0.081020854
913760,0.035583265
913761,0.035928935
913762,0.08064647
913763,0.020668995
913764,0.36927179
913765,0.20888662
913766,0.077088244
913767,0.08994653
913768,0.07073063
913769,0.051819254
913770,0.05920614
913771,0.0970513
913772,0.10252789
913773,0.8568325
913774,0.05448641
913775,0.2609738
913776,0.15699463
913777,0.14093737
913778,0.17348926
913779,0.17495808
913780,0.15921491
913781,0.1304279
913782,0.037122883
913783,0.3162519
913784,0.34549314
913785,0.2128198
913786,0.10685743
913787,0.36959243
913788,0.9755265
913789,0.19064198
913790,0.41628283
913791,0.4947951
913792,0.41403103
913793,0.3886759
913794,0.34144896
913795,0.31604075
913796,0.35555804
913797,0.39345303
913798,0.3838782
913799,0.31292593
913800,0.055960473
913801,0.020803504
913802,0.0808921
913803,0.09092381
913804,0.059764825
913805,0.059803773
913806,0.052699845
913807,0.039412133
913808,0.038022526
913809,0.052809738
913810,0.046865348
913811,0.041866515
913812,0.048975077
913813,0.051558457
913814,0.026039785
913815,0.052135803
913816,0.061065957
913817,0.06203426
913818,0.05502232
913819,0.058129374
913820,0.057381697
913821,0.21499453
913822,0.046226915
913823,0.1564383
913824,0.13744205
913825,0.26466453
913826,0.22321416
913827,0.10350482
913828,0.029874654
913829,0.13913837
913830,0.101282306
913831,0.1334352
913832,0.22185141
913833,0.1561215
913834,0.2270748
913835,0.1354857
913836,0.11946437
913837,0.20053959
913838,0.20273088
913839,0.19933446
913840,0.1777006
913841,0.17787832
913842,0.29631808
913843,0.31827542
913844,0.30343822
913845,0.2927573
913846,0.38679495
913847,0.2502713
913848,0.15613323
913849,0.11626228
913850,0.12431628
913851,0.056220364
913852,0.079444945
913853,0.085082486
913854,0.010878464
913855,0.14309111
913856,0.096521944
913857,0.062912054
913858,0.06327003
913859,0.062198736
913860,0.06853932
913861,0.058617875
913862,0.046424583
913863,0.029958423
913864,0.07751089
913865,0.06572367
913866,0.03908106
913867,0.07185985
913868,0.0343314
913869,0.05825016
913870,0.072851494
913871,0.4366546
913872,0.157199
913873,0.014279604
913874,0.063414894
913875,0.027789026
913876,0.047672812
913877,0.2028627
913878,0.044749767
913879,0.055311114
913880,0.06637152
913881,0.08067648
913882,0.023233153
913883,0.015434115
913884,0.034804612
913885,0.02840309
913886,0.030989131
913887,0.021351125
913888,0.027743587
913889,0.041846644
913890,0.038073946
913891,0.27684152
913892,0.012950963
913893,0.05341548
913894,0.038303412
913895,0.038661346
913896,0.13896696
913897,0.0650305
913898,0.18123236
913899,0.13874929
913900,0.18866226
913901,0.10171948
913902,0.09904923
913903,0.100293405
913904,0.09828075
913905,0.2118337
913906,0.11637642
913907,0.08118108
913908,0.011992301
913909,0.087268464
913910,0.07860597
913911,0.044398032
913912,0.061401572
913913,0.07628779
913914,0.18057053
913915,0.022758774
913916,0.04658986
913917,0.044695433
913918,0.07560079
913919,0.041413404
913920,0.16999097
913921,0.21386054
913922,0.3379897
913923,0.12898248
913924,0.23088643
913925,0.34309942
913926,0.27021974
913927,0.34757364
913928,0.2975528
913929,0.01652909
913930,0.038472276
913931,0.07072365
913932,0.07375233
913933,0.955688
913934,0.03785455
913935,0.02967064
913936,0.05878153
913937,0.059685387
913938,0.029874923
913939,0.042617094
913940,0.039557807
913941,0.4564925
913942,0.4139103
913943,0.56159127
913944,0.39100444
913945,0.31978413
913946,0.025464036
913947,0.039773874
913948,0.042760093
913949,0.041248824
913950,0.9535419
913951,0.025125802
913952,0.025906235
913953,0.03709998
913954,0.06648839
913955,0.028774884
913956,0.021193579
913957,0.02133476
913958,0.021373915
913959,0.031028643
913960,0.028536756
913961,0.022217331
913962,0.5315532
913963,0.8219083
913964,0.6148047
913965,0.7616987
913966,0.5557025
913967,0.80275846
913968,0.43992475
913969,0.37249908
913970,0.56821704
913971,0.4158998
913972,0.70129967
913973,0.5987698
913974,0.7434638
913975,0.6156164
913976,0.6810196
913977,0.36669868
913978,0.33438408
913979,0.30901036
913980,0.7419467
913981,0.44777265
913982,0.70682925
913983,0.27383992
913984,0.017413285
913985,0.045480784
913986,0.06453212
913987,0.0677692
913988,0.06644583
913989,0.015310381
913990,0.08447277
913991,0.08116478
913992,0.07056238
913993,0.058622133
913994,0.0590503
913995,0.05886728
913996,0.07232301
913997,0.08086885
913998,0.299945
913999,0.3270555
914000,0.01882879
914001,0.63425064
914002,0.68007886
914003,0.1903804
914004,0.61481607
914005,0.5689929
914006,0.71369374
914007,0.4461161
914008,0.2731056
914009,0.3042941
914010,0.5422955
914011,0.25072038
914012,0.23937681
914013,0.15219659
914014,0.24422067
914015,0.4704714
914016,0.047962468
914017,0.3312856
914018,0.18215677
914019,0.14672345
914020,0.126915
914021,0.19464715
914022,0.24446268
914023,0.10955585
914024,0.075163074
914025,0.05875386
914026,0.011810744
914027,0.038271923
914028,0.025561633
914029,0.043269265
914030,0.049711265
914031,0.053418037
914032,0.017442502
914033,0.07248691
914034,0.04479405
914035,0.038438883
914036,0.03245297
914037,0.04333157
914038,0.105214626
914039,0.01334636
914040,0.19395667
914041,0.029655406
914042,0.0889087
914043,0.03866973
914044,0.03292722
914045,0.03007712
914046,0.035611775
914047,0.039758578
914048,0.0067058825
914049,0.07325335
914050,0.06932834
914051,0.07570611
914052,0.059385784
914053,0.057104573
914054,0.07456855
914055,0.13953878
914056,0.19177358
914057,0.13224757
914058,0.2654965
914059,0.22852819
914060,0.14691122
914061,0.14149699
914062,0.14974259
914063,0.024810582
914064,0.07968249
914065,0.132372
914066,0.09669117
914067,0.12942265
914068,0.06550699
914069,0.13182974
914070,0.30227995
914071,0.22586222
914072,0.27536157
914073,0.3616619
914074,0.11019132
914075,0.39426214
914076,0.19383268
914077,0.2747482
914078,0.21242754
914079,0.20910814
914080,0.054060403
914081,0.5251438
914082,0.14669965
914083,0.26135135
914084,0.15251662
914085,0.12799262
914086,0.15788156
914087,0.5948994
914088,0.14889629
914089,0.019507302
914090,0.118178345
914091,0.3628564
914092,0.11211275
914093,0.48271036
914094,0.47508833
914095,0.10286399
914096,0.1226875
914097,0.16033131
914098,0.48698664
914099,0.104903415
914100,0.46825904
914101,0.31280142
914102,0.041270252
914103,0.3890282
914104,0.3657636
914105,0.35765153
914106,0.26221508
914107,0.4428758
914108,0.35176936
914109,0.4427288
914110,0.6220926
914111,0.72707796
914112,0.646645
914113,0.70529026
914114,0.74435496
914115,0.7497202
914116,0.74763393
914117,0.6795365
914118,0.70999664
914119,0.7733681
914120,0.6951355
914121,0.7248083
914122,0.7495646
914123,0.8140661
914124,0.7397078
914125,0.7317653
914126,0.6450448
914127,0.7147012
914128,0.73312277
914129,0.7529074
914130,0.7264015
914131,0.7141311
914132,0.65090466
914133,0.7606208
914134,0.81012243
914135,0.6158976
914136,0.13691786
914137,0.45170644
914138,0.41608995
914139,0.38938138
914140,0.5457573
914141,0.46627825
914142,0.51193506
914143,0.5876106
914144,0.6030406
914145,0.37752402
914146,0.3946457
914147,0.57383275
914148,0.50418437
914149,0.48637596
914150,0.39990768
914151,0.38725945
914152,0.48020285
914153,0.4526292
914154,0.53020656
914155,0.5199103
914156,0.44649658
914157,0.3446107
914158,0.060948215
914159,0.37499306
914160,0.34459975
914161,0.5596805
914162,0.4746363
914163,0.43222985
914164,0.4039373
914165,0.5575338
914166,0.44025823
914167,0.28413257
914168,0.38117
914169,0.37067035
914170,0.40664682
914171,0.37210566
914172,0.40178844
914173,0.53431004
914174,0.43089354
914175,0.05493004
914176,0.30900306
914177,0.20786998
914178,0.33600035
914179,0.26014152
914180,0.1477828
914181,0.19714305
914182,0.21033694
914183,0.25604165
914184,0.28946176
914185,0.12334975
914186,0.17671706
914187,0.13459235
914188,0.059220478
914189,0.077901326
914190,0.46616378
914191,0.4888236
914192,0.46615332
914193,0.2702993
914194,0.5228153
914195,0.5283927
914196,0.53711164
914197,0.47614223
914198,0.5356122
914199,0.283894
914200,0.31706965
914201,0.38730735
914202,0.17272845
914203,0.03722817
914204,0.29357043
914205,0.17589106
914206,0.4738775
914207,0.25351867
914208,0.18044508
914209,0.14412022
914210,0.31639943
914211,0.19157432
914212,0.1895877
914213,0.1497623
914214,0.29296586
914215,0.23423718
914216,0.13727336
914217,0.039913993
914218,0.15108995
914219,0.25871053
914220,0.07543424
914221,0.19678268
914222,0.15060802
914223,0.14470288
914224,0.1468231
914225,0.18972407
914226,0.1790385
914227,0.18958963
914228,0.22472696
914229,0.02361671
914230,0.117532015
914231,0.0809185
914232,0.07501341
914233,0.07608396
914234,0.08710981
914235,0.10352137
914236,0.09013889
914237,0.18900894
914238,0.05058625
914239,0.05575954
914240,0.014390524
914241,0.056726668
914242,0.03766262
914243,0.022782426
914244,0.036733888
914245,0.03199902
914246,0.025326822
914247,0.02142678
914248,0.16364802
914249,0.006763764
914250,0.024044823
914251,0.021129739
914252,0.028635895
914253,0.02622696
914254,0.023145437
914255,0.11099315
914256,0.28448942
914257,0.10300767
914258,0.09176187
914259,0.10527394
914260,0.096245505
914261,0.12387665
914262,0.040204305
914263,0.12891448
914264,0.20942909
914265,0.34330302
914266,0.33799145
914267,0.44461924
914268,0.6341099
914269,0.726249
914270,0.849924
914271,0.8104721
914272,0.8112177
914273,0.7495878
914274,0.7674548
914275,0.7893324
914276,0.7633653
914277,0.75902927
914278,0.34660107
914279,0.48466024
914280,0.47522828
914281,0.46714902
914282,0.4523715
914283,0.72773343
914284,0.42733076
914285,0.6397254
914286,0.6440407
914287,0.49788302
914288,0.20117971
914289,0.15515499
914290,0.34086087
914291,0.1854251
914292,0.17081363
914293,0.025008861
914294,0.063528776
914295,0.06878309
914296,0.05176349
914297,0.06584269
914298,0.053725354
914299,0.056288943
914300,0.051872652
914301,0.045669906
914302,0.28173605
914303,0.32730442
914304,0.3963434
914305,0.14283068
914306,0.034988645
914307,0.108688615
914308,0.10311175
914309,0.11620112
914310,0.11861886
914311,0.10663344
914312,0.124621496
914313,0.08499417
914314,0.021206155
914315,0.028219895
914316,0.03438653
914317,0.11838934
914318,0.028969374
914319,0.031819265
914320,0.05507952
914321,0.05032711
914322,0.05170339
914323,0.028655762
914324,0.10087931
914325,0.11948213
914326,0.12751554
914327,0.30437735
914328,0.27160266
914329,0.22774342
914330,0.19849625
914331,0.21747254
914332,0.14809051
914333,0.18889785
914334,0.15047449
914335,0.016698666
914336,0.055278756
914337,0.06103415
914338,0.052142184
914339,0.05395523
914340,0.055529017
914341,0.04848959
914342,0.011705437
914343,0.047010496
914344,0.049609512
914345,0.0664873
914346,0.02792908
914347,0.043179877
914348,0.037197277
914349,0.07658384
914350,0.03727835
914351,0.04731905
914352,0.03821771
914353,0.024938283
914354,0.10162468
914355,0.07260713
914356,0.09844185
914357,0.065836206
914358,0.07015254
914359,0.077965215
914360,0.09193407
914361,0.05070143
914362,0.0147283925
914363,0.110023774
914364,0.12167103
914365,0.14573747
914366,0.0860876
914367,0.117194995
914368,0.107527345
914369,0.12205329
914370,0.3412323
914371,0.20659691
914372,0.0149217695
914373,0.02651156
914374,0.06892103
914375,0.07823653
914376,0.071012765
914377,0.089596055
914378,0.07734376
914379,0.04869848
914380,0.012710489
914381,0.070515655
914382,0.06528259
914383,0.027922822
914384,0.055711955
914385,0.05799988
914386,0.05099291
914387,0.046861406
914388,0.022279708
914389,0.23289222
914390,0.25482914
914391,0.38496602
914392,0.23263748
914393,0.26823702
914394,0.35067952
914395,0.1446453
914396,0.39716914
914397,0.21453977
914398,0.29470038
914399,0.14854524
914400,0.014309879
914401,0.08085886
914402,0.058068834
914403,0.06663427
914404,0.060097706
914405,0.056072
914406,0.036460023
914407,0.23419604
914408,0.093376584
914409,0.01395323
914410,0.02803248
914411,0.0302955
914412,0.030921245
914413,0.03221806
914414,0.033536084
914415,0.031079795
914416,0.031082518
914417,0.16712156
914418,0.1794414
914419,0.17459476
914420,0.16991474
914421,0.10729284
914422,0.091333196
914423,0.19287354
914424,0.19066639
914425,0.10669846
914426,0.10315149
914427,0.108665794
914428,0.08751775
914429,0.014217205
914430,0.017537288
914431,0.03201418
914432,0.024448792
914433,0.028581033
914434,0.024339858
914435,0.016083924
914436,0.045893524
914437,0.06841758
914438,0.06234175
914439,0.05663817
914440,0.018701464
914441,0.10916658
914442,0.096128955
914443,0.090660065
914444,0.09248007
914445,0.16693613
914446,0.103218235
914447,0.53485435
914448,0.71123934
914449,0.71276885
914450,0.7011976
914451,0.7419455
914452,0.7370528
914453,0.778837
914454,0.68325317
914455,0.6102147
914456,0.71884114
914457,0.6680495
914458,0.71615195
914459,0.677287
914460,0.5204785
914461,0.72171664
914462,0.70775795
914463,0.71780413
914464,0.7278277
914465,0.48290977
914466,0.04030987
914467,0.13846168
914468,0.1844888
914469,0.16320324
914470,0.17679356
914471,0.17702861
914472,0.3115082
914473,0.15445685
914474,0.16723302
914475,0.20877661
914476,0.30903235
914477,0.2695925
914478,0.124784514
914479,0.23149647
914480,0.117876306
914481,0.08778118
914482,0.059913043
914483,0.061437044
914484,0.05891635
914485,0.054647774
914486,0.06735878
914487,0.16052927
914488,0.16454972
914489,0.13252345
914490,0.24099462
914491,0.10260566
914492,0.02816757
914493,0.08286979
914494,0.072947
914495,0.1808044
914496,0.15021984
914497,0.107240036
914498,0.06409221
914499,0.23521201
914500,0.08417922
914501,0.105805576
914502,0.09806667
914503,0.013012331
914504,0.064120136
914505,0.033856448
914506,0.033047702
914507,0.029859062
914508,0.035935152
914509,0.028792514
914510,0.029796472
914511,0.03011181
914512,0.015237999
914513,0.051292207
914514,0.0674926
914515,0.05592353
914516,0.0604013
914517,0.06180544
914518,0.111557856
914519,0.23121373
914520,0.21683192
914521,0.1949345
914522,0.12633598
914523,0.052260134
914524,0.134451
914525,0.08636888
914526,0.07987034
914527,0.10186375
914528,0.08522169
914529,0.24041499
914530,0.19314529
914531,0.23679754
914532,0.31221956
914533,0.22817467
914534,0.3018973
914535,0.19137041
914536,0.22166114
914537,0.082918294
914538,0.39157173
914539,0.22582217
914540,0.10157682
914541,0.029395726
914542,0.22217141
914543,0.23209475
914544,0.25436693
914545,0.31946284
914546,0.3048909
914547,0.3346955
914548,0.32937387
914549,0.28529945
914550,0.038171202
914551,0.15745305
914552,0.07707013
914553,0.16711932
914554,0.30395576
914555,0.30610752
914556,0.09633013
914557,0.42365184
914558,0.7671167
914559,0.65002435
914560,0.47114
914561,0.6487302
914562,0.53376013
914563,0.5789883
914564,0.5448993
914565,0.3157142
914566,0.198877
914567,0.47415295
914568,0.4842985
914569,0.026055045
914570,0.3058445
914571,0.15349199
914572,0.08661745
914573,0.019719915
914574,0.15549822
914575,0.44970664
914576,0.3054918
914577,0.15308796
914578,0.39850447
914579,0.34818196
914580,0.29218566
914581,0.36821207
914582,0.22147061
914583,0.10413178
914584,0.095688365
914585,0.15165807
914586,0.03499689
914587,0.022619078
914588,0.046392012
914589,0.03235728
914590,0.034881495
914591,0.0337831
914592,0.05403914
914593,0.12112507
914594,0.20066518
914595,0.3732169
914596,0.16295591
914597,0.1425928
914598,0.23192653
914599,0.16438805
914600,0.07011086
914601,0.007867479
914602,0.018747289
914603,0.017363017
914604,0.012927055
914605,0.010686894
914606,0.013491439
914607,0.015348642
914608,0.022774188
914609,0.05503661
914610,0.06109623
914611,0.043865
914612,0.05120369
914613,0.06747738
914614,0.048584998
914615,0.012804592
914616,0.079308
914617,0.07631352
914618,0.062886745
914619,0.09879311
914620,0.012093097
914621,0.019488608
914622,0.0154049825
914623,0.015642768
914624,0.03690192
914625,0.3250398
914626,0.23550706
914627,0.19647104
914628,0.038914043
914629,0.032407947
914630,0.032098856
914631,0.029985612
914632,0.025722967
914633,0.0064154128
914634,0.015743213
914635,0.013118894
914636,0.013450566
914637,0.0151635995
914638,0.03329528
914639,0.010766168
914640,0.06903485
914641,0.008297066
914642,0.028351376
914643,0.024499526
914644,0.027368085
914645,0.036279887
914646,0.066857785
914647,0.08091116
914648,0.032036927
914649,0.07679248
914650,0.088052906
914651,0.098085
914652,0.111377105
914653,0.086220674
914654,0.0810037
914655,0.17754659
914656,0.2643689
914657,0.4303432
914658,0.41026258
914659,0.6536878
914660,0.60013044
914661,0.52856344
914662,0.82822865
914663,0.6855234
914664,0.6013899
914665,0.6517368
914666,0.57664126
914667,0.5999913
914668,0.5237181
914669,0.5225957
914670,0.014641768
914671,0.08190216
914672,0.104026735
914673,0.12948526
914674,0.12572987
914675,0.31810963
914676,0.3227623
914677,0.47965634
914678,0.28852457
914679,0.6690326
914680,0.74049366
914681,0.711541
914682,0.7280727
914683,0.757853
914684,0.72036225
914685,0.7396028
914686,0.36023945
914687,0.24267094
914688,0.30922738
914689,0.33430654
914690,0.19685306
914691,0.15158916
914692,0.20813824
914693,0.150138
914694,0.15586342
914695,0.072386585
914696,0.19943564
914697,0.2080579
914698,0.0935763
914699,0.0494719
914700,0.05131543
914701,0.19145204
914702,0.09059255
914703,0.07937493
914704,0.010127118
914705,0.016142547
914706,0.015958479
914707,0.06975494
914708,0.021361789
914709,0.02294803
914710,0.020772012
914711,0.19819745
914712,0.036943167
914713,0.0700758
914714,0.042656753
914715,0.0072284034
914716,0.02791054
914717,0.030570494
914718,0.03283207
914719,0.026971307
914720,0.021558808
914721,0.031074384
914722,0.029111901
914723,0.005360977
914724,0.0202375
914725,0.027169092
914726,0.01846178
914727,0.017288337
914728,0.03960856
914729,0.23616335
914730,0.47519672
914731,0.30189878
914732,0.31290615
914733,0.37268323
914734,0.24462146
914735,0.47046956
914736,0.29222533
914737,0.29204684
914738,0.37762415
914739,0.410941
914740,0.33194995
914741,0.3267276
914742,0.2688684
914743,0.65104944
914744,0.21921363
914745,0.53224903
914746,0.23743208
914747,0.172777
914748,0.5453205
914749,0.3599407
914750,0.25651962
914751,0.26290563
914752,0.38172054
914753,0.34238887
914754,0.01290427
914755,0.03753804
914756,0.04071415
914757,0.04020617
914758,0.0530866
914759,0.036515594
914760,0.038855713
914761,0.08335291
914762,0.045526084
914763,0.24226153
914764,0.015221659
914765,0.37721282
914766,0.43525353
914767,0.3527614
914768,0.44772005
914769,0.2942754
914770,0.56461006
914771,0.47015294
914772,0.45887643
914773,0.35432503
914774,0.51872575
914775,0.4243923
914776,0.005717476
914777,0.05292235
914778,0.024772229
914779,0.02306169
914780,0.043191966
914781,0.023619942
914782,0.010355477
914783,0.0759624
914784,0.04959427
914785,0.05423147
914786,0.071392894
914787,0.04800307
914788,0.061932664
914789,0.10377015
914790,0.08268192
914791,0.08568887
914792,0.19261168
914793,0.3014127
914794,0.25105813
914795,0.0983951
914796,0.013831474
914797,0.084298186
914798,0.038315702
914799,0.07564905
914800,0.023901185
914801,0.31570852
914802,0.33444852
914803,0.41253608
914804,0.1679454
914805,0.41675177
914806,0.3153864
914807,0.094530076
914808,0.09835105
914809,0.09612175
914810,0.19911428
914811,0.017136032
914812,0.07968193
914813,0.044186898
914814,0.07677455
914815,0.13646935
914816,0.056834053
914817,0.18795721
914818,0.24406703
914819,0.11816277
914820,0.32488188
914821,0.19355564
914822,0.22684754
914823,0.074156925
914824,0.20469232
914825,0.31488582
914826,0.36130726
914827,0.394323
914828,0.42050916
914829,0.48458016
914830,0.44137347
914831,0.41761944
914832,0.49641135
914833,0.4255967
914834,0.49101004
914835,0.263782
914836,0.02286477
914837,0.08653028
914838,0.029653648
914839,0.044121373
914840,0.05867516
914841,0.031248048
914842,0.049972963
914843,0.05709606
914844,0.037284963
914845,0.35357672
914846,0.5289014
914847,0.44245636
914848,0.33267072
914849,0.413721
914850,0.53536344
914851,0.44459355
914852,0.21432652
914853,0.28076118
914854,0.15593113
914855,0.22950998
914856,0.1377385
914857,0.0343557
914858,0.13285357
914859,0.164752
914860,0.17000984
914861,0.13119014
914862,0.14145906
914863,0.13102949
914864,0.31036103
914865,0.019458763
914866,0.030296503
914867,0.040202178
914868,0.042546682
914869,0.042205743
914870,0.030432535
914871,0.05162611
914872,0.02793161
914873,0.037225857
914874,0.22901903
914875,0.16667642
914876,0.20126307
914877,0.072225526
914878,0.09422561
914879,0.22405542
914880,0.15661247
914881,0.070486456
914882,0.03900422
914883,0.14633489
914884,0.20716491
914885,0.14393309
914886,0.1316951
914887,0.1589384
914888,0.100852
914889,0.12813655
914890,0.20836963
914891,0.14207606
914892,0.19704337
914893,0.08782352
914894,0.046859425
914895,0.34272936
914896,0.23979345
914897,0.27859917
914898,0.5172949
914899,0.51932424
914900,0.3593804
914901,0.5179463
914902,0.5536753
914903,0.47575408
914904,0.33203605
914905,0.3057613
914906,0.499251
914907,0.46745464
914908,0.33504385
914909,0.18738545
914910,0.0298691
914911,0.064001344
914912,0.07709611
914913,0.05865421
914914,0.029436607
914915,0.01612228
914916,0.06779211
914917,0.09075567
914918,0.08691185
914919,0.07697674
914920,0.09506666
914921,0.097076185
914922,0.12919413
914923,0.07595673
914924,0.059954613
914925,0.016862968
914926,0.24480015
914927,0.19585875
914928,0.31787714
914929,0.19357914
914930,0.29121998
914931,0.30895612
914932,0.1503044
914933,0.41800085
914934,0.25908118
914935,0.2419689
914936,0.33152983
914937,0.34528127
914938,0.39568233
914939,0.40022758
914940,0.5013497
914941,0.3332916
914942,0.02470044
914943,0.100063145
914944,0.08214674
914945,0.10529217
914946,0.085048065
914947,0.107993804
914948,0.10679145
914949,0.055332843
914950,0.034449846
914951,0.12193314
914952,0.14523846
914953,0.13516714
914954,0.12513256
914955,0.28105173
914956,0.2410642
914957,0.27498224
914958,0.28972742
914959,0.35140452
914960,0.20321205
914961,0.20230618
914962,0.04773807
914963,0.18783057
914964,0.18200207
914965,0.17509826
914966,0.15470205
914967,0.028160209
914968,0.09827974
914969,0.101905294
914970,0.12358623
914971,0.39686105
914972,0.25616744
914973,0.23851435
914974,0.16930543
914975,0.23956841
914976,0.27489954
914977,0.2609188
914978,0.2337543
914979,0.20928311
914980,0.26155955
914981,0.3737274
914982,0.16547205
914983,0.22859812
914984,0.22144973
914985,0.12626109
914986,0.15192977
914987,0.42189384
914988,0.6105846
914989,0.5160552
914990,0.4511301
914991,0.45185992
914992,0.64159787
914993,0.66151947
914994,0.6194834
914995,0.67244434
914996,0.5747227
914997,0.6328288
914998,0.60435927
914999,0.6509862
915000,0.59574383
915001,0.2942459
915002,0.23647381
915003,0.08752236
915004,0.030891981
915005,0.081430346
915006,0.098251574
915007,0.07750937
915008,0.07034844
915009,0.10265546
915010,0.07938781
915011,0.062262014
915012,0.01496086
915013,0.019427499
915014,0.09742295
915015,0.018217685
915016,0.023556886
915017,0.014603739
915018,0.019096855
915019,0.017414885
915020,0.01941588
915021,0.020187913
915022,0.13512704
915023,0.013602659
915024,0.039909817
915025,0.048865914
915026,0.029885449
915027,0.029179277
915028,0.05783269
915029,0.21327627
915030,0.1584549
915031,0.24522467
915032,0.021570714
915033,0.017158816
915034,0.014751043
915035,0.041079722
915036,0.21903811
915037,0.5823712
915038,0.73014945
915039,0.70346874
915040,0.23736703
915041,0.14434552
915042,0.83482194
915043,0.37760064
915044,0.3643864
915045,0.8182978
915046,0.7538891
915047,0.049912322
915048,0.088205345
915049,0.083284535
915050,0.065748684
915051,0.039734185
915052,0.21538314
915053,0.01858569
915054,0.05444998
915055,0.058445502
915056,0.08290934
915057,0.18314388
915058,0.43383503
915059,0.23134874
915060,0.33130124
915061,0.55518216
915062,0.5501217
915063,0.4718101
915064,0.19626781
915065,0.22477373
915066,0.32312387
915067,0.29733106
915068,0.039207723
915069,0.3120862
915070,0.16599537
915071,0.33193544
915072,0.19641021
915073,0.21640301
915074,0.21059126
915075,0.3277939
915076,0.07393162
915077,0.1509535
915078,0.13559261
915079,0.34122482
915080,0.0974815
915081,0.27501205
915082,0.5488865
915083,0.570826
915084,0.5912419
915085,0.5265378
915086,0.5688518
915087,0.4336539
915088,0.44738588
915089,0.5020587
915090,0.12887022
915091,0.05183097
915092,0.041672997
915093,0.03778142
915094,0.40910545
915095,0.36529908
915096,0.56365347
915097,0.50199175
915098,0.5688057
915099,0.7067727
915100,0.45305222
915101,0.36422327
915102,0.28004402
915103,0.19402279
915104,0.010863047
915105,0.019441562
915106,0.08679537
915107,0.033937436
915108,0.026212752
915109,0.3695112
915110,0.663936
915111,0.7085925
915112,0.62993187
915113,0.7095118
915114,0.6887828
915115,0.47965902
915116,0.5510846
915117,0.60131466
915118,0.54451144
915119,0.68549794
915120,0.7099161
915121,0.7320215
915122,0.6898425
915123,0.6056952
915124,0.6968852
915125,0.7361547
915126,0.6499636
915127,0.7598172
915128,0.7693747
915129,0.70631474
915130,0.49891114
915131,0.26470128
915132,0.35612246
915133,0.5353475
915134,0.68535393
915135,0.59444577
915136,0.6870128
915137,0.57139266
915138,0.66549605
915139,0.59283406
915140,0.56957525
915141,0.6869603
915142,0.6122311
915143,0.599393
915144,0.5479858
915145,0.6095904
915146,0.27329817
915147,0.14773574
915148,0.07278107
915149,0.23917927
915150,0.47121754
915151,0.60791844
915152,0.57816976
915153,0.62149674
915154,0.5563246
915155,0.39349085
915156,0.64868605
915157,0.5339305
915158,0.48660946
915159,0.37202457
915160,0.16537766
915161,0.30054876
915162,0.25995263
915163,0.0344195
915164,0.06971584
915165,0.0570937
915166,0.057282683
915167,0.068505265
915168,0.14749005
915169,0.069710925
915170,0.053287275
915171,0.03836031
915172,0.20235893
915173,0.13618442
915174,0.16832152
915175,0.18362789
915176,0.23573558
915177,0.23374327
915178,0.20507818
915179,0.17743804
915180,0.30299214
915181,0.11633127
915182,0.037377015
915183,0.5210808
915184,0.5390322
915185,0.6313424
915186,0.6589591
915187,0.615759
915188,0.5842274
915189,0.6485599
915190,0.37968016
915191,0.50492
915192,0.36495936
915193,0.55742854
915194,0.436001
915195,0.5448328
915196,0.42877778
915197,0.5441122
915198,0.17519586
915199,0.010151727
915200,0.043960404
915201,0.039966293
915202,0.12249731
915203,0.037907526
915204,0.023392923
915205,0.025027167
915206,0.03232481
915207,0.038454033
915208,0.055319935
915209,0.01912311
915210,0.05346352
915211,0.14588644
915212,0.15669964
915213,0.20215178
915214,0.20206435
915215,0.19428332
915216,0.14439097
915217,0.08733824
915218,0.13736658
915219,0.07216911
915220,0.1222743
915221,0.07875104
915222,0.07432872
915223,0.013394986
915224,0.018523473
915225,0.018702352
915226,0.012552123
915227,0.01683829
915228,0.019761074
915229,0.017080849
915230,0.022395605
915231,0.056259684
915232,0.070231766
915233,0.05598796
915234,0.07749132
915235,0.08624025
915236,0.03795613
915237,0.07079001
915238,0.08765109
915239,0.15068316
915240,0.122973226
915241,0.10796379
915242,0.11508211
915243,0.08813163
915244,0.10713714
915245,0.18752445
915246,0.13207519
915247,0.19378532
915248,0.07586475
915249,0.011226322
915250,0.030043911
915251,0.031742323
915252,0.039692186
915253,0.036435764
915254,0.03256319
915255,0.038492337
915256,0.017119223
915257,0.25368857
915258,0.21877742
915259,0.23573698
915260,0.40075895
915261,0.38188472
915262,0.34089682
915263,0.39598164
915264,0.49563122
915265,0.3866989
915266,0.56930315
915267,0.5007601
915268,0.33866924
915269,0.61648947
915270,0.26054126
915271,0.23789442
915272,0.022826998
915273,0.22018956
915274,0.16746384
915275,0.24823901
915276,0.17672883
915277,0.20247309
915278,0.2533963
915279,0.18129905
915280,0.3146667
915281,0.26843116
915282,0.17930348
915283,0.23181547
915284,0.15719117
915285,0.101955645
915286,0.023186345
915287,0.26569134
915288,0.22723842
915289,0.37165973
915290,0.31437084
915291,0.3763479
915292,0.4147903
915293,0.5607753
915294,0.42284742
915295,0.54648626
915296,0.4749047
915297,0.37982324
915298,0.47755575
915299,0.35823768
915300,0.45033866
915301,0.25181255
915302,0.14080398
915303,0.02218051
915304,0.116884604
915305,0.08553578
915306,0.07520858
915307,0.072008625
915308,0.07969375
915309,0.1714698
915310,0.172346
915311,0.080252364
915312,0.042726535
915313,0.0097002555
915314,0.025273047
915315,0.034396987
915316,0.022572888
915317,0.016652837
915318,0.035365097
915319,0.020492388
915320,0.022052107
915321,0.012016031
915322,0.13847351
915323,0.07194867
915324,0.10696849
915325,0.09589641
915326,0.14688656
915327,0.18471943
915328,0.13932484
915329,0.09610588
915330,0.17796835
915331,0.16693434
915332,0.0606754
915333,0.11791952
915334,0.042039867
915335,0.19720925
915336,0.15244605
915337,0.035211645
915338,0.012602346
915339,0.033222444
915340,0.038323
915341,0.03888075
915342,0.038152814
915343,0.026969686
915344,0.14535438
915345,0.080882974
915346,0.10510617
915347,0.06242026
915348,0.1059884
915349,0.12835917
915350,0.15282372
915351,0.14070939
915352,0.1236546
915353,0.18432818
915354,0.014073488
915355,0.1730167
915356,0.11059442
915357,0.3724967
915358,0.3046461
915359,0.3806006
915360,0.3366904
915361,0.104014985
915362,0.25213173
915363,0.22331195
915364,0.27075693
915365,0.28967875
915366,0.18673347
915367,0.07380089
915368,0.016927287
915369,0.18233423
915370,0.16514647
915371,0.14599076
915372,0.06877833
915373,0.2558951
915374,0.082227044
915375,0.11058784
915376,0.13870902
915377,0.17674434
915378,0.09722841
915379,0.1655917
915380,0.100007355
915381,0.565607
915382,0.4111102
915383,0.14245088
915384,0.5722633
915385,0.60271233
915386,0.30715874
915387,0.52259547
915388,0.17894767
915389,0.3018307
915390,0.23908366
915391,0.5903994
915392,0.15273057
915393,0.4547859
915394,0.14641076
915395,0.10194802
915396,0.45946425
915397,0.18101597
915398,0.3684848
915399,0.028141946
915400,0.4593192
915401,0.26611307
915402,0.47569373
915403,0.81004107
915404,0.75625384
915405,0.7833272
915406,0.5798311
915407,0.6992264
915408,0.728662
915409,0.44998685
915410,0.79029536
915411,0.4075319
915412,0.7482137
915413,0.46772477
915414,0.53508615
915415,0.69406635
915416,0.7123204
915417,0.42256674
915418,0.57162625
915419,0.6613917
915420,0.29263178
915421,0.21592481
915422,0.1990544
915423,0.17707133
915424,0.17359278
915425,0.33297572
915426,0.35077524
915427,0.10052694
915428,0.015156743
915429,0.4721769
915430,0.5825095
915431,0.6583058
915432,0.5793284
915433,0.27997452
915434,0.69189984
915435,0.32694492
915436,0.5419784
915437,0.30635944
915438,0.41763732
915439,0.6017474
915440,0.32425398
915441,0.35875925
915442,0.39989063
915443,0.2585534
915444,0.2288076
915445,0.072120614
915446,0.22232892
915447,0.30602637
915448,0.25936335
915449,0.40623307
915450,0.67999053
915451,0.22309282
915452,0.32232246
915453,0.23326954
915454,0.57163465
915455,0.46540073
915456,0.6549929
915457,0.2568008
915458,0.46497568
915459,0.38467696
915460,0.34280127
915461,0.013467965
915462,0.16275269
915463,0.3613031
915464,0.33603126
915465,0.4047776
915466,0.34013638
915467,0.23350583
915468,0.33723527
915469,0.31499812
915470,0.4424852
915471,0.26548752
915472,0.34631935
915473,0.24860512
915474,0.031038716
915475,0.3503662
915476,0.6000101
915477,0.3825476
915478,0.6853116
915479,0.6679394
915480,0.40612736
915481,0.67814714
915482,0.28773704
915483,0.7043921
915484,0.6206101
915485,0.17008083
915486,0.3279912
915487,0.47267342
915488,0.5450299
915489,0.31151563
915490,0.04652206
915491,0.036498677
915492,0.05110966
915493,0.046760183
915494,0.052238908
915495,0.062547386
915496,0.053714603
915497,0.031633567
915498,0.043904576
915499,0.08969449
915500,0.11150636
915501,0.10914307
915502,0.116698354
915503,0.037580177
915504,0.17958473
915505,0.13176072
915506,0.013129165
915507,0.05802948
915508,0.09327045
915509,0.06538062
915510,0.13701563
915511,0.12963356
915512,0.066548675
915513,0.044426665
915514,0.019253407
915515,0.23921773
915516,0.2232937
915517,0.29156974
915518,0.20893167
915519,0.19244426
915520,0.3122889
915521,0.30949435
915522,0.3041195
915523,0.18424892
915524,0.19416158
915525,0.027255427
915526,0.34285992
915527,0.1674473
915528,0.126327
915529,0.12736365
915530,0.17514017
915531,0.48431662
915532,0.49683213
915533,0.3034076
915534,0.19599703
915535,0.20280436
915536,0.38067803
915537,0.13459304
915538,0.20341
915539,0.43724436
915540,0.22728512
915541,0.47043943
915542,0.24404174
915543,0.2632302
915544,0.13840596
915545,0.5115595
915546,0.09737384
915547,0.14775454
915548,0.47312257
915549,0.31304798
915550,0.19714205
915551,0.57788616
915552,0.45417124
915553,0.59164333
915554,0.6663539
915555,0.6497065
915556,0.66187346
915557,0.7167206
915558,0.6468198
915559,0.6408775
915560,0.66626304
915561,0.59509116
915562,0.73385787
915563,0.33350205
915564,0.39999953
915565,0.040096857
915566,0.2362869
915567,0.10408542
915568,0.35957044
915569,0.08259386
915570,0.20412308
915571,0.30267036
915572,0.08886756
915573,0.088615336
915574,0.19418648
915575,0.27528632
915576,0.29216692
915577,0.081809595
915578,0.057838913
915579,0.10913417
915580,0.23071289
915581,0.14864886
915582,0.2687704
915583,0.15487911
915584,0.13677603
915585,0.081950456
915586,0.031522125
915587,0.32340983
915588,0.18987037
915589,0.18910001
915590,0.103737526
915591,0.110182695
915592,0.08124565
915593,0.026481971
915594,0.10553641
915595,0.027643278
915596,0.09417913
915597,0.34773424
915598,0.008809256
915599,0.02685537
915600,0.027747922
915601,0.030401897
915602,0.026868027
915603,0.02999078
915604,0.0067153005
915605,0.01964786
915606,0.07199279
915607,0.020185437
915608,0.020522142
915609,0.30583766
915610,0.7264981
915611,0.7348192
915612,0.7722599
915613,0.8349091
915614,0.7446708
915615,0.8550572
915616,0.79094815
915617,0.84897006
915618,0.8606086
915619,0.84113216
915620,0.8877269
915621,0.7747133
915622,0.81706685
915623,0.8807115
915624,0.83824027
915625,0.84605926
915626,0.8731551
915627,0.81880873
915628,0.84148395
915629,0.8373678
915630,0.46171662
915631,0.007701956
915632,0.060758363
915633,0.04110194
915634,0.07213785
915635,0.039291326
915636,0.061707787
915637,0.029691651
915638,0.03603032
915639,0.025749916
915640,0.02822062
915641,0.016210292
915642,0.012720731
915643,0.007246994
915644,0.008738583
915645,0.008956225
915646,0.008928143
915647,0.013508255
915648,0.009513792
915649,0.014358711
915650,0.0072326814
915651,0.0043842345
915652,0.02213629
915653,0.008558521
915654,0.013118344
915655,0.01155621
915656,0.014084218
915657,0.22579063
915658,0.3221666
915659,0.24179591
915660,0.010261801
915661,0.023525894
915662,0.031143138
915663,0.019653505
915664,0.043762878
915665,0.109107554
915666,0.08913595
915667,0.12757419
915668,0.15998264
915669,0.09668838
915670,0.041943062
915671,0.3218242
915672,0.08735027
915673,0.07484767
915674,0.077674076
915675,0.07960792
915676,0.018446216
915677,0.05882152
915678,0.07176921
915679,0.21830273
915680,0.23909727
915681,0.25636753
915682,0.28863683
915683,0.18593359
915684,0.044554867
915685,0.04659518
915686,0.08298426
915687,0.037358
915688,0.023725806
915689,0.04386362
915690,0.009656713
915691,0.0328837
915692,0.03254758
915693,0.062257793
915694,0.049906086
915695,0.14291176
915696,0.05817486
915697,0.24603195
915698,0.13256241
915699,0.24206725
915700,0.2853122
915701,0.32410666
915702,0.12302155
915703,0.17301634
915704,0.015006549
915705,0.098239176
915706,0.057649866
915707,0.11965844
915708,0.094008654
915709,0.24891019
915710,0.05248134
915711,0.08812791
915712,0.043672066
915713,0.044184763
915714,0.04550323
915715,0.037884127
915716,0.010927722
915717,0.10130187
915718,0.0647848
915719,0.037197303
915720,0.02482151
915721,0.02369133
915722,0.019658554
915723,0.015713545
915724,0.08228203
915725,0.08665945
915726,0.08833206
915727,0.061949085
915728,0.012022509
915729,0.04243416
915730,0.05265884
915731,0.064307615
915732,0.040412962
915733,0.043291114
915734,0.041481238
915735,0.042293843
915736,0.07375185
915737,0.16991763
915738,0.48407292
915739,0.5439627
915740,0.5505691
915741,0.54568714
915742,0.54208046
915743,0.44117364
915744,0.60976607
915745,0.5357771
915746,0.5880061
915747,0.57311
915748,0.5805612
915749,0.49457926
915750,0.3288986
915751,0.038174003
915752,0.09056374
915753,0.08103816
915754,0.0705525
915755,0.051106725
915756,0.05553333
915757,0.047489293
915758,0.17099278
915759,0.39184302
915760,0.3822325
915761,0.26488745
915762,0.21737492
915763,0.37801763
915764,0.4723646
915765,0.29962918
915766,0.21525079
915767,0.24887714
915768,0.15426022
915769,0.024363333
915770,0.027345804
915771,0.026232976
915772,0.022038048
915773,0.034598645
915774,0.03873704
915775,0.038575634
915776,0.033393566
915777,0.02568612
915778,0.045972295
915779,0.22459581
915780,0.40164724
915781,0.29843396
915782,0.33878052
915783,0.3913315
915784,0.34825045
915785,0.35559753
915786,0.20923525
915787,0.28848085
915788,0.2588322
915789,0.21087667
915790,0.66094565
915791,0.8095938
915792,0.8045377
915793,0.8021246
915794,0.8358697
915795,0.8247182
915796,0.8377073
915797,0.76165867
915798,0.7946399
915799,0.82556474
915800,0.60285366
915801,0.4073138
915802,0.6922113
915803,0.54227555
915804,0.34712738
915805,0.095228486
915806,0.1793998
915807,0.15991798
915808,0.18673748
915809,0.01006155
915810,0.030123703
915811,0.02138196
915812,0.019564865
915813,0.028995132
915814,0.12567776
915815,0.025058823
915816,0.024787305
915817,0.2932148
915818,0.05659799
915819,0.45105338
915820,0.5262439
915821,0.36590737
915822,0.49199095
915823,0.5000643
915824,0.56065553
915825,0.47013667
915826,0.42556
915827,0.35061777
915828,0.11467344
915829,0.040697087
915830,0.033902053
915831,0.032436315
915832,0.08438371
915833,0.07492607
915834,0.12842683
915835,0.08843725
915836,0.17594473
915837,0.05910754
915838,0.03275951
915839,0.29170865
915840,0.41877818
915841,0.5317983
915842,0.58051836
915843,0.4917967
915844,0.6778751
915845,0.7261508
915846,0.70479083
915847,0.71029925
915848,0.7515897
915849,0.7541361
915850,0.692704
915851,0.7595845
915852,0.68545187
915853,0.7529266
915854,0.7742602
915855,0.7334536
915856,0.6792808
915857,0.737873
915858,0.7984075
915859,0.72733366
915860,0.27843684
915861,0.01359932
915862,0.11620783
915863,0.3060336
915864,0.31483456
915865,0.3048342
915866,0.08105665
915867,0.29899418
915868,0.24289761
915869,0.25318778
915870,0.22900288
915871,0.2279242
915872,0.17399192
915873,0.23029627
915874,0.08482413
915875,0.20700264
915876,0.1251373
915877,0.22268212
915878,0.20378189
915879,0.1886989
915880,0.16707318
915881,0.021418639
915882,0.26340938
915883,0.25564384
915884,0.3645826
915885,0.27183843
915886,0.37090778
915887,0.2262484
915888,0.06669677
915889,0.14806661
915890,0.3049815
915891,0.36498973
915892,0.40444005
915893,0.65588063
915894,0.55372655
915895,0.40698355
915896,0.5822759
915897,0.47719744
915898,0.7478663
915899,0.5982995
915900,0.6774197
915901,0.7714254
915902,0.7747615
915903,0.79130435
915904,0.5235363
915905,0.650342
915906,0.68036747
915907,0.74216515
915908,0.4708972
915909,0.23085658
915910,0.024058478
915911,0.057646424
915912,0.05669334
915913,0.04446955
915914,0.17990823
915915,0.025780072
915916,0.40230295
915917,0.32968563
915918,0.56604975
915919,0.69804394
915920,0.6927562
915921,0.52886236
915922,0.3408977
915923,0.5451307
915924,0.48791096
915925,0.61120695
915926,0.615454
915927,0.5450882
915928,0.38994974
915929,0.59531075
915930,0.71985126
915931,0.40581954
915932,0.5563493
915933,0.49094802
915934,0.5607105
915935,0.5744355
915936,0.36025432
915937,0.38961953
915938,0.2216454
915939,0.022166414
915940,0.04260825
915941,0.039738767
915942,0.026005065
915943,0.022255171
915944,0.039593194
915945,0.66111434
915946,0.3640716
915947,0.609688
915948,0.59945166
915949,0.5273225
915950,0.45371392
915951,0.45451096
915952,0.5609463
915953,0.52374
915954,0.5521747
915955,0.6484947
915956,0.44746324
915957,0.6056862
915958,0.6728781
915959,0.6139925
915960,0.60448843
915961,0.60172486
915962,0.38874325
915963,0.01867766
915964,0.054344058
915965,0.06304738
915966,0.07789805
915967,0.055266578
915968,0.054299768
915969,0.05769746
915970,0.05918391
915971,0.052145407
915972,0.048054677
915973,0.15887246
915974,0.23461688
915975,0.3227121
915976,0.22375196
915977,0.24983631
915978,0.020631127
915979,0.08382511
915980,0.07826787
915981,0.21722312
915982,0.09402356
915983,0.10449482
915984,0.121390514
915985,0.33889148
915986,0.36731687
915987,0.19966766
915988,0.30511457
915989,0.08039642
915990,0.054654278
915991,0.63326
915992,0.34889337
915993,0.5699606
915994,0.7358779
915995,0.6333776
915996,0.7612028
915997,0.7916853
915998,0.81689054
915999,0.7341586
916000,0.8332594
916001,0.76845634
916002,0.76129365
916003,0.72621036
916004,0.7316164
916005,0.8592389
916006,0.83305526
916007,0.82274586
916008,0.72924554
916009,0.7689991
916010,0.76401204
916011,0.68822014
916012,0.7593446
916013,0.73231906
916014,0.77540576
916015,0.83070534
916016,0.6022213
916017,0.014755452
916018,0.06689605
916019,0.045490578
916020,0.06785915
916021,0.09405345
916022,0.050301548
916023,0.061855346
916024,0.12499264
916025,0.63207173
916026,0.70438355
916027,0.7923464
916028,0.7927506
916029,0.79123753
916030,0.85066193
916031,0.83792573
916032,0.84863204
916033,0.8633838
916034,0.9034833
916035,0.8918329
916036,0.8933622
916037,0.86777496
916038,0.88350993
916039,0.882828
916040,0.90888464
916041,0.87621737
916042,0.88767505
916043,0.9014369
916044,0.89831007
916045,0.8891559
916046,0.89904726
916047,0.9008145
916048,0.90883285
916049,0.9070959
916050,0.89584994
916051,0.8894081
916052,0.89375323
916053,0.8527997
916054,0.8827498
916055,0.88190377
916056,0.8941303
916057,0.8625866
916058,0.57469773
916059,0.79886615
916060,0.64918023
916061,0.34714842
916062,0.024866534
916063,0.2766088
916064,0.4474856
916065,0.31159046
916066,0.3507759
916067,0.23258625
916068,0.23729637
916069,0.41525927
916070,0.3722078
916071,0.47290188
916072,0.37302256
916073,0.25456956
916074,0.14846335
916075,0.2529246
916076,0.121685855
916077,0.16830307
916078,0.17969805
916079,0.15497571
916080,0.12234421
916081,0.032262135
916082,0.11281433
916083,0.05025153
916084,0.054953363
916085,0.03822299
916086,0.13242257
916087,0.097815625
916088,0.11722403
916089,0.3277642
916090,0.02602048
916091,0.10665597
916092,0.06620931
916093,0.097723365
916094,0.07658389
916095,0.011903385
916096,0.10224364
916097,0.057663467
916098,0.052282233
916099,0.06335124
916100,0.185025
916101,0.28539434
916102,0.1381868
916103,0.13783859
916104,0.1541602
916105,0.05134256
916106,0.049602937
916107,0.038335647
916108,0.22697929
916109,0.041679777
916110,0.03056079
916111,0.17155941
916112,0.13358006
916113,0.13038956
916114,0.08995253
916115,0.46133238
916116,0.6969594
916117,0.792815
916118,0.77235615
916119,0.83379203
916120,0.7847711
916121,0.7554167
916122,0.83626187
916123,0.79671115
916124,0.77962303
916125,0.7638142
916126,0.7396246
916127,0.71502143
916128,0.6526416
916129,0.70114464
916130,0.7776874
916131,0.73478484
916132,0.76258975
916133,0.45444423
916134,0.036342107
916135,0.039419528
916136,0.02647592
916137,0.18497263
916138,0.006917311
916139,0.018433638
916140,0.016985478
916141,0.022522539
916142,0.019184776
916143,0.11529711
916144,0.100160845
916145,0.052021045
916146,0.22208625
916147,0.07624044
916148,0.07253941
916149,0.29702067
916150,0.26895753
916151,0.0074529676
916152,0.024841156
916153,0.022966074
916154,0.038658094
916155,0.046009872
916156,0.04937669
916157,0.032165408
916158,0.28984565
916159,0.24730875
916160,0.24915487
916161,0.010688462
916162,0.07130376
916163,0.041621506
916164,0.033127602
916165,0.041104194
916166,0.036151778
916167,0.03611536
916168,0.023397822
916169,0.024828246
916170,0.08660274
916171,0.06322379
916172,0.10984643
916173,0.035844423
916174,0.06005956
916175,0.09289936
916176,0.11108112
916177,0.050935242
916178,0.032950483
916179,0.0128932325
916180,0.116975345
916181,0.110852584
916182,0.124342605
916183,0.090289965
916184,0.094261386
916185,0.08920599
916186,0.14159054
916187,0.13360319
916188,0.022113757
916189,0.0830441
916190,0.045381743
916191,0.04526196
916192,0.068861775
916193,0.07250497
916194,0.047051456
916195,0.053934626
916196,0.03510536
916197,0.020742292
916198,0.037674315
916199,0.03737532
916200,0.034324944
916201,0.032527287
916202,0.018346995
916203,0.041914962
916204,0.08844336
916205,0.096039005
916206,0.06814873
916207,0.053198475
916208,0.058189645
916209,0.059984386
916210,0.072119564
916211,0.009455127
916212,0.032544546
916213,0.025361301
916214,0.025219884
916215,0.03692073
916216,0.043106906
916217,0.05964835
916218,0.04209411
916219,0.014334869
916220,0.0651396
916221,0.04307351
916222,0.036328524
916223,0.05059653
916224,0.070807874
916225,0.042455994
916226,0.058633763
916227,0.052546706
916228,0.041447695
916229,0.031082137
916230,0.17923069
916231,0.11895117
916232,0.13829206
916233,0.081230074
916234,0.017586289
916235,0.017223105
916236,0.015051025
916237,0.02259384
916238,0.030183583
916239,0.03210363
916240,0.031987865
916241,0.0098515395
916242,0.019562762
916243,0.016718611
916244,0.10704386
916245,0.02480831
916246,0.034474947
916247,0.022773465
916248,0.2872808
916249,0.023839915
916250,0.031078503
916251,0.021522556
916252,0.019611994
916253,0.06115933
916254,0.060292594
916255,0.0537112
916256,0.22164512
916257,0.29522493
916258,0.20850015
916259,0.18975651
916260,0.041482326
916261,0.128693
916262,0.2762962
916263,0.15876582
916264,0.28325534
916265,0.29192218
916266,0.1791794
916267,0.13282439
916268,0.156452
916269,0.1392593
916270,0.11901044
916271,0.013596819
916272,0.029280642
916273,0.02639113
916274,0.0359931
916275,0.026575629
916276,0.04028464
916277,0.040514763
916278,0.032228954
916279,0.027078602
916280,0.015486183
916281,0.013919889
916282,0.025190279
916283,0.03459331
916284,0.028967509
916285,0.02896295
916286,0.033609208
916287,0.025936326
916288,0.010858477
916289,0.02692029
916290,0.032128304
916291,0.026847439
916292,0.029988404
916293,0.028602883
916294,0.03788868
916295,0.12842187
916296,0.22429155
916297,0.014812404
916298,0.015469238
916299,0.036330417
916300,0.030313255
916301,0.028854275
916302,0.033872675
916303,0.043450374
916304,0.01757961
916305,0.031271294
916306,0.0959091
916307,0.2444469
916308,0.21384855
916309,0.22015953
916310,0.116606526
916311,0.15527573
916312,0.14660084
916313,0.11665265
916314,0.011649996
916315,0.050737873
916316,0.051465698
916317,0.12542954
916318,0.018649092
916319,0.054634634
916320,0.057369143
916321,0.06355025
916322,0.1606148
916323,0.10040996
916324,0.14496048
916325,0.06633988
916326,0.4344615
916327,0.2041944
916328,0.18568043
916329,0.16381648
916330,0.18981668
916331,0.218393
916332,0.22309893
916333,0.18519172
916334,0.17422296
916335,0.10408177
916336,0.1535343
916337,0.012420902
916338,0.08217312
916339,0.10385906
916340,0.11914832
916341,0.10230784
916342,0.10474929
916343,0.23539841
916344,0.09213565
916345,0.15387335
916346,0.45737517
916347,0.7332592
916348,0.6967148
916349,0.77801913
916350,0.8113313
916351,0.8122017
916352,0.84391516
916353,0.76015943
916354,0.8079779
916355,0.80194056
916356,0.7964832
916357,0.778457
916358,0.7508138
916359,0.8379406
916360,0.86741173
916361,0.7382822
916362,0.68757415
916363,0.7241574
916364,0.43341702
916365,0.039406803
916366,0.04906496
916367,0.070041135
916368,0.1190553
916369,0.081892624
916370,0.308288
916371,0.036941405
916372,0.18447307
916373,0.024034018
916374,0.02647252
916375,0.1291552
916376,0.05006828
916377,0.053904884
916378,0.17947945
916379,0.17278317
916380,0.1363892
916381,0.38767996
916382,0.028636364
916383,0.051001657
916384,0.06482792
916385,0.056216974
916386,0.04834997
916387,0.019353256
916388,0.08984271
916389,0.28814724
916390,0.08725945
916391,0.06961202
916392,0.1362103
916393,0.06505232
916394,0.048668712
916395,0.057272922
916396,0.057388924
916397,0.03829073
916398,0.22234638
916399,0.12146484
916400,0.6430211
916401,0.17776303
916402,0.7148569
916403,0.44854194
916404,0.7338178
916405,0.55560386
916406,0.6095419
916407,0.7508523
916408,0.7545048
916409,0.64273703
916410,0.47224528
916411,0.6435261
916412,0.7562606
916413,0.8514668
916414,0.10614896
916415,0.5492664
916416,0.23802839
916417,0.67764926
916418,0.5111368
916419,0.5540923
916420,0.03245779
916421,0.07717806
916422,0.07595245
916423,0.07698311
916424,0.07187977
916425,0.07274133
916426,0.06759291
916427,0.0051669786
916428,0.023388023
916429,0.023548795
916430,0.02703218
916431,0.023126066
916432,0.032233614
916433,0.05642158
916434,0.15940163
916435,0.6083966
916436,0.53482383
916437,0.6372153
916438,0.38997802
916439,0.629063
916440,0.14810476
916441,0.43555284
916442,0.17221299
916443,0.37519544
916444,0.4439694
916445,0.32164368
916446,0.38476533
916447,0.28585663
916448,0.30206844
916449,0.03583635
916450,0.28046438
916451,0.27002692
916452,0.24035168
916453,0.3114957
916454,0.2989968
916455,0.200768
916456,0.1562543
916457,0.1924661
916458,0.15864265
916459,0.2260558
916460,0.19588597
916461,0.1390757
916462,0.13965973
916463,0.04925208
916464,0.23560683
916465,0.12716776
916466,0.027697923
916467,0.148863
916468,0.1133756
916469,0.096029796
916470,0.15225165
916471,0.14691089
916472,0.22408554
916473,0.059219286
916474,0.119364776
916475,0.1031297
916476,0.11796133
916477,0.08184114
916478,0.15254746
916479,0.20554486
916480,0.08427296
916481,0.1185606
916482,0.11510398
916483,0.05072976
916484,0.10955071
916485,0.097926356
916486,0.13537425
916487,0.1034573
916488,0.14375654
916489,0.18787475
916490,0.13955255
916491,0.20247498
916492,0.021751825
916493,0.019185508
916494,0.012115329
916495,0.016076703
916496,0.018824313
916497,0.021632468
916498,0.027104972
916499,0.017483532
916500,0.018444575
916501,0.0077204295
916502,0.007185939
916503,0.008767746
916504,0.011219105
916505,0.011413894
916506,0.010462103
916507,0.0070729046
916508,0.03277788
916509,0.029864373
916510,0.026770927
916511,0.034453444
916512,0.030492675
916513,0.030135352
916514,0.038216427
916515,0.21622317
916516,0.09792271
916517,0.31217477
916518,0.15236609
916519,0.097423285
916520,0.06299146
916521,0.20065425
916522,0.09677665
916523,0.09261628
916524,0.07099867
916525,0.048039183
916526,0.09219115
916527,0.28206703
916528,0.09926401
916529,0.009086969
916530,0.08121123
916531,0.033089817
916532,0.23894899
916533,0.20033646
916534,0.20929773
916535,0.18319003
916536,0.06783958
916537,0.20487279
916538,0.10841953
916539,0.1620347
916540,0.27967778
916541,0.11553744
916542,0.1419568
916543,0.15580851
916544,0.2536629
916545,0.2577306
916546,0.23487012
916547,0.20731606
916548,0.26250622
916549,0.11410807
916550,0.20287722
916551,0.3526135
916552,0.1614403
916553,0.18515283
916554,0.02464335
916555,0.11189597
916556,0.14320637
916557,0.09535393
916558,0.11885089
916559,0.09589095
916560,0.083204165
916561,0.09856022
916562,0.14151926
916563,0.16915205
916564,0.16652806
916565,0.0668855
916566,0.023459058
916567,0.06193077
916568,0.059789877
916569,0.107342996
916570,0.07597153
916571,0.06448974
916572,0.09145728
916573,0.122293584
916574,0.12106543
916575,0.25762585
916576,0.41362622
916577,0.4133853
916578,0.45085248
916579,0.13498533
916580,0.32885584
916581,0.2528893
916582,0.34045592
916583,0.25371888
916584,0.19189839
916585,0.09233004
916586,0.05684811
916587,0.026760612
916588,0.041385457
916589,0.023925839
916590,0.055165064
916591,0.037121452
916592,0.024274753
916593,0.25137618
916594,0.21875778
916595,0.26540667
916596,0.4904597
916597,0.13995017
916598,0.29192418
916599,0.20113745
916600,0.17642678
916601,0.22115535
916602,0.1396605
916603,0.14663768
916604,0.024370627
916605,0.070775956
916606,0.09301717
916607,0.13367389
916608,0.08672419
916609,0.06731515
916610,0.07901585
916611,0.08467816
916612,0.06792462
916613,0.31879535
916614,0.18420795
916615,0.1813421
916616,0.23015532
916617,0.2932514
916618,0.022028668
916619,0.06385851
916620,0.10939064
916621,0.07703463
916622,0.08128071
916623,0.077504866
916624,0.1412063
916625,0.01893446
916626,0.023381993
916627,0.039287098
916628,0.023599977
916629,0.07416885
916630,0.2502063
916631,0.10603219
916632,0.10810461
916633,0.05947676
916634,0.059361275
916635,0.049390938
916636,0.0308153
916637,0.03414897
916638,0.30677226
916639,0.102598995
916640,0.025177695
916641,0.034303986
916642,0.036507074
916643,0.029564047
916644,0.045156434
916645,0.1860653
916646,0.31552052
916647,0.31552806
916648,0.14786176
916649,0.19405748
916650,0.24270219
916651,0.4280054
916652,0.14873834
916653,0.24859013
916654,0.22901483
916655,0.013286465
916656,0.035718035
916657,0.038936697
916658,0.04645821
916659,0.039635845
916660,0.069653474
916661,0.04858537
916662,0.05867211
916663,0.011043669
916664,0.04833447
916665,0.0482305
916666,0.05468841
916667,0.23365097
916668,0.045139566
916669,0.18745378
916670,0.25561917
916671,0.09763442
916672,0.1841206
916673,0.2560513
916674,0.12320036
916675,0.26391357
916676,0.34391776
916677,0.21245523
916678,0.021638963
916679,0.08286474
916680,0.12409806
916681,0.1793641
916682,0.36704466
916683,0.33551115
916684,0.3668369
916685,0.33089104
916686,0.3611355
916687,0.16413298
916688,0.121133246
916689,0.02425578
916690,0.08770983
916691,0.08127061
916692,0.08540497
916693,0.07624876
916694,0.07971201
916695,0.03231938
916696,0.3814273
916697,0.55675685
916698,0.5517164
916699,0.49412605
916700,0.31923118
916701,0.6325585
916702,0.53543717
916703,0.36645335
916704,0.39455423
916705,0.5993507
916706,0.23943429
916707,0.45539612
916708,0.24223512
916709,0.26057145
916710,0.18139945
916711,0.22967994
916712,0.12647602
916713,0.06939519
916714,0.19698906
916715,0.34345442
916716,0.23850419
916717,0.23766719
916718,0.28789413
916719,0.37229663
916720,0.46307075
916721,0.38580218
916722,0.3566477
916723,0.29803625
916724,0.2400241
916725,0.35181224
916726,0.5621616
916727,0.44623518
916728,0.45166823
916729,0.3169485
916730,0.23518814
916731,0.48889688
916732,0.49730462
916733,0.41224456
916734,0.39119577
916735,0.06829089
916736,0.32489732
916737,0.38818884
916738,0.66579884
916739,0.5906701
916740,0.568406
916741,0.5683726
916742,0.5991115
916743,0.68965924
916744,0.71957886
916745,0.6746805
916746,0.76947904
916747,0.7195093
916748,0.67085105
916749,0.66725105
916750,0.70791316
916751,0.6736909
916752,0.6841248
916753,0.7181871
916754,0.75735444
916755,0.7200616
916756,0.7583028
916757,0.8184748
916758,0.810383
916759,0.72034204
916760,0.7463867
916761,0.81984645
916762,0.76261187
916763,0.5811574
916764,0.63413286
916765,0.56298006
916766,0.545184
916767,0.69655675
916768,0.5932615
916769,0.5471613
916770,0.5234723
916771,0.49267143
916772,0.434734
916773,0.34089652
916774,0.06415753
916775,0.19357008
916776,0.25113088
916777,0.2529532
916778,0.11699095
916779,0.08469255
916780,0.17412484
916781,0.086949475
916782,0.26668555
916783,0.0130768325
916784,0.040181793
916785,0.041994397
916786,0.04369186
916787,0.047224507
916788,0.06311475
916789,0.045945957
916790,0.034335624
916791,0.33399257
916792,0.016604362
916793,0.036095746
916794,0.048866108
916795,0.04641557
916796,0.034898445
916797,0.071923055
916798,0.04042794
916799,0.03277428
916800,0.049101215
916801,0.01695184
916802,0.027350245
916803,0.04043306
916804,0.0411229
916805,0.048517153
916806,0.027705649
916807,0.033084486
916808,0.04364347
916809,0.030361524
916810,0.18173689
916811,0.08831186
916812,0.1108551
916813,0.0656718
916814,0.30475375
916815,0.43591434
916816,0.3099605
916817,0.31390852
916818,0.28671077
916819,0.013928978
916820,0.04489418
916821,0.046205442
916822,0.025584554
916823,0.028541727
916824,0.032872736
916825,0.014319757
916826,0.027863365
916827,0.032299805
916828,0.029035285
916829,0.03782724
916830,0.029107919
916831,0.021778332
916832,0.023841076
916833,0.2731792
916834,0.06926131
916835,0.28381443
916836,0.22149362
916837,0.25697097
916838,0.20817529
916839,0.23762345
916840,0.2507231
916841,0.40120557
916842,0.3622163
916843,0.30620334
916844,0.20013863
916845,0.20876163
916846,0.2775165
916847,0.23765044
916848,0.019108873
916849,0.06884438
916850,0.15323316
916851,0.1987523
916852,0.29877448
916853,0.20582624
916854,0.091907665
916855,0.1613048
916856,0.23274855
916857,0.39336348
916858,0.15633792
916859,0.31589758
916860,0.01639837
916861,0.04593641
916862,0.042700116
916863,0.30151916
916864,0.30456918
916865,0.2615717
916866,0.3043229
916867,0.21458453
916868,0.2152262
916869,0.4430873
916870,0.46275184
916871,0.46957898
916872,0.26982594
916873,0.31370568
916874,0.015533605
916875,0.20500778
916876,0.1366199
916877,0.09682122
916878,0.07088066
916879,0.061584737
916880,0.12866008
916881,0.11807188
916882,0.18711364
916883,0.08725693
916884,0.1906578
916885,0.15277965
916886,0.235363
916887,0.07424087
916888,0.12819766
916889,0.037784092
916890,0.5396854
916891,0.5460282
916892,0.6335641
916893,0.46527693
916894,0.501334
916895,0.611004
916896,0.61221355
916897,0.60280925
916898,0.32893676
916899,0.24313946
916900,0.62706053
916901,0.36319545
916902,0.20263468
916903,0.4675648
916904,0.27100828
916905,0.014918586
916906,0.39373907
916907,0.17791611
916908,0.1320783
916909,0.31581685
916910,0.34239686
916911,0.2805795
916912,0.49452898
916913,0.32909408
916914,0.4652564
916915,0.23250073
916916,0.1735457
916917,0.21795309
916918,0.36371356
916919,0.06386135
916920,0.026488595
916921,0.023334133
916922,0.06147877
916923,0.19794059
916924,0.36409515
916925,0.03396781
916926,0.39562657
916927,0.43641952
916928,0.58849776
916929,0.6076896
916930,0.623396
916931,0.4781719
916932,0.5798389
916933,0.6094347
916934,0.650381
916935,0.62278134
916936,0.53415626
916937,0.515355
916938,0.5553558
916939,0.600506
916940,0.56616336
916941,0.6006449
916942,0.38888308
916943,0.01290992
916944,0.1333026
916945,0.042733673
916946,0.029091856
916947,0.028748017
916948,0.069051564
916949,0.03506018
916950,0.038010936
916951,0.06946799
916952,0.059430044
916953,0.04076919
916954,0.07549161
916955,0.02428048
916956,0.034206424
916957,0.03392063
916958,0.06973919
916959,0.047391504
916960,0.016586542
916961,0.060001712
916962,0.09863352
916963,0.109578766
916964,0.04209731
916965,0.045300532
916966,0.048470784
916967,0.06490531
916968,0.028119883
916969,0.09310537
916970,0.13623159
916971,0.07536329
916972,0.013100442
916973,0.0367307
916974,0.05582909
916975,0.06184772
916976,0.0483313
916977,0.04912258
916978,0.22762892
916979,0.19803914
916980,0.3447595
916981,0.2743336
916982,0.20791657
916983,0.044170458
916984,0.0780684
916985,0.098363
916986,0.47623256
916987,0.5795547
916988,0.6867253
916989,0.71732104
916990,0.68958926
916991,0.6964458
916992,0.73697174
916993,0.71611416
916994,0.7291517
916995,0.7296
916996,0.70454645
916997,0.76160264
916998,0.64988875
916999,0.6278051
917000,0.5991766
917001,0.60295475
917002,0.3905144
917003,0.062311113
917004,0.15352464
917005,0.046560906
917006,0.21206471
917007,0.3117526
917008,0.2787687
917009,0.112566754
917010,0.16191909
917011,0.0880553
917012,0.10246008
917013,0.10960307
917014,0.3762595
917015,0.65570486
917016,0.6463498
917017,0.5882916
917018,0.6465355
917019,0.44041005
917020,0.6344587
917021,0.48249617
917022,0.5264036
917023,0.20980458
917024,0.08971494
917025,0.13669313
917026,0.1315068
917027,0.08437031
917028,0.09069403
917029,0.08243356
917030,0.09148246
917031,0.12543215
917032,0.0908293
917033,0.17502289
917034,0.122277014
917035,0.08689937
917036,0.41742188
917037,0.16347583
917038,0.44662824
917039,0.31903094
917040,0.27780458
917041,0.086767316
917042,0.2515989
917043,0.14261803
917044,0.06015942
917045,0.07601166
917046,0.0675892
917047,0.10267111
917048,0.110037595
917049,0.06496951
917050,0.041896727
917051,0.018332362
917052,0.020766774
917053,0.14024073
917054,0.050508793
917055,0.055736534
917056,0.083328925
917057,0.094508104
917058,0.025859417
917059,0.056005165
917060,0.019806083
917061,0.028630687
917062,0.024630047
917063,0.030453878
917064,0.031846043
917065,0.01722551
917066,0.012924591
917067,0.03271574
917068,0.045481227
917069,0.058337945
917070,0.0258046
917071,0.025886683
917072,0.027589038
917073,0.036329135
917074,0.024790177
917075,0.043494344
917076,0.032113865
917077,0.040611167
917078,0.030318752
917079,0.023473738
917080,0.032550808
917081,0.03312803
917082,0.05139432
917083,0.05869926
917084,0.060983874
917085,0.029050138
917086,0.123374164
917087,0.12841173
917088,0.31431434
917089,0.1971872
917090,0.16166879
917091,0.16713332
917092,0.024141384
917093,0.05441842
917094,0.03257935
917095,0.030703802
917096,0.045975555
917097,0.032885775
917098,0.027480884
917099,0.096107244
917100,0.04485874
917101,0.034596235
917102,0.023316193
917103,0.02431791
917104,0.12753278
917105,0.4109374
917106,0.25495368
917107,0.19995667
917108,0.19829825
917109,0.47054383
917110,0.18541282
917111,0.1542995
917112,0.42889377
917113,0.46151137
917114,0.44471002
917115,0.5861721
917116,0.5370534
917117,0.5507953
917118,0.52690274
917119,0.5586025
917120,0.585467
917121,0.68265706
917122,0.4771361
917123,0.42615175
917124,0.4771589
917125,0.5350135
917126,0.41800955
917127,0.47765827
917128,0.5462709
917129,0.53808886
917130,0.31974226
917131,0.5620533
917132,0.021058928
917133,0.1372432
917134,0.16278815
917135,0.037307557
917136,0.07256288
917137,0.08238106
917138,0.06821117
917139,0.039189775
917140,0.1232731
917141,0.04547302
917142,0.07008755
917143,0.049052324
917144,0.22397771
917145,0.052123714
917146,0.10434304
917147,0.2906071
917148,0.2308514
917149,0.1272289
917150,0.19455023
917151,0.17977795
917152,0.021851761
917153,0.092713006
917154,0.07240321
917155,0.036522105
917156,0.10508495
917157,0.124152415
917158,0.2774402
917159,0.49070823
917160,0.34666684
917161,0.13988732
917162,0.15622069
917163,0.14080101
917164,0.039084613
917165,0.070217274
917166,0.09547318
917167,0.09553136
917168,0.14300554
917169,0.07868273
917170,0.07219412
917171,0.120048545
917172,0.07307301
917173,0.14497311
917174,0.091447115
917175,0.09421556
917176,0.09390338
917177,0.3127042
917178,0.124807954
917179,0.025385542
917180,0.08304546
917181,0.09048185
917182,0.066853054
917183,0.073793285
917184,0.075051345
917185,0.07809437
917186,0.113585114
917187,0.089624554
917188,0.18523951
917189,0.18360099
917190,0.13143297
917191,0.19812216
917192,0.14924124
917193,0.21319912
917194,0.20604281
917195,0.10657701
917196,0.25346106
917197,0.16219166
917198,0.10935155
917199,0.19203818
917200,0.25192663
917201,0.3349402
917202,0.0901248
917203,0.15142721
917204,0.118691795
917205,0.013141162
917206,0.034020778
917207,0.06714567
917208,0.03509617
917209,0.06105714
917210,0.07835361
917211,0.03257024
917212,0.04694455
917213,0.012877693
917214,0.07001627
917215,0.079640046
917216,0.054770175
917217,0.10061362
917218,0.05015662
917219,0.0747325
917220,0.07774396
917221,0.06824994
917222,0.023928218
917223,0.31045222
917224,0.25572073
917225,0.48689812
917226,0.17760377
917227,0.44287777
917228,0.509763
917229,0.5140488
917230,0.25256982
917231,0.17834947
917232,0.17791826
917233,0.43690488
917234,0.11232488
917235,0.4244027
917236,0.16304472
917237,0.40889895
917238,0.45081905
917239,0.43669978
917240,0.29488197
917241,0.037156917
917242,0.0567746
917243,0.27491286
917244,0.08028614
917245,0.4106089
917246,0.100254685
917247,0.17712049
917248,0.17924085
917249,0.11599071
917250,0.1367087
917251,0.05589973
917252,0.094157994
917253,0.14978443
917254,0.11375556
917255,0.32977897
917256,0.5298104
917257,0.44958597
917258,0.7415809
917259,0.56069875
917260,0.53961337
917261,0.55369353
917262,0.42248404
917263,0.36201876
917264,0.41534457
917265,0.52248466
917266,0.50343716
917267,0.44669643
917268,0.34280083
917269,0.11973599
917270,0.019721847
917271,0.034903824
917272,0.039445728
917273,0.044875026
917274,0.046281125
917275,0.041825216
917276,0.04764898
917277,0.043469585
917278,0.02184847
917279,0.16565719
917280,0.027520005
917281,0.25444713
917282,0.42355993
917283,0.7063807
917284,0.38632718
917285,0.49628252
917286,0.71361804
917287,0.5163054
917288,0.57996595
917289,0.7163327
917290,0.5906826
917291,0.5757149
917292,0.55347824
917293,0.49826434
917294,0.53968924
917295,0.028309226
917296,0.13440682
917297,0.06843144
917298,0.10524693
917299,0.20671907
917300,0.16131859
917301,0.06613801
917302,0.21160547
917303,0.0635295
917304,0.19970883
917305,0.260763
917306,0.089858145
917307,0.24520463
917308,0.16014515
917309,0.15256818
917310,0.16147365
917311,0.17485324
917312,0.045819562
917313,0.089768596
917314,0.074136645
917315,0.044431522
917316,0.040596224
917317,0.036788665
917318,0.038297176
917319,0.018009115
917320,0.3001691
917321,0.20742515
917322,0.25669464
917323,0.31265482
917324,0.20698936
917325,0.3494327
917326,0.1911965
917327,0.07629241
917328,0.30932128
917329,0.26661044
917330,0.18538602
917331,0.18678583
917332,0.024718056
917333,0.08373587
917334,0.09807607
917335,0.07376713
917336,0.061818074
917337,0.06241748
917338,0.079149276
917339,0.1699401
917340,0.013889493
917341,0.06621338
917342,0.0958685
917343,0.05604631
917344,0.04473292
917345,0.06064149
917346,0.056280877
917347,0.07532307
917348,0.051914226
917349,0.030275991
917350,0.047346823
917351,0.037629385
917352,0.07409252
917353,0.04836953
917354,0.03528093
917355,0.09256354
917356,0.041087978
917357,0.035459634
917358,0.024106484
917359,0.052205004
917360,0.04659699
917361,0.10426856
917362,0.049857263
917363,0.052496977
917364,0.07707934
917365,0.069845654
917366,0.050540008
917367,0.055426586
917368,0.016096296
917369,0.027074484
917370,0.06354097
917371,0.034405146
917372,0.04945352
917373,0.051456843
917374,0.100464374
917375,0.041814957
917376,0.08534223
917377,0.10995547
917378,0.035379853
917379,0.08625626
917380,0.04216373
917381,0.01198269
917382,0.08110244
917383,0.089801736
917384,0.15010473
917385,0.19804253
917386,0.30493864
917387,0.24737947
917388,0.26334238
917389,0.12571776
917390,0.05943295
917391,0.1139112
917392,0.06500919
917393,0.11234535
917394,0.027224995
917395,0.07654326
917396,0.50101113
917397,0.6874198
917398,0.6446876
917399,0.6733194
917400,0.6761948
917401,0.6778027
917402,0.6721199
917403,0.67795014
917404,0.68273276
917405,0.7292665
917406,0.49179003
917407,0.54054374
917408,0.35164157
917409,0.30402017
917410,0.4377103
917411,0.49260917
917412,0.5842922
917413,0.65293485
917414,0.6574673
917415,0.7212721
917416,0.5600147
917417,0.55210507
917418,0.76284796
917419,0.5925338
917420,0.69842565
917421,0.70793444
917422,0.7322959
917423,0.64763737
917424,0.5463157
917425,0.7152292
917426,0.69749284
917427,0.464828
917428,0.048193272
917429,0.043382004
917430,0.16002817
917431,0.022375392
917432,0.18045154
917433,0.19311291
917434,0.08029421
917435,0.20605014
917436,0.22340854
917437,0.22558756
917438,0.20508109
917439,0.31037104
917440,0.4184038
917441,0.27868918
917442,0.034653787
917443,0.20542973
917444,0.36920634
917445,0.17009939
917446,0.1403281
917447,0.15673847
917448,0.98859966
917449,0.29105222
917450,0.29024088
917451,0.45505404
917452,0.37841922
917453,0.34799623
917454,0.26218095
917455,0.41733235
917456,0.3963935
917457,0.31112108
917458,0.30287713
917459,0.39753866
917460,0.49662417
917461,0.4584463
917462,0.42985904
917463,0.44935462
917464,0.42854762
917465,0.61029595
917466,0.6198232
917467,0.5696792
917468,0.07588809
917469,0.13101022
917470,0.19100353
917471,0.17240359
917472,0.12744436
917473,0.045161307
917474,0.5298009
917475,0.6114703
917476,0.60134065
917477,0.5099534
917478,0.43988746
917479,0.55974746
917480,0.7303723
917481,0.6504481
917482,0.50546896
917483,0.39239874
917484,0.43753612
917485,0.46645433
917486,0.5833602
917487,0.61761653
917488,0.6045045
917489,0.514826
917490,0.19475378
917491,0.24804682
917492,0.37700635
917493,0.18143874
917494,0.17452127
917495,0.18761994
917496,0.16027845
917497,0.17017972
917498,0.06539733
917499,0.36904693
917500,0.72042125
917501,0.6760565
917502,0.791394
917503,0.8221203
917504,0.8481397
917505,0.8465176
917506,0.78029114
917507,0.7653026
917508,0.83802193
917509,0.8987985
917510,0.88256806
917511,0.8582001
917512,0.8608666
917513,0.826294
917514,0.84771353
917515,0.90689635
917516,0.9097631
917517,0.8798347
917518,0.90307826
917519,0.8576302
917520,0.8727881
917521,0.79984444
917522,0.7619379
917523,0.84859514
917524,0.90616804
917525,0.8788586
917526,0.869286
917527,0.88450265
917528,0.87785476
917529,0.8859387
917530,0.87992543
917531,0.90902597
917532,0.8199279
917533,0.84272665
917534,0.80100906
917535,0.80861557
917536,0.7825398
917537,0.76218575
917538,0.8252847
917539,0.785149
917540,0.8395314
917541,0.80371684
917542,0.85087645
917543,0.79518557
917544,0.82475257
917545,0.766314
917546,0.8101164
917547,0.7685681
917548,0.8455632
917549,0.87877023
917550,0.8858367
917551,0.70864475
917552,0.8748464
917553,0.8704363
917554,0.6885667
917555,0.81296563
917556,0.66079026
917557,0.5751024
917558,0.050081946
917559,0.05284215
917560,0.050015736
917561,0.3642823
917562,0.16352187
917563,0.08264276
917564,0.03234466
917565,0.4624503
917566,0.51576406
917567,0.6594872
917568,0.69219285
917569,0.66641194
917570,0.71396077
917571,0.73556715
917572,0.7827131
917573,0.72702754
917574,0.7019524
917575,0.7352062
917576,0.7259126
917577,0.75978696
917578,0.71245605
917579,0.464682
917580,0.66128695
917581,0.6903893
917582,0.65260166
917583,0.5007718
917584,0.25498724
917585,0.58806825
917586,0.5863326
917587,0.60224867
917588,0.705458
917589,0.6628082
917590,0.72971994
917591,0.7126795
917592,0.6837971
917593,0.7658245
917594,0.7273473
917595,0.7547016
917596,0.77233493
917597,0.7401171
917598,0.7219248
917599,0.7159406
917600,0.43370992
917601,0.55356723
917602,0.54525566
917603,0.541356
917604,0.5476122
917605,0.7244613
917606,0.67623544
917607,0.72011876
917608,0.6728733
917609,0.8286216
917610,0.733676
917611,0.6921999
917612,0.6507143
917613,0.81898206
917614,0.86356294
917615,0.7008183
917616,0.0246455
917617,0.056836445
917618,0.04102547
917619,0.1102411
917620,0.12370955
917621,0.56174064
917622,0.6327015
917623,0.58478856
917624,0.6699794
917625,0.5328797
917626,0.40156505
917627,0.64332795
917628,0.6412324
917629,0.48512152
917630,0.43127397
917631,0.20913853
917632,0.21807177
917633,0.14622048
917634,0.13117543
917635,0.21398388
917636,0.07988291
917637,0.20726381
917638,0.18676439
917639,0.034319367
917640,0.37685573
917641,0.41752365
917642,0.563084
917643,0.37424102
917644,0.4613492
917645,0.31366926
917646,0.5395984
917647,0.6265371
917648,0.41148454
917649,0.29022598
917650,0.5117064
917651,0.5592517
917652,0.48359382
917653,0.32781503
917654,0.5038667
917655,0.25595284
917656,0.03608672
917657,0.056548495
917658,0.06020687
917659,0.2632841
917660,0.3031316
917661,0.24634373
917662,0.5115898
917663,0.4468106
917664,0.37371755
917665,0.41710097
917666,0.24840306
917667,0.098324396
917668,0.3558091
917669,0.14641616
917670,0.08080656
917671,0.29388538
917672,0.24471068
917673,0.3959346
917674,0.016928319
917675,0.095778584
917676,0.08716271
917677,0.023490855
917678,0.12661469
917679,0.024958095
917680,0.05874205
917681,0.029358946
917682,0.016093101
917683,0.099422686
917684,0.0080539575
917685,0.0580152
917686,0.05536008
917687,0.05833335
917688,0.10566482
917689,0.2423817
917690,0.14557788
917691,0.099732645
917692,0.12998796
917693,0.17495066
917694,0.16244635
917695,0.17813203
917696,0.18258414
917697,0.083978266
917698,0.19970986
917699,0.036909465
917700,0.118846044
917701,0.10201467
917702,0.101428986
917703,0.061091375
917704,0.09001022
917705,0.6313999
917706,0.5909405
917707,0.71686244
917708,0.3800366
917709,0.64103407
917710,0.5686754
917711,0.021160344
917712,0.054621987
917713,0.04329628
917714,0.048223693
917715,0.07292867
917716,0.7433505
917717,0.16766359
917718,0.78479844
917719,0.72678006
917720,0.8277838
917721,0.5996835
917722,0.71466964
917723,0.70959896
917724,0.75141615
917725,0.7422266
917726,0.7258427
917727,0.73154116
917728,0.67325556
917729,0.5435672
917730,0.6738234
917731,0.3268727
917732,0.21885379
917733,0.38531557
917734,0.6038306
917735,0.36340046
917736,0.1792185
917737,0.18274082
917738,0.15414211
917739,0.22958173
917740,0.18074389
917741,0.033685513
917742,0.08990827
917743,0.065808706
917744,0.07453694
917745,0.15999676
917746,0.15723594
917747,0.11432262
917748,0.11943982
917749,0.10535546
917750,0.1240076
917751,0.061553575
917752,0.33837312
917753,0.4692794
917754,0.29521537
917755,0.44077843
917756,0.32179296
917757,0.4118395
917758,0.34914014
917759,0.37193266
917760,0.31890452
917761,0.2801487
917762,0.097667165
917763,0.06756737
917764,0.23042218
917765,0.012750878
917766,0.07181547
917767,0.34843677
917768,0.2833099
917769,0.34590372
917770,0.28412914
917771,0.22458272
917772,0.06970058
917773,0.5151861
917774,0.5196924
917775,0.30680797
917776,0.458111
917777,0.5405725
917778,0.45396438
917779,0.46864754
917780,0.43370223
917781,0.4217228
917782,0.5434779
917783,0.45172143
917784,0.52232295
917785,0.50811666
917786,0.34050688
917787,0.24096578
917788,0.16611096
917789,0.12612167
917790,0.31840947
917791,0.2205349
917792,0.08991419
917793,0.05420479
917794,0.032782942
917795,0.035967432
917796,0.02506382
917797,0.021644602
917798,0.029985348
917799,0.352953
917800,0.5609571
917801,0.20768146
917802,0.10173429
917803,0.38562086
917804,0.32044625
917805,0.41710728
917806,0.52545357
917807,0.7125136
917808,0.36884513
917809,0.46015656
917810,0.43082866
917811,0.5794748
917812,0.4184509
917813,0.48194155
917814,0.5883906
917815,0.55098623
917816,0.5541206
917817,0.33031154
917818,0.47490174
917819,0.017179614
917820,0.04119309
917821,0.03813212
917822,0.044699393
917823,0.087182246
917824,0.04061921
917825,0.028205644
917826,0.030810783
917827,0.022722753
917828,0.011712251
917829,0.05421945
917830,0.041978408
917831,0.17591932
917832,0.03374766
917833,0.06319613
917834,0.03883582
917835,0.10395565
917836,0.020282643
917837,0.04379988
917838,0.6183923
917839,0.47002313
917840,0.21835157
917841,0.48315963
917842,0.37621686
917843,0.6541269
917844,0.27536574
917845,0.602273
917846,0.6044479
917847,0.40013433
917848,0.46495187
917849,0.12447582
917850,0.33549443
917851,0.30951113
917852,0.25525886
917853,0.013001557
917854,0.051695187
917855,0.048687484
917856,0.09188767
917857,0.010885132
917858,0.031595137
917859,0.038981885
917860,0.026485575
917861,0.04165963
917862,0.02434221
917863,0.05202121
917864,0.038924683
917865,0.0194573
917866,0.18562722
917867,0.20137815
917868,0.2202176
917869,0.039347127
917870,0.095475994
917871,0.45615035
917872,0.60365427
917873,0.01380576
917874,0.068354435
917875,0.1519094
917876,0.23843151
917877,0.08938718
917878,0.048088998
917879,0.042751703
917880,0.04044387
917881,0.032208625
917882,0.033798426
917883,0.026052002
917884,0.007837925
917885,0.023635926
917886,0.03588313
917887,0.02423117
917888,0.024077632
917889,0.021982826
917890,0.029318994
917891,0.013366393
917892,0.086989306
917893,0.1364752
917894,0.122199066
917895,0.09824691
917896,0.1002919
917897,0.04388076
917898,0.12012706
917899,0.09030341
917900,0.18901013
917901,0.05624524
917902,0.12916309
917903,0.010806978
917904,0.028710056
917905,0.04647101
917906,0.029202968
917907,0.025638174
917908,0.08033885
917909,0.06369962
917910,0.06157956
917911,0.056349605
917912,0.03404795
917913,0.010286767
917914,0.077603556
917915,0.07523718
917916,0.06124757
917917,0.057225417
917918,0.06286247
917919,0.0456915
917920,0.03836557
917921,0.034437213
917922,0.035338633
917923,0.008856806
917924,0.1257031
917925,0.17015506
917926,0.13584869
917927,0.10816231
917928,0.05539904
917929,0.21041103
917930,0.13070586
917931,0.17570421
917932,0.29108736
917933,0.3801887
917934,0.14746273
917935,0.3664295
917936,0.28256512
917937,0.20591444
917938,0.017453847
917939,0.21098597
917940,0.38612813
917941,0.42410916
917942,0.44846842
917943,0.50487584
917944,0.1685932
917945,0.4383258
917946,0.45960513
917947,0.42879072
917948,0.18743527
917949,0.4841906
917950,0.39766726
917951,0.41994765
917952,0.3733447
917953,0.454168
917954,0.38267264
917955,0.1537237
917956,0.10288436
917957,0.029269272
917958,0.04970615
917959,0.041010637
917960,0.034454636
917961,0.038498666
917962,0.035929784
917963,0.070385255
917964,0.010247799
917965,0.036779054
917966,0.03553974
917967,0.034466147
917968,0.03419236
917969,0.025932062
917970,0.023602838
917971,0.028414685
917972,0.03375616
917973,0.2796413
917974,0.08794654
917975,0.21167581
917976,0.6527017
917977,0.5956941
917978,0.7148332
917979,0.6774435
917980,0.7516308
917981,0.6764292
917982,0.73806155
917983,0.78215444
917984,0.5952555
917985,0.7390689
917986,0.6269338
917987,0.6809706
917988,0.43126523
917989,0.30387285
917990,0.47761157
917991,0.36077783
917992,0.32694572
917993,0.33710676
917994,0.21154433
917995,0.031859018
917996,0.2644209
917997,0.28936553
917998,0.22345077
917999,0.26236334
918000,0.22590697
918001,0.30917203
918002,0.18495351
918003,0.14023496
918004,0.14628865
918005,0.09591701
918006,0.1629122
918007,0.15598862
918008,0.12367129
918009,0.14233977
918010,0.11920101
918011,0.2960688
918012,0.4241748
918013,0.33962864
918014,0.52429277
918015,0.2195209
918016,0.16155292
918017,0.71240896
918018,0.6272403
918019,0.05721736
918020,0.058717523
918021,0.0555169
918022,0.059888616
918023,0.035938077
918024,0.069057345
918025,0.12791534
918026,0.06692645
918027,0.084822215
918028,0.054733697
918029,0.13067348
918030,0.06351808
918031,0.06312446
918032,0.024964297
918033,0.12909813
918034,0.14972888
918035,0.1788938
918036,0.122231744
918037,0.30137077
918038,0.19407053
918039,0.23766913
918040,0.2134014
918041,0.12754714
918042,0.17760015
918043,0.24428792
918044,0.20176831
918045,0.5468666
918046,0.5006819
918047,0.5539403
918048,0.535589
918049,0.54214936
918050,0.5649078
918051,0.53052765
918052,0.40319797
918053,0.42417866
918054,0.6673861
918055,0.6934286
918056,0.62335813
918057,0.5410709
918058,0.37011293
918059,0.6679208
918060,0.40797424
918061,0.56845313
918062,0.5847704
918063,0.35233307
918064,0.024510201
918065,0.32874435
918066,0.2710214
918067,0.3992353
918068,0.4864342
918069,0.47882938
918070,0.49085099
918071,0.46298
918072,0.56859815
918073,0.57237667
918074,0.5640866
918075,0.50404763
918076,0.49302822
918077,0.5536313
918078,0.62362295
918079,0.37177482
918080,0.5388642
918081,0.49127162
918082,0.5156298
918083,0.46760932
918084,0.47437605
918085,0.5243086
918086,0.07260734
918087,0.42190036
918088,0.5136887
918089,0.2725447
918090,0.4955278
918091,0.4807675
918092,0.645081
918093,0.6164824
918094,0.756081
918095,0.6643272
918096,0.53520095
918097,0.64359826
918098,0.7107706
918099,0.6370729
918100,0.58718795
918101,0.54508877
918102,0.6429848
918103,0.5582998
918104,0.7072853
918105,0.5213257
918106,0.5265848
918107,0.46068045
918108,0.68774563
918109,0.57797796
918110,0.72645926
918111,0.43944138
918112,0.05075987
918113,0.38787922
918114,0.37631446
918115,0.5082271
918116,0.41316256
918117,0.38916555
918118,0.5063041
918119,0.42817852
918120,0.2674405
918121,0.3596969
918122,0.35904843
918123,0.36953938
918124,0.16539162
918125,0.47262254
918126,0.26885277
918127,0.15544657
918128,0.38252953
918129,0.3351457
918130,0.3831208
918131,0.07682315
918132,0.075111814
918133,0.019731563
918134,0.0699412
918135,0.07282495
918136,0.06568926
918137,0.17876133
918138,0.061341397
918139,0.060018666
918140,0.07095192
918141,0.14957477
918142,0.05111912
918143,0.067217596
918144,0.09417732
918145,0.11657891
918146,0.07873385
918147,0.083693914
918148,0.028306695
918149,0.18200904
918150,0.16672967
918151,0.13431066
918152,0.104768746
918153,0.09694813
918154,0.14368163
918155,0.031038135
918156,0.2832668
918157,0.44448468
918158,0.23517638
918159,0.20613465
918160,0.2072313
918161,0.12282492
918162,0.10351843
918163,0.10066217
918164,0.33796144
918165,0.48920766
918166,0.51508415
918167,0.68727756
918168,0.40510833
918169,0.46547613
918170,0.17992367
918171,0.54007196
918172,0.15515034
918173,0.26225612
918174,0.22400224
918175,0.31651637
918176,0.16566537
918177,0.04715548
918178,0.016192773
918179,0.016201572
918180,0.030327434
918181,0.029516967
918182,0.0324944
918183,0.031838883
918184,0.043394115
918185,0.02686949
918186,0.06300551
918187,0.5199482
918188,0.67994946
918189,0.72013897
918190,0.47572795
918191,0.5390903
918192,0.39170477
918193,0.45351005
918194,0.65655655
918195,0.6060006
918196,0.508707
918197,0.74691576
918198,0.5896139
918199,0.7450219
918200,0.73582286
918201,0.74307173
918202,0.70640546
918203,0.5492972
918204,0.7356745
918205,0.64847
918206,0.58524215
918207,0.6495547
918208,0.7328715
918209,0.554751
918210,0.39272597
918211,0.049869724
918212,0.011586332
918213,0.024551073
918214,0.032071177
918215,0.028754681
918216,0.017532203
918217,0.03158596
918218,0.03401794
918219,0.031761974
918220,0.0278679
918221,0.06955598
918222,0.15143383
918223,0.009297583
918224,0.023417266
918225,0.05296495
918226,0.03764018
918227,0.031157115
918228,0.019677334
918229,0.26112127
918230,0.24930309
918231,0.32293695
918232,0.29909647
918233,0.25553346
918234,0.42268917
918235,0.4788753
918236,0.18482648
918237,0.047690615
918238,0.28714666
918239,0.168152
918240,0.18198423
918241,0.19279212
918242,0.18636519
918243,0.21754299
918244,0.110256076
918245,0.030916642
918246,0.062708825
918247,0.036073238
918248,0.033720896
918249,0.03877878
918250,0.038482405
918251,0.21581843
918252,0.3052129
918253,0.4856911
918254,0.44869274
918255,0.28202483
918256,0.428666
918257,0.2562998
918258,0.48173192
918259,0.43605077
918260,0.38528982
918261,0.30119422
918262,0.25172424
918263,0.5005563
918264,0.2958478
918265,0.028199993
918266,0.040906876
918267,0.037814952
918268,0.03936942
918269,0.041683882
918270,0.2674621
918271,0.14768794
918272,0.13739058
918273,0.14185041
918274,0.16859084
918275,0.025122229
918276,0.34930912
918277,0.41998443
918278,0.40990034
918279,0.40981826
918280,0.24546948
918281,0.39513275
918282,0.3854232
918283,0.6031515
918284,0.47093046
918285,0.5957974
918286,0.5526024
918287,0.60685676
918288,0.54172134
918289,0.37324095
918290,0.5242893
918291,0.6359632
918292,0.3713018
918293,0.5871771
918294,0.62234676
918295,0.34463322
918296,0.02980954
918297,0.052730236
918298,0.048099555
918299,0.2231423
918300,0.2383823
918301,0.12866887
918302,0.06419417
918303,0.55706364
918304,0.45363763
918305,0.6442509
918306,0.7199936
918307,0.6005924
918308,0.65079844
918309,0.62989265
918310,0.69127876
918311,0.84224534
918312,0.7696965
918313,0.7135715
918314,0.83105445
918315,0.72819763
918316,0.863483
918317,0.7638787
918318,0.80774003
918319,0.8606649
918320,0.86145735
918321,0.7902543
918322,0.7462509
918323,0.7269023
918324,0.7095731
918325,0.8765277
918326,0.7692092
918327,0.7710687
918328,0.7920601
918329,0.86516875
918330,0.72732025
918331,0.8557522
918332,0.72884566
918333,0.88198465
918334,0.87725013
918335,0.73445123
918336,0.86193335
918337,0.67568296
918338,0.74133414
918339,0.70288235
918340,0.68257993
918341,0.5305399
918342,0.47086304
918343,0.540944
918344,0.77805877
918345,0.51549417
918346,0.47573066
918347,0.5181092
918348,0.16232112
918349,0.028966207
918350,0.05526337
918351,0.04777268
918352,0.04666153
918353,0.04683906
918354,0.042913474
918355,0.047589425
918356,0.077010885
918357,0.008817329
918358,0.09394469
918359,0.04872609
918360,0.09856052
918361,0.07828167
918362,0.07508674
918363,0.04670378
918364,0.11410096
918365,0.16047868
918366,0.12323667
918367,0.12083776
918368,0.13591029
918369,0.13459554
918370,0.18040667
918371,0.16834475
918372,0.013615147
918373,0.21505691
918374,0.27112687
918375,0.3316885
918376,0.33856732
918377,0.3902697
918378,0.26763657
918379,0.31609595
918380,0.3749313
918381,0.3829139
918382,0.33176804
918383,0.3542943
918384,0.26277524
918385,0.20764814
918386,0.238293
918387,0.20721701
918388,0.12870803
918389,0.10873126
918390,0.029826129
918391,0.23927362
918392,0.33214304
918393,0.34684235
918394,0.17802754
918395,0.47427225
918396,0.50199056
918397,0.4389769
918398,0.55955523
918399,0.43243164
918400,0.45476097
918401,0.39546296
918402,0.5153555
918403,0.47460568
918404,0.37013984
918405,0.032478448
918406,0.27064922
918407,0.5457726
918408,0.569359
918409,0.55631626
918410,0.42238742
918411,0.59121954
918412,0.6254408
918413,0.4422634
918414,0.60856456
918415,0.51164794
918416,0.6055796
918417,0.60692984
918418,0.67417663
918419,0.5554373
918420,0.48703527
918421,0.6285985
918422,0.685093
918423,0.58637273
918424,0.44887656
918425,0.37154737
918426,0.39774147
918427,0.2694488
918428,0.085022315
918429,0.54908323
918430,0.63262045
918431,0.717438
918432,0.5997912
918433,0.681878
918434,0.67751515
918435,0.6407707
918436,0.68104565
918437,0.76662946
918438,0.60656416
918439,0.72064173
918440,0.6267824
918441,0.6193876
918442,0.6817336
918443,0.64769715
918444,0.68320316
918445,0.70087343
918446,0.6621836
918447,0.5957252
918448,0.3205576
918449,0.060713623
918450,0.08436787
918451,0.087754436
918452,0.109795675
918453,0.046511248
918454,0.044680167
918455,0.051596478
918456,0.04100615
918457,0.031474724
918458,0.059935465
918459,0.0356615
918460,0.082958974
918461,0.04302918
918462,0.07003034
918463,0.09015106
918464,0.064215146
918465,0.103834406
918466,0.08622345
918467,0.010596404
918468,0.11092463
918469,0.04662659
918470,0.027178366
918471,0.027290335
918472,0.03588751
918473,0.0404021
918474,0.027945502
918475,0.08998276
918476,0.11428681
918477,0.0801545
918478,0.10192372
918479,0.038893975
918480,0.014310647
918481,0.075899445
918482,0.12228677
918483,0.06069161
918484,0.11420963
918485,0.17048858
918486,0.0682778
918487,0.088188335
918488,0.054432195
918489,0.0472756
918490,0.13427882
918491,0.100686625
918492,0.06291522
918493,0.2138315
918494,0.39256197
918495,0.3125678
918496,0.22495374
918497,0.25552237
918498,0.22175719
918499,0.37286687
918500,0.14636968
918501,0.22590028
918502,0.02544199
918503,0.17316824
918504,0.17205536
918505,0.05413133
918506,0.061965104
918507,0.07575458
918508,0.068124555
918509,0.06426589
918510,0.16258778
918511,0.13887253
918512,0.10352729
918513,0.3195733
918514,0.1777451
918515,0.27546045
918516,0.3589338
918517,0.17888318
918518,0.11673635
918519,0.17042424
918520,0.21957164
918521,0.30121416
918522,0.187054
918523,0.31630957
918524,0.4030258
918525,0.1907586
918526,0.45656323
918527,0.20323159
918528,0.19292231
918529,0.015880005
918530,0.07599649
918531,0.05572908
918532,0.111609176
918533,0.053080264
918534,0.040286973
918535,0.046020795
918536,0.14721657
918537,0.11403697
918538,0.08720582
918539,0.081642635
918540,0.11573715
918541,0.098044574
918542,0.07080869
918543,0.24681395
918544,0.025532324
918545,0.0690149
918546,0.085292995
918547,0.08176644
918548,0.06343646
918549,0.21180962
918550,0.16794768
918551,0.03389634
918552,0.07012471
918553,0.05526576
918554,0.06888526
918555,0.14849348
918556,0.09649262
918557,0.07194737
918558,0.05431826
918559,0.056842588
918560,0.01593075
918561,0.061813418
918562,0.045837693
918563,0.047176547
918564,0.039907943
918565,0.028637324
918566,0.04471128
918567,0.051008236
918568,0.038959064
918569,0.25597268
918570,0.022943161
918571,0.08935064
918572,0.043613914
918573,0.12684841
918574,0.061828397
918575,0.080725655
918576,0.07421336
918577,0.10309569
918578,0.0725964
918579,0.052212734
918580,0.069050804
918581,0.031153072
918582,0.07869889
918583,0.036614418
918584,0.045564476
918585,0.06603188
918586,0.06934846
918587,0.047056083
918588,0.04549712
918589,0.03699474
918590,0.0362336
918591,0.25440767
918592,0.22391026
918593,0.1566041
918594,0.062140442
918595,0.033064608
918596,0.030803952
918597,0.03612699
918598,0.025681417
918599,0.028789014
918600,0.02302499
918601,0.016648725
918602,0.07343419
918603,0.13810587
918604,0.0827093
918605,0.12353009
918606,0.07654369
918607,0.026318284
918608,0.0502982
918609,0.094256304
918610,0.098646216
918611,0.050541315
918612,0.040785503
918613,0.046763457
918614,0.056692448
918615,0.0049989084
918616,0.0108893
918617,0.009500433
918618,0.012664592
918619,0.008483474
918620,0.010055981
918621,0.010624842
918622,0.07790816
918623,0.40259293
918624,0.5346542
918625,0.63014495
918626,0.6645291
918627,0.70576864
918628,0.7263683
918629,0.7379003
918630,0.6569254
918631,0.718187
918632,0.65355533
918633,0.71851784
918634,0.75727767
918635,0.7607641
918636,0.80680454
918637,0.75783044
918638,0.78972083
918639,0.7769534
918640,0.64997536
918641,0.7944713
918642,0.55777854
918643,0.66609204
918644,0.80463886
918645,0.6564942
918646,0.63618535
918647,0.777461
918648,0.6020707
918649,0.56260324
918650,0.5558929
918651,0.024719309
918652,0.10097394
918653,0.14879599
918654,0.11637552
918655,0.19177894
918656,0.2255972
918657,0.009198377
918658,0.011891292
918659,0.014462668
918660,0.014696879
918661,0.0113919685
918662,0.014538749
918663,0.013649078
918664,0.1180127
918665,0.47018856
918666,0.60336083
918667,0.6158121
918668,0.6572492
918669,0.71038383
918670,0.71121305
918671,0.7550923
918672,0.76126665
918673,0.730675
918674,0.67998147
918675,0.7611799
918676,0.76381874
918677,0.68969697
918678,0.6553672
918679,0.73631465
918680,0.6697663
918681,0.70818573
918682,0.7726605
918683,0.84858733
918684,0.73848575
918685,0.6775502
918686,0.75341064
918687,0.7058739
918688,0.7612942
918689,0.7668939
918690,0.65613556
918691,0.47575516
918692,0.080647744
918693,0.0653821
918694,0.058258437
918695,0.17950678
918696,0.10492643
918697,0.0077664834
918698,0.012953335
918699,0.016770575
918700,0.009743362
918701,0.0926966
918702,0.3872634
918703,0.16467266
918704,0.13357414
918705,0.24869259
918706,0.23394978
918707,0.2449373
918708,0.013657909
918709,0.10055055
918710,0.027895758
918711,0.007941938
918712,0.012666888
918713,0.019467259
918714,0.013072181
918715,0.01759729
918716,0.010081588
918717,0.033199202
918718,0.02825235
918719,0.007636524
918720,0.009779239
918721,0.013347541
918722,0.008623069
918723,0.013274474
918724,0.017675674
918725,0.044096462
918726,0.013815548
918727,0.019325195
918728,0.012045066
918729,0.08870694
918730,0.011033028
918731,0.015380146
918732,0.011612627
918733,0.12838376
918734,0.018822402
918735,0.015865428
918736,0.043884777
918737,0.45909873
918738,0.3261061
918739,0.43286908
918740,0.40850312
918741,0.3396366
918742,0.42039397
918743,0.47023392
918744,0.2154416
918745,0.04043466
918746,0.09785019
918747,0.08201294
918748,0.067605086
918749,0.03171817
918750,0.045155007
918751,0.036084972
918752,0.07130634
918753,0.24574788
918754,0.3188952
918755,0.21713117
918756,0.09309202
918757,0.07589656
918758,0.093192875
918759,0.055233415
918760,0.581915
918761,0.5869776
918762,0.6905448
918763,0.7569332
918764,0.77528775
918765,0.7199953
918766,0.75619346
918767,0.7216598
918768,0.758081
918769,0.7274334
918770,0.7264653
918771,0.63479495
918772,0.6781369
918773,0.80452496
918774,0.55067563
918775,0.6064072
918776,0.69106436
918777,0.44841525
918778,0.045579337
918779,0.08617624
918780,0.07910631
918781,0.07914256
918782,0.07807598
918783,0.10405803
918784,0.21376999
918785,0.36015877
918786,0.17598563
918787,0.9732292
918788,0.019935342
918789,0.23000358
918790,0.20785193
918791,0.2100514
918792,0.24237932
918793,0.22892056
918794,0.24553163
918795,0.19141573
918796,0.23887081
918797,0.24844997
918798,0.1733389
918799,0.5506591
918800,0.32100788
918801,0.5760442
918802,0.5459257
918803,0.59866315
918804,0.48174754
918805,0.62015265
918806,0.6352962
918807,0.66340595
918808,0.6355235
918809,0.63971835
918810,0.59327847
918811,0.64783627
918812,0.6227629
918813,0.3410319
918814,0.6586015
918815,0.40126783
918816,0.050650895
918817,0.08221134
918818,0.07062891
918819,0.058969688
918820,0.041823544
918821,0.19367461
918822,0.07547134
918823,0.10076011
918824,0.20466809
918825,0.23616277
918826,0.06354187
918827,0.44496357
918828,0.5367459
918829,0.63463193
918830,0.64270896
918831,0.5371675
918832,0.59055763
918833,0.61730015
918834,0.49013594
918835,0.6133069
918836,0.44323316
918837,0.2607341
918838,0.2835034
918839,0.39554822
918840,0.4143855
918841,0.46302393
918842,0.42277068
918843,0.62792206
918844,0.76150495
918845,0.7296068
918846,0.51001567
918847,0.5563988
918848,0.57005817
918849,0.45433453
918850,0.53829145
918851,0.6935777
918852,0.368458
918853,0.43020147
918854,0.07349802
918855,0.029006407
918856,0.10043889
918857,0.5554614
918858,0.7643931
918859,0.76041704
918860,0.66580737
918861,0.7036905
918862,0.6302103
918863,0.6781145
918864,0.7457276
918865,0.7154257
918866,0.6483887
918867,0.6910285
918868,0.73727447
918869,0.6482726
918870,0.38323796
918871,0.35426477
918872,0.1548054
918873,0.25452527
918874,0.13413721
918875,0.11145846
918876,0.21177122
918877,0.16905028
918878,0.043271136
918879,0.104639366
918880,0.14917721
918881,0.07540047
918882,0.11327671
918883,0.05894543
918884,0.05016541
918885,0.04256098
918886,0.048427224
918887,0.013440181
918888,0.12273817
918889,0.08282018
918890,0.104074076
918891,0.081044964
918892,0.12099862
918893,0.074443765
918894,0.19908997
918895,0.2639972
918896,0.43407217
918897,0.27683234
918898,0.014810935
918899,0.1315646
918900,0.11135529
918901,0.24735285
918902,0.05794873
918903,0.15855266
918904,0.32400352
918905,0.27360114
918906,0.29953945
918907,0.06250197
918908,0.06368067
918909,0.012919907
918910,0.02244902
918911,0.025583372
918912,0.06643715
918913,0.0128785
918914,0.046812966
918915,0.0632387
918916,0.10946048
918917,0.0878011
918918,0.08943546
918919,0.0795005
918920,0.050211497
918921,0.014496024
918922,0.06629543
918923,0.034863587
918924,0.083385944
918925,0.02835434
918926,0.10734695
918927,0.06450241
918928,0.024854986
918929,0.46518514
918930,0.51654446
918931,0.64826256
918932,0.51709455
918933,0.6291904
918934,0.50143564
918935,0.44574648
918936,0.50480795
918937,0.5640701
918938,0.56902695
918939,0.42529988
918940,0.61494136
918941,0.52834475
918942,0.58988637
918943,0.6786455
918944,0.4295602
918945,0.009323345
918946,0.12044835
918947,0.075946644
918948,0.19960384
918949,0.10040329
918950,0.04090072
918951,0.05146485
918952,0.048551492
918953,0.026163599
918954,0.29294947
918955,0.40769362
918956,0.118820034
918957,0.32000378
918958,0.4913683
918959,0.32158062
918960,0.27934912
918961,0.4474982
918962,0.00948505
918963,0.011688982
918964,0.015715742
918965,0.018041953
918966,0.013025057
918967,0.01189084
918968,0.012288626
918969,0.010466765
918970,0.03445504
918971,0.087227754
918972,0.21084373
918973,0.11792066
918974,0.120817386
918975,0.24036875
918976,0.2501128
918977,0.08486615
918978,0.09671639
918979,0.097408906
918980,0.11861933
918981,0.09996413
918982,0.054909185
918983,0.0055855056
918984,0.008423645
918985,0.0111981025
918986,0.010503845
918987,0.01054496
918988,0.008300947
918989,0.08805241
918990,0.0805075
918991,0.10984552
918992,0.013776946
918993,0.030011816
918994,0.025661347
918995,0.029931001
918996,0.041047145
918997,0.03086927
918998,0.030091928
918999,0.010576035
919000,0.01666962
919001,0.01580999
919002,0.019197898
919003,0.017570157
919004,0.016703058
919005,0.021015689
919006,0.03985479
919007,0.016150985
919008,0.06686434
919009,0.013910278
919010,0.042585675
919011,0.0488836
919012,0.00971636
919013,0.012406444
919014,0.016263692
919015,0.009977667
919016,0.112515725
919017,0.11777866
919018,0.090360425
919019,0.10911737
919020,0.067258015
919021,0.008880865
919022,0.014866023
919023,0.022367606
919024,0.0146392435
919025,0.019093793
919026,0.01198628
919027,0.03494849
919028,0.03429948
919029,0.053592797
919030,0.06771486
919031,0.01309251
919032,0.013317131
919033,0.018298712
919034,0.012356678
919035,0.035965975
919036,0.33159873
919037,0.27793247
919038,0.13695253
919039,0.15912738
919040,0.01614166
919041,0.016581737
919042,0.025260242
919043,0.021342961
919044,0.10416657
919045,0.020925583
919046,0.03587291
919047,0.026117852
919048,0.34085637
919049,0.13562748
919050,0.08496017
919051,0.09829552
919052,0.3250628
919053,0.27871802
919054,0.12623827
919055,0.31300625
919056,0.2076023
919057,0.1256196
919058,0.33004177
919059,0.112035014
919060,0.10133685
919061,0.13012347
919062,0.11553444
919063,0.9298633
919064,0.100742705
919065,0.105071746
919066,0.14096132
919067,0.11006035
919068,0.0065353476
919069,0.011938404
919070,0.012313648
919071,0.012742207
919072,0.020154536
919073,0.016593862
919074,0.23725772
919075,0.013850285
919076,0.034902684
919077,0.02471054
919078,0.023631955
919079,0.027000386
919080,0.02107513
919081,0.0069906088
919082,0.023228148
919083,0.02228338
919084,0.021130182
919085,0.021728972
919086,0.021923762
919087,0.02651473
919088,0.029716026
919089,0.05666026
919090,0.024691941
919091,0.019502258
919092,0.1384586
919093,0.06366049
919094,0.05603439
919095,0.057661876
919096,0.08153988
919097,0.29371127
919098,0.10151086
919099,0.09237283
919100,0.09654026
919101,0.03272231
919102,0.10249433
919103,0.07185365
919104,0.019105481
919105,0.08752105
919106,0.08132984
919107,0.21605743
919108,0.108697094
919109,0.0832919
919110,0.12601168
919111,0.010869647
919112,0.15022989
919113,0.1361786
919114,0.19138658
919115,0.24901925
919116,0.2452388
919117,0.092878595
919118,0.23491721
919119,0.19115886
919120,0.07418407
919121,0.103585884
919122,0.21503438
919123,0.34316993
919124,0.32932708
919125,0.08627185
919126,0.18312661
919127,0.32410488
919128,0.251204
919129,0.37147093
919130,0.3405655
919131,0.33965233
919132,0.44482312
919133,0.18490049
919134,0.15191847
919135,0.16808866
919136,0.04323956
919137,0.15068835
919138,0.16333717
919139,0.26630166
919140,0.16719326
919141,0.19295345
919142,0.03826172
919143,0.058082413
919144,0.1170157
919145,0.08308488
919146,0.13670264
919147,0.028797448
919148,0.056872506
919149,0.048982818
919150,0.07522082
919151,0.03132437
919152,0.15028426
919153,0.01698633
919154,0.04069258
919155,0.031946555
919156,0.046777204
919157,0.046242625
919158,0.053647254
919159,0.049579576
919160,0.031464648
919161,0.03390822
919162,0.035580557
919163,0.111029446
919164,0.11125722
919165,0.07305641
919166,0.09886881
919167,0.0994682
919168,0.13593581
919169,0.17389487
919170,0.0693428
919171,0.01858032
919172,0.06878379
919173,0.09262736
919174,0.049628366
919175,0.07994367
919176,0.6604642
919177,0.762848
919178,0.9307628
919179,0.95869267
919180,0.9530207
919181,0.9715707
919182,0.97732985
919183,0.9014087
919184,0.9663576
919185,0.97024846
919186,0.9606164
919187,0.97815645
919188,0.96962076
919189,0.97706234
919190,0.9597438
919191,0.98022217
919192,0.97063947
919193,0.9764381
919194,0.9811896
919195,0.97795564
919196,0.9839152
919197,0.9654646
919198,0.9846718
919199,0.9706778
919200,0.9759463
919201,0.97308326
919202,0.9480897
919203,0.92682093
919204,0.9794104
919205,0.9681473
919206,0.97056246
919207,0.96783596
919208,0.9577387
919209,0.97083575
919210,0.9727824
919211,0.96121603
919212,0.96301025
919213,0.9657222
919214,0.95892525
919215,0.9487445
919216,0.9731122
919217,0.97107744
919218,0.9807936
919219,0.97348017
919220,0.98076814
919221,0.98094165
919222,0.9779649
919223,0.98387086
919224,0.96512526
919225,0.9731969
919226,0.9454065
919227,0.96136725
919228,0.9649764
919229,0.9454065
919230,0.97259045
919231,0.97557133
919232,0.97080314
919233,0.9659932
919234,0.95670384
919235,0.9590045
919236,0.95891374
919237,0.96227473
919238,0.9393376
919239,0.9498143
919240,0.96235454
919241,0.9723484
919242,0.97432035
919243,0.9755975
919244,0.97813946
919245,0.9711981
919246,0.9528927
919247,0.97438407
919248,0.9803591
919249,0.95683515
919250,0.9747977
919251,0.96434504
919252,0.95379555
919253,0.9467991
919254,0.9447723
919255,0.977509
919256,0.9633305
919257,0.9566693
919258,0.9582452
919259,0.9420875
919260,0.95081294
919261,0.9822481
919262,0.983313
919263,0.9606498
919264,0.94951147
919265,0.966392
919266,0.9665853
919267,0.98161364
919268,0.92092466
919269,0.9787835
919270,0.98135686
919271,0.9548129
919272,0.92335653
919273,0.98095554
919274,0.96745133
919275,0.9702917
919276,0.98039436
919277,0.97901833
919278,0.97182673
919279,0.9710434
919280,0.9720143
919281,0.97765964
919282,0.96713704
919283,0.9699346
919284,0.96300054
919285,0.9675011
919286,0.9761954
919287,0.96798694
919288,0.97788334
919289,0.9745908
919290,0.9634641
919291,0.9793323
919292,0.98043114
919293,0.9719866
919294,0.9696102
919295,0.9629134
919296,0.95836127
919297,0.9431362
919298,0.9454633
919299,0.96874446
919300,0.9844661
919301,0.97856873
919302,0.9692211
919303,0.97134024
919304,0.9704093
919305,0.94000876
919306,0.9759504
919307,0.969739
919308,0.96998763
919309,0.96467364
919310,0.9683384
919311,0.9683934
919312,0.9519503
919313,0.97304714
919314,0.957947
919315,0.95613
919316,0.26025578
919317,0.10405427
919318,0.08173017
919319,0.17779784
919320,0.2864532
919321,0.13447571
919322,0.12260213
919323,0.18923138
919324,0.23953588
919325,0.26619843
919326,0.3772979
919327,0.33088216
919328,0.17758717
919329,0.024673874
919330,0.029549215
919331,0.0316265
919332,0.030049838
919333,0.30380055
919334,0.09966648
919335,0.059846226
919336,0.09409692
919337,0.327064
919338,0.30844837
919339,0.3391825
919340,0.017557273
919341,0.048683207
919342,0.034193676
919343,0.039125115
919344,0.046664834
919345,0.051544063
919346,0.09770878
919347,0.051124014
919348,0.05749811
919349,0.045590457
919350,0.026516728
919351,0.062803954
919352,0.06554503
919353,0.08824064
919354,0.053734858
919355,0.22394173
919356,0.29031977
919357,0.24369475
919358,0.20924263
919359,0.14885847
919360,0.280847
919361,0.010893811
919362,0.014396631
919363,0.025542345
919364,0.0205597
919365,0.015691398
919366,0.011479018
919367,0.025298728
919368,0.029190425
919369,0.032487605
919370,0.031029407
919371,0.030750455
919372,0.035124704
919373,0.02428403
919374,0.2436308
919375,0.13669759
919376,0.0075141867
919377,0.025634702
919378,0.0165918
919379,0.01681733
919380,0.02243081
919381,0.047623545
919382,0.014902051
919383,0.14116207
919384,0.44633132
919385,0.2765718
919386,0.4702876
919387,0.5631768
919388,0.6124278
919389,0.58933926
919390,0.58396107
919391,0.53052783
919392,0.68026185
919393,0.6161479
919394,0.66916645
919395,0.6703256
919396,0.60784656
919397,0.57326627
919398,0.5684411
919399,0.64872885
919400,0.59409267
919401,0.5469344
919402,0.39749
919403,0.034325827
919404,0.020862196
919405,0.025900021
919406,0.027863383
919407,0.027995722
919408,0.02198868
919409,0.069552146
919410,0.029345306
919411,0.040044773
919412,0.030007567
919413,0.35831168
919414,0.33149856
919415,0.25005296
919416,0.10838623
919417,0.3049428
919418,0.14125797
919419,0.1356533
919420,0.2128204
919421,0.38859907
919422,0.2135656
919423,0.23492137
919424,0.13660303
919425,0.005423426
919426,0.014935962
919427,0.011913338
919428,0.013693766
919429,0.013134887
919430,0.016031366
919431,0.018504117
919432,0.049920242
919433,0.03857621
919434,0.036526702
919435,0.033323213
919436,0.05813859
919437,0.038120832
919438,0.060678467
919439,0.04156357
919440,0.009060289
919441,0.06413762
919442,0.053417325
919443,0.08640506
919444,0.07851592
919445,0.06778552
919446,0.08182706
919447,0.009138288
919448,0.0611218
919449,0.058252424
919450,0.067370236
919451,0.058045104
919452,0.104093395
919453,0.17069572
919454,0.16072078
919455,0.2290519
919456,0.082403846
919457,0.12679176
919458,0.16187833
919459,0.023113735
919460,0.029351125
919461,0.06192895
919462,0.029129671
919463,0.039764013
919464,0.052814536
919465,0.02780389
919466,0.016496088
919467,0.028893275
919468,0.024976876
919469,0.038959313
919470,0.023742443
919471,0.05989493
919472,0.041160453
919473,0.014718155
919474,0.053542066
919475,0.051553003
919476,0.032487407
919477,0.030294744
919478,0.037370466
919479,0.0587115
919480,0.036784448
919481,0.010086287
919482,0.029093647
919483,0.02364284
919484,0.023239683
919485,0.026236935
919486,0.025059266
919487,0.024582017
919488,0.01425624
919489,0.033165652
919490,0.03505725
919491,0.03335209
919492,0.06658393
919493,0.032930423
919494,0.024746511
919495,0.020531714
919496,0.3478923
919497,0.012624396
919498,0.063904494
919499,0.07959892
919500,0.061889853
919501,0.07773948
919502,0.08521852
919503,0.0906894
919504,0.103353225
919505,0.19680086
919506,0.26942042
919507,0.08402527
919508,0.21784694
919509,0.2763551
919510,0.19147599
919511,0.18711631
919512,0.19039969
919513,0.40284503
919514,0.07499155
919515,0.10880376
919516,0.19210607
919517,0.20545202
919518,0.18392356
919519,0.03743849
919520,0.12674925
919521,0.19788516
919522,0.2420645
919523,0.16854523
919524,0.009637174
919525,0.01786011
919526,0.015217042
919527,0.015035275
919528,0.016863601
919529,0.01278104
919530,0.016852647
919531,0.029847357
919532,0.023910204
919533,0.053123303
919534,0.07912114
919535,0.031534094
919536,0.021778917
919537,0.07033708
919538,0.05927031
919539,0.053528827
919540,0.03403488
919541,0.11809
919542,0.061621163
919543,0.027479438
919544,0.04343815
919545,0.019719265
919546,0.038081214
919547,0.008877953
919548,0.055029534
919549,0.054996442
919550,0.05200347
919551,0.054205697
919552,0.09556203
919553,0.11531752
919554,0.084526345
919555,0.11388133
919556,0.065212026
919557,0.021092445
919558,0.0978307
919559,0.055307534
919560,0.045982827
919561,0.051145263
919562,0.051880896
919563,0.13403994
919564,0.1206957
919565,0.10331669
919566,0.094622105
919567,0.021841517
919568,0.032758705
919569,0.048056684
919570,0.03973715
919571,0.07020604
919572,0.052251715
919573,0.0624436
919574,0.037082527
919575,0.04421947
919576,0.027036909
919577,0.18512787
919578,0.07353597
919579,0.07417532
919580,0.068250775
919581,0.07138913
919582,0.07835812
919583,0.09763248
919584,0.07851175
919585,0.07755778
919586,0.059466884
919587,0.044342853
919588,0.048870996
919589,0.053238597
919590,0.03864062
919591,0.036074102
919592,0.07269641
919593,0.016749304
919594,0.07712811
919595,0.076708704
919596,0.07831392
919597,0.07734918
919598,0.07618374
919599,0.07732495
919600,0.09956888
919601,0.1463469
919602,0.28932068
919603,0.090922825
919604,0.29499686
919605,0.12992078
919606,0.09879872
919607,0.17297308
919608,0.07586472
919609,0.010315167
919610,0.065779895
919611,0.048061647
919612,0.0351595
919613,0.03339989
919614,0.0722231
919615,0.07910246
919616,0.022132926
919617,0.03545809
919618,0.03531084
919619,0.055474248
919620,0.22481614
919621,0.08355356
919622,0.081305675
919623,0.058353513
919624,0.07358735
919625,0.023643902
919626,0.026771948
919627,0.016138412
919628,0.09478846
919629,0.08320704
919630,0.19577307
919631,0.202687
919632,0.06576337
919633,0.2164889
919634,0.18571012
919635,0.1733046
919636,0.1559538
919637,0.108261324
919638,0.013112587
919639,0.020341098
919640,0.014817227
919641,0.013738243
919642,0.0105132405
919643,0.11662351
919644,0.011635784
919645,0.016154215
919646,0.013686137
919647,0.009292736
919648,0.029376764
919649,0.018021787
919650,0.016955502
919651,0.014106138
919652,0.0071970415
919653,0.009894279
919654,0.015031132
919655,0.009526818
919656,0.02862887
919657,0.020968338
919658,0.011783538
919659,0.014401497
919660,0.018571135
919661,0.009693899
919662,0.024656879
919663,0.055942073
919664,0.030168938
919665,0.047225453
919666,0.042226795
919667,0.09428419
919668,0.13674611
919669,0.2830427
919670,0.037410095
919671,0.2717796
919672,0.06449087
919673,0.14568226
919674,0.035087667
919675,0.053581238
919676,0.08644983
919677,0.1307695
919678,0.024412071
919679,0.037357554
919680,0.030032715
919681,0.12416166
919682,0.010863108
919683,0.035843797
919684,0.023589402
919685,0.029914204
919686,0.025862206
919687,0.080635935
919688,0.12362898
919689,0.098010376
919690,0.016457181
919691,0.038274582
919692,0.0389948
919693,0.03997644
919694,0.039469384
919695,0.031325653
919696,0.09110302
919697,0.03824292
919698,0.06499356
919699,0.34567106
919700,0.27759615
919701,0.36148837
919702,0.46337518
919703,0.5151577
919704,0.5415065
919705,0.43821484
919706,0.35507894
919707,0.7215319
919708,0.5180383
919709,0.48038566
919710,0.34114832
919711,0.46489972
919712,0.44168273
919713,0.42952606
919714,0.6991693
919715,0.30095288
919716,0.46769285
919717,0.2086282
919718,0.008254749
919719,0.03660325
919720,0.041644186
919721,0.03959076
919722,0.030131632
919723,0.041533314
919724,0.07542971
919725,0.17818011
919726,0.34616894
919727,0.17372115
919728,0.21116884
919729,0.28617513
919730,0.1941871
919731,0.39157507
919732,0.40255442
919733,0.36963868
919734,0.464628
919735,0.3240667
919736,0.18541135
919737,0.015053874
919738,0.25002965
919739,0.45557296
919740,0.50998586
919741,0.5178528
919742,0.3009238
919743,0.37763244
919744,0.46984026
919745,0.41698772
919746,0.3431956
919747,0.25273618
919748,0.48102564
919749,0.15024793
919750,0.023154376
919751,0.29792035
919752,0.37737465
919753,0.4144319
919754,0.4353699
919755,0.6073813
919756,0.33940133
919757,0.43783292
919758,0.5130048
919759,0.40250656
919760,0.57233816
919761,0.4390374
919762,0.34426653
919763,0.3214857
919764,0.5520155
919765,0.4808203
919766,0.48318857
919767,0.43863332
919768,0.46900603
919769,0.32428476
919770,0.009290458
919771,0.26008222
919772,0.022032432
919773,0.034935717
919774,0.027169274
919775,0.026139647
919776,0.071606845
919777,0.028816964
919778,0.048324257
919779,0.045245152
919780,0.09664733
919781,0.042964205
919782,0.052898172
919783,0.030522881
919784,0.049439207
919785,0.03687192
919786,0.041691005
919787,0.009713443
919788,0.037445676
919789,0.029274829
919790,0.024163682
919791,0.023720432
919792,0.02502889
919793,0.009833727
919794,0.017842436
919795,0.01543644
919796,0.023328802
919797,0.06473176
919798,0.017625993
919799,0.027877808
919800,0.024657613
919801,0.02069631
919802,0.02834773
919803,0.029966684
919804,0.028976565
919805,0.009595693
919806,0.062982075
919807,0.01829531
919808,0.017795103
919809,0.042737793
919810,0.022977713
919811,0.014802317
919812,0.030342294
919813,0.03204423
919814,0.016959105
919815,0.23795299
919816,0.03499759
919817,0.056908067
919818,0.045570005
919819,0.0052211634
919820,0.0154765025
919821,0.016140692
919822,0.02143195
919823,0.010812531
919824,0.014236859
919825,0.062361132
919826,0.012571505
919827,0.010017939
919828,0.015812868
919829,0.05787316
919830,0.03135656
919831,0.20257798
919832,0.028602269
919833,0.038128305
919834,0.04255657
919835,0.110632
919836,0.00981915
919837,0.03442795
919838,0.047629375
919839,0.08635233
919840,0.06247791
919841,0.06360392
919842,0.03025176
919843,0.10965621
919844,0.03383095
919845,0.09770056
919846,0.040127046
919847,0.00812841
919848,0.034907527
919849,0.024200661
919850,0.04386112
919851,0.05461194
919852,0.03720347
919853,0.026150173
919854,0.044251256
919855,0.25341725
919856,0.41867912
919857,0.30122516
919858,0.028025122
919859,0.20060036
919860,0.16899809
919861,0.21581046
919862,0.4651857
919863,0.4651857
919864,0.16524571
919865,0.46188685
919866,0.34458038
919867,0.3188559
919868,0.2618609
919869,0.21953836
919870,0.43889105
919871,0.27894536
919872,0.33490217
919873,0.16533451
919874,0.010970018
919875,0.046641868
919876,0.11482091
919877,0.018088454
919878,0.02880126
919879,0.02052507
919880,0.017230565
919881,0.01792881
919882,0.10347042
919883,0.023180204
919884,0.048675347
919885,0.039033882
919886,0.038402278
919887,0.075628616
919888,0.040152952
919889,0.038803227
919890,0.06390542
919891,0.058126375
919892,0.008582426
919893,0.476269
919894,0.21165581
919895,0.0652466
919896,0.08695708
919897,0.1417023
919898,0.17976613
919899,0.6075386
919900,0.47439355
919901,0.28827614
919902,0.40182346
919903,0.18481883
919904,0.018332563
919905,0.01645576
919906,0.020075236
919907,0.022728246
919908,0.040065236
919909,0.021165164
919910,0.016058935
919911,0.21955404
919912,0.21899077
919913,0.14314376
919914,0.23631682
919915,0.4979451
919916,0.36476174
919917,0.6189612
919918,0.105701946
919919,0.12946309
919920,0.14957991
919921,0.09467409
919922,0.020082245
919923,0.09155204
919924,0.07701227
919925,0.09258021
919926,0.12079228
919927,0.015416915
919928,0.27276853
919929,0.3346497
919930,0.4046371
919931,0.28568253
919932,0.3156754
919933,0.2687689
919934,0.14862923
919935,0.018009938
919936,0.2920022
919937,0.54498297
919938,0.7094133
919939,0.65441465
919940,0.37948194
919941,0.38119045
919942,0.444514
919943,0.4196149
919944,0.7342941
919945,0.3185809
919946,0.70861304
919947,0.33964825
919948,0.38321555
919949,0.15723792
919950,0.011550792
919951,0.03406265
919952,0.030389603
919953,0.030159688
919954,0.03929393
919955,0.032054152
919956,0.05784714
919957,0.010593309
919958,0.05009557
919959,0.18330263
919960,0.2192228
919961,0.11960732
919962,0.12808104
919963,0.02222277
919964,0.097064815
919965,0.15713091
919966,0.112150714
919967,0.13854054
919968,0.13609374
919969,0.14821586
919970,0.14316314
919971,0.08774494
919972,0.1105247
919973,0.2963872
919974,0.16367485
919975,0.2302938
919976,0.22675988
919977,0.30529836
919978,0.20731072
919979,0.0511579
919980,0.419693
919981,0.57867485
919982,0.6258766
919983,0.6926925
919984,0.76019615
919985,0.7877321
919986,0.77723694
919987,0.7723198
919988,0.8184859
919989,0.79041797
919990,0.84187996
919991,0.7869497
919992,0.8261625
919993,0.8436955
919994,0.81727535
919995,0.8457322
919996,0.8261973
919997,0.8361954
919998,0.83535147
919999,0.8784826
920000,0.8357926
920001,0.81364375
920002,0.8291277
920003,0.80897593
920004,0.8192083
920005,0.8131317
920006,0.88323534
920007,0.8123779
920008,0.83136743
920009,0.86244637
920010,0.80817884
920011,0.7941753
920012,0.84767324
920013,0.80060196
920014,0.7535033
920015,0.7596162
920016,0.72938246
920017,0.7285123
920018,0.7261154
920019,0.71024835
920020,0.6781078
920021,0.5736264
920022,0.68962204
920023,0.5398736
920024,0.045462158
920025,0.09125574
920026,0.05587184
920027,0.0476949
920028,0.03955208
920029,0.24015588
920030,0.44661677
920031,0.21795495
920032,0.22993177
920033,0.38197172
920034,0.19065154
920035,0.2030898
920036,0.17112198
920037,0.2561419
920038,0.21900532
920039,0.24408409
920040,0.45220876
920041,0.16474138
920042,0.20463401
920043,0.09828138
920044,0.16739935
920045,0.45690566
920046,0.6858266
920047,0.4891606
920048,0.5553599
920049,0.7063108
920050,0.5865491
920051,0.5751715
920052,0.706563
920053,0.4529474
920054,0.6410409
920055,0.74663216
920056,0.5752041
920057,0.61923975
920058,0.6476325
920059,0.57955134
920060,0.471302
920061,0.6828637
920062,0.6014433
920063,0.6771744
920064,0.6275389
920065,0.5975822
920066,0.5509214
920067,0.0567554
920068,0.36625084
920069,0.6612115
920070,0.53678435
920071,0.60067296
920072,0.6804743
920073,0.7268335
920074,0.7847463
920075,0.77447134
920076,0.7648969
920077,0.7612647
920078,0.60200584
920079,0.7606054
920080,0.49387965
920081,0.7319143
920082,0.7707511
920083,0.7127331
920084,0.75568086
920085,0.78066504
920086,0.68579936
920087,0.73814327
920088,0.7320562
920089,0.73959893
920090,0.76983297
920091,0.61741036
920092,0.15642981
920093,0.55681485
920094,0.5659896
920095,0.5653516
920096,0.54014754
920097,0.55737877
920098,0.6547103
920099,0.5653989
920100,0.5818509
920101,0.42591885
920102,0.5741834
920103,0.31097415
920104,0.40018946
920105,0.22271602
920106,0.100951396
920107,0.26068547
920108,0.36002368
920109,0.40125123
920110,0.29902974
920111,0.25904062
920112,0.2640831
920113,0.28532717
920114,0.32067087
920115,0.3697173
920116,0.21751541
920117,0.2192791
920118,0.21924508
920119,0.261917
920120,0.20245959
920121,0.28212392
920122,0.032607555
920123,0.12647413
920124,0.05183567
920125,0.039197676
920126,0.11422844
920127,0.054222345
920128,0.06488236
920129,0.13073295
920130,0.07898935
920131,0.029218888
920132,0.15278386
920133,0.4469943
920134,0.07863896
920135,0.16769528
920136,0.14472395
920137,0.17651077
920138,0.12684713
920139,0.14238425
920140,0.13400279
920141,0.09855607
920142,0.055415314
920143,0.20891552
920144,0.1570688
920145,0.13694939
920146,0.10712739
920147,0.1915271
920148,0.16895488
920149,0.15228727
920150,0.14485046
920151,0.076868206
920152,0.17996936
920153,0.08601923
920154,0.095579095
920155,0.2148381
920156,0.13600264
920157,0.069989845
920158,0.46900624
920159,0.3128361
920160,0.3736518
920161,0.3203464
920162,0.41472116
920163,0.3727698
920164,0.091020316
920165,0.014243895
920166,0.060805034
920167,0.059726182
920168,0.049415685
920169,0.04880355
920170,0.012990933
920171,0.10687379
920172,0.06258934
920173,0.1968335
920174,0.03777331
920175,0.1274045
920176,0.14831246
920177,0.1429814
920178,0.22459202
920179,0.16171627
920180,0.23357311
920181,0.20581141
920182,0.011033886
920183,0.019124331
920184,0.031908464
920185,0.04466288
920186,0.019704133
920187,0.02851711
920188,0.039972614
920189,0.31836393
920190,0.31563854
920191,0.29409176
920192,0.28489125
920193,0.30716762
920194,0.27983952
920195,0.014888176
920196,0.046328325
920197,0.04422395
920198,0.085619256
920199,0.088500954
920200,0.042060066
920201,0.03505453
920202,0.07365239
920203,0.015993252
920204,0.045365617
920205,0.08387908
920206,0.1327498
920207,0.13220699
920208,0.28959337
920209,0.2559392
920210,0.32711455
920211,0.14170237
920212,0.014590481
920213,0.037521206
920214,0.033103228
920215,0.09028204
920216,0.1452283
920217,0.21102329
920218,0.31908542
920219,0.12044504
920220,0.30093452
920221,0.3943557
920222,0.237525
920223,0.40098748
920224,0.22351092
920225,0.041744374
920226,0.07858358
920227,0.07482398
920228,0.06838569
920229,0.04505548
920230,0.054829057
920231,0.030069595
920232,0.02284394
920233,0.018798327
920234,0.12950811
920235,0.0053005116
920236,0.024011752
920237,0.014903969
920238,0.023238445
920239,0.014100164
920240,0.012482209
920241,0.019205231
920242,0.00629116
920243,0.016618166
920244,0.021355027
920245,0.022090686
920246,0.017146558
920247,0.013761496
920248,0.017673671
920249,0.3780067
920250,0.44088966
920251,0.36821914
920252,0.22885
920253,0.009364809
920254,0.036503322
920255,0.020680115
920256,0.01891906
920257,0.022652244
920258,0.025951184
920259,0.024080098
920260,0.01273311
920261,0.010559024
920262,0.022509689
920263,0.030717017
920264,0.040062446
920265,0.03712659
920266,0.039880503
920267,0.024603143
920268,0.03612893
920269,0.021046516
920270,0.017688273
920271,0.009845741
920272,0.015882062
920273,0.020692792
920274,0.015366482
920275,0.037732214
920276,0.020567803
920277,0.02326236
920278,0.015424855
920279,0.008974862
920280,0.021588132
920281,0.02265935
920282,0.019250449
920283,0.019743735
920284,0.05678855
920285,0.021974709
920286,0.025318654
920287,0.02041159
920288,0.13776647
920289,0.010217046
920290,0.030207966
920291,0.039506458
920292,0.063489616
920293,0.04290424
920294,0.031250745
920295,0.025491046
920296,0.084417485
920297,0.051561374
920298,0.034788784
920299,0.028239837
920300,0.0357646
920301,0.048985895
920302,0.085714385
920303,0.06664855
920304,0.071057744
920305,0.10315401
920306,0.07086934
920307,0.016347878
920308,0.09025163
920309,0.08779999
920310,0.08162264
920311,0.040912956
920312,0.017058488
920313,0.02575268
920314,0.021103697
920315,0.04675055
920316,0.026865471
920317,0.025208928
920318,0.05720301
920319,0.061408244
920320,0.05720246
920321,0.10162394
920322,0.35356364
920323,0.25386742
920324,0.2986149
920325,0.013811722
920326,0.037220757
920327,0.03895669
920328,0.03773547
920329,0.039835986
920330,0.03287574
920331,0.05050593
920332,0.040848378
920333,0.03489046
920334,0.017881233
920335,0.03584828
920336,0.10167535
920337,0.043398857
920338,0.04999855
920339,0.04641411
920340,0.13997573
920341,0.030691627
920342,0.13248233
920343,0.14196873
920344,0.15932639
920345,0.08680508
920346,0.24393952
920347,0.66296315
920348,0.7549533
920349,0.8317496
920350,0.5449681
920351,0.5892529
920352,0.60520136
920353,0.51171446
920354,0.65026456
920355,0.6884125
920356,0.60998476
920357,0.46691787
920358,0.72054935
920359,0.6040955
920360,0.5079605
920361,0.41331172
920362,0.007789951
920363,0.040505856
920364,0.07306338
920365,0.03051275
920366,0.027503878
920367,0.03446693
920368,0.03459667
920369,0.037083223
920370,0.03492022
920371,0.01037707
920372,0.025132727
920373,0.027902398
920374,0.029631702
920375,0.027820155
920376,0.025992747
920377,0.03450708
920378,0.043355525
920379,0.010439996
920380,0.040278602
920381,0.08269712
920382,0.048792757
920383,0.04787795
920384,0.049724992
920385,0.060316816
920386,0.2993411
920387,0.15624657
920388,0.076604545
920389,0.15365894
920390,0.06753241
920391,0.06774021
920392,0.2833325
920393,0.171903
920394,0.3970938
920395,0.27319944
920396,0.3868602
920397,0.3189269
920398,0.25256205
920399,0.23727149
920400,0.19870843
920401,0.10747031
920402,0.009904444
920403,0.029641893
920404,0.019718355
920405,0.019868657
920406,0.015349709
920407,0.017151965
920408,0.021674536
920409,0.0160867
920410,0.1790466
920411,0.26277867
920412,0.33247772
920413,0.28254914
920414,0.38062617
920415,0.2656485
920416,0.055101115
920417,0.072445184
920418,0.054100674
920419,0.052854788
920420,0.010033903
920421,0.018610729
920422,0.014047371
920423,0.016959859
920424,0.01268106
920425,0.015965706
920426,0.018004213
920427,0.025863359
920428,0.16900459
920429,0.21560767
920430,0.22540668
920431,0.18928875
920432,0.1381297
920433,0.23182018
920434,0.038088672
920435,0.35877177
920436,0.2454213
920437,0.35819992
920438,0.41011152
920439,0.20672564
920440,0.13887112
920441,0.2225613
920442,0.27780977
920443,0.34519395
920444,0.3296562
920445,0.25526804
920446,0.009388575
920447,0.02002678
920448,0.021527072
920449,0.015691552
920450,0.025760127
920451,0.05496499
920452,0.017018383
920453,0.017616458
920454,0.017542284
920455,0.042043623
920456,0.19331187
920457,0.103411146
920458,0.10960833
920459,0.13395637
920460,0.16280189
920461,0.13672744
920462,0.157148
920463,0.12998395
920464,0.2295923
920465,0.10493355
920466,0.007012944
920467,0.011664511
920468,0.0184688
920469,0.016074259
920470,0.01377221
920471,0.010956254
920472,0.04032153
920473,0.12170701
920474,0.12789822
920475,0.11590153
920476,0.118259236
920477,0.18726729
920478,0.1206368
920479,0.12757528
920480,0.005428794
920481,0.013054137
920482,0.01510395
920483,0.012196086
920484,0.017955538
920485,0.016724257
920486,0.016693203
920487,0.016610874
920488,0.004833099
920489,0.009670449
920490,0.016150417
920491,0.014401945
920492,0.015067194
920493,0.015116601
920494,0.019911602
920495,0.009275556
920496,0.004184431
920497,0.008895424
920498,0.0103507675
920499,0.009036141
920500,0.008991792
920501,0.0076240306
920502,0.010871862
920503,0.0217016
920504,0.021745129
920505,0.04983313
920506,0.038066536
920507,0.027719159
920508,0.034952696
920509,0.020716498
920510,0.020790588
920511,0.005302297
920512,0.010813158
920513,0.011605695
920514,0.014599815
920515,0.011895166
920516,0.009297742
920517,0.026653832
920518,0.016307717
920519,0.004561941
920520,0.010020223
920521,0.028625742
920522,0.011136812
920523,0.010608087
920524,0.013740343
920525,0.008737592
920526,0.46615165
920527,0.007895383
920528,0.014922841
920529,0.015624128
920530,0.014605208
920531,0.024336766
920532,0.017836772
920533,0.04360875
920534,0.038080674
920535,0.014205723
920536,0.006272788
920537,0.03296313
920538,0.035840314
920539,0.037135523
920540,0.042061407
920541,0.055160295
920542,0.13530414
920543,0.2876884
920544,0.15534331
920545,0.110463046
920546,0.3204747
920547,0.3432397
920548,0.24270587
920549,0.23028013
920550,0.1674714
920551,0.028054396
920552,0.09349258
920553,0.056917936
920554,0.040499296
920555,0.049822442
920556,0.058824956
920557,0.04676247
920558,0.059419166
920559,0.060970273
920560,0.031752583
920561,0.09122872
920562,0.08505525
920563,0.07693317
920564,0.06807328
920565,0.08279006
920566,0.08238492
920567,0.11233779
920568,0.07343485
920569,0.07744412
920570,0.022894325
920571,0.061136533
920572,0.04550299
920573,0.06186168
920574,0.077952854
920575,0.078056596
920576,0.06371558
920577,0.06162277
920578,0.053253815
920579,0.014508727
920580,0.040170394
920581,0.041809913
920582,0.0486333
920583,0.046377204
920584,0.03421515
920585,0.03157101
920586,0.033355307
920587,0.055223152
920588,0.042540535
920589,0.0392182
920590,0.055539135
920591,0.072432116
920592,0.01582898
920593,0.025077496
920594,0.02817816
920595,0.029882671
920596,0.029922057
920597,0.028667072
920598,0.020635458
920599,0.05837029
920600,0.022439081
920601,0.109680586
920602,0.23127533
920603,0.17233598
920604,0.061454874
920605,0.0081668245
920606,0.016095774
920607,0.017302997
920608,0.026115706
920609,0.024160258
920610,0.027260523
920611,0.030675236
920612,0.04920344
920613,0.16802062
920614,0.43547955
920615,0.1276953
920616,0.14985742
920617,0.1534858
920618,0.5027223
920619,0.25169224
920620,0.2154298
920621,0.4792604
920622,0.413939
920623,0.27588224
920624,0.47062805
920625,0.394316
920626,0.14975874
920627,0.015749434
920628,0.023010649
920629,0.044488937
920630,0.019695003
920631,0.018701393
920632,0.018690852
920633,0.01893481
920634,0.020044927
920635,0.037859514
920636,0.123365454
920637,0.08530239
920638,0.015139656
920639,0.04063211
920640,0.046417225
920641,0.1057891
920642,0.089941636
920643,0.040220976
920644,0.07600623
920645,0.13550365
920646,0.04654249
920647,0.036323626
920648,0.012966865
920649,0.021951713
920650,0.02895255
920651,0.021566298
920652,0.024945345
920653,0.017743086
920654,0.02388232
920655,0.015339111
920656,0.01324132
920657,0.06387476
920658,0.1128491
920659,0.16067378
920660,0.075635016
920661,0.11177106
920662,0.21243352
920663,0.053995572
920664,0.051614296
920665,0.055496424
920666,0.055018637
920667,0.032098707
920668,0.041783627
920669,0.048120923
920670,0.13656594
920671,0.09858971
920672,0.10116302
920673,0.1474615
920674,0.061323863
920675,0.033524495
920676,0.0061798296
920677,0.024086744
920678,0.014114397
920679,0.03397152
920680,0.016114619
920681,0.01893049
920682,0.015919728
920683,0.009798614
920684,0.091670275
920685,0.10638322
920686,0.12367746
920687,0.09572012
920688,0.020069232
920689,0.103122205
920690,0.09578085
920691,0.10892373
920692,0.12182358
920693,0.33816066
920694,0.34252134
920695,0.16714574
920696,0.23517646
920697,0.33276126
920698,0.13442509
920699,0.03536544
920700,0.16728699
920701,0.24078883
920702,0.23152344
920703,0.37846586
920704,0.2483757
920705,0.4713271
920706,0.5568255
920707,0.33566904
920708,0.1712365
920709,0.23564
920710,0.20498648
920711,0.09749216
920712,0.40794915
920713,0.27197954
920714,0.3689342
920715,0.28994405
920716,0.11765973
920717,0.44098625
920718,0.1449902
920719,0.56104517
920720,0.23170984
920721,0.121910065
920722,0.1747907
920723,0.035644244
920724,0.044654835
920725,0.04947382
920726,0.15344955
920727,0.051675297
920728,0.06796695
920729,0.086559504
920730,0.043634385
920731,0.030230435
920732,0.14759012
920733,0.14312248
920734,0.3755928
920735,0.26102704
920736,0.44859818
920737,0.4384243
920738,0.21150698
920739,0.36910427
920740,0.41951144
920741,0.3868468
920742,0.40750968
920743,0.5041922
920744,0.4372924
920745,0.2553665
920746,0.008525092
920747,0.018778322
920748,0.01568709
920749,0.017708499
920750,0.01817854
920751,0.0153896585
920752,0.017306581
920753,0.104629286
920754,0.011533568
920755,0.03386671
920756,0.026145648
920757,0.03021057
920758,0.027797563
920759,0.06015526
920760,0.028492175
920761,0.03367682
920762,0.033666514
920763,0.012491593
920764,0.024864726
920765,0.021862395
920766,0.055604376
920767,0.022481263
920768,0.024069123
920769,0.041636545
920770,0.02822225
920771,0.022803528
920772,0.012290792
920773,0.023607126
920774,0.028650293
920775,0.023216035
920776,0.014655506
920777,0.019600037
920778,0.011234986
920779,0.033101205
920780,0.023430526
920781,0.026717354
920782,0.022305025
920783,0.036542043
920784,0.03371619
920785,0.09199852
920786,0.014160406
920787,0.032734837
920788,0.031833854
920789,0.0408902
920790,0.07554421
920791,0.056652285
920792,0.043409806
920793,0.03177275
920794,0.032521803
920795,0.029912418
920796,0.01861032
920797,0.07557165
920798,0.030245537
920799,0.033453684
920800,0.13117173
920801,0.03757842
920802,0.03449572
920803,0.035986673
920804,0.041667562
920805,0.12518817
920806,0.029752906
920807,0.2237374
920808,0.3288095
920809,0.1798248
920810,0.19388072
920811,0.08154168
920812,0.036077667
920813,0.019738244
920814,0.040023644
920815,0.052737515
920816,0.084840246
920817,0.05090951
920818,0.04776356
920819,0.047909077
920820,0.04171458
920821,0.042757235
920822,0.22339846
920823,0.07362361
920824,0.048053812
920825,0.023949487
920826,0.05113945
920827,0.07227391
920828,0.06565241
920829,0.15528965
920830,0.16058333
920831,0.056825645
920832,0.06779207
920833,0.05951704
920834,0.018212268
920835,0.03371824
920836,0.021515258
920837,0.027181087
920838,0.031961136
920839,0.0280539
920840,0.018910555
920841,0.05059302
920842,0.03277694
920843,0.029421495
920844,0.03834064
920845,0.034442496
920846,0.024066344
920847,0.018326366
920848,0.07124353
920849,0.04791519
920850,0.031549767
920851,0.034814805
920852,0.029095614
920853,0.046681684
920854,0.039751526
920855,0.026936667
920856,0.038063653
920857,0.08534169
920858,0.21167412
920859,0.3587808
920860,0.17005014
920861,0.15306966
920862,0.109400354
920863,0.017518288
920864,0.033255916
920865,0.037204545
920866,0.06056108
920867,0.037034895
920868,0.031974673
920869,0.0537874
920870,0.0973878
920871,0.35859975
920872,0.07317861
920873,0.16502805
920874,0.15353224
920875,0.09435453
920876,0.009663771
920877,0.04200187
920878,0.028900193
920879,0.052824542
920880,0.043249257
920881,0.06297094
920882,0.08295003
920883,0.025784241
920884,0.12547033
920885,0.1052107
920886,0.11658749
920887,0.10429949
920888,0.10914251
920889,0.13520937
920890,0.14914437
920891,0.17716914
920892,0.16783243
920893,0.14107631
920894,0.010258673
920895,0.023814656
920896,0.03755045
920897,0.04446939
920898,0.046775237
920899,0.028692191
920900,0.03319197
920901,0.028997194
920902,0.057824146
920903,0.04208169
920904,0.010667789
920905,0.034806088
920906,0.040491886
920907,0.032646716
920908,0.0425157
920909,0.064026505
920910,0.019427426
920911,0.017024104
920912,0.041777957
920913,0.026237978
920914,0.053603087
920915,0.029953409
920916,0.036626782
920917,0.026453521
920918,0.026703818
920919,0.02992927
920920,0.22898147
920921,0.40657783
920922,0.331642
920923,0.36037794
920924,0.3466396
920925,0.2616794
920926,0.24184386
920927,0.014969218
920928,0.08417606
920929,0.05109209
920930,0.067693405
920931,0.2057906
920932,0.37161538
920933,0.26482466
920934,0.42207342
920935,0.5553726
920936,0.41575703
920937,0.6744492
920938,0.5212381
920939,0.2645267
920940,0.64661556
920941,0.35911453
920942,0.6710292
920943,0.64916545
920944,0.5482853
920945,0.6538249
920946,0.46908975
920947,0.41360927
920948,0.4704768
920949,0.6284152
920950,0.4558704
920951,0.4651282
920952,0.1889707
920953,0.32790673
920954,0.40481773
920955,0.6827998
920956,0.69434357
920957,0.795294
920958,0.76877713
920959,0.8112197
920960,0.73037714
920961,0.7652684
920962,0.6709158
920963,0.71566963
920964,0.835028
920965,0.75731397
920966,0.7922451
920967,0.838174
920968,0.76015556
920969,0.79795355
920970,0.8203539
920971,0.6962927
920972,0.5945725
920973,0.69019186
920974,0.7605436
920975,0.6572097
920976,0.7347534
920977,0.7385869
920978,0.3442517
920979,0.085793085
920980,0.19101343
920981,0.14987144
920982,0.19797152
920983,0.13781555
920984,0.110214524
920985,0.2711836
920986,0.22300723
920987,0.35892004
920988,0.39359593
920989,0.17095853
920990,0.12445978
920991,0.32112697
920992,0.07399034
920993,0.30960992
920994,0.40113825
920995,0.33193046
920996,0.3690906
920997,0.43713033
920998,0.4671739
920999,0.431112
921000,0.4620395
921001,0.48479933
921002,0.22011355
921003,0.057075184
921004,0.09602309
921005,0.05530872
921006,0.09382393
921007,0.09085943
921008,0.062212087
921009,0.064408846
921010,0.040709708
921011,0.026623292
921012,0.16322073
921013,0.29869857
921014,0.3437774
921015,0.12793186
921016,0.092855096
921017,0.10412772
921018,0.11210767
921019,0.19494246
921020,0.35124126
921021,0.2343636
921022,0.17443104
921023,0.3078712
921024,0.20365812
921025,0.14578363
921026,0.08665057
921027,0.16843557
921028,0.061114024
921029,0.15174113
921030,0.11551385
921031,0.105576254
921032,0.034192607
921033,0.035605364
921034,0.11543532
921035,0.1358662
921036,0.136575
921037,0.022660539
921038,0.17395416
921039,0.116336524
921040,0.06604284
921041,0.12583154
921042,0.10447512
921043,0.09136862
921044,0.089494124
921045,0.08147946
921046,0.06191896
921047,0.06748911
921048,0.25882506
921049,0.3920663
921050,0.5736651
921051,0.5233934
921052,0.52388597
921053,0.25305185
921054,0.05668318
921055,0.20109028
921056,0.32870618
921057,0.17052656
921058,0.029799677
921059,0.04781394
921060,0.020486029
921061,0.06477845
921062,0.05997155
921063,0.0543893
921064,0.048660222
921065,0.048134085
921066,0.046268016
921067,0.05463069
921068,0.09692555
921069,0.056860793
921070,0.10225905
921071,0.028201476
921072,0.6784064
921073,0.71519065
921074,0.63741463
921075,0.7318213
921076,0.76598984
921077,0.62368864
921078,0.64418054
921079,0.5735805
921080,0.50566083
921081,0.637608
921082,0.6031982
921083,0.58798087
921084,0.60668474
921085,0.55965704
921086,0.45561022
921087,0.2589566
921088,0.33784702
921089,0.05843493
921090,0.06936463
921091,0.09542007
921092,0.08882038
921093,0.15371454
921094,0.139168
921095,0.14570963
921096,0.013345732
921097,0.037882548
921098,0.022738675
921099,0.031335242
921100,0.044624705
921101,0.045427077
921102,0.026354
921103,0.03602356
921104,0.031274255
921105,0.011485059
921106,0.050789956
921107,0.0894931
921108,0.07639971
921109,0.05907326
921110,0.08854562
921111,0.051750336
921112,0.07413787
921113,0.057181273
921114,0.058786105
921115,0.04781644
921116,0.39218482
921117,0.6734936
921118,0.79040056
921119,0.7854837
921120,0.72493184
921121,0.6878113
921122,0.71519876
921123,0.6126563
921124,0.51810974
921125,0.76751125
921126,0.5889756
921127,0.42326054
921128,0.67802817
921129,0.6740589
921130,0.39762965
921131,0.009070072
921132,0.016064247
921133,0.021923002
921134,0.019056033
921135,0.019578943
921136,0.017124487
921137,0.020417983
921138,0.043875232
921139,0.11846681
921140,0.0486123
921141,0.2632538
921142,0.020925231
921143,0.028088577
921144,0.021259557
921145,0.07468066
921146,0.009547086
921147,0.10753411
921148,0.013966621
921149,0.015214735
921150,0.0129916845
921151,0.116575554
921152,0.023244988
921153,0.013859744
921154,0.6642648
921155,0.2787874
921156,0.1998257
921157,0.21994206
921158,0.6623657
921159,0.20565341
921160,0.249917
921161,0.6977073
921162,0.07392732
921163,0.3723907
921164,0.13827033
921165,0.10853809
921166,0.005079343
921167,0.9663232
921168,0.01910284
921169,0.035555385
921170,0.02368914
921171,0.02217459
921172,0.032431573
921173,0.08595725
921174,0.39135128
921175,0.35940865
921176,0.16585319
921177,0.41209677
921178,0.21593486
921179,0.061142214
921180,0.05177792
921181,0.41719705
921182,0.6198589
921183,0.83216757
921184,0.78923416
921185,0.48355836
921186,0.82891816
921187,0.81037
921188,0.8627671
921189,0.7862673
921190,0.84461737
921191,0.26486513
921192,0.8228192
921193,0.804353
921194,0.8016637
921195,0.7391622
921196,0.8130664
921197,0.70779526
921198,0.4855937
921199,0.6257971
921200,0.32566997
921201,0.04817069
921202,0.08141574
921203,0.07188861
921204,0.06989071
921205,0.013370576
921206,0.23428632
921207,0.2943894
921208,0.40651438
921209,0.09252166
921210,0.029580545
921211,0.46382952
921212,0.32499695
921213,0.36349896
921214,0.54497826
921215,0.3215096
921216,0.29679555
921217,0.50554264
921218,0.42277718
921219,0.38979423
921220,0.5991567
921221,0.48126927
921222,0.4723093
921223,0.5590892
921224,0.48301932
921225,0.37771544
921226,0.54375553
921227,0.44937307
921228,0.35893685
921229,0.5261793
921230,0.5253694
921231,0.35640585
921232,0.020137057
921233,0.03624355
921234,0.021524962
921235,0.020198945
921236,0.019689916
921237,0.022097621
921238,0.02186931
921239,0.019916339
921240,0.03995961
921241,0.4436533
921242,0.6200761
921243,0.7279679
921244,0.5919705
921245,0.5648035
921246,0.55717653
921247,0.72395635
921248,0.6262424
921249,0.57059526
921250,0.7486616
921251,0.60830075
921252,0.6032476
921253,0.59541595
921254,0.575568
921255,0.58116704
921256,0.48770523
921257,0.47177994
921258,0.089613274
921259,0.060742885
921260,0.060625654
921261,0.04713902
921262,0.053326104
921263,0.061752558
921264,0.045785263
921265,0.007052794
921266,0.013254659
921267,0.010909267
921268,0.010545124
921269,0.0073827608
921270,0.007543424
921271,0.011265994
921272,0.075513095
921273,0.6080822
921274,0.7436271
921275,0.6806517
921276,0.7085033
921277,0.6961334
921278,0.70800436
921279,0.7167082
921280,0.7414336
921281,0.68097275
921282,0.7936179
921283,0.6421548
921284,0.73113245
921285,0.7083662
921286,0.7615019
921287,0.69322515
921288,0.74115324
921289,0.69670695
921290,0.7546754
921291,0.7177498
921292,0.6896605
921293,0.6024895
921294,0.55592924
921295,0.017194219
921296,0.03065228
921297,0.03266145
921298,0.033990607
921299,0.034470312
921300,0.02715896
921301,0.0060044043
921302,0.010708079
921303,0.014641348
921304,0.024106095
921305,0.023881054
921306,0.019210184
921307,0.026440661
921308,0.022357462
921309,0.02638068
921310,0.04409561
921311,0.3043908
921312,0.22176053
921313,0.03561859
921314,0.006875027
921315,0.026161194
921316,0.31630874
921317,0.036858637
921318,0.33247945
921319,0.03208421
921320,0.13749777
921321,0.15478174
921322,0.09343553
921323,0.13286655
921324,0.10831206
921325,0.13961889
921326,0.18669188
921327,0.25206196
921328,0.26003987
921329,0.48198673
921330,0.29288095
921331,0.45383668
921332,0.39483353
921333,0.23127924
921334,0.38084772
921335,0.21893676
921336,0.24566774
921337,0.13440113
921338,0.20321591
921339,0.17539531
921340,0.10179624
921341,0.061241042
921342,0.53019744
921343,0.57453895
921344,0.7418351
921345,0.7448607
921346,0.7618246
921347,0.77445495
921348,0.8055397
921349,0.79662216
921350,0.833275
921351,0.75381976
921352,0.8185674
921353,0.7578042
921354,0.7369068
921355,0.5798332
921356,0.5874456
921357,0.64278764
921358,0.62628764
921359,0.68903047
921360,0.62326115
921361,0.666997
921362,0.6282233
921363,0.6338427
921364,0.7130882
921365,0.5896104
921366,0.5109594
921367,0.6553688
921368,0.23002265
921369,0.1528666
921370,0.26661634
921371,0.0895539
921372,0.12975414
921373,0.09881978
921374,0.38191345
921375,0.028879438
921376,0.08739048
921377,0.18424919
921378,0.08302286
921379,0.05051834
921380,0.033781964
921381,0.045036342
921382,0.037520498
921383,0.03411587
921384,0.016455475
921385,0.08365891
921386,0.1648429
921387,0.51091313
921388,0.38402322
921389,0.36845613
921390,0.39956522
921391,0.28533748
921392,0.29441994
921393,0.63372725
921394,0.3391732
921395,0.26397562
921396,0.014687036
921397,0.3274591
921398,0.24431735
921399,0.5090024
921400,0.11963055
921401,0.0921481
921402,0.07019836
921403,0.13089184
921404,0.16639142
921405,0.3493169
921406,0.30445507
921407,0.2507431
921408,0.016678274
921409,0.04610859
921410,0.027025523
921411,0.04054836
921412,0.062210064
921413,0.03643168
921414,0.039604753
921415,0.025066653
921416,0.026147699
921417,0.29041708
921418,0.37797275
921419,0.46323147
921420,0.671912
921421,0.48384526
921422,0.50483894
921423,0.78706336
921424,0.6181835
921425,0.49596363
921426,0.5487145
921427,0.6186731
921428,0.5073888
921429,0.63949126
921430,0.020935839
921431,0.027401011
921432,0.019185076
921433,0.038845487
921434,0.016318781
921435,0.08534039
921436,0.42321548
921437,0.56246954
921438,0.83942246
921439,0.75449187
921440,0.7111097
921441,0.845852
921442,0.65703964
921443,0.887814
921444,0.75864065
921445,0.8063624
921446,0.8174696
921447,0.81261724
921448,0.8394327
921449,0.8411158
921450,0.8587709
921451,0.90697175
921452,0.7807717
921453,0.79337114
921454,0.89333856
921455,0.90207106
921456,0.79862076
921457,0.92095745
921458,0.75183713
921459,0.91978675
921460,0.8455618
921461,0.7249658
921462,0.8114833
921463,0.9230187
921464,0.80888253
921465,0.71697026
921466,0.79394853
921467,0.7680612
921468,0.7995624
921469,0.7158015
921470,0.8690168
921471,0.6656178
921472,0.81458217
921473,0.8721535
921474,0.8610442
921475,0.8501426
921476,0.79277384
921477,0.9111921
921478,0.9208252
921479,0.8520505
921480,0.79008275
921481,0.90710044
921482,0.9155407
921483,0.7649529
921484,0.7420148
921485,0.6993934
921486,0.8167961
921487,0.78889704
921488,0.8565054
921489,0.6731965
921490,0.7743452
921491,0.7013892
921492,0.60853994
921493,0.6851594
921494,0.6926673
921495,0.35646075
921496,0.14479597
921497,0.24648002
921498,0.1905556
921499,0.23014882
921500,0.01937033
921501,0.109672405
921502,0.086676486
921503,0.07146333
921504,0.11729182
921505,0.11514679
921506,0.19635378
921507,0.06532047
921508,0.091539286
921509,0.097896285
921510,0.092800185
921511,0.10058333
921512,0.10028779
921513,0.17900856
921514,0.25036243
921515,0.3162225
921516,0.4002183
921517,0.2869323
921518,0.17895621
921519,0.2694394
921520,0.2637845
921521,0.28977597
921522,0.20407136
921523,0.033743434
921524,0.19770582
921525,0.20986362
921526,0.4103403
921527,0.23468073
921528,0.30835697
921529,0.19506407
921530,0.15733665
921531,0.19273353
921532,0.21379793
921533,0.1886948
921534,0.21263355
921535,0.12740664
921536,0.030073952
921537,0.11562206
921538,0.12570421
921539,0.11391495
921540,0.35415903
921541,0.35261044
921542,0.7116053
921543,0.74546975
921544,0.59755385
921545,0.6568989
921546,0.6796438
921547,0.68620837
921548,0.6749826
921549,0.57070696
921550,0.77205205
921551,0.60586536
921552,0.393929
921553,0.6310168
921554,0.29735383
921555,0.061245892
921556,0.27191845
921557,0.13838497
921558,0.15826407
921559,0.16568644
921560,0.15135182
921561,0.10791035
921562,0.32790434
921563,0.28074288
921564,0.12107544
921565,0.03635114
921566,0.047090393
921567,0.05405652
921568,0.04476638
921569,0.14537072
921570,0.11892144
921571,0.058807325
921572,0.08736662
921573,0.06660314
921574,0.10329329
921575,0.052513894
921576,0.15020671
921577,0.027985293
921578,0.2011781
921579,0.21948093
921580,0.20606408
921581,0.4156387
921582,0.16370882
921583,0.23373117
921584,0.06445229
921585,0.11686793
921586,0.09872098
921587,0.0155574
921588,0.04118787
921589,0.043291263
921590,0.033199705
921591,0.038023014
921592,0.036033187
921593,0.031272456
921594,0.01968518
921595,0.038051285
921596,0.023933904
921597,0.01970648
921598,0.031710695
921599,0.6068053
921600,0.20538002
921601,0.42337668
921602,0.4420283
921603,0.3293302
921604,0.30729657
921605,0.29424217
921606,0.30682257
921607,0.58099276
921608,0.48476705
921609,0.6589476
921610,0.2723494
921611,0.016190123
921612,0.05657394
921613,0.04435226
921614,0.1579078
921615,0.08312843
921616,0.059545554
921617,0.055185422
921618,0.06806977
921619,0.04706391
921620,0.02851869
921621,0.04096411
921622,0.4406
921623,0.60662013
921624,0.47876143
921625,0.61312276
921626,0.7061423
921627,0.81810075
921628,0.63136154
921629,0.80786324
921630,0.75693256
921631,0.7896044
921632,0.7838658
921633,0.76971555
921634,0.6752442
921635,0.60956925
921636,0.69388205
921637,0.72210914
921638,0.75020725
921639,0.73944265
921640,0.698407
921641,0.60441035
921642,0.7596436
921643,0.8373246
921644,0.70591515
921645,0.7537616
921646,0.6877961
921647,0.7013321
921648,0.81282693
921649,0.8592684
921650,0.7831339
921651,0.8062829
921652,0.8247025
921653,0.78198355
921654,0.7655016
921655,0.7855363
921656,0.68898326
921657,0.016396288
921658,0.027854327
921659,0.018873015
921660,0.022852952
921661,0.016510027
921662,0.022053419
921663,0.03254493
921664,0.057615034
921665,0.021464124
921666,0.19744968
921667,0.5974808
921668,0.7949737
921669,0.7396214
921670,0.65122694
921671,0.8028952
921672,0.67818576
921673,0.6890587
921674,0.6544695
921675,0.70395434
921676,0.5699035
921677,0.6126979
921678,0.7116785
921679,0.7615078
921680,0.6024375
921681,0.77023524
921682,0.5388547
921683,0.5147394
921684,0.6021798
921685,0.75038165
921686,0.6753164
921687,0.41186097
921688,0.07590861
921689,0.013083622
921690,0.14411889
921691,0.3114865
921692,0.2495291
921693,0.20126884
921694,0.26716706
921695,0.23447564
921696,0.13710657
921697,0.2304509
921698,0.07826754
921699,0.07718638
921700,0.12354525
921701,0.06839304
921702,0.52470475
921703,0.5200272
921704,0.3382692
921705,0.48228717
921706,0.5870196
921707,0.5848016
921708,0.501215
921709,0.39848158
921710,0.40611872
921711,0.4742485
921712,0.267093
921713,0.22442721
921714,0.26196063
921715,0.2236726
921716,0.3513177
921717,0.104595564
921718,0.01597137
921719,0.0684154
921720,0.035253577
921721,0.15857433
921722,0.2998307
921723,0.13419244
921724,0.111284964
921725,0.06060172
921726,0.06402771
921727,0.03574492
921728,0.07575811
921729,0.03028314
921730,0.02490656
921731,0.2863268
921732,0.1353602
921733,0.06726728
921734,0.22851719
921735,0.12826884
921736,0.104810044
921737,0.38641727
921738,0.10858302
921739,0.15230568
921740,0.14295
921741,0.108653
921742,0.11655678
921743,0.07979479
921744,0.07757755
921745,0.09741773
921746,0.069730565
921747,0.071713
921748,0.11231868
921749,0.13631201
921750,0.012479212
921751,0.02187643
921752,0.023417877
921753,0.025088156
921754,0.025454719
921755,0.023283517
921756,0.15052864
921757,0.012343254
921758,0.028127804
921759,0.057681352
921760,0.048368864
921761,0.033124298
921762,0.027368015
921763,0.10752887
921764,0.28003538
921765,0.056759745
921766,0.052585617
921767,0.06322065
921768,0.21494757
921769,0.014192373
921770,0.05176007
921771,0.07883343
921772,0.032768544
921773,0.02490083
921774,0.020951562
921775,0.055269085
921776,0.058417376
921777,0.050114043
921778,0.050139006
921779,0.03929057
921780,0.04917127
921781,0.03804146
921782,0.14834595
921783,0.012313887
921784,0.024784861
921785,0.029951256
921786,0.023610212
921787,0.026037348
921788,0.01765685
921789,0.21353012
921790,0.121955834
921791,0.18963271
921792,0.20001267
921793,0.017144058
921794,0.049338263
921795,0.031773355
921796,0.021306906
921797,0.022745574
921798,0.01740985
921799,0.022689477
921800,0.038174253
921801,0.066723265
921802,0.09546768
921803,0.19400135
921804,0.06371977
921805,0.09613859
921806,0.01135456
921807,0.017796885
921808,0.017439421
921809,0.037500408
921810,0.021291276
921811,0.017242147
921812,0.021880588
921813,0.022867497
921814,0.14350896
921815,0.008143721
921816,0.030746603
921817,0.030147774
921818,0.04133802
921819,0.02676307
921820,0.021194188
921821,0.028607516
921822,0.030480549
921823,0.29463854
921824,0.663903
921825,0.64214575
921826,0.7306973
921827,0.78474396
921828,0.69395196
921829,0.69924957
921830,0.7564913
921831,0.56065726
921832,0.65772176
921833,0.7381082
921834,0.55963033
921835,0.5535132
921836,0.24330166
921837,0.13633582
921838,0.19952713
921839,0.05399012
921840,0.010171366
921841,0.11256934
921842,0.14382291
921843,0.15342075
921844,0.17212224
921845,0.32686394
921846,0.1395667
921847,0.1746131
921848,0.32037535
921849,0.10440255
921850,0.30392998
921851,0.13314778
921852,0.06668941
921853,0.0116036935
921854,0.027420364
921855,0.030153777
921856,0.030484874
921857,0.029780587
921858,0.031054718
921859,0.035551928
921860,0.06513851
921861,0.06764041
921862,0.31859943
921863,0.149505
921864,0.088184625
921865,0.09526346
921866,0.15461805
921867,0.11885481
921868,0.14684854
921869,0.008743694
921870,0.017717518
921871,0.021824077
921872,0.018775867
921873,0.023521194
921874,0.019673048
921875,0.017383099
921876,0.012696441
921877,0.06406699
921878,0.07400542
921879,0.033143003
921880,0.03660616
921881,0.03362847
921882,0.04224754
921883,0.0642893
921884,0.053087655
921885,0.008145535
921886,0.020344429
921887,0.023409303
921888,0.023119587
921889,0.02286259
921890,0.020672109
921891,0.018924937
921892,0.13112062
921893,0.012156826
921894,0.020826543
921895,0.03034275
921896,0.022929953
921897,0.0370374
921898,0.0467441
921899,0.032708254
921900,0.007280784
921901,0.018525451
921902,0.020335834
921903,0.020062927
921904,0.028866483
921905,0.02103639
921906,0.14036337
921907,0.17854908
921908,0.10386322
921909,0.32295668
921910,0.10199339
921911,0.018694522
921912,0.115783535
921913,0.069520704
921914,0.10231384
921915,0.01798115
921916,0.34295326
921917,0.37150362
921918,0.3087233
921919,0.4439964
921920,0.43387675
921921,0.285924
921922,0.28931975
921923,0.28530347
921924,0.28888935
921925,0.28227413
921926,0.17640096
921927,0.112932935
921928,0.28590247
921929,0.3795832
921930,0.6657255
921931,0.5219834
921932,0.6528437
921933,0.69791645
921934,0.7592579
921935,0.71596223
921936,0.71450937
921937,0.7685102
921938,0.77560824
921939,0.7302593
921940,0.753101
921941,0.8271686
921942,0.78987646
921943,0.7873432
921944,0.7527063
921945,0.72526264
921946,0.75311375
921947,0.69728667
921948,0.756511
921949,0.68444294
921950,0.74749106
921951,0.737623
921952,0.5200315
921953,0.5958832
921954,0.7292382
921955,0.43138742
921956,0.015033653
921957,0.052540533
921958,0.055923592
921959,0.05371416
921960,0.106386304
921961,0.19531296
921962,0.40689367
921963,0.43914244
921964,0.36753485
921965,0.1780566
921966,0.34683454
921967,0.45902297
921968,0.3440371
921969,0.4388097
921970,0.30153513
921971,0.32006612
921972,0.15147728
921973,0.28049874
921974,0.047214426
921975,0.16570523
921976,0.17733239
921977,0.17111589
921978,0.18676545
921979,0.12635978
921980,0.0439197
921981,0.33389053
921982,0.35846335
921983,0.4293748
921984,0.43283343
921985,0.3460637
921986,0.4044556
921987,0.40397495
921988,0.44415274
921989,0.41705137
921990,0.33306175
921991,0.11705423
921992,0.10099169
921993,0.19531041
921994,0.26422498
921995,0.24304667
921996,0.110938855
921997,0.026408704
921998,0.05844008
921999,0.03941952
922000,0.053169083
922001,0.09954351
922002,0.0455368
922003,0.044950914
922004,0.038909342
922005,0.3105486
922006,0.26114213
922007,0.2630333
922008,0.26269856
922009,0.26064104
922010,0.16102229
922011,0.4094434
922012,0.56832296
922013,0.7257781
922014,0.35967493
922015,0.610503
922016,0.7437306
922017,0.43720433
922018,0.5426036
922019,0.3063691
922020,0.035967324
922021,0.13471478
922022,0.20315374
922023,0.98407894
922024,0.45977795
922025,0.2185972
922026,0.25128904
922027,0.12515272
922028,0.18976317
922029,0.43335146
922030,0.105604604
922031,0.19147934
922032,0.060142677
922033,0.0142328115
922034,0.036752656
922035,0.08213914
922036,0.07277308
922037,0.040208295
922038,0.04318093
922039,0.031650014
922040,0.15134986
922041,0.060839523
922042,0.1175792
922043,0.18764819
922044,0.01568748
922045,0.059844997
922046,0.05062756
922047,0.051932488
922048,0.045217704
922049,0.051891804
922050,0.029034682
922051,0.08707156
922052,0.08117159
922053,0.14591442
922054,0.11288433
922055,0.12532216
922056,0.20557089
922057,0.1555172
922058,0.04786406
922059,0.09878226
922060,0.10201877
922061,0.1327063
922062,0.10214688
922063,0.1923974
922064,0.39204407
922065,0.34780258
922066,0.34219086
922067,0.36984557
922068,0.3653164
922069,0.3987988
922070,0.39752313
922071,0.4386925
922072,0.46852383
922073,0.3724678
922074,0.41571066
922075,0.23929891
922076,0.38796335
922077,0.04408798
922078,0.094566345
922079,0.21947964
922080,0.0714315
922081,0.056517467
922082,0.017815474
922083,0.038694058
922084,0.029256329
922085,0.024453307
922086,0.034380827
922087,0.026334396
922088,0.5048803
922089,0.42644906
922090,0.3962637
922091,0.5882183
922092,0.51359934
922093,0.6568647
922094,0.51887304
922095,0.5704324
922096,0.6563732
922097,0.69414115
922098,0.40705386
922099,0.5597216
922100,0.6327265
922101,0.6117183
922102,0.67229974
922103,0.50560385
922104,0.588005
922105,0.57470703
922106,0.4761787
922107,0.50858605
922108,0.48728606
922109,0.02725951
922110,0.053074248
922111,0.090707004
922112,0.22945192
922113,0.38834822
922114,0.13005371
922115,0.10334149
922116,0.10667959
922117,0.14217055
922118,0.10716037
922119,0.11763539
922120,0.13322075
922121,0.44174042
922122,0.021039914
922123,0.033255205
922124,0.048893664
922125,0.025429193
922126,0.031901896
922127,0.3659351
922128,0.51687604
922129,0.7353247
922130,0.63335556
922131,0.682838
922132,0.73099905
922133,0.6687528
922134,0.7279481
922135,0.7002551
922136,0.8079868
922137,0.80954945
922138,0.7919217
922139,0.6930596
922140,0.62214714
922141,0.62742114
922142,0.6789741
922143,0.6979808
922144,0.74914676
922145,0.6202593
922146,0.6107
922147,0.63263696
922148,0.71872175
922149,0.6554597
922150,0.7868452
922151,0.7005811
922152,0.40712094
922153,0.027435958
922154,0.2575537
922155,0.41093192
922156,0.49414027
922157,0.5002163
922158,0.50105965
922159,0.28581712
922160,0.22863759
922161,0.30406383
922162,0.40548453
922163,0.46159923
922164,0.3721411
922165,0.16267239
922166,0.47024134
922167,0.36602584
922168,0.36354208
922169,0.43121418
922170,0.25322354
922171,0.62901765
922172,0.616378
922173,0.7035287
922174,0.8092789
922175,0.8051145
922176,0.7482002
922177,0.67407835
922178,0.66799307
922179,0.8001546
922180,0.7933407
922181,0.81723154
922182,0.768901
922183,0.6854196
922184,0.8131111
922185,0.77130693
922186,0.771874
922187,0.80610734
922188,0.8057064
922189,0.75993806
922190,0.786247
922191,0.68115836
922192,0.77840513
922193,0.8338475
922194,0.83253455
922195,0.77568024
922196,0.7605537
922197,0.46289632
922198,0.050844926
922199,0.06412872
922200,0.09408668
922201,0.19070892
922202,0.53430766
922203,0.22350982
922204,0.3350626
922205,0.4761825
922206,0.348547
922207,0.46251768
922208,0.23165773
922209,0.3292317
922210,0.45843732
922211,0.20493856
922212,0.18697342
922213,0.4378101
922214,0.17104565
922215,0.038299304
922216,0.043521322
922217,0.042358216
922218,0.25105423
922219,0.54607654
922220,0.30469534
922221,0.58583534
922222,0.4499619
922223,0.22163296
922224,0.21148695
922225,0.44765908
922226,0.46770912
922227,0.15651816
922228,0.15546492
922229,0.35549822
922230,0.21405163
922231,0.119647056
922232,0.07603167
922233,0.035608932
922234,0.13283178
922235,0.12911916
922236,0.11600111
922237,0.44357887
922238,0.28525013
922239,0.06532036
922240,0.1298705
922241,0.084102266
922242,0.017856088
922243,0.12346151
922244,0.09110273
922245,0.11646606
922246,0.14967164
922247,0.18685685
922248,0.099585615
922249,0.13421698
922250,0.11466687
922251,0.12330934
922252,0.05283838
922253,0.016644664
922254,0.03183878
922255,0.05226782
922256,0.068154
922257,0.550297
922258,0.56869274
922259,0.58475584
922260,0.5781797
922261,0.57374513
922262,0.57559896
922263,0.57559896
922264,0.50421494
922265,0.30097005
922266,0.35978934
922267,0.13599652
922268,0.2981349
922269,0.32308298
922270,0.286469
922271,0.21138135
922272,0.2131495
922273,0.6679944
922274,0.37275347
922275,0.70951384
922276,0.38583198
922277,0.36514565
922278,0.52888566
922279,0.07176792
922280,0.19818863
922281,0.502496
922282,0.5892047
922283,0.3441715
922284,0.607949
922285,0.7725859
922286,0.59815824
922287,0.6901247
922288,0.2026078
922289,0.29467446
922290,0.21749306
922291,0.57192665
922292,0.3244996
922293,0.54822946
922294,0.639061
922295,0.518303
922296,0.6927055
922297,0.41735995
922298,0.23267214
922299,0.09144264
922300,0.3649651
922301,0.14296769
922302,0.22925933
922303,0.33627173
922304,0.22865556
922305,0.37639067
922306,0.10346587
922307,0.06769682
922308,0.43452764
922309,0.53908116
922310,0.49242952
922311,0.45759007
922312,0.4940259
922313,0.3520066
922314,0.45709273
922315,0.45664307
922316,0.47512394
922317,0.5058171
922318,0.51759505
922319,0.2989765
922320,0.30037344
922321,0.26330402
922322,0.32509542
922323,0.34776017
922324,0.4085703
922325,0.42747748
922326,0.46324217
922327,0.5172233
922328,0.540823
922329,0.5169274
922330,0.5314742
922331,0.5548806
922332,0.52033824
922333,0.7529952
922334,0.34090212
922335,0.026528463
922336,0.030491568
922337,0.0309798
922338,0.027595319
922339,0.04612555
922340,0.11746996
922341,0.06897034
922342,0.1184274
922343,0.08542731
922344,0.07062637
922345,0.3708236
922346,0.52653205
922347,0.21046571
922348,0.18351458
922349,0.29957315
922350,0.20848356
922351,0.41916564
922352,0.17375913
922353,0.18143962
922354,0.16820261
922355,0.04929753
922356,0.04867622
922357,0.050774608
922358,0.04386039
922359,0.040239304
922360,0.01729913
922361,0.014116533
922362,0.030421047
922363,0.5342989
922364,0.1056473
922365,0.53677356
922366,0.7948998
922367,0.7554804
922368,0.8207746
922369,0.8943646
922370,0.82081276
922371,0.73809946
922372,0.87230206
922373,0.87966067
922374,0.8903467
922375,0.8531473
922376,0.89021397
922377,0.7921416
922378,0.82454884
922379,0.8240393
922380,0.87491745
922381,0.8520685
922382,0.858108
922383,0.8862763
922384,0.8108897
922385,0.87620795
922386,0.7963644
922387,0.8255276
922388,0.800338
922389,0.822838
922390,0.7680069
922391,0.8454123
922392,0.79741323
922393,0.7668526
922394,0.8174323
922395,0.78141487
922396,0.82273495
922397,0.80522424
922398,0.84190756
922399,0.5349287
922400,0.015122353
922401,0.04200732
922402,0.04233246
922403,0.038657982
922404,0.99299884
922405,0.11247085
922406,0.5508556
922407,0.4845318
922408,0.39161906
922409,0.57162285
922410,0.49717835
922411,0.54823095
922412,0.42808858
922413,0.51565385
922414,0.57365733
922415,0.5595796
922416,0.53481793
922417,0.5707186
922418,0.38188577
922419,0.54441065
922420,0.47252974
922421,0.36422434
922422,0.18239667
922423,0.035532843
922424,0.40877503
922425,0.41338152
922426,0.68074024
922427,0.71979505
922428,0.519398
922429,0.52955115
922430,0.50423336
922431,0.5055008
922432,0.55697536
922433,0.7607343
922434,0.59351677
922435,0.7488075
922436,0.56497246
922437,0.6535688
922438,0.7012882
922439,0.6178903
922440,0.575089
922441,0.69736445
922442,0.54538983
922443,0.6224688
922444,0.64588916
922445,0.62420774
922446,0.6561288
922447,0.32905257
922448,0.03656489
922449,0.07077415
922450,0.09836052
922451,0.042104967
922452,0.088438444
922453,0.07210514
922454,0.050379086
922455,0.052998953
922456,0.11709663
922457,0.043689646
922458,0.2221443
922459,0.0077750753
922460,0.035718437
922461,0.018676715
922462,0.031915117
922463,0.02896126
922464,0.03977984
922465,0.04526893
922466,0.33194783
922467,0.24026439
922468,0.3709425
922469,0.33272493
922470,0.27177155
922471,0.25976318
922472,0.250974
922473,0.015468438
922474,0.051755823
922475,0.055942338
922476,0.07967335
922477,0.077657826
922478,0.07994779
922479,0.08021136
922480,0.0634496
922481,0.11812476
922482,0.07488898
922483,0.09783684
922484,0.35087228
922485,0.108813696
922486,0.3751127
922487,0.102419175
922488,0.029761896
922489,0.33604032
922490,0.44424677
922491,0.70985043
922492,0.67675126
922493,0.73337364
922494,0.8106268
922495,0.60859454
922496,0.7053621
922497,0.6274422
922498,0.7188637
922499,0.70294803
922500,0.68567955
922501,0.51215214
922502,0.40576226
922503,0.19169648
922504,0.024901073
922505,0.11137922
922506,0.18929963
922507,0.043296892
922508,0.10673975
922509,0.07180283
922510,0.15151276
922511,0.17007108
922512,0.23489064
922513,0.010383825
922514,0.089591995
922515,0.033762693
922516,0.05335093
922517,0.19266973
922518,0.06512946
922519,0.02858499
922520,0.22526084
922521,0.24918714
922522,0.044680156
922523,0.20672132
922524,0.059240565
922525,0.19204052
922526,0.07350373
922527,0.075982295
922528,0.032751147
922529,0.27669576
922530,0.38971704
922531,0.71920735
922532,0.8419571
922533,0.7685771
922534,0.32876554
922535,0.59643614
922536,0.47896913
922537,0.40009895
922538,0.39790705
922539,0.6047507
922540,0.80625486
922541,0.8081283
922542,0.7894413
922543,0.50753504
922544,0.8303787
922545,0.5644492
922546,0.42073548
922547,0.25052726
922548,0.017839788
922549,0.0710374
922550,0.11189573
922551,0.32115808
922552,0.17916574
922553,0.12965947
922554,0.1457821
922555,0.12620357
922556,0.04650752
922557,0.32552668
922558,0.06685213
922559,0.27777517
922560,0.06293266
922561,0.062467445
922562,0.062493123
922563,0.08028545
922564,0.07331739
922565,0.05431447
922566,0.99592197
922567,0.06313584
922568,0.12144404
922569,0.15255101
922570,0.016005985
922571,0.051591333
922572,0.02713222
922573,0.031330716
922574,0.031386968
922575,0.03073771
922576,0.02679156
922577,0.0073824953
922578,0.0313086
922579,0.025310565
922580,0.021283846
922581,0.020312779
922582,0.037692714
922583,0.09637356
922584,0.37373194
922585,0.13983062
922586,0.270378
922587,0.10779718
922588,0.6967897
922589,0.7327363
922590,0.7759918
922591,0.7966695
922592,0.7082365
922593,0.8736681
922594,0.83655506
922595,0.8593792
922596,0.8923846
922597,0.87566173
922598,0.84895813
922599,0.8470262
922600,0.85929877
922601,0.8502214
922602,0.8242317
922603,0.8348605
922604,0.83502185
922605,0.85265064
922606,0.8423148
922607,0.83263105
922608,0.86872107
922609,0.7670893
922610,0.82522666
922611,0.82123905
922612,0.82599133
922613,0.8681142
922614,0.85113496
922615,0.76591605
922616,0.70233303
922617,0.56605804
922618,0.6536329
922619,0.8315373
922620,0.4432831
922621,0.016035609
922622,0.03629773
922623,0.030589508
922624,0.026659708
922625,0.03503262
922626,0.034736063
922627,0.3360693
922628,0.37091535
922629,0.26558125
922630,0.41488656
922631,0.45106736
922632,0.17727552
922633,0.30093843
922634,0.10547336
922635,0.40698054
922636,0.20604618
922637,0.22241195
922638,0.023631185
922639,0.046571374
922640,0.04456313
922641,0.043206748
922642,0.060135253
922643,0.049445402
922644,0.043659106
922645,0.052195236
922646,0.032406475
922647,0.08869248
922648,0.6167111
922649,0.78756666
922650,0.7923763
922651,0.8707916
922652,0.7881802
922653,0.80736136
922654,0.7986257
922655,0.93378425
922656,0.88427097
922657,0.85658395
922658,0.7918369
922659,0.8791176
922660,0.79345465
922661,0.8261601
922662,0.82605803
922663,0.8895869
922664,0.8767326
922665,0.87801933
922666,0.7565146
922667,0.8140229
922668,0.7401058
922669,0.7442397
922670,0.81236166
922671,0.8176372
922672,0.8210763
922673,0.7220322
922674,0.6984621
922675,0.7057598
922676,0.8501893
922677,0.72336966
922678,0.7812783
922679,0.72194624
922680,0.46513823
922681,0.32420692
922682,0.022504138
922683,0.065054424
922684,0.11607452
922685,0.07320253
922686,0.13756885
922687,0.12532888
922688,0.060531937
922689,0.11282006
922690,0.2754513
922691,0.38460016
922692,0.19962387
922693,0.05975115
922694,0.10593887
922695,0.07877069
922696,0.02339292
922697,0.20759238
922698,0.21004644
922699,0.10831039
922700,0.060644884
922701,0.41406277
922702,0.37480137
922703,0.051532492
922704,0.015947018
922705,0.06603185
922706,0.057993155
922707,0.10781502
922708,0.036038686
922709,0.051485963
922710,0.07841062
922711,0.13224055
922712,0.01701993
922713,0.062569745
922714,0.0532777
922715,0.04478288
922716,0.018805914
922717,0.37884662
922718,0.5862541
922719,0.65996104
922720,0.6027213
922721,0.428232
922722,0.6082536
922723,0.5806141
922724,0.49097902
922725,0.040782873
922726,0.07463637
922727,0.023687055
922728,0.07079713
922729,0.11867617
922730,0.2011155
922731,0.14160083
922732,0.13646309
922733,0.14150406
922734,0.017064495
922735,0.01664493
922736,0.035112385
922737,0.022810055
922738,0.0313595
922739,0.018086294
922740,0.019689552
922741,0.020096408
922742,0.015156116
922743,0.08580981
922744,0.024377832
922745,0.026325287
922746,0.0138465725
922747,0.023475738
922748,0.022071984
922749,0.015179109
922750,0.017896926
922751,0.039253805
922752,0.043626226
922753,0.07009585
922754,0.022851776
922755,0.029817706
922756,0.037830833
922757,0.024241056
922758,0.02026693
922759,0.02708057
922760,0.011700148
922761,0.028581703
922762,0.015252925
922763,0.059924874
922764,0.021606188
922765,0.014090827
922766,0.28513828
922767,0.15670812
922768,0.21718848
922769,0.2898494
922770,0.16280763
922771,0.018851515
922772,0.05926439
922773,0.031474236
922774,0.046101283
922775,0.030790593
922776,0.030387094
922777,0.044448934
922778,0.032010272
922779,0.26058528
922780,0.008853223
922781,0.022156235
922782,0.020269731
922783,0.018513698
922784,0.043552395
922785,0.02388576
922786,0.09094027
922787,0.1656252
922788,0.019688578
922789,0.027650205
922790,0.019173594
922791,0.021121066
922792,0.020291727
922793,0.044029776
922794,0.015213419
922795,0.07904671
922796,0.18168516
922797,0.11910602
922798,0.06989854
922799,0.07311972
922800,0.07346829
922801,0.067268424
922802,0.008496463
922803,0.077964544
922804,0.031586938
922805,0.031282846
922806,0.0590976
922807,0.065153494
922808,0.09308749
922809,0.029447285
922810,0.27798125
922811,0.10134873
922812,0.104662575
922813,0.071862414
922814,0.008906866
922815,0.029817091
922816,0.024407808
922817,0.023472225
922818,0.031822447
922819,0.04744951
922820,0.02813804
922821,0.03745579
922822,0.04380312
922823,0.008064306
922824,0.023072168
922825,0.023167009
922826,0.023791727
922827,0.024323681
922828,0.027551733
922829,0.01044694
922830,0.03432315
922831,0.02877659
922832,0.024910625
922833,0.03745489
922834,0.02642374
922835,0.16835175
922836,0.07638637
922837,0.21098419
922838,0.1894808
922839,0.0960668
922840,0.18538417
922841,0.0776039
922842,0.1898892
922843,0.39627996
922844,0.18269187
922845,0.014735285
922846,0.043212283
922847,0.026304517
922848,0.046080828
922849,0.08173462
922850,0.026010385
922851,0.04365383
922852,0.05407117
922853,0.012217251
922854,0.052553836
922855,0.020180916
922856,0.03790057
922857,0.045916528
922858,0.03005804
922859,0.023136023
922860,0.14352432
922861,0.0609951
922862,0.10912343
922863,0.11255585
922864,0.031012308
922865,0.03326865
922866,0.011977277
922867,0.05728684
922868,0.07988781
922869,0.03544706
922870,0.07785463
922871,0.06817594
922872,0.03314745
922873,0.020068454
922874,0.0375735
922875,0.035441495
922876,0.032517433
922877,0.02721202
922878,0.024861785
922879,0.02975475
922880,0.016659625
922881,0.016928406
922882,0.022775318
922883,0.021818876
922884,0.015679404
922885,0.018939551
922886,0.01534329
922887,0.018138634
922888,0.030039402
922889,0.18931958
922890,0.5945533
922891,0.4243091
922892,0.4068963
922893,0.47142965
922894,0.1866227
922895,0.4061047
922896,0.11517304
922897,0.00883591
922898,0.019607699
922899,0.016097918
922900,0.070866704
922901,0.051309716
922902,0.031134997
922903,0.027352268
922904,0.021435075
922905,0.22887546
922906,0.1934454
922907,0.17533337
922908,0.16006514
922909,0.17036976
922910,0.15661335
922911,0.16656323
922912,0.1213285
922913,0.0070551652
922914,0.015035672
922915,0.026631366
922916,0.018511835
922917,0.023737626
922918,0.013148151
922919,0.02164796
922920,0.017380647
922921,0.010477606
922922,0.009269914
922923,0.015424392
922924,0.09619923
922925,0.04324019
922926,0.021832537
922927,0.022026721
922928,0.023948109
922929,0.4226981
922930,0.022189984
922931,0.055699904
922932,0.09469374
922933,0.15762655
922934,0.08282782
922935,0.070119865
922936,0.089860916
922937,0.110328645
922938,0.29692793
922939,0.3687577
922940,0.13622871
922941,0.21519268
922942,0.15558669
922943,0.009212647
922944,0.026352864
922945,0.031706803
922946,0.015679728
922947,0.025668083
922948,0.02403739
922949,0.025529092
922950,0.02210497
922951,0.022590078
922952,0.026428085
922953,0.011854706
922954,0.031647995
922955,0.05055383
922956,0.033901047
922957,0.029149203
922958,0.029564254
922959,0.07713297
922960,0.03972466
922961,0.03359945
922962,0.019747833
922963,0.06898909
922964,0.07064829
922965,0.090366624
922966,0.074201085
922967,0.08365929
922968,0.051849313
922969,0.0066074855
922970,0.011443286
922971,0.011836718
922972,0.016930914
922973,0.013943359
922974,0.011385499
922975,0.011624477
922976,0.011653889
922977,0.020745585
922978,0.02235752
922979,0.033104356
922980,0.03974255
922981,0.03584574
922982,0.041544046
922983,0.1208783
922984,0.03910582
922985,0.0418958
922986,0.012731366
922987,0.022040043
922988,0.07109338
922989,0.021356752
922990,0.031787097
922991,0.024874717
922992,0.14336836
922993,0.026605206
922994,0.045785055
922995,0.043945156
922996,0.009091117
922997,0.054674793
922998,0.058864992
922999,0.05237289
923000,0.048465308
923001,0.04383857
923002,0.08058671
923003,0.004521447
923004,0.018826777
923005,0.015129243
923006,0.018218981
923007,0.012614206
923008,0.024882358
923009,0.017238956
923010,0.01004084
923011,0.00978208
923012,0.044951107
923013,0.025455559
923014,0.13683976
923015,0.0548093
923016,0.07746341
923017,0.14230786
923018,0.16106914
923019,0.06527208
923020,0.052701164
923021,0.17925899
923022,0.05429278
923023,0.010302892
923024,0.08866971
923025,0.059563313
923026,0.08801442
923027,0.06281681
923028,0.0939956
923029,0.120537505
923030,0.07048044
923031,0.089088775
923032,0.06720503
923033,0.016404787
923034,0.06104469
923035,0.056571558
923036,0.07258701
923037,0.2240426
923038,0.363008
923039,0.38451716
923040,0.35743672
923041,0.40621823
923042,0.38373396
923043,0.18598029
923044,0.23539662
923045,0.3102143
923046,0.17047977
923047,0.012860272
923048,0.046377286
923049,0.033652715
923050,0.074828714
923051,0.03328202
923052,0.025713611
923053,0.03438841
923054,0.025826527
923055,0.020757187
923056,0.016181102
923057,0.15973909
923058,0.12080998
923059,0.35625312
923060,0.10903465
923061,0.15379877
923062,0.16131598
923063,0.13894606
923064,0.041364767
923065,0.048518892
923066,0.12813675
923067,0.031455535
923068,0.012066176
923069,0.032673683
923070,0.034887116
923071,0.037158802
923072,0.038331904
923073,0.0519333
923074,0.04242803
923075,0.027699562
923076,0.008610405
923077,0.065408975
923078,0.067584045
923079,0.092520796
923080,0.24448828
923081,0.305208
923082,0.26451206
923083,0.1881817
923084,0.014601804
923085,0.1359373
923086,0.037269317
923087,0.067435056
923088,0.13774227
923089,0.047167458
923090,0.027756805
923091,0.008621822
923092,0.062644936
923093,0.06685118
923094,0.09084651
923095,0.21075466
923096,0.313197
923097,0.2635252
923098,0.084226
923099,0.031779826
923100,0.12969981
923101,0.09453712
923102,0.042333715
923103,0.07229842
923104,0.06588045
923105,0.048251066
923106,0.1754903
923107,0.37557894
923108,0.15188926
923109,0.21488035
923110,0.11267189
923111,0.23021127
923112,0.010990643
923113,0.03530834
923114,0.26865315
923115,0.19517936
923116,0.020222567
923117,0.096781254
923118,0.59983206
923119,0.57400477
923120,0.6384496
923121,0.71503246
923122,0.63743424
923123,0.93067753
923124,0.17507808
923125,0.85285825
923126,0.4681921
923127,0.21796468
923128,0.6319816
923129,0.8149822
923130,0.9165125
923131,0.71674746
923132,0.62396425
923133,0.5891679
923134,0.19935508
923135,0.14926998
923136,0.17115293
923137,0.073027104
923138,0.10839208
923139,0.12622112
923140,0.08640444
923141,0.2550265
923142,0.43509555
923143,0.52320296
923144,0.14144778
923145,0.45317754
923146,0.26428372
923147,0.80979055
923148,0.6385808
923149,0.53821826
923150,0.10885618
923151,0.14654195
923152,0.72162145
923153,0.24502291
923154,0.6383768
923155,0.015325339
923156,0.09583249
923157,0.021785649
923158,0.1296574
923159,0.53656495
923160,0.41626698
923161,0.28373677
923162,0.1936329
923163,0.050498437
923164,0.048796833
923165,0.036830712
923166,0.033657376
923167,0.04823223
923168,0.05564699
923169,0.06085426
923170,0.017185912
923171,0.06203458
923172,0.103686064
923173,0.10052905
923174,0.13481347
923175,0.08516423
923176,0.011486337
923177,0.033946577
923178,0.03886918
923179,0.044631924
923180,0.052247204
923181,0.07091133
923182,0.6050191
923183,0.3274323
923184,0.51357067
923185,0.5543891
923186,0.73085403
923187,0.56989163
923188,0.42300937
923189,0.28742185
923190,0.5186167
923191,0.42286465
923192,0.6315901
923193,0.53715724
923194,0.47604647
923195,0.53286177
923196,0.35235816
923197,0.057428718
923198,0.57684106
923199,0.46558908
923200,0.6274615
923201,0.58135474
923202,0.57086146
923203,0.6543084
923204,0.5527037
923205,0.5855874
923206,0.6420043
923207,0.77020293
923208,0.5881616
923209,0.64742905
923210,0.71964735
923211,0.6458337
923212,0.7021506
923213,0.6021967
923214,0.6378379
923215,0.63397783
923216,0.6929605
923217,0.76194304
923218,0.61373466
923219,0.68771845
923220,0.7084402
923221,0.6937721
923222,0.5065291
923223,0.16648348
923224,0.15953843
923225,0.1901919
923226,0.09949576
923227,0.26069686
923228,0.14116971
923229,0.28149486
923230,0.13994087
923231,0.06743511
923232,0.06420678
923233,0.43341327
923234,0.3078029
923235,0.33407518
923236,0.12958366
923237,0.106949
923238,0.008845511
923239,0.026871026
923240,0.036142517
923241,0.04175022
923242,0.026434181
923243,0.02822266
923244,0.02939773
923245,0.021573795
923246,0.026213603
923247,0.08461886
923248,0.008031497
923249,0.016579613
923250,0.015380889
923251,0.013872876
923252,0.016239084
923253,0.01958416
923254,0.016580522
923255,0.034325425
923256,0.017860252
923257,0.026621426
923258,0.03714126
923259,0.020803371
923260,0.04424
923261,0.0056389556
923262,0.016781658
923263,0.017649794
923264,0.023626393
923265,0.019505665
923266,0.018641671
923267,0.016469967
923268,0.013982467
923269,0.023563595
923270,0.025860468
923271,0.038433906
923272,0.02965496
923273,0.03087855
923274,0.024662493
923275,0.025408965
923276,0.028467337
923277,0.03891169
923278,0.02975575
923279,0.018355405
923280,0.013882279
923281,0.06815907
923282,0.06856016
923283,0.058359686
923284,0.10750087
923285,0.089284495
923286,0.08148656
923287,0.070455566
923288,0.04770805
923289,0.3862579
923290,0.21924183
923291,0.03508193
923292,0.14459199
923293,0.14320715
923294,0.14386795
923295,0.21368678
923296,0.16586925
923297,0.11016611
923298,0.37096232
923299,0.27128768
923300,0.31981215
923301,0.25368896
923302,0.23568335
923303,0.15539332
923304,0.02982593
923305,0.13950367
923306,0.26039886
923307,0.24830526
923308,0.1477781
923309,0.11879183
923310,0.13143325
923311,0.24585295
923312,0.2798977
923313,0.11182141
923314,0.17329544
923315,0.19924995
923316,0.17762311
923317,0.2826192
923318,0.30193835
923319,0.01111167
923320,0.09916003
923321,0.12210987
923322,0.12980667
923323,0.13803063
923324,0.16775362
923325,0.17733306
923326,0.08791126
923327,0.047473744
923328,0.05099485
923329,0.046175014
923330,0.051002014
923331,0.057285413
923332,0.021167822
923333,0.2731015
923334,0.37074426
923335,0.3868206
923336,0.5813509
923337,0.57542586
923338,0.33994648
923339,0.18287759
923340,0.3077391
923341,0.044246636
923342,0.4109063
923343,0.43010855
923344,0.51996917
923345,0.7059375
923346,0.7010043
923347,0.70984864
923348,0.6572155
923349,0.73486716
923350,0.75662935
923351,0.7500212
923352,0.8150705
923353,0.72900236
923354,0.6987986
923355,0.7643568
923356,0.7576058
923357,0.7551314
923358,0.7175999
923359,0.61074305
923360,0.80804706
923361,0.69675356
923362,0.6669073
923363,0.7424614
923364,0.37895176
923365,0.19761434
923366,0.1257246
923367,0.06970432
923368,0.044782575
923369,0.07100406
923370,0.16694465
923371,0.14131443
923372,0.12573218
923373,0.14070694
923374,0.32317597
923375,0.10476257
923376,0.011119983
923377,0.041193023
923378,0.022267066
923379,0.04071943
923380,0.022907909
923381,0.040914603
923382,0.02249726
923383,0.020051977
923384,0.020201277
923385,0.13534743
923386,0.07185466
923387,0.07733286
923388,0.08874709
923389,0.06430117
923390,0.06051255
923391,0.008073764
923392,0.024711844
923393,0.020026047
923394,0.022006886
923395,0.021828989
923396,0.027272144
923397,0.018830998
923398,0.040601276
923399,0.5011232
923400,0.5084845
923401,0.26815948
923402,0.5180082
923403,0.31762505
923404,0.41273516
923405,0.33510616
923406,0.32332188
923407,0.6418689
923408,0.41534162
923409,0.37136415
923410,0.35185438
923411,0.013195258
923412,0.055380918
923413,0.03986211
923414,0.038650487
923415,0.08736312
923416,0.040080056
923417,0.031173859
923418,0.035091028
923419,0.043184694
923420,0.02211991
923421,0.046462234
923422,0.05993711
923423,0.12264718
923424,0.19576782
923425,0.09774649
923426,0.18617618
923427,0.0739082
923428,0.13374692
923429,0.24385914
923430,0.117981456
923431,0.0069801765
923432,0.014919939
923433,0.013976769
923434,0.018091384
923435,0.016955623
923436,0.016900005
923437,0.012306691
923438,0.0376355
923439,0.20964375
923440,0.26590297
923441,0.30228734
923442,0.24587
923443,0.32541484
923444,0.32271275
923445,0.23197368
923446,0.25814345
923447,0.29848033
923448,0.24688223
923449,0.011031925
923450,0.03310838
923451,0.0405092
923452,0.023595601
923453,0.02380455
923454,0.02159756
923455,0.020420846
923456,0.021980029
923457,0.020056454
923458,0.034663677
923459,0.53529936
923460,0.78601617
923461,0.79997087
923462,0.72308236
923463,0.82368636
923464,0.73125196
923465,0.8231238
923466,0.73664695
923467,0.80839807
923468,0.62252915
923469,0.7128153
923470,0.62060684
923471,0.67755926
923472,0.3947078
923473,0.26918957
923474,0.23900937
923475,0.24108677
923476,0.00919313
923477,0.035295434
923478,0.037445907
923479,0.051315147
923480,0.042297002
923481,0.17952421
923482,0.024003373
923483,0.023967987
923484,0.029285196
923485,0.02966968
923486,0.009301893
923487,0.025574643
923488,0.014274284
923489,0.033483706
923490,0.04441258
923491,0.013976547
923492,0.02583824
923493,0.024725886
923494,0.030895807
923495,0.022874238
923496,0.00762134
923497,0.05414605
923498,0.045523662
923499,0.07935366
923500,0.051106367
923501,0.054967158
923502,0.19516107
923503,0.094624646
923504,0.012647217
923505,0.09429508
923506,0.019137315
923507,0.022974117
923508,0.026558638
923509,0.009081467
923510,0.02394338
923511,0.02294175
923512,0.023746135
923513,0.028103732
923514,0.040462893
923515,0.18658097
923516,0.10234474
923517,0.06818058
923518,0.17317994
923519,0.1616622
923520,0.007245872
923521,0.019576183
923522,0.020108253
923523,0.029645624
923524,0.026390089
923525,0.019421214
923526,0.02315601
923527,0.08312727
923528,0.086979896
923529,0.090634555
923530,0.087988876
923531,0.09518123
923532,0.08385988
923533,0.110051945
923534,0.013559884
923535,0.049257185
923536,0.046570484
923537,0.029760275
923538,0.03760213
923539,0.031132042
923540,0.038406212
923541,0.02684605
923542,0.073463574
923543,0.02448561
923544,0.011778292
923545,0.022058407
923546,0.017569778
923547,0.0172307
923548,0.022236047
923549,0.025199186
923550,0.029202072
923551,0.021745892
923552,0.013713887
923553,0.07565638
923554,0.10712967
923555,0.06776578
923556,0.005812463
923557,0.015200552
923558,0.01618319
923559,0.025968293
923560,0.020101322
923561,0.015482439
923562,0.014238366
923563,0.01950174
923564,0.09167152
923565,0.10902082
923566,0.23524371
923567,0.031815153
923568,0.047531918
923569,0.32179412
923570,0.2514967
923571,0.12299507
923572,0.008994248
923573,0.053902183
923574,0.04876318
923575,0.04970106
923576,0.07149103
923577,0.03863116
923578,0.04545809
923579,0.03449368
923580,0.07835013
923581,0.035190634
923582,0.086090945
923583,0.06489457
923584,0.13263962
923585,0.09866565
923586,0.032236405
923587,0.07597808
923588,0.06719256
923589,0.0475149
923590,0.3057336
923591,0.072380535
923592,0.17392103
923593,0.17755963
923594,0.24291706
923595,0.25451562
923596,0.07099725
923597,0.038796004
923598,0.21016607
923599,0.2128998
923600,0.22870484
923601,0.2732122
923602,0.24739113
923603,0.029249704
923604,0.06782759
923605,0.065434106
923606,0.055725906
923607,0.0560106
923608,0.041143727
923609,0.18405364
923610,0.07538415
923611,0.147083
923612,0.018606637
923613,0.07425294
923614,0.079552695
923615,0.11379119
923616,0.8324126
923617,0.036230493
923618,0.05827728
923619,0.053527955
923620,0.022118265
923621,0.12032593
923622,0.105286136
923623,0.23970845
923624,0.24823402
923625,0.27058956
923626,0.23944175
923627,0.03141921
923628,0.14749286
923629,0.15205044
923630,0.13961558
923631,0.12309709
923632,0.10490874
923633,0.09389756
923634,0.081323266
923635,0.09856605
923636,0.06427219
923637,0.13783842
923638,0.19929136
923639,0.08723222
923640,0.18735893
923641,0.20808806
923642,0.11822606
923643,0.13100626
923644,0.13501263
923645,0.14588614
923646,0.013473662
923647,0.048796732
923648,0.020403663
923649,0.025468871
923650,0.018577777
923651,0.07789704
923652,0.027904544
923653,0.053539265
923654,0.029654913
923655,0.031526033
923656,0.0092634
923657,0.023395855
923658,0.020280283
923659,0.018522289
923660,0.13830723
923661,0.036520947
923662,0.0634767
923663,0.023122327
923664,0.07573936
923665,0.07997256
923666,0.069845855
923667,0.01697634
923668,0.069556855
923669,0.11576851
923670,0.014266885
923671,0.050634775
923672,0.0501895
923673,0.05339223
923674,0.239579
923675,0.1933897
923676,0.2508711
923677,0.22528745
923678,0.038002174
923679,0.19124499
923680,0.46375382
923681,0.29516062
923682,0.4259974
923683,0.5820052
923684,0.5866074
923685,0.61374044
923686,0.61605865
923687,0.61957014
923688,0.5497015
923689,0.5237113
923690,0.253802
923691,0.18062325
923692,0.08058591
923693,0.12439028
923694,0.016899562
923695,0.094437264
923696,0.29120085
923697,0.021921672
923698,0.051575817
923699,0.041621428
923700,0.02753896
923701,0.035778835
923702,0.01351168
923703,0.02864167
923704,0.021807002
923705,0.021817552
923706,0.021691019
923707,0.24424803
923708,0.24750665
923709,0.030515375
923710,0.05754524
923711,0.12151235
923712,0.12283082
923713,0.1276207
923714,0.12270703
923715,0.05069958
923716,0.015350422
923717,0.027972616
923718,0.030729974
923719,0.029607486
923720,0.028068213
923721,0.025973583
923722,0.025120651
923723,0.029292775
923724,0.01505579
923725,0.02382014
923726,0.02221978
923727,0.026594866
923728,0.024611989
923729,0.023160713
923730,0.021291953
923731,0.008380231
923732,0.04495075
923733,0.057264693
923734,0.25535753
923735,0.22118786
923736,0.11106941
923737,0.17154928
923738,0.09794297
923739,0.11736906
923740,0.2393905
923741,0.08577355
923742,0.4382344
923743,0.33186537
923744,0.30829656
923745,0.4638082
923746,0.359531
923747,0.28468308
923748,0.015948717
923749,0.039740987
923750,0.053336877
923751,0.05678189
923752,0.15207933
923753,0.110729225
923754,0.09667893
923755,0.04258082
923756,0.051063407
923757,0.16530778
923758,0.08952142
923759,0.035556726
923760,0.3931925
923761,0.5939232
923762,0.3990041
923763,0.52482635
923764,0.3183745
923765,0.4897715
923766,0.5297012
923767,0.48775536
923768,0.47614622
923769,0.52030694
923770,0.34629545
923771,0.24060835
923772,0.15201516
923773,0.011403078
923774,0.026427444
923775,0.0681542
923776,0.048165653
923777,0.03349732
923778,0.06394772
923779,0.04059171
923780,0.025656173
923781,0.02416436
923782,0.038284454
923783,0.031239789
923784,0.24765229
923785,0.65255463
923786,0.45145714
923787,0.48419607
923788,0.8264559
923789,0.63531345
923790,0.6274579
923791,0.6191785
923792,0.75150025
923793,0.61450404
923794,0.3740255
923795,0.7996922
923796,0.6462235
923797,0.63424665
923798,0.43408445
923799,0.6748665
923800,0.7036764
923801,0.22242673
923802,0.007386732
923803,0.023906238
923804,0.15220046
923805,0.023816485
923806,0.03460093
923807,0.015962094
923808,0.010801714
923809,0.13456482
923810,0.063108854
923811,0.1547385
923812,0.09880991
923813,0.3995732
923814,0.39546138
923815,0.41596285
923816,0.12976949
923817,0.49058792
923818,0.32832876
923819,0.4784747
923820,0.3375397
923821,0.4176163
923822,0.30826187
923823,0.011996427
923824,0.025540672
923825,0.02246147
923826,0.01714936
923827,0.02156851
923828,0.021817064
923829,0.02474307
923830,0.022668375
923831,0.17294161
923832,0.32381198
923833,0.29731408
923834,0.17440516
923835,0.025108475
923836,0.24301174
923837,0.11652758
923838,0.17588294
923839,0.11759059
923840,0.084017724
923841,0.06551591
923842,0.0447945
923843,0.099787876
923844,0.060812347
923845,0.04489965
923846,0.013070428
923847,0.065441936
923848,0.09551538
923849,0.07617881
923850,0.09370418
923851,0.049011026
923852,0.042319376
923853,0.010016559
923854,0.027555168
923855,0.031474426
923856,0.022894165
923857,0.026034651
923858,0.016008021
923859,0.21600705
923860,0.17843857
923861,0.31951067
923862,0.06981747
923863,0.222585
923864,0.39571488
923865,0.37017995
923866,0.16816308
923867,0.20741425
923868,0.16455232
923869,0.018217847
923870,0.19408697
923871,0.043860503
923872,0.10172427
923873,0.08986852
923874,0.21290424
923875,0.07530445
923876,0.14363256
923877,0.04277494
923878,0.05391889
923879,0.12809381
923880,0.07124681
923881,0.1337099
923882,0.050511926
923883,0.025666893
923884,0.09163375
923885,0.19812185
923886,0.11971297
923887,0.121924736
923888,0.20729567
923889,0.012990328
923890,0.07166619
923891,0.077195056
923892,0.015494029
923893,0.19689077
923894,0.3781896
923895,0.18192959
923896,0.36997497
923897,0.42800915
923898,0.20895381
923899,0.21359818
923900,0.27635875
923901,0.07148432
923902,0.037300818
923903,0.051706232
923904,0.12424131
923905,0.012981019
923906,0.10360258
923907,0.06419917
923908,0.12496715
923909,0.05406456
923910,0.19816276
923911,0.11731132
923912,0.0069150575
923913,0.055276513
923914,0.022854554
923915,0.020974265
923916,0.03771581
923917,0.024354968
923918,0.025250323
923919,0.016449587
923920,0.06197517
923921,0.06457772
923922,0.044804774
923923,0.19127488
923924,0.19333087
923925,0.13333514
923926,0.09726828
923927,0.055831574
923928,0.013968039
923929,0.053391207
923930,0.083169185
923931,0.121271335
923932,0.041087646
923933,0.056588966
923934,0.044994563
923935,0.106079616
923936,0.1048268
923937,0.11388249
923938,0.24686892
923939,0.42524597
923940,0.12730166
923941,0.13198787
923942,0.27045846
923943,0.391697
923944,0.2656468
923945,0.020935092
923946,0.14524603
923947,0.23595452
923948,0.12452557
923949,0.130783
923950,0.11236266
923951,0.054711673
923952,0.19700499
923953,0.32264906
923954,0.3135351
923955,0.11117369
923956,0.29356766
923957,0.16437411
923958,0.22219966
923959,0.75480384
923960,0.7245862
923961,0.8335895
923962,0.7699527
923963,0.3063817
923964,0.15083687
923965,0.081880674
923966,0.46496126
923967,0.072578736
923968,0.16112168
923969,0.14105073
923970,0.10818835
923971,0.1510547
923972,0.09358177
923973,0.47593525
923974,0.36278853
923975,0.7299279
923976,0.614953
923977,0.7707727
923978,0.82412124
923979,0.8911897
923980,0.7850663
923981,0.81576073
923982,0.79246366
923983,0.9359429
923984,0.8803148
923985,0.851719
923986,0.89822656
923987,0.77978814
923988,0.75035596
923989,0.8045619
923990,0.86288613
923991,0.8365721
923992,0.8938558
923993,0.8915336
923994,0.7964654
923995,0.7469867
923996,0.748706
923997,0.7388787
923998,0.81410545
923999,0.8077363
924000,0.8129791
924001,0.8908371
924002,0.89386076
924003,0.85127383
924004,0.85601777
924005,0.82963336
924006,0.67663336
924007,0.8162837
924008,0.55886924
924009,0.022205783
924010,0.318918
924011,0.2779333
924012,0.23031352
924013,0.29007867
924014,0.122297436
924015,0.13269958
924016,0.37539265
924017,0.35492253
924018,0.4806974
924019,0.46422783
924020,0.4806974
924021,0.35775584
924022,0.2907622
924023,0.2666816
924024,0.28944275
924025,0.74328405
924026,0.72831815
924027,0.7846694
924028,0.85221744
924029,0.76122135
924030,0.83917564
924031,0.7417665
924032,0.87745035
924033,0.44755083
924034,0.8358481
924035,0.78874624
924036,0.8389876
924037,0.82149523
924038,0.8062099
924039,0.71343154
924040,0.7819212
924041,0.51648486
924042,0.6245924
924043,0.6840607
924044,0.7119151
924045,0.66751194
924046,0.6928755
924047,0.5767018
924048,0.033316292
924049,0.069179654
924050,0.037967987
924051,0.077033944
924052,0.10796873
924053,0.12250123
924054,0.48668128
924055,0.5203679
924056,0.35469982
924057,0.6260444
924058,0.39078128
924059,0.39660582
924060,0.3603584
924061,0.6112452
924062,0.3455561
924063,0.625973
924064,0.3432805
924065,0.32902658
924066,0.31364572
924067,0.49880326
924068,0.60001254
924069,0.44295663
924070,0.28442731
924071,0.023826964
924072,0.07392132
924073,0.06529305
924074,0.06998891
924075,0.45623517
924076,0.7243013
924077,0.8277197
924078,0.8499452
924079,0.85696095
924080,0.8932166
924081,0.9295464
924082,0.8901584
924083,0.94763404
924084,0.911896
924085,0.91805243
924086,0.8959584
924087,0.91703594
924088,0.91294473
924089,0.9506223
924090,0.95126927
924091,0.9265212
924092,0.9456023
924093,0.91983277
924094,0.8868489
924095,0.90692466
924096,0.8818089
924097,0.8929133
924098,0.9057564
924099,0.918039
924100,0.9090803
924101,0.887136
924102,0.8783169
924103,0.92915034
924104,0.92136216
924105,0.85753834
924106,0.8367492
924107,0.8995171
924108,0.8049849
924109,0.8152624
924110,0.85839134
924111,0.7802828
924112,0.70899445
924113,0.7236012
924114,0.83024746
924115,0.82580143
924116,0.5183229
924117,0.090921365
924118,0.744626
924119,0.8045338
924120,0.74547154
924121,0.83200943
924122,0.7406091
924123,0.7956461
924124,0.8403418
924125,0.86716694
924126,0.75230545
924127,0.776303
924128,0.83847964
924129,0.8470683
924130,0.83660907
924131,0.86276764
924132,0.8005133
924133,0.81657434
924134,0.8349599
924135,0.84645367
924136,0.78078127
924137,0.8368628
924138,0.8739064
924139,0.8079969
924140,0.85536665
924141,0.79700905
924142,0.7346455
924143,0.8649424
924144,0.77734643
924145,0.73970205
924146,0.8455388
924147,0.6483833
924148,0.020416258
924149,0.08109837
924150,0.1206139
924151,0.05895101
924152,0.11939937
924153,0.32287815
924154,0.28631383
924155,0.26727334
924156,0.32217577
924157,0.36413902
924158,0.31870753
924159,0.22364692
924160,0.13642678
924161,0.80951375
924162,0.7629456
924163,0.6319418
924164,0.8341652
924165,0.83564323
924166,0.778096
924167,0.7504173
924168,0.8848328
924169,0.86878103
924170,0.85937214
924171,0.8661059
924172,0.8766569
924173,0.6868698
924174,0.8189542
924175,0.84142023
924176,0.8597507
924177,0.8253759
924178,0.8394369
924179,0.8612299
924180,0.7191289
924181,0.8469178
924182,0.7472071
924183,0.8077214
924184,0.6999702
924185,0.79279715
924186,0.7929869
924187,0.8301456
924188,0.66369885
924189,0.8025257
924190,0.6857696
924191,0.7213696
924192,0.6960478
924193,0.7667662
924194,0.70800614
924195,0.046985902
924196,0.03059827
924197,0.04049066
924198,0.030588511
924199,0.047360998
924200,0.48346567
924201,0.38171262
924202,0.21537347
924203,0.19329524
924204,0.024747226
924205,0.0950474
924206,0.116189025
924207,0.11646124
924208,0.032154314
924209,0.067342035
924210,0.04899017
924211,0.24807458
924212,0.18568724
924213,0.3040965
924214,0.25998068
924215,0.5685834
924216,0.3823149
924217,0.36660966
924218,0.18158673
924219,0.22417785
924220,0.1948602
924221,0.09912913
924222,0.009789509
924223,0.026846007
924224,0.02764129
924225,0.028197976
924226,0.030161504
924227,0.027722178
924228,0.029237492
924229,0.031591535
924230,0.05230669
924231,0.44450668
924232,0.6609415
924233,0.7378754
924234,0.7138621
924235,0.69274384
924236,0.70111567
924237,0.8088574
924238,0.75131565
924239,0.56825846
924240,0.8211549
924241,0.7769247
924242,0.7805402
924243,0.5556475
924244,0.7924267
924245,0.6274388
924246,0.7706939
924247,0.78130656
924248,0.64764744
924249,0.8068486
924250,0.7797417
924251,0.80652803
924252,0.75385886
924253,0.74972576
924254,0.7942067
924255,0.67278105
924256,0.6708612
924257,0.37372097
924258,0.35700232
924259,0.03334682
924260,0.03925957
924261,0.051990964
924262,0.033856995
924263,0.040025532
924264,0.048613857
924265,0.03733955
924266,0.39798498
924267,0.71420455
924268,0.71796274
924269,0.8207765
924270,0.85569036
924271,0.7621991
924272,0.81446797
924273,0.80657613
924274,0.6991957
924275,0.7220193
924276,0.8221029
924277,0.8539348
924278,0.6870164
924279,0.7430897
924280,0.76094
924281,0.7229403
924282,0.7227046
924283,0.6565569
924284,0.6845973
924285,0.7978233
924286,0.81743485
924287,0.7953763
924288,0.8071842
924289,0.67011
924290,0.6388003
924291,0.66226494
924292,0.4634251
924293,0.011276532
924294,0.019266078
924295,0.0263082
924296,0.021559834
924297,0.021830237
924298,0.027339628
924299,0.041325115
924300,0.08676867
924301,0.110241435
924302,0.13598305
924303,0.13923688
924304,0.010034362
924305,0.027429312
924306,0.02945696
924307,0.02167312
924308,0.026682198
924309,0.02893756
924310,0.017732594
924311,0.010100828
924312,0.037183687
924313,0.049557526
924314,0.04024122
924315,0.04634653
924316,0.065416
924317,0.046329796
924318,0.10863375
924319,0.24806547
924320,0.19968027
924321,0.15275759
924322,0.15025905
924323,0.013661763
924324,0.036908295
924325,0.031515256
924326,0.017198263
924327,0.02343021
924328,0.06318104
924329,0.03720567
924330,0.040064786
924331,0.06259452
924332,0.19722077
924333,0.08644788
924334,0.07484519
924335,0.28600678
924336,0.3592562
924337,0.16231282
924338,0.19710702
924339,0.24569358
924340,0.19064431
924341,0.08597306
924342,0.017530471
924343,0.032834057
924344,0.039438836
924345,0.030969895
924346,0.028887818
924347,0.03386186
924348,0.02824156
924349,0.026753379
924350,0.01880246
924351,0.07722446
924352,0.14326978
924353,0.35353827
924354,0.5709444
924355,0.63307416
924356,0.66428816
924357,0.7014266
924358,0.578072
924359,0.6986307
924360,0.5424897
924361,0.6813473
924362,0.51616406
924363,0.55088013
924364,0.46835873
924365,0.6815708
924366,0.434632
924367,0.59608614
924368,0.15808055
924369,0.090882316
924370,0.567563
924371,0.21477675
924372,0.05232609
924373,0.48822
924374,0.10703871
924375,0.6162241
924376,0.53287536
924377,0.011739465
924378,0.13977836
924379,0.10067436
924380,0.29405853
924381,0.068535924
924382,0.302511
924383,0.15282461
924384,0.06464212
924385,0.061279066
924386,0.025166346
924387,0.058307644
924388,0.29557228
924389,0.27471906
924390,0.17394696
924391,0.16742596
924392,0.33994815
924393,0.26485717
924394,0.26927584
924395,0.23059568
924396,0.03452146
924397,0.08295665
924398,0.11027048
924399,0.07817381
924400,0.022857478
924401,0.06922298
924402,0.021625172
924403,0.03798763
924404,0.09983916
924405,0.010292415
924406,0.019273933
924407,0.011070076
924408,0.01852538
924409,0.0149007
924410,0.0148202535
924411,0.015149804
924412,0.016143827
924413,0.012689575
924414,0.018154938
924415,0.0857689
924416,0.12888251
924417,0.11294972
924418,0.084160805
924419,0.1352301
924420,0.096820064
924421,0.06789485
924422,0.19711585
924423,0.011829074
924424,0.018850416
924425,0.026035035
924426,0.021231046
924427,0.04488986
924428,0.19554237
924429,0.098645024
924430,0.13036977
924431,0.13197531
924432,0.059626047
924433,0.093385026
924434,0.06920886
924435,0.074894436
924436,0.04638501
924437,0.3593684
924438,0.3114278
924439,0.5380531
924440,0.11821744
924441,0.042345095
924442,0.025037583
924443,0.027258478
924444,0.15513769
924445,0.18637745
924446,0.15094537
924447,0.20932001
924448,0.1762285
924449,0.20221208
924450,0.31578285
924451,0.32369053
924452,0.1512993
924453,0.032008845
924454,0.29045713
924455,0.19122441
924456,0.4913211
924457,0.4038111
924458,0.1998574
924459,0.19986543
924460,0.19414967
924461,0.26254436
924462,0.13742562
924463,0.05318607
924464,0.7358221
924465,0.66192275
924466,0.83944273
924467,0.7101356
924468,0.8789137
924469,0.8836459
924470,0.74016565
924471,0.86822987
924472,0.86536825
924473,0.82720643
924474,0.76481134
924475,0.7868213
924476,0.8108387
924477,0.70606536
924478,0.5316333
924479,0.73150796
924480,0.7349006
924481,0.72068214
924482,0.5935106
924483,0.25605068
924484,0.49976075
924485,0.81555635
924486,0.3644365
924487,0.7882628
924488,0.37418014
924489,0.80815345
924490,0.76872015
924491,0.8128004
924492,0.68601406
924493,0.72654253
924494,0.82134664
924495,0.8261726
924496,0.7639288
924497,0.81939757
924498,0.5579978
924499,0.6197036
924500,0.75716156
924501,0.33079043
924502,0.044654593
924503,0.03998366
924504,0.025492528
924505,0.18785489
924506,0.13616164
924507,0.007600163
924508,0.027145075
924509,0.027802259
924510,0.03132547
924511,0.04198816
924512,0.17155
924513,0.05066401
924514,0.033363447
924515,0.009247584
924516,0.048358098
924517,0.032591548
924518,0.0371287
924519,0.25749624
924520,0.22796674
924521,0.009395417
924522,0.02256419
924523,0.02936076
924524,0.33002037
924525,0.013330747
924526,0.031778216
924527,0.043246023
924528,0.025485147
924529,0.06734767
924530,0.03883696
924531,0.02063038
924532,0.012716236
924533,0.079090975
924534,0.16697228
924535,0.013173196
924536,0.09916694
924537,0.04747831
924538,0.06294871
924539,0.033329688
924540,0.057339314
924541,0.03872084
924542,0.03709552
924543,0.0612445
924544,0.050282974
924545,0.015364468
924546,0.031096743
924547,0.02385402
924548,0.026110576
924549,0.1030646
924550,0.0988201
924551,0.024821673
924552,0.08526123
924553,0.07381077
924554,0.08190466
924555,0.07288477
924556,0.124897845
924557,0.2431088
924558,0.22327672
924559,0.2117366
924560,0.10567932
924561,0.09213418
924562,0.09236285
924563,0.20671779
924564,0.21375042
924565,0.26507384
924566,0.32017797
924567,0.31001693
924568,0.23864548
924569,0.26534304
924570,0.26363736
924571,0.17176004
924572,0.15579502
924573,0.21803942
924574,0.24619834
924575,0.6293024
924576,0.6259949
924577,0.26109022
924578,0.6096202
924579,0.11762136
924580,0.31641594
924581,0.09664015
924582,0.08373799
924583,0.0671006
924584,0.07314251
924585,0.14136484
924586,0.16316266
924587,0.18726072
924588,0.01867114
924589,0.5032443
924590,0.72242504
924591,0.56984085
924592,0.49557588
924593,0.2383675
924594,0.15894066
924595,0.14510562
924596,0.019713962
924597,0.060166888
924598,0.07091468
924599,0.060467426
924600,0.064377375
924601,0.03524777
924602,0.48595884
924603,0.37795654
924604,0.2803266
924605,0.38303545
924606,0.40510258
924607,0.6707522
924608,0.32188043
924609,0.31289077
924610,0.35352638
924611,0.2714829
924612,0.25327832
924613,0.43302402
924614,0.3363306
924615,0.024665806
924616,0.12894721
924617,0.060674675
924618,0.0955506
924619,0.030124025
924620,0.15746984
924621,0.049169853
924622,0.045862645
924623,0.040340148
924624,0.035827916
924625,0.036685016
924626,0.038281858
924627,0.046153136
924628,0.66627634
924629,0.41444266
924630,0.3805262
924631,0.47719452
924632,0.472938
924633,0.35787335
924634,0.5037953
924635,0.55351573
924636,0.56955725
924637,0.5407212
924638,0.5418877
924639,0.49708775
924640,0.4845547
924641,0.4502778
924642,0.5259927
924643,0.33214012
924644,0.050625563
924645,0.049726266
924646,0.09646027
924647,0.25063244
924648,0.26678437
924649,0.29424942
924650,0.030388983
924651,0.39298862
924652,0.28640527
924653,0.34561613
924654,0.46775767
924655,0.2821523
924656,0.3619921
924657,0.3031221
924658,0.35322264
924659,0.32423607
924660,0.37185574
924661,0.39516214
924662,0.6028438
924663,0.5787062
924664,0.5444632
924665,0.3793492
924666,0.5733523
924667,0.5431401
924668,0.51077205
924669,0.6296886
924670,0.27100286
924671,0.2662204
924672,0.05296839
924673,0.035670433
924674,0.04955309
924675,0.054245666
924676,0.07470731
924677,0.20979647
924678,0.43161714
924679,0.21186829
924680,0.41511387
924681,0.5223561
924682,0.18173648
924683,0.51671016
924684,0.3014051
924685,0.71968156
924686,0.68711627
924687,0.7430251
924688,0.5316006
924689,0.73969984
924690,0.6311728
924691,0.26955235
924692,0.040765695
924693,0.05163024
924694,0.0425023
924695,0.046142634
924696,0.03556213
924697,0.21197747
924698,0.25830862
924699,0.20528044
924700,0.24212037
924701,0.22277446
924702,0.22384855
924703,0.22618282
924704,0.25693437
924705,0.13192149
924706,0.12717727
924707,0.071029186
924708,0.025465889
924709,0.6258235
924710,0.6178384
924711,0.74360543
924712,0.70452935
924713,0.7571491
924714,0.47227877
924715,0.6337852
924716,0.7416546
924717,0.7245739
924718,0.60191554
924719,0.7457088
924720,0.76516926
924721,0.5671653
924722,0.5819649
924723,0.6857797
924724,0.44062942
924725,0.4370754
924726,0.14625862
924727,0.0159905
924728,0.035414997
924729,0.03619512
924730,0.035809726
924731,0.042271104
924732,0.07003435
924733,0.08155693
924734,0.03179282
924735,0.20385914
924736,0.6320405
924737,0.7164319
924738,0.42560226
924739,0.82592714
924740,0.55655277
924741,0.6790182
924742,0.5453049
924743,0.49609727
924744,0.64863294
924745,0.4937875
924746,0.66516596
924747,0.53637666
924748,0.69204986
924749,0.5993191
924750,0.47410375
924751,0.01483636
924752,0.080741
924753,0.07803448
924754,0.07289323
924755,0.16229275
924756,0.11618826
924757,0.16786113
924758,0.15443103
924759,0.15738176
924760,0.15375789
924761,0.25891995
924762,0.1714439
924763,0.1526208
924764,0.05264944
924765,0.61913717
924766,0.39759153
924767,0.46306562
924768,0.35596758
924769,0.32751304
924770,0.35849744
924771,0.5022385
924772,0.3255848
924773,0.5589613
924774,0.4756979
924775,0.50872135
924776,0.6446542
924777,0.46455902
924778,0.52153957
924779,0.05042111
924780,0.10362046
924781,0.07957899
924782,0.122914664
924783,0.2616536
924784,0.13401991
924785,0.0484514
924786,0.056992836
924787,0.042744562
924788,0.042259466
924789,0.041420735
924790,0.043343928
924791,0.009214149
924792,0.017787412
924793,0.015993042
924794,0.014426107
924795,0.011077257
924796,0.10538185
924797,0.21509323
924798,0.36200893
924799,0.17245378
924800,0.17129539
924801,0.25263888
924802,0.29714763
924803,0.23525849
924804,0.17900625
924805,0.009437712
924806,0.010885813
924807,0.013178317
924808,0.016499214
924809,0.021448132
924810,0.02395379
924811,0.016746698
924812,0.017767372
924813,0.013433202
924814,0.017707406
924815,0.08233488
924816,0.111582674
924817,0.0041817017
924818,0.008280001
924819,0.010917264
924820,0.010581051
924821,0.009916431
924822,0.007921324
924823,0.33347258
924824,0.0085866945
924825,0.02517561
924826,0.01486737
924827,0.10394494
924828,0.025786156
924829,0.022881769
924830,0.2994545
924831,0.24205749
924832,0.59466517
924833,0.6672603
924834,0.59874415
924835,0.16164152
924836,0.6819194
924837,0.6540376
924838,0.54670477
924839,0.67071086
924840,0.30159357
924841,0.09036858
924842,0.09105617
924843,0.16701776
924844,0.11463232
924845,0.0999726
924846,0.12523833
924847,0.14987066
924848,0.105029784
924849,0.013212118
924850,0.039858643
924851,0.04905541
924852,0.04538397
924853,0.05583861
924854,0.10811102
924855,0.043736678
924856,0.032712862
924857,0.035957396
924858,0.0283814
924859,0.41560724
924860,0.31333268
924861,0.15167627
924862,0.120368056
924863,0.24496469
924864,0.10066991
924865,0.3091853
924866,0.12588163
924867,0.2670056
924868,0.25277305
924869,0.0069876304
924870,0.039192673
924871,0.030955276
924872,0.20600289
924873,0.03392489
924874,0.03348869
924875,0.09479274
924876,0.021630429
924877,0.055410847
924878,0.022552703
924879,0.35314056
924880,0.5308491
924881,0.07133074
924882,0.37614352
924883,0.3309307
924884,0.036054358
924885,0.012336868
924886,0.031622432
924887,0.02799666
924888,0.027819257
924889,0.036064286
924890,0.026564844
924891,0.29526103
924892,0.3029448
924893,0.17257726
924894,0.057985358
924895,0.3855927
924896,0.52500993
924897,0.49397603
924898,0.23000626
924899,0.01305702
924900,0.031267893
924901,0.02910995
924902,0.032933474
924903,0.034595992
924904,0.028039824
924905,0.05594433
924906,0.11204325
924907,0.2574274
924908,0.23562333
924909,0.16528809
924910,0.015221622
924911,0.057536352
924912,0.042388428
924913,0.0389811
924914,0.03523915
924915,0.033008184
924916,0.076037064
924917,0.04051188
924918,0.116538845
924919,0.141739
924920,0.105680004
924921,0.12850627
924922,0.31761184
924923,0.13963033
924924,0.1210493
924925,0.017824722
924926,0.17143913
924927,0.022899259
924928,0.025644435
924929,0.030367382
924930,0.17584184
924931,0.22357412
924932,0.19535129
924933,0.21682188
924934,0.1532685
924935,0.12606129
924936,0.027622772
924937,0.027560914
924938,0.027008312
924939,0.046413828
924940,0.039426077
924941,0.07661094
924942,0.009149616
924943,0.020793308
924944,0.0590823
924945,0.0207892
924946,0.024666324
924947,0.025520908
924948,0.2874995
924949,0.008440721
924950,0.02267156
924951,0.026991088
924952,0.023663133
924953,0.06830045
924954,0.038991578
924955,0.03163102
924956,0.009487739
924957,0.02308856
924958,0.023591576
924959,0.028758539
924960,0.022824306
924961,0.010274045
924962,0.030002106
924963,0.022227118
924964,0.029222272
924965,0.0203049
924966,0.010012048
924967,0.030101864
924968,0.035357796
924969,0.032164186
924970,0.035032425
924971,0.027406113
924972,0.007345253
924973,0.029016655
924974,0.024404448
924975,0.040537722
924976,0.031137684
924977,0.021868493
924978,0.043243084
924979,0.01044448
924980,0.06642308
924981,0.03256365
924982,0.06107008
924983,0.042766653
924984,0.09329732
924985,0.17991538
924986,0.25825268
924987,0.22641166
924988,0.2901768
924989,0.22764209
924990,0.33713716
924991,0.15997963
924992,0.1618033
924993,0.19346403
924994,0.12928438
924995,0.13136816
924996,0.2621188
924997,0.18952781
924998,0.36297145
924999,0.29274198
925000,0.16711417
925001,0.21062279
925002,0.21238057
925003,0.17718503
925004,0.13102163
925005,0.33498156
925006,0.4575238
925007,0.46529308
925008,0.35011312
925009,0.3617915
925010,0.4675228
925011,0.47451457
925012,0.37102526
925013,0.29411933
925014,0.3443944
925015,0.26434025
925016,0.19857249
925017,0.24087703
925018,0.22211988
925019,0.14438376
925020,0.06763695
925021,0.21428579
925022,0.08713585
925023,0.02099421
925024,0.19770525
925025,0.07694163
925026,0.10205036
925027,0.15761836
925028,0.10732251
925029,0.29778397
925030,0.1526777
925031,0.08753704
925032,0.23187514
925033,0.08313247
925034,0.018163133
925035,0.07549977
925036,0.029192436
925037,0.046809394
925038,0.021969704
925039,0.028273094
925040,0.018610824
925041,0.12273156
925042,0.079758786
925043,0.15859134
925044,0.07071143
925045,0.09484424
925046,0.078731656
925047,0.011007173
925048,0.06897709
925049,0.09393483
925050,0.04537449
925051,0.081905104
925052,0.021889387
925053,0.027490158
925054,0.031426784
925055,0.05485424
925056,0.022474566
925057,0.039161388
925058,0.025015103
925059,0.034870062
925060,0.017813055
925061,0.06525138
925062,0.03297471
925063,0.056842092
925064,0.026269075
925065,0.04295108
925066,0.010953485
925067,0.026863664
925068,0.021135425
925069,0.017944684
925070,0.01707688
925071,0.021553457
925072,0.026728261
925073,0.018681329
925074,0.022075895
925075,0.011796094
925076,0.10982142
925077,0.076020814
925078,0.08888963
925079,0.08361745
925080,0.08210267
925081,0.0862907
925082,0.07870214
925083,0.1129075
925084,0.07914931
925085,0.036090087
925086,0.029147288
925087,0.021056706
925088,0.07718967
925089,0.025521852
925090,0.025970213
925091,0.02767777
925092,0.05228017
925093,0.17609245
925094,0.095924266
925095,0.118469134
925096,0.005373962
925097,0.0148717845
925098,0.009949383
925099,0.011443249
925100,0.018627742
925101,0.033205234
925102,0.72340286
925103,0.1658479
925104,0.19498478
925105,0.30220342
925106,0.40703645
925107,0.20388716
925108,0.2051189
925109,0.2622831
925110,0.7285849
925111,0.6312278
925112,0.7192199
925113,0.26086566
925114,0.18648641
925115,0.005311344
925116,0.010046719
925117,0.010508316
925118,0.016423255
925119,0.011599942
925120,0.0149339335
925121,0.01003145
925122,0.20968589
925123,0.015743345
925124,0.40577182
925125,0.20498316
925126,0.009895321
925127,0.012984024
925128,0.0071666865
925129,0.010433594
925130,0.0063835224
925131,0.009954278
925132,0.012138437
925133,0.025566544
925134,0.03956521
925135,0.04468942
925136,0.036947545
925137,0.050393574
925138,0.04919852
925139,0.07471484
925140,0.1719758
925141,0.19120328
925142,0.0048511266
925143,0.014745348
925144,0.013222056
925145,0.024243489
925146,0.06413789
925147,0.028371586
925148,0.015152529
925149,0.026233993
925150,0.025101624
925151,0.025251664
925152,0.14714628
925153,0.006142937
925154,0.011148323
925155,0.009384466
925156,0.009373646
925157,0.010088096
925158,0.007927033
925159,0.022341575
925160,0.01424186
925161,0.013122684
925162,0.012376281
925163,0.034799896
925164,0.008268837
925165,0.003978185
925166,0.0077496828
925167,0.006957355
925168,0.0089742
925169,0.007884983
925170,0.00654787
925171,0.32687074
925172,0.006867556
925173,0.011926727
925174,0.016516376
925175,0.01029684
925176,0.008337189
925177,0.0074628224
925178,0.015177583
925179,0.07117954
925180,0.034601998
925181,0.031746652
925182,0.030365901
925183,0.03550633
925184,0.033225607
925185,0.035330497
925186,0.0072102863
925187,0.01114414
925188,0.012652351
925189,0.011803089
925190,0.007089198
925191,0.011208509
925192,0.01319933
925193,0.01880538
925194,0.026508255
925195,0.011329088
925196,0.016616793
925197,0.01654387
925198,0.014262829
925199,0.007864784
925200,0.015287652
925201,0.012986188
925202,0.0076049264
925203,0.007829968
925204,0.011445223
925205,0.008482588
925206,0.011480117
925207,0.019467117
925208,0.021829544
925209,0.019271025
925210,0.020966893
925211,0.025673086
925212,0.019923104
925213,0.3431938
925214,0.30600157
925215,0.29284602
925216,0.08817601
925217,0.16867809
925218,0.009507207
925219,0.019151624
925220,0.012246044
925221,0.020304495
925222,0.12531047
925223,0.025829272
925224,0.009109741
925225,0.024395745
925226,0.023261316
925227,0.017443074
925228,0.09186835
925229,0.063521296
925230,0.15720691
925231,0.26463032
925232,0.012032221
925233,0.08661339
925234,0.069654524
925235,0.07425908
925236,0.17855169
925237,0.18115076
925238,0.07108683
925239,0.21019015
925240,0.01663417
925241,0.032240957
925242,0.041173518
925243,0.034959517
925244,0.032321893
925245,0.029692374
925246,0.33965242
925247,0.27265647
925248,0.41559625
925249,0.42285153
925250,0.014487266
925251,0.07035258
925252,0.3173913
925253,0.05810329
925254,0.027970232
925255,0.04904713
925256,0.047513228
925257,0.043277204
925258,0.05144802
925259,0.038562153
925260,0.049188893
925261,0.055302158
925262,0.013035996
925263,0.050132327
925264,0.052667823
925265,0.10231447
925266,0.055166677
925267,0.06920146
925268,0.14428607
925269,0.22018363
925270,0.10875838
925271,0.34869388
925272,0.028367044
925273,0.050088044
925274,0.008604993
925275,0.032183904
925276,0.031722747
925277,0.1073842
925278,0.038265377
925279,0.10559992
925280,0.014107677
925281,0.26124427
925282,0.18348609
925283,0.05764382
925284,0.22313456
925285,0.2501111
925286,0.36366853
925287,0.24804118
925288,0.1645086
925289,0.33357066
925290,0.24732867
925291,0.36300406
925292,0.2794058
925293,0.23705721
925294,0.29219046
925295,0.31253034
925296,0.19563317
925297,0.23561308
925298,0.36680752
925299,0.2761798
925300,0.30651772
925301,0.20414914
925302,0.019513376
925303,0.101959184
925304,0.019354293
925305,0.38574436
925306,0.46059042
925307,0.33423597
925308,0.45156172
925309,0.538177
925310,0.5492715
925311,0.53316325
925312,0.43348432
925313,0.44157833
925314,0.5241162
925315,0.59676003
925316,0.6375799
925317,0.7403973
925318,0.43171778
925319,0.22146402
925320,0.042922318
925321,0.36161828
925322,0.62661916
925323,0.36480457
925324,0.615926
925325,0.6541362
925326,0.41172636
925327,0.6218361
925328,0.37173817
925329,0.38774505
925330,0.43096235
925331,0.56865054
925332,0.42866486
925333,0.5320555
925334,0.6558226
925335,0.58598924
925336,0.24626559
925337,0.20674767
925338,0.120940425
925339,0.17862655
925340,0.10363795
925341,0.064818524
925342,0.103440106
925343,0.17745697
925344,0.18607359
925345,0.08532971
925346,0.06266566
925347,0.19662732
925348,0.19995447
925349,0.1828169
925350,0.059943758
925351,0.17813155
925352,0.13099653
925353,0.16975465
925354,0.11661175
925355,0.11368782
925356,0.08502983
925357,0.17115857
925358,0.1171204
925359,0.1359327
925360,0.24581632
925361,0.21553953
925362,0.1974067
925363,0.022835178
925364,0.036341764
925365,0.037993643
925366,0.056600004
925367,0.034148015
925368,0.052274484
925369,0.053131323
925370,0.038905583
925371,0.026407044
925372,0.08662703
925373,0.11777947
925374,0.09547703
925375,0.08835927
925376,0.14855407
925377,0.2607641
925378,0.4570798
925379,0.5627085
925380,0.6472278
925381,0.39086825
925382,0.6854129
925383,0.43734446
925384,0.7423342
925385,0.68042916
925386,0.5610398
925387,0.67382705
925388,0.5783775
925389,0.70212996
925390,0.6854069
925391,0.5680907
925392,0.62826836
925393,0.64099
925394,0.60706836
925395,0.58785594
925396,0.6148874
925397,0.569244
925398,0.57766837
925399,0.5941912
925400,0.35295862
925401,0.0701247
925402,0.14688322
925403,0.2212194
925404,0.31886217
925405,0.51256925
925406,0.32141367
925407,0.3622247
925408,0.35784915
925409,0.46453792
925410,0.4879865
925411,0.5411868
925412,0.5027943
925413,0.5506218
925414,0.3954956
925415,0.2983017
925416,0.25228366
925417,0.746791
925418,0.8928667
925419,0.85664254
925420,0.8578151
925421,0.9226104
925422,0.92952704
925423,0.92633694
925424,0.9459545
925425,0.9256734
925426,0.94077516
925427,0.9474405
925428,0.9170364
925429,0.932673
925430,0.9162312
925431,0.9460978
925432,0.9301419
925433,0.9338511
925434,0.933893
925435,0.9529357
925436,0.9453253
925437,0.96210676
925438,0.9529141
925439,0.9414274
925440,0.954098
925441,0.9549394
925442,0.95093864
925443,0.95178246
925444,0.9232075
925445,0.9162738
925446,0.945865
925447,0.9525286
925448,0.94655555
925449,0.9428857
925450,0.94443566
925451,0.9386404
925452,0.9478124
925453,0.94553095
925454,0.9503843
925455,0.9286408
925456,0.9372206
925457,0.9220659
925458,0.95194393
925459,0.9069724
925460,0.94087785
925461,0.9547075
925462,0.9576908
925463,0.9485528
925464,0.949753
925465,0.9408372
925466,0.9367259
925467,0.96134776
925468,0.95273393
925469,0.9324683
925470,0.93385494
925471,0.9569959
925472,0.9026024
925473,0.95846504
925474,0.9749094
925475,0.97868925
925476,0.9607276
925477,0.9185185
925478,0.95992094
925479,0.95286965
925480,0.94282997
925481,0.942217
925482,0.9043275
925483,0.917344
925484,0.9402378
925485,0.9231837
925486,0.9521505
925487,0.9394937
925488,0.9342487
925489,0.86344415
925490,0.9243903
925491,0.95289433
925492,0.9416096
925493,0.93957907
925494,0.9168494
925495,0.94151586
925496,0.9325078
925497,0.9586964
925498,0.9584536
925499,0.96210545
925500,0.9421318
925501,0.9463025
925502,0.9328303
925503,0.9421456
925504,0.96796656
925505,0.9233576
925506,0.9602605
925507,0.94884044
925508,0.9599438
925509,0.93941545
925510,0.93141866
925511,0.9250271
925512,0.89507806
925513,0.95020735
925514,0.9199492
925515,0.9106395
925516,0.9355619
925517,0.9636935
925518,0.90851855
925519,0.94866925
925520,0.9440235
925521,0.91415966
925522,0.94202656
925523,0.95872545
925524,0.9135081
925525,0.9291546
925526,0.961816
925527,0.94758886
925528,0.96658283
925529,0.94982064
925530,0.935036
925531,0.9227348
925532,0.9040739
925533,0.91510415
925534,0.9060116
925535,0.9577107
925536,0.9368674
925537,0.97461873
925538,0.9089884
925539,0.9559968
925540,0.94746065
925541,0.95508987
925542,0.9502746
925543,0.92024094
925544,0.9474464
925545,0.92263496
925546,0.920425
925547,0.91920966
925548,0.9503254
925549,0.97008497
925550,0.9603579
925551,0.95693827
925552,0.9619669
925553,0.9244744
925554,0.8968504
925555,0.90007883
925556,0.95687103
925557,0.94340944
925558,0.9417185
925559,0.92722034
925560,0.9591551
925561,0.9617418
925562,0.9046197
925563,0.96865606
925564,0.9020647
925565,0.94071007
925566,0.9474421
925567,0.9244011
925568,0.9661153
925569,0.95598394
925570,0.9517424
925571,0.8981502
925572,0.91955286
925573,0.9167721
925574,0.95175385
925575,0.9378487
925576,0.9233262
925577,0.9452974
925578,0.95048565
925579,0.95713645
925580,0.9522013
925581,0.9611822
925582,0.9441401
925583,0.87618417
925584,0.9073621
925585,0.8833696
925586,0.9073621
925587,0.96683586
925588,0.9640435
925589,0.95476717
925590,0.95179003
925591,0.8815299
925592,0.044357777
925593,0.068831846
925594,0.032432936
925595,0.045906838
925596,0.031754788
925597,0.06154687
925598,0.035759207
925599,0.031396065
925600,0.15280049
925601,0.33488923
925602,0.31033683
925603,0.19296701
925604,0.3304908
925605,0.40266183
925606,0.27378124
925607,0.21747425
925608,0.008363166
925609,0.11665334
925610,0.0409869
925611,0.05542038
925612,0.03867894
925613,0.062871344
925614,0.053291906
925615,0.2668416
925616,0.34021664
925617,0.37794474
925618,0.13441421
925619,0.20170005
925620,0.21481138
925621,0.08259189
925622,0.03223987
925623,0.07409934
925624,0.14352515
925625,0.083660096
925626,0.079185806
925627,0.06141387
925628,0.07570067
925629,0.120827936
925630,0.033198997
925631,0.11724178
925632,0.05394137
925633,0.30066067
925634,0.22646955
925635,0.14494711
925636,0.80840844
925637,0.5237811
925638,0.8071593
925639,0.8014807
925640,0.8867416
925641,0.8680249
925642,0.87974244
925643,0.91888535
925644,0.8948134
925645,0.8505351
925646,0.8755579
925647,0.83745724
925648,0.85598433
925649,0.53703374
925650,0.90070677
925651,0.5144731
925652,0.54898757
925653,0.845025
925654,0.5608621
925655,0.88151115
925656,0.50548273
925657,0.834575
925658,0.874719
925659,0.38877988
925660,0.5893631
925661,0.52838373
925662,0.86518216
925663,0.5158909
925664,0.88799214
925665,0.8137478
925666,0.579586
925667,0.8107538
925668,0.44046858
925669,0.36241958
925670,0.353775
925671,0.30090138
925672,0.29084486
925673,0.361763
925674,0.37181357
925675,0.24373274
925676,0.31605694
925677,0.13814679
925678,0.74442416
925679,0.41977495
925680,0.7289471
925681,0.4989151
925682,0.64779705
925683,0.8900415
925684,0.86883533
925685,0.8309177
925686,0.8095706
925687,0.887888
925688,0.86702704
925689,0.7210934
925690,0.7427695
925691,0.37893063
925692,0.32171085
925693,0.855083
925694,0.47609538
925695,0.2169168
925696,0.2524077
925697,0.066699274
925698,0.02452999
925699,0.03144683
925700,0.049259737
925701,0.114501126
925702,0.1951248
925703,0.026996361
925704,0.026259825
925705,0.04797508
925706,0.033241224
925707,0.09547611
925708,0.088103466
925709,0.48699525
925710,0.22544053
925711,0.25215647
925712,0.084776275
925713,0.08615419
925714,0.1703202
925715,0.15305784
925716,0.08462649
925717,0.025611142
925718,0.06584156
925719,0.29872113
925720,0.31622744
925721,0.51243186
925722,0.6234231
925723,0.6490835
925724,0.6294704
925725,0.6399389
925726,0.6535484
925727,0.6458971
925728,0.5976588
925729,0.40151647
925730,0.31300113
925731,0.32423538
925732,0.01628529
925733,0.32519406
925734,0.43365532
925735,0.37769967
925736,0.23481312
925737,0.25802603
925738,0.29350695
925739,0.3735944
925740,0.2716293
925741,0.38141125
925742,0.47932822
925743,0.13456546
925744,0.24718772
925745,0.21785562
925746,0.15968384
925747,0.07152735
925748,0.19479907
925749,0.24839367
925750,0.22776763
925751,0.17041676
925752,0.20506364
925753,0.18929146
925754,0.34565273
925755,0.36520797
925756,0.17448628
925757,0.027012177
925758,0.09299906
925759,0.09498796
925760,0.13555652
925761,0.1425582
925762,0.09521618
925763,0.09152959
925764,0.16481483
925765,0.12968297
925766,0.20593117
925767,0.19965771
925768,0.021981997
925769,0.6564515
925770,0.37421405
925771,0.6161549
925772,0.6891765
925773,0.63779354
925774,0.806799
925775,0.43165007
925776,0.6756992
925777,0.60569245
925778,0.72195363
925779,0.5715013
925780,0.6964597
925781,0.56458765
925782,0.5106006
925783,0.36517993
925784,0.029380606
925785,0.41874784
925786,0.5311726
925787,0.5028899
925788,0.52428883
925789,0.5866843
925790,0.64918846
925791,0.59429556
925792,0.57469815
925793,0.76542807
925794,0.57272154
925795,0.43321124
925796,0.594192
925797,0.4382853
925798,0.03267941
925799,0.32479092
925800,0.15266468
925801,0.16058351
925802,0.7152997
925803,0.70610785
925804,0.51025385
925805,0.77348787
925806,0.80998
925807,0.7893027
925808,0.8077489
925809,0.61270374
925810,0.6834025
925811,0.8017772
925812,0.7929027
925813,0.8166087
925814,0.7879544
925815,0.8109099
925816,0.8842922
925817,0.75229657
925818,0.76189965
925819,0.7673454
925820,0.78778094
925821,0.7685816
925822,0.72046846
925823,0.7587474
925824,0.55410063
925825,0.71991366
925826,0.7490509
925827,0.4190688
925828,0.109054804
925829,0.29080728
925830,0.1374431
925831,0.3422588
925832,0.09383252
925833,0.28533235
925834,0.2730787
925835,0.3402054
925836,0.20531864
925837,0.28019735
925838,0.4242781
925839,0.27463043
925840,0.36350322
925841,0.22251658
925842,0.01976687
925843,0.03325065
925844,0.036575496
925845,0.028434578
925846,0.017613752
925847,0.025199238
925848,0.018882858
925849,0.023770444
925850,0.048889995
925851,0.096324876
925852,0.4382153
925853,0.44913474
925854,0.35374203
925855,0.26174617
925856,0.21375923
925857,0.2798126
925858,0.2854544
925859,0.3048355
925860,0.18486817
925861,0.14527833
925862,0.2671728
925863,0.3451893
925864,0.123235196
925865,0.15556985
925866,0.10852174
925867,0.092604764
925868,0.07966042
925869,0.4314871
925870,0.33141056
925871,0.24478467
925872,0.25230262
925873,0.18818487
925874,0.013288228
925875,0.02921456
925876,0.054654364
925877,0.05618561
925878,0.033056382
925879,0.026144536
925880,0.028927801
925881,0.027678551
925882,0.0953179
925883,0.038224887
925884,0.054338105
925885,0.034212615
925886,0.014659335
925887,0.036678284
925888,0.090221584
925889,0.08650502
925890,0.13095267
925891,0.018147727
925892,0.38475785
925893,0.41969556
925894,0.41455957
925895,0.31140274
925896,0.16909987
925897,0.4889647
925898,0.25731412
925899,0.26061273
925900,0.2632596
925901,0.29551154
925902,0.42266828
925903,0.5820676
925904,0.53753996
925905,0.53522164
925906,0.53794587
925907,0.53794587
925908,0.53543967
925909,0.5292189
925910,0.32199734
925911,0.46369848
925912,0.5050828
925913,0.34660953
925914,0.032746054
925915,0.086390555
925916,0.18429945
925917,0.3108176
925918,0.10387956
925919,0.076924495
925920,0.058778442
925921,0.06933222
925922,0.1455
925923,0.2587402
925924,0.1899869
925925,0.35879856
925926,0.06868339
925927,0.059479695
925928,0.21457154
925929,0.21419916
925930,0.17806137
925931,0.09305927
925932,0.10046933
925933,0.020093422
925934,0.039485548
925935,0.10463076
925936,0.051111024
925937,0.1119183
925938,0.012660496
925939,0.010755452
925940,0.014073296
925941,0.011270419
925942,0.009431241
925943,0.012430187
925944,0.11651507
925945,0.033215735
925946,0.087397
925947,0.037765156
925948,0.06169736
925949,0.040038817
925950,0.04419163
925951,0.15089247
925952,0.15402097
925953,0.111834675
925954,0.16269284
925955,0.00773144
925956,0.009994406
925957,0.00958868
925958,0.009008667
925959,0.009391548
925960,0.013098106
925961,0.009021243
925962,0.013081227
925963,0.013262544
925964,0.034860555
925965,0.04643342
925966,0.034925282
925967,0.04893876
925968,0.042432223
925969,0.035634108
925970,0.040603187
925971,0.0044389167
925972,0.008790864
925973,0.0078034266
925974,0.008495322
925975,0.01528229
925976,0.010816602
925977,0.010672072
925978,0.016987722
925979,0.09118465
925980,0.0049602394
925981,0.01717658
925982,0.023016961
925983,0.02301456
925984,0.018685112
925985,0.024376092
925986,0.05380502
925987,0.36007074
925988,0.3738421
925989,0.55025864
925990,0.44771516
925991,0.40576214
925992,0.3667544
925993,0.17272903
925994,0.12470541
925995,0.09840068
925996,0.07709009
925997,0.1668119
925998,0.068479285
925999,0.33502683
926000,0.060972683
926001,0.225235
926002,0.11663472
926003,0.18552105
926004,0.12541096
926005,0.07715386
926006,0.024509393
926007,0.05689336
926008,0.040727273
926009,0.22194828
926010,0.06532497
926011,0.10240532
926012,0.2306711
926013,0.15204771
926014,0.1777329
926015,0.10975902
926016,0.53957504
926017,0.16132224
926018,0.53684485
926019,0.28737715
926020,0.1973996
926021,0.16660412
926022,0.12892254
926023,0.038352042
926024,0.093998194
926025,0.18992288
926026,0.032178838
926027,0.054246806
926028,0.14271347
926029,0.8434905
926030,0.67569166
926031,0.83227766
926032,0.7162408
926033,0.8545983
926034,0.85700166
926035,0.8265012
926036,0.8134062
926037,0.85962117
926038,0.6088635
926039,0.5793096
926040,0.7324055
926041,0.6153846
926042,0.71723264
926043,0.66685057
926044,0.71179223
926045,0.7154983
926046,0.7087024
926047,0.6479672
926048,0.6573241
926049,0.52432
926050,0.69895357
926051,0.6265407
926052,0.5931819
926053,0.47382087
926054,0.69569016
926055,0.659844
926056,0.36717466
926057,0.13622412
926058,0.028474065
926059,0.11742546
926060,0.058851216
926061,0.067017205
926062,0.5672634
926063,0.5621813
926064,0.5666013
926065,0.6394033
926066,0.73722804
926067,0.40946224
926068,0.6551527
926069,0.7926089
926070,0.61503744
926071,0.40864065
926072,0.37382507
926073,0.64388573
926074,0.4091957
926075,0.34358683
926076,0.6540203
926077,0.36949545
926078,0.03936234
926079,0.14086418
926080,0.06016938
926081,0.09472382
926082,0.056600854
926083,0.034035817
926084,0.07305006
926085,0.22242713
926086,0.036653806
926087,0.013600759
926088,0.020334713
926089,0.037689973
926090,0.028888967
926091,0.046126787
926092,0.05133658
926093,0.022672063
926094,0.02020333
926095,0.23750755
926096,0.008985879
926097,0.038365602
926098,0.044648167
926099,0.046634957
926100,0.026653904
926101,0.029574644
926102,0.03327537
926103,0.11388215
926104,0.21676874
926105,0.11754643
926106,0.15747677
926107,0.06521365
926108,0.051787157
926109,0.13452859
926110,0.079490185
926111,0.052947775
926112,0.0076558082
926113,0.03623409
926114,0.040895034
926115,0.030609084
926116,0.042385478
926117,0.034740005
926118,0.014447757
926119,0.02531775
926120,0.022978773
926121,0.029495666
926122,0.032095034
926123,0.016056983
926124,0.048201963
926125,0.041261196
926126,0.057334486
926127,0.04974941
926128,0.04569143
926129,0.038235012
926130,0.022997113
926131,0.025293348
926132,0.031973425
926133,0.07239071
926134,0.04291312
926135,0.028363254
926136,0.012193679
926137,0.069617994
926138,0.045158543
926139,0.16490589
926140,0.04058217
926141,0.05408771
926142,0.057885062
926143,0.087804645
926144,0.046184435
926145,0.067799635
926146,0.019269219
926147,0.054988626
926148,0.014898558
926149,0.16953537
926150,0.20801848
926151,0.2170718
926152,0.30275327
926153,0.24487408
926154,0.42174596
926155,0.054328583
926156,0.3916743
926157,0.15855375
926158,0.19451311
926159,0.07377448
926160,0.23338553
926161,0.34252533
926162,0.09499891
926163,0.030943444
926164,0.2125859
926165,0.20354292
926166,0.21543907
926167,0.2472182
926168,0.31107503
926169,0.14343138
926170,0.17246102
926171,0.33363965
926172,0.19387391
926173,0.23589952
926174,0.16644213
926175,0.35383493
926176,0.5012864
926177,0.4060923
926178,0.41317672
926179,0.429712
926180,0.50989354
926181,0.4869824
926182,0.3911568
926183,0.4784443
926184,0.46618554
926185,0.4944916
926186,0.41585755
926187,0.43426952
926188,0.46418568
926189,0.5760286
926190,0.39791852
926191,0.28487954
926192,0.04511718
926193,0.15688264
926194,0.15682253
926195,0.3758618
926196,0.16531596
926197,0.16008285
926198,0.23229533
926199,0.14097153
926200,0.27901876
926201,0.19895375
926202,0.15749937
926203,0.15700963
926204,0.16391763
926205,0.09784979
926206,0.05474917
926207,0.16038918
926208,0.17407908
926209,0.18742108
926210,0.18371825
926211,0.2789011
926212,0.2726828
926213,0.36792216
926214,0.5043093
926215,0.03343286
926216,0.53097546
926217,0.6405634
926218,0.60468125
926219,0.7690324
926220,0.75152034
926221,0.80010766
926222,0.8716614
926223,0.82599646
926224,0.7305406
926225,0.8785903
926226,0.75849396
926227,0.8583971
926228,0.83231425
926229,0.8438403
926230,0.89047873
926231,0.88813734
926232,0.8817097
926233,0.8408682
926234,0.9020976
926235,0.71457696
926236,0.70574516
926237,0.8935481
926238,0.8725999
926239,0.8794879
926240,0.87696546
926241,0.86059445
926242,0.87661666
926243,0.87737125
926244,0.89359796
926245,0.8632585
926246,0.8533553
926247,0.8937802
926248,0.8632234
926249,0.86048454
926250,0.859708
926251,0.8308014
926252,0.78491133
926253,0.2598416
926254,0.20496681
926255,0.29670376
926256,0.24301219
926257,0.18448132
926258,0.34606975
926259,0.21787982
926260,0.32876107
926261,0.11383598
926262,0.14369103
926263,0.13931684
926264,0.58475715
926265,0.11587422
926266,0.47469577
926267,0.05310879
926268,0.41048583
926269,0.62391573
926270,0.74074525
926271,0.6624076
926272,0.6511786
926273,0.8369055
926274,0.7434468
926275,0.80066943
926276,0.77773285
926277,0.8176633
926278,0.8979036
926279,0.89518726
926280,0.87887704
926281,0.8890924
926282,0.79555833
926283,0.8844184
926284,0.7936993
926285,0.8911387
926286,0.9010181
926287,0.88409984
926288,0.8019158
926289,0.8956481
926290,0.92166007
926291,0.8755802
926292,0.8871739
926293,0.87470734
926294,0.87357986
926295,0.7963747
926296,0.8833553
926297,0.86816096
926298,0.8959715
926299,0.87753075
926300,0.8611518
926301,0.6589901
926302,0.5883395
926303,0.8610675
926304,0.59872407
926305,0.009012828
926306,0.2505002
926307,0.46486726
926308,0.38072827
926309,0.4574476
926310,0.2509381
926311,0.22075993
926312,0.121286936
926313,0.68668866
926314,0.13964394
926315,0.30080956
926316,0.014935589
926317,0.39317334
926318,0.6059823
926319,0.82226634
926320,0.7358145
926321,0.3950165
926322,0.67257464
926323,0.45871624
926324,0.5292829
926325,0.27094397
926326,0.36163017
926327,0.05429097
926328,0.47857302
926329,0.31097496
926330,0.40268373
926331,0.49173
926332,0.4430531
926333,0.35431358
926334,0.22420427
926335,0.45686272
926336,0.5006036
926337,0.14665559
926338,0.028795324
926339,0.059319053
926340,0.05954262
926341,0.01788595
926342,0.06562383
926343,0.06456689
926344,0.024915783
926345,0.044480216
926346,0.05845908
926347,0.055602875
926348,0.037069518
926349,0.07522184
926350,0.3283013
926351,0.32355243
926352,0.38372213
926353,0.5332317
926354,0.053478803
926355,0.44912463
926356,0.053086795
926357,0.35487497
926358,0.012875348
926359,0.043056905
926360,0.022871828
926361,0.04351725
926362,0.020946926
926363,0.39110407
926364,0.2557183
926365,0.5140094
926366,0.31902778
926367,0.77070874
926368,0.8591572
926369,0.31449458
926370,0.38577852
926371,0.77324367
926372,0.5901845
926373,0.85619044
926374,0.38711616
926375,0.24957095
926376,0.19351889
926377,0.8310322
926378,0.8246506
926379,0.8217759
926380,0.85076237
926381,0.784612
926382,0.12757245
926383,0.024281424
926384,0.038705625
926385,0.035986714
926386,0.04176682
926387,0.03717169
926388,0.041771896
926389,0.30215862
926390,0.43144208
926391,0.6624653
926392,0.12263642
926393,0.7029623
926394,0.6905556
926395,0.6571608
926396,0.6777445
926397,0.5748528
926398,0.5017064
926399,0.67530835
926400,0.22145057
926401,0.021595703
926402,0.025482945
926403,0.7122928
926404,0.21948665
926405,0.74118
926406,0.61898154
926407,0.7981442
926408,0.48575404
926409,0.88860667
926410,0.8861272
926411,0.86004573
926412,0.7813262
926413,0.8525208
926414,0.6300091
926415,0.44180918
926416,0.87848365
926417,0.37709594
926418,0.60804486
926419,0.82065433
926420,0.87435645
926421,0.8634437
926422,0.6986671
926423,0.80739534
926424,0.8826976
926425,0.81021553
926426,0.8749024
926427,0.7891154
926428,0.8542788
926429,0.88776344
926430,0.8038805
926431,0.7960154
926432,0.74162495
926433,0.34359878
926434,0.47705382
926435,0.4804822
926436,0.28216964
926437,0.5257697
926438,0.26206523
926439,0.1668342
926440,0.04594485
926441,0.66459304
926442,0.7497492
926443,0.72672856
926444,0.37834713
926445,0.7360765
926446,0.63132584
926447,0.79953825
926448,0.8487316
926449,0.81112236
926450,0.40635717
926451,0.26564375
926452,0.7646331
926453,0.26272634
926454,0.58074933
926455,0.05846379
926456,0.080753006
926457,0.072846875
926458,0.022848882
926459,0.12866177
926460,0.2784802
926461,0.10688638
926462,0.06096307
926463,0.0919581
926464,0.06397964
926465,0.14685337
926466,0.024239613
926467,0.10031639
926468,0.15326901
926469,0.12058804
926470,0.24223532
926471,0.22567959
926472,0.26096934
926473,0.20674285
926474,0.20717466
926475,0.20911004
926476,0.19558048
926477,0.2780673
926478,0.17008993
926479,0.22861184
926480,0.13639645
926481,0.18403149
926482,0.06298575
926483,0.1793436
926484,0.1854879
926485,0.35541353
926486,0.35149506
926487,0.25710887
926488,0.19093081
926489,0.21838093
926490,0.21403645
926491,0.22353078
926492,0.15248285
926493,0.05513022
926494,0.23292133
926495,0.37311774
926496,0.2425636
926497,0.0694528
926498,0.14879215
926499,0.34240136
926500,0.14201877
926501,0.014332556
926502,0.06519931
926503,0.0108265495
926504,0.25816247
926505,0.66845095
926506,0.7978232
926507,0.33996952
926508,0.35010794
926509,0.168585
926510,0.308013
926511,0.4181599
926512,0.06353992
926513,0.38315174
926514,0.23258425
926515,0.5301782
926516,0.3674957
926517,0.57989854
926518,0.57714033
926519,0.43481475
926520,0.62550116
926521,0.5990247
926522,0.47906432
926523,0.60262364
926524,0.61733025
926525,0.5838458
926526,0.46990055
926527,0.370759
926528,0.015587686
926529,0.7764469
926530,0.0718376
926531,0.07209653
926532,0.23133269
926533,0.11185671
926534,0.67826164
926535,0.15812619
926536,0.78412163
926537,0.13016038
926538,0.08286483
926539,0.1310169
926540,0.28967646
926541,0.60707617
926542,0.6404113
926543,0.74398977
926544,0.75588244
926545,0.8045868
926546,0.7974784
926547,0.7571054
926548,0.7218351
926549,0.8124531
926550,0.64901626
926551,0.6168623
926552,0.7705251
926553,0.6746034
926554,0.6232014
926555,0.6116843
926556,0.5508884
926557,0.64669824
926558,0.77051497
926559,0.7800876
926560,0.6587798
926561,0.6776574
926562,0.4950838
926563,0.016545665
926564,0.24512354
926565,0.73016167
926566,0.06070856
926567,0.45909914
926568,0.04866526
926569,0.24992433
926570,0.06835925
926571,0.31296694
926572,0.27845156
926573,0.24087626
926574,0.3023237
926575,0.22499491
926576,0.022936488
926577,0.23962243
926578,0.22213584
926579,0.6021743
926580,0.80387574
926581,0.7657728
926582,0.82354355
926583,0.8311091
926584,0.79484487
926585,0.84712946
926586,0.7984974
926587,0.8579486
926588,0.8673479
926589,0.86260116
926590,0.87389636
926591,0.86775917
926592,0.8562437
926593,0.8492757
926594,0.89521676
926595,0.83103347
926596,0.75191355
926597,0.8813247
926598,0.80976856
926599,0.83262956
926600,0.8132453
926601,0.87306017
926602,0.80912405
926603,0.8248956
926604,0.82349086
926605,0.92871344
926606,0.86556923
926607,0.9259492
926608,0.83521974
926609,0.928091
926610,0.875597
926611,0.67888904
926612,0.06318834
926613,0.25047255
926614,0.23655143
926615,0.16527706
926616,0.2892943
926617,0.28951216
926618,0.254247
926619,0.30645344
926620,0.21388075
926621,0.2471407
926622,0.24403326
926623,0.65495086
926624,0.123600855
926625,0.10901645
926626,0.12548351
926627,0.14120573
926628,0.116119854
926629,0.13539656
926630,0.14579701
926631,0.10087001
926632,0.18998057
926633,0.12516756
926634,0.01536087
926635,0.055365853
926636,0.06848328
926637,0.02812844
926638,0.027615817
926639,0.044114374
926640,0.04747608
926641,0.044408135
926642,0.017057402
926643,0.028909102
926644,0.01631464
926645,0.029059751
926646,0.02381975
926647,0.032474875
926648,0.13455008
926649,0.1435902
926650,0.032918118
926651,0.06747435
926652,0.07114353
926653,0.077546164
926654,0.054977916
926655,0.055240292
926656,0.016867649
926657,0.021397015
926658,0.023841185
926659,0.019442461
926660,0.029141966
926661,0.048217084
926662,0.03108937
926663,0.075469196
926664,0.027360179
926665,0.033291653
926666,0.06628769
926667,0.03681916
926668,0.3054904
926669,0.008946385
926670,0.017844718
926671,0.024123158
926672,0.018753992
926673,0.020929545
926674,0.023824748
926675,0.026498953
926676,0.027820902
926677,0.016260589
926678,0.017458804
926679,0.051708117
926680,0.07189612
926681,0.086465426
926682,0.078415334
926683,0.0739929
926684,0.080601975
926685,0.07494551
926686,0.07492477
926687,0.45901695
926688,0.46739128
926689,0.4530035
926690,0.4815136
926691,0.40153176
926692,0.16912416
926693,0.14780372
926694,0.24705738
926695,0.09640209
926696,0.26060578
926697,0.42652106
926698,0.3136736
926699,0.39854932
926700,0.1528884
926701,0.17863724
926702,0.1267823
926703,0.17023967
926704,0.17413321
926705,0.010988767
926706,0.032355126
926707,0.04554363
926708,0.033761535
926709,0.032552093
926710,0.03640916
926711,0.025557434
926712,0.2420034
926713,0.028898228
926714,0.056450237
926715,0.104866385
926716,0.06071105
926717,0.06925381
926718,0.014477663
926719,0.104527995
926720,0.15635963
926721,0.12485426
926722,0.27204654
926723,0.26905406
926724,0.16672216
926725,0.11943255
926726,0.06885652
926727,0.0640617
926728,0.06116975
926729,0.062375918
926730,0.08985872
926731,0.22931315
926732,0.20942004
926733,0.26083532
926734,0.32728297
926735,0.39732024
926736,0.49021477
926737,0.4464073
926738,0.21583726
926739,0.4722404
926740,0.3176945
926741,0.09891532
926742,0.117575124
926743,0.09309949
926744,0.08908664
926745,0.059571087
926746,0.030481754
926747,0.13328813
926748,0.096584484
926749,0.091315724
926750,0.21449238
926751,0.02302788
926752,0.22739118
926753,0.2497524
926754,0.44141814
926755,0.414705
926756,0.43502942
926757,0.20540643
926758,0.19641759
926759,0.5636987
926760,0.25965342
926761,0.61602306
926762,0.37706125
926763,0.16225074
926764,0.31344336
926765,0.3117979
926766,0.25424892
926767,0.22693591
926768,0.0066023134
926769,0.029054023
926770,0.020944946
926771,0.022790495
926772,0.1127496
926773,0.068744235
926774,0.43786395
926775,0.15353987
926776,0.01919921
926777,0.07292962
926778,0.059786376
926779,0.060076393
926780,0.025172792
926781,0.017718157
926782,0.03900995
926783,0.020162052
926784,0.17940514
926785,0.36276054
926786,0.3538733
926787,0.085580304
926788,0.08301518
926789,0.4190818
926790,0.05098577
926791,0.62291455
926792,0.24852878
926793,0.07401792
926794,0.045163065
926795,0.06542358
926796,0.06948456
926797,0.084941044
926798,0.07393687
926799,0.11309545
926800,0.08302662
926801,0.13844368
926802,0.14937724
926803,0.12578513
926804,0.10525417
926805,0.013619675
926806,0.02326983
926807,0.025376493
926808,0.022960527
926809,0.02651969
926810,0.0142353345
926811,0.022640262
926812,0.01978513
926813,0.022714749
926814,0.054018
926815,0.38247046
926816,0.25930193
926817,0.05579892
926818,0.18425265
926819,0.21272682
926820,0.2324762
926821,0.19168034
926822,0.2452279
926823,0.11082966
926824,0.328271
926825,0.006807219
926826,0.027130177
926827,0.020686856
926828,0.022563947
926829,0.028307976
926830,0.03056143
926831,0.035667855
926832,0.06429211
926833,0.127429
926834,0.30272004
926835,0.2880571
926836,0.4511147
926837,0.3332201
926838,0.5215052
926839,0.15466307
926840,0.45755866
926841,0.48928505
926842,0.16332486
926843,0.036496617
926844,0.16486682
926845,0.63054186
926846,0.30257756
926847,0.3837086
926848,0.37812093
926849,0.35019636
926850,0.33343652
926851,0.33688068
926852,0.32565865
926853,0.36695546
926854,0.35545263
926855,0.39230415
926856,0.28784785
926857,0.29384455
926858,0.06653239
926859,0.38733476
926860,0.4124526
926861,0.13008627
926862,0.13200603
926863,0.09378814
926864,0.08808546
926865,0.09890986
926866,0.10387703
926867,0.110688694
926868,0.16309056
926869,0.109938994
926870,0.15583913
926871,0.013001832
926872,0.046167813
926873,0.05167888
926874,0.1287694
926875,0.051414315
926876,0.19348073
926877,0.32278702
926878,0.48653898
926879,0.5312552
926880,0.3460507
926881,0.32772648
926882,0.31853607
926883,0.19983414
926884,0.28732702
926885,0.35559326
926886,0.2106307
926887,0.14011534
926888,0.035566103
926889,0.019453041
926890,0.017460268
926891,0.048025664
926892,0.14736249
926893,0.14171854
926894,0.103896625
926895,0.12156535
926896,0.007512409
926897,0.009594714
926898,0.01200571
926899,0.008724011
926900,0.0103237135
926901,0.011249842
926902,0.010207411
926903,0.17423217
926904,0.005652126
926905,0.011068193
926906,0.011643075
926907,0.00912246
926908,0.012135538
926909,0.010653496
926910,0.008615536
926911,0.25506824
926912,0.005344153
926913,0.010326247
926914,0.016469635
926915,0.007217533
926916,0.008490632
926917,0.011938562
926918,0.00850336
926919,0.117155924
926920,0.045895457
926921,0.7874713
926922,0.80957705
926923,0.07200389
926924,0.08725435
926925,0.07326592
926926,0.2745454
926927,0.08107959
926928,0.34328616
926929,0.0865923
926930,0.25697047
926931,0.091515996
926932,0.07784702
926933,0.17372404
926934,0.071004376
926935,0.010364688
926936,0.014182196
926937,0.099385776
926938,0.027538354
926939,0.016103283
926940,0.016239299
926941,0.011719644
926942,0.017107833
926943,0.03141259
926944,0.05938222
926945,0.014388989
926946,0.07446836
926947,0.6367149
926948,0.23213157
926949,0.08384609
926950,0.48559338
926951,0.41385573
926952,0.16497937
926953,0.45092353
926954,0.2905025
926955,0.009316428
926956,0.023535274
926957,0.029483998
926958,0.026670406
926959,0.07158304
926960,0.030474732
926961,0.012120489
926962,0.0056668306
926963,0.01002956
926964,0.012255663
926965,0.008736695
926966,0.009928565
926967,0.114768505
926968,0.51118284
926969,0.55989873
926970,0.603738
926971,0.5967763
926972,0.62656164
926973,0.6530913
926974,0.6387931
926975,0.60783595
926976,0.54716754
926977,0.5152223
926978,0.64632016
926979,0.6008659
926980,0.58203167
926981,0.5303178
926982,0.60541713
926983,0.646917
926984,0.6478485
926985,0.6152988
926986,0.3854135
926987,0.45070538
926988,0.011745403
926989,0.059967235
926990,0.0790162
926991,0.09360046
926992,0.024595832
926993,0.011489348
926994,0.013475227
926995,0.014057228
926996,0.01057643
926997,0.012221953
926998,0.049789824
926999,0.08906167
927000,0.36403644
927001,0.35928255
927002,0.2743128
927003,0.3034248
927004,0.018476559
927005,0.027455835
927006,0.031590547
927007,0.022350306
927008,0.019952033
927009,0.032623738
927010,0.16684355
927011,0.16283755
927012,0.0628964
927013,0.057956148
927014,0.059198525
927015,0.072953805
927016,0.06624821
927017,0.08302413
927018,0.08797232
927019,0.06058022
927020,0.24929452
927021,0.10058279
927022,0.14089037
927023,0.16438985
927024,0.015946358
927025,0.06058982
927026,0.08151852
927027,0.12658441
927028,0.15201761
927029,0.10621534
927030,0.09812177
927031,0.08596955
927032,0.0642999
927033,0.044301156
927034,0.059241574
927035,0.008751479
927036,0.028064214
927037,0.032726195
927038,0.025162188
927039,0.025757324
927040,0.010571905
927041,0.066260256
927042,0.074285224
927043,0.10390465
927044,0.27649522
927045,0.2712588
927046,0.098277986
927047,0.008163055
927048,0.030963758
927049,0.029826397
927050,0.022543406
927051,0.030029567
927052,0.022638898
927053,0.02909341
927054,0.01117743
927055,0.040743914
927056,0.039424233
927057,0.039308634
927058,0.041075457
927059,0.08849805
927060,0.08159746
927061,0.011441129
927062,0.019920925
927063,0.021976722
927064,0.086676165
927065,0.03219347
927066,0.090903774
927067,0.016207654
927068,0.06284952
927069,0.47127354
927070,0.2081143
927071,0.36662123
927072,0.34873277
927073,0.3547437
927074,0.32507464
927075,0.20406029
927076,0.1415966
927077,0.19468915
927078,0.06801717
927079,0.43789685
927080,0.30334574
927081,0.34011364
927082,0.3991025
927083,0.44971454
927084,0.26974818
927085,0.40747216
927086,0.37234876
927087,0.2686292
927088,0.46755928
927089,0.37708265
927090,0.5278254
927091,0.3155397
927092,0.03327853
927093,0.11190075
927094,0.17499942
927095,0.07030482
927096,0.093213364
927097,0.053858887
927098,0.071458295
927099,0.059802823
927100,0.03795613
927101,0.1695868
927102,0.12938127
927103,0.19336966
927104,0.1649058
927105,0.27327278
927106,0.026677147
927107,0.027530449
927108,0.026475066
927109,0.02708179
927110,0.039086387
927111,0.028774139
927112,0.046249088
927113,0.05127125
927114,0.044018492
927115,0.058855716
927116,0.026107728
927117,0.037478145
927118,0.057589076
927119,0.054202486
927120,0.035523865
927121,0.0077571995
927122,0.24099037
927123,0.105635725
927124,0.056350987
927125,0.06689981
927126,0.12128764
927127,0.110589355
927128,0.10938337
927129,0.13163178
927130,0.064872295
927131,0.15483601
927132,0.33839184
927133,0.18388362
927134,0.32197246
927135,0.21137121
927136,0.0121969255
927137,0.033567928
927138,0.024423504
927139,0.020237131
927140,0.5459759
927141,0.42373383
927142,0.34810323
927143,0.3471125
927144,0.62303174
927145,0.37064552
927146,0.5919644
927147,0.5617578
927148,0.68238723
927149,0.4776651
927150,0.5561671
927151,0.53164
927152,0.41152468
927153,0.26850256
927154,0.015202228
927155,0.08314157
927156,0.015824502
927157,0.12210808
927158,0.023159003
927159,0.02141088
927160,0.033182286
927161,0.054705102
927162,0.37388414
927163,0.31489855
927164,0.6374363
927165,0.5584985
927166,0.42755324
927167,0.49178594
927168,0.5510019
927169,0.5889562
927170,0.547839
927171,0.43187505
927172,0.5944811
927173,0.4529757
927174,0.5313385
927175,0.5558032
927176,0.62587065
927177,0.64406115
927178,0.24746412
927179,0.5100294
927180,0.55334985
927181,0.42525733
927182,0.5571218
927183,0.017114578
927184,0.16997372
927185,0.124185495
927186,0.09140612
927187,0.06723626
927188,0.07863911
927189,0.060933497
927190,0.08257811
927191,0.13067988
927192,0.17301649
927193,0.26911515
927194,0.07013191
927195,0.28492326
927196,0.028220497
927197,0.21802582
927198,0.6209287
927199,0.16897841
927200,0.7691881
927201,0.7186934
927202,0.38766974
927203,0.4949213
927204,0.40735346
927205,0.517175
927206,0.37971
927207,0.6576873
927208,0.6538562
927209,0.6183239
927210,0.5912401
927211,0.67244
927212,0.42920065
927213,0.65455097
927214,0.4070733
927215,0.72212005
927216,0.60402256
927217,0.62299377
927218,0.4545752
927219,0.041574284
927220,0.12533382
927221,0.34944445
927222,0.15174817
927223,0.110930726
927224,0.10066541
927225,0.0930432
927226,0.0901353
927227,0.08945113
927228,0.010478451
927229,0.027134255
927230,0.0214328
927231,0.025506588
927232,0.020917354
927233,0.01992477
927234,0.2563143
927235,0.33017167
927236,0.07387169
927237,0.17925866
927238,0.09544444
927239,0.12133341
927240,0.012351152
927241,0.051172066
927242,0.060721118
927243,0.05769633
927244,0.06757798
927245,0.020310221
927246,0.042558502
927247,0.053135622
927248,0.060799632
927249,0.056292273
927250,0.042651437
927251,0.07000707
927252,0.052332573
927253,0.061242346
927254,0.14799194
927255,0.11835991
927256,0.028841607
927257,0.09545994
927258,0.07612555
927259,0.075153135
927260,0.18048014
927261,0.0786448
927262,0.11951303
927263,0.16942231
927264,0.15694922
927265,0.16295688
927266,0.11955871
927267,0.23041606
927268,0.31601897
927269,0.07244584
927270,0.11682387
927271,0.07924706
927272,0.6182498
927273,0.6876146
927274,0.7549634
927275,0.4637151
927276,0.89419043
927277,0.7409221
927278,0.72483355
927279,0.58565634
927280,0.7178296
927281,0.9098743
927282,0.9064053
927283,0.7726033
927284,0.898862
927285,0.86712915
927286,0.8111914
927287,0.66938263
927288,0.744678
927289,0.7268382
927290,0.84243983
927291,0.8176211
927292,0.27953848
927293,0.81330734
927294,0.7560084
927295,0.0133235995
927296,0.074878894
927297,0.05510027
927298,0.05113255
927299,0.09461394
927300,0.064281695
927301,0.034504313
927302,0.057935275
927303,0.13054244
927304,0.05743126
927305,0.042199757
927306,0.2564682
927307,0.53735757
927308,0.78882784
927309,0.7194173
927310,0.53156537
927311,0.71497285
927312,0.80804276
927313,0.7624339
927314,0.35720494
927315,0.8324081
927316,0.7180312
927317,0.81169766
927318,0.71269685
927319,0.008940528
927320,0.018518042
927321,0.032337103
927322,0.038103238
927323,0.03439383
927324,0.016641168
927325,0.02786266
927326,0.05110143
927327,0.60117704
927328,0.33601603
927329,0.29135817
927330,0.014382465
927331,0.027545396
927332,0.038474385
927333,0.04081676
927334,0.023593461
927335,0.026008759
927336,0.022010438
927337,0.015412058
927338,0.05790775
927339,0.045512084
927340,0.040071774
927341,0.030741418
927342,0.04457002
927343,0.036051698
927344,0.036045633
927345,0.045072984
927346,0.03927219
927347,0.018108113
927348,0.09624783
927349,0.098718904
927350,0.10605342
927351,0.116445586
927352,0.11781109
927353,0.11441561
927354,0.10549186
927355,0.37797612
927356,0.3655488
927357,0.18634407
927358,0.49022004
927359,0.10871462
927360,0.37936327
927361,0.11878153
927362,0.10605816
927363,0.08896069
927364,0.056772143
927365,0.15323725
927366,0.038844373
927367,0.057622038
927368,0.08282923
927369,0.052850503
927370,0.016705204
927371,0.03678957
927372,0.16094969
927373,0.15835312
927374,0.032322977
927375,0.027300037
927376,0.13975918
927377,0.039163254
927378,0.16485593
927379,0.04310827
927380,0.037404515
927381,0.030917088
927382,0.104765795
927383,0.08750025
927384,0.014099964
927385,0.04346008
927386,0.14277466
927387,0.16746797
927388,0.075693496
927389,0.116770804
927390,0.049356323
927391,0.048037935
927392,0.06683115
927393,0.1296651
927394,0.054894738
927395,0.10387455
927396,0.01141933
927397,0.07188056
927398,0.07090442
927399,0.11389464
927400,0.080369964
927401,0.115177736
927402,0.070504345
927403,0.054215375
927404,0.06653456
927405,0.19435003
927406,0.06323839
927407,0.08086895
927408,0.010968889
927409,0.0534001
927410,0.050685007
927411,0.063124575
927412,0.04821195
927413,0.103666276
927414,0.038839042
927415,0.03340348
927416,0.037245207
927417,0.049260076
927418,0.1443095
927419,0.06783305
927420,0.06833951
927421,0.05286459
927422,0.21892507
927423,0.17011224
927424,0.1541173
927425,0.21954338
927426,0.23913285
927427,0.24661258
927428,0.25113446
927429,0.03385435
927430,0.055793192
927431,0.049354255
927432,0.0361989
927433,0.036367573
927434,0.04193242
927435,0.09881116
927436,0.056536537
927437,0.03456746
927438,0.43505135
927439,0.34700537
927440,0.47331056
927441,0.5969936
927442,0.5514362
927443,0.5062034
927444,0.5491384
927445,0.35969973
927446,0.61418325
927447,0.6183278
927448,0.36050716
927449,0.6068062
927450,0.27805832
927451,0.008077362
927452,0.06030746
927453,0.25203788
927454,0.07349415
927455,0.27839065
927456,0.31197494
927457,0.14530605
927458,0.092686035
927459,0.136693
927460,0.18616198
927461,0.22820005
927462,0.10690959
927463,0.05978692
927464,0.010156386
927465,0.022943227
927466,0.022409122
927467,0.051717248
927468,0.060219783
927469,0.024087695
927470,0.023575485
927471,0.006298551
927472,0.04147498
927473,0.089648075
927474,0.035781477
927475,0.06552198
927476,0.047446128
927477,0.08705809
927478,0.14037737
927479,0.22994316
927480,0.04962478
927481,0.10712096
927482,0.08745789
927483,0.08421675
927484,0.09031463
927485,0.08905724
927486,0.11857262
927487,0.1275232
927488,0.09005511
927489,0.07817644
927490,0.099958636
927491,0.08278934
927492,0.16794573
927493,0.09697523
927494,0.20089293
927495,0.1577313
927496,0.07074145
927497,0.14263153
927498,0.06896854
927499,0.31388003
927500,0.32023388
927501,0.19472201
927502,0.26749238
927503,0.3911753
927504,0.3838385
927505,0.431967
927506,0.40522653
927507,0.43930408
927508,0.12706938
927509,0.4577659
927510,0.17496476
927511,0.33028397
927512,0.27419928
927513,0.47439066
927514,0.46308497
927515,0.65573335
927516,0.7008128
927517,0.6673613
927518,0.6647266
927519,0.59705186
927520,0.37375435
927521,0.12539701
927522,0.018669423
927523,0.21226433
927524,0.111998945
927525,0.1950305
927526,0.12363688
927527,0.15279965
927528,0.14248176
927529,0.28484207
927530,0.25919196
927531,0.11327556
927532,0.10494609
927533,0.30706438
927534,0.47668716
927535,0.40196466
927536,0.23372774
927537,0.09627582
927538,0.23943612
927539,0.23623924
927540,0.023302123
927541,0.33745676
927542,0.12963748
927543,0.07722404
927544,0.06517883
927545,0.09714346
927546,0.0468265
927547,0.09466072
927548,0.026124883
927549,0.056789722
927550,0.062135335
927551,0.038126994
927552,0.05793685
927553,0.03871977
927554,0.050806396
927555,0.15088819
927556,0.034173187
927557,0.007818977
927558,0.017194144
927559,0.023963938
927560,0.032537237
927561,0.03884921
927562,0.024741804
927563,0.02650988
927564,0.025905754
927565,0.01547475
927566,0.007984134
927567,0.017509172
927568,0.016192507
927569,0.020316392
927570,0.013736725
927571,0.014387244
927572,0.015932979
927573,0.0144297425
927574,0.019951269
927575,0.021987082
927576,0.023641722
927577,0.01961882
927578,0.023871174
927579,0.023435758
927580,0.104889825
927581,0.12518302
927582,0.26744992
927583,0.065336026
927584,0.015401497
927585,0.10380251
927586,0.043077283
927587,0.21305665
927588,0.106672145
927589,0.20936571
927590,0.18952757
927591,0.13901347
927592,0.19143882
927593,0.13351412
927594,0.07119299
927595,0.09451056
927596,0.012838946
927597,0.057841994
927598,0.04697605
927599,0.18978502
927600,0.05545824
927601,0.020005854
927602,0.102459945
927603,0.19201976
927604,0.08964513
927605,0.07833595
927606,0.080406286
927607,0.09978569
927608,0.11979676
927609,0.4294532
927610,0.21691038
927611,0.16386744
927612,0.17002642
927613,0.13715392
927614,0.026426507
927615,0.057647243
927616,0.06960675
927617,0.057412084
927618,0.06769134
927619,0.113483995
927620,0.06497497
927621,0.047781333
927622,0.10414212
927623,0.04146547
927624,0.1688488
927625,0.65335697
927626,0.7620009
927627,0.6293067
927628,0.78438175
927629,0.78132045
927630,0.7782431
927631,0.72536063
927632,0.74444914
927633,0.7200812
927634,0.82000834
927635,0.7575532
927636,0.72450733
927637,0.75390196
927638,0.788038
927639,0.7290743
927640,0.79346746
927641,0.6973617
927642,0.7797896
927643,0.7447989
927644,0.7186215
927645,0.4472368
927646,0.012720654
927647,0.05918671
927648,0.07752352
927649,0.058796845
927650,0.07469612
927651,0.08809893
927652,0.10383394
927653,0.055187635
927654,0.039494827
927655,0.034236196
927656,0.09301104
927657,0.09047921
927658,0.11852441
927659,0.024343228
927660,0.0798129
927661,0.17525928
927662,0.018236738
927663,0.10995059
927664,0.05154347
927665,0.105883986
927666,0.10715125
927667,0.047237884
927668,0.24636923
927669,0.18934792
927670,0.25103334
927671,0.13406496
927672,0.06394789
927673,0.17486598
927674,0.2746234
927675,0.011192619
927676,0.035721477
927677,0.031681236
927678,0.0153157655
927679,0.015770197
927680,0.014754738
927681,0.02074721
927682,0.02056517
927683,0.025416108
927684,0.059643626
927685,0.008945295
927686,0.016475676
927687,0.020553023
927688,0.040736992
927689,0.06988017
927690,0.020908931
927691,0.02751925
927692,0.03334342
927693,0.020712474
927694,0.18536961
927695,0.26069936
927696,0.30841365
927697,0.25100344
927698,0.40557045
927699,0.3849882
927700,0.30231386
927701,0.28285718
927702,0.16525209
927703,0.067274824
927704,0.01576142
927705,0.09294543
927706,0.022433126
927707,0.06351009
927708,0.18049075
927709,0.086190134
927710,0.06191426
927711,0.16953117
927712,0.10213846
927713,0.1030633
927714,0.098115705
927715,0.029203452
927716,0.39349505
927717,0.5957717
927718,0.3898313
927719,0.590662
927720,0.5067755
927721,0.32920533
927722,0.50292236
927723,0.2211094
927724,0.54819745
927725,0.32254338
927726,0.05997874
927727,0.012602049
927728,0.060296386
927729,0.06431899
927730,0.13927624
927731,0.06964901
927732,0.077175595
927733,0.37591714
927734,0.083882086
927735,0.07184371
927736,0.17956376
927737,0.31992802
927738,0.14915833
927739,0.14355464
927740,0.14771368
927741,0.11458202
927742,0.07386766
927743,0.54147756
927744,0.6309093
927745,0.74586976
927746,0.73104495
927747,0.55792886
927748,0.7185704
927749,0.7999591
927750,0.81678337
927751,0.8692656
927752,0.8886232
927753,0.8873792
927754,0.8526379
927755,0.8712649
927756,0.8820884
927757,0.8651328
927758,0.8780567
927759,0.83711576
927760,0.8932953
927761,0.839579
927762,0.9287266
927763,0.8007739
927764,0.9095464
927765,0.76961374
927766,0.84870064
927767,0.8599483
927768,0.8491532
927769,0.8866286
927770,0.90352315
927771,0.76648486
927772,0.8086143
927773,0.7406122
927774,0.73335296
927775,0.85019934
927776,0.79813546
927777,0.689711
927778,0.68207526
927779,0.6712289
927780,0.4996611
927781,0.59685403
927782,0.5965929
927783,0.29375944
927784,0.08194477
927785,0.019101884
927786,0.038697243
927787,0.038913686
927788,0.039800372
927789,0.039021008
927790,0.03325931
927791,0.12451835
927792,0.09399125
927793,0.117137365
927794,0.08101515
927795,0.10069139
927796,0.0891333
927797,0.029131254
927798,0.12270641
927799,0.014278067
927800,0.04496167
927801,0.02495943
927802,0.02768773
927803,0.020427007
927804,0.023748673
927805,0.37113136
927806,0.4704725
927807,0.4070926
927808,0.46959025
927809,0.53779936
927810,0.35065648
927811,0.49192408
927812,0.5919756
927813,0.47583264
927814,0.46340543
927815,0.5417492
927816,0.4638387
927817,0.48220867
927818,0.5129821
927819,0.43260264
927820,0.46900845
927821,0.5020045
927822,0.57535344
927823,0.5508117
927824,0.52620435
927825,0.3577973
927826,0.012923824
927827,0.029608713
927828,0.038222082
927829,0.024465322
927830,0.036863133
927831,0.03254649
927832,0.033288587
927833,0.037474662
927834,0.10309865
927835,0.35390615
927836,0.40261444
927837,0.5362542
927838,0.529854
927839,0.5879946
927840,0.6351104
927841,0.6234086
927842,0.6736709
927843,0.68744737
927844,0.45226258
927845,0.68906677
927846,0.69202816
927847,0.7558046
927848,0.6884788
927849,0.34410518
927850,0.5922124
927851,0.58950394
927852,0.6063642
927853,0.5710914
927854,0.5392551
927855,0.60244375
927856,0.6013533
927857,0.5941925
927858,0.5678791
927859,0.66354835
927860,0.26149783
927861,0.012139734
927862,0.056341466
927863,0.03902352
927864,0.07277173
927865,0.048519444
927866,0.09781674
927867,0.18013673
927868,0.061595004
927869,0.096677095
927870,0.10635165
927871,0.096101075
927872,0.10648458
927873,0.13309649
927874,0.086327784
927875,0.007779259
927876,0.023108717
927877,0.02151856
927878,0.021959038
927879,0.021169871
927880,0.020897208
927881,0.024566002
927882,0.012575229
927883,0.09213908
927884,0.029974585
927885,0.3133631
927886,0.051613644
927887,0.038638268
927888,0.05500696
927889,0.037115477
927890,0.14104043
927891,0.008589249
927892,0.018558428
927893,0.015518495
927894,0.023809846
927895,0.017263306
927896,0.0176921
927897,0.016987149
927898,0.02277743
927899,0.01906136
927900,0.008850952
927901,0.0283237
927902,0.03481394
927903,0.13075128
927904,0.033227492
927905,0.07482958
927906,0.027879061
927907,0.027745485
927908,0.015580027
927909,0.071528934
927910,0.102643475
927911,0.03432281
927912,0.15300247
927913,0.09812371
927914,0.20838727
927915,0.10788786
927916,0.14391553
927917,0.19290046
927918,0.121335045
927919,0.1023523
927920,0.00830866
927921,0.17850961
927922,0.064627364
927923,0.22295853
927924,0.18751143
927925,0.054321293
927926,0.016798599
927927,0.368681
927928,0.16361675
927929,0.46702835
927930,0.44287398
927931,0.3963392
927932,0.44741628
927933,0.50445926
927934,0.31357738
927935,0.5035845
927936,0.1860553
927937,0.5034057
927938,0.2252354
927939,0.45072412
927940,0.06778583
927941,0.05323046
927942,0.11329399
927943,0.2170581
927944,0.25930834
927945,0.19887358
927946,0.12402254
927947,0.2222739
927948,0.07778462
927949,0.27339736
927950,0.21326135
927951,0.19507965
927952,0.15858953
927953,0.16018198
927954,0.16810383
927955,0.1673218
927956,0.20166792
927957,0.1975418
927958,0.12263028
927959,0.20754926
927960,0.013425039
927961,0.12372993
927962,0.20915435
927963,0.14275289
927964,0.1875017
927965,0.15068534
927966,0.17098333
927967,0.13832933
927968,0.16109307
927969,0.14419891
927970,0.14978778
927971,0.059808303
927972,0.050171424
927973,0.32856098
927974,0.6017815
927975,0.6148749
927976,0.6158247
927977,0.47758272
927978,0.5753609
927979,0.6740433
927980,0.68541664
927981,0.69533545
927982,0.6240651
927983,0.67111236
927984,0.74161375
927985,0.67750305
927986,0.7238864
927987,0.6827987
927988,0.4986144
927989,0.08262823
927990,0.13346095
927991,0.10597713
927992,0.12582424
927993,0.082146145
927994,0.10072917
927995,0.013498828
927996,0.020493785
927997,0.032558985
927998,0.021082114
927999,0.019545078
928000,0.023859877
928001,0.018278677
928002,0.0072310655
928003,0.01924389
928004,0.0360242
928005,0.023174737
928006,0.026943585
928007,0.024543423
928008,0.03566118
928009,0.016878303
928010,0.09285223
928011,0.03804386
928012,0.0899657
928013,0.056149215
928014,0.050079223
928015,0.054018654
928016,0.03214355
928017,0.0070475196
928018,0.018575907
928019,0.047070593
928020,0.021935873
928021,0.023628075
928022,0.020637468
928023,0.007918229
928024,0.014882722
928025,0.02637421
928026,0.016892163
928027,0.020006152
928028,0.036066003
928029,0.023339044
928030,0.024735427
928031,0.009756837
928032,0.035695676
928033,0.03274281
928034,0.06686201
928035,0.07295965
928036,0.035263706
928037,0.034315705
928038,0.043624714
928039,0.03201539
928040,0.021617603
928041,0.0784683
928042,0.0812819
928043,0.10429116
928044,0.006834867
928045,0.017441504
928046,0.016016593
928047,0.02128093
928048,0.01664347
928049,0.020252703
928050,0.01757005
928051,0.21737848
928052,0.109906286
928053,0.13258167
928054,0.058196988
928055,0.2533531
928056,0.11282379
928057,0.17814009
928058,0.035670035
928059,0.14206813
928060,0.08787046
928061,0.0594006
928062,0.050686136
928063,0.010018379
928064,0.021880629
928065,0.029952077
928066,0.034647103
928067,0.037478644
928068,0.014925147
928069,0.038765263
928070,0.009912257
928071,0.113790296
928072,0.120231435
928073,0.3201897
928074,0.08836127
928075,0.10375193
928076,0.14619543
928077,0.17065428
928078,0.30833283
928079,0.10456781
928080,0.08041694
928081,0.016232876
928082,0.07193617
928083,0.078433655
928084,0.07476983
928085,0.10558537
928086,0.06567023
928087,0.11584765
928088,0.1441218
928089,0.10352207
928090,0.13844596
928091,0.008615344
928092,0.042158317
928093,0.08190725
928094,0.03608755
928095,0.036560632
928096,0.036220565
928097,0.036927216
928098,0.010912333
928099,0.038658448
928100,0.048513368
928101,0.041948725
928102,0.04329167
928103,0.03844528
928104,0.07139278
928105,0.013573222
928106,0.03261256
928107,0.047532316
928108,0.031585585
928109,0.020237172
928110,0.023641022
928111,0.023424536
928112,0.018700738
928113,0.012003838
928114,0.071440496
928115,0.07685742
928116,0.064107515
928117,0.13164784
928118,0.101678066
928119,0.009508886
928120,0.058874365
928121,0.04473205
928122,0.047503475
928123,0.055871952
928124,0.093168594
928125,0.009587843
928126,0.028918982
928127,0.025935503
928128,0.025631718
928129,0.027469022
928130,0.04496292
928131,0.024588281
928132,0.018081926
928133,0.023816247
928134,0.4232206
928135,0.5235458
928136,0.5699369
928137,0.58227104
928138,0.15349185
928139,0.52285266
928140,0.34435168
928141,0.28223437
928142,0.46790195
928143,0.19201522
928144,0.33997685
928145,0.30094108
928146,0.276091
928147,0.1416537
928148,0.014163807
928149,0.086317986
928150,0.02139201
928151,0.09639632
928152,0.25569665
928153,0.10143353
928154,0.21499987
928155,0.1678414
928156,0.016088096
928157,0.27333707
928158,0.18065841
928159,0.3601247
928160,0.4979692
928161,0.42172322
928162,0.2647836
928163,0.2857703
928164,0.5122788
928165,0.41223022
928166,0.42539525
928167,0.38651577
928168,0.28471535
928169,0.49379006
928170,0.4258929
928171,0.079288006
928172,0.10334971
928173,0.108167216
928174,0.07992479
928175,0.16659759
928176,0.22829743
928177,0.23500408
928178,0.16301095
928179,0.04151329
928180,0.21546505
928181,0.186248
928182,0.24264987
928183,0.24008933
928184,0.15217146
928185,0.1282658
928186,0.24459797
928187,0.21071678
928188,0.19857363
928189,0.11976917
928190,0.13644733
928191,0.026392693
928192,0.055211127
928193,0.052296292
928194,0.063549116
928195,0.07510958
928196,0.07579661
928197,0.14100605
928198,0.06513096
928199,0.058931462
928200,0.024793083
928201,0.06733022
928202,0.08463182
928203,0.19334736
928204,0.2793054
928205,0.15542062
928206,0.16656566
928207,0.30153295
928208,0.36247668
928209,0.19116937
928210,0.13738325
928211,0.23331797
928212,0.15172812
928213,0.35364816
928214,0.45372376
928215,0.07633674
928216,0.16972388
928217,0.22204158
928218,0.061560478
928219,0.11651949
928220,0.2205304
928221,0.14849156
928222,0.013590483
928223,0.049883764
928224,0.04889801
928225,0.03770007
928226,0.049440436
928227,0.049674243
928228,0.04090432
928229,0.0526779
928230,0.3549557
928231,0.4761943
928232,0.1790193
928233,0.49066082
928234,0.20342377
928235,0.39144906
928236,0.38291368
928237,0.24496846
928238,0.30130193
928239,0.2059224
928240,0.19714053
928241,0.16981503
928242,0.008383069
928243,0.026149685
928244,0.06458198
928245,0.051089842
928246,0.048635837
928247,0.05426993
928248,0.041404728
928249,0.21296738
928250,0.21926807
928251,0.031371865
928252,0.22807181
928253,0.12507106
928254,0.14567378
928255,0.11144219
928256,0.06826708
928257,0.22699004
928258,0.39368466
928259,0.28563717
928260,0.31062996
928261,0.2741369
928262,0.25981975
928263,0.29199958
928264,0.3369362
928265,0.37262914
928266,0.42670503
928267,0.48635238
928268,0.5649933
928269,0.5487343
928270,0.4443522
928271,0.56414247
928272,0.309933
928273,0.36752182
928274,0.00968501
928275,0.05393121
928276,0.049163535
928277,0.024350392
928278,0.019664405
928279,0.023584927
928280,0.049484838
928281,0.01800552
928282,0.015090386
928283,0.03475479
928284,0.017992456
928285,0.056652106
928286,0.086444244
928287,0.09608085
928288,0.09836545
928289,0.063740075
928290,0.13196754
928291,0.07924897
928292,0.09951584
928293,0.1139763
928294,0.07078342
928295,0.0058535775
928296,0.02217569
928297,0.015440304
928298,0.022382548
928299,0.01817443
928300,0.014641844
928301,0.02516886
928302,0.011756566
928303,0.10783764
928304,0.06370575
928305,0.11591045
928306,0.01675301
928307,0.09747359
928308,0.07803443
928309,0.06711496
928310,0.081574135
928311,0.011592842
928312,0.01949357
928313,0.027099755
928314,0.05879105
928315,0.036940776
928316,0.024275618
928317,0.025348937
928318,0.021641279
928319,0.014993283
928320,0.10412902
928321,0.013174931
928322,0.04762517
928323,0.045156382
928324,0.03507785
928325,0.04158235
928326,0.23689903
928327,0.12449662
928328,0.079522535
928329,0.25479913
928330,0.26488847
928331,0.27171335
928332,0.31857824
928333,0.33540195
928334,0.35051817
928335,0.34435332
928336,0.21458043
928337,0.33336735
928338,0.07960231
928339,0.09226451
928340,0.02008687
928341,0.18602887
928342,0.30215725
928343,0.6444474
928344,0.6040853
928345,0.6595082
928346,0.5907705
928347,0.65696484
928348,0.51466775
928349,0.6473004
928350,0.7089182
928351,0.62940377
928352,0.5165701
928353,0.6164977
928354,0.66698974
928355,0.2635494
928356,0.028317807
928357,0.19369653
928358,0.3151721
928359,0.018290032
928360,0.029613858
928361,0.04940612
928362,0.028816704
928363,0.053382613
928364,0.030164886
928365,0.03226382
928366,0.031518303
928367,0.39499646
928368,0.020245608
928369,0.06498342
928370,0.055101164
928371,0.046144925
928372,0.0075789345
928373,0.020036161
928374,0.017902885
928375,0.021633336
928376,0.021394316
928377,0.013185928
928378,0.04358595
928379,0.044274736
928380,0.044270277
928381,0.08930244
928382,0.22569053
928383,0.26113448
928384,0.29358703
928385,0.19120859
928386,0.253127
928387,0.21842384
928388,0.03986335
928389,0.73074156
928390,0.7921589
928391,0.7242535
928392,0.7580048
928393,0.6184747
928394,0.8784567
928395,0.74452955
928396,0.72871435
928397,0.76992166
928398,0.8607999
928399,0.6060478
928400,0.42255205
928401,0.27314135
928402,0.05684957
928403,0.16952991
928404,0.07063099
928405,0.09115231
928406,0.047598876
928407,0.10263381
928408,0.04993988
928409,0.184571
928410,0.08671145
928411,0.07204035
928412,0.07904067
928413,0.011564797
928414,0.023971349
928415,0.021674925
928416,0.026413081
928417,0.029797498
928418,0.022538995
928419,0.020911545
928420,0.029164113
928421,0.023518842
928422,0.031071438
928423,0.02726255
928424,0.031841453
928425,0.026416058
928426,0.027571183
928427,0.026387468
928428,0.050303597
928429,0.24094813
928430,0.017909812
928431,0.026900055
928432,0.024376612
928433,0.020632913
928434,0.0230939
928435,0.024535548
928436,0.021148741
928437,0.021649787
928438,0.3474735
928439,0.19596958
928440,0.23278558
928441,0.2000251
928442,0.18838444
928443,0.27776766
928444,0.1833196
928445,0.14494665
928446,0.020966481
928447,0.04415886
928448,0.036310114
928449,0.013656707
928450,0.0245733
928451,0.02422513
928452,0.019069145
928453,0.02292236
928454,0.025661746
928455,0.07918523
928456,0.0839134
928457,0.078759536
928458,0.080524564
928459,0.07519244
928460,0.08318745
928461,0.07400617
928462,0.061013654
928463,0.04803798
928464,0.0559942
928465,0.04903479
928466,0.020216005
928467,0.071301796
928468,0.04958393
928469,0.05477742
928470,0.043834206
928471,0.0768986
928472,0.05389523
928473,0.03449518
928474,0.074278444
928475,0.016025852
928476,0.035846855
928477,0.033977207
928478,0.03405395
928479,0.024430385
928480,0.030694226
928481,0.029686144
928482,0.030094301
928483,0.10047659
928484,0.16020507
928485,0.12929672
928486,0.1190933
928487,0.034130484
928488,0.11533783
928489,0.1587896
928490,0.23439205
928491,0.12663434
928492,0.16946904
928493,0.21793923
928494,0.14585467
928495,0.38048854
928496,0.16848676
928497,0.2812758
928498,0.21563825
928499,0.12388386
928500,0.008174356
928501,0.018821595
928502,0.018747747
928503,0.022238126
928504,0.015097162
928505,0.01687642
928506,0.019389275
928507,0.01955648
928508,0.021604314
928509,0.107829355
928510,0.09799259
928511,0.0696448
928512,0.03944642
928513,0.03924226
928514,0.042687733
928515,0.041052766
928516,0.08046166
928517,0.09569631
928518,0.04323172
928519,0.050561175
928520,0.2594375
928521,0.11409597
928522,0.052198987
928523,0.04664916
928524,0.06843636
928525,0.010279662
928526,0.023157509
928527,0.02325994
928528,0.018354027
928529,0.013435926
928530,0.026092377
928531,0.012816713
928532,0.13523114
928533,0.09288699
928534,0.09258707
928535,0.07818341
928536,0.099500015
928537,0.027408045
928538,0.06333857
928539,0.09921214
928540,0.082138486
928541,0.12583864
928542,0.11375692
928543,0.14692456
928544,0.06305647
928545,0.06656202
928546,0.018919485
928547,0.029885774
928548,0.018850368
928549,0.02964166
928550,0.026494022
928551,0.017220344
928552,0.027646456
928553,0.18615581
928554,0.20635991
928555,0.26416886
928556,0.36074337
928557,0.38224277
928558,0.44707012
928559,0.33333617
928560,0.3426744
928561,0.29926994
928562,0.32357645
928563,0.29039562
928564,0.26216888
928565,0.18334076
928566,0.28183612
928567,0.27694735
928568,0.1437593
928569,0.33283347
928570,0.012054745
928571,0.048061363
928572,0.07307374
928573,0.03986723
928574,0.11493713
928575,0.13848948
928576,0.12110188
928577,0.02642899
928578,0.23744482
928579,0.11805127
928580,0.15480961
928581,0.08813447
928582,0.22617504
928583,0.1301782
928584,0.012717493
928585,0.074930616
928586,0.06967769
928587,0.02952313
928588,0.066984355
928589,0.06721853
928590,0.035390157
928591,0.09183017
928592,0.038684055
928593,0.007845497
928594,0.015150048
928595,0.017163794
928596,0.02407181
928597,0.015689645
928598,0.018299028
928599,0.01966731
928600,0.018678883
928601,0.031168673
928602,0.013507041
928603,0.050133314
928604,0.029887168
928605,0.03298824
928606,0.040454157
928607,0.031399902
928608,0.042163093
928609,0.042347085
928610,0.029736076
928611,0.032842763
928612,0.017768012
928613,0.029906917
928614,0.033062678
928615,0.028431494
928616,0.028219655
928617,0.025744498
928618,0.0109040495
928619,0.06345603
928620,0.23938517
928621,0.1955947
928622,0.1662543
928623,0.30622226
928624,0.27354345
928625,0.09613217
928626,0.18112372
928627,0.053401932
928628,0.21287814
928629,0.08669038
928630,0.09036592
928631,0.021103514
928632,0.016655095
928633,0.06828473
928634,0.081353515
928635,0.09896559
928636,0.17809789
928637,0.39000058
928638,0.64981675
928639,0.6664478
928640,0.60883915
928641,0.67689806
928642,0.6558972
928643,0.6749641
928644,0.6155146
928645,0.76596445
928646,0.6436251
928647,0.7010184
928648,0.46719804
928649,0.19604623
928650,0.19131108
928651,0.17265457
928652,0.18064852
928653,0.13543187
928654,0.045276377
928655,0.14870211
928656,0.049847066
928657,0.041817956
928658,0.044172164
928659,0.042233273
928660,0.19744286
928661,0.08942193
928662,0.08819834
928663,0.07936622
928664,0.037134167
928665,0.1552743
928666,0.1283884
928667,0.21707764
928668,0.10333709
928669,0.012660746
928670,0.028066365
928671,0.03276445
928672,0.055580635
928673,0.034706533
928674,0.052352153
928675,0.048046876
928676,0.042560473
928677,0.060929805
928678,0.106841594
928679,0.074581064
928680,0.0951831
928681,0.106956884
928682,0.06857452
928683,0.10131872
928684,0.10944029
928685,0.09912609
928686,0.022535576
928687,0.037110295
928688,0.03394885
928689,0.044042334
928690,0.03902284
928691,0.045863196
928692,0.039233092
928693,0.03453906
928694,0.008302345
928695,0.026812367
928696,0.024337158
928697,0.027306408
928698,0.024712557
928699,0.029914599
928700,0.024382036
928701,0.010085744
928702,0.018298788
928703,0.043661125
928704,0.048485257
928705,0.062279455
928706,0.03524401
928707,0.03236014
928708,0.019512532
928709,0.010441514
928710,0.042395495
928711,0.03962972
928712,0.04591213
928713,0.010764172
928714,0.018779583
928715,0.027822306
928716,0.025078727
928717,0.02671835
928718,0.024270896
928719,0.020123959
928720,0.011646998
928721,0.036755115
928722,0.050482992
928723,0.021980105
928724,0.043265782
928725,0.033039797
928726,0.041373484
928727,0.046688374
928728,0.034384042
928729,0.13667338
928730,0.40040997
928731,0.30820665
928732,0.18209483
928733,0.31820738
928734,0.42590085
928735,0.27507848
928736,0.26629472
928737,0.30336213
928738,0.41799185
928739,0.3198988
928740,0.33901232
928741,0.085141115
928742,0.06373953
928743,0.058439925
928744,0.04717362
928745,0.015653705
928746,0.25324687
928747,0.390094
928748,0.46666244
928749,0.2930997
928750,0.4685525
928751,0.43420967
928752,0.38882482
928753,0.4618828
928754,0.38692448
928755,0.4745999
928756,0.6172104
928757,0.56290436
928758,0.6266227
928759,0.18311688
928760,0.046830393
928761,0.20815128
928762,0.16624033
928763,0.15212539
928764,0.14405657
928765,0.18843219
928766,0.16725948
928767,0.15938547
928768,0.15337685
928769,0.02411422
928770,0.092602
928771,0.069813564
928772,0.066998184
928773,0.046768125
928774,0.041379612
928775,0.1285538
928776,0.122315995
928777,0.06491542
928778,0.44393462
928779,0.45250997
928780,0.41522044
928781,0.48393428
928782,0.46748745
928783,0.41668484
928784,0.44153732
928785,0.49621132
928786,0.4218853
928787,0.28157005
928788,0.011313983
928789,0.038106672
928790,0.045281593
928791,0.037916258
928792,0.053682644
928793,0.07037608
928794,0.044763252
928795,0.13433097
928796,0.047203917
928797,0.050963603
928798,0.05700237
928799,0.060077548
928800,0.1193059
928801,0.06832283
928802,0.19233678
928803,0.01675731
928804,0.010076098
928805,0.015137075
928806,0.009192361
928807,0.014519789
928808,0.01914256
928809,0.012265094
928810,0.05679414
928811,0.08154655
928812,0.13468789
928813,0.21759169
928814,0.08323272
928815,0.005539899
928816,0.013109144
928817,0.010985294
928818,0.0105183665
928819,0.012606453
928820,0.017152922
928821,0.011572414
928822,0.0047414
928823,0.015833573
928824,0.00821042
928825,0.013010071
928826,0.011842631
928827,0.014153412
928828,0.021220585
928829,0.0092255
928830,0.012537841
928831,0.31900465
928832,0.006690638
928833,0.011563212
928834,0.008450936
928835,0.008653487
928836,0.008401045
928837,0.0098643815
928838,0.013109285
928839,0.011563407
928840,0.22880864
928841,0.005974012
928842,0.010545328
928843,0.009907863
928844,0.0082597155
928845,0.019353477
928846,0.065351225
928847,0.13647093
928848,0.15126848
928849,0.14119783
928850,0.12696332
928851,0.019892959
928852,0.050524656
928853,0.06271248
928854,0.04263152
928855,0.06196006
928856,0.051881004
928857,0.046437778
928858,0.5191326
928859,0.8179263
928860,0.6796582
928861,0.7374839
928862,0.8073556
928863,0.74660265
928864,0.668843
928865,0.6731905
928866,0.7892838
928867,0.80637455
928868,0.8090487
928869,0.77808243
928870,0.7260497
928871,0.80719477
928872,0.7654909
928873,0.7974391
928874,0.80837816
928875,0.7613898
928876,0.76217705
928877,0.8118636
928878,0.7313942
928879,0.77141476
928880,0.78213704
928881,0.78456056
928882,0.7661965
928883,0.7787174
928884,0.77523965
928885,0.73472905
928886,0.78502446
928887,0.64515835
928888,0.75196964
928889,0.7978441
928890,0.74869317
928891,0.7350186
928892,0.6946983
928893,0.3020992
928894,0.016425904
928895,0.048947737
928896,0.2594004
928897,0.053026844
928898,0.032979093
928899,0.10960632
928900,0.09975154
928901,0.2455976
928902,0.34482554
928903,0.22755556
928904,0.19723964
928905,0.08740065
928906,0.44313905
928907,0.60956573
928908,0.68226403
928909,0.6188138
928910,0.78733975
928911,0.7519751
928912,0.78686935
928913,0.85726017
928914,0.8604484
928915,0.8625387
928916,0.7338188
928917,0.74400455
928918,0.926552
928919,0.8037316
928920,0.8435886
928921,0.76289755
928922,0.79401386
928923,0.8776206
928924,0.83733284
928925,0.885689
928926,0.8389274
928927,0.82487553
928928,0.81328374
928929,0.8751241
928930,0.71566594
928931,0.67368954
928932,0.6779709
928933,0.7026473
928934,0.7986616
928935,0.8700711
928936,0.814772
928937,0.8082284
928938,0.8069716
928939,0.79542947
928940,0.54485667
928941,0.07167912
928942,0.08679027
928943,0.09692643
928944,0.07691062
928945,0.099135414
928946,0.0725453
928947,0.062293634
928948,0.105763495
928949,0.14544174
928950,0.2786234
928951,0.33392316
928952,0.2478938
928953,0.14454585
928954,0.17058633
928955,0.15177879
928956,0.13009758
928957,0.021781562
928958,0.04237335
928959,0.04277819
928960,0.044688057
928961,0.028809246
928962,0.044228047
928963,0.04059226
928964,0.03987478
928965,0.055147298
928966,0.031116182
928967,0.027874224
928968,0.028667256
928969,0.25994027
928970,0.2002273
928971,0.24777628
928972,0.22449929
928973,0.18069497
928974,0.1960458
928975,0.192033
928976,0.25566992
928977,0.15588643
928978,0.08704382
928979,0.1539226
928980,0.0125181675
928981,0.04622664
928982,0.04009773
928983,0.038875103
928984,0.023220738
928985,0.0318705
928986,0.030902173
928987,0.015038038
928988,0.07078828
928989,0.072119065
928990,0.057192337
928991,0.062444683
928992,0.009095079
928993,0.021095632
928994,0.022773378
928995,0.018860975
928996,0.020256441
928997,0.01572236
928998,0.022584153
928999,0.022889124
929000,0.013757334
929001,0.11821401
929002,0.07423643
929003,0.058824386
929004,0.07172001
929005,0.06699966
929006,0.11884223
929007,0.13752909
929008,0.34146243
929009,0.14208473
929010,0.54701257
929011,0.4050741
929012,0.38015378
929013,0.17379151
929014,0.19305818
929015,0.24030668
929016,0.24627173
929017,0.15735283
929018,0.3170438
929019,0.21358037
929020,0.03833577
929021,0.15733035
929022,0.15911874
929023,0.1361327
929024,0.1637682
929025,0.13803382
929026,0.1407441
929027,0.11078737
929028,0.08092499
929029,0.38744733
929030,0.13862659
929031,0.17249489
929032,0.23592581
929033,0.3057932
929034,0.2826873
929035,0.28243148
929036,0.25328603
929037,0.15305276
929038,0.20602264
929039,0.20585553
929040,0.24075751
929041,0.21519457
929042,0.12948203
929043,0.043682415
929044,0.12039642
929045,0.11940575
929046,0.103237376
929047,0.26753834
929048,0.19121161
929049,0.20583165
929050,0.088027604
929051,0.15899956
929052,0.16170987
929053,0.029371142
929054,0.03277026
929055,0.04747677
929056,0.097037464
929057,0.04494129
929058,0.04501864
929059,0.047300216
929060,0.07340501
929061,0.07071141
929062,0.06442514
929063,0.062169548
929064,0.06360821
929065,0.065783545
929066,0.13659123
929067,0.062819116
929068,0.016302356
929069,0.046619542
929070,0.05124224
929071,0.039556604
929072,0.041198786
929073,0.040503003
929074,0.0434003
929075,0.020002091
929076,0.17258036
929077,0.15022233
929078,0.04566901
929079,0.10954383
929080,0.07378036
929081,0.08753084
929082,0.061321132
929083,0.15008551
929084,0.056817517
929085,0.06561926
929086,0.06641516
929087,0.06869304
929088,0.09652746
929089,0.078842
929090,0.14465082
929091,0.08986905
929092,0.25321004
929093,0.19426748
929094,0.14913142
929095,0.2737027
929096,0.20349035
929097,0.08080642
929098,0.08130015
929099,0.07274323
929100,0.0708437
929101,0.04270161
929102,0.12241385
929103,0.1369877
929104,0.061800018
929105,0.058240272
929106,0.011493258
929107,0.078978226
929108,0.1524009
929109,0.25229648
929110,0.34023649
929111,0.19132198
929112,0.1535314
929113,0.009142201
929114,0.035602327
929115,0.022105845
929116,0.022352602
929117,0.040523067
929118,0.044075582
929119,0.022419812
929120,0.01825305
929121,0.025701035
929122,0.095766686
929123,0.01729135
929124,0.010309332
929125,0.039077792
929126,0.040429626
929127,0.09060632
929128,0.2112587
929129,0.22482441
929130,0.13717102
929131,0.10533346
929132,0.14424092
929133,0.12038965
929134,0.107452676
929135,0.01070157
929136,0.077817924
929137,0.09024425
929138,0.18858628
929139,0.25562727
929140,0.118047096
929141,0.27146047
929142,0.071883865
929143,0.05323547
929144,0.016692858
929145,0.040721014
929146,0.037340153
929147,0.03138688
929148,0.040090203
929149,0.031175151
929150,0.034006458
929151,0.02932312
929152,0.047935426
929153,0.008848304
929154,0.021693151
929155,0.02454929
929156,0.021077437
929157,0.020983275
929158,0.020611987
929159,0.021288732
929160,0.021167723
929161,0.2718557
929162,0.5287119
929163,0.455373
929164,0.40118706
929165,0.47005045
929166,0.5273769
929167,0.5572479
929168,0.34542093
929169,0.52454793
929170,0.33209196
929171,0.51004565
929172,0.55458415
929173,0.19857322
929174,0.25022474
929175,0.11230047
929176,0.0131435115
929177,0.10815505
929178,0.123132825
929179,0.108151786
929180,0.059758075
929181,0.12499073
929182,0.0846555
929183,0.113925375
929184,0.13316798
929185,0.110670224
929186,0.05700169
929187,0.060950547
929188,0.037127435
929189,0.046778753
929190,0.13584717
929191,0.2622361
929192,0.13584717
929193,0.21214257
929194,0.032109804
929195,0.12007887
929196,0.012926544
929197,0.05001374
929198,0.047369294
929199,0.04596875
929200,0.01710114
929201,0.05086627
929202,0.06288446
929203,0.04925646
929204,0.059130058
929205,0.05684088
929206,0.24751538
929207,0.11012811
929208,0.1028598
929209,0.09676445
929210,0.2004419
929211,0.27171898
929212,0.20293757
929213,0.32715735
929214,0.067114525
929215,0.15089406
929216,0.22462346
929217,0.1250816
929218,0.9866323
929219,0.31154954
929220,0.11957542
929221,0.20293686
929222,0.11370106
929223,0.16301277
929224,0.16700117
929225,0.26125824
929226,0.075549394
929227,0.01228921
929228,0.113902435
929229,0.02984666
929230,0.07137039
929231,0.06985662
929232,0.030385809
929233,0.03887123
929234,0.059366137
929235,0.00918709
929236,0.028250556
929237,0.06286318
929238,0.06199632
929239,0.0640514
929240,0.06631175
929241,0.026212424
929242,0.06670296
929243,0.40960032
929244,0.3490022
929245,0.27977723
929246,0.41314802
929247,0.48225406
929248,0.30663648
929249,0.20872189
929250,0.29411656
929251,0.017146396
929252,0.060983088
929253,0.6956518
929254,0.8667571
929255,0.4513896
929256,0.715784
929257,0.1643964
929258,0.7454623
929259,0.24207935
929260,0.04912531
929261,0.08214081
929262,0.07999623
929263,0.054167695
929264,0.051851865
929265,0.6682147
929266,0.067368515
929267,0.051078923
929268,0.09278033
929269,0.37141466
929270,0.01601025
929271,0.0543152
929272,0.03800529
929273,0.03966949
929274,0.04973599
929275,0.03479529
929276,0.05626839
929277,0.056756794
929278,0.38208705
929279,0.12768866
929280,0.44260508
929281,0.048075534
929282,0.11955948
929283,0.07704355
929284,0.04739065
929285,0.032529943
929286,0.033953562
929287,0.032639813
929288,0.04855234
929289,0.16029954
929290,0.11241123
929291,0.14227895
929292,0.06697263
929293,0.10459253
929294,0.07708044
929295,0.012803477
929296,0.059051767
929297,0.05848126
929298,0.11252903
929299,0.058363907
929300,0.10208185
929301,0.244313
929302,0.09481725
929303,0.22104383
929304,0.14708477
929305,0.13828482
929306,0.1371051
929307,0.117135376
929308,0.13280943
929309,0.146016
929310,0.14434506
929311,0.20168304
929312,0.11962199
929313,0.089523725
929314,0.09432862
929315,0.25771663
929316,0.30441096
929317,0.23028338
929318,0.08318643
929319,0.18771176
929320,0.6709301
929321,0.6824766
929322,0.6894878
929323,0.5943727
929324,0.7510915
929325,0.69117814
929326,0.72953326
929327,0.7419346
929328,0.74319774
929329,0.74090725
929330,0.69527596
929331,0.6900112
929332,0.5764079
929333,0.029413838
929334,0.034838542
929335,0.03340602
929336,0.034965374
929337,0.038207665
929338,0.036318626
929339,0.035354055
929340,0.03687544
929341,0.02798618
929342,0.0676665
929343,0.28605428
929344,0.47288802
929345,0.4704929
929346,0.45183656
929347,0.44958684
929348,0.28109893
929349,0.014232671
929350,0.049940277
929351,0.11154052
929352,0.05416144
929353,0.07352686
929354,0.049842175
929355,0.04004704
929356,0.08055381
929357,0.040724766
929358,0.036903024
929359,0.09340372
929360,0.041637335
929361,0.03569813
929362,0.014670161
929363,0.06592301
929364,0.06380876
929365,0.053562865
929366,0.037980698
929367,0.045325976
929368,0.054847814
929369,0.036574736
929370,0.051547315
929371,0.05309399
929372,0.14704816
929373,0.01446791
929374,0.08138114
929375,0.041288037
929376,0.08712946
929377,0.03855244
929378,0.039883193
929379,0.03892496
929380,0.05318296
929381,0.05170422
929382,0.16446924
929383,0.050062835
929384,0.12883174
929385,0.03796124
929386,0.16063157
929387,0.04419511
929388,0.06439362
929389,0.05135603
929390,0.1663738
929391,0.05539733
929392,0.15989336
929393,0.1377542
929394,0.12489682
929395,0.11301249
929396,0.2065264
929397,0.25329763
929398,0.28042984
929399,0.2322521
929400,0.08283458
929401,0.08147533
929402,0.16292074
929403,0.10883012
929404,0.072195336
929405,0.04022567
929406,0.10525242
929407,0.091098465
929408,0.080073416
929409,0.15263326
929410,0.24622269
929411,0.16352938
929412,0.27411985
929413,0.12283472
929414,0.09628805
929415,0.0780179
929416,0.07605095
929417,0.1583217
929418,0.1585619
929419,0.061937794
929420,0.04167637
929421,0.049019884
929422,0.030515954
929423,0.0068595274
929424,0.015076748
929425,0.014978866
929426,0.014152827
929427,0.011148355
929428,0.015688224
929429,0.008676592
929430,0.6253281
929431,0.29263303
929432,0.23975715
929433,0.011371199
929434,0.021115713
929435,0.016150303
929436,0.020403806
929437,0.01945165
929438,0.41403732
929439,0.15278774
929440,0.6692382
929441,0.7677434
929442,0.83528644
929443,0.8319768
929444,0.7688048
929445,0.8079666
929446,0.84842896
929447,0.91722894
929448,0.8535836
929449,0.9071431
929450,0.8977162
929451,0.81638855
929452,0.54130304
929453,0.8595308
929454,0.90703
929455,0.8656233
929456,0.83562684
929457,0.8808186
929458,0.8058436
929459,0.84100133
929460,0.7506479
929461,0.8337901
929462,0.8571852
929463,0.7301297
929464,0.7681577
929465,0.26867247
929466,0.00805137
929467,0.015634282
929468,0.019139221
929469,0.040972535
929470,0.015861908
929471,0.014838143
929472,0.020400377
929473,0.015364482
929474,0.025573315
929475,0.019327901
929476,0.5033965
929477,0.33679497
929478,0.339431
929479,0.18072696
929480,0.16186015
929481,0.32633445
929482,0.41147542
929483,0.07417185
929484,0.61915517
929485,0.3232776
929486,0.39616385
929487,0.08531914
929488,0.10106525
929489,0.120395795
929490,0.0046608914
929491,0.019097792
929492,0.010956295
929493,0.0077575664
929494,0.008447144
929495,0.009323238
929496,0.1644669
929497,0.4229276
929498,0.24782053
929499,0.56526226
929500,0.15994115
929501,0.8442788
929502,0.5700167
929503,0.7332194
929504,0.3318476
929505,0.1374282
929506,0.13643402
929507,0.38018784
929508,0.45049927
929509,0.019096212
929510,0.027744416
929511,0.021142775
929512,0.021487184
929513,0.023657834
929514,0.074364044
929515,0.010119076
929516,0.01581848
929517,0.012122585
929518,0.024889486
929519,0.011208515
929520,0.010175726
929521,0.0139438575
929522,0.011843306
929523,0.01672511
929524,0.21900083
929525,0.3012193
929526,0.29037172
929527,0.44303587
929528,0.6916551
929529,0.2796569
929530,0.245868
929531,0.48663443
929532,0.20786227
929533,0.034917608
929534,0.044871397
929535,0.033274975
929536,0.04300964
929537,0.069951765
929538,0.040854562
929539,0.063492104
929540,0.045732915
929541,0.04596347
929542,0.029617792
929543,0.005295082
929544,0.012230009
929545,0.0077219056
929546,0.013052744
929547,0.014768253
929548,0.01095613
929549,0.008671226
929550,0.014390226
929551,0.12316346
929552,0.009734674
929553,0.069396086
929554,0.061315645
929555,0.09091163
929556,0.080685444
929557,0.059183683
929558,0.06097503
929559,0.051882267
929560,0.00792962
929561,0.025116721
929562,0.04173356
929563,0.023940811
929564,0.021078665
929565,0.024391951
929566,0.31701115
929567,0.1404254
929568,0.37846243
929569,0.24921717
929570,0.3318995
929571,0.38726133
929572,0.36402246
929573,0.51203585
929574,0.31180203
929575,0.048130456
929576,0.053531025
929577,0.052648485
929578,0.04575495
929579,0.04731211
929580,0.05321173
929581,0.042458124
929582,0.2733491
929583,0.25020024
929584,0.35301733
929585,0.24116954
929586,0.5062494
929587,0.59488845
929588,0.75641
929589,0.5474326
929590,0.38258913
929591,0.2828932
929592,0.6367159
929593,0.6022317
929594,0.29906434
929595,0.17011309
929596,0.39494187
929597,0.5885116
929598,0.55823517
929599,0.2717681
929600,0.017394653
929601,0.08491077
929602,0.117203094
929603,0.009821079
929604,0.027534382
929605,0.026229134
929606,0.044229712
929607,0.02798896
929608,0.027729115
929609,0.033037107
929610,0.0106169395
929611,0.13762647
929612,0.028027518
929613,0.026612716
929614,0.025961433
929615,0.023981169
929616,0.012798108
929617,0.03139503
929618,0.039875783
929619,0.028437026
929620,0.03406868
929621,0.044223506
929622,0.087969586
929623,0.016587025
929624,0.051553246
929625,0.032797974
929626,0.021602565
929627,0.24389055
929628,0.19571754
929629,0.28815612
929630,0.16643797
929631,0.1515392
929632,0.13907757
929633,0.051375233
929634,0.03538216
929635,0.27045736
929636,0.1649697
929637,0.01866774
929638,0.12249001
929639,0.17743088
929640,0.13201761
929641,0.12733744
929642,0.2028906
929643,0.12806241
929644,0.023208488
929645,0.048421893
929646,0.045409687
929647,0.0550861
929648,0.4646185
929649,0.5600814
929650,0.3994643
929651,0.42509893
929652,0.2799549
929653,0.5869294
929654,0.5629816
929655,0.40114948
929656,0.5342063
929657,0.44791216
929658,0.044090543
929659,0.5899026
929660,0.6636088
929661,0.7146317
929662,0.58635265
929663,0.7657762
929664,0.5593564
929665,0.6462591
929666,0.5954263
929667,0.6373968
929668,0.6969309
929669,0.5234388
929670,0.64973545
929671,0.68559307
929672,0.32268763
929673,0.26501948
929674,0.41740906
929675,0.22903603
929676,0.3569557
929677,0.185263
929678,0.13794573
929679,0.12324551
929680,0.14248037
929681,0.12768808
929682,0.24315862
929683,0.11172851
929684,0.09221807
929685,0.07795318
929686,0.012341482
929687,0.04748061
929688,0.05095548
929689,0.059354644
929690,0.058887616
929691,0.08073361
929692,0.08419111
929693,0.10591291
929694,0.08358429
929695,0.112947665
929696,0.12393292
929697,0.036331113
929698,0.16488054
929699,0.1251841
929700,0.012420965
929701,0.038971562
929702,0.024191294
929703,0.019931853
929704,0.1008613
929705,0.103698336
929706,0.12992659
929707,0.11918933
929708,0.10709097
929709,0.43113768
929710,0.35462058
929711,0.24461296
929712,0.24390998
929713,0.46108034
929714,0.35764563
929715,0.013438537
929716,0.1886143
929717,0.09623412
929718,0.10173892
929719,0.104144946
929720,0.06584153
929721,0.07948349
929722,0.1089059
929723,0.13688071
929724,0.13479608
929725,0.18603362
929726,0.21094446
929727,0.076681286
929728,0.116061606
929729,0.41696256
929730,0.22621632
929731,0.7143984
929732,0.6703741
929733,0.6553816
929734,0.55116177
929735,0.61027044
929736,0.6829452
929737,0.6871718
929738,0.69365126
929739,0.6170282
929740,0.560959
929741,0.6873702
929742,0.6876004
929743,0.6316792
929744,0.6090906
929745,0.6898356
929746,0.5987276
929747,0.60984886
929748,0.69230187
929749,0.5037383
929750,0.63174546
929751,0.70275635
929752,0.69276804
929753,0.5817988
929754,0.40139142
929755,0.313763
929756,0.06408661
929757,0.01318063
929758,0.04266867
929759,0.056582805
929760,0.07951125
929761,0.036487967
929762,0.086899646
929763,0.1259564
929764,0.031154646
929765,0.12612827
929766,0.04776356
929767,0.039410584
929768,0.043260958
929769,0.15192802
929770,0.08514787
929771,0.66700774
929772,0.5367996
929773,0.548279
929774,0.46187547
929775,0.6698539
929776,0.67985195
929777,0.5355384
929778,0.68002844
929779,0.4978696
929780,0.009758261
929781,0.028483266
929782,0.022057537
929783,0.017908538
929784,0.01691558
929785,0.13438517
929786,0.9959254
929787,0.018889591
929788,0.011710214
929789,0.26576662
929790,0.23095612
929791,0.17445622
929792,0.37024015
929793,0.18428056
929794,0.37929842
929795,0.6000607
929796,0.4735777
929797,0.54492253
929798,0.49329385
929799,0.35284558
929800,0.085076846
929801,0.051006783
929802,0.014071127
929803,0.051275723
929804,0.04908306
929805,0.044245902
929806,0.038737055
929807,0.04802975
929808,0.9982322
929809,0.040735025
929810,0.10471281
929811,0.14502777
929812,0.062268432
929813,0.0750494
929814,0.0512595
929815,0.05265737
929816,0.04589981
929817,0.12292557
929818,0.32366365
929819,0.20637524
929820,0.1791547
929821,0.138469
929822,0.13930023
929823,0.08697879
929824,0.008875956
929825,0.02646855
929826,0.074622706
929827,0.29361406
929828,0.024975164
929829,0.08767572
929830,0.33802146
929831,0.04504985
929832,0.041573923
929833,0.041372113
929834,0.027200114
929835,0.019839989
929836,0.012574827
929837,0.2317303
929838,0.10243736
929839,0.20148332
929840,0.21350996
929841,0.007313059
929842,0.047856916
929843,0.024906786
929844,0.057242423
929845,0.022089215
929846,0.081329025
929847,0.05150255
929848,0.025546143
929849,0.15105079
929850,0.09817127
929851,0.060857575
929852,0.06817462
929853,0.05507679
929854,0.08335969
929855,0.04622372
929856,0.051452383
929857,0.06883595
929858,0.010128055
929859,0.012629521
929860,0.016019313
929861,0.019749947
929862,0.013369035
929863,0.016416863
929864,0.015568665
929865,0.42418483
929866,0.41696423
929867,0.55756986
929868,0.56098866
929869,0.5092642
929870,0.027366169
929871,0.06563298
929872,0.15672693
929873,0.13748209
929874,0.093271665
929875,0.16179107
929876,0.14328372
929877,0.1198717
929878,0.0823747
929879,0.015202563
929880,0.08603077
929881,0.15503657
929882,0.1328347
929883,0.10387808
929884,0.08885013
929885,0.0980622
929886,0.13935648
929887,0.110409394
929888,0.009637816
929889,0.025520308
929890,0.022454347
929891,0.04385697
929892,0.054399922
929893,0.5101997
929894,0.6701929
929895,0.54831976
929896,0.54155195
929897,0.61885977
929898,0.36231828
929899,0.5214436
929900,0.552483
929901,0.6353713
929902,0.6209757
929903,0.6268319
929904,0.6268843
929905,0.51726097
929906,0.42094484
929907,0.025155008
929908,0.0834574
929909,0.41487667
929910,0.03241549
929911,0.026900213
929912,0.032983493
929913,0.027741417
929914,0.17513627
929915,0.060679067
929916,0.009474045
929917,0.018426687
929918,0.022198118
929919,0.09042947
929920,0.022582363
929921,0.01761094
929922,0.1460939
929923,0.44633156
929924,0.1082613
929925,0.2326841
929926,0.094359644
929927,0.1458191
929928,0.051053114
929929,0.1418313
929930,0.0787127
929931,0.052125327
929932,0.08181831
929933,0.10158246
929934,0.013807456
929935,0.018561212
929936,0.020270376
929937,0.018323444
929938,0.027489016
929939,0.016733048
929940,0.040442914
929941,0.08228613
929942,0.0124927405
929943,0.021523943
929944,0.098324835
929945,0.07890469
929946,0.15447786
929947,0.04882579
929948,0.0998538
929949,0.05757492
929950,0.044228405
929951,0.0261259
929952,0.028693825
929953,0.03268174
929954,0.029940795
929955,0.040847845
929956,0.049303427
929957,0.047042355
929958,0.01978756
929959,0.0057259174
929960,0.029862348
929961,0.023154737
929962,0.021800794
929963,0.021512618
929964,0.020578131
929965,0.0058639734
929966,0.017186267
929967,0.016550211
929968,0.020198785
929969,0.023608686
929970,0.020975865
929971,0.014664475
929972,0.009323243
929973,0.021963414
929974,0.022095133
929975,0.037775736
929976,0.021137398
929977,0.022335758
929978,0.025997233
929979,0.006769873
929980,0.021501308
929981,0.018889997
929982,0.017774794
929983,0.023126513
929984,0.020074012
929985,0.018412456
929986,0.020338627
929987,0.010348682
929988,0.018698713
929989,0.020060565
929990,0.022456788
929991,0.024009516
929992,0.018964358
929993,0.005369855
929994,0.013800023
929995,0.01713127
929996,0.02322652
929997,0.025493428
929998,0.018392878
929999,0.0074905786
930000,0.020559303
930001,0.020193635
930002,0.021957627
930003,0.022637187
930004,0.021725854
930005,0.010405864
930006,0.01694229
930007,0.016101846
930008,0.025851348
930009,0.027135765
930010,0.044220813
930011,0.020213583
930012,0.31610045
930013,0.1375061
930014,0.2745305
930015,0.23511347
930016,0.123352945
930017,0.009328538
930018,0.033348482
930019,0.031894203
930020,0.03887359
930021,0.031492755
930022,0.0373152
930023,0.031850055
930024,0.039634664
930025,0.006871896
930026,0.019550148
930027,0.020822922
930028,0.014217473
930029,0.023413543
930030,0.019718055
930031,0.025686413
930032,0.018552337
930033,0.13342875
930034,0.009801141
930035,0.09701739
930036,0.050077453
930037,0.046761982
930038,0.037998192
930039,0.03462369
930040,0.06670036
930041,0.067343354
930042,0.04149824
930043,0.026552385
930044,0.18819301
930045,0.33194315
930046,0.2826836
930047,0.13359226
930048,0.26866716
930049,0.23830277
930050,0.16689089
930051,0.3121666
930052,0.22864799
930053,0.39586085
930054,0.009593699
930055,0.02790589
930056,0.036648594
930057,0.025277458
930058,0.06853963
930059,0.034434803
930060,0.008768837
930061,0.02845006
930062,0.06367291
930063,0.049249165
930064,0.021579884
930065,0.038274266
930066,0.048615817
930067,0.03984253
930068,0.039475378
930069,0.04481144
930070,0.14099243
930071,0.041021474
930072,0.04676107
930073,0.19181088
930074,0.15565309
930075,0.14275627
930076,0.26164183
930077,0.34145573
930078,0.21065739
930079,0.44842952
930080,0.42697808
930081,0.6785209
930082,0.08714647
930083,0.7935637
930084,0.7841326
930085,0.24428025
930086,0.5213162
930087,0.19944143
930088,0.28841537
930089,0.34678116
930090,0.3153028
930091,0.29914075
930092,0.59105283
930093,0.45038104
930094,0.27253458
930095,0.052038014
930096,0.48497355
930097,0.15877543
930098,0.25314823
930099,0.62391955
930100,0.68326133
930101,0.773202
930102,0.78361154
930103,0.69029665
930104,0.69301015
930105,0.8462911
930106,0.8053502
930107,0.8881543
930108,0.8860336
930109,0.7175814
930110,0.91120136
930111,0.8467694
930112,0.86780506
930113,0.84797704
930114,0.9022188
930115,0.8930791
930116,0.9045339
930117,0.88831
930118,0.9039607
930119,0.78331804
930120,0.7659577
930121,0.81734085
930122,0.8177426
930123,0.8269725
930124,0.84580564
930125,0.71375155
930126,0.80749893
930127,0.8483784
930128,0.82473856
930129,0.820266
930130,0.8170059
930131,0.7185432
930132,0.7859458
930133,0.7674872
930134,0.7081586
930135,0.7826706
930136,0.79194486
930137,0.7909316
930138,0.73044187
930139,0.82086885
930140,0.6145312
930141,0.27746838
930142,0.10846007
930143,0.14594325
930144,0.0864141
930145,0.040243395
930146,0.11669755
930147,0.109915204
930148,0.1416826
930149,0.11343515
930150,0.10579662
930151,0.123850845
930152,0.103726044
930153,0.62660474
930154,0.6722116
930155,0.63016623
930156,0.70119095
930157,0.7092762
930158,0.7276692
930159,0.66976404
930160,0.71834385
930161,0.72626525
930162,0.7926861
930163,0.66736144
930164,0.6137579
930165,0.65425617
930166,0.69589067
930167,0.71542615
930168,0.6621724
930169,0.6812079
930170,0.6700387
930171,0.6647438
930172,0.6184912
930173,0.53255904
930174,0.28802136
930175,0.012518492
930176,0.07491694
930177,0.11094825
930178,0.06462962
930179,0.08485676
930180,0.03536342
930181,0.093069255
930182,0.030704867
930183,0.041037466
930184,0.036969464
930185,0.019210957
930186,0.070768505
930187,0.038162608
930188,0.06780409
930189,0.042962734
930190,0.07785388
930191,0.15913737
930192,0.054080985
930193,0.050938103
930194,0.048214685
930195,0.3050029
930196,0.48814875
930197,0.28416076
930198,0.3589824
930199,0.4867014
930200,0.20698218
930201,0.094625294
930202,0.10595382
930203,0.022799231
930204,0.082045056
930205,0.083190165
930206,0.0676349
930207,0.071298495
930208,0.06703797
930209,0.11584873
930210,0.06895299
930211,0.3019503
930212,0.26595944
930213,0.08708066
930214,0.012840197
930215,0.07114844
930216,0.058926642
930217,0.076505326
930218,0.090083286
930219,0.07685156
930220,0.04597792
930221,0.023512578
930222,0.50978804
930223,0.6090263
930224,0.37589067
930225,0.49741533
930226,0.41834104
930227,0.41042396
930228,0.70709896
930229,0.5839606
930230,0.58850855
930231,0.6294989
930232,0.5879133
930233,0.60444874
930234,0.48756796
930235,0.27650708
930236,0.344856
930237,0.49198732
930238,0.42907104
930239,0.7419562
930240,0.71465236
930241,0.42373273
930242,0.012339139
930243,0.032960482
930244,0.10045474
930245,0.09290549
930246,0.041343782
930247,0.047600172
930248,0.03835802
930249,0.04267401
930250,0.0420929
930251,0.035287976
930252,0.08399586
930253,0.07353493
930254,0.18923302
930255,0.07901082
930256,0.048894253
930257,0.05007938
930258,0.072905704
930259,0.05853418
930260,0.114045516
930261,0.29807097
930262,0.17196377
930263,0.09217427
930264,0.49371845
930265,0.5322718
930266,0.36584702
930267,0.49526557
930268,0.5567636
930269,0.38720027
930270,0.38201085
930271,0.33926818
930272,0.008927971
930273,0.02236032
930274,0.024330745
930275,0.024603713
930276,0.024551319
930277,0.019457003
930278,0.023289999
930279,0.022988928
930280,0.011401138
930281,0.0258318
930282,0.044560127
930283,0.023871684
930284,0.034701236
930285,0.027111532
930286,0.0068217088
930287,0.061393395
930288,0.046480715
930289,0.053579904
930290,0.06371115
930291,0.066259846
930292,0.0878295
930293,0.32357693
930294,0.18511567
930295,0.23888034
930296,0.31276953
930297,0.33176294
930298,0.18072124
930299,0.19860417
930300,0.35167465
930301,0.12344131
930302,0.16346273
930303,0.15441002
930304,0.014298329
930305,0.09487894
930306,0.08986055
930307,0.09422559
930308,0.06703022
930309,0.10616696
930310,0.014400916
930311,0.04858819
930312,0.14607324
930313,0.115358554
930314,0.043301236
930315,0.18005197
930316,0.069610424
930317,0.06305066
930318,0.059607904
930319,0.17793794
930320,0.047244877
930321,0.049924236
930322,0.09144358
930323,0.019914776
930324,0.07615804
930325,0.07309433
930326,0.066962205
930327,0.087218545
930328,0.13335499
930329,0.31088084
930330,0.3884441
930331,0.30007344
930332,0.027266344
930333,0.38032496
930334,0.25573653
930335,0.15636808
930336,0.15698682
930337,0.09626813
930338,0.15751947
930339,0.22317526
930340,0.20642819
930341,0.46747234
930342,0.27064812
930343,0.0623025
930344,0.04614986
930345,0.043779645
930346,0.04669437
930347,0.049820267
930348,0.0469847
930349,0.0306965
930350,0.053057645
930351,0.09319708
930352,0.26496717
930353,0.15355629
930354,0.11193694
930355,0.11729479
930356,0.09285633
930357,0.26942784
930358,0.19416462
930359,0.12780339
930360,0.10152555
930361,0.18436971
930362,0.16673622
930363,0.12995546
930364,0.14694242
930365,0.22723556
930366,0.29050335
930367,0.16803522
930368,0.18852681
930369,0.3920536
930370,0.27334294
930371,0.22579117
930372,0.036782168
930373,0.10221926
930374,0.08194542
930375,0.21581933
930376,0.044588007
930377,0.086692005
930378,0.036645968
930379,0.092868716
930380,0.051333804
930381,0.075361654
930382,0.5535856
930383,0.6727531
930384,0.8505303
930385,0.8311039
930386,0.9336161
930387,0.96189284
930388,0.9733882
930389,0.97350603
930390,0.96899295
930391,0.96929944
930392,0.9708359
930393,0.96173
930394,0.96665835
930395,0.96053886
930396,0.96563363
930397,0.957986
930398,0.97344613
930399,0.9775865
930400,0.9632398
930401,0.95612
930402,0.96026903
930403,0.96881235
930404,0.95442754
930405,0.9734716
930406,0.93179464
930407,0.9529223
930408,0.93368864
930409,0.9526065
930410,0.9680063
930411,0.96433574
930412,0.9759452
930413,0.95134413
930414,0.9634271
930415,0.89772815
930416,0.9527079
930417,0.94145024
930418,0.97988325
930419,0.9682312
930420,0.97886676
930421,0.943672
930422,0.9159584
930423,0.9581053
930424,0.9737994
930425,0.9621008
930426,0.9106482
930427,0.97004986
930428,0.9361109
930429,0.9614846
930430,0.97064453
930431,0.96359986
930432,0.97212327
930433,0.9425259
930434,0.9596897
930435,0.846092
930436,0.9729797
930437,0.96830845
930438,0.96711916
930439,0.9825797
930440,0.9747317
930441,0.9758566
930442,0.943441
930443,0.93988013
930444,0.95346546
930445,0.9202874
930446,0.9148571
930447,0.8856951
930448,0.8956529
930449,0.8714832
930450,0.8856951
930451,0.9720362
930452,0.9534815
930453,0.9323433
930454,0.91378397
930455,0.94973195
930456,0.9800324
930457,0.9459019
930458,0.97119504
930459,0.86070937
930460,0.97049224
930461,0.93002653
930462,0.9656943
930463,0.9747108
930464,0.9468767
930465,0.9561224
930466,0.95518094
930467,0.90967727
930468,0.9692691
930469,0.95891327
930470,0.9724993
930471,0.970523
930472,0.97408754
930473,0.9543533
930474,0.95537215
930475,0.9377343
930476,0.95537215
930477,0.9564556
930478,0.9543533
930479,0.91822016
930480,0.96649116
930481,0.94547814
930482,0.96385974
930483,0.969964
930484,0.9417284
930485,0.7245391
930486,0.7791347
930487,0.9147606
930488,0.92071456
930489,0.92011154
930490,0.95686734
930491,0.9779099
930492,0.9626082
930493,0.86790967
930494,0.88937265
930495,0.9567891
930496,0.96428084
930497,0.97165215
930498,0.90287656
930499,0.01011337
930500,0.026761953
930501,0.024080634
930502,0.026204329
930503,0.028301122
930504,0.051672354
930505,0.03111554
930506,0.029711109
930507,0.013244672
930508,0.6070523
930509,0.9250916
930510,0.9130666
930511,0.95328546
930512,0.80121034
930513,0.9496117
930514,0.9618032
930515,0.9612614
930516,0.96304274
930517,0.963084
930518,0.8795873
930519,0.9433379
930520,0.964813
930521,0.8805867
930522,0.947524
930523,0.90590847
930524,0.96077573
930525,0.9722803
930526,0.9676536
930527,0.96754074
930528,0.9269931
930529,0.9684636
930530,0.9636097
930531,0.96808016
930532,0.97999555
930533,0.95399547
930534,0.9676973
930535,0.930156
930536,0.95642895
930537,0.9266419
930538,0.9729878
930539,0.955331
930540,0.96884567
930541,0.90474284
930542,0.94396144
930543,0.90570253
930544,0.9525578
930545,0.7998313
930546,0.94812787
930547,0.9115566
930548,0.92875683
930549,0.93264943
930550,0.94810665
930551,0.9515681
930552,0.9414865
930553,0.92616683
930554,0.92921126
930555,0.85892326
930556,0.90821844
930557,0.6531656
930558,0.1042151
930559,0.10819922
930560,0.106079206
930561,0.08856146
930562,0.08553841
930563,0.08184089
930564,0.085829824
930565,0.07624679
930566,0.010871283
930567,0.06384828
930568,0.05037496
930569,0.0764342
930570,0.044589054
930571,0.06260024
930572,0.14282247
930573,0.3322717
930574,0.6250657
930575,0.53699255
930576,0.77676654
930577,0.6776552
930578,0.72054124
930579,0.7563363
930580,0.7462233
930581,0.732867
930582,0.6620701
930583,0.754692
930584,0.77811587
930585,0.73638904
930586,0.68471265
930587,0.75290686
930588,0.7842297
930589,0.75488645
930590,0.756291
930591,0.7352871
930592,0.6416095
930593,0.71498096
930594,0.7125137
930595,0.7090867
930596,0.63402766
930597,0.3850003
930598,0.018014703
930599,0.054839052
930600,0.062208552
930601,0.07595548
930602,0.2278167
930603,0.08324921
930604,0.06616283
930605,0.06970886
930606,0.15921803
930607,0.11844861
930608,0.2594003
930609,0.08384208
930610,0.11315628
930611,0.1099407
930612,0.0870908
930613,0.06308168
930614,0.023063866
930615,0.13848568
930616,0.2739847
930617,0.41907218
930618,0.23293883
930619,0.14103492
930620,0.18702658
930621,0.27818516
930622,0.15197136
930623,0.20757912
930624,0.09823027
930625,0.10570201
930626,0.10973691
930627,0.05103296
930628,0.15329266
930629,0.14535144
930630,0.117149316
930631,0.019019255
930632,0.050944738
930633,0.043616638
930634,0.017746428
930635,0.075435065
930636,0.06268835
930637,0.028684603
930638,0.07677825
930639,0.029417174
930640,0.046554014
930641,0.013021323
930642,0.020808488
930643,0.038127013
930644,0.035235703
930645,0.03887882
930646,0.024330784
930647,0.22706228
930648,0.093963034
930649,0.017531859
930650,0.06289938
930651,0.12911378
930652,0.07513692
930653,0.24979548
930654,0.021227177
930655,0.06287902
930656,0.048151497
930657,0.05623102
930658,0.34726962
930659,0.33089855
930660,0.4050552
930661,0.45055413
930662,0.4075762
930663,0.34129685
930664,0.34111753
930665,0.70438135
930666,0.5631786
930667,0.6054275
930668,0.07189206
930669,0.08988387
930670,0.12477635
930671,0.106066436
930672,0.11239136
930673,0.14511354
930674,0.10225443
930675,0.1392001
930676,0.10550032
930677,0.0566086
930678,0.0395911
930679,0.0484516
930680,0.03305196
930681,0.050918408
930682,0.04604081
930683,0.047529373
930684,0.08023554
930685,0.035419412
930686,0.008925148
930687,0.021586325
930688,0.017671015
930689,0.018524028
930690,0.01619462
930691,0.015833216
930692,0.11316051
930693,0.24046572
930694,0.0069053713
930695,0.019571714
930696,0.01922821
930697,0.022462308
930698,0.019659184
930699,0.01833856
930700,0.013305558
930701,0.020775238
930702,0.010004773
930703,0.025518352
930704,0.027009703
930705,0.023902288
930706,0.027427252
930707,0.025835125
930708,0.043248605
930709,0.023012651
930710,0.90671813
930711,0.036723178
930712,0.03214496
930713,0.02146928
930714,0.013152006
930715,0.028009292
930716,0.025767524
930717,0.017781515
930718,0.018553749
930719,0.020510092
930720,0.02053125
930721,0.018585516
930722,0.006496485
930723,0.014886281
930724,0.02181997
930725,0.034338374
930726,0.014249071
930727,0.013539458
930728,0.019841101
930729,0.07679755
930730,0.23606555
930731,0.09637158
930732,0.16912934
930733,0.09120506
930734,0.09275214
930735,0.11930142
930736,0.121728815
930737,0.19501933
930738,0.09037142
930739,0.010470484
930740,0.046989907
930741,0.054228228
930742,0.055125274
930743,0.08345363
930744,0.010067612
930745,0.026212903
930746,0.025490047
930747,0.064186394
930748,0.026226029
930749,0.026901867
930750,0.025962288
930751,0.017883662
930752,0.02187891
930753,0.009787476
930754,0.09510438
930755,0.03323524
930756,0.030596422
930757,0.031629216
930758,0.0090693
930759,0.03135994
930760,0.0164157
930761,0.0137650035
930762,0.01510529
930763,0.017297413
930764,0.017382741
930765,0.009638653
930766,0.019973028
930767,0.02399216
930768,0.022651985
930769,0.020205742
930770,0.028740821
930771,0.02003019
930772,0.008844671
930773,0.016220096
930774,0.016877394
930775,0.017077569
930776,0.021486437
930777,0.020480892
930778,0.016938742
930779,0.010132276
930780,0.04687193
930781,0.05189842
930782,0.0065881955
930783,0.054760125
930784,0.045600966
930785,0.09605536
930786,0.28951773
930787,0.25398043
930788,0.1920434
930789,0.29665446
930790,0.2631895
930791,0.15975194
930792,0.04739947
930793,0.11778176
930794,0.12699103
930795,0.21303016
930796,0.08105911
930797,0.09996477
930798,0.26492482
930799,0.07880824
930800,0.06561087
930801,0.12795663
930802,0.22309454
930803,0.111740395
930804,0.0854896
930805,0.12619524
930806,0.22356105
930807,0.075893104
930808,0.03616471
930809,0.42569155
930810,0.24443978
930811,0.5648979
930812,0.5538432
930813,0.5117285
930814,0.51840585
930815,0.0063052936
930816,0.015828706
930817,0.030187411
930818,0.015390705
930819,0.030346505
930820,0.015929338
930821,0.028473997
930822,0.013423549
930823,0.0769178
930824,0.26144958
930825,0.7565239
930826,0.5780549
930827,0.62304807
930828,0.7098169
930829,0.76180166
930830,0.76076764
930831,0.75927496
930832,0.7226168
930833,0.7598223
930834,0.743874
930835,0.7235645
930836,0.7012357
930837,0.7532484
930838,0.7077978
930839,0.6721607
930840,0.65938926
930841,0.7294646
930842,0.7870132
930843,0.70770216
930844,0.7279781
930845,0.7266704
930846,0.5703076
930847,0.26803362
930848,0.0077506066
930849,0.017628288
930850,0.020306567
930851,0.018395318
930852,0.026386866
930853,0.025029501
930854,0.020994013
930855,0.021081146
930856,0.11935585
930857,0.568925
930858,0.7863182
930859,0.66267073
930860,0.69768304
930861,0.54099303
930862,0.8204872
930863,0.74270844
930864,0.6963757
930865,0.6947082
930866,0.6611386
930867,0.730443
930868,0.7174423
930869,0.8010679
930870,0.7039821
930871,0.57445633
930872,0.71223414
930873,0.63368684
930874,0.6333901
930875,0.6815206
930876,0.485534
930877,0.017745947
930878,0.13856275
930879,0.18179798
930880,0.07660096
930881,0.16323058
930882,0.3366259
930883,0.20974326
930884,0.124228574
930885,0.14299722
930886,0.2579771
930887,0.11511616
930888,0.1148992
930889,0.04177308
930890,0.6597706
930891,0.6429378
930892,0.5588519
930893,0.5746775
930894,0.67498124
930895,0.61015666
930896,0.73694044
930897,0.6687412
930898,0.47493505
930899,0.62672186
930900,0.61702186
930901,0.5921878
930902,0.63719165
930903,0.78121436
930904,0.4882715
930905,0.65758216
930906,0.5950014
930907,0.61254567
930908,0.50510854
930909,0.023088593
930910,0.27657884
930911,0.46108007
930912,0.26101807
930913,0.4799935
930914,0.4618953
930915,0.44814253
930916,0.34304556
930917,0.42354664
930918,0.55766153
930919,0.48835182
930920,0.12494891
930921,0.17655635
930922,0.13654923
930923,0.25661066
930924,0.17932929
930925,0.20475693
930926,0.1241275
930927,0.48996142
930928,0.43801048
930929,0.49924287
930930,0.3341495
930931,0.38406658
930932,0.50031227
930933,0.33833617
930934,0.018547151
930935,0.07615669
930936,0.08377839
930937,0.10109222
930938,0.023935536
930939,0.041588556
930940,0.07547039
930941,0.032548685
930942,0.10226191
930943,0.068886854
930944,0.05494884
930945,0.045360994
930946,0.05871997
930947,0.061037883
930948,0.039679382
930949,0.050407816
930950,0.06506305
930951,0.059775278
930952,0.011362078
930953,0.030355701
930954,0.014720388
930955,0.016886858
930956,0.02602169
930957,0.019888563
930958,0.013769535
930959,0.015542151
930960,0.0127223
930961,0.009010102
930962,0.030045016
930963,0.032561712
930964,0.035465144
930965,0.03621518
930966,0.047845855
930967,0.03399951
930968,0.041127928
930969,0.15444703
930970,0.3038378
930971,0.11846352
930972,0.10015539
930973,0.05326152
930974,0.10950755
930975,0.03230983
930976,0.010180396
930977,0.0338288
930978,0.015355144
930979,0.04257865
930980,0.02557463
930981,0.013142386
930982,0.017960776
930983,0.025217466
930984,0.012720439
930985,0.008779786
930986,0.052306764
930987,0.05290535
930988,0.03411383
930989,0.15086867
930990,0.057631362
930991,0.05781543
930992,0.01621046
930993,0.052888244
930994,0.03962802
930995,0.048573546
930996,0.093988575
930997,0.040325917
930998,0.0467691
930999,0.040084258
931000,0.04135121
931001,0.046312146
931002,0.028743804
931003,0.0060304576
931004,0.024988027
931005,0.011972656
931006,0.021023238
931007,0.01756578
931008,0.01858393
931009,0.015449382
931010,0.023455108
931011,0.07247128
931012,0.012150306
931013,0.025416793
931014,0.023279576
931015,0.019605834
931016,0.016845223
931017,0.017467551
931018,0.012073187
931019,0.024398986
931020,0.022801328
931021,0.023975361
931022,0.022125557
931023,0.02469541
931024,0.07356573
931025,0.018256914
931026,0.062550224
931027,0.05452438
931028,0.25070328
931029,0.0840152
931030,0.0796937
931031,0.01216766
931032,0.019139871
931033,0.022603583
931034,0.029751875
931035,0.036373783
931036,0.024327604
931037,0.0245659
931038,0.024467856
931039,0.0229357
931040,0.037469596
931041,0.19981354
931042,0.087574
931043,0.29587597
931044,0.29683942
931045,0.08580332
931046,0.0991496
931047,0.1258606
931048,0.3693331
931049,0.32874772
931050,0.010356586
931051,0.02321545
931052,0.026448831
931053,0.019839076
931054,0.018022547
931055,0.018693782
931056,0.017909283
931057,0.052468203
931058,0.35127407
931059,0.20649815
931060,0.37399328
931061,0.31816044
931062,0.29477292
931063,0.15425901
931064,0.20378293
931065,0.019807907
931066,0.03636493
931067,0.03497152
931068,0.032851785
931069,0.029316993
931070,0.044126872
931071,0.48918313
931072,0.6555705
931073,0.78162867
931074,0.844406
931075,0.8479395
931076,0.85565096
931077,0.87217253
931078,0.8673876
931079,0.8624352
931080,0.8668595
931081,0.79489726
931082,0.86327803
931083,0.8187248
931084,0.8332707
931085,0.8333466
931086,0.8626766
931087,0.8240189
931088,0.814572
931089,0.84772307
931090,0.8233157
931091,0.8132307
931092,0.8468037
931093,0.8598636
931094,0.87796843
931095,0.884531
931096,0.88017786
931097,0.8787758
931098,0.82814837
931099,0.46574646
931100,0.017704725
931101,0.047165886
931102,0.042460114
931103,0.03875886
931104,0.040730413
931105,0.04429397
931106,0.033323828
931107,0.022862457
931108,0.011004578
931109,0.02419193
931110,0.020312967
931111,0.03164934
931112,0.07827467
931113,0.026436679
931114,0.02688892
931115,0.13809952
931116,0.019789316
931117,0.0241017
931118,0.026729409
931119,0.02828486
931120,0.025378918
931121,0.025093123
931122,0.017368404
931123,0.04137062
931124,0.045885254
931125,0.0412083
931126,0.057932306
931127,0.123448454
931128,0.03243949
931129,0.034122523
931130,0.35585958
931131,0.29894108
931132,0.3817954
931133,0.24923123
931134,0.19677445
931135,0.26281947
931136,0.42074245
931137,0.42773172
931138,0.480125
931139,0.211152
931140,0.012810228
931141,0.03851799
931142,0.030963868
931143,0.03151821
931144,0.030301938
931145,0.024110999
931146,0.028978422
931147,0.028227415
931148,0.030234315
931149,0.1739341
931150,0.01437524
931151,0.031023514
931152,0.029363438
931153,0.027992545
931154,0.04094454
931155,0.051666655
931156,0.037275165
931157,0.031815227
931158,0.55966866
931159,0.71106076
931160,0.68297625
931161,0.6902632
931162,0.7663014
931163,0.66932565
931164,0.74285775
931165,0.7215762
931166,0.72192544
931167,0.65407956
931168,0.61065286
931169,0.7032583
931170,0.63847417
931171,0.5811979
931172,0.46156317
931173,0.030266777
931174,0.041618768
931175,0.03043764
931176,0.028674623
931177,0.06455733
931178,0.061522964
931179,0.052283723
931180,0.040094726
931181,0.033266418
931182,0.029726
931183,0.057716116
931184,0.023660809
931185,0.027983138
931186,0.009135262
931187,0.081575975
931188,0.04214104
931189,0.025258455
931190,0.024184836
931191,0.049981296
931192,0.010293173
931193,0.013916827
931194,0.02467253
931195,0.023631228
931196,0.019948049
931197,0.015759667
931198,0.009420658
931199,0.029163674
931200,0.023907354
931201,0.020391129
931202,0.019998979
931203,0.021853423
931204,0.38021165
931205,0.20582385
931206,0.10027019
931207,0.018409457
931208,0.031145025
931209,0.016793432
931210,0.040689006
931211,0.032726098
931212,0.020509072
931213,0.03649511
931214,0.15413874
931215,0.009870414
931216,0.03610162
931217,0.05614052
931218,0.12963942
931219,0.15815416
931220,0.63616943
931221,0.24087293
931222,0.37958014
931223,0.49232006
931224,0.609536
931225,0.62954706
931226,0.6292141
931227,0.5605118
931228,0.4394882
931229,0.42503604
931230,0.38381565
931231,0.6049143
931232,0.5015886
931233,0.35946965
931234,0.3210757
931235,0.41606855
931236,0.51655275
931237,0.15812054
931238,0.02623607
931239,0.106946
931240,0.0977029
931241,0.07168366
931242,0.22237067
931243,0.06661664
931244,0.044934407
931245,0.18630502
931246,0.036904108
931247,0.035958428
931248,0.32413083
931249,0.19278629
931250,0.17630216
931251,0.26227677
931252,0.19493446
931253,0.11044388
931254,0.017994823
931255,0.0964981
931256,0.052219495
931257,0.14930767
931258,0.032540284
931259,0.02650969
931260,0.029783463
931261,0.03128653
931262,0.007590592
931263,0.03991483
931264,0.035328075
931265,0.02730979
931266,0.02690095
931267,0.23299633
931268,0.016621828
931269,0.10292266
931270,0.041576907
931271,0.04078549
931272,0.03567427
931273,0.032339633
931274,0.006966955
931275,0.032667708
931276,0.04966702
931277,0.02753396
931278,0.10311989
931279,0.09476452
931280,0.008814641
931281,0.21701677
931282,0.041459877
931283,0.049148656
931284,0.06933958
931285,0.16043071
931286,0.32432783
931287,0.15138488
931288,0.037174366
931289,0.28930914
931290,0.3941417
931291,0.4111993
931292,0.39128962
931293,0.24553014
931294,0.31255165
931295,0.3550745
931296,0.40601572
931297,0.39138925
931298,0.32703385
931299,0.22064549
931300,0.43323714
931301,0.17777525
931302,0.2004637
931303,0.039408434
931304,0.14354077
931305,0.12280878
931306,0.20969523
931307,0.1931744
931308,0.14837128
931309,0.14524348
931310,0.14429462
931311,0.09870876
931312,0.1928019
931313,0.17359969
931314,0.23286444
931315,0.06835366
931316,0.10688153
931317,0.013788644
931318,0.018189155
931319,0.040981594
931320,0.04189668
931321,0.01996066
931322,0.051392153
931323,0.0250115
931324,0.012046246
931325,0.23365474
931326,0.4094746
931327,0.22909255
931328,0.30022082
931329,0.23274298
931330,0.39452848
931331,0.5097108
931332,0.54266196
931333,0.34803373
931334,0.3313445
931335,0.4838229
931336,0.4830558
931337,0.2914423
931338,0.56254447
931339,0.45440012
931340,0.376663
931341,0.24091947
931342,0.171166
931343,0.012008945
931344,0.024924368
931345,0.021918053
931346,0.017631665
931347,0.018467182
931348,0.021187542
931349,0.023087926
931350,0.023387996
931351,0.024712533
931352,0.022920378
931353,0.17290299
931354,0.12846234
931355,0.1515907
931356,0.1519875
931357,0.12128884
931358,0.27748698
931359,0.008905751
931360,0.016111292
931361,0.012033025
931362,0.015784746
931363,0.01617843
931364,0.01273603
931365,0.0124481935
931366,0.10934293
931367,0.20257531
931368,0.16459101
931369,0.18296424
931370,0.17052028
931371,0.007275465
931372,0.018986432
931373,0.019347474
931374,0.020680664
931375,0.016416278
931376,0.016393611
931377,0.017831083
931378,0.016928947
931379,0.20961605
931380,0.13795814
931381,0.13297468
931382,0.15187618
931383,0.1660611
931384,0.07910935
931385,0.2642335
931386,0.007348581
931387,0.01708809
931388,0.040638123
931389,0.017006485
931390,0.02102214
931391,0.022678124
931392,0.015534384
931393,0.08313601
931394,0.008636033
931395,0.018045573
931396,0.01749215
931397,0.019442584
931398,0.017131696
931399,0.016489359
931400,0.019866614
931401,0.042945802
931402,0.009241597
931403,0.019563306
931404,0.018962149
931405,0.024551129
931406,0.03257008
931407,0.039968435
931408,0.02533612
931409,0.02703433
931410,0.02189105
931411,0.008146938
931412,0.014562097
931413,0.020066278
931414,0.020592358
931415,0.017446056
931416,0.013987571
931417,0.11725245
931418,0.01127195
931419,0.030654173
931420,0.03076663
931421,0.027510006
931422,0.030246591
931423,0.030743102
931424,0.022717623
931425,0.0096015865
931426,0.06891345
931427,0.06438563
931428,0.064994395
931429,0.066696756
931430,0.10216687
931431,0.11062116
931432,0.19121721
931433,0.23119007
931434,0.08415017
931435,0.075997256
931436,0.18661189
931437,0.093459226
931438,0.087251924
931439,0.11045838
931440,0.04411224
931441,0.008283944
931442,0.046987556
931443,0.06020833
931444,0.048697203
931445,0.040441744
931446,0.05508919
931447,0.7629557
931448,0.8655513
931449,0.8051804
931450,0.9398249
931451,0.9246799
931452,0.9396076
931453,0.9617571
931454,0.9396279
931455,0.8725501
931456,0.9629514
931457,0.9432157
931458,0.9618071
931459,0.9699677
931460,0.96066165
931461,0.95944875
931462,0.9584341
931463,0.8832372
931464,0.9323135
931465,0.933903
931466,0.9054302
931467,0.88736063
931468,0.9509428
931469,0.9575868
931470,0.9257401
931471,0.94591224
931472,0.93251944
931473,0.9583441
931474,0.91194785
931475,0.96520853
931476,0.94824845
931477,0.90994614
931478,0.9410809
931479,0.9251744
931480,0.93123794
931481,0.9348012
931482,0.9443909
931483,0.9499471
931484,0.9179518
931485,0.928595
931486,0.9310317
931487,0.922082
931488,0.9202625
931489,0.91423917
931490,0.90798676
931491,0.93173885
931492,0.94805974
931493,0.9494632
931494,0.9298313
931495,0.9489635
931496,0.9176499
931497,0.8652986
931498,0.9090373
931499,0.92054987
931500,0.92152673
931501,0.92148155
931502,0.9554001
931503,0.9406018
931504,0.93336827
931505,0.9324029
931506,0.9433427
931507,0.9351893
931508,0.8909336
931509,0.905196
931510,0.88759565
931511,0.893542
931512,0.93047786
931513,0.864506
931514,0.9055289
931515,0.8243851
931516,0.9312218
931517,0.8266302
931518,0.9195586
931519,0.9031085
931520,0.9140342
931521,0.9144104
931522,0.85147816
931523,0.8986676
931524,0.9228643
931525,0.7832671
931526,0.9122999
931527,0.90073884
931528,0.9015567
931529,0.9112718
931530,0.95264834
931531,0.87902623
931532,0.90764976
931533,0.9136281
931534,0.9295386
931535,0.88832194
931536,0.95184124
931537,0.8972947
931538,0.9078891
931539,0.92059743
931540,0.815951
931541,0.78141636
931542,0.94849515
931543,0.92692137
931544,0.9045584
931545,0.88339674
931546,0.8782274
931547,0.77850056
931548,0.8999913
931549,0.93276757
931550,0.9199538
931551,0.9299814
931552,0.8949675
931553,0.9249651
931554,0.88831025
931555,0.90287983
931556,0.8741226
931557,0.91988957
931558,0.881929
931559,0.9196446
931560,0.9254306
931561,0.8457184
931562,0.88155115
931563,0.8902657
931564,0.9115877
931565,0.8788542
931566,0.8842321
931567,0.3122004
931568,0.14970806
931569,0.086351104
931570,0.12705947
931571,0.015182523
931572,0.06376128
931573,0.056903493
931574,0.059050232
931575,0.04858633
931576,0.076502174
931577,0.056757
931578,0.06130292
931579,0.0495957
931580,0.31321084
931581,0.2324491
931582,0.0123499585
931583,0.30772206
931584,0.10061364
931585,0.1703862
931586,0.15121314
931587,0.23791298
931588,0.08921062
931589,0.17797482
931590,0.15071748
931591,0.11405646
931592,0.22523738
931593,0.2901317
931594,0.29541728
931595,0.28964755
931596,0.31064618
931597,0.2763815
931598,0.22818747
931599,0.013769679
931600,0.054157
931601,0.053707015
931602,0.03031456
931603,0.043538373
931604,0.05288329
931605,0.060704835
931606,0.069034666
931607,0.048425928
931608,0.04560216
931609,0.22364827
931610,0.013694326
931611,0.094626196
931612,0.23004204
931613,0.29535624
931614,0.20710166
931615,0.3816064
931616,0.3265062
931617,0.30350477
931618,0.29705715
931619,0.3362496
931620,0.19731042
931621,0.18878803
931622,0.21809684
931623,0.289574
931624,0.20078896
931625,0.3459459
931626,0.32910433
931627,0.47997534
931628,0.17505288
931629,0.13173571
931630,0.42568758
931631,0.576497
931632,0.44265574
931633,0.56789804
931634,0.4820259
931635,0.51802874
931636,0.41928524
931637,0.29938987
931638,0.38597515
931639,0.45019105
931640,0.2100189
931641,0.28606847
931642,0.24579524
931643,0.019449344
931644,0.050323874
931645,0.031362265
931646,0.059926916
931647,0.10245617
931648,0.04594269
931649,0.040830065
931650,0.043617215
931651,0.024880674
931652,0.2884669
931653,0.4689667
931654,0.31297183
931655,0.5561043
931656,0.4783282
931657,0.60442406
931658,0.5949623
931659,0.58433586
931660,0.59938985
931661,0.541565
931662,0.50957114
931663,0.5583403
931664,0.3101847
931665,0.030814521
931666,0.21050353
931667,0.044730376
931668,0.030400887
931669,0.10042221
931670,0.7384755
931671,0.15851697
931672,0.17226085
931673,0.39425611
931674,0.5045758
931675,0.122795895
931676,0.019542739
931677,0.25816876
931678,0.38635358
931679,0.2518742
931680,0.14855465
931681,0.21720353
931682,0.15764087
931683,0.15344888
931684,0.15824108
931685,0.3289249
931686,0.13391986
931687,0.022894848
931688,0.30858827
931689,0.14222543
931690,0.014177782
931691,0.07468371
931692,0.111398734
931693,0.11893598
931694,0.07969059
931695,0.117314905
931696,0.38627443
931697,0.58521634
931698,0.64567846
931699,0.5090276
931700,0.5849855
931701,0.58742523
931702,0.6076869
931703,0.6846836
931704,0.5729829
931705,0.54295254
931706,0.54405135
931707,0.61683446
931708,0.44836742
931709,0.10072575
931710,0.2809524
931711,0.086729296
931712,0.5120877
931713,0.6066219
931714,0.6109787
931715,0.51809335
931716,0.4002603
931717,0.4502343
931718,0.53170544
931719,0.5985737
931720,0.6909634
931721,0.588073
931722,0.69886786
931723,0.6366771
931724,0.61994576
931725,0.6303373
931726,0.3897066
931727,0.053272497
931728,0.33635795
931729,0.22725517
931730,0.23575391
931731,0.27474633
931732,0.3639778
931733,0.36902308
931734,0.22878298
931735,0.03199645
931736,0.021341667
931737,0.060068242
931738,0.047927707
931739,0.0100939255
931740,0.017098904
931741,0.02623015
931742,0.009810493
931743,0.07246596
931744,0.011599204
931745,0.010596888
931746,0.02439181
931747,0.01077082
931748,0.02838937
931749,0.026024753
931750,0.04778805
931751,0.061178464
931752,0.06000722
931753,0.012944632
931754,0.04965013
931755,0.024210686
931756,0.024871519
931757,0.026056638
931758,0.2125567
931759,0.042622607
931760,0.10239487
931761,0.013190706
931762,0.043325216
931763,0.075135864
931764,0.027820496
931765,0.025062008
931766,0.014802059
931767,0.03295482
931768,0.030429529
931769,0.1140639
931770,0.25257102
931771,0.111710906
931772,0.057624962
931773,0.2775861
931774,0.3408033
931775,0.29000637
931776,0.2501264
931777,0.22813724
931778,0.015903585
931779,0.052830316
931780,0.07016005
931781,0.1189426
931782,0.4253379
931783,0.21575305
931784,0.13279684
931785,0.073547065
931786,0.099535264
931787,0.16100812
931788,0.13387129
931789,0.14056063
931790,0.55794185
931791,0.8201783
931792,0.7575716
931793,0.44880956
931794,0.42705852
931795,0.744406
931796,0.61524314
931797,0.669097
931798,0.7834637
931799,0.43700874
931800,0.8353436
931801,0.6781134
931802,0.73753977
931803,0.6867665
931804,0.63349193
931805,0.80486476
931806,0.60050875
931807,0.58671474
931808,0.2155805
931809,0.12237978
931810,0.085581966
931811,0.17392741
931812,0.18722837
931813,0.10474343
931814,0.14301239
931815,0.12403042
931816,0.010387956
931817,0.04765975
931818,0.0609347
931819,0.022805829
931820,0.023594795
931821,0.02307243
931822,0.040107135
931823,0.0437162
931824,0.38844755
931825,0.49054936
931826,0.60143024
931827,0.866171
931828,0.65309054
931829,0.8130625
931830,0.836832
931831,0.63410157
931832,0.86616963
931833,0.7143784
931834,0.6930026
931835,0.8857789
931836,0.84431666
931837,0.83703107
931838,0.8752542
931839,0.84585756
931840,0.8577861
931841,0.9276703
931842,0.8780041
931843,0.88866085
931844,0.9115374
931845,0.8495323
931846,0.8581104
931847,0.8518339
931848,0.80453926
931849,0.88141054
931850,0.83294564
931851,0.8520176
931852,0.8079447
931853,0.84649765
931854,0.8375543
931855,0.8591665
931856,0.7984736
931857,0.8281019
931858,0.8144267
931859,0.8067887
931860,0.76221603
931861,0.75152224
931862,0.796974
931863,0.8040016
931864,0.7138622
931865,0.6287954
931866,0.7558775
931867,0.7580575
931868,0.35431024
931869,0.16640805
931870,0.015756717
931871,0.031071784
931872,0.021653565
931873,0.03222722
931874,0.02211857
931875,0.03158887
931876,0.048021555
931877,0.042520214
931878,0.062434934
931879,0.092719905
931880,0.105698876
931881,0.07483545
931882,0.068700105
931883,0.26483
931884,0.2311624
931885,0.21517678
931886,0.2438767
931887,0.21377173
931888,0.018074417
931889,0.057153516
931890,0.02902727
931891,0.035990145
931892,0.01870317
931893,0.04035371
931894,0.01772215
931895,0.078393735
931896,0.20159197
931897,0.015829107
931898,0.030137667
931899,0.03265735
931900,0.037821077
931901,0.023221847
931902,0.020517047
931903,0.021339914
931904,0.016403286
931905,0.118886076
931906,0.06524637
931907,0.036400147
931908,0.21981648
931909,0.13691317
931910,0.04643475
931911,0.05269894
931912,0.07468699
931913,0.014093332
931914,0.07767486
931915,0.02327109
931916,0.046389814
931917,0.16603601
931918,0.04636843
931919,0.02815064
931920,0.024568832
931921,0.08412597
931922,0.04962578
931923,0.16070896
931924,0.016995408
931925,0.038141467
931926,0.051863626
931927,0.057126027
931928,0.14981489
931929,0.15753508
931930,0.067130975
931931,0.12566264
931932,0.05014733
931933,0.11904879
931934,0.011895014
931935,0.059213653
931936,0.061201103
931937,0.062163476
931938,0.08958394
931939,0.07979465
931940,0.3534088
931941,0.3660721
931942,0.3360207
931943,0.34115326
931944,0.363314
931945,0.3711175
931946,0.13468587
931947,0.018240692
931948,0.05505559
931949,0.18789983
931950,0.062340446
931951,0.2178859
931952,0.1918547
931953,0.06195011
931954,0.059973106
931955,0.11340218
931956,0.06703724
931957,0.04635453
931958,0.0119643565
931959,0.17504978
931960,0.07627767
931961,0.078284115
931962,0.24307135
931963,0.07001313
931964,0.08470359
931965,0.2854425
931966,0.14303552
931967,0.19013622
931968,0.25139073
931969,0.13908073
931970,0.4355278
931971,0.27199295
931972,0.044558134
931973,0.18816076
931974,0.1909527
931975,0.1289267
931976,0.17324543
931977,0.08052421
931978,0.20346302
931979,0.25981003
931980,0.2459457
931981,0.18240339
931982,0.107380964
931983,0.2565278
931984,0.28732494
931985,0.10721796
931986,0.05492188
931987,0.13239543
931988,0.18020432
931989,0.2186214
931990,0.124760434
931991,0.49762595
931992,0.40061963
931993,0.46483693
931994,0.22206095
931995,0.3075002
931996,0.3376605
931997,0.32253674
931998,0.66313714
931999,0.48120913
932000,0.43783242
932001,0.15099967
932002,0.4766137
932003,0.06840216
932004,0.2534651
932005,0.26728302
932006,0.16359246
932007,0.06399131
932008,0.04661163
932009,0.30100796
932010,0.12451216
932011,0.15528676
932012,0.2831877
932013,0.31245768
932014,0.101823956
932015,0.43191543
932016,0.3834227
932017,0.22646819
932018,0.57079023
932019,0.1437095
932020,0.25066727
932021,0.58837074
932022,0.5453803
932023,0.22292754
932024,0.14976223
932025,0.36892936
932026,0.19749756
932027,0.3897853
932028,0.427869
932029,0.41361716
932030,0.6379483
932031,0.5504799
932032,0.5485209
932033,0.4138903
932034,0.73705184
932035,0.42513305
932036,0.7983597
932037,0.5678331
932038,0.35696635
932039,0.60214674
932040,0.53172606
932041,0.5364765
932042,0.037701737
932043,0.088591024
932044,0.07546961
932045,0.6325532
932046,0.6864173
932047,0.91611135
932048,0.6179767
932049,0.5633401
932050,0.24809253
932051,0.78909624
932052,0.8842363
932053,0.66959333
932054,0.26796445
932055,0.68753713
932056,0.15610434
932057,0.68774426
932058,0.11757139
932059,0.06880148
932060,0.15888856
932061,0.03632976
932062,0.13947256
932063,0.0913331
932064,0.52146804
932065,0.17263174
932066,0.275183
932067,0.5334352
932068,0.14680052
932069,0.24930999
932070,0.54990506
932071,0.18267716
932072,0.5980551
932073,0.5029667
932074,0.2233815
932075,0.04246332
932076,0.42594072
932077,0.52841187
932078,0.5858572
932079,0.59200025
932080,0.384474
932081,0.3092693
932082,0.35310465
932083,0.50490814
932084,0.31001818
932085,0.31808975
932086,0.4663866
932087,0.372414
932088,0.57412064
932089,0.2587559
932090,0.048116557
932091,0.46150854
932092,0.1022894
932093,0.36019427
932094,0.39139593
932095,0.076082766
932096,0.26267645
932097,0.09238242
932098,0.040172823
932099,0.42925316
932100,0.035186935
932101,0.09812286
932102,0.16897923
932103,0.15770747
932104,0.35497943
932105,0.14419636
932106,0.34609574
932107,0.37413093
932108,0.34739706
932109,0.3381194
932110,0.15623416
932111,0.05626181
932112,0.21137986
932113,0.30267665
932114,0.0966212
932115,0.058949936
932116,0.12596393
932117,0.27706617
932118,0.14252701
932119,0.023036383
932120,0.04458097
932121,0.037676606
932122,0.04298772
932123,0.009821297
932124,0.7025602
932125,0.57613564
932126,0.117937654
932127,0.68481284
932128,0.69700927
932129,0.27682316
932130,0.080166474
932131,0.20103869
932132,0.18688162
932133,0.07689802
932134,0.05088545
932135,0.32180804
932136,0.09215175
932137,0.04150589
932138,0.06929565
932139,0.035196252
932140,0.19468617
932141,0.057348058
932142,0.045268875
932143,0.4240718
932144,0.23620546
932145,0.39104158
932146,0.14956355
932147,0.08455996
932148,0.028197581
932149,0.3126084
932150,0.07507409
932151,0.29908812
932152,0.23814997
932153,0.080639
932154,0.19872111
932155,0.08359607
932156,0.20589466
932157,0.07231632
932158,0.085299045
932159,0.302007
932160,0.31798604
932161,0.24009033
932162,0.32378715
932163,0.36177868
932164,0.08184576
932165,0.046449233
932166,0.04465156
932167,0.031973146
932168,0.050047733
932169,0.026446689
932170,0.0721302
932171,0.02667594
932172,0.24695727
932173,0.19378495
932174,0.0137536805
932175,0.034781676
932176,0.043103218
932177,0.05888486
932178,0.03770535
932179,0.059623636
932180,0.044738617
932181,0.056188416
932182,0.041122474
932183,0.06234498
932184,0.04624345
932185,0.42774752
932186,0.2271276
932187,0.17986499
932188,0.26933104
932189,0.18735982
932190,0.09900959
932191,0.16012338
932192,0.2655732
932193,0.21974654
932194,0.30019715
932195,0.36928776
932196,0.43560222
932197,0.25338402
932198,0.059227187
932199,0.029486908
932200,0.2990873
932201,0.2459829
932202,0.30361086
932203,0.6383438
932204,0.5465123
932205,0.6697651
932206,0.6099485
932207,0.6571314
932208,0.40322858
932209,0.7043933
932210,0.687845
932211,0.68805575
932212,0.7263893
932213,0.7212413
932214,0.6150747
932215,0.56649256
932216,0.6587086
932217,0.5793288
932218,0.6909992
932219,0.5585855
932220,0.48822445
932221,0.4089717
932222,0.07975306
932223,0.04641821
932224,0.15384513
932225,0.088346384
932226,0.2207897
932227,0.13471334
932228,0.25746703
932229,0.058133204
932230,0.21844143
932231,0.30443418
932232,0.10001557
932233,0.21978998
932234,0.20499383
932235,0.11822702
932236,0.08140458
932237,0.07961765
932238,0.08023872
932239,0.05391237
932240,0.02886387
932241,0.06640822
932242,0.060520444
932243,0.09526212
932244,0.08779493
932245,0.25888488
932246,0.2460885
932247,0.112558104
932248,0.14169218
932249,0.4274058
932250,0.18471168
932251,0.3616846
932252,0.081701815
932253,0.22378406
932254,0.21437673
932255,0.14054134
932256,0.16349322
932257,0.016242383
932258,0.061606072
932259,0.44441944
932260,0.60648686
932261,0.6062044
932262,0.40865654
932263,0.47961482
932264,0.4605848
932265,0.6242185
932266,0.44972858
932267,0.43157446
932268,0.39344707
932269,0.5840778
932270,0.44590846
932271,0.17762403
932272,0.21742645
932273,0.35599792
932274,0.44365
932275,0.31861758
932276,0.03718447
932277,0.41653717
932278,0.4257435
932279,0.5977773
932280,0.5496621
932281,0.47665697
932282,0.61438656
932283,0.608054
932284,0.5927466
932285,0.54363
932286,0.591937
932287,0.6052758
932288,0.44275847
932289,0.53233945
932290,0.57118565
932291,0.54749715
932292,0.48915195
932293,0.617787
932294,0.3704564
932295,0.25089285
932296,0.50380546
932297,0.62278867
932298,0.3262748
932299,0.17180611
932300,0.104549035
932301,0.04003309
932302,0.17907268
932303,0.041484576
932304,0.12205191
932305,0.13088809
932306,0.019518765
932307,0.19732186
932308,0.16394253
932309,0.16640979
932310,0.40014088
932311,0.27515465
932312,0.30752304
932313,0.25513363
932314,0.14209837
932315,0.063260965
932316,0.4810467
932317,0.45564187
932318,0.44767073
932319,0.38642
932320,0.34496352
932321,0.3918464
932322,0.19925429
932323,0.33952948
932324,0.4373379
932325,0.25711495
932326,0.21841936
932327,0.5909404
932328,0.65932727
932329,0.7927965
932330,0.77459013
932331,0.68425745
932332,0.80058986
932333,0.84454066
932334,0.78581846
932335,0.85619384
932336,0.9101121
932337,0.8663593
932338,0.8739134
932339,0.81923085
932340,0.8878636
932341,0.9055684
932342,0.86046994
932343,0.8463552
932344,0.87548393
932345,0.8646575
932346,0.875213
932347,0.9106914
932348,0.8697561
932349,0.92636156
932350,0.90667367
932351,0.83083534
932352,0.9157037
932353,0.8553288
932354,0.87846804
932355,0.86757594
932356,0.87768716
932357,0.85658157
932358,0.8705898
932359,0.5479154
932360,0.85046834
932361,0.85782427
932362,0.46949396
932363,0.049775634
932364,0.18063435
932365,0.08121509
932366,0.19090967
932367,0.4989798
932368,0.47827065
932369,0.49309123
932370,0.40951517
932371,0.51435
932372,0.54937124
932373,0.51221323
932374,0.41592267
932375,0.30077228
932376,0.28363
932377,0.24249774
932378,0.10496502
932379,0.11306539
932380,0.64501524
932381,0.5865385
932382,0.80706763
932383,0.8032042
932384,0.7401658
932385,0.66455644
932386,0.6828137
932387,0.718989
932388,0.64161855
932389,0.6743867
932390,0.71779644
932391,0.7143899
932392,0.6676149
932393,0.5228763
932394,0.7906859
932395,0.7525922
932396,0.68804073
932397,0.7045829
932398,0.7031372
932399,0.66576093
932400,0.7473307
932401,0.49517217
932402,0.040706377
932403,0.3182774
932404,0.090143025
932405,0.12708916
932406,0.22861154
932407,0.5554634
932408,0.6628718
932409,0.80328786
932410,0.66087157
932411,0.81602526
932412,0.71712875
932413,0.71506745
932414,0.6376917
932415,0.7223424
932416,0.6767275
932417,0.73568976
932418,0.6655988
932419,0.46741995
932420,0.5140386
932421,0.5866392
932422,0.72169906
932423,0.64078766
932424,0.6052458
932425,0.51317054
932426,0.71840155
932427,0.6128066
932428,0.6608306
932429,0.5187974
932430,0.4357251
932431,0.058772042
932432,0.07845843
932433,0.12020912
932434,0.08940168
932435,0.063091435
932436,0.05022701
932437,0.07825216
932438,0.1863763
932439,0.20515177
932440,0.19605221
932441,0.42842922
932442,0.22750683
932443,0.21057722
932444,0.28059804
932445,0.17839827
932446,0.23396997
932447,0.6660387
932448,0.42295685
932449,0.22535226
932450,0.18761015
932451,0.08751227
932452,0.0180977
932453,0.03736738
932454,0.05072364
932455,0.028578406
932456,0.051799193
932457,0.046285566
932458,0.06667117
932459,0.06906768
932460,0.023098769
932461,0.12971221
932462,0.20124154
932463,0.18523309
932464,0.120551586
932465,0.16518302
932466,0.40244544
932467,0.3702683
932468,0.22553132
932469,0.30104378
932470,0.18271773
932471,0.2657073
932472,0.33584842
932473,0.16951308
932474,0.2429752
932475,0.12401317
932476,0.010175933
932477,0.019640675
932478,0.021007288
932479,0.030820303
932480,0.04107743
932481,0.025047539
932482,0.025091702
932483,0.0208348
932484,0.09253955
932485,0.12786542
932486,0.17922293
932487,0.12652491
932488,0.3705514
932489,0.0964045
932490,0.28213885
932491,0.11638255
932492,0.102551326
932493,0.13917492
932494,0.0687633
932495,0.02029568
932496,0.044970423
932497,0.061121754
932498,0.017003184
932499,0.009647264
932500,0.040870763
932501,0.033507347
932502,0.034374274
932503,0.026486423
932504,0.023473257
932505,0.013242877
932506,0.045797836
932507,0.10183757
932508,0.22598022
932509,0.083327904
932510,0.10104515
932511,0.101584025
932512,0.103224926
932513,0.10872017
932514,0.07770954
932515,0.019481448
932516,0.21699913
932517,0.029305339
932518,0.034565523
932519,0.06872917
932520,0.04499969
932521,0.009753746
932522,0.022338511
932523,0.020763565
932524,0.019902801
932525,0.02629354
932526,0.05213336
932527,0.019982323
932528,0.012580926
932529,0.24118158
932530,0.056735072
932531,0.06343503
932532,0.057987686
932533,0.06449453
932534,0.017768195
932535,0.07781401
932536,0.089327306
932537,0.08223802
932538,0.08047249
932539,0.083223775
932540,0.06238142
932541,0.11465972
932542,0.43253112
932543,0.33444208
932544,0.31143656
932545,0.41162282
932546,0.39338514
932547,0.48954248
932548,0.39735445
932549,0.40608633
932550,0.39703792
932551,0.41277856
932552,0.43019614
932553,0.37860286
932554,0.38577685
932555,0.2853765
932556,0.2969756
932557,0.47405222
932558,0.47109914
932559,0.4512911
932560,0.29661745
932561,0.48713648
932562,0.42528486
932563,0.68188494
932564,0.34036818
932565,0.063042335
932566,0.4471632
932567,0.5819366
932568,0.60312337
932569,0.686512
932570,0.70199645
932571,0.68982494
932572,0.7065883
932573,0.7297654
932574,0.61839277
932575,0.7421917
932576,0.74163103
932577,0.7611331
932578,0.6396302
932579,0.7068621
932580,0.7088633
932581,0.7503665
932582,0.6846928
932583,0.71963704
932584,0.7062851
932585,0.69519615
932586,0.71416855
932587,0.71126336
932588,0.7660078
932589,0.64354175
932590,0.7311606
932591,0.6775697
932592,0.75367814
932593,0.39616656
932594,0.040892173
932595,0.2190355
932596,0.178299
932597,0.22396766
932598,0.38664207
932599,0.15244721
932600,0.18072115
932601,0.18660837
932602,0.27919024
932603,0.15324855
932604,0.3210281
932605,0.041065257
932606,0.06637554
932607,0.07458067
932608,0.078526855
932609,0.0713384
932610,0.061987787
932611,0.05848696
932612,0.120927565
932613,0.065260254
932614,0.06673914
932615,0.03239053
932616,0.13844708
932617,0.14676438
932618,0.099427536
932619,0.11102675
932620,0.14632683
932621,0.108969994
932622,0.2632053
932623,0.10732577
932624,0.13419212
932625,0.08923176
932626,0.14188226
932627,0.014643399
932628,0.02158992
932629,0.021852175
932630,0.018390547
932631,0.022312608
932632,0.016959041
932633,0.023836449
932634,0.021352384
932635,0.022599194
932636,0.027811961
932637,0.16791718
932638,0.041256484
932639,0.17016579
932640,0.2888675
932641,0.40058327
932642,0.34235996
932643,0.40690216
932644,0.254032
932645,0.26492324
932646,0.32490256
932647,0.27377588
932648,0.3425617
932649,0.009967055
932650,0.043990046
932651,0.045609478
932652,0.04539673
932653,0.04819933
932654,0.06173604
932655,0.06401129
932656,0.18119992
932657,0.16008729
932658,0.27411905
932659,0.19778389
932660,0.29321158
932661,0.31242666
932662,0.20215164
932663,0.0179512
932664,0.16921102
932665,0.33694798
932666,0.272265
932667,0.33818763
932668,0.35404783
932669,0.27586254
932670,0.25980976
932671,0.27758875
932672,0.3924022
932673,0.20996775
932674,0.09685841
932675,0.020150779
932676,0.09851854
932677,0.11499723
932678,0.054526895
932679,0.20843655
932680,0.42204925
932681,0.20267236
932682,0.17563619
932683,0.49594665
932684,0.19833797
932685,0.479439
932686,0.6308382
932687,0.12202327
932688,0.08186483
932689,0.064881265
932690,0.07232721
932691,0.09390245
932692,0.37227967
932693,0.11953529
932694,0.24129345
932695,0.11316968
932696,0.3789039
932697,0.14307714
932698,0.42574865
932699,0.3587362
932700,0.15459166
932701,0.2092196
932702,0.07123779
932703,0.66388226
932704,0.49034312
932705,0.75078076
932706,0.52556133
932707,0.5940865
932708,0.55905145
932709,0.7299037
932710,0.7026028
932711,0.8297394
932712,0.53682685
932713,0.6219573
932714,0.2979331
932715,0.35895774
932716,0.2580541
932717,0.28163967
932718,0.35638207
932719,0.28548646
932720,0.36794978
932721,0.25176165
932722,0.21629636
932723,0.14901936
932724,0.21906935
932725,0.38963795
932726,0.22296944
932727,0.028425168
932728,0.4835272
932729,0.33945617
932730,0.25054976
932731,0.46616545
932732,0.47017482
932733,0.50959754
932734,0.45622572
932735,0.3869686
932736,0.566781
932737,0.38497704
932738,0.5129091
932739,0.5595607
932740,0.47757757
932741,0.36888847
932742,0.43964258
932743,0.40524727
932744,0.51000094
932745,0.302898
932746,0.19308802
932747,0.20810848
932748,0.54115814
932749,0.27330238
932750,0.49607456
932751,0.38159767
932752,0.0240557
932753,0.08672452
932754,0.07872228
932755,0.042093746
932756,0.060720824
932757,0.032054152
932758,0.05883581
932759,0.05595824
932760,0.036232226
932761,0.07679061
932762,0.040907055
932763,0.0559883
932764,0.078035064
932765,0.024401795
932766,0.037970863
932767,0.16900332
932768,0.010635357
932769,0.071747445
932770,0.051106885
932771,0.06767475
932772,0.07055631
932773,0.062673606
932774,0.08337426
932775,0.007872356
932776,0.014641781
932777,0.008644545
932778,0.010354119
932779,0.012785222
932780,0.009572311
932781,0.016389698
932782,0.008998065
932783,0.12944146
932784,0.007669412
932785,0.03128346
932786,0.014674917
932787,0.016748613
932788,0.023778789
932789,0.014512279
932790,0.018547954
932791,0.05663906
932792,0.031626347
932793,0.030397225
932794,0.28294328
932795,0.36426353
932796,0.27464494
932797,0.24488619
932798,0.20409109
932799,0.19359973
932800,0.39198816
932801,0.1927882
932802,0.010040242
932803,0.029951824
932804,0.024337113
932805,0.028144855
932806,0.55328643
932807,0.5580636
932808,0.6523489
932809,0.68719965
932810,0.6800915
932811,0.6602524
932812,0.67457914
932813,0.6070377
932814,0.6899851
932815,0.6869098
932816,0.62626266
932817,0.7072995
932818,0.57162267
932819,0.40090784
932820,0.5716844
932821,0.67026114
932822,0.6221509
932823,0.8055164
932824,0.5236791
932825,0.89085484
932826,0.27662498
932827,0.5052437
932828,0.14909011
932829,0.12766057
932830,0.18250453
932831,0.98343694
932832,0.35767075
932833,0.4629119
932834,0.1895679
932835,0.2245502
932836,0.15710612
932837,0.16510561
932838,0.083819285
932839,0.10692672
932840,0.64589274
932841,0.08338364
932842,0.54386586
932843,0.13523436
932844,0.117996275
932845,0.6699747
932846,0.39041135
932847,0.010055401
932848,0.024571057
932849,0.025641818
932850,0.026089713
932851,0.0384906
932852,0.032245025
932853,0.043978617
932854,0.020932402
932855,0.21243604
932856,0.8090828
932857,0.8760175
932858,0.7953071
932859,0.7911222
932860,0.38582432
932861,0.7249237
932862,0.84967995
932863,0.71807855
932864,0.71140885
932865,0.57259977
932866,0.74298227
932867,0.7151757
932868,0.7104805
932869,0.7616344
932870,0.7092684
932871,0.66026276
932872,0.7119053
932873,0.6389526
932874,0.3037045
932875,0.3622672
932876,0.910373
932877,0.8955943
932878,0.77356493
932879,0.76827854
932880,0.1331179
932881,0.009328252
932882,0.070750326
932883,0.08516483
932884,0.081554264
932885,0.0999056
932886,0.028325347
932887,0.21226712
932888,0.18248853
932889,0.21067165
932890,0.1870513
932891,0.1277593
932892,0.17028274
932893,0.026663525
932894,0.11606524
932895,0.096253015
932896,0.14733182
932897,0.043245018
932898,0.03599798
932899,0.043804035
932900,0.039632242
932901,0.03680172
932902,0.010780331
932903,0.05208223
932904,0.04912914
932905,0.050022546
932906,0.040515862
932907,0.046393074
932908,0.04775222
932909,0.054632846
932910,0.0375285
932911,0.04964302
932912,0.038624723
932913,0.36814266
932914,0.40674153
932915,0.3863032
932916,0.34657764
932917,0.34269246
932918,0.37440258
932919,0.3678985
932920,0.31376016
932921,0.011409101
932922,0.04700259
932923,0.0679382
932924,0.049491122
932925,0.049819093
932926,0.043281082
932927,0.04544006
932928,0.116445705
932929,0.2896922
932930,0.3300552
932931,0.42357507
932932,0.34610564
932933,0.3153643
932934,0.35173646
932935,0.318115
932936,0.40722546
932937,0.3148987
932938,0.21935727
932939,0.019323874
932940,0.086463876
932941,0.061782047
932942,0.062568836
932943,0.023256505
932944,0.20193423
932945,0.115891054
932946,0.087968536
932947,0.6682472
932948,0.7521185
932949,0.56778806
932950,0.7916163
932951,0.6833605
932952,0.6350473
932953,0.67414314
932954,0.76149154
932955,0.8289049
932956,0.70233876
932957,0.4836129
932958,0.74429405
932959,0.6394349
932960,0.81086904
932961,0.8387803
932962,0.8033771
932963,0.6936532
932964,0.55716455
932965,0.13849552
932966,0.6961588
932967,0.73606193
932968,0.796646
932969,0.8136272
932970,0.8394411
932971,0.88498956
932972,0.90527934
932973,0.8324882
932974,0.9019479
932975,0.85151774
932976,0.90885943
932977,0.86490625
932978,0.8897208
932979,0.89746886
932980,0.90005183
932981,0.88089067
932982,0.8863529
932983,0.90296423
932984,0.8821816
932985,0.8804265
932986,0.8763322
932987,0.8875271
932988,0.93081397
932989,0.9094108
932990,0.79851085
932991,0.7894409
932992,0.9187977
932993,0.91904074
932994,0.9271933
932995,0.92197835
932996,0.91027874
932997,0.922679
932998,0.851877
932999,0.789716
933000,0.8726105
933001,0.7801758
933002,0.8716796
933003,0.7000213
933004,0.78486305
933005,0.8475161
933006,0.84301084
933007,0.8335553
933008,0.8661326
933009,0.7721725
933010,0.5556638
933011,0.09747246
933012,0.13778663
933013,0.107742324
933014,0.13399474
933015,0.08104471
933016,0.37674525
933017,0.7389305
933018,0.5910259
933019,0.3245696
933020,0.3648316
933021,0.3367589
933022,0.044174887
933023,0.07125181
933024,0.060426418
933025,0.036645126
933026,0.2812465
933027,0.38324562
933028,0.4674672
933029,0.39615715
933030,0.445546
933031,0.47936162
933032,0.37206483
933033,0.2431966
933034,0.3517165
933035,0.36104992
933036,0.1984231
933037,0.1247077
933038,0.13217787
933039,0.119464666
933040,0.08521075
933041,0.087241955
933042,0.025144711
933043,0.076190114
933044,0.057469446
933045,0.05899167
933046,0.06376753
933047,0.070915036
933048,0.064263746
933049,0.064657904
933050,0.07399965
933051,0.16404517
933052,0.077631555
933053,0.06997451
933054,0.10104679
933055,0.031926956
933056,0.15817422
933057,0.23032093
933058,0.10605436
933059,0.11789203
933060,0.19767691
933061,0.2910371
933062,0.23836915
933063,0.11705075
933064,0.2360588
933065,0.10534971
933066,0.3319145
933067,0.52885854
933068,0.5899462
933069,0.3537232
933070,0.39646298
933071,0.4363647
933072,0.43389347
933073,0.79814106
933074,0.4289923
933075,0.33099848
933076,0.7218353
933077,0.7603227
933078,0.25788096
933079,0.5611792
933080,0.37981883
933081,0.60888046
933082,0.4136597
933083,0.45958492
933084,0.385662
933085,0.009604956
933086,0.029606747
933087,0.025007663
933088,0.025810407
933089,0.021587709
933090,0.041732214
933091,0.023170138
933092,0.22710957
933093,0.09587042
933094,0.58851236
933095,0.5597723
933096,0.4955134
933097,0.47483242
933098,0.7066684
933099,0.6034683
933100,0.72951144
933101,0.676666
933102,0.3958612
933103,0.6718833
933104,0.5291966
933105,0.7424446
933106,0.673447
933107,0.74847806
933108,0.5272386
933109,0.741132
933110,0.73253983
933111,0.63122505
933112,0.65186226
933113,0.6719509
933114,0.5405353
933115,0.6609019
933116,0.5944014
933117,0.66990024
933118,0.68864274
933119,0.69363654
933120,0.7423626
933121,0.3011267
933122,0.005522161
933123,0.016348608
933124,0.036878288
933125,0.020364385
933126,0.019896928
933127,0.021122633
933128,0.020164823
933129,0.06602209
933130,0.081404135
933131,0.06121583
933132,0.044627015
933133,0.14349478
933134,0.1574325
933135,0.11548289
933136,0.09521051
933137,0.103211746
933138,0.104580455
933139,0.10680048
933140,0.06332016
933141,0.32745302
933142,0.45117033
933143,0.6469587
933144,0.65098256
933145,0.55660295
933146,0.73534185
933147,0.65145755
933148,0.6432998
933149,0.7497804
933150,0.5703658
933151,0.5844576
933152,0.7574015
933153,0.7552735
933154,0.643878
933155,0.7208563
933156,0.73254347
933157,0.7756754
933158,0.8196168
933159,0.5599939
933160,0.7393672
933161,0.7424227
933162,0.7388661
933163,0.6289332
933164,0.7478422
933165,0.52875775
933166,0.7301596
933167,0.5693391
933168,0.6508417
933169,0.74134904
933170,0.722542
933171,0.7048924
933172,0.61739814
933173,0.7528191
933174,0.7034787
933175,0.33307776
933176,0.007111688
933177,0.01484271
933178,0.014060071
933179,0.014904319
933180,0.018271504
933181,0.012696345
933182,0.015734635
933183,0.071366265
933184,0.079024404
933185,0.04722215
933186,0.04340145
933187,0.05137953
933188,0.05507284
933189,0.11238249
933190,0.04051405
933191,0.018105298
933192,0.046913832
933193,0.05309098
933194,0.04726151
933195,0.07087124
933196,0.073525816
933197,0.042778883
933198,0.04586885
933199,0.050417013
933200,0.055131674
933201,0.03900297
933202,0.15433544
933203,0.1548159
933204,0.14395879
933205,0.15227666
933206,0.15238926
933207,0.091781996
933208,0.07015766
933209,0.011410559
933210,0.025639864
933211,0.036220897
933212,0.023919344
933213,0.06004062
933214,0.022014342
933215,0.022371387
933216,0.015489761
933217,0.026584487
933218,0.031895556
933219,0.098588675
933220,0.028454844
933221,0.026082153
933222,0.034732763
933223,0.023727119
933224,0.029959423
933225,0.012980671
933226,0.04662561
933227,0.05576658
933228,0.04886302
933229,0.042190436
933230,0.04601818
933231,0.028242493
933232,0.015031824
933233,0.03811797
933234,0.061098434
933235,0.047718134
933236,0.08026118
933237,0.052721817
933238,0.012536187
933239,0.025418023
933240,0.027798934
933241,0.029829925
933242,0.03203118
933243,0.030113315
933244,0.056764454
933245,0.032547843
933246,0.00971535
933247,0.045946106
933248,0.061039716
933249,0.056225415
933250,0.031055095
933251,0.054943297
933252,0.07817871
933253,0.027826855
933254,0.008820088
933255,0.09453653
933256,0.06335793
933257,0.05713764
933258,0.06451601
933259,0.05603183
933260,0.023318347
933261,0.116369836
933262,0.07118241
933263,0.13596746
933264,0.13116929
933265,0.06894485
933266,0.033187035
933267,0.028593777
933268,0.10932669
933269,0.0069640195
933270,0.11567904
933271,0.060981363
933272,0.13308327
933273,0.118611455
933274,0.116595864
933275,0.09692169
933276,0.09895983
933277,0.08375466
933278,0.14593819
933279,0.07614031
933280,0.0131066395
933281,0.17923121
933282,0.1861057
933283,0.22330819
933284,0.19673167
933285,0.22253259
933286,0.21795313
933287,0.23055725
933288,0.30194944
933289,0.15090632
933290,0.10352869
933291,0.109922834
933292,0.055623952
933293,0.026752666
933294,0.034550555
933295,0.034069933
933296,0.028838504
933297,0.03883357
933298,0.0368261
933299,0.03169373
933300,0.032351565
933301,0.028879706
933302,0.0144620435
933303,0.030637821
933304,0.023926675
933305,0.02581422
933306,0.023964277
933307,0.029759765
933308,0.027578287
933309,0.03220642
933310,0.028479908
933311,0.07483693
933312,0.023940137
933313,0.015883775
933314,0.027354717
933315,0.038340412
933316,0.016915398
933317,0.015304945
933318,0.01940763
933319,0.04564876
933320,0.14962491
933321,0.053513546
933322,0.061659325
933323,0.05610613
933324,0.102554135
933325,0.122332074
933326,0.04881574
933327,0.101114474
933328,0.062120095
933329,0.11890162
933330,0.20826145
933331,0.0049239844
933332,0.008315196
933333,0.011359207
933334,0.0064459704
933335,0.009657899
933336,0.0065353443
933337,0.008140741
933338,0.10565014
933339,0.026693258
933340,0.073812746
933341,0.07162764
933342,0.06970585
933343,0.06275832
933344,0.011268235
933345,0.011463187
933346,0.021600867
933347,0.020606302
933348,0.01904809
933349,0.033160012
933350,0.03324924
933351,0.01861602
933352,0.01382767
933353,0.0133799445
933354,0.0056573753
933355,0.012124047
933356,0.006508748
933357,0.010099216
933358,0.011547416
933359,0.009474372
933360,0.090838216
933361,0.09695588
933362,0.06442403
933363,0.15517692
933364,0.24443823
933365,0.33880413
933366,0.33781767
933367,0.20448656
933368,0.16445173
933369,0.13462636
933370,0.015102587
933371,0.02181447
933372,0.06151997
933373,0.055093333
933374,0.03239723
933375,0.057594422
933376,0.037378576
933377,0.032601602
933378,0.024646755
933379,0.042873353
933380,0.065064706
933381,0.030063603
933382,0.034438506
933383,0.05205166
933384,0.0620267
933385,0.04402404
933386,0.060099456
933387,0.07327694
933388,0.061032403
933389,0.053941153
933390,0.06569985
933391,0.042356987
933392,0.023758033
933393,0.07958408
933394,0.051611003
933395,0.1629276
933396,0.05927337
933397,0.17225976
933398,0.08697925
933399,0.13055661
933400,0.056881182
933401,0.010167507
933402,0.08415203
933403,0.072447136
933404,0.06403949
933405,0.06164007
933406,0.074400835
933407,0.063482076
933408,0.37406898
933409,0.14803067
933410,0.15563077
933411,0.020448836
933412,0.0687137
933413,0.08034182
933414,0.070272736
933415,0.08196803
933416,0.07526153
933417,0.08701246
933418,0.09245594
933419,0.36853114
933420,0.15279096
933421,0.016703622
933422,0.06904844
933423,0.100683056
933424,0.09974287
933425,0.06156682
933426,0.089322306
933427,0.06688147
933428,0.10018851
933429,0.07362526
933430,0.088517934
933431,0.025925552
933432,0.17287149
933433,0.06473598
933434,0.14150284
933435,0.17906462
933436,0.11629193
933437,0.20358282
933438,0.20745383
933439,0.30534786
933440,0.20058148
933441,0.21447557
933442,0.21168834
933443,0.12912384
933444,0.3744155
933445,0.051452328
933446,0.6462018
933447,0.040187698
933448,0.102141835
933449,0.20210697
933450,0.25419196
933451,0.2737729
933452,0.06963223
933453,0.038959008
933454,0.16267207
933455,0.08947008
933456,0.07862053
933457,0.07925294
933458,0.06560702
933459,0.05499328
933460,0.03132351
933461,0.28747
933462,0.24456805
933463,0.24472155
933464,0.5219907
933465,0.50843596
933466,0.6077065
933467,0.24176246
933468,0.5817448
933469,0.42758086
933470,0.62901884
933471,0.57953894
933472,0.4878425
933473,0.57727337
933474,0.32498044
933475,0.29441312
933476,0.08819959
933477,0.024882792
933478,0.03575471
933479,0.030655973
933480,0.04147877
933481,0.031119278
933482,0.08645061
933483,0.048864592
933484,0.019665007
933485,0.13481998
933486,0.16941077
933487,0.28727493
933488,0.2543453
933489,0.3404683
933490,0.345951
933491,0.19087122
933492,0.37245253
933493,0.043705188
933494,0.008342518
933495,0.020360852
933496,0.019668736
933497,0.021337694
933498,0.022628073
933499,0.023199998
933500,0.023318082
933501,0.051328592
933502,0.012335108
933503,0.03842462
933504,0.022755159
933505,0.025526678
933506,0.022538196
933507,0.04302609
933508,0.02338476
933509,0.030214643
933510,0.051574092
933511,0.045669843
933512,0.025551254
933513,0.012969416
933514,0.12246827
933515,0.11392961
933516,0.124653175
933517,0.080614574
933518,0.104421034
933519,0.11499246
933520,0.13104352
933521,0.24518096
933522,0.10251115
933523,0.14565596
933524,0.17715429
933525,0.007651824
933526,0.018226312
933527,0.03681542
933528,0.016187122
933529,0.024170203
933530,0.048449874
933531,0.02202531
933532,0.021318583
933533,0.03755062
933534,0.02059067
933535,0.016422732
933536,0.031987533
933537,0.029938422
933538,0.031127473
933539,0.030467892
933540,0.03247401
933541,0.011442553
933542,0.08092449
933543,0.07008763
933544,0.042879056
933545,0.022515181
933546,0.030849127
933547,0.0973003
933548,0.022490663
933549,0.06258191
933550,0.023768114
933551,0.026206467
933552,0.0073705097
933553,0.02353776
933554,0.024211852
933555,0.03284695
933556,0.085555285
933557,0.029071914
933558,0.022571094
933559,0.0066209324
933560,0.022962598
933561,0.018267807
933562,0.018987631
933563,0.013318723
933564,0.014843107
933565,0.044875506
933566,0.017273445
933567,0.012393842
933568,0.013248674
933569,0.103999116
933570,0.039199192
933571,0.04081998
933572,0.054945882
933573,0.008297196
933574,0.03195005
933575,0.039079733
933576,0.029877488
933577,0.08130203
933578,0.033495504
933579,0.024598595
933580,0.059033412
933581,0.028193148
933582,0.017704286
933583,0.02415798
933584,0.11677776
933585,0.35071954
933586,0.32206348
933587,0.3936374
933588,0.2807253
933589,0.25540245
933590,0.26354927
933591,0.18263511
933592,0.03389395
933593,0.13364589
933594,0.13753024
933595,0.16820237
933596,0.10475805
933597,0.11828582
933598,0.30430356
933599,0.15175782
933600,0.18834914
933601,0.29964352
933602,0.15350829
933603,0.10683206
933604,0.083184615
933605,0.023528278
933606,0.094714314
933607,0.08813724
933608,0.08158848
933609,0.092997976
933610,0.08680099
933611,0.075238965
933612,0.07851064
933613,0.55127084
933614,0.5850726
933615,0.46805713
933616,0.14413795
933617,0.10453106
933618,0.09203515
933619,0.12732387
933620,0.10385069
933621,0.16021322
933622,0.33325303
933623,0.2173364
933624,0.4283909
933625,0.26557192
933626,0.16701636
933627,0.445804
933628,0.20367812
933629,0.27973458
933630,0.2386152
933631,0.15305248
933632,0.4484067
933633,0.3766122
933634,0.31424806
933635,0.47681367
933636,0.67951
933637,0.53756624
933638,0.7415976
933639,0.67342085
933640,0.510943
933641,0.4340119
933642,0.5020234
933643,0.78520054
933644,0.6201979
933645,0.6122426
933646,0.2748576
933647,0.2836995
933648,0.13415343
933649,0.19378199
933650,0.02339922
933651,0.06760232
933652,0.10511823
933653,0.11212994
933654,0.032404657
933655,0.16342856
933656,0.06170221
933657,0.12552352
933658,0.05592119
933659,0.03932099
933660,0.043023586
933661,0.036972146
933662,0.024195302
933663,0.017538875
933664,0.037598368
933665,0.046997745
933666,0.045997825
933667,0.05450168
933668,0.027243728
933669,0.30119577
933670,0.15878221
933671,0.32507685
933672,0.13137478
933673,0.4530859
933674,0.38373
933675,0.1952979
933676,0.29895487
933677,0.22665823
933678,0.28906706
933679,0.12705107
933680,0.14589156
933681,0.3101729
933682,0.32637754
933683,0.1838218
933684,0.52633744
933685,0.34119806
933686,0.37417686
933687,0.5023183
933688,0.049077984
933689,0.091944024
933690,0.09721723
933691,0.21094291
933692,0.02491936
933693,0.3824945
933694,0.36691946
933695,0.37175202
933696,0.32077447
933697,0.3807818
933698,0.32929432
933699,0.35257274
933700,0.5257599
933701,0.43686315
933702,0.4417117
933703,0.41192967
933704,0.19518152
933705,0.03134511
933706,0.29179877
933707,0.112149015
933708,0.34770566
933709,0.16398169
933710,0.055270452
933711,0.22669044
933712,0.08789025
933713,0.20751722
933714,0.16769294
933715,0.07344138
933716,0.04993275
933717,0.1086891
933718,0.2565638
933719,0.10550354
933720,0.28831255
933721,0.12149745
933722,0.042127818
933723,0.046211988
933724,0.026796129
933725,0.15446198
933726,0.042680603
933727,0.10819922
933728,0.032226246
933729,0.018957919
933730,0.13239284
933731,0.21807672
933732,0.25488484
933733,0.2248047
933734,0.23614709
933735,0.0083302185
933736,0.046953384
933737,0.027036343
933738,0.03616903
933739,0.13765253
933740,0.04485502
933741,0.020649802
933742,0.039534353
933743,0.040068995
933744,0.04337352
933745,0.044874884
933746,0.053250343
933747,0.06457268
933748,0.11714009
933749,0.11757812
933750,0.08974508
933751,0.08482135
933752,0.05598509
933753,0.05691909
933754,0.054593395
933755,0.06630951
933756,0.022304896
933757,0.065761
933758,0.067598246
933759,0.0689426
933760,0.06627284
933761,0.008384148
933762,0.03419219
933763,0.021476006
933764,0.03270713
933765,0.026097964
933766,0.030225325
933767,0.03966941
933768,0.029874494
933769,0.023585087
933770,0.033240665
933771,0.01475306
933772,0.103966616
933773,0.15081087
933774,0.08713999
933775,0.0073312894
933776,0.039248824
933777,0.018306687
933778,0.017343251
933779,0.021259598
933780,0.017852133
933781,0.016949544
933782,0.018210428
933783,0.013609071
933784,0.004999461
933785,0.01399288
933786,0.014603438
933787,0.015351921
933788,0.014694641
933789,0.016312132
933790,0.01890577
933791,0.014470649
933792,0.008469615
933793,0.01578008
933794,0.019057794
933795,0.02137358
933796,0.02036207
933797,0.021216812
933798,0.017867021
933799,0.023081124
933800,0.016250217
933801,0.22313952
933802,0.006983701
933803,0.015010757
933804,0.017720971
933805,0.022287978
933806,0.01417839
933807,0.015041894
933808,0.019651553
933809,0.024945647
933810,0.32633457
933811,0.50067395
933812,0.39665398
933813,0.54113585
933814,0.55662066
933815,0.4898686
933816,0.39930966
933817,0.43922395
933818,0.016736055
933819,0.024803473
933820,0.024605185
933821,0.022598958
933822,0.022586694
933823,0.050357535
933824,0.030660102
933825,0.030118762
933826,0.022215566
933827,0.21406505
933828,0.42966446
933829,0.2516347
933830,0.53373057
933831,0.22398578
933832,0.46968234
933833,0.26469186
933834,0.19913411
933835,0.37870947
933836,0.3972515
933837,0.5247175
933838,0.21144977
933839,0.21920477
933840,0.1816199
933841,0.12695703
933842,0.14129049
933843,0.19559337
933844,0.11230632
933845,0.78631693
933846,0.8425574
933847,0.8844175
933848,0.87534595
933849,0.8463369
933850,0.88902974
933851,0.9154458
933852,0.9254673
933853,0.846014
933854,0.899278
933855,0.79386216
933856,0.9108012
933857,0.8886662
933858,0.8410989
933859,0.88747257
933860,0.8926225
933861,0.89408153
933862,0.8794493
933863,0.9024668
933864,0.8685382
933865,0.86984605
933866,0.89842755
933867,0.8574137
933868,0.8549013
933869,0.84257317
933870,0.85335225
933871,0.81168365
933872,0.7975384
933873,0.828859
933874,0.8945049
933875,0.78046495
933876,0.8494652
933877,0.7228511
933878,0.6772282
933879,0.01811639
933880,0.046372015
933881,0.051749494
933882,0.035697382
933883,0.1678677
933884,0.3018487
933885,0.11870882
933886,0.09256112
933887,0.1740745
933888,0.092837445
933889,0.11824921
933890,0.37687457
933891,0.17991501
933892,0.102926515
933893,0.15128572
933894,0.20473453
933895,0.14908695
933896,0.04121924
933897,0.10822241
933898,0.07865943
933899,0.05427823
933900,0.16941711
933901,0.24156028
933902,0.36250803
933903,0.20450626
933904,0.4332148
933905,0.15981643
933906,0.38791704
933907,0.40363863
933908,0.14158185
933909,0.17294323
933910,0.4654621
933911,0.44751358
933912,0.42880175
933913,0.36978513
933914,0.33231378
933915,0.22600216
933916,0.21501955
933917,0.4027346
933918,0.37745017
933919,0.057761814
933920,0.048248585
933921,0.060733583
933922,0.091161974
933923,0.09140119
933924,0.32121173
933925,0.07358354
933926,0.1517246
933927,0.09747519
933928,0.052592363
933929,0.4022266
933930,0.5171659
933931,0.22611198
933932,0.015335705
933933,0.100762084
933934,0.23294929
933935,0.4372521
933936,0.58684665
933937,0.270874
933938,0.6559277
933939,0.5054624
933940,0.37887576
933941,0.37177008
933942,0.5295926
933943,0.14522664
933944,0.23132084
933945,0.20624821
933946,0.20911416
933947,0.13223311
933948,0.027447311
933949,0.17535043
933950,0.34922516
933951,0.55369675
933952,0.55946505
933953,0.65611184
933954,0.612451
933955,0.5574532
933956,0.63171846
933957,0.66569763
933958,0.67684937
933959,0.6021872
933960,0.45013106
933961,0.71492755
933962,0.5419131
933963,0.5383628
933964,0.5864818
933965,0.7117848
933966,0.7200253
933967,0.6297231
933968,0.6146278
933969,0.6073239
933970,0.4012963
933971,0.020583777
933972,0.09504767
933973,0.23891708
933974,0.20613496
933975,0.42680505
933976,0.13483605
933977,0.34226075
933978,0.3510817
933979,0.14722565
933980,0.10393537
933981,0.056153014
933982,0.0552504
933983,0.07470068
933984,0.077304184
933985,0.0774324
933986,0.061110612
933987,0.07551194
933988,0.069698274
933989,0.04677966
933990,0.12769556
933991,0.49599284
933992,0.5513852
933993,0.35143837
933994,0.5846367
933995,0.49669492
933996,0.6473914
933997,0.5945226
933998,0.57132095
933999,0.65610003
934000,0.675861
934001,0.57194746
934002,0.649052
934003,0.61173105
934004,0.5945361
934005,0.5464912
934006,0.63141704
934007,0.5846493
934008,0.31481305
934009,0.014909991
934010,0.05573803
934011,0.029494248
934012,0.026560763
934013,0.027766855
934014,0.025479062
934015,0.038030166
934016,0.037180007
934017,0.027397968
934018,0.05088275
934019,0.18120824
934020,0.06726753
934021,0.1658693
934022,0.20254506
934023,0.037132565
934024,0.08528753
934025,0.06771929
934026,0.09790441
934027,0.058586545
934028,0.1466685
934029,0.011341738
934030,0.05935478
934031,0.040839233
934032,0.021722889
934033,0.044456936
934034,0.018864343
934035,0.01865781
934036,0.0153526785
934037,0.009835826
934038,0.017278107
934039,0.022067172
934040,0.028680753
934041,0.027561214
934042,0.033547886
934043,0.020291757
934044,0.0247301
934045,0.011730518
934046,0.04350953
934047,0.038616426
934048,0.042933326
934049,0.049443576
934050,0.0993463
934051,0.08310145
934052,0.038866054
934053,0.07345819
934054,0.10066737
934055,0.011058077
934056,0.035831507
934057,0.03992405
934058,0.023788322
934059,0.021302344
934060,0.02264775
934061,0.03336525
934062,0.028606
934063,0.016660985
934064,0.065392956
934065,0.0666735
934066,0.059905812
934067,0.075752966
934068,0.05915577
934069,0.06985854
934070,0.057592787
934071,0.011469688
934072,0.022124598
934073,0.011518308
934074,0.021586264
934075,0.016867902
934076,0.028061228
934077,0.028151277
934078,0.0095514795
934079,0.034298923
934080,0.05634314
934081,0.024222989
934082,0.026961511
934083,0.022278203
934084,0.02873299
934085,0.014829629
934086,0.030157669
934087,0.023078
934088,0.017937914
934089,0.03080972
934090,0.028115582
934091,0.018115232
934092,0.027146837
934093,0.0132601615
934094,0.08097701
934095,0.07534423
934096,0.06641988
934097,0.12717105
934098,0.07171165
934099,0.06415355
934100,0.085080095
934101,0.10330485
934102,0.20272002
934103,0.27574003
934104,0.28166458
934105,0.17954491
934106,0.17269176
934107,0.05062397
934108,0.15097652
934109,0.43248928
934110,0.2116633
934111,0.20774475
934112,0.27613595
934113,0.19036476
934114,0.39009842
934115,0.19674791
934116,0.27131677
934117,0.04610453
934118,0.58639765
934119,0.65617424
934120,0.5587178
934121,0.56345844
934122,0.6793479
934123,0.72516227
934124,0.705859
934125,0.6777173
934126,0.68504906
934127,0.67462474
934128,0.6274997
934129,0.7249476
934130,0.67854875
934131,0.708129
934132,0.4021496
934133,0.084366895
934134,0.16634227
934135,0.20117284
934136,0.079813056
934137,0.22573687
934138,0.2256087
934139,0.25599816
934140,0.26440638
934141,0.3035085
934142,0.1616325
934143,0.301271
934144,0.11393823
934145,0.032386698
934146,0.11066118
934147,0.13902058
934148,0.17920081
934149,0.059160694
934150,0.2880176
934151,0.36333308
934152,0.5696854
934153,0.55667996
934154,0.55991155
934155,0.5811641
934156,0.67464453
934157,0.5896177
934158,0.62787384
934159,0.59620863
934160,0.68991244
934161,0.5242102
934162,0.6287832
934163,0.54676855
934164,0.4864647
934165,0.68699574
934166,0.39420232
934167,0.008459043
934168,0.028356047
934169,0.021569604
934170,0.039496873
934171,0.046562664
934172,0.029334096
934173,0.099050686
934174,0.025576204
934175,0.49649677
934176,0.30704492
934177,0.55779666
934178,0.49865642
934179,0.38651085
934180,0.40701103
934181,0.46360904
934182,0.53359723
934183,0.26157194
934184,0.3195201
934185,0.41727397
934186,0.31832987
934187,0.03316626
934188,0.13524038
934189,0.045487676
934190,0.06500632
934191,0.05540658
934192,0.072190784
934193,0.038160663
934194,0.052458666
934195,0.17873168
934196,0.13826634
934197,0.110075876
934198,0.010606402
934199,0.025106566
934200,0.03486106
934201,0.025377095
934202,0.025283938
934203,0.021414662
934204,0.04319896
934205,0.09301978
934206,0.024671182
934207,0.06579871
934208,0.03292094
934209,0.022893077
934210,0.031761777
934211,0.0324939
934212,0.03383229
934213,0.02648996
934214,0.07805998
934215,0.06286623
934216,0.00922863
934217,0.025217453
934218,0.024830187
934219,0.036762282
934220,0.043295283
934221,0.0212854
934222,0.020449828
934223,0.019860093
934224,0.09054986
934225,0.2066375
934226,0.048675723
934227,0.034640174
934228,0.15196812
934229,0.16063964
934230,0.16786905
934231,0.1476207
934232,0.0688155
934233,0.07269152
934234,0.06857383
934235,0.022270918
934236,0.04084568
934237,0.037025027
934238,0.027826093
934239,0.015080736
934240,0.03069251
934241,0.021144453
934242,0.01622684
934243,0.14106756
934244,0.08856094
934245,0.07740764
934246,0.08319865
934247,0.06515836
934248,0.05151809
934249,0.112143554
934250,0.022435442
934251,0.045545764
934252,0.035119236
934253,0.04985102
934254,0.06777903
934255,0.029201305
934256,0.028832186
934257,0.010643589
934258,0.04316421
934259,0.030244565
934260,0.03523049
934261,0.020918505
934262,0.026548455
934263,0.02554466
934264,0.040669337
934265,0.0268442
934266,0.010943845
934267,0.023905214
934268,0.04592081
934269,0.017464858
934270,0.0146832485
934271,0.019790491
934272,0.023485249
934273,0.018067488
934274,0.010212935
934275,0.0185722
934276,0.022386122
934277,0.024907187
934278,0.030091159
934279,0.025036797
934280,0.020172996
934281,0.0066523487
934282,0.026395401
934283,0.017156363
934284,0.01864035
934285,0.02880745
934286,0.0168152
934287,0.030996913
934288,0.009930533
934289,0.029463608
934290,0.03228224
934291,0.025453359
934292,0.03116116
934293,0.025354309
934294,0.031324994
934295,0.013797532
934296,0.02298988
934297,0.01802146
934298,0.019137867
934299,0.024924407
934300,0.024378905
934301,0.036709793
934302,0.020607477
934303,0.18633462
934304,0.34581885
934305,0.23080105
934306,0.0094432365
934307,0.026970888
934308,0.027667908
934309,0.024725914
934310,0.032094546
934311,0.02906141
934312,0.030739067
934313,0.36071542
934314,0.2160229
934315,0.17480159
934316,0.18628103
934317,0.15439741
934318,0.006042912
934319,0.021968162
934320,0.022845788
934321,0.022331322
934322,0.028750068
934323,0.019642057
934324,0.037459306
934325,0.019296085
934326,0.0463534
934327,0.39298144
934328,0.21579283
934329,0.23091617
934330,0.33150083
934331,0.32447347
934332,0.2769929
934333,0.011570425
934334,0.05882213
934335,0.06262377
934336,0.046311915
934337,0.05406669
934338,0.0584384
934339,0.087213024
934340,0.0840503
934341,0.1672661
934342,0.090316385
934343,0.08615551
934344,0.17165704
934345,0.019135978
934346,0.111078404
934347,0.12748453
934348,0.09844418
934349,0.10106727
934350,0.11416611
934351,0.26429316
934352,0.2796033
934353,0.1327737
934354,0.16695993
934355,0.14504562
934356,0.21441378
934357,0.023933418
934358,0.06859855
934359,0.03334753
934360,0.18221675
934361,0.041438214
934362,0.17835762
934363,0.23246115
934364,0.033444256
934365,0.017169716
934366,0.0623885
934367,0.4754454
934368,0.5265549
934369,0.34484622
934370,0.47923446
934371,0.4452759
934372,0.6013643
934373,0.46072415
934374,0.42533508
934375,0.5017382
934376,0.4562286
934377,0.23521075
934378,0.009947692
934379,0.08684389
934380,0.10981179
934381,0.19193669
934382,0.11791772
934383,0.18817753
934384,0.2294585
934385,0.1727582
934386,0.32795796
934387,0.35478622
934388,0.259471
934389,0.025239347
934390,0.09027436
934391,0.30574128
934392,0.093109265
934393,0.09112132
934394,0.3114023
934395,0.26395667
934396,0.17713468
934397,0.050780047
934398,0.18969484
934399,0.09978884
934400,0.1659483
934401,0.2179848
934402,0.22517025
934403,0.15696846
934404,0.2089656
934405,0.12628144
934406,0.16681936
934407,0.20772007
934408,0.4542267
934409,0.02305269
934410,0.10946385
934411,0.12805535
934412,0.13792998
934413,0.16907774
934414,0.31428677
934415,0.18387246
934416,0.13688436
934417,0.31258723
934418,0.40894297
934419,0.17863758
934420,0.3151834
934421,0.281412
934422,0.2721556
934423,0.39924648
934424,0.4090183
934425,0.22590655
934426,0.030113077
934427,0.08168314
934428,0.083041176
934429,0.067462705
934430,0.08011768
934431,0.08217837
934432,0.071347035
934433,0.015905272
934434,0.07691651
934435,0.16419816
934436,0.2114948
934437,0.19932343
934438,0.16155083
934439,0.042386133
934440,0.404794
934441,0.27986884
934442,0.39384443
934443,0.5212245
934444,0.4259497
934445,0.39039072
934446,0.5151105
934447,0.5057053
934448,0.29624847
934449,0.49623543
934450,0.24658838
934451,0.14302613
934452,0.19012105
934453,0.22239912
934454,0.2316235
934455,0.054581326
934456,0.30357236
934457,0.16288403
934458,0.14939596
934459,0.23452556
934460,0.1427603
934461,0.15919808
934462,0.14816223
934463,0.27581227
934464,0.33290255
934465,0.10230983
934466,0.3839705
934467,0.7621397
934468,0.66021603
934469,0.8593866
934470,0.84851813
934471,0.79596347
934472,0.8712991
934473,0.89384836
934474,0.89363223
934475,0.9134638
934476,0.8866833
934477,0.9018116
934478,0.9039057
934479,0.8820846
934480,0.9212139
934481,0.90409017
934482,0.904383
934483,0.89290977
934484,0.91485316
934485,0.9260456
934486,0.9109222
934487,0.89101833
934488,0.91562456
934489,0.91658443
934490,0.9154534
934491,0.89555997
934492,0.9166145
934493,0.8877776
934494,0.9205439
934495,0.7815966
934496,0.9155925
934497,0.7829153
934498,0.8754421
934499,0.88733524
934500,0.87637305
934501,0.86898214
934502,0.88010883
934503,0.86995226
934504,0.86252123
934505,0.8773129
934506,0.8850342
934507,0.86753184
934508,0.8806669
934509,0.8571919
934510,0.86085266
934511,0.86872363
934512,0.8719952
934513,0.8575313
934514,0.86540484
934515,0.8611235
934516,0.8667633
934517,0.7732372
934518,0.8685583
934519,0.9152199
934520,0.8874362
934521,0.9128293
934522,0.9069579
934523,0.9032457
934524,0.9079835
934525,0.8980235
934526,0.9092106
934527,0.89980495
934528,0.90225405
934529,0.8443996
934530,0.9014826
934531,0.76600724
934532,0.89743745
934533,0.82666606
934534,0.81785476
934535,0.9010474
934536,0.9010007
934537,0.8296192
934538,0.7176674
934539,0.08800507
934540,0.0722256
934541,0.09717194
934542,0.083540164
934543,0.082728
934544,0.13368116
934545,0.06477229
934546,0.21801224
934547,0.98520166
934548,0.19278859
934549,0.15739976
934550,0.1438991
934551,0.15453184
934552,0.076999865
934553,0.20238994
934554,0.14254773
934555,0.09429608
934556,0.092639394
934557,0.06305986
934558,0.040704254
934559,0.015673775
934560,0.04166556
934561,0.02720055
934562,0.038434822
934563,0.028607694
934564,0.027959434
934565,0.06738675
934566,0.036847994
934567,0.043486815
934568,0.0139834145
934569,0.034941416
934570,0.036997817
934571,0.03807482
934572,0.036520384
934573,0.038394045
934574,0.036994386
934575,0.036908355
934576,0.10613117
934577,0.013584871
934578,0.07499642
934579,0.07376495
934580,0.059944265
934581,0.09458622
934582,0.1676594
934583,0.09512925
934584,0.0847272
934585,0.061920334
934586,0.018419975
934587,0.06178011
934588,0.08589976
934589,0.6073989
934590,0.78577214
934591,0.5185939
934592,0.6367207
934593,0.7443633
934594,0.7581698
934595,0.831557
934596,0.8130157
934597,0.8021949
934598,0.8002507
934599,0.8266573
934600,0.67848676
934601,0.79407066
934602,0.69184655
934603,0.10725321
934604,0.435263
934605,0.4656382
934606,0.5137646
934607,0.5318052
934608,0.5318052
934609,0.53814304
934610,0.53939295
934611,0.5382696
934612,0.5451281
934613,0.53752524
934614,0.46009436
934615,0.4638705
934616,0.40074968
934617,0.45623803
934618,0.37584177
934619,0.4024452
934620,0.46502638
934621,0.2671774
934622,0.19973505
934623,0.15123384
934624,0.29443052
934625,0.20536526
934626,0.021719834
934627,0.09742155
934628,0.0987108
934629,0.10702085
934630,0.12718202
934631,0.16403118
934632,0.21679772
934633,0.5274545
934634,0.72615755
934635,0.6528945
934636,0.74238884
934637,0.7967786
934638,0.8074729
934639,0.74605143
934640,0.8064319
934641,0.7950023
934642,0.806147
934643,0.78287286
934644,0.794973
934645,0.6481333
934646,0.7487482
934647,0.67776555
934648,0.74795437
934649,0.7983188
934650,0.6945595
934651,0.77528954
934652,0.7710078
934653,0.7088632
934654,0.73969495
934655,0.42768663
934656,0.25319758
934657,0.37933645
934658,0.33634138
934659,0.11235091
934660,0.10861844
934661,0.0778831
934662,0.155454
934663,0.15548405
934664,0.10623031
934665,0.037716556
934666,0.10531471
934667,0.12579507
934668,0.09766853
934669,0.12734288
934670,0.08969498
934671,0.07156819
934672,0.07533916
934673,0.0105016995
934674,0.06275625
934675,0.12351487
934676,0.069455124
934677,0.09365414
934678,0.078034006
934679,0.09066889
934680,0.08752008
934681,0.21541469
934682,0.3025105
934683,0.26073527
934684,0.35188287
934685,0.123748094
934686,0.17547213
934687,0.11689445
934688,0.10108209
934689,0.120687604
934690,0.13498193
934691,0.2592541
934692,0.24931163
934693,0.3466379
934694,0.27191862
934695,0.12759288
934696,0.14773661
934697,0.18396322
934698,0.18831421
934699,0.009811285
934700,0.059925396
934701,0.057486717
934702,0.059219573
934703,0.056447987
934704,0.058012877
934705,0.024658324
934706,0.021270433
934707,0.2390429
934708,0.2522269
934709,0.1953051
934710,0.2935597
934711,0.26801223
934712,0.16668534
934713,0.06989944
934714,0.10988201
934715,0.01482109
934716,0.059881058
934717,0.042920172
934718,0.028757306
934719,0.040970623
934720,0.025705246
934721,0.055430442
934722,0.02278253
934723,0.12146687
934724,0.015777754
934725,0.025691504
934726,0.02272041
934727,0.02604129
934728,0.021273613
934729,0.021057762
934730,0.02413643
934731,0.020186644
934732,0.04944891
934733,0.040061083
934734,0.04284394
934735,0.027731575
934736,0.010198017
934737,0.15036212
934738,0.058675274
934739,0.10278844
934740,0.082858525
934741,0.09083263
934742,0.08152997
934743,0.108382404
934744,0.3448578
934745,0.19185755
934746,0.03087903
934747,0.26906744
934748,0.16470066
934749,0.24224989
934750,0.1914272
934751,0.17245437
934752,0.25637904
934753,0.25460452
934754,0.22835484
934755,0.055161588
934756,0.23542193
934757,0.28624082
934758,0.3934586
934759,0.14145067
934760,0.22387804
934761,0.14065887
934762,0.11533026
934763,0.4924212
934764,0.37492502
934765,0.5916892
934766,0.35672462
934767,0.51265866
934768,0.4465045
934769,0.45144406
934770,0.33975297
934771,0.46880794
934772,0.6674575
934773,0.34161177
934774,0.43949622
934775,0.3327158
934776,0.03336728
934777,0.027430125
934778,0.17727943
934779,0.4849818
934780,0.6219998
934781,0.24960515
934782,0.1720961
934783,0.3687972
934784,0.39635268
934785,0.37113464
934786,0.11500916
934787,0.04392581
934788,0.659383
934789,0.48004508
934790,0.5464169
934791,0.27456757
934792,0.3293254
934793,0.28048027
934794,0.2032754
934795,0.21504073
934796,0.34181306
934797,0.28801113
934798,0.24076663
934799,0.27658883
934800,0.21914354
934801,0.05331857
934802,0.025382284
934803,0.10360924
934804,0.06106333
934805,0.067627296
934806,0.035098422
934807,0.19200385
934808,0.17634544
934809,0.18525577
934810,0.1964968
934811,0.18904546
934812,0.18981299
934813,0.1247071
934814,0.01482045
934815,0.018129129
934816,0.022344658
934817,0.023234066
934818,0.028954865
934819,0.020802803
934820,0.022697423
934821,0.017638696
934822,0.016918434
934823,0.45141637
934824,0.007905406
934825,0.018995706
934826,0.015534778
934827,0.01451399
934828,0.013086147
934829,0.011194867
934830,0.015437505
934831,0.015107171
934832,0.014333716
934833,0.016426375
934834,0.016220417
934835,0.012872961
934836,0.0059764166
934837,0.014395421
934838,0.011262265
934839,0.012277103
934840,0.022739735
934841,0.010692461
934842,0.009963527
934843,0.030488348
934844,0.025398688
934845,0.2585994
934846,0.07781348
934847,0.016876452
934848,0.07019183
934849,0.28464717
934850,0.3979191
934851,0.57996005
934852,0.1520029
934853,0.041488394
934854,0.22863786
934855,0.1773219
934856,0.2842529
934857,0.20279749
934858,0.26382652
934859,0.26908863
934860,0.27285933
934861,0.2588945
934862,0.051092375
934863,0.3168572
934864,0.41019005
934865,0.5398612
934866,0.538249
934867,0.51713216
934868,0.4346267
934869,0.3741483
934870,0.4885634
934871,0.5270566
934872,0.5116902
934873,0.3539323
934874,0.566459
934875,0.11617999
934876,0.35337326
934877,0.33945334
934878,0.3208992
934879,0.31253254
934880,0.30479312
934881,0.34419268
934882,0.28512
934883,0.35251087
934884,0.20292269
934885,0.14955945
934886,0.28298178
934887,0.17789808
934888,0.080741875
934889,0.0708147
934890,0.078871466
934891,0.05045666
934892,0.020404082
934893,0.34057996
934894,0.13086046
934895,0.35373813
934896,0.21665993
934897,0.023321927
934898,0.06909914
934899,0.07026112
934900,0.06638159
934901,0.06814829
934902,0.04095943
934903,0.07329075
934904,0.062891215
934905,0.3139911
934906,0.32855022
934907,0.14626692
934908,0.1838869
934909,0.25664017
934910,0.04116993
934911,0.049134452
934912,0.16822197
934913,0.7040334
934914,0.7178485
934915,0.6277578
934916,0.7606925
934917,0.65878403
934918,0.74940705
934919,0.7760466
934920,0.6462091
934921,0.6427749
934922,0.74348193
934923,0.3042159
934924,0.061243776
934925,0.22039469
934926,0.12726925
934927,0.120493405
934928,0.060296804
934929,0.107826084
934930,0.0787956
934931,0.031676725
934932,0.066761166
934933,0.063581444
934934,0.12331649
934935,0.041599676
934936,0.2981557
934937,0.1261731
934938,0.10853269
934939,0.079602644
934940,0.12359727
934941,0.21146876
934942,0.06384416
934943,0.15502459
934944,0.052359786
934945,0.056316957
934946,0.25368407
934947,0.15849343
934948,0.09742882
934949,0.097483285
934950,0.11716742
934951,0.21448444
934952,0.2460153
934953,0.011224644
934954,0.032860197
934955,0.02583036
934956,0.033745453
934957,0.017351428
934958,0.018040298
934959,0.027768942
934960,0.032152437
934961,0.017816275
934962,0.14214662
934963,0.12687512
934964,0.13978238
934965,0.12188678
934966,0.16108954
934967,0.21075663
934968,0.014195876
934969,0.019152658
934970,0.03809051
934971,0.044987172
934972,0.018226739
934973,0.023996178
934974,0.017507268
934975,0.031525735
934976,0.025565147
934977,0.027437277
934978,0.021550838
934979,0.12706928
934980,0.11651766
934981,0.13527866
934982,0.18147162
934983,0.37033153
934984,0.0113371555
934985,0.034640487
934986,0.11880016
934987,0.15934634
934988,0.04175989
934989,0.025924562
934990,0.03128693
934991,0.026088923
934992,0.028741755
934993,0.18019927
934994,0.064717464
934995,0.01785572
934996,0.062223118
934997,0.053436603
934998,0.060154945
934999,0.12893724
935000,0.09651024
935001,0.06810131
935002,0.07516536
935003,0.052956644
935004,0.06261833
935005,0.029612131
935006,0.06793491
935007,0.08714315
935008,0.07220119
935009,0.083915494
935010,0.27751017
935011,0.18973345
935012,0.14594178
935013,0.18764701
935014,0.13644859
935015,0.18870112
935016,0.3234775
935017,0.5804595
935018,0.47985598
935019,0.4488658
935020,0.43991104
935021,0.6630252
935022,0.7083274
935023,0.7232985
935024,0.6827656
935025,0.6879843
935026,0.66323143
935027,0.604851
935028,0.68471193
935029,0.6404472
935030,0.51604223
935031,0.47013482
935032,0.43869635
935033,0.34939113
935034,0.46987534
935035,0.52311146
935036,0.3396499
935037,0.3868695
935038,0.3772184
935039,0.36433214
935040,0.28922358
935041,0.21609502
935042,0.17465839
935043,0.31493387
935044,0.40332806
935045,0.7947656
935046,0.43290737
935047,0.5659645
935048,0.46462658
935049,0.44850942
935050,0.4467142
935051,0.4272392
935052,0.5782154
935053,0.3829234
935054,0.3588737
935055,0.09661426
935056,0.2631669
935057,0.3351194
935058,0.22232543
935059,0.1610962
935060,0.18104222
935061,0.2291469
935062,0.017895132
935063,0.12201671
935064,0.29155123
935065,0.22465736
935066,0.17086864
935067,0.17259973
935068,0.24557184
935069,0.14589015
935070,0.023558823
935071,0.4640071
935072,0.39342627
935073,0.39505288
935074,0.37741148
935075,0.5175072
935076,0.4650075
935077,0.55365926
935078,0.54093623
935079,0.5276451
935080,0.2927468
935081,0.4370887
935082,0.45778626
935083,0.52316666
935084,0.49294895
935085,0.4651903
935086,0.19831714
935087,0.07291739
935088,0.09251117
935089,0.05285217
935090,0.068504825
935091,0.043336038
935092,0.07019634
935093,0.26411656
935094,0.2758841
935095,0.23667732
935096,0.3203312
935097,0.56536484
935098,0.43396887
935099,0.21439122
935100,0.2601688
935101,0.13519646
935102,0.24740538
935103,0.24463034
935104,0.24383396
935105,0.19692522
935106,0.10397613
935107,0.016962849
935108,0.08803591
935109,0.09449239
935110,0.08746455
935111,0.10789975
935112,0.06316909
935113,0.069190934
935114,0.009315547
935115,0.018396841
935116,0.018626891
935117,0.020102017
935118,0.014412731
935119,0.01383003
935120,0.021194143
935121,0.016712124
935122,0.20840305
935123,0.200198
935124,0.009162109
935125,0.0455643
935126,0.0132807465
935127,0.019992787
935128,0.013891427
935129,0.01928609
935130,0.015602591
935131,0.014812153
935132,0.061492875
935133,0.092343815
935134,0.072210506
935135,0.06590375
935136,0.075064115
935137,0.098892204
935138,0.2543459
935139,0.20990235
935140,0.13607143
935141,0.010945951
935142,0.011781023
935143,0.016697265
935144,0.016632197
935145,0.014009382
935146,0.019444484
935147,0.044425562
935148,0.008945303
935149,0.014143148
935150,0.012407509
935151,0.012323848
935152,0.018533515
935153,0.022469923
935154,0.018586611
935155,0.015024595
935156,0.2574356
935157,0.026782697
935158,0.06780245
935159,0.035680767
935160,0.033413265
935161,0.38069645
935162,0.5926545
935163,0.29403523
935164,0.43088734
935165,0.32909355
935166,0.516769
935167,0.45300442
935168,0.5170016
935169,0.48925194
935170,0.42543232
935171,0.4010393
935172,0.58564866
935173,0.5488952
935174,0.46779507
935175,0.007907407
935176,0.008763616
935177,0.006767292
935178,0.007748674
935179,0.010378813
935180,0.009482721
935181,0.036532547
935182,0.05902242
935183,0.08313025
935184,0.3507325
935185,0.47756258
935186,0.81346434
935187,0.58675784
935188,0.8427235
935189,0.8178681
935190,0.66037464
935191,0.6707552
935192,0.6487577
935193,0.7107293
935194,0.7749804
935195,0.8725529
935196,0.8037601
935197,0.8533795
935198,0.85718083
935199,0.7719199
935200,0.8855379
935201,0.9026522
935202,0.8366197
935203,0.7159034
935204,0.87368286
935205,0.89561677
935206,0.91107756
935207,0.9090086
935208,0.8333141
935209,0.8743789
935210,0.9040459
935211,0.82936686
935212,0.9204487
935213,0.8548642
935214,0.9167979
935215,0.7860194
935216,0.88070524
935217,0.83360904
935218,0.71164525
935219,0.8631619
935220,0.705151
935221,0.5215572
935222,0.5187134
935223,0.80762845
935224,0.81816816
935225,0.73222893
935226,0.8442094
935227,0.6303782
935228,0.35624507
935229,0.008384643
935230,0.024114758
935231,0.02315834
935232,0.022300683
935233,0.021776432
935234,0.027432384
935235,0.022891883
935236,0.021685548
935237,0.17315724
935238,0.022749405
935239,0.08296516
935240,0.2333992
935241,0.2774328
935242,0.27784234
935243,0.08884511
935244,0.24709907
935245,0.21700841
935246,0.2515302
935247,0.19727643
935248,0.2696787
935249,0.21050058
935250,0.2112704
935251,0.19661672
935252,0.23048052
935253,0.37533614
935254,0.18252501
935255,0.3175537
935256,0.43556893
935257,0.23767252
935258,0.42583063
935259,0.42043424
935260,0.3698318
935261,0.41742867
935262,0.037522133
935263,0.137491
935264,0.21842672
935265,0.1663696
935266,0.1502223
935267,0.13214895
935268,0.06761251
935269,0.42786458
935270,0.40777424
935271,0.46161082
935272,0.28062326
935273,0.57188314
935274,0.28579554
935275,0.14835152
935276,0.2828416
935277,0.21051465
935278,0.35385317
935279,0.3795114
935280,0.33867455
935281,0.380958
935282,0.6330817
935283,0.38320413
935284,0.4125201
935285,0.43345824
935286,0.11759994
935287,0.6936183
935288,0.36007288
935289,0.8538429
935290,0.88885015
935291,0.8762616
935292,0.85991406
935293,0.90976554
935294,0.78115106
935295,0.88560313
935296,0.8638348
935297,0.5923825
935298,0.68640774
935299,0.7305891
935300,0.58774126
935301,0.6766651
935302,0.71177524
935303,0.72276187
935304,0.6824688
935305,0.7366345
935306,0.49398637
935307,0.7185732
935308,0.65452427
935309,0.72066534
935310,0.66474414
935311,0.6276787
935312,0.73090583
935313,0.73242414
935314,0.69889504
935315,0.5872594
935316,0.052594725
935317,0.17999326
935318,0.6340176
935319,0.20077161
935320,0.38372546
935321,0.4058811
935322,0.49482214
935323,0.43927336
935324,0.39344066
935325,0.15851481
935326,0.37431142
935327,0.567827
935328,0.5261626
935329,0.43333015
935330,0.42735124
935331,0.45150796
935332,0.48745912
935333,0.632746
935334,0.27988833
935335,0.055018615
935336,0.25418413
935337,0.27042058
935338,0.26048604
935339,0.25782382
935340,0.2733797
935341,0.2392632
935342,0.2875152
935343,0.38286617
935344,0.28940618
935345,0.21897092
935346,0.20050254
935347,0.11443863
935348,0.24640061
935349,0.43368542
935350,0.38474447
935351,0.25982982
935352,0.3385628
935353,0.49567398
935354,0.5958575
935355,0.38067973
935356,0.604077
935357,0.42501602
935358,0.55556715
935359,0.5494507
935360,0.37656152
935361,0.53031886
935362,0.53806615
935363,0.556336
935364,0.38273346
935365,0.031281885
935366,0.5132637
935367,0.5699166
935368,0.7042927
935369,0.74726707
935370,0.3853388
935371,0.6260045
935372,0.7845988
935373,0.6460167
935374,0.7780352
935375,0.87772036
935376,0.87669146
935377,0.82030386
935378,0.90939987
935379,0.8280985
935380,0.86986417
935381,0.8851759
935382,0.74669546
935383,0.85956275
935384,0.8231359
935385,0.81769145
935386,0.9026551
935387,0.9035419
935388,0.8886145
935389,0.8070817
935390,0.8338297
935391,0.8886942
935392,0.7420023
935393,0.8846725
935394,0.83480936
935395,0.7685802
935396,0.8393429
935397,0.87902707
935398,0.879132
935399,0.77752477
935400,0.82049066
935401,0.8374288
935402,0.656037
935403,0.20422821
935404,0.5662797
935405,0.62971705
935406,0.752316
935407,0.7159704
935408,0.7501341
935409,0.8005646
935410,0.818689
935411,0.8286624
935412,0.668855
935413,0.742163
935414,0.8696738
935415,0.8922857
935416,0.85705787
935417,0.8476253
935418,0.88304853
935419,0.88427466
935420,0.84781545
935421,0.8901119
935422,0.8582592
935423,0.83779657
935424,0.8395374
935425,0.85370964
935426,0.87315375
935427,0.9253738
935428,0.819701
935429,0.7997612
935430,0.89273083
935431,0.8269543
935432,0.8131171
935433,0.8174049
935434,0.7958783
935435,0.78250474
935436,0.7842698
935437,0.8343462
935438,0.7772764
935439,0.77678496
935440,0.77084434
935441,0.76017255
935442,0.77161103
935443,0.7222278
935444,0.5896104
935445,0.8517273
935446,0.7299602
935447,0.6499568
935448,0.09683262
935449,0.41925317
935450,0.33529243
935451,0.3004851
935452,0.4613951
935453,0.32499543
935454,0.38496512
935455,0.37674865
935456,0.45830303
935457,0.21792835
935458,0.29729706
935459,0.4616075
935460,0.2114394
935461,0.108728744
935462,0.37219128
935463,0.41407296
935464,0.46743342
935465,0.33045673
935466,0.10833836
935467,0.06305864
935468,0.1995868
935469,0.080061615
935470,0.073989324
935471,0.27745908
935472,0.33420053
935473,0.29789498
935474,0.33285773
935475,0.9405464
935476,0.015701093
935477,0.042154353
935478,0.04058838
935479,0.090688586
935480,0.15266037
935481,0.041246053
935482,0.046280313
935483,0.034736704
935484,0.22224818
935485,0.28077567
935486,0.12645583
935487,0.10094514
935488,0.11560725
935489,0.17560418
935490,0.112744264
935491,0.30014643
935492,0.25277895
935493,0.114963286
935494,0.14519988
935495,0.2161332
935496,0.12088123
935497,0.07847015
935498,0.07172727
935499,0.062427856
935500,0.050318204
935501,0.06091247
935502,0.018295975
935503,0.11760402
935504,0.14126372
935505,0.010660318
935506,0.04227493
935507,0.04347589
935508,0.044129122
935509,0.044515036
935510,0.11376621
935511,0.05569137
935512,0.044899255
935513,0.06148715
935514,0.037971996
935515,0.079592146
935516,0.035001762
935517,0.07264494
935518,0.35663253
935519,0.45967877
935520,0.4132679
935521,0.3392314
935522,0.44562703
935523,0.3093904
935524,0.446535
935525,0.29252928
935526,0.08146342
935527,0.057405815
935528,0.19504476
935529,0.28751746
935530,0.27630413
935531,0.030950915
935532,0.080280595
935533,0.06803656
935534,0.05794933
935535,0.062328096
935536,0.07085329
935537,0.07788352
935538,0.0766928
935539,0.052925244
935540,0.035274822
935541,0.015515034
935542,0.018930348
935543,0.010711656
935544,0.013998933
935545,0.015590238
935546,0.01410509
935547,0.012094186
935548,0.013387897
935549,0.58281827
935550,0.6633604
935551,0.46850246
935552,0.67761564
935553,0.58192915
935554,0.7177883
935555,0.48619843
935556,0.56254196
935557,0.66513085
935558,0.53224677
935559,0.6718424
935560,0.74522233
935561,0.5302548
935562,0.5595966
935563,0.6953427
935564,0.6171255
935565,0.7316184
935566,0.7235696
935567,0.6990056
935568,0.58837086
935569,0.6198215
935570,0.6601107
935571,0.38269755
935572,0.005401264
935573,0.012376346
935574,0.009641968
935575,0.009056672
935576,0.009580932
935577,0.014030421
935578,0.0071602664
935579,0.011734167
935580,0.03442748
935581,0.032057147
935582,0.034106016
935583,0.09025413
935584,0.18090364
935585,0.19065954
935586,0.23359819
935587,0.28479052
935588,0.29800206
935589,0.16306639
935590,0.14700824
935591,0.1232614
935592,0.09841547
935593,0.1284673
935594,0.18278457
935595,0.0052636378
935596,0.008226039
935597,0.007201956
935598,0.008913995
935599,0.0102845
935600,0.008247864
935601,0.013400867
935602,0.011077153
935603,0.008125239
935604,0.027815498
935605,0.022840424
935606,0.023701731
935607,0.022931645
935608,0.022238487
935609,0.021508958
935610,0.028268835
935611,0.033457976
935612,0.030337574
935613,0.03642409
935614,0.0057761623
935615,0.012594588
935616,0.00832088
935617,0.016116349
935618,0.015639054
935619,0.040881544
935620,0.010290394
935621,0.012630057
935622,0.012901598
935623,0.011751171
935624,0.030288672
935625,0.025830384
935626,0.20687623
935627,0.2801391
935628,0.2685459
935629,0.15923935
935630,0.020432128
935631,0.039850898
935632,0.040909216
935633,0.03559595
935634,0.042971727
935635,0.041689873
935636,0.04025271
935637,0.031735454
935638,0.0043336456
935639,0.008205634
935640,0.0065190056
935641,0.010298983
935642,0.009413149
935643,0.0064307526
935644,0.011731153
935645,0.017227698
935646,0.017940618
935647,0.06564639
935648,0.06097803
935649,0.06704556
935650,0.17168623
935651,0.16902946
935652,0.13485059
935653,0.15515293
935654,0.16612393
935655,0.15529943
935656,0.1472707
935657,0.011656131
935658,0.036773242
935659,0.0299498
935660,0.023884727
935661,0.024588292
935662,0.035199232
935663,0.023683386
935664,0.030400006
935665,0.0061234804
935666,0.011445909
935667,0.019751586
935668,0.020364244
935669,0.027595464
935670,0.015067907
935671,0.012529537
935672,0.012840118
935673,0.053913645
935674,0.10188049
935675,0.023987904
935676,0.034043882
935677,0.041275997
935678,0.039578002
935679,0.02089154
935680,0.037272803
935681,0.095833935
935682,0.013287066
935683,0.036600903
935684,0.028791191
935685,0.07738536
935686,0.14452925
935687,0.13298999
935688,0.09328511
935689,0.05356474
935690,0.14664324
935691,0.23858342
935692,0.049837887
935693,0.15501387
935694,0.11152455
935695,0.21842963
935696,0.065597095
935697,0.10395656
935698,0.07533783
935699,0.026574789
935700,0.10095628
935701,0.21676865
935702,0.15732199
935703,0.21926844
935704,0.17022155
935705,0.16367756
935706,0.013409771
935707,0.024958067
935708,0.025308058
935709,0.024886662
935710,0.031183245
935711,0.059813276
935712,0.011493085
935713,0.06919619
935714,0.052165072
935715,0.06571272
935716,0.051095124
935717,0.06152141
935718,0.073584676
935719,0.02036146
935720,0.08553315
935721,0.107210614
935722,0.077876925
935723,0.1737448
935724,0.09550121
935725,0.055932835
935726,0.006932211
935727,0.010194214
935728,0.016248785
935729,0.017978657
935730,0.009870615
935731,0.02541387
935732,0.0072933785
935733,0.0642247
935734,0.014635598
935735,0.013239488
935736,0.09780894
935737,0.06216417
935738,0.065949515
935739,0.26768908
935740,0.30154377
935741,0.0059199324
935742,0.024858171
935743,0.008190411
935744,0.021409255
935745,0.010974457
935746,0.02720477
935747,0.016369654
935748,0.58677274
935749,0.5244955
935750,0.43079627
935751,0.52027225
935752,0.7654295
935753,0.5790151
935754,0.77006084
935755,0.6285265
935756,0.5061382
935757,0.6914514
935758,0.470745
935759,0.19121294
935760,0.41425058
935761,0.47413173
935762,0.5600442
935763,0.49155602
935764,0.44561636
935765,0.36691657
935766,0.6070794
935767,0.27673635
935768,0.29841104
935769,0.6571736
935770,0.6389822
935771,0.28313297
935772,0.0040044943
935773,0.008022266
935774,0.00855118
935775,0.0064731087
935776,0.014821194
935777,0.0096942615
935778,0.0065387473
935779,0.007416622
935780,0.11183694
935781,0.14604089
935782,0.66733396
935783,0.3356946
935784,0.69633484
935785,0.7983893
935786,0.7652907
935787,0.7870729
935788,0.7020691
935789,0.73402125
935790,0.7869938
935791,0.71400076
935792,0.81728244
935793,0.5555282
935794,0.60794246
935795,0.68316567
935796,0.6118138
935797,0.78594077
935798,0.5216259
935799,0.009987714
935800,0.00953605
935801,0.011157652
935802,0.01767584
935803,0.023818288
935804,0.016202826
935805,0.02387832
935806,0.01320896
935807,0.021970471
935808,0.022131061
935809,0.03781976
935810,0.34475952
935811,0.572718
935812,0.62927735
935813,0.5677762
935814,0.59597
935815,0.66947883
935816,0.51470584
935817,0.6130135
935818,0.60803574
935819,0.6314156
935820,0.43875584
935821,0.15771769
935822,0.004382204
935823,0.01311971
935824,0.009283986
935825,0.0058418405
935826,0.008663118
935827,0.013038236
935828,0.00894817
935829,0.0116143515
935830,0.34233657
935831,0.6188361
935832,0.7855444
935833,0.62650794
935834,0.77068025
935835,0.76307404
935836,0.8309068
935837,0.7532111
935838,0.7779583
935839,0.7809844
935840,0.8395165
935841,0.76620126
935842,0.82728773
935843,0.65885955
935844,0.7990841
935845,0.68670297
935846,0.7213015
935847,0.66089255
935848,0.5538902
935849,0.7127471
935850,0.58378714
935851,0.781066
935852,0.43857738
935853,0.12526213
935854,0.31360757
935855,0.3720988
935856,0.29086486
935857,0.0066831163
935858,0.011695737
935859,0.010344142
935860,0.007702361
935861,0.02521273
935862,0.020652734
935863,0.10733288
935864,0.30947715
935865,0.23705412
935866,0.2070411
935867,0.30473882
935868,0.116315655
935869,0.19228923
935870,0.2679936
935871,0.103948206
935872,0.2106584
935873,0.10683613
935874,0.08995818
935875,0.08627259
935876,0.12163554
935877,0.11905198
935878,0.09178371
935879,0.06572141
935880,0.06071763
935881,0.013988892
935882,0.044531267
935883,0.024537493
935884,0.034595635
935885,0.030087324
935886,0.030650625
935887,0.09573199
935888,0.017878471
935889,0.1231457
935890,0.05541409
935891,0.07475785
935892,0.014562407
935893,0.0564246
935894,0.052131146
935895,0.13097008
935896,0.12546238
935897,0.10534196
935898,0.26515356
935899,0.14008905
935900,0.08413986
935901,0.11183281
935902,0.21891484
935903,0.049055416
935904,0.031018877
935905,0.052810885
935906,0.040542528
935907,0.027584514
935908,0.037745338
935909,0.03946986
935910,0.024288082
935911,0.0503297
935912,0.014484304
935913,0.045415353
935914,0.04423616
935915,0.08957615
935916,0.4543187
935917,0.56352425
935918,0.5894842
935919,0.5422261
935920,0.7829937
935921,0.5401936
935922,0.6980684
935923,0.6590981
935924,0.6576844
935925,0.30389267
935926,0.7143662
935927,0.32161742
935928,0.08317994
935929,0.04770485
935930,0.0378424
935931,0.10251938
935932,0.10329753
935933,0.07404843
935934,0.012491447
935935,0.1651976
935936,0.1834569
935937,0.098403454
935938,0.1764229
935939,0.16727085
935940,0.113622904
935941,0.16918324
935942,0.26466608
935943,0.41727024
935944,0.25133356
935945,0.34424686
935946,0.3711826
935947,0.27647993
935948,0.19976574
935949,0.27618816
935950,0.41838777
935951,0.4136388
935952,0.4504235
935953,0.45853263
935954,0.5990731
935955,0.56069076
935956,0.4068621
935957,0.21371883
935958,0.2009567
935959,0.25256395
935960,0.32600063
935961,0.23837408
935962,0.24126016
935963,0.32232994
935964,0.23937069
935965,0.106662154
935966,0.12004725
935967,0.02361349
935968,0.038823407
935969,0.059781343
935970,0.026185442
935971,0.042629197
935972,0.041414116
935973,0.045268074
935974,0.029189268
935975,0.0060946587
935976,0.044467755
935977,0.09399858
935978,0.050626475
935979,0.048537716
935980,0.053681176
935981,0.07701798
935982,0.047530774
935983,0.020726059
935984,0.042871933
935985,0.044565476
935986,0.04074192
935987,0.0063951286
935988,0.01964186
935989,0.020394359
935990,0.022494014
935991,0.021983601
935992,0.016649982
935993,0.024456965
935994,0.24129875
935995,0.1977166
935996,0.4625476
935997,0.35814002
935998,0.19743527
935999,0.016555281
936000,0.37681085
936001,0.38588637
936002,0.6122615
936003,0.68103325
936004,0.40342057
936005,0.29589477
936006,0.22580604
936007,0.400367
936008,0.24474514
936009,0.21969886
936010,0.020517407
936011,0.08902792
936012,0.2094705
936013,0.07238687
936014,0.15235281
936015,0.14166982
936016,0.17421556
936017,0.08236892
936018,0.033343684
936019,0.25257125
936020,0.60997045
936021,0.64160246
936022,0.6702111
936023,0.6499874
936024,0.70171237
936025,0.65809757
936026,0.6786503
936027,0.66440135
936028,0.66064525
936029,0.5137553
936030,0.030658323
936031,0.36801115
936032,0.54940766
936033,0.58600605
936034,0.545938
936035,0.5898187
936036,0.51378775
936037,0.5474888
936038,0.6069947
936039,0.6104259
936040,0.59439355
936041,0.6070564
936042,0.57769185
936043,0.54710203
936044,0.40265784
936045,0.08075208
936046,0.15078458
936047,0.19921467
936048,0.2861482
936049,0.23697929
936050,0.28563017
936051,0.28026223
936052,0.3079826
936053,0.17989017
936054,0.07752322
936055,0.25562084
936056,0.297648
936057,0.27234387
936058,0.113012634
936059,0.2594253
936060,0.4161908
936061,0.19989479
936062,0.26243287
936063,0.24661744
936064,0.26079965
936065,0.18122365
936066,0.04401803
936067,0.48441184
936068,0.32164517
936069,0.45803645
936070,0.48693046
936071,0.4542939
936072,0.40824205
936073,0.6701315
936074,0.6013472
936075,0.56310356
936076,0.4247952
936077,0.11737827
936078,0.15040107
936079,0.43183956
936080,0.11010556
936081,0.5587919
936082,0.5128067
936083,0.120524034
936084,0.26030284
936085,0.18870331
936086,0.0883746
936087,0.14068803
936088,0.1470888
936089,0.30592927
936090,0.32333633
936091,0.29782236
936092,0.030376265
936093,0.08748358
936094,0.2094974
936095,0.20506145
936096,0.09097001
936097,0.093601085
936098,0.24638692
936099,0.12293935
936100,0.231127
936101,0.12039159
936102,0.19292878
936103,0.016047576
936104,0.05246234
936105,0.03632977
936106,0.030941347
936107,0.026806396
936108,0.035089806
936109,0.03372207
936110,0.017947836
936111,0.484045
936112,0.68644255
936113,0.68420935
936114,0.5613186
936115,0.8227722
936116,0.5845582
936117,0.66949546
936118,0.6491906
936119,0.75481814
936120,0.63905954
936121,0.6815244
936122,0.6344437
936123,0.637939
936124,0.6476057
936125,0.61036706
936126,0.011829876
936127,0.06088307
936128,0.10761212
936129,0.09635306
936130,0.6968569
936131,0.6021098
936132,0.6731222
936133,0.6523932
936134,0.75359213
936135,0.73228216
936136,0.6504892
936137,0.74538505
936138,0.49151626
936139,0.5273968
936140,0.58329856
936141,0.57920945
936142,0.713239
936143,0.71205217
936144,0.70809895
936145,0.6869528
936146,0.27713576
936147,0.12761341
936148,0.32060763
936149,0.070098944
936150,0.42552045
936151,0.5082022
936152,0.50266653
936153,0.609626
936154,0.2459438
936155,0.49093044
936156,0.6382546
936157,0.62605643
936158,0.38524958
936159,0.40289184
936160,0.45164818
936161,0.03388582
936162,0.4277728
936163,0.32384384
936164,0.3282647
936165,0.31433964
936166,0.1947726
936167,0.21123365
936168,0.2246528
936169,0.16144562
936170,0.2310978
936171,0.13452867
936172,0.11570153
936173,0.28308743
936174,0.19435959
936175,0.058393672
936176,0.5370685
936177,0.5789514
936178,0.5936172
936179,0.74933547
936180,0.7461374
936181,0.34616962
936182,0.8371886
936183,0.7723919
936184,0.77918303
936185,0.7018143
936186,0.64528596
936187,0.6530931
936188,0.70925605
936189,0.6493339
936190,0.7054077
936191,0.82073784
936192,0.42148682
936193,0.074452356
936194,0.09625683
936195,0.09290123
936196,0.13532953
936197,0.2532809
936198,0.25286123
936199,0.12644479
936200,0.15396176
936201,0.10600537
936202,0.10699121
936203,0.110426344
936204,0.10232941
936205,0.119066656
936206,0.09988265
936207,0.1161312
936208,0.11952412
936209,0.089919224
936210,0.09970465
936211,0.2964489
936212,0.18113187
936213,0.28413758
936214,0.38015988
936215,0.3202696
936216,0.3921841
936217,0.36665115
936218,0.43208843
936219,0.1990861
936220,0.09275218
936221,0.27474666
936222,0.3396613
936223,0.08794828
936224,0.31239012
936225,0.14396283
936226,0.17781584
936227,0.1497078
936228,0.20647621
936229,0.36631992
936230,0.3205294
936231,0.28672695
936232,0.46288517
936233,0.48761582
936234,0.6539935
936235,0.41726306
936236,0.43929544
936237,0.60132486
936238,0.5446717
936239,0.48203287
936240,0.4819522
936241,0.40255308
936242,0.08968462
936243,0.24048896
936244,0.34403148
936245,0.18740374
936246,0.2038773
936247,0.07733037
936248,0.19367541
936249,0.10860145
936250,0.5395146
936251,0.16296144
936252,0.28887528
936253,0.15992561
936254,0.19382486
936255,0.026505537
936256,0.032199778
936257,0.044288073
936258,0.028525276
936259,0.07048801
936260,0.025180656
936261,0.02465376
936262,0.02580639
936263,0.02775512
936264,0.018019391
936265,0.02699783
936266,0.012240705
936267,0.0423123
936268,0.05075708
936269,0.03542904
936270,0.03827932
936271,0.032205053
936272,0.020786788
936273,0.070382245
936274,0.16375826
936275,0.53330874
936276,0.575096
936277,0.69765764
936278,0.7044464
936279,0.6368791
936280,0.73278415
936281,0.73147464
936282,0.6665634
936283,0.6624911
936284,0.7290717
936285,0.6306711
936286,0.753205
936287,0.5684563
936288,0.7148474
936289,0.57627386
936290,0.6020249
936291,0.68759376
936292,0.5818065
936293,0.36189565
936294,0.13924617
936295,0.25696555
936296,0.08849845
936297,0.18527308
936298,0.08502167
936299,0.11061659
936300,0.09804183
936301,0.03424815
936302,0.15817522
936303,0.1531228
936304,0.026919462
936305,0.103435755
936306,0.091252856
936307,0.09776943
936308,0.095462486
936309,0.10305638
936310,0.3108553
936311,0.075089075
936312,0.24909382
936313,0.29708177
936314,0.2870101
936315,0.2091794
936316,0.038838435
936317,0.11794663
936318,0.11126816
936319,0.13452357
936320,0.13175865
936321,0.104007095
936322,0.10798028
936323,0.10719934
936324,0.024827052
936325,0.26936874
936326,0.195316
936327,0.16925849
936328,0.22416583
936329,0.24697371
936330,0.30024242
936331,0.08079342
936332,0.09383259
936333,0.14320654
936334,0.093112715
936335,0.07082802
936336,0.36547306
936337,0.7098308
936338,0.28323436
936339,0.30776244
936340,0.16827127
936341,0.2831287
936342,0.2742148
936343,0.36242694
936344,0.28683612
936345,0.3124954
936346,0.3421647
936347,0.2642056
936348,0.12999305
936349,0.15893768
936350,0.2851972
936351,0.98035204
936352,0.30182624
936353,0.25045297
936354,0.25997436
936355,0.17100537
936356,0.009288602
936357,0.042007145
936358,0.03622455
936359,0.026739303
936360,0.03476051
936361,0.030759541
936362,0.028138412
936363,0.019297209
936364,0.08503957
936365,0.051453702
936366,0.07608428
936367,0.079077676
936368,0.4511575
936369,0.12835585
936370,0.030256938
936371,0.94768447
936372,0.10551395
936373,0.102242716
936374,0.18915199
936375,0.11145285
936376,0.078617245
936377,0.13369852
936378,0.07141985
936379,0.06661049
936380,0.015895998
936381,0.057299703
936382,0.16602837
936383,0.23513126
936384,0.19401515
936385,0.25548214
936386,0.36818993
936387,0.36391813
936388,0.28232765
936389,0.11156953
936390,0.27840206
936391,0.37245986
936392,0.19920045
936393,0.062616006
936394,0.11074289
936395,0.06149482
936396,0.41645062
936397,0.092463024
936398,0.42367402
936399,0.38180178
936400,0.1473828
936401,0.3068838
936402,0.1727172
936403,0.14948556
936404,0.012263898
936405,0.031631056
936406,0.031048717
936407,0.038123567
936408,0.033339076
936409,0.037365716
936410,0.05575345
936411,0.034130633
936412,0.013783231
936413,0.03819408
936414,0.039053526
936415,0.048747856
936416,0.032543283
936417,0.11229549
936418,0.027852835
936419,0.03576655
936420,0.036698308
936421,0.32138354
936422,0.2949637
936423,0.15249006
936424,0.4283598
936425,0.14084034
936426,0.18996094
936427,0.26056522
936428,0.21570565
936429,0.20286348
936430,0.3200305
936431,0.26281157
936432,0.14299808
936433,0.1297223
936434,0.16241394
936435,0.15798768
936436,0.21555641
936437,0.031041458
936438,0.071691364
936439,0.029537752
936440,0.03925423
936441,0.026567625
936442,0.0363613
936443,0.030274123
936444,0.030946475
936445,0.03606551
936446,0.031239215
936447,0.036049735
936448,0.06049263
936449,0.031722587
936450,0.051072035
936451,0.040033236
936452,0.012998638
936453,0.02147527
936454,0.024407193
936455,0.020140572
936456,0.02426608
936457,0.018446174
936458,0.044162475
936459,0.10096622
936460,0.06104828
936461,0.0634743
936462,0.0365766
936463,0.040161666
936464,0.041186336
936465,0.039043374
936466,0.10917733
936467,0.052932087
936468,0.04288572
936469,0.06235944
936470,0.021622423
936471,0.046222795
936472,0.046810053
936473,0.04178227
936474,0.038744632
936475,0.06392279
936476,0.05149797
936477,0.045483008
936478,0.20468014
936479,0.34722725
936480,0.078589484
936481,0.13401744
936482,0.11221896
936483,0.109154545
936484,0.12328518
936485,0.020673374
936486,0.04356494
936487,0.16860756
936488,0.1594836
936489,0.0388163
936490,0.0365674
936491,0.25806448
936492,0.018187398
936493,0.04440701
936494,0.04631723
936495,0.047613274
936496,0.044710524
936497,0.118990235
936498,0.03564945
936499,0.09754103
936500,0.025509128
936501,0.045303307
936502,0.06563993
936503,0.03162492
936504,0.06855866
936505,0.029101763
936506,0.03685986
936507,0.047083974
936508,0.094641216
936509,0.05033624
936510,0.018051881
936511,0.12609446
936512,0.14436914
936513,0.1283073
936514,0.1283057
936515,0.13453066
936516,0.15353642
936517,0.17588162
936518,0.044377472
936519,0.090844244
936520,0.29984224
936521,0.27662987
936522,0.29981583
936523,0.018828658
936524,0.04269919
936525,0.046162963
936526,0.040145207
936527,0.06834478
936528,0.052622937
936529,0.043232813
936530,0.034935232
936531,0.47010535
936532,0.34641895
936533,0.5340242
936534,0.671565
936535,0.69130886
936536,0.84483004
936537,0.65024906
936538,0.7874358
936539,0.84226775
936540,0.83342034
936541,0.812804
936542,0.8120435
936543,0.75408816
936544,0.5505728
936545,0.23717238
936546,0.29370433
936547,0.13346772
936548,0.034757942
936549,0.033065222
936550,0.028991729
936551,0.017409671
936552,0.035096887
936553,0.032505542
936554,0.029799525
936555,0.1956475
936556,0.34338084
936557,0.19681014
936558,0.021186404
936559,0.09015906
936560,0.09283316
936561,0.10816996
936562,0.035847735
936563,0.035825476
936564,0.033128817
936565,0.016077843
936566,0.03325728
936567,0.029753258
936568,0.02981645
936569,0.06230124
936570,0.2860061
936571,0.27517074
936572,0.07735613
936573,0.20737226
936574,0.1579732
936575,0.2489011
936576,0.2668901
936577,0.28944868
936578,0.4427881
936579,0.2090489
936580,0.30401957
936581,0.16713628
936582,0.14735655
936583,0.17312631
936584,0.24284887
936585,0.17410234
936586,0.20197472
936587,0.15276296
936588,0.13106874
936589,0.12398534
936590,0.056655113
936591,0.25543267
936592,0.2526863
936593,0.24737976
936594,0.24701874
936595,0.22584844
936596,0.029152207
936597,0.091329105
936598,0.111244924
936599,0.08765711
936600,0.021167297
936601,0.06170888
936602,0.098146304
936603,0.13865829
936604,0.0904554
936605,0.0551215
936606,0.06819471
936607,0.059881195
936608,0.049856834
936609,0.27213264
936610,0.28792995
936611,0.16968831
936612,0.20798817
936613,0.3635284
936614,0.30739513
936615,0.16795109
936616,0.38754964
936617,0.4185405
936618,0.14310181
936619,0.21712805
936620,0.020989157
936621,0.1334445
936622,0.19948031
936623,0.025583366
936624,0.024834527
936625,0.025599193
936626,0.25538647
936627,0.24829616
936628,0.24431488
936629,0.27639183
936630,0.021600785
936631,0.02711667
936632,0.022620792
936633,0.0200196
936634,0.08092896
936635,0.3217582
936636,0.20717311
936637,0.01256089
936638,0.027440038
936639,0.025505455
936640,0.02432761
936641,0.031095358
936642,0.02568677
936643,0.01767065
936644,0.023114918
936645,0.022512311
936646,0.02378847
936647,0.019589348
936648,0.085886806
936649,0.21529867
936650,0.40959543
936651,0.35679287
936652,0.48955172
936653,0.37183127
936654,0.41439438
936655,0.5227018
936656,0.45192075
936657,0.32478103
936658,0.19904962
936659,0.019722123
936660,0.035138268
936661,0.08783408
936662,0.076541185
936663,0.07939045
936664,0.026792573
936665,0.047777906
936666,0.15448949
936667,0.5554134
936668,0.731201
936669,0.7020076
936670,0.73369694
936671,0.80879784
936672,0.73136556
936673,0.72853625
936674,0.73985106
936675,0.7124373
936676,0.67614514
936677,0.6917881
936678,0.5738034
936679,0.6990969
936680,0.66461015
936681,0.73347497
936682,0.7483101
936683,0.3304675
936684,0.018743817
936685,0.024197398
936686,0.06017759
936687,0.055252466
936688,0.033962287
936689,0.039931584
936690,0.02571246
936691,0.039480068
936692,0.048050296
936693,0.018976009
936694,0.08402118
936695,0.087255456
936696,0.12511353
936697,0.20679925
936698,0.12859191
936699,0.049177144
936700,0.0674411
936701,0.13785091
936702,0.12985718
936703,0.27722976
936704,0.15842167
936705,0.01116681
936706,0.09596781
936707,0.32915908
936708,0.087490246
936709,0.171485
936710,0.19877933
936711,0.33876723
936712,0.22721037
936713,0.17171653
936714,0.21413328
936715,0.28475717
936716,0.06129116
936717,0.037879173
936718,0.02053017
936719,0.061368022
936720,0.0925385
936721,0.31923914
936722,0.42607138
936723,0.0926775
936724,0.15554751
936725,0.218476
936726,0.267499
936727,0.35769233
936728,0.08719466
936729,0.099046476
936730,0.12877817
936731,0.4077569
936732,0.24731943
936733,0.032693643
936734,0.11823827
936735,0.093390815
936736,0.08770063
936737,0.11525502
936738,0.14774716
936739,0.106155716
936740,0.095440365
936741,0.14098217
936742,0.11685066
936743,0.06934871
936744,0.15109123
936745,0.03383784
936746,0.11857933
936747,0.15950297
936748,0.3424489
936749,0.28963974
936750,0.24828722
936751,0.2217135
936752,0.17888662
936753,0.17418626
936754,0.18239692
936755,0.18374397
936756,0.25425622
936757,0.29668114
936758,0.26723495
936759,0.2915598
936760,0.17890042
936761,0.11694298
936762,0.16204031
936763,0.41663656
936764,0.17851087
936765,0.04665727
936766,0.4622502
936767,0.2094917
936768,0.37396818
936769,0.2209171
936770,0.41203374
936771,0.25998026
936772,0.281603
936773,0.41986758
936774,0.22936073
936775,0.012487182
936776,0.12002876
936777,0.121048994
936778,0.09672794
936779,0.1680636
936780,0.071753286
936781,0.03605827
936782,0.02932942
936783,0.02716562
936784,0.026609598
936785,0.026265768
936786,0.05720623
936787,0.023942431
936788,0.011746366
936789,0.02125051
936790,0.021644743
936791,0.022802593
936792,0.025444176
936793,0.022277199
936794,0.020037716
936795,0.008929245
936796,0.022074165
936797,0.02795563
936798,0.023405014
936799,0.019773234
936800,0.30072245
936801,0.23258047
936802,0.0071389144
936803,0.027364837
936804,0.02517576
936805,0.027989263
936806,0.020428926
936807,0.04094395
936808,0.028361136
936809,0.19427782
936810,0.029791193
936811,0.0713386
936812,0.11345404
936813,0.104337305
936814,0.010797979
936815,0.06108928
936816,0.028764578
936817,0.032293398
936818,0.029100887
936819,0.030134734
936820,0.037549052
936821,0.033102784
936822,0.010405309
936823,0.03351745
936824,0.03953717
936825,0.03214485
936826,0.03537065
936827,0.034462918
936828,0.034119826
936829,0.025060702
936830,0.0072127683
936831,0.02316496
936832,0.02999838
936833,0.02503194
936834,0.023013504
936835,0.02693878
936836,0.024011606
936837,0.020967849
936838,0.19483797
936839,0.1374253
936840,0.09890576
936841,0.056863043
936842,0.021342907
936843,0.092998244
936844,0.09297385
936845,0.059432726
936846,0.0876725
936847,0.37567675
936848,0.14256634
936849,0.06288714
936850,0.101564854
936851,0.086063616
936852,0.15784587
936853,0.14218573
936854,0.117608
936855,0.10195087
936856,0.09260102
936857,0.13396601
936858,0.012989765
936859,0.028139943
936860,0.024181953
936861,0.040521685
936862,0.034046948
936863,0.030713396
936864,0.03672565
936865,0.04615935
936866,0.026982259
936867,0.2841347
936868,0.22779664
936869,0.1093242
936870,0.22908397
936871,0.07517861
936872,0.14858225
936873,0.042413183
936874,0.112513125
936875,0.24188264
936876,0.22238748
936877,0.29403156
936878,0.22319777
936879,0.22948235
936880,0.21982746
936881,0.17281051
936882,0.5899728
936883,0.63277525
936884,0.70471984
936885,0.7524042
936886,0.8098016
936887,0.85943514
936888,0.888567
936889,0.825518
936890,0.87856567
936891,0.81166387
936892,0.8178745
936893,0.8774529
936894,0.8713909
936895,0.8670618
936896,0.7918619
936897,0.7602539
936898,0.84926635
936899,0.8704308
936900,0.8401481
936901,0.82685226
936902,0.74916226
936903,0.8296707
936904,0.85552967
936905,0.82765234
936906,0.7369163
936907,0.6852281
936908,0.7063903
936909,0.26640645
936910,0.02352108
936911,0.078121446
936912,0.09288163
936913,0.089516066
936914,0.106278434
936915,0.11399877
936916,0.34075162
936917,0.02126268
936918,0.06710935
936919,0.074787594
936920,0.13040125
936921,0.078176714
936922,0.14479381
936923,0.0976432
936924,0.1348986
936925,0.047294434
936926,0.02435073
936927,0.05382389
936928,0.05513387
936929,0.06909222
936930,0.05316017
936931,0.13308449
936932,0.018053172
936933,0.030897085
936934,0.02349318
936935,0.031395875
936936,0.017395582
936937,0.018810106
936938,0.01613188
936939,0.020623604
936940,0.21833484
936941,0.010549215
936942,0.02232616
936943,0.047618788
936944,0.041866284
936945,0.017862562
936946,0.017654333
936947,0.026993586
936948,0.023106063
936949,0.047590252
936950,0.02637481
936951,0.109834336
936952,0.10602177
936953,0.008581748
936954,0.034319237
936955,0.03988734
936956,0.03150546
936957,0.105894506
936958,0.10783122
936959,0.04555041
936960,0.17924362
936961,0.07093177
936962,0.030752525
936963,0.054606378
936964,0.06889406
936965,0.0068061682
936966,0.016917776
936967,0.02212382
936968,0.018046368
936969,0.018879082
936970,0.020248862
936971,0.015570369
936972,0.31101015
936973,0.00809136
936974,0.020322137
936975,0.017584221
936976,0.02124062
936977,0.026857879
936978,0.015984595
936979,0.021848872
936980,0.023727246
936981,0.013385908
936982,0.0050025005
936983,0.01147599
936984,0.013448889
936985,0.018024495
936986,0.012070719
936987,0.0103687
936988,0.011866861
936989,0.006532856
936990,0.01973865
936991,0.023613136
936992,0.019146308
936993,0.01870448
936994,0.018661374
936995,0.018472282
936996,0.044099394
936997,0.018470734
936998,0.0070878523
936999,0.018642994
937000,0.056017824
937001,0.032712974
937002,0.014811721
937003,0.018865816
937004,0.0191308
937005,0.016945833
937006,0.012541035
937007,0.00916001
937008,0.013449787
937009,0.012356736
937010,0.014148987
937011,0.021262212
937012,0.030360004
937013,0.01244183
937014,0.3752148
937015,0.33494416
937016,0.48331502
937017,0.39523983
937018,0.36868483
937019,0.31524986
937020,0.35909435
937021,0.2228056
937022,0.005585169
937023,0.02108206
937024,0.012791398
937025,0.021624573
937026,0.019263016
937027,0.009398359
937028,0.07924815
937029,0.06282185
937030,0.05429458
937031,0.043749515
937032,0.0109502515
937033,0.06686843
937034,0.08395283
937035,0.09594853
937036,0.1408927
937037,0.079256974
937038,0.082103215
937039,0.11061487
937040,0.028957956
937041,0.057391815
937042,0.055101942
937043,0.4016465
937044,0.28890714
937045,0.2562089
937046,0.28388372
937047,0.1356573
937048,0.3018226
937049,0.1968664
937050,0.30821797
937051,0.29731894
937052,0.3004899
937053,0.23312226
937054,0.31807566
937055,0.10463976
937056,0.086952694
937057,0.057377916
937058,0.23844264
937059,0.18190852
937060,0.044704698
937061,0.17730244
937062,0.10745136
937063,0.0092386985
937064,0.038601454
937065,0.14809424
937066,0.02678914
937067,0.026132198
937068,0.07940056
937069,0.04662988
937070,0.038796645
937071,0.29245135
937072,0.010333252
937073,0.04273861
937074,0.027399808
937075,0.045020297
937076,0.04676844
937077,0.034316916
937078,0.047638103
937079,0.036133647
937080,0.021110604
937081,0.011159609
937082,0.042855922
937083,0.05081781
937084,0.03155628
937085,0.035039004
937086,0.14246014
937087,0.23586597
937088,0.16530754
937089,0.26749468
937090,0.14618641
937091,0.06613269
937092,0.13732724
937093,0.15101784
937094,0.13872267
937095,0.135964
937096,0.15798745
937097,0.28936732
937098,0.17880395
937099,0.4142659
937100,0.32821873
937101,0.21968807
937102,0.17046253
937103,0.18028751
937104,0.2658174
937105,0.25254172
937106,0.16587661
937107,0.14908752
937108,0.1741858
937109,0.16404337
937110,0.16052724
937111,0.123632334
937112,0.022374839
937113,0.1019389
937114,0.15170635
937115,0.25917575
937116,0.01758035
937117,0.039550688
937118,0.045261584
937119,0.046208777
937120,0.028008612
937121,0.039198175
937122,0.058125325
937123,0.046401896
937124,0.048040945
937125,0.010729786
937126,0.032723606
937127,0.02798194
937128,0.036549043
937129,0.029987596
937130,0.02913218
937131,0.025521684
937132,0.040991325
937133,0.027205875
937134,0.027325336
937135,0.059328906
937136,0.054024555
937137,0.1215337
937138,0.13800491
937139,0.32348818
937140,0.29015812
937141,0.3769307
937142,0.22184694
937143,0.2269311
937144,0.17663658
937145,0.13329382
937146,0.21891017
937147,0.16171034
937148,0.202247
937149,0.11764769
937150,0.12905133
937151,0.2496626
937152,0.013499693
937153,0.06303127
937154,0.049947593
937155,0.05819512
937156,0.05881499
937157,0.19836685
937158,0.2234151
937159,0.2193591
937160,0.3098378
937161,0.31193984
937162,0.17201157
937163,0.04797671
937164,0.6235987
937165,0.6883036
937166,0.72818774
937167,0.75859815
937168,0.7552854
937169,0.75986385
937170,0.7538817
937171,0.7715399
937172,0.7690365
937173,0.7610365
937174,0.7476571
937175,0.7454668
937176,0.27773255
937177,0.28716385
937178,0.4386807
937179,0.51691705
937180,0.1226688
937181,0.07527368
937182,0.08879776
937183,0.09601522
937184,0.08154881
937185,0.078502096
937186,0.07147025
937187,0.05961669
937188,0.07963336
937189,0.013566086
937190,0.034421284
937191,0.033303287
937192,0.036144536
937193,0.041024193
937194,0.04220579
937195,0.050089534
937196,0.029588128
937197,0.030353831
937198,0.027801068
937199,0.3073054
937200,0.2972887
937201,0.27118272
937202,0.17552596
937203,0.1760167
937204,0.097905315
937205,0.03993554
937206,0.08812352
937207,0.010761608
937208,0.037107937
937209,0.034656946
937210,0.040581748
937211,0.047060102
937212,0.034290433
937213,0.12193276
937214,0.101565376
937215,0.08949796
937216,0.011303667
937217,0.06288633
937218,0.04575683
937219,0.026665889
937220,0.039209787
937221,0.031718858
937222,0.04262245
937223,0.05492219
937224,0.13472304
937225,0.16068074
937226,0.10640111
937227,0.09162667
937228,0.17235407
937229,0.17805721
937230,0.08608477
937231,0.08801629
937232,0.13099593
937233,0.16710612
937234,0.3621527
937235,0.24676336
937236,0.4426325
937237,0.25354096
937238,0.29922572
937239,0.2885986
937240,0.17914659
937241,0.28701952
937242,0.17272133
937243,0.06657525
937244,0.13834473
937245,0.23705089
937246,0.3184017
937247,0.013518191
937248,0.08455376
937249,0.09741169
937250,0.147749
937251,0.32036775
937252,0.06472127
937253,0.06605041
937254,0.013302422
937255,0.02511859
937256,0.028069181
937257,0.027443329
937258,0.03301517
937259,0.032243315
937260,0.0427322
937261,0.03914267
937262,0.033326015
937263,0.65364
937264,0.73047894
937265,0.6994751
937266,0.8034945
937267,0.7956763
937268,0.7696543
937269,0.7862199
937270,0.82043034
937271,0.78877693
937272,0.79399276
937273,0.82360655
937274,0.77902186
937275,0.789875
937276,0.83188206
937277,0.7556894
937278,0.7924529
937279,0.8196645
937280,0.78568006
937281,0.8302668
937282,0.76175493
937283,0.81110495
937284,0.76454824
937285,0.82578474
937286,0.7762841
937287,0.78942513
937288,0.76724106
937289,0.74320525
937290,0.7723422
937291,0.76433355
937292,0.71090233
937293,0.7304507
937294,0.74975336
937295,0.60462874
937296,0.3875944
937297,0.03131791
937298,0.07176323
937299,0.077980846
937300,0.019714888
937301,0.041405737
937302,0.028351618
937303,0.03970553
937304,0.030938352
937305,0.07689796
937306,0.043529492
937307,0.09349658
937308,0.21624476
937309,0.2072095
937310,0.050072953
937311,0.015437297
937312,0.07552389
937313,0.05561274
937314,0.060893297
937315,0.12422746
937316,0.043915465
937317,0.045511324
937318,0.099878184
937319,0.21070285
937320,0.024882948
937321,0.044479933
937322,0.044049554
937323,0.06371455
937324,0.032061655
937325,0.14056008
937326,0.19095705
937327,0.2033587
937328,0.123487145
937329,0.13398767
937330,0.08942927
937331,0.18669498
937332,0.113533966
937333,0.0625068
937334,0.0915554
937335,0.0069733746
937336,0.038191997
937337,0.022550974
937338,0.022899728
937339,0.021694079
937340,0.021781038
937341,0.1590779
937342,0.010564411
937343,0.03335464
937344,0.03194744
937345,0.033097427
937346,0.046171315
937347,0.027581003
937348,0.031355727
937349,0.06954571
937350,0.015088932
937351,0.018734302
937352,0.019318562
937353,0.034208916
937354,0.028139886
937355,0.017578192
937356,0.12097972
937357,0.06596667
937358,0.090699695
937359,0.070945844
937360,0.071187004
937361,0.08065879
937362,0.06294348
937363,0.11168165
937364,0.13026837
937365,0.2234383
937366,0.07477263
937367,0.2875787
937368,0.37313992
937369,0.28812346
937370,0.26288417
937371,0.27257493
937372,0.08258259
937373,0.07107148
937374,0.24023566
937375,0.12482453
937376,0.10924291
937377,0.093702465
937378,0.25774652
937379,0.10017164
937380,0.29058647
937381,0.029365083
937382,0.23612997
937383,0.102358826
937384,0.101937965
937385,0.018110521
937386,0.038163997
937387,0.038466748
937388,0.039758787
937389,0.03708115
937390,0.041725196
937391,0.05002276
937392,0.043251645
937393,0.04925964
937394,0.030357135
937395,0.11722178
937396,0.14534222
937397,0.02184694
937398,0.051024657
937399,0.053741287
937400,0.05268048
937401,0.062371757
937402,0.05054651
937403,0.051315207
937404,0.043796428
937405,0.00995607
937406,0.073321946
937407,0.05144721
937408,0.048708037
937409,0.03779328
937410,0.24752189
937411,0.24163376
937412,0.4138102
937413,0.20041797
937414,0.0891364
937415,0.035581533
937416,0.49893498
937417,0.6011502
937418,0.62934107
937419,0.62539136
937420,0.65982205
937421,0.6004328
937422,0.51548785
937423,0.5466714
937424,0.60107183
937425,0.6938789
937426,0.5183736
937427,0.58353287
937428,0.5488586
937429,0.32241198
937430,0.41415802
937431,0.27913898
937432,0.3716935
937433,0.17525919
937434,0.17372344
937435,0.081551574
937436,0.19098872
937437,0.06319962
937438,0.07965995
937439,0.08169357
937440,0.08599614
937441,0.084050395
937442,0.08213622
937443,0.06440136
937444,0.076905385
937445,0.062994234
937446,0.19568615
937447,0.23240319
937448,0.109135024
937449,0.08178841
937450,0.18161708
937451,0.11819922
937452,0.04195867
937453,0.63955337
937454,0.6658863
937455,0.77415365
937456,0.7111834
937457,0.7019772
937458,0.83272916
937459,0.7690513
937460,0.7529308
937461,0.78336793
937462,0.79826146
937463,0.87095445
937464,0.664808
937465,0.8357817
937466,0.78023344
937467,0.72870445
937468,0.84554094
937469,0.78520596
937470,0.44642395
937471,0.10850651
937472,0.016542189
937473,0.040443663
937474,0.049796548
937475,0.052511994
937476,0.013921258
937477,0.024361666
937478,0.05336989
937479,0.05471467
937480,0.022374824
937481,0.052235946
937482,0.04944676
937483,0.01975219
937484,0.012000056
937485,0.024091076
937486,0.019121908
937487,0.02255641
937488,0.023078758
937489,0.019332388
937490,0.018173791
937491,0.013723327
937492,0.27253592
937493,0.2886261
937494,0.11954558
937495,0.3192109
937496,0.01126883
937497,0.02574506
937498,0.02440794
937499,0.03450274
937500,0.040483594
937501,0.030067872
937502,0.0744104
937503,0.033920106
937504,0.030768558
937505,0.03561239
937506,0.3194591
937507,0.37534162
937508,0.37018746
937509,0.28598613
937510,0.009178816
937511,0.01282128
937512,0.012714906
937513,0.012850428
937514,0.022365643
937515,0.020713376
937516,0.017057914
937517,0.020069018
937518,0.054620843
937519,0.09403912
937520,0.08417279
937521,0.0707022
937522,0.07879854
937523,0.061684556
937524,0.060869034
937525,0.066179045
937526,0.0540501
937527,0.11412787
937528,0.14188723
937529,0.09589448
937530,0.079952754
937531,0.104756884
937532,0.08724167
937533,0.08505207
937534,0.0074010314
937535,0.015571333
937536,0.016873019
937537,0.013793724
937538,0.02553789
937539,0.025888257
937540,0.02515386
937541,0.013725682
937542,0.1157637
937543,0.032092914
937544,0.06304566
937545,0.047160216
937546,0.009945026
937547,0.04257328
937548,0.065905795
937549,0.046132527
937550,0.07424431
937551,0.06533956
937552,0.056662265
937553,0.048298262
937554,0.07399287
937555,0.09241076
937556,0.067257285
937557,0.07750458
937558,0.017535614
937559,0.040877644
937560,0.16119468
937561,0.06354741
937562,0.32727462
937563,0.2633189
937564,0.3369758
937565,0.16651213
937566,0.1434856
937567,0.5514931
937568,0.70300406
937569,0.47490028
937570,0.612137
937571,0.44042465
937572,0.6451209
937573,0.5363835
937574,0.70457625
937575,0.5141533
937576,0.70943195
937577,0.594818
937578,0.6286468
937579,0.67273957
937580,0.65637463
937581,0.6999472
937582,0.503428
937583,0.34830847
937584,0.07264159
937585,0.2484981
937586,0.3933008
937587,0.35653964
937588,0.35166982
937589,0.46533248
937590,0.3841455
937591,0.51467294
937592,0.33925524
937593,0.4786093
937594,0.33305272
937595,0.22998974
937596,0.08646317
937597,0.085163906
937598,0.40393972
937599,0.34867486
937600,0.43922195
937601,0.4332798
937602,0.4877735
937603,0.46254823
937604,0.4881125
937605,0.43895125
937606,0.22225793
937607,0.08059644
937608,0.20500565
937609,0.2086588
937610,0.47553346
937611,0.5548903
937612,0.59681845
937613,0.52592105
937614,0.5292511
937615,0.49253824
937616,0.5245528
937617,0.51163304
937618,0.5588002
937619,0.5159663
937620,0.38159454
937621,0.46582612
937622,0.49184906
937623,0.5974408
937624,0.54877126
937625,0.62968606
937626,0.6426603
937627,0.4920822
937628,0.3830633
937629,0.50451124
937630,0.4087685
937631,0.2871877
937632,0.027331274
937633,0.06519245
937634,0.075134754
937635,0.044647258
937636,0.04816561
937637,0.2831005
937638,0.23603746
937639,0.23750475
937640,0.15705122
937641,0.2049398
937642,0.21053763
937643,0.3208236
937644,0.1302111
937645,0.072245546
937646,0.084645264
937647,0.09876962
937648,0.115468964
937649,0.11370553
937650,0.097856686
937651,0.06998144
937652,0.084652975
937653,0.09290752
937654,0.018016847
937655,0.06969931
937656,0.07177362
937657,0.08068046
937658,0.08166565
937659,0.067158066
937660,0.057282478
937661,0.094169095
937662,0.09692657
937663,0.0982426
937664,0.2520149
937665,0.30549648
937666,0.0489172
937667,0.07553187
937668,0.056333784
937669,0.052384976
937670,0.10175734
937671,0.06848891
937672,0.053055592
937673,0.35361388
937674,0.10036941
937675,0.10721952
937676,0.07085193
937677,0.031061284
937678,0.05773096
937679,0.07965185
937680,0.0743961
937681,0.297039
937682,0.3556785
937683,0.5102966
937684,0.38221088
937685,0.2870043
937686,0.17235371
937687,0.026274458
937688,0.18559991
937689,0.20876084
937690,0.1827993
937691,0.34056357
937692,0.42417502
937693,0.4037317
937694,0.2620771
937695,0.037884787
937696,0.121361725
937697,0.050514698
937698,0.107380494
937699,0.07645662
937700,0.063678354
937701,0.05662216
937702,0.34718603
937703,0.6160949
937704,0.62202615
937705,0.6546441
937706,0.6843345
937707,0.6552547
937708,0.75374544
937709,0.7006726
937710,0.5087668
937711,0.7442887
937712,0.694854
937713,0.7009526
937714,0.7184776
937715,0.72456545
937716,0.7438705
937717,0.73530567
937718,0.77977246
937719,0.6781212
937720,0.4387955
937721,0.6648913
937722,0.68646246
937723,0.7252417
937724,0.7293925
937725,0.66295195
937726,0.73003733
937727,0.6888136
937728,0.7176573
937729,0.6726269
937730,0.70015407
937731,0.512668
937732,0.2433023
937733,0.07661879
937734,0.52062505
937735,0.49003047
937736,0.54120415
937737,0.82540715
937738,0.11787938
937739,0.50729984
937740,0.5548157
937741,0.17153785
937742,0.64028907
937743,0.6067201
937744,0.8662482
937745,0.8551118
937746,0.21103577
937747,0.6313779
937748,0.07421217
937749,0.067971766
937750,0.81560004
937751,0.22674078
937752,0.26396692
937753,0.5192654
937754,0.02577286
937755,0.24273221
937756,0.047078338
937757,0.28763267
937758,0.109668285
937759,0.5356463
937760,0.7860315
937761,0.6004095
937762,0.19136135
937763,0.2676092
937764,0.3537864
937765,0.6123017
937766,0.7273215
937767,0.6193361
937768,0.6189524
937769,0.67870224
937770,0.50281215
937771,0.55495286
937772,0.4078239
937773,0.34441993
937774,0.30608568
937775,0.3405971
937776,0.30139473
937777,0.016452782
937778,0.11390729
937779,0.6659727
937780,0.13835008
937781,0.58450764
937782,0.13078666
937783,0.4318482
937784,0.11323782
937785,0.2378158
937786,0.68871796
937787,0.5147283
937788,0.14889592
937789,0.067906685
937790,0.7502574
937791,0.5626116
937792,0.5925781
937793,0.5285881
937794,0.62880665
937795,0.614677
937796,0.6196972
937797,0.6582831
937798,0.59978205
937799,0.47292078
937800,0.5429563
937801,0.597014
937802,0.7559684
937803,0.662641
937804,0.65819526
937805,0.59967864
937806,0.47939363
937807,0.090194695
937808,0.6862417
937809,0.77615297
937810,0.7233437
937811,0.8691722
937812,0.8316705
937813,0.8800519
937814,0.89262074
937815,0.86182904
937816,0.8747838
937817,0.88789696
937818,0.9120015
937819,0.8862876
937820,0.8963761
937821,0.8878416
937822,0.8618658
937823,0.8561432
937824,0.888509
937825,0.84826463
937826,0.7837878
937827,0.8880775
937828,0.8290315
937829,0.8658857
937830,0.8462642
937831,0.8848371
937832,0.8276936
937833,0.81195706
937834,0.86502916
937835,0.8736074
937836,0.85805964
937837,0.86277145
937838,0.85644394
937839,0.8709942
937840,0.8337409
937841,0.7741225
937842,0.44868004
937843,0.4407282
937844,0.557601
937845,0.4560458
937846,0.47539008
937847,0.4662594
937848,0.50830114
937849,0.55644697
937850,0.26382
937851,0.36704603
937852,0.5432529
937853,0.56068736
937854,0.25890562
937855,0.060590874
937856,0.090560734
937857,0.19535655
937858,0.37032494
937859,0.29784957
937860,0.09116163
937861,0.5375577
937862,0.7486795
937863,0.7366406
937864,0.7029334
937865,0.7208751
937866,0.7834
937867,0.54859143
937868,0.831656
937869,0.5476399
937870,0.607367
937871,0.79301435
937872,0.8114291
937873,0.64221376
937874,0.64417213
937875,0.6434999
937876,0.6572359
937877,0.7942972
937878,0.72901446
937879,0.7663038
937880,0.26788837
937881,0.13910459
937882,0.27077055
937883,0.61634207
937884,0.6139814
937885,0.6856559
937886,0.48496452
937887,0.67637104
937888,0.63095915
937889,0.7309233
937890,0.5246232
937891,0.71505564
937892,0.49237582
937893,0.47985992
937894,0.68334776
937895,0.5839078
937896,0.6708336
937897,0.5401271
937898,0.6482368
937899,0.6677298
937900,0.5224752
937901,0.6038279
937902,0.5127676
937903,0.21676593
937904,0.045414306
937905,0.4439076
937906,0.2211061
937907,0.2600458
937908,0.13842928
937909,0.3586645
937910,0.45183492
937911,0.13444994
937912,0.3326871
937913,0.32979175
937914,0.08197548
937915,0.09986316
937916,0.1448187
937917,0.17914869
937918,0.061746284
937919,0.0701089
937920,0.017644191
937921,0.1051952
937922,0.057232514
937923,0.061514374
937924,0.117102966
937925,0.135354
937926,0.1888487
937927,0.27260342
937928,0.11764632
937929,0.24318852
937930,0.010522024
937931,0.06835774
937932,0.035247512
937933,0.058731277
937934,0.039621327
937935,0.04284234
937936,0.06621161
937937,0.044100594
937938,0.024054203
937939,0.09373928
937940,0.15838699
937941,0.084921606
937942,0.034872677
937943,0.040086903
937944,0.050757296
937945,0.03472155
937946,0.22524288
937947,0.24525957
937948,0.2260858
937949,0.19575219
937950,0.012392004
937951,0.04780613
937952,0.017617803
937953,0.029040799
937954,0.032432754
937955,0.017358836
937956,0.032284614
937957,0.022456462
937958,0.2262377
937959,0.0076854583
937960,0.021892399
937961,0.02558236
937962,0.026971895
937963,0.028225413
937964,0.0099214325
937965,0.047924064
937966,0.06281002
937967,0.03525541
937968,0.0712072
937969,0.038594633
937970,0.033317033
937971,0.031467248
937972,0.046325713
937973,0.02799959
937974,0.20402372
937975,0.11957837
937976,0.10575411
937977,0.08400688
937978,0.06693591
937979,0.012588067
937980,0.022423152
937981,0.02396891
937982,0.024502229
937983,0.030973576
937984,0.023927793
937985,0.019455988
937986,0.031547572
937987,0.21891369
937988,0.08781416
937989,0.011242207
937990,0.028922858
937991,0.038365535
937992,0.021502417
937993,0.029216016
937994,0.051191155
937995,0.0976927
937996,0.007958666
937997,0.029164733
937998,0.021291029
937999,0.034125704
938000,0.030472687
938001,0.042074572
938002,0.26569283
938003,0.39459306
938004,0.234306
938005,0.40198582
938006,0.23561054
938007,0.009315345
938008,0.046945147
938009,0.025476405
938010,0.025472987
938011,0.025321849
938012,0.0234951
938013,0.26565388
938014,0.033589926
938015,0.33206078
938016,0.27759513
938017,0.25897005
938018,0.2308941
938019,0.36081642
938020,0.26689798
938021,0.17469423
938022,0.34946576
938023,0.608978
938024,0.64947504
938025,0.5726661
938026,0.7633221
938027,0.13613981
938028,0.52434087
938029,0.916032
938030,0.23498176
938031,0.5238572
938032,0.5461525
938033,0.058935337
938034,0.23425302
938035,0.16064842
938036,0.015814487
938037,0.15092222
938038,0.36662176
938039,0.093829505
938040,0.3120829
938041,0.5117196
938042,0.12904137
938043,0.13963537
938044,0.14460255
938045,0.7032862
938046,0.67960835
938047,0.168561
938048,0.15539101
938049,0.14027034
938050,0.11200399
938051,0.06960161
938052,0.45396546
938053,0.7861964
938054,0.549308
938055,0.7724201
938056,0.7682527
938057,0.31339914
938058,0.74330175
938059,0.7063587
938060,0.62777865
938061,0.44858757
938062,0.6824215
938063,0.69763803
938064,0.23972328
938065,0.23250589
938066,0.31405392
938067,0.5118885
938068,0.23848872
938069,0.20038018
938070,0.0346224
938071,0.08193623
938072,0.11844256
938073,0.094178244
938074,0.41011554
938075,0.5120559
938076,0.46949342
938077,0.54073864
938078,0.5120636
938079,0.36149803
938080,0.38819614
938081,0.33127823
938082,0.34287617
938083,0.27171752
938084,0.037794445
938085,0.27005696
938086,0.42846352
938087,0.39860407
938088,0.21229608
938089,0.3491282
938090,0.23404168
938091,0.2541745
938092,0.2689454
938093,0.029378902
938094,0.12636739
938095,0.16065784
938096,0.14600934
938097,0.09851737
938098,0.050001577
938099,0.055759676
938100,0.051913604
938101,0.05148807
938102,0.3978359
938103,0.048438817
938104,0.055930115
938105,0.040611465
938106,0.028808806
938107,0.03037932
938108,0.025968777
938109,0.013111729
938110,0.040109612
938111,0.0430048
938112,0.18769875
938113,0.13667147
938114,0.11027455
938115,0.10800422
938116,0.01603749
938117,0.014971882
938118,0.020601178
938119,0.016454363
938120,0.016968
938121,0.022016807
938122,0.038235538
938123,0.06818163
938124,0.04968524
938125,0.008427434
938126,0.0129170315
938127,0.015318275
938128,0.019602008
938129,0.023352329
938130,0.046410967
938131,0.02037418
938132,0.02616821
938133,0.02267639
938134,0.018229496
938135,0.0064003756
938136,0.0161036
938137,0.016156374
938138,0.0174451
938139,0.015375299
938140,0.015223332
938141,0.23772946
938142,0.44633988
938143,0.195846
938144,0.10399496
938145,0.09715414
938146,0.09223937
938147,0.084529184
938148,0.035346825
938149,0.04341021
938150,0.11970989
938151,0.13795635
938152,0.19871019
938153,0.051334325
938154,0.05679414
938155,0.12120473
938156,0.13509378
938157,0.24772015
938158,0.11033522
938159,0.17227954
938160,0.38387823
938161,0.1838691
938162,0.4382514
938163,0.25647345
938164,0.26049295
938165,0.16257295
938166,0.049031343
938167,0.23963538
938168,0.322555
938169,0.31165704
938170,0.19274323
938171,0.18758662
938172,0.15403499
938173,0.08061699
938174,0.06114277
938175,0.075269
938176,0.061116185
938177,0.042010993
938178,0.04165673
938179,0.06682285
938180,0.041127328
938181,0.05231779
938182,0.128127
938183,0.27584913
938184,0.41899452
938185,0.43676525
938186,0.3272311
938187,0.44133613
938188,0.31725368
938189,0.55488956
938190,0.24870093
938191,0.4939808
938192,0.46129063
938193,0.35562766
938194,0.020330202
938195,0.13149066
938196,0.31975448
938197,0.21397617
938198,0.1577178
938199,0.18236923
938200,0.2816649
938201,0.47244188
938202,0.23778205
938203,0.17238925
938204,0.39114907
938205,0.22940895
938206,0.22102231
938207,0.11403736
938208,0.13833897
938209,0.10142712
938210,0.11725741
938211,0.103334814
938212,0.013216807
938213,0.03244761
938214,0.030157655
938215,0.041324228
938216,0.04842509
938217,0.045393836
938218,0.040072322
938219,0.059253853
938220,0.12070559
938221,0.12019937
938222,0.09019685
938223,0.019069208
938224,0.03224204
938225,0.030745005
938226,0.030627087
938227,0.034071255
938228,0.031754356
938229,0.026769437
938230,0.043286603
938231,0.2015435
938232,0.10840076
938233,0.09894233
938234,0.015097998
938235,0.07191236
938236,0.0664932
938237,0.06918335
938238,0.07970059
938239,0.07353058
938240,0.11571131
938241,0.045854278
938242,0.10905823
938243,0.13189684
938244,0.14456737
938245,0.2449978
938246,0.03880126
938247,0.15625058
938248,0.08750315
938249,0.07425371
938250,0.014338204
938251,0.101109795
938252,0.28348067
938253,0.08767769
938254,0.08383279
938255,0.08791553
938256,0.2566454
938257,0.20786038
938258,0.2009128
938259,0.18915963
938260,0.173733
938261,0.16649665
938262,0.60827655
938263,0.601121
938264,0.5090344
938265,0.13928162
938266,0.47825488
938267,0.33154303
938268,0.12564078
938269,0.099108145
938270,0.05383649
938271,0.43014655
938272,0.40883982
938273,0.427626
938274,0.18599814
938275,0.5174436
938276,0.56657803
938277,0.5007251
938278,0.25808918
938279,0.39358327
938280,0.31389257
938281,0.47278407
938282,0.38287118
938283,0.3508606
938284,0.32760727
938285,0.3333276
938286,0.40611425
938287,0.31102234
938288,0.4291879
938289,0.53589493
938290,0.63347924
938291,0.5397158
938292,0.6190649
938293,0.4223477
938294,0.44451237
938295,0.53271323
938296,0.5289603
938297,0.6112343
938298,0.50857854
938299,0.3803363
938300,0.41050255
938301,0.3904909
938302,0.34842563
938303,0.5434033
938304,0.33970937
938305,0.06630011
938306,0.17901614
938307,0.06885964
938308,0.040829
938309,0.1359339
938310,0.58255863
938311,0.47940195
938312,0.71302694
938313,0.67864466
938314,0.6988071
938315,0.7187671
938316,0.74707717
938317,0.70541257
938318,0.7271125
938319,0.666008
938320,0.72576046
938321,0.74094754
938322,0.7025499
938323,0.71219844
938324,0.5960675
938325,0.46023127
938326,0.0733378
938327,0.05616608
938328,0.18119259
938329,0.04411421
938330,0.17135884
938331,0.032462306
938332,0.016951792
938333,0.055600386
938334,0.050941337
938335,0.05081231
938336,0.061695125
938337,0.045916695
938338,0.011539718
938339,0.08323685
938340,0.08616874
938341,0.090126574
938342,0.073942885
938343,0.08134893
938344,0.11660385
938345,0.01916713
938346,0.047863357
938347,0.051217627
938348,0.04390857
938349,0.026423372
938350,0.061307106
938351,0.046721313
938352,0.051519986
938353,0.040950853
938354,0.089198306
938355,0.021640593
938356,0.108461484
938357,0.053602196
938358,0.0719372
938359,0.07954617
938360,0.022408538
938361,0.4718235
938362,0.36787343
938363,0.42093056
938364,0.22724216
938365,0.29352987
938366,0.29282212
938367,0.31026796
938368,0.28928733
938369,0.29006505
938370,0.3183881
938371,0.28410995
938372,0.23927578
938373,0.31067726
938374,0.267353
938375,0.02096864
938376,0.07151685
938377,0.07399736
938378,0.14009646
938379,0.12154491
938380,0.061066475
938381,0.10585607
938382,0.07465012
938383,0.31669846
938384,0.017978514
938385,0.056677837
938386,0.036354348
938387,0.020074442
938388,0.055660155
938389,0.079923615
938390,0.085749194
938391,0.7013294
938392,0.59881073
938393,0.6990388
938394,0.7469247
938395,0.75724804
938396,0.7046427
938397,0.47890788
938398,0.55469257
938399,0.75847876
938400,0.62885463
938401,0.66470885
938402,0.5651603
938403,0.6436925
938404,0.59331906
938405,0.64074785
938406,0.4944118
938407,0.5179027
938408,0.4232956
938409,0.2560971
938410,0.084398195
938411,0.23720874
938412,0.28524312
938413,0.19842838
938414,0.17068733
938415,0.20659325
938416,0.33429626
938417,0.18777987
938418,0.36544254
938419,0.42036775
938420,0.42075798
938421,0.31137916
938422,0.32307515
938423,0.28620908
938424,0.34322822
938425,0.050278917
938426,0.16829044
938427,0.12926944
938428,0.1352892
938429,0.136948
938430,0.17696874
938431,0.08407024
938432,0.32213804
938433,0.15706138
938434,0.10129701
938435,0.09686963
938436,0.10208497
938437,0.2693828
938438,0.1505612
938439,0.25784135
938440,0.15102401
938441,0.02698386
938442,0.08476697
938443,0.21192203
938444,0.12373177
938445,0.09200577
938446,0.096701756
938447,0.05272868
938448,0.07302667
938449,0.045403983
938450,0.049933203
938451,0.14421892
938452,0.06656142
938453,0.101365186
938454,0.15485823
938455,0.35944945
938456,0.38418332
938457,0.27018505
938458,0.5635905
938459,0.55520326
938460,0.33454967
938461,0.32519966
938462,0.49695116
938463,0.18564428
938464,0.31309077
938465,0.3195433
938466,0.3279285
938467,0.58592063
938468,0.07238728
938469,0.07257822
938470,0.13743784
938471,0.030019896
938472,0.09744195
938473,0.059136253
938474,0.047700793
938475,0.2443946
938476,0.28887108
938477,0.018719504
938478,0.040167097
938479,0.038117684
938480,0.04557068
938481,0.064818844
938482,0.030849181
938483,0.102842934
938484,0.10312341
938485,0.124046974
938486,0.1138087
938487,0.09660257
938488,0.017709054
938489,0.107241996
938490,0.07847991
938491,0.08606442
938492,0.08286849
938493,0.0842973
938494,0.048156988
938495,0.07835075
938496,0.10771902
938497,0.08162891
938498,0.022669185
938499,0.33654335
938500,0.68798125
938501,0.20960672
938502,0.3216237
938503,0.62998724
938504,0.3276865
938505,0.4522166
938506,0.09421196
938507,0.70786977
938508,0.8089102
938509,0.8218251
938510,0.85425806
938511,0.8057481
938512,0.80805725
938513,0.7082745
938514,0.86748147
938515,0.84827083
938516,0.8377842
938517,0.78519964
938518,0.8303303
938519,0.7547751
938520,0.8432166
938521,0.71525174
938522,0.8668002
938523,0.89080364
938524,0.848543
938525,0.85669225
938526,0.80869347
938527,0.81085813
938528,0.8832282
938529,0.87780756
938530,0.85640275
938531,0.8392383
938532,0.79641014
938533,0.81907994
938534,0.41062248
938535,0.2721949
938536,0.28679267
938537,0.2741337
938538,0.1678258
938539,0.13233858
938540,0.37636018
938541,0.023961354
938542,0.071064755
938543,0.08541693
938544,0.07368965
938545,0.054157786
938546,0.038491182
938547,0.08868181
938548,0.04387772
938549,0.052123487
938550,0.04113414
938551,0.02323152
938552,0.08692652
938553,0.08377923
938554,0.089156315
938555,0.00850026
938556,0.015141575
938557,0.013843395
938558,0.014315853
938559,0.01188647
938560,0.014614626
938561,0.013006103
938562,0.015135468
938563,0.083357885
938564,0.0070273834
938565,0.013913993
938566,0.011682363
938567,0.013159628
938568,0.016875051
938569,0.022812104
938570,0.01681755
938571,0.014919218
938572,0.010411011
938573,0.022484658
938574,0.018249288
938575,0.24776876
938576,0.19146846
938577,0.16646521
938578,0.059032813
938579,0.49573186
938580,0.232883
938581,0.25158328
938582,0.27270493
938583,0.38555676
938584,0.300831
938585,0.32790872
938586,0.27803576
938587,0.12672016
938588,0.6672216
938589,0.79997927
938590,0.76594675
938591,0.5668694
938592,0.72756994
938593,0.7648666
938594,0.60653925
938595,0.33395374
938596,0.40471372
938597,0.7210311
938598,0.6835578
938599,0.60780305
938600,0.5994442
938601,0.03493935
938602,0.27225333
938603,0.1467675
938604,0.12119052
938605,0.16184078
938606,0.14473328
938607,0.3237683
938608,0.1277511
938609,0.018449921
938610,0.07757402
938611,0.08184664
938612,0.07913411
938613,0.061352167
938614,0.13956505
938615,0.61452824
938616,0.77877533
938617,0.6898804
938618,0.72427446
938619,0.7158671
938620,0.7090579
938621,0.7136795
938622,0.64782315
938623,0.5317239
938624,0.7193806
938625,0.7786343
938626,0.7151879
938627,0.8661279
938628,0.7501578
938629,0.7569227
938630,0.71213967
938631,0.7533813
938632,0.8078212
938633,0.68337536
938634,0.47939056
938635,0.6166039
938636,0.027527718
938637,0.6605714
938638,0.82090664
938639,0.79988265
938640,0.695274
938641,0.7369723
938642,0.7146435
938643,0.69740206
938644,0.70200545
938645,0.6619405
938646,0.7620517
938647,0.6236456
938648,0.6662508
938649,0.75819916
938650,0.82780284
938651,0.6895729
938652,0.78479356
938653,0.7045485
938654,0.6900931
938655,0.77980846
938656,0.8316649
938657,0.74687266
938658,0.7850883
938659,0.44116348
938660,0.20010784
938661,0.17670737
938662,0.19536458
938663,0.16479419
938664,0.03533443
938665,0.39980975
938666,0.23693329
938667,0.4673839
938668,0.30556637
938669,0.19014841
938670,0.5145112
938671,0.18818116
938672,0.28833222
938673,0.37745243
938674,0.42031705
938675,0.28225756
938676,0.28920823
938677,0.2368871
938678,0.032882378
938679,0.06593894
938680,0.06800894
938681,0.053278416
938682,0.19050509
938683,0.31954852
938684,0.27421498
938685,0.4251582
938686,0.590231
938687,0.45123246
938688,0.68045044
938689,0.71800447
938690,0.5784369
938691,0.33341107
938692,0.68659467
938693,0.6787555
938694,0.6710184
938695,0.7177895
938696,0.60735875
938697,0.6272702
938698,0.49189615
938699,0.32970613
938700,0.13875082
938701,0.027257826
938702,0.07118107
938703,0.15816337
938704,0.11248299
938705,0.01880531
938706,0.026316863
938707,0.023026915
938708,0.02836749
938709,0.023113826
938710,0.033444773
938711,0.011286153
938712,0.038490064
938713,0.3844634
938714,0.37981266
938715,0.36976048
938716,0.41254574
938717,0.30166078
938718,0.38832387
938719,0.3927156
938720,0.40724042
938721,0.237273
938722,0.36088684
938723,0.38860595
938724,0.378273
938725,0.37233448
938726,0.36885148
938727,0.2992895
938728,0.24051946
938729,0.35727456
938730,0.42112696
938731,0.4081848
938732,0.4115212
938733,0.39366946
938734,0.40852112
938735,0.4797752
938736,0.391721
938737,0.4644282
938738,0.32144305
938739,0.08149768
938740,0.39386138
938741,0.51501435
938742,0.5829039
938743,0.6564374
938744,0.6033867
938745,0.72007585
938746,0.7233231
938747,0.7358899
938748,0.7387222
938749,0.68819845
938750,0.73354155
938751,0.7575216
938752,0.6875942
938753,0.55472803
938754,0.61376905
938755,0.71004677
938756,0.6849267
938757,0.6480819
938758,0.69929075
938759,0.63939035
938760,0.6402378
938761,0.59526694
938762,0.6168355
938763,0.58694905
938764,0.62752295
938765,0.61350083
938766,0.25911105
938767,0.2153834
938768,0.06196496
938769,0.15068582
938770,0.19287452
938771,0.22485092
938772,0.30254957
938773,0.35350555
938774,0.3510876
938775,0.30118585
938776,0.16065696
938777,0.5289277
938778,0.05468512
938779,0.06637159
938780,0.17581284
938781,0.08306314
938782,0.37872332
938783,0.19316024
938784,0.060214624
938785,0.17130806
938786,0.05280174
938787,0.019210467
938788,0.089425534
938789,0.054670982
938790,0.06826258
938791,0.10803083
938792,0.26601857
938793,0.24526769
938794,0.19844635
938795,0.22859609
938796,0.20342502
938797,0.16796091
938798,0.4168525
938799,0.69908845
938800,0.64140534
938801,0.6948219
938802,0.6662516
938803,0.61598825
938804,0.51721585
938805,0.60890543
938806,0.72863275
938807,0.6884411
938808,0.6206942
938809,0.59816015
938810,0.6851247
938811,0.6977215
938812,0.6546764
938813,0.71952814
938814,0.6534481
938815,0.72366554
938816,0.7003443
938817,0.7383124
938818,0.61888164
938819,0.38481385
938820,0.22520643
938821,0.17090538
938822,0.12310287
938823,0.062932596
938824,0.5454977
938825,0.6101586
938826,0.5526094
938827,0.7241302
938828,0.77734566
938829,0.7991889
938830,0.6129163
938831,0.66723204
938832,0.5913711
938833,0.64375025
938834,0.46478242
938835,0.75942177
938836,0.48965016
938837,0.5094018
938838,0.5458039
938839,0.5805204
938840,0.42456993
938841,0.7599838
938842,0.30262467
938843,0.17649105
938844,0.15376213
938845,0.09079765
938846,0.0153349
938847,0.04905039
938848,0.03921197
938849,0.046217434
938850,0.042407226
938851,0.04443284
938852,0.033471286
938853,0.054184604
938854,0.03359483
938855,0.03767666
938856,0.2100977
938857,0.039099865
938858,0.0489636
938859,0.043212887
938860,0.04410649
938861,0.03998669
938862,0.0436711
938863,0.035168614
938864,0.013300201
938865,0.09828367
938866,0.102659725
938867,0.058769196
938868,0.073257074
938869,0.008757388
938870,0.018615816
938871,0.018611565
938872,0.018495848
938873,0.023367932
938874,0.022186494
938875,0.018904418
938876,0.18092158
938877,0.23587018
938878,0.3872381
938879,0.11606433
938880,0.11580182
938881,0.11145315
938882,0.12086419
938883,0.11982586
938884,0.1109037
938885,0.0969741
938886,0.08779495
938887,0.2272852
938888,0.17977461
938889,0.16807698
938890,0.09675839
938891,0.17436554
938892,0.11159433
938893,0.15252401
938894,0.16122423
938895,0.011612244
938896,0.020825706
938897,0.017638769
938898,0.019370263
938899,0.017484736
938900,0.019095037
938901,0.019484513
938902,0.018390376
938903,0.06626057
938904,0.018839007
938905,0.023253743
938906,0.030955698
938907,0.02380825
938908,0.026348893
938909,0.023461439
938910,0.023090007
938911,0.0100780055
938912,0.028648894
938913,0.072991595
938914,0.30543986
938915,0.017596524
938916,0.0738628
938917,0.08562472
938918,0.053646803
938919,0.04231836
938920,0.074453816
938921,0.20796695
938922,0.19426438
938923,0.051688794
938924,0.062842794
938925,0.069880486
938926,0.053705152
938927,0.05251554
938928,0.05616972
938929,0.04413056
938930,0.078104
938931,0.16179593
938932,0.36515766
938933,0.17823412
938934,0.06825041
938935,0.15126288
938936,0.37844816
938937,0.14081122
938938,0.09180436
938939,0.0126295155
938940,0.026959779
938941,0.029913824
938942,0.028776128
938943,0.054393653
938944,0.028312553
938945,0.02601509
938946,0.023162154
938947,0.070593596
938948,0.01647179
938949,0.2674951
938950,0.1997831
938951,0.011141459
938952,0.043054607
938953,0.051422905
938954,0.043695323
938955,0.04435833
938956,0.07080498
938957,0.008854328
938958,0.018356547
938959,0.012602578
938960,0.015364273
938961,0.017523458
938962,0.010759837
938963,0.0070219953
938964,0.03047058
938965,0.010394277
938966,0.015718551
938967,0.011074072
938968,0.011553313
938969,0.009046472
938970,0.010002345
938971,0.015793253
938972,0.0122887185
938973,0.009281219
938974,0.03168255
938975,0.013933524
938976,0.5344963
938977,0.0046120957
938978,0.0096178325
938979,0.013171907
938980,0.010789406
938981,0.012808239
938982,0.010341829
938983,0.010091439
938984,0.028682848
938985,0.015725488
938986,0.011411409
938987,0.009504504
938988,0.00871143
938989,0.01199494
938990,0.14409554
938991,0.12478755
938992,0.11255303
938993,0.10643147
938994,0.07319643
938995,0.006056021
938996,0.029603424
938997,0.028211188
938998,0.04937257
938999,0.035459492
939000,0.017404092
939001,0.024185767
939002,0.02324945
939003,0.03408908
939004,0.08596396
939005,0.079158865
939006,0.0790278
939007,0.090132
939008,0.17264256
939009,0.222998
939010,0.075528406
939011,0.111351594
939012,0.054328166
939013,0.015594522
939014,0.030974679
939015,0.016032802
939016,0.0233469
939017,0.033642072
939018,0.020661464
939019,0.08602497
939020,0.0952831
939021,0.06480362
939022,0.24415354
939023,0.23263684
939024,0.22850907
939025,0.012203573
939026,0.037813053
939027,0.04190488
939028,0.0152282715
939029,0.014833921
939030,0.013304418
939031,0.012148481
939032,0.04185154
939033,0.019340636
939034,0.0151524525
939035,0.024616139
939036,0.028126242
939037,0.040725484
939038,0.046869077
939039,0.03641875
939040,0.039499022
939041,0.029828288
939042,0.0049692
939043,0.0061431876
939044,0.007040009
939045,0.010815036
939046,0.007122376
939047,0.02379327
939048,0.010381243
939049,0.009685737
939050,0.010677426
939051,0.018406041
939052,0.043407883
939053,0.03908361
939054,0.034019656
939055,0.008035353
939056,0.011841342
939057,0.013732959
939058,0.016181292
939059,0.010338773
939060,0.020001708
939061,0.018886758
939062,0.0093818065
939063,0.01361783
939064,0.0124971885
939065,0.13172208
939066,0.06818421
939067,0.2716418
939068,0.00536251
939069,0.0069684368
939070,0.009205851
939071,0.0071895258
939072,0.007218172
939073,0.007186987
939074,0.007176906
939075,0.19245458
939076,0.010094989
939077,0.021731205
939078,0.024813537
939079,0.018054456
939080,0.032779813
939081,0.016220082
939082,0.016348584
939083,0.2509234
939084,0.22538544
939085,0.24871631
939086,0.19033867
939087,0.01740552
939088,0.15618871
939089,0.029090514
939090,0.022727177
939091,0.10882919
939092,0.22538851
939093,0.04385723
939094,0.105722666
939095,0.15822998
939096,0.19488661
939097,0.032541055
939098,0.48036757
939099,0.5996127
939100,0.5842438
939101,0.63977635
939102,0.6606359
939103,0.68873775
939104,0.6293762
939105,0.6217199
939106,0.5781562
939107,0.54441094
939108,0.64377165
939109,0.6649987
939110,0.6398231
939111,0.6629781
939112,0.6910408
939113,0.66701037
939114,0.69919586
939115,0.3241673
939116,0.29488498
939117,0.21515469
939118,0.043723196
939119,0.22414446
939120,0.10925935
939121,0.21883719
939122,0.18329643
939123,0.2225755
939124,0.22997823
939125,0.06161686
939126,0.12715401
939127,0.060731634
939128,0.43970197
939129,0.15349896
939130,0.18809415
939131,0.20605007
939132,0.16947158
939133,0.16090001
939134,0.12847343
939135,0.011541797
939136,0.07101495
939137,0.06955467
939138,0.029615825
939139,0.08571279
939140,0.077330545
939141,0.088145554
939142,0.018964613
939143,0.09443072
939144,0.025208188
939145,0.07164784
939146,0.041006293
939147,0.10669054
939148,0.18636633
939149,0.11581925
939150,0.13707303
939151,0.18206446
939152,0.042196527
939153,0.044970058
939154,0.035284087
939155,0.012350488
939156,0.0855771
939157,0.096999906
939158,0.061946787
939159,0.16472875
939160,0.028729504
939161,0.034489
939162,0.12246624
939163,0.06730991
939164,0.08113293
939165,0.036615442
939166,0.010870361
939167,0.026708513
939168,0.030574918
939169,0.028828658
939170,0.0557309
939171,0.026382446
939172,0.07291661
939173,0.09672594
939174,0.0070918035
939175,0.018388534
939176,0.017533123
939177,0.023557462
939178,0.06208299
939179,0.021272955
939180,0.01644347
939181,0.015105253
939182,0.015810829
939183,0.023747899
939184,0.13802497
939185,0.18645045
939186,0.16125311
939187,0.118581645
939188,0.07452028
939189,0.10743739
939190,0.25420538
939191,0.31308663
939192,0.017857887
939193,0.030120501
939194,0.018921373
939195,0.021032318
939196,0.021177772
939197,0.016310532
939198,0.043911815
939199,0.035803642
939200,0.018615337
939201,0.24028376
939202,0.22792
939203,0.15048495
939204,0.015935587
939205,0.26508337
939206,0.23674622
939207,0.2044701
939208,0.15421204
939209,0.25866336
939210,0.1369826
939211,0.12370654
939212,0.1527459
939213,0.14814496
939214,0.10335311
939215,0.015748208
939216,0.02065908
939217,0.022019742
939218,0.030759027
939219,0.041065317
939220,0.112079784
939221,0.040839896
939222,0.0465262
939223,0.056646563
939224,0.036019143
939225,0.047552202
939226,0.11326974
939227,0.12332381
939228,0.015802246
939229,0.06670394
939230,0.07085208
939231,0.16504772
939232,0.22333112
939233,0.19411553
939234,0.19321512
939235,0.2798424
939236,0.27939174
939237,0.25137377
939238,0.10539217
939239,0.014054123
939240,0.020225067
939241,0.018440533
939242,0.017708616
939243,0.01682736
939244,0.016990947
939245,0.012654811
939246,0.09373492
939247,0.09310768
939248,0.08973228
939249,0.2185102
939250,0.10735872
939251,0.014952078
939252,0.081112266
939253,0.066001154
939254,0.108932346
939255,0.11305302
939256,0.049902212
939257,0.08239929
939258,0.07363347
939259,0.07340885
939260,0.048785757
939261,0.021099623
939262,0.079323374
939263,0.06880719
939264,0.10508872
939265,0.08871702
939266,0.08367974
939267,0.085671544
939268,0.05359155
939269,0.07816893
939270,0.10004781
939271,0.010458229
939272,0.121457174
939273,0.3568378
939274,0.44630387
939275,0.44443092
939276,0.47731203
939277,0.27579278
939278,0.3503095
939279,0.28003058
939280,0.39038658
939281,0.3354257
939282,0.07422267
939283,0.46148953
939284,0.60547143
939285,0.78236645
939286,0.69230825
939287,0.7914622
939288,0.818698
939289,0.8299756
939290,0.8458308
939291,0.81866163
939292,0.7860537
939293,0.6665426
939294,0.66519016
939295,0.76404047
939296,0.6413256
939297,0.8175217
939298,0.80682033
939299,0.82176536
939300,0.81726944
939301,0.838299
939302,0.8709262
939303,0.8371391
939304,0.8718855
939305,0.86859995
939306,0.8422968
939307,0.7698676
939308,0.8054376
939309,0.73826134
939310,0.6719848
939311,0.73507524
939312,0.7588719
939313,0.6857468
939314,0.76810217
939315,0.76400024
939316,0.6995107
939317,0.7596756
939318,0.6119173
939319,0.73072803
939320,0.6068232
939321,0.62505764
939322,0.7860416
939323,0.7443647
939324,0.73997104
939325,0.58498544
939326,0.6985064
939327,0.8020428
939328,0.61099267
939329,0.64769626
939330,0.6894093
939331,0.74414474
939332,0.72601384
939333,0.57573545
939334,0.6833931
939335,0.7655453
939336,0.6176661
939337,0.77703476
939338,0.7969132
939339,0.73808306
939340,0.31111878
939341,0.3130246
939342,0.3206832
939343,0.2979942
939344,0.22889204
939345,0.24456674
939346,0.21093631
939347,0.03426492
939348,0.17787148
939349,0.20719898
939350,0.25266877
939351,0.33309016
939352,0.3363792
939353,0.3583352
939354,0.37957805
939355,0.37659383
939356,0.5191188
939357,0.3870432
939358,0.48808423
939359,0.45255733
939360,0.3535011
939361,0.36075574
939362,0.55969816
939363,0.5831461
939364,0.5691338
939365,0.3677
939366,0.47778398
939367,0.42568642
939368,0.14163908
939369,0.24460095
939370,0.021477409
939371,0.2496641
939372,0.2844868
939373,0.5358385
939374,0.5902898
939375,0.5827237
939376,0.51648885
939377,0.6115433
939378,0.59936917
939379,0.7527668
939380,0.51888484
939381,0.7072702
939382,0.5843155
939383,0.7170868
939384,0.624702
939385,0.68336195
939386,0.6902508
939387,0.57165164
939388,0.68036455
939389,0.5932426
939390,0.5682873
939391,0.6393574
939392,0.4871293
939393,0.56207466
939394,0.55615044
939395,0.5354371
939396,0.53959167
939397,0.19765043
939398,0.246851
939399,0.20992693
939400,0.14641374
939401,0.040859226
939402,0.35430548
939403,0.57510734
939404,0.4040823
939405,0.663957
939406,0.61046845
939407,0.44021535
939408,0.52159584
939409,0.285751
939410,0.40937224
939411,0.540281
939412,0.50096005
939413,0.27265784
939414,0.27523628
939415,0.45566353
939416,0.43566498
939417,0.47489452
939418,0.23144236
939419,0.19109319
939420,0.18046987
939421,0.12891477
939422,0.08494071
939423,0.20913833
939424,0.36076435
939425,0.29331297
939426,0.20750202
939427,0.20534188
939428,0.17895767
939429,0.13269117
939430,0.06862424
939431,0.026092457
939432,0.08898293
939433,0.086638406
939434,0.090401046
939435,0.18565533
939436,0.06350936
939437,0.014842633
939438,0.049867533
939439,0.050547604
939440,0.044569362
939441,0.05001355
939442,0.034398295
939443,0.10790704
939444,0.1100829
939445,0.04010755
939446,0.020025197
939447,0.03361651
939448,0.027958708
939449,0.025832653
939450,0.03515849
939451,0.027310416
939452,0.059279736
939453,0.039463617
939454,0.27022737
939455,0.19252266
939456,0.23200658
939457,0.36223215
939458,0.39625144
939459,0.31410205
939460,0.34641764
939461,0.22520484
939462,0.31706718
939463,0.023187337
939464,0.12417767
939465,0.18694672
939466,0.14340933
939467,0.15237682
939468,0.08702447
939469,0.28950134
939470,0.13901073
939471,0.095756084
939472,0.012208132
939473,0.022646269
939474,0.026672047
939475,0.02119751
939476,0.0246124
939477,0.03582331
939478,0.020674936
939479,0.022221226
939480,0.021304147
939481,0.061103206
939482,0.06377446
939483,0.010923171
939484,0.019395927
939485,0.015456579
939486,0.01543686
939487,0.034250673
939488,0.025419677
939489,0.07155152
939490,0.021127257
939491,0.03478893
939492,0.24715108
939493,0.060706735
939494,0.06104782
939495,0.06773491
939496,0.0511587
939497,0.6309324
939498,0.65199137
939499,0.5451718
939500,0.5936475
939501,0.7230615
939502,0.73469806
939503,0.7019059
939504,0.7563735
939505,0.6620424
939506,0.7667812
939507,0.7051626
939508,0.7758747
939509,0.726613
939510,0.7917551
939511,0.7642725
939512,0.6286811
939513,0.7736634
939514,0.8017222
939515,0.7465995
939516,0.59302175
939517,0.5789085
939518,0.62588066
939519,0.769659
939520,0.6610183
939521,0.5901022
939522,0.76660395
939523,0.7652429
939524,0.59802896
939525,0.785206
939526,0.6699617
939527,0.01743442
939528,0.038281683
939529,0.03426398
939530,0.035123203
939531,0.03674978
939532,0.03831823
939533,0.0363749
939534,0.09072131
939535,0.016854694
939536,0.036138598
939537,0.03773165
939538,0.039150506
939539,0.036627933
939540,0.056791358
939541,0.16988046
939542,0.04125967
939543,0.13040511
939544,0.60744315
939545,0.7721584
939546,0.78410006
939547,0.5502799
939548,0.6715345
939549,0.746863
939550,0.7704642
939551,0.82933193
939552,0.67125094
939553,0.6179532
939554,0.7968459
939555,0.6359293
939556,0.8624898
939557,0.81917953
939558,0.5258896
939559,0.86079496
939560,0.89371014
939561,0.79286426
939562,0.8093137
939563,0.7974581
939564,0.70357263
939565,0.5525814
939566,0.68038857
939567,0.5138695
939568,0.599413
939569,0.59911877
939570,0.40117237
939571,0.017513774
939572,0.084729895
939573,0.18998633
939574,0.29752913
939575,0.2633929
939576,0.30028668
939577,0.24894595
939578,0.12873162
939579,0.26803392
939580,0.15620705
939581,0.26472452
939582,0.47003597
939583,0.25726348
939584,0.092502
939585,0.009382356
939586,0.026560992
939587,0.02827488
939588,0.030576777
939589,0.033351954
939590,0.03195034
939591,0.02179301
939592,0.10822204
939593,0.2996276
939594,0.4610921
939595,0.21071221
939596,0.34418344
939597,0.34725654
939598,0.30489832
939599,0.3539287
939600,0.25028437
939601,0.27918383
939602,0.24649774
939603,0.40844232
939604,0.14390717
939605,0.3169972
939606,0.01615842
939607,0.04011604
939608,0.044829227
939609,0.041761972
939610,0.041703135
939611,0.043291766
939612,0.047404133
939613,0.051395435
939614,0.035837814
939615,0.06574379
939616,0.051693913
939617,0.05158863
939618,0.04157062
939619,0.062454287
939620,0.08763031
939621,0.07309024
939622,0.023574607
939623,0.17438763
939624,0.19273868
939625,0.5185671
939626,0.2716707
939627,0.3266391
939628,0.37587142
939629,0.3114017
939630,0.3344933
939631,0.4860151
939632,0.4383592
939633,0.56409484
939634,0.21643262
939635,0.040525347
939636,0.35949418
939637,0.16710931
939638,0.2301944
939639,0.19003895
939640,0.25399187
939641,0.11147666
939642,0.17079687
939643,0.19596201
939644,0.21699378
939645,0.089518145
939646,0.033757553
939647,0.047063783
939648,0.03771634
939649,0.276764
939650,0.07926999
939651,0.2307565
939652,0.3675949
939653,0.28906202
939654,0.36692065
939655,0.16580592
939656,0.20824255
939657,0.32797852
939658,0.22891986
939659,0.20202741
939660,0.17132503
939661,0.14291541
939662,0.017292509
939663,0.065128475
939664,0.13881831
939665,0.17112336
939666,0.06431143
939667,0.057141423
939668,0.16116963
939669,0.3913683
939670,0.33717084
939671,0.38283035
939672,0.35612082
939673,0.35000175
939674,0.34079194
939675,0.44139642
939676,0.2824714
939677,0.14192793
939678,0.021268653
939679,0.1396238
939680,0.11477248
939681,0.11515426
939682,0.16742803
939683,0.14315484
939684,0.13161993
939685,0.021723224
939686,0.13807194
939687,0.14813852
939688,0.29524687
939689,0.10206573
939690,0.13989395
939691,0.31843308
939692,0.40535647
939693,0.211177
939694,0.21634185
939695,0.10955929
939696,0.19060157
939697,0.034362834
939698,0.19452378
939699,0.2774902
939700,0.24434546
939701,0.118809074
939702,0.32205403
939703,0.22690159
939704,0.29713342
939705,0.2299775
939706,0.3718297
939707,0.34979182
939708,0.2373687
939709,0.027208323
939710,0.24238098
939711,0.052972693
939712,0.61319953
939713,0.39304462
939714,0.51494205
939715,0.49299693
939716,0.56429243
939717,0.34727678
939718,0.4770891
939719,0.44945008
939720,0.38922533
939721,0.46762928
939722,0.25482607
939723,0.22207133
939724,0.17154928
939725,0.13136597
939726,0.1970691
939727,0.21674
939728,0.33949384
939729,0.027128667
939730,0.05576981
939731,0.10218246
939732,0.050815474
939733,0.07674934
939734,0.06291716
939735,0.13122718
939736,0.058506645
939737,0.054196995
939738,0.088181116
939739,0.06012754
939740,0.014114058
939741,0.08449174
939742,0.08598035
939743,0.1119661
939744,0.07716899
939745,0.15925202
939746,0.3474872
939747,0.25285843
939748,0.3242182
939749,0.24250846
939750,0.24142961
939751,0.17687947
939752,0.011705139
939753,0.13029037
939754,0.13670486
939755,0.0810083
939756,0.19067879
939757,0.43850487
939758,0.22783135
939759,0.16007425
939760,0.10174764
939761,0.16632749
939762,0.022308046
939763,0.080635
939764,0.025000148
939765,0.060800705
939766,0.06566168
939767,0.026601924
939768,0.05391888
939769,0.023092862
939770,0.12230829
939771,0.21926618
939772,0.17395121
939773,0.14458163
939774,0.12668802
939775,0.12566343
939776,0.13145514
939777,0.12726143
939778,0.09080579
939779,0.015315894
939780,0.07303814
939781,0.07750432
939782,0.07539952
939783,0.10256182
939784,0.13803907
939785,0.23399556
939786,0.2491476
939787,0.20709726
939788,0.2581254
939789,0.05018609
939790,0.08081038
939791,0.096643455
939792,0.11592875
939793,0.11364699
939794,0.1369324
939795,0.12848869
939796,0.18165158
939797,0.1954369
939798,0.19696769
939799,0.187745
939800,0.17918879
939801,0.15992506
939802,0.54491013
939803,0.55496377
939804,0.5261597
939805,0.49986628
939806,0.59000146
939807,0.6291737
939808,0.5566572
939809,0.53054726
939810,0.6759336
939811,0.4300143
939812,0.66202736
939813,0.6506828
939814,0.5857241
939815,0.2785255
939816,0.13836226
939817,0.22493632
939818,0.17585151
939819,0.17790228
939820,0.27638975
939821,0.11909219
939822,0.03693143
939823,0.11238277
939824,0.12397675
939825,0.12754838
939826,0.11769785
939827,0.28634417
939828,0.11644197
939829,0.20186538
939830,0.13634893
939831,0.27125934
939832,0.22243045
939833,0.034208223
939834,0.39148414
939835,0.1759366
939836,0.24547231
939837,0.13693906
939838,0.16817948
939839,0.3502723
939840,0.18953651
939841,0.3802672
939842,0.28586337
939843,0.14645426
939844,0.16090001
939845,0.22693007
939846,0.16167141
939847,0.11122933
939848,0.0847279
939849,0.3201623
939850,0.16262014
939851,0.03328939
939852,0.08534102
939853,0.084105015
939854,0.07161776
939855,0.016280225
939856,0.030572169
939857,0.029296959
939858,0.027647885
939859,0.026652858
939860,0.027933765
939861,0.030103456
939862,0.20548257
939863,0.117144614
939864,0.023875965
939865,0.08338403
939866,0.112977885
939867,0.09942488
939868,0.10166343
939869,0.10634296
939870,0.0981247
939871,0.20881279
939872,0.27669322
939873,0.27507252
939874,0.023259329
939875,0.044520434
939876,0.053007424
939877,0.033825416
939878,0.04010323
939879,0.013512627
939880,0.024758903
939881,0.023703735
939882,0.028155584
939883,0.02983156
939884,0.02980133
939885,0.028820788
939886,0.012887517
939887,0.03725978
939888,0.027692664
939889,0.02628757
939890,0.03824647
939891,0.0229303
939892,0.024988836
939893,0.034549862
939894,0.10311495
939895,0.11272017
939896,0.113411
939897,0.11295593
939898,0.110569544
939899,0.013623039
939900,0.07155503
939901,0.08279178
939902,0.20767714
939903,0.12585346
939904,0.45145345
939905,0.39014843
939906,0.47536618
939907,0.22398062
939908,0.23345017
939909,0.21193479
939910,0.016583564
939911,0.04972771
939912,0.08332255
939913,0.010368309
939914,0.021371158
939915,0.02109437
939916,0.022254003
939917,0.023455217
939918,0.0219212
939919,0.31053576
939920,0.19341268
939921,0.03137908
939922,0.47987145
939923,0.53541625
939924,0.5967895
939925,0.6324187
939926,0.611587
939927,0.60044354
939928,0.5980312
939929,0.6001089
939930,0.5731779
939931,0.56163055
939932,0.5724305
939933,0.37412843
939934,0.021176783
939935,0.07239909
939936,0.05080916
939937,0.05496831
939938,0.09192858
939939,0.09144963
939940,0.08292314
939941,0.016570084
939942,0.03858993
939943,0.028955955
939944,0.0805156
939945,0.061681304
939946,0.041648697
939947,0.09644255
939948,0.10056883
939949,0.102278784
939950,0.1979394
939951,0.015620624
939952,0.041207533
939953,0.033967976
939954,0.04935989
939955,0.026012408
939956,0.036868542
939957,0.12734672
939958,0.045257296
939959,0.014375801
939960,0.27182686
939961,0.39235842
939962,0.55471134
939963,0.5303639
939964,0.60077316
939965,0.48666602
939966,0.4388402
939967,0.4118048
939968,0.44254637
939969,0.4944696
939970,0.5259271
939971,0.33894807
939972,0.20718461
939973,0.29227105
939974,0.39227486
939975,0.28692585
939976,0.21849762
939977,0.21721476
939978,0.021506138
939979,0.06460087
939980,0.10050619
939981,0.058084775
939982,0.22649044
939983,0.22144558
939984,0.1585762
939985,0.14188865
939986,0.09082534
939987,0.13847353
939988,0.015196611
939989,0.07976437
939990,0.081907235
939991,0.075962946
939992,0.04410785
939993,0.066402346
939994,0.08650027
939995,0.08492298
939996,0.06330749
939997,0.3983641
939998,0.27651554
939999,0.2619338
940000,0.28488454
940001,0.33870554
940002,0.48022166
940003,0.48402795
940004,0.48339975
940005,0.58450794
940006,0.43479005
940007,0.009246357
940008,0.023789108
940009,0.03422286
940010,0.031176925
940011,0.05221225
940012,0.026094036
940013,0.04979964
940014,0.027668692
940015,0.015644295
940016,0.024252214
940017,0.05167857
940018,0.02478533
940019,0.026577523
940020,0.032184653
940021,0.02772255
940022,0.019931667
940023,0.010979474
940024,0.030881677
940025,0.026608726
940026,0.039743226
940027,0.026995052
940028,0.04214306
940029,0.025680196
940030,0.024688682
940031,0.013385788
940032,0.091342166
940033,0.04807477
940034,0.04489966
940035,0.11492639
940036,0.08841317
940037,0.0662806
940038,0.049643897
940039,0.13281287
940040,0.04481162
940041,0.16243637
940042,0.17713013
940043,0.14853616
940044,0.013987978
940045,0.05162571
940046,0.03849456
940047,0.03498219
940048,0.027321065
940049,0.024691563
940050,0.028394734
940051,0.02490186
940052,0.06204423
940053,0.091379374
940054,0.1493584
940055,0.23621897
940056,0.14983194
940057,0.15289526
940058,0.15797482
940059,0.2834816
940060,0.26119068
940061,0.19733258
940062,0.302281
940063,0.06259672
940064,0.21407609
940065,0.018148577
940066,0.03520064
940067,0.03535934
940068,0.06572533
940069,0.03168119
940070,0.04402486
940071,0.05176967
940072,0.061948646
940073,0.038761593
940074,0.33212295
940075,0.011019181
940076,0.06124927
940077,0.03879044
940078,0.03501722
940079,0.0633649
940080,0.055275504
940081,0.039991364
940082,0.0483204
940083,0.017813705
940084,0.40172008
940085,0.48511845
940086,0.3181948
940087,0.2990856
940088,0.2345017
940089,0.032539636
940090,0.16415936
940091,0.013565134
940092,0.031756513
940093,0.022695478
940094,0.034742605
940095,0.03481922
940096,0.03380798
940097,0.027720265
940098,0.013629513
940099,0.048248157
940100,0.04528419
940101,0.057341147
940102,0.0752211
940103,0.106497444
940104,0.06254555
940105,0.036606494
940106,0.06965227
940107,0.2105985
940108,0.12678397
940109,0.16188847
940110,0.5161695
940111,0.6247864
940112,0.7119741
940113,0.70647216
940114,0.72048444
940115,0.7268369
940116,0.6403596
940117,0.72808206
940118,0.64036787
940119,0.6649416
940120,0.7635584
940121,0.7424677
940122,0.7992202
940123,0.71197194
940124,0.8327065
940125,0.76354235
940126,0.68601
940127,0.76318705
940128,0.57859653
940129,0.70055324
940130,0.69136703
940131,0.6366075
940132,0.383745
940133,0.016169643
940134,0.036681544
940135,0.04087101
940136,0.04389365
940137,0.035943646
940138,0.048729904
940139,0.043285277
940140,0.03796268
940141,0.028178798
940142,0.4156654
940143,0.4304175
940144,0.2816369
940145,0.1986848
940146,0.22871122
940147,0.45294297
940148,0.30558217
940149,0.08229225
940150,0.38170636
940151,0.21126291
940152,0.5107167
940153,0.1961349
940154,0.42114726
940155,0.32284102
940156,0.24884215
940157,0.25327682
940158,0.13092153
940159,0.02735778
940160,0.11360163
940161,0.11471984
940162,0.10338015
940163,0.09050526
940164,0.13880034
940165,0.09285305
940166,0.12774065
940167,0.09348539
940168,0.14038251
940169,0.013572315
940170,0.035565432
940171,0.042503618
940172,0.03890987
940173,0.05110655
940174,0.05490509
940175,0.04559557
940176,0.043713022
940177,0.035878863
940178,0.07297797
940179,0.06538403
940180,0.094923876
940181,0.07077287
940182,0.05296035
940183,0.065718845
940184,0.07200501
940185,0.07378763
940186,0.22239321
940187,0.09555785
940188,0.030444125
940189,0.058425415
940190,0.0691703
940191,0.07109519
940192,0.053470742
940193,0.051475383
940194,0.022228999
940195,0.06488542
940196,0.07029875
940197,0.080080524
940198,0.0661308
940199,0.08710149
940200,0.18085417
940201,0.017701112
940202,0.04325103
940203,0.0516156
940204,0.03741692
940205,0.03642722
940206,0.046733707
940207,0.04426522
940208,0.031003233
940209,0.023929758
940210,0.13218492
940211,0.13641585
940212,0.1533424
940213,0.38924962
940214,0.39417225
940215,0.683187
940216,0.71522075
940217,0.74778295
940218,0.78550166
940219,0.72797
940220,0.7761181
940221,0.80362684
940222,0.74270517
940223,0.7761306
940224,0.7867132
940225,0.8000802
940226,0.80257124
940227,0.7561663
940228,0.7681572
940229,0.77133954
940230,0.7337211
940231,0.7234086
940232,0.7081951
940233,0.769003
940234,0.76139444
940235,0.6231058
940236,0.67474794
940237,0.29155993
940238,0.013220669
940239,0.018794285
940240,0.024228616
940241,0.024447182
940242,0.03201539
940243,0.023781313
940244,0.026178109
940245,0.02413593
940246,0.016975902
940247,0.098531984
940248,0.35203728
940249,0.2038858
940250,0.14749588
940251,0.014181283
940252,0.049485806
940253,0.106637076
940254,0.17808501
940255,0.08878717
940256,0.03417528
940257,0.03424242
940258,0.04227765
940259,0.04327767
940260,0.14824864
940261,0.04876603
940262,0.19270891
940263,0.21818556
940264,0.59147596
940265,0.54885
940266,0.5713012
940267,0.5205298
940268,0.48770025
940269,0.5386795
940270,0.5789317
940271,0.57593435
940272,0.43681735
940273,0.7674777
940274,0.51543117
940275,0.72300625
940276,0.46166396
940277,0.47632235
940278,0.53497136
940279,0.49901536
940280,0.4797822
940281,0.41031918
940282,0.4529384
940283,0.4205801
940284,0.014331856
940285,0.025211904
940286,0.017148003
940287,0.023212666
940288,0.027215334
940289,0.023858499
940290,0.092308864
940291,0.10088928
940292,0.47339645
940293,0.5943274
940294,0.6705101
940295,0.28753713
940296,0.5983173
940297,0.48237458
940298,0.5218147
940299,0.50330275
940300,0.4205075
940301,0.5193622
940302,0.25100145
940303,0.55580914
940304,0.36022747
940305,0.28027964
940306,0.0076022893
940307,0.017837206
940308,0.020594744
940309,0.025911734
940310,0.027564509
940311,0.020716654
940312,0.024110207
940313,0.04588103
940314,0.0669486
940315,0.09680936
940316,0.102012284
940317,0.071638405
940318,0.07341433
940319,0.08734744
940320,0.101335175
940321,0.013229842
940322,0.03143477
940323,0.023860304
940324,0.028775077
940325,0.028633976
940326,0.022775892
940327,0.018228792
940328,0.021581905
940329,0.06298825
940330,0.06826104
940331,0.0661032
940332,0.064927086
940333,0.25867265
940334,0.2509913
940335,0.30994433
940336,0.2882044
940337,0.23233202
940338,0.12999794
940339,0.18554589
940340,0.1329377
940341,0.008937723
940342,0.019696029
940343,0.019013349
940344,0.028177762
940345,0.024245175
940346,0.031190768
940347,0.016093161
940348,0.03899267
940349,0.02314139
940350,0.048657674
940351,0.064166136
940352,0.086970806
940353,0.06570903
940354,0.2764618
940355,0.381014
940356,0.5587824
940357,0.6207878
940358,0.64139956
940359,0.7134717
940360,0.72630715
940361,0.62319833
940362,0.5967254
940363,0.5971134
940364,0.6370906
940365,0.700113
940366,0.65318155
940367,0.6978019
940368,0.48829493
940369,0.7899335
940370,0.6862271
940371,0.6778036
940372,0.81825167
940373,0.65272653
940374,0.6566129
940375,0.71199745
940376,0.65494686
940377,0.57251775
940378,0.66026163
940379,0.5885595
940380,0.3080305
940381,0.023102202
940382,0.030119339
940383,0.032030422
940384,0.025363961
940385,0.073169164
940386,0.057315778
940387,0.056877583
940388,0.3999739
940389,0.55235225
940390,0.56359065
940391,0.6132064
940392,0.657993
940393,0.64779097
940394,0.5952874
940395,0.66770583
940396,0.481767
940397,0.5103392
940398,0.5324066
940399,0.5926349
940400,0.47107384
940401,0.56618
940402,0.41565615
940403,0.3100602
940404,0.024418576
940405,0.09275991
940406,0.080847934
940407,0.07916422
940408,0.09715604
940409,0.11741815
940410,0.13746051
940411,0.114771545
940412,0.023682127
940413,0.14157483
940414,0.04593667
940415,0.037925642
940416,0.047646582
940417,0.04537333
940418,0.108351074
940419,0.02158942
940420,0.14771509
940421,0.21895804
940422,0.3164181
940423,0.25388655
940424,0.27935678
940425,0.25401166
940426,0.15019709
940427,0.16910206
940428,0.34340483
940429,0.35595113
940430,0.3386093
940431,0.33396262
940432,0.2622785
940433,0.43633407
940434,0.13693018
940435,0.25203446
940436,0.21181503
940437,0.12200939
940438,0.34791556
940439,0.41882828
940440,0.32137424
940441,0.367769
940442,0.25953934
940443,0.44716892
940444,0.21444885
940445,0.30533645
940446,0.28067288
940447,0.06407897
940448,0.27912894
940449,0.32354295
940450,0.20804654
940451,0.14950125
940452,0.21672624
940453,0.3849066
940454,0.21220472
940455,0.2711201
940456,0.33343065
940457,0.219344
940458,0.13086991
940459,0.022241335
940460,0.05034471
940461,0.2587292
940462,0.12681887
940463,0.06060477
940464,0.024590312
940465,0.02246544
940466,0.08730847
940467,0.073656514
940468,0.086580396
940469,0.05608549
940470,0.007328777
940471,0.019233692
940472,0.023944516
940473,0.015608347
940474,0.022440284
940475,0.018247446
940476,0.0203448
940477,0.016243083
940478,0.04366222
940479,0.289404
940480,0.016464036
940481,0.026659384
940482,0.019181035
940483,0.017077032
940484,0.17404567
940485,0.2042416
940486,0.033232544
940487,0.12746584
940488,0.044039585
940489,0.12704958
940490,0.9869578
940491,0.24317016
940492,0.0972585
940493,0.06883069
940494,0.013257353
940495,0.029479476
940496,0.050473925
940497,0.09181949
940498,0.39531213
940499,0.46735755
940500,0.16742662
940501,0.4671687
940502,0.25159836
940503,0.54830104
940504,0.45464373
940505,0.38561308
940506,0.1433858
940507,0.34844148
940508,0.08802571
940509,0.20193052
940510,0.08882693
940511,0.013154669
940512,0.052774187
940513,0.112913914
940514,0.021844897
940515,0.06741885
940516,0.11030108
940517,0.10491303
940518,0.10454524
940519,0.08039032
940520,0.07057824
940521,0.08401272
940522,0.019094948
940523,0.07209141
940524,0.07816625
940525,0.08928345
940526,0.12732679
940527,0.077417776
940528,0.058137443
940529,0.07342275
940530,0.11323925
940531,0.1839758
940532,0.14336723
940533,0.10120155
940534,0.06331005
940535,0.07241359
940536,0.10559193
940537,0.014970707
940538,0.10195381
940539,0.11876635
940540,0.025567738
940541,0.05641286
940542,0.051483717
940543,0.048422277
940544,0.047949288
940545,0.046489738
940546,0.03579753
940547,0.0732925
940548,0.17211375
940549,0.03131705
940550,0.05930903
940551,0.059026405
940552,0.10126958
940553,0.08529732
940554,0.090072356
940555,0.07935695
940556,0.04991829
940557,0.2589655
940558,0.3369385
940559,0.50162166
940560,0.7731376
940561,0.74683267
940562,0.8036119
940563,0.764199
940564,0.74059343
940565,0.7820175
940566,0.8044756
940567,0.83527315
940568,0.76655334
940569,0.80433595
940570,0.8659718
940571,0.80957633
940572,0.7845973
940573,0.84692276
940574,0.84808266
940575,0.83565503
940576,0.81164443
940577,0.8132209
940578,0.8219143
940579,0.8168755
940580,0.82096344
940581,0.7754364
940582,0.80249864
940583,0.63220507
940584,0.7075246
940585,0.6891657
940586,0.76854104
940587,0.7830541
940588,0.84655607
940589,0.7702602
940590,0.8351144
940591,0.72658855
940592,0.033071123
940593,0.07668306
940594,0.080557264
940595,0.078979895
940596,0.59777087
940597,0.4336791
940598,0.5312604
940599,0.6677497
940600,0.54460716
940601,0.7357667
940602,0.7072127
940603,0.7251243
940604,0.5515142
940605,0.662309
940606,0.75834316
940607,0.51443917
940608,0.5594496
940609,0.7359859
940610,0.6881277
940611,0.7205438
940612,0.63891006
940613,0.72397894
940614,0.7010831
940615,0.70796686
940616,0.67914087
940617,0.65156907
940618,0.5244521
940619,0.7805315
940620,0.77237684
940621,0.5641899
940622,0.7791814
940623,0.5447798
940624,0.5885141
940625,0.3904229
940626,0.06261483
940627,0.1791853
940628,0.112177506
940629,0.1336511
940630,0.1014236
940631,0.12760273
940632,0.09191932
940633,0.19777846
940634,0.10969362
940635,0.15531802
940636,0.23561388
940637,0.16385399
940638,0.021319315
940639,0.04236135
940640,0.048728045
940641,0.038682193
940642,0.03574821
940643,0.04917542
940644,0.04805231
940645,0.09395492
940646,0.018289313
940647,0.18182358
940648,0.07794153
940649,0.114752136
940650,0.28919324
940651,0.27718773
940652,0.27760246
940653,0.3430351
940654,0.22568071
940655,0.03922154
940656,0.08946098
940657,0.04975932
940658,0.046043716
940659,0.05277036
940660,0.058442537
940661,0.070855275
940662,0.054733206
940663,0.09284354
940664,0.010629369
940665,0.018795276
940666,0.019708065
940667,0.019945092
940668,0.019073574
940669,0.020356392
940670,0.019736022
940671,0.010569017
940672,0.04875357
940673,0.022075858
940674,0.02652635
940675,0.023483396
940676,0.024860177
940677,0.040554874
940678,0.041710023
940679,0.044056278
940680,0.472868
940681,0.36718023
940682,0.3852245
940683,0.2829161
940684,0.27765274
940685,0.40090567
940686,0.012043727
940687,0.029233433
940688,0.06437012
940689,0.024347674
940690,0.025528997
940691,0.026600476
940692,0.025171287
940693,0.021977339
940694,0.24715017
940695,0.08758866
940696,0.27749342
940697,0.2929657
940698,0.20454392
940699,0.39263216
940700,0.5358521
940701,0.69535714
940702,0.7137505
940703,0.66478735
940704,0.6720736
940705,0.54519415
940706,0.5991797
940707,0.5139634
940708,0.55226636
940709,0.5415146
940710,0.5097001
940711,0.44084626
940712,0.010659876
940713,0.019794099
940714,0.03171763
940715,0.023556028
940716,0.10598748
940717,0.04275536
940718,0.2571285
940719,0.5845006
940720,0.67628384
940721,0.26230457
940722,0.627011
940723,0.43388578
940724,0.6997054
940725,0.5970645
940726,0.50363487
940727,0.6093417
940728,0.6761999
940729,0.586208
940730,0.5463295
940731,0.49195495
940732,0.5577219
940733,0.64667904
940734,0.4302062
940735,0.059447028
940736,0.22046015
940737,0.12509577
940738,0.15919639
940739,0.13595131
940740,0.1470046
940741,0.0886747
940742,0.2565441
940743,0.24773288
940744,0.22908828
940745,0.22908828
940746,0.22593237
940747,0.1713461
940748,0.1427167
940749,0.09079493
940750,0.2431705
940751,0.1957266
940752,0.13194782
940753,0.2119551
940754,0.10477156
940755,0.05630482
940756,0.3634144
940757,0.35343444
940758,0.37584677
940759,0.30684942
940760,0.38415068
940761,0.36437285
940762,0.55557704
940763,0.55945396
940764,0.50228405
940765,0.058814224
940766,0.038952403
940767,0.10628788
940768,0.12378789
940769,0.08440115
940770,0.121843494
940771,0.083156906
940772,0.0749469
940773,0.07373172
940774,0.01507636
940775,0.14997222
940776,0.07353063
940777,0.09795315
940778,0.09421585
940779,0.15347382
940780,0.18486795
940781,0.13155426
940782,0.14233613
940783,0.0522131
940784,0.22541097
940785,0.0505672
940786,0.05977883
940787,0.03988316
940788,0.14129
940789,0.13762799
940790,0.011868891
940791,0.039270487
940792,0.03665589
940793,0.03391398
940794,0.037296735
940795,0.044060998
940796,0.04000351
940797,0.04330346
940798,0.038884174
940799,0.3941542
940800,0.20842572
940801,0.2274111
940802,0.34168553
940803,0.23062135
940804,0.29826984
940805,0.010310597
940806,0.022367397
940807,0.032250665
940808,0.04753384
940809,0.026057169
940810,0.41865155
940811,0.6928918
940812,0.72059685
940813,0.7436948
940814,0.7394687
940815,0.7049433
940816,0.72167253
940817,0.7119986
940818,0.75604725
940819,0.7159909
940820,0.80088645
940821,0.5984736
940822,0.6670556
940823,0.54250914
940824,0.41757628
940825,0.024303632
940826,0.046663456
940827,0.057962254
940828,0.060498647
940829,0.04441021
940830,0.09728938
940831,0.18045685
940832,0.3786139
940833,0.38593426
940834,0.26209643
940835,0.5267795
940836,0.39342073
940837,0.53401244
940838,0.5713159
940839,0.5889662
940840,0.15992156
940841,0.27143532
940842,0.23950416
940843,0.015106751
940844,0.09360588
940845,0.09361776
940846,0.08851893
940847,0.11320541
940848,0.21302696
940849,0.6122747
940850,0.4912891
940851,0.42508626
940852,0.42377177
940853,0.54126394
940854,0.4685325
940855,0.55708265
940856,0.4507489
940857,0.57602626
940858,0.42391676
940859,0.037211984
940860,0.148075
940861,0.1998449
940862,0.14719908
940863,0.17405674
940864,0.23343822
940865,0.30692965
940866,0.2191211
940867,0.30255586
940868,0.22637373
940869,0.29461077
940870,0.42358372
940871,0.32499388
940872,0.29468644
940873,0.32618168
940874,0.028092625
940875,0.25544035
940876,0.2877237
940877,0.2150238
940878,0.20090921
940879,0.22030893
940880,0.24462008
940881,0.2168951
940882,0.2610858
940883,0.18077344
940884,0.30243775
940885,0.10950665
940886,0.017392159
940887,0.22707361
940888,0.20615995
940889,0.22475263
940890,0.27227184
940891,0.2599194
940892,0.34815818
940893,0.17666405
940894,0.2263818
940895,0.09092606
940896,0.12717603
940897,0.15058005
940898,0.33880737
940899,0.020885112
940900,0.10899692
940901,0.085891955
940902,0.11248454
940903,0.073517144
940904,0.04592945
940905,0.0439467
940906,0.015823664
940907,0.030844571
940908,0.034613915
940909,0.03379159
940910,0.056330103
940911,0.051867634
940912,0.060458764
940913,0.19252494
940914,0.29379907
940915,0.17483732
940916,0.01648642
940917,0.048307214
940918,0.04368567
940919,0.045247193
940920,0.06346231
940921,0.06730338
940922,0.052093662
940923,0.041597355
940924,0.51758635
940925,0.7374064
940926,0.6752456
940927,0.6985288
940928,0.6912118
940929,0.6681495
940930,0.57559896
940931,0.58876085
940932,0.6977477
940933,0.74152696
940934,0.63464934
940935,0.7399764
940936,0.7798063
940937,0.6243638
940938,0.7664255
940939,0.489704
940940,0.6835362
940941,0.6453037
940942,0.55058503
940943,0.6985607
940944,0.24606252
940945,0.034784414
940946,0.14556566
940947,0.11215956
940948,0.09803873
940949,0.21488856
940950,0.16505522
940951,0.015959939
940952,0.03507962
940953,0.029506227
940954,0.030063579
940955,0.029102443
940956,0.034392413
940957,0.037035808
940958,0.05767934
940959,0.15064313
940960,0.18106931
940961,0.08185404
940962,0.10913204
940963,0.23410344
940964,0.15611091
940965,0.012970417
940966,0.038877875
940967,0.062234197
940968,0.052858658
940969,0.024956271
940970,0.05048638
940971,0.04701692
940972,0.10169599
940973,0.09564885
940974,0.09095393
940975,0.08993783
940976,0.08927687
940977,0.0900224
940978,0.10397
940979,0.10099154
940980,0.08152483
940981,0.022225281
940982,0.16996178
940983,0.1477758
940984,0.23197916
940985,0.31490266
940986,0.1938661
940987,0.12621425
940988,0.14787239
940989,0.17881848
940990,0.12723935
940991,0.13916227
940992,0.01555077
940993,0.07654497
940994,0.07779778
940995,0.0968026
940996,0.09177477
940997,0.09132865
940998,0.094108574
940999,0.09078692
941000,0.111638986
941001,0.4637045
941002,0.0768498
941003,0.2597173
941004,0.10364574
941005,0.06475462
941006,0.23049922
941007,0.22219256
941008,0.13380061
941009,0.26196554
941010,0.12700918
941011,0.020491391
941012,0.031353105
941013,0.031990163
941014,0.14852647
941015,0.13329636
941016,0.11320136
941017,0.11798171
941018,0.11913051
941019,0.085512005
941020,0.42874953
941021,0.50375044
941022,0.5679884
941023,0.53549814
941024,0.55314445
941025,0.53560483
941026,0.5575209
941027,0.4687958
941028,0.015467917
941029,0.092123054
941030,0.07663722
941031,0.09724368
941032,0.07876011
941033,0.06591174
941034,0.08736314
941035,0.079057224
941036,0.09837998
941037,0.088294126
941038,0.10596076
941039,0.36061174
941040,0.30749276
941041,0.106250994
941042,0.14462824
941043,0.1787154
941044,0.02151032
941045,0.4893839
941046,0.54514307
941047,0.48350757
941048,0.53853184
941049,0.45138562
941050,0.5267907
941051,0.57280165
941052,0.58107466
941053,0.5136857
941054,0.48773018
941055,0.58908904
941056,0.3167396
941057,0.22816573
941058,0.09442678
941059,0.33804727
941060,0.35877392
941061,0.07193643
941062,0.28554264
941063,0.27596378
941064,0.2608064
941065,0.2948555
941066,0.35085285
941067,0.24867716
941068,0.24180332
941069,0.29405344
941070,0.52496135
941071,0.6538067
941072,0.5549561
941073,0.73163384
941074,0.6773221
941075,0.45053488
941076,0.6302828
941077,0.66862833
941078,0.61269766
941079,0.74930173
941080,0.6750555
941081,0.6678953
941082,0.6627141
941083,0.75998473
941084,0.67845494
941085,0.43432736
941086,0.089958735
941087,0.74745935
941088,0.78879875
941089,0.8541517
941090,0.778697
941091,0.8740487
941092,0.89504695
941093,0.9054945
941094,0.8762611
941095,0.8845406
941096,0.9001425
941097,0.8855936
941098,0.78885186
941099,0.8856704
941100,0.84219474
941101,0.76105535
941102,0.7458477
941103,0.82088315
941104,0.80550694
941105,0.8460327
941106,0.83330864
941107,0.8820732
941108,0.9012685
941109,0.8876496
941110,0.7292937
941111,0.85268426
941112,0.81405216
941113,0.8643417
941114,0.76547444
941115,0.9060439
941116,0.8828442
941117,0.76612025
941118,0.7386095
941119,0.65524817
941120,0.89060616
941121,0.7935481
941122,0.7432666
941123,0.7477545
941124,0.707693
941125,0.7477195
941126,0.7639098
941127,0.3778903
941128,0.044259693
941129,0.14549085
941130,0.116021566
941131,0.12022613
941132,0.14773533
941133,0.077077135
941134,0.04720679
941135,0.17805943
941136,0.14700672
941137,0.11458191
941138,0.02533966
941139,0.1776299
941140,0.33414188
941141,0.43016315
941142,0.6654729
941143,0.64599496
941144,0.38446954
941145,0.67731154
941146,0.51060873
941147,0.5646027
941148,0.2822325
941149,0.4910105
941150,0.6496371
941151,0.4784205
941152,0.39718547
941153,0.29599786
941154,0.25516132
941155,0.14290942
941156,0.23236106
941157,0.15616836
941158,0.020098818
941159,0.24177901
941160,0.38216594
941161,0.65091306
941162,0.5189848
941163,0.6498218
941164,0.64496446
941165,0.61001104
941166,0.7591477
941167,0.5640651
941168,0.58188874
941169,0.6416061
941170,0.5045592
941171,0.068184175
941172,0.17682022
941173,0.17593634
941174,0.14159542
941175,0.13961728
941176,0.0879118
941177,0.12784557
941178,0.101235434
941179,0.12738295
941180,0.070730016
941181,0.14361697
941182,0.24064474
941183,0.19259377
941184,0.19751081
941185,0.20710076
941186,0.18769743
941187,0.11088577
941188,0.00818698
941189,0.01906172
941190,0.02019948
941191,0.018894028
941192,0.06253067
941193,0.016136248
941194,0.026997536
941195,0.018547475
941196,0.023717647
941197,0.037700016
941198,0.008873691
941199,0.019272191
941200,0.018850844
941201,0.018610202
941202,0.01345792
941203,0.018873006
941204,0.019639954
941205,0.016961457
941206,0.008891082
941207,0.020045675
941208,0.017677529
941209,0.017330106
941210,0.026342062
941211,0.035005957
941212,0.0394031
941213,0.026173247
941214,0.0226482
941215,0.010021468
941216,0.012866975
941217,0.011626547
941218,0.018049354
941219,0.018162947
941220,0.013544356
941221,0.16271901
941222,0.36105832
941223,0.54094326
941224,0.30179942
941225,0.42199737
941226,0.44031683
941227,0.526101
941228,0.56270695
941229,0.5633178
941230,0.49302122
941231,0.52104175
941232,0.4485466
941233,0.011161388
941234,0.038582057
941235,0.04445226
941236,0.04621049
941237,0.044454508
941238,0.04407761
941239,0.077936664
941240,0.19220981
941241,0.32910615
941242,0.32132927
941243,0.3437531
941244,0.33805212
941245,0.2722404
941246,0.2547454
941247,0.38907373
941248,0.23023473
941249,0.086849175
941250,0.04837528
941251,0.55001694
941252,0.7584198
941253,0.6584728
941254,0.82216334
941255,0.82969105
941256,0.8312939
941257,0.84923375
941258,0.7429637
941259,0.83366525
941260,0.84187734
941261,0.84984183
941262,0.84740347
941263,0.8427436
941264,0.8576745
941265,0.7937894
941266,0.8107613
941267,0.869674
941268,0.87056684
941269,0.7541743
941270,0.7556949
941271,0.70752144
941272,0.79939705
941273,0.766115
941274,0.8197851
941275,0.8600583
941276,0.8324098
941277,0.84141916
941278,0.70873904
941279,0.71672773
941280,0.8539337
941281,0.78656995
941282,0.83059084
941283,0.445787
941284,0.05589998
941285,0.3350389
941286,0.447955
941287,0.58481675
941288,0.2324097
941289,0.30387428
941290,0.24171865
941291,0.31673548
941292,0.2137823
941293,0.1846093
941294,0.18881834
941295,0.18628374
941296,0.13619155
941297,0.09767366
941298,0.12061471
941299,0.11180961
941300,0.09516964
941301,0.08043243
941302,0.12419383
941303,0.21018851
941304,0.26193538
941305,0.014070227
941306,0.045100052
941307,0.09348293
941308,0.09163466
941309,0.13130838
941310,0.11352164
941311,0.39078027
941312,0.632619
941313,0.76041555
941314,0.67885154
941315,0.79537964
941316,0.7404915
941317,0.73489255
941318,0.77465427
941319,0.6784663
941320,0.6963159
941321,0.7253616
941322,0.6957794
941323,0.5320156
941324,0.5134753
941325,0.7602449
941326,0.7197526
941327,0.7020271
941328,0.22233936
941329,0.3697179
941330,0.51666355
941331,0.5238226
941332,0.27017438
941333,0.5068935
941334,0.5901354
941335,0.41668665
941336,0.03207179
941337,0.41170573
941338,0.45624012
941339,0.32394826
941340,0.2487448
941341,0.3648609
941342,0.2921973
941343,0.20443892
941344,0.13921426
941345,0.40321904
941346,0.08425373
941347,0.104455195
941348,0.048084415
941349,0.032497317
941350,0.11519899
941351,0.06322041
941352,0.11454482
941353,0.08363422
941354,0.035753824
941355,0.12314209
941356,0.09527265
941357,0.03191646
941358,0.038386896
941359,0.31867796
941360,0.081513524
941361,0.21763426
941362,0.45077243
941363,0.15366067
941364,0.054586034
941365,0.21169385
941366,0.08224341
941367,0.34726733
941368,0.5264458
941369,0.40123418
941370,0.31299153
941371,0.33859825
941372,0.008432794
941373,0.011033804
941374,0.018671747
941375,0.013582686
941376,0.015133662
941377,0.01146028
941378,0.011738487
941379,0.014036195
941380,0.034449324
941381,0.3562796
941382,0.17295729
941383,0.15921168
941384,0.054190934
941385,0.005759375
941386,0.009187146
941387,0.017038256
941388,0.009513908
941389,0.013576006
941390,0.008992765
941391,0.016125616
941392,0.056229264
941393,0.080090135
941394,0.06574811
941395,0.08658835
941396,0.045172606
941397,0.048986502
941398,0.009005603
941399,0.01315353
941400,0.016541127
941401,0.01769453
941402,0.01080173
941403,0.014764618
941404,0.014360736
941405,0.015651088
941406,0.041490592
941407,0.08384563
941408,0.016131964
941409,0.027342634
941410,0.0405696
941411,0.029184364
941412,0.005275638
941413,0.00825145
941414,0.008177028
941415,0.008186009
941416,0.013700652
941417,0.01864606
941418,0.0115052955
941419,0.08670491
941420,0.009663675
941421,0.010583074
941422,0.008614037
941423,0.006472827
941424,0.01053158
941425,0.011002633
941426,0.011249895
941427,0.008191159
941428,0.023023054
941429,0.020322695
941430,0.018513568
941431,0.018751234
941432,0.025169894
941433,0.020763047
941434,0.022303581
941435,0.5316072
941436,0.6621854
941437,0.6371816
941438,0.7917368
941439,0.8882658
941440,0.7719887
941441,0.8538232
941442,0.725853
941443,0.8544915
941444,0.7394744
941445,0.80936056
941446,0.7286025
941447,0.7884799
941448,0.75864726
941449,0.7495945
941450,0.82407427
941451,0.80911976
941452,0.7328702
941453,0.52303785
941454,0.39892137
941455,0.07382094
941456,0.13537532
941457,0.17514461
941458,0.32195425
941459,0.19726644
941460,0.25316447
941461,0.06686708
941462,0.13923536
941463,0.028993946
941464,0.036093198
941465,0.26187995
941466,0.39640963
941467,0.3445777
941468,0.35979968
941469,0.15327148
941470,0.30208418
941471,0.043917216
941472,0.030391717
941473,0.01628535
941474,0.017732272
941475,0.030650254
941476,0.015264971
941477,0.013881926
941478,0.06849912
941479,0.22775194
941480,0.20888622
941481,0.1001365
941482,0.0748425
941483,0.23005904
941484,0.083977774
941485,0.086633995
941486,0.013790429
941487,0.026742531
941488,0.034057703
941489,0.025766676
941490,0.0765756
941491,0.009364751
941492,0.07860722
941493,0.09364406
941494,0.20952353
941495,0.23297034
941496,0.09723896
941497,0.18604128
941498,0.20882481
941499,0.14605688
941500,0.09667374
941501,0.14403832
941502,0.18950012
941503,0.041445356
941504,0.12143457
941505,0.012274102
941506,0.04270157
941507,0.034593612
941508,0.03803879
941509,0.06949614
941510,0.06307569
941511,0.04867528
941512,0.14433372
941513,0.019027513
941514,0.068827115
941515,0.054472398
941516,0.30389932
941517,0.26841754
941518,0.33160815
941519,0.5687535
941520,0.46936923
941521,0.37705785
941522,0.3929028
941523,0.31066278
941524,0.02373773
941525,0.3452576
941526,0.4102393
941527,0.5593376
941528,0.49567375
941529,0.36116832
941530,0.36166766
941531,0.30549014
941532,0.38056782
941533,0.38764915
941534,0.377108
941535,0.18995301
941536,0.40783742
941537,0.34232146
941538,0.48417696
941539,0.30078828
941540,0.2913328
941541,0.17737848
941542,0.39896113
941543,0.2949131
941544,0.40842432
941545,0.307102
941546,0.3689119
941547,0.32925332
941548,0.18538037
941549,0.09868955
941550,0.5683281
941551,0.6277578
941552,0.699728
941553,0.7246083
941554,0.73836493
941555,0.75537854
941556,0.7826688
941557,0.8115341
941558,0.4775331
941559,0.7809372
941560,0.7330606
941561,0.82613486
941562,0.77553624
941563,0.7061149
941564,0.75226426
941565,0.75853837
941566,0.39794132
941567,0.55575985
941568,0.20086235
941569,0.05873028
941570,0.26770777
941571,0.54989403
941572,0.43845633
941573,0.5380192
941574,0.5668773
941575,0.4181963
941576,0.61937076
941577,0.6782876
941578,0.5810427
941579,0.5934809
941580,0.56850183
941581,0.5672265
941582,0.58546644
941583,0.6559396
941584,0.71001756
941585,0.3749901
941586,0.616645
941587,0.69088316
941588,0.39372253
941589,0.17550106
941590,0.38195997
941591,0.56660503
941592,0.61024326
941593,0.12660424
941594,0.03547972
941595,0.6388019
941596,0.46056634
941597,0.19310589
941598,0.0966225
941599,0.14122887
941600,0.29090878
941601,0.15249588
941602,0.22489426
941603,0.35057336
941604,0.3531944
941605,0.2523094
941606,0.23094505
941607,0.121291086
941608,0.15375273
941609,0.10481602
941610,0.090960376
941611,0.094659515
941612,0.042029757
941613,0.15968019
941614,0.07961873
941615,0.15371995
941616,0.1798301
941617,0.011958433
941618,0.035075698
941619,0.098733775
941620,0.56346077
941621,0.7475912
941622,0.70416254
941623,0.8204802
941624,0.78720075
941625,0.83181757
941626,0.8291958
941627,0.7717555
941628,0.82808125
941629,0.73607993
941630,0.6542562
941631,0.8098247
941632,0.80789703
941633,0.7820241
941634,0.7162338
941635,0.79946095
941636,0.851142
941637,0.84013766
941638,0.79686624
941639,0.7847351
941640,0.7492637
941641,0.7797178
941642,0.84758705
941643,0.815977
941644,0.79427904
941645,0.68089503
941646,0.6825719
941647,0.73513496
941648,0.78316754
941649,0.7611063
941650,0.6808618
941651,0.6959473
941652,0.59280133
941653,0.009558081
941654,0.056188278
941655,0.08186409
941656,0.044663645
941657,0.05539279
941658,0.029185073
941659,0.30446437
941660,0.27633834
941661,0.12446916
941662,0.25533503
941663,0.2153466
941664,0.14468083
941665,0.15015806
941666,0.1978724
941667,0.1054374
941668,0.18953134
941669,0.27279842
941670,0.20872095
941671,0.011257737
941672,0.06399511
941673,0.05502822
941674,0.081539005
941675,0.19387381
941676,0.056129113
941677,0.045781083
941678,0.060708996
941679,0.054292202
941680,0.03473962
941681,0.12631968
941682,0.046234768
941683,0.051465813
941684,0.043190584
941685,0.053407118
941686,0.04679464
941687,0.04188998
941688,0.03750023
941689,0.1890419
941690,0.2707404
941691,0.22804998
941692,0.2440174
941693,0.1407673
941694,0.091805674
941695,0.027208583
941696,0.13353392
941697,0.110817745
941698,0.13975841
941699,0.11889032
941700,0.18116154
941701,0.23863462
941702,0.16728048
941703,0.3631454
941704,0.17810568
941705,0.16005953
941706,0.081231125
941707,0.2529259
941708,0.09190468
941709,0.06607079
941710,0.16223136
941711,0.19656943
941712,0.1292312
941713,0.025169631
941714,0.096430205
941715,0.09993963
941716,0.062078256
941717,0.07662567
941718,0.13807799
941719,0.5238977
941720,0.63123953
941721,0.6275772
941722,0.19225904
941723,0.69989437
941724,0.67773724
941725,0.5991666
941726,0.7689621
941727,0.6058289
941728,0.7239768
941729,0.69549954
941730,0.66740763
941731,0.5394611
941732,0.017275298
941733,0.38749993
941734,0.2722863
941735,0.49619764
941736,0.44561383
941737,0.3385215
941738,0.4251076
941739,0.45880285
941740,0.46793556
941741,0.545063
941742,0.63042575
941743,0.5995505
941744,0.4404177
941745,0.4376125
941746,0.23463914
941747,0.23659208
941748,0.015747327
941749,0.6053449
941750,0.6799948
941751,0.74102086
941752,0.6662379
941753,0.72123796
941754,0.823071
941755,0.81171095
941756,0.53932023
941757,0.7171613
941758,0.44474465
941759,0.7752227
941760,0.72001195
941761,0.7417506
941762,0.48547444
941763,0.7179087
941764,0.2688362
941765,0.029109677
941766,0.14994924
941767,0.12857032
941768,0.21154039
941769,0.13737273
941770,0.14568952
941771,0.17476365
941772,0.08721408
941773,0.12688549
941774,0.12555417
941775,0.117076226
941776,0.101017736
941777,0.03594529
941778,0.019369515
941779,0.02119821
941780,0.036585532
941781,0.042399056
941782,0.058906473
941783,0.024296306
941784,0.27379832
941785,0.059599258
941786,0.042111084
941787,0.0458729
941788,0.0384076
941789,0.045880854
941790,0.007047176
941791,0.016551375
941792,0.018674014
941793,0.014740307
941794,0.0143931545
941795,0.020569757
941796,0.017349094
941797,0.014270285
941798,0.021982985
941799,0.55089366
941800,0.78056145
941801,0.8096321
941802,0.86009544
941803,0.8715057
941804,0.879201
941805,0.88314366
941806,0.88222647
941807,0.89261115
941808,0.8955785
941809,0.8992124
941810,0.9068305
941811,0.9005852
941812,0.8989802
941813,0.89825016
941814,0.8985722
941815,0.9032206
941816,0.92642564
941817,0.91627157
941818,0.91625476
941819,0.9074615
941820,0.9056743
941821,0.9045336
941822,0.9021761
941823,0.9174024
941824,0.88959813
941825,0.9054559
941826,0.8968656
941827,0.88899016
941828,0.8829156
941829,0.9318656
941830,0.9041693
941831,0.92977124
941832,0.888621
941833,0.8871577
941834,0.84187996
941835,0.8429927
941836,0.8873939
941837,0.8179215
941838,0.8157221
941839,0.79481936
941840,0.8634096
941841,0.800988
941842,0.79519427
941843,0.77476484
941844,0.77131724
941845,0.7595155
941846,0.47534624
941847,0.009018891
941848,0.020997453
941849,0.043519437
941850,0.12355885
941851,0.5837554
941852,0.68830234
941853,0.69607943
941854,0.6932024
941855,0.6845302
941856,0.68520147
941857,0.6822272
941858,0.6822391
941859,0.67721814
941860,0.6681749
941861,0.65422827
941862,0.65085274
941863,0.6452495
941864,0.6452495
941865,0.35958833
941866,0.3365272
941867,0.0489103
941868,0.04668355
941869,0.050269905
941870,0.05876008
941871,0.035484374
941872,0.047157004
941873,0.037084885
941874,0.032808695
941875,0.03474063
941876,0.023405818
941877,0.032700036
941878,0.020115385
941879,0.009089065
941880,0.024254095
941881,0.055243384
941882,0.019555684
941883,0.015909005
941884,0.01813795
941885,0.020890476
941886,0.030292438
941887,0.020200403
941888,0.061205074
941889,0.18194298
941890,0.24930403
941891,0.40011188
941892,0.4272803
941893,0.42023474
941894,0.3008669
941895,0.36684027
941896,0.32021037
941897,0.22409064
941898,0.1870347
941899,0.124567166
941900,0.19048092
941901,0.5435332
941902,0.658475
941903,0.4962117
941904,0.6679465
941905,0.78593796
941906,0.5142695
941907,0.6421558
941908,0.6551507
941909,0.35063678
941910,0.6282261
941911,0.6489262
941912,0.5964152
941913,0.60724014
941914,0.629328
941915,0.55695933
941916,0.16969533
941917,0.08089795
941918,0.50487363
941919,0.36780187
941920,0.38619167
941921,0.6098875
941922,0.6429195
941923,0.6512599
941924,0.6587767
941925,0.72516376
941926,0.3043599
941927,0.71934444
941928,0.63040334
941929,0.592085
941930,0.311976
941931,0.3401533
941932,0.5110418
941933,0.6181176
941934,0.5401536
941935,0.55485183
941936,0.5515273
941937,0.35300496
941938,0.5533982
941939,0.63273185
941940,0.5163992
941941,0.3892964
941942,0.61975133
941943,0.6797877
941944,0.71988434
941945,0.71714544
941946,0.73602724
941947,0.6803085
941948,0.63937515
941949,0.58070195
941950,0.5627301
941951,0.7448592
941952,0.6977143
941953,0.36087775
941954,0.27860674
941955,0.12329365
941956,0.47351393
941957,0.901897
941958,0.7859171
941959,0.7374839
941960,0.80311626
941961,0.8254774
941962,0.7733929
941963,0.768569
941964,0.7600913
941965,0.84579617
941966,0.80715555
941967,0.8396299
941968,0.86051345
941969,0.8427571
941970,0.82205534
941971,0.86730045
941972,0.8819601
941973,0.87650126
941974,0.8481597
941975,0.86825794
941976,0.872571
941977,0.8717125
941978,0.7331801
941979,0.738426
941980,0.6185693
941981,0.8503326
941982,0.70044065
941983,0.85716295
941984,0.84746855
941985,0.8641193
941986,0.8658688
941987,0.75877404
941988,0.63013655
941989,0.08039208
941990,0.13372801
941991,0.110074945
941992,0.20271905
941993,0.05972881
941994,0.07286871
941995,0.040343028
941996,0.07565425
941997,0.034801587
941998,0.009281421
941999,0.43995777
942000,0.15533428
942001,0.11526314
942002,0.068876274
942003,0.22340415
942004,0.06957878
942005,0.13478272
942006,0.0682324
942007,0.078192174
942008,0.2124688
942009,0.058472205
942010,0.36704737
942011,0.29645646
942012,0.2783439
942013,0.27181947
942014,0.07710558
942015,0.16994043
942016,0.31638208
942017,0.1175706
942018,0.107557245
942019,0.18917155
942020,0.30511004
942021,0.054485094
942022,0.015872495
942023,0.03795088
942024,0.03482792
942025,0.032472603
942026,0.0474628
942027,0.028604176
942028,0.07515548
942029,0.08910833
942030,0.07676909
942031,0.01658581
942032,0.09577472
942033,0.14365713
942034,0.0757631
942035,0.1441188
942036,0.10106562
942037,0.10802623
942038,0.08725011
942039,0.121089056
942040,0.10741135
942041,0.037517015
942042,0.028604295
942043,0.042964138
942044,0.04391678
942045,0.03399347
942046,0.038283937
942047,0.04314121
942048,0.029420303
942049,0.052114382
942050,0.10868098
942051,0.11643463
942052,0.07235557
942053,0.11024831
942054,0.021868952
942055,0.052742433
942056,0.17369899
942057,0.07231013
942058,0.040134247
942059,0.080810085
942060,0.097362585
942061,0.0912288
942062,0.09105372
942063,0.013122408
942064,0.03082497
942065,0.027254945
942066,0.04146325
942067,0.02575506
942068,0.033667628
942069,0.03973684
942070,0.01734464
942071,0.049831856
942072,0.007876166
942073,0.021739068
942074,0.03516893
942075,0.041865226
942076,0.020714773
942077,0.009212368
942078,0.04287929
942079,0.023276422
942080,0.030908061
942081,0.022761999
942082,0.023470202
942083,0.057760566
942084,0.024229392
942085,0.008606197
942086,0.025353644
942087,0.024497544
942088,0.026750406
942089,0.05680787
942090,0.09665842
942091,0.008824065
942092,0.020904897
942093,0.018703118
942094,0.017539507
942095,0.02422215
942096,0.016029818
942097,0.015884409
942098,0.073519304
942099,0.17660886
942100,0.1133454
942101,0.05165774
942102,0.05169755
942103,0.09896002
942104,0.07638736
942105,0.34387517
942106,0.1537012
942107,0.020500755
942108,0.20862305
942109,0.22891818
942110,0.17899093
942111,0.23409224
942112,0.25089568
942113,0.234169
942114,0.29094374
942115,0.2969146
942116,0.14730279
942117,0.37521446
942118,0.030484462
942119,0.02429765
942120,0.04281984
942121,0.024386225
942122,0.031701986
942123,0.039735056
942124,0.041140858
942125,0.033277668
942126,0.012080156
942127,0.032864545
942128,0.037731495
942129,0.049024872
942130,0.03169999
942131,0.04764922
942132,0.046748657
942133,0.028984956
942134,0.03627611
942135,0.009208012
942136,0.041169234
942137,0.04393443
942138,0.050693166
942139,0.04462128
942140,0.046900194
942141,0.044960544
942142,0.08563496
942143,0.068651296
942144,0.039045833
942145,0.031945087
942146,0.07340125
942147,0.10585196
942148,0.033632394
942149,0.06629681
942150,0.089571156
942151,0.06527266
942152,0.19524428
942153,0.031085482
942154,0.08134785
942155,0.104320206
942156,0.08292145
942157,0.1041755
942158,0.08252576
942159,0.02996984
942160,0.14795573
942161,0.20220321
942162,0.2036746
942163,0.16168033
942164,0.024218686
942165,0.10698572
942166,0.11315823
942167,0.089654416
942168,0.11854903
942169,0.11876834
942170,0.078660354
942171,0.41436487
942172,0.09464605
942173,0.25670555
942174,0.2851983
942175,0.11399845
942176,0.06896141
942177,0.07629522
942178,0.011136219
942179,0.0249138
942180,0.028928345
942181,0.051739372
942182,0.035607293
942183,0.034809917
942184,0.022022098
942185,0.023208879
942186,0.01026694
942187,0.021617295
942188,0.035113815
942189,0.03872652
942190,0.026676713
942191,0.031017493
942192,0.028419793
942193,0.052739803
942194,0.023397723
942195,0.0073988005
942196,0.0223477
942197,0.02337708
942198,0.024441501
942199,0.018463397
942200,0.020947741
942201,0.024199534
942202,0.02220274
942203,0.019256296
942204,0.087979175
942205,0.04414386
942206,0.33321005
942207,0.25667563
942208,0.1271539
942209,0.10572814
942210,0.018555833
942211,0.029219802
942212,0.02165982
942213,0.024035957
942214,0.090128355
942215,0.04709941
942216,0.07745073
942217,0.0461433
942218,0.03044026
942219,0.08210932
942220,0.116659455
942221,0.010197502
942222,0.020914132
942223,0.03021576
942224,0.04073222
942225,0.04706745
942226,0.02622036
942227,0.04847427
942228,0.03555577
942229,0.06464121
942230,0.008229195
942231,0.057572562
942232,0.05070751
942233,0.052933607
942234,0.08459659
942235,0.054358568
942236,0.049979337
942237,0.055014163
942238,0.04776268
942239,0.052093107
942240,0.018871995
942241,0.026968548
942242,0.021650175
942243,0.018756906
942244,0.023769205
942245,0.25992543
942246,0.2379518
942247,0.24571507
942248,0.18258561
942249,0.11750405
942250,0.016615618
942251,0.021260565
942252,0.016824204
942253,0.017337881
942254,0.015510025
942255,0.13281476
942256,0.11262769
942257,0.0994075
942258,0.11806554
942259,0.031283055
942260,0.034205277
942261,0.1965214
942262,0.06460681
942263,0.023785248
942264,0.041434214
942265,0.050145593
942266,0.12886493
942267,0.050726093
942268,0.03948815
942269,0.058344975
942270,0.06210884
942271,0.007451832
942272,0.014596763
942273,0.012899983
942274,0.014763017
942275,0.01345792
942276,0.0144288605
942277,0.022332098
942278,0.009773473
942279,0.028341558
942280,0.103506364
942281,0.045274287
942282,0.043925896
942283,0.038897432
942284,0.022277279
942285,0.13223217
942286,0.18112001
942287,0.091881596
942288,0.017723212
942289,0.028300604
942290,0.02951783
942291,0.031719767
942292,0.035107795
942293,0.033736587
942294,0.03262188
942295,0.006647659
942296,0.008363273
942297,0.009728825
942298,0.012290514
942299,0.01702649
942300,0.02328238
942301,0.012948044
942302,0.014245395
942303,0.011244842
942304,0.0061988393
942305,0.017262334
942306,0.016542492
942307,0.016086437
942308,0.016431784
942309,0.017418645
942310,0.020530732
942311,0.009806353
942312,0.048173618
942313,0.02581732
942314,0.08831357
942315,0.040281314
942316,0.03488592
942317,0.030399475
942318,0.03153541
942319,0.0043933876
942320,0.007817349
942321,0.011300507
942322,0.01044867
942323,0.009597674
942324,0.008344841
942325,0.0066144555
942326,0.040623106
942327,0.045843765
942328,0.050113022
942329,0.041667525
942330,0.067035526
942331,0.05367362
942332,0.047899738
942333,0.01592889
942334,0.022825992
942335,0.042050526
942336,0.0495544
942337,0.022363957
942338,0.030137688
942339,0.03584445
942340,0.02231166
942341,0.00901736
942342,0.014490602
942343,0.014897669
942344,0.015034994
942345,0.0154110445
942346,0.015381503
942347,0.012386421
942348,0.01374667
942349,0.035204902
942350,0.0346112
942351,0.031142361
942352,0.03922903
942353,0.028489
942354,0.05101845
942355,0.066497386
942356,0.0059054033
942357,0.015929809
942358,0.010450219
942359,0.012707695
942360,0.01439693
942361,0.07108472
942362,0.09554636
942363,0.060977776
942364,0.069135234
942365,0.16912444
942366,0.25785393
942367,0.2365397
942368,0.3302199
942369,0.17463917
942370,0.014317402
942371,0.040518172
942372,0.03348022
942373,0.030356614
942374,0.024940688
942375,0.02401464
942376,0.010748596
942377,0.029555418
942378,0.03527082
942379,0.028453236
942380,0.03158628
942381,0.021922642
942382,0.2561947
942383,0.02137348
942384,0.05307706
942385,0.060531072
942386,0.050808117
942387,0.055859607
942388,0.070594504
942389,0.097934045
942390,0.050899282
942391,0.07623292
942392,0.07670732
942393,0.028942758
942394,0.08559128
942395,0.08052834
942396,0.09424588
942397,0.08951498
942398,0.09018108
942399,0.09733163
942400,0.07762993
942401,0.06706924
942402,0.016375283
942403,0.041372433
942404,0.039278604
942405,0.035098027
942406,0.042517725
942407,0.069849186
942408,0.06970415
942409,0.038640793
942410,0.18111192
942411,0.2909149
942412,0.27765805
942413,0.28043577
942414,0.20287432
942415,0.20209438
942416,0.18706739
942417,0.18314075
942418,0.37018877
942419,0.05386878
942420,0.07900138
942421,0.11949655
942422,0.03147264
942423,0.08788911
942424,0.12393434
942425,0.35943896
942426,0.33720422
942427,0.3613718
942428,0.35614598
942429,0.36741567
942430,0.3184285
942431,0.3236141
942432,0.3803363
942433,0.31158826
942434,0.3902338
942435,0.29656675
942436,0.012671565
942437,0.05516405
942438,0.03522599
942439,0.032563545
942440,0.03166514
942441,0.06517657
942442,0.049411125
942443,0.06631735
942444,0.025754312
942445,0.017500618
942446,0.23039454
942447,0.22482368
942448,0.41468826
942449,0.14598987
942450,0.1708514
942451,0.30967695
942452,0.29951915
942453,0.40784982
942454,0.38121435
942455,0.19115922
942456,0.11975306
942457,0.2269586
942458,0.13497135
942459,0.2504479
942460,0.06367408
942461,0.07645363
942462,0.25055468
942463,0.025633689
942464,0.38465738
942465,0.56485134
942466,0.36343843
942467,0.62911713
942468,0.7031204
942469,0.5722424
942470,0.6099021
942471,0.66671616
942472,0.73390967
942473,0.6499277
942474,0.5282476
942475,0.6960619
942476,0.64116806
942477,0.5251413
942478,0.64116806
942479,0.49921688
942480,0.0425015
942481,0.17496103
942482,0.23062772
942483,0.23919563
942484,0.14357477
942485,0.22640403
942486,0.14915125
942487,0.26270458
942488,0.15407415
942489,0.1547696
942490,0.24748515
942491,0.18088019
942492,0.02033726
942493,0.0339355
942494,0.035079774
942495,0.031803425
942496,0.02425639
942497,0.027848115
942498,0.037444804
942499,0.033029474
942500,0.12288408
942501,0.09126456
942502,0.047775384
942503,0.10382114
942504,0.09778075
942505,0.17888594
942506,0.17668453
942507,0.1854789
942508,0.06082977
942509,0.17728673
942510,0.1432534
942511,0.11425157
942512,0.27884817
942513,0.060400367
942514,0.18732812
942515,0.25818378
942516,0.23703875
942517,0.016276086
942518,0.059599556
942519,0.03504475
942520,0.044801824
942521,0.048739936
942522,0.029001538
942523,0.026856858
942524,0.029436069
942525,0.28713042
942526,0.37905088
942527,0.67513305
942528,0.68506664
942529,0.6659909
942530,0.66922736
942531,0.68588597
942532,0.57944703
942533,0.33581635
942534,0.40213004
942535,0.31534228
942536,0.36072576
942537,0.2910131
942538,0.3154725
942539,0.4358133
942540,0.3976941
942541,0.29306465
942542,0.32841942
942543,0.2336326
942544,0.029746149
942545,0.2312434
942546,0.1517617
942547,0.0141889835
942548,0.050723363
942549,0.10976039
942550,0.0900578
942551,0.06538165
942552,0.07105927
942553,0.1349897
942554,0.114268415
942555,0.04284293
942556,0.067967586
942557,0.07482335
942558,0.059431024
942559,0.064746924
942560,0.0576743
942561,0.066977724
942562,0.28761035
942563,0.27015832
942564,0.4223313
942565,0.38558802
942566,0.47151434
942567,0.4654129
942568,0.48525068
942569,0.41082385
942570,0.38001806
942571,0.41395617
942572,0.3859515
942573,0.42278504
942574,0.15979978
942575,0.19888134
942576,0.036356162
942577,0.4526331
942578,0.28209653
942579,0.44039977
942580,0.5532242
942581,0.36382234
942582,0.6541315
942583,0.47276112
942584,0.44557154
942585,0.27630922
942586,0.50184494
942587,0.4077477
942588,0.49589357
942589,0.49081513
942590,0.48912486
942591,0.53432995
942592,0.41028863
942593,0.27387536
942594,0.5500503
942595,0.61182326
942596,0.6737944
942597,0.40344432
942598,0.46132162
942599,0.61223763
942600,0.5242251
942601,0.35433766
942602,0.75888455
942603,0.62576216
942604,0.36057258
942605,0.4817597
942606,0.61821395
942607,0.62441754
942608,0.6632622
942609,0.5599093
942610,0.3889876
942611,0.39266407
942612,0.039928842
942613,0.22260846
942614,0.16886652
942615,0.19014151
942616,0.12786755
942617,0.18803021
942618,0.101096615
942619,0.18264449
942620,0.14404683
942621,0.11118378
942622,0.25209057
942623,0.07772135
942624,0.013582085
942625,0.04820273
942626,0.0523292
942627,0.0505926
942628,0.047681496
942629,0.033677373
942630,0.057425812
942631,0.018881379
942632,0.17547543
942633,0.11286652
942634,0.11331877
942635,0.20623288
942636,0.15966421
942637,0.3052661
942638,0.29060158
942639,0.37518203
942640,0.31963125
942641,0.02194415
942642,0.045497254
942643,0.03595853
942644,0.047551196
942645,0.03465008
942646,0.04001425
942647,0.04173002
942648,0.009418429
942649,0.026910836
942650,0.02759257
942651,0.027464787
942652,0.025275525
942653,0.024656845
942654,0.015992247
942655,0.0692613
942656,0.12304697
942657,0.454405
942658,0.30702713
942659,0.40955177
942660,0.33616644
942661,0.35358328
942662,0.29692236
942663,0.39745465
942664,0.27652484
942665,0.287318
942666,0.5189014
942667,0.12028601
942668,0.38549423
942669,0.6688278
942670,0.11893009
942671,0.050089974
942672,0.33403635
942673,0.57004535
942674,0.69724095
942675,0.73111635
942676,0.7187869
942677,0.6634255
942678,0.7973137
942679,0.76777524
942680,0.7899818
942681,0.821116
942682,0.77512103
942683,0.7904102
942684,0.81649035
942685,0.7760191
942686,0.82588995
942687,0.8475939
942688,0.84722304
942689,0.8609843
942690,0.84946275
942691,0.85497844
942692,0.8482904
942693,0.84244233
942694,0.85894746
942695,0.8216056
942696,0.85574305
942697,0.8728689
942698,0.8658191
942699,0.86008936
942700,0.85263705
942701,0.8551016
942702,0.85298043
942703,0.8568278
942704,0.8563612
942705,0.81576854
942706,0.79193646
942707,0.7856878
942708,0.78557587
942709,0.8103844
942710,0.8039113
942711,0.85543853
942712,0.79661596
942713,0.80225646
942714,0.8758342
942715,0.8954104
942716,0.8471921
942717,0.8478505
942718,0.88842833
942719,0.8810715
942720,0.8822541
942721,0.82322246
942722,0.7885133
942723,0.9081367
942724,0.84167665
942725,0.8998458
942726,0.9098675
942727,0.89846784
942728,0.8404851
942729,0.8978647
942730,0.8996989
942731,0.8103777
942732,0.014697569
942733,0.09938487
942734,0.7789788
942735,0.6474406
942736,0.35268855
942737,0.18129916
942738,0.09995059
942739,0.6695894
942740,0.10651534
942741,0.46186835
942742,0.15924947
942743,0.24292977
942744,0.08477985
942745,0.21103665
942746,0.28315255
942747,0.21724287
942748,0.32762027
942749,0.14979443
942750,0.09673217
942751,0.17520012
942752,0.16881151
942753,0.18280824
942754,0.1741242
942755,0.12775873
942756,0.16136932
942757,0.10749263
942758,0.06015467
942759,0.018400576
942760,0.076824605
942761,0.51311934
942762,0.7682847
942763,0.43166873
942764,0.6674418
942765,0.30606446
942766,0.5054033
942767,0.13642693
942768,0.057087593
942769,0.41685036
942770,0.5913907
942771,0.016007397
942772,0.1132791
942773,0.19237329
942774,0.13463931
942775,0.13865829
942776,0.022347184
942777,0.09970814
942778,0.04003427
942779,0.027187204
942780,0.023188304
942781,0.14896914
942782,0.7421286
942783,0.098422684
942784,0.49946174
942785,0.12250687
942786,0.22922926
942787,0.13980421
942788,0.42376184
942789,0.16749902
942790,0.6898261
942791,0.026293026
942792,0.034999385
942793,0.03793269
942794,0.02899918
942795,0.11296932
942796,0.033264466
942797,0.27103937
942798,0.21508388
942799,0.10635734
942800,0.10712914
942801,0.30414188
942802,0.08151628
942803,0.13668044
942804,0.083866626
942805,0.12131174
942806,0.109105796
942807,0.47065338
942808,0.012375028
942809,0.04804908
942810,0.03375365
942811,0.12165587
942812,0.17710885
942813,0.25241208
942814,0.19099644
942815,0.115014404
942816,0.15577611
942817,0.23077725
942818,0.17693526
942819,0.01879072
942820,0.07142988
942821,0.13900341
942822,0.110862456
942823,0.27042153
942824,0.112458475
942825,0.09260342
942826,0.13521032
942827,0.28298876
942828,0.17412804
942829,0.33057368
942830,0.13420643
942831,0.153747
942832,0.035313923
942833,0.04391924
942834,0.17027348
942835,0.27190217
942836,0.3726381
942837,0.19858767
942838,0.22482683
942839,0.01313574
942840,0.052359477
942841,0.04761894
942842,0.05292308
942843,0.2176308
942844,0.13468623
942845,0.11782687
942846,0.21741045
942847,0.045583423
942848,0.15704437
942849,0.04958806
942850,0.01955376
942851,0.04559531
942852,0.041124873
942853,0.033418298
942854,0.04720773
942855,0.027582603
942856,0.041483533
942857,0.023766229
942858,0.030209167
942859,0.07329351
942860,0.21215859
942861,0.07765243
942862,0.07528537
942863,0.054091975
942864,0.008375165
942865,0.021780252
942866,0.022985872
942867,0.022603372
942868,0.023098812
942869,0.022432283
942870,0.026996285
942871,0.026509807
942872,0.019466015
942873,0.43712285
942874,0.65223306
942875,0.7458055
942876,0.56701374
942877,0.6626565
942878,0.70902777
942879,0.72580355
942880,0.708552
942881,0.8247728
942882,0.74353623
942883,0.8255045
942884,0.81729835
942885,0.68622863
942886,0.76181585
942887,0.7608354
942888,0.6914299
942889,0.845349
942890,0.79320794
942891,0.5338316
942892,0.25218835
942893,0.10099361
942894,0.09133373
942895,0.2582115
942896,0.10713718
942897,0.027652154
942898,0.14275487
942899,0.11011325
942900,0.10338729
942901,0.11149302
942902,0.1027871
942903,0.008831318
942904,0.031476606
942905,0.03239576
942906,0.019766025
942907,0.023602784
942908,0.018484186
942909,0.027187197
942910,0.020318933
942911,0.021064728
942912,0.023171494
942913,0.32076585
942914,0.20903029
942915,0.18652241
942916,0.091935284
942917,0.07373402
942918,0.09550209
942919,0.009603695
942920,0.026801482
942921,0.018980518
942922,0.018298613
942923,0.030225955
942924,0.021116395
942925,0.05569726
942926,0.023458162
942927,0.051093113
942928,0.020065852
942929,0.044181034
942930,0.12055545
942931,0.11971107
942932,0.041527893
942933,0.068416454
942934,0.10468587
942935,0.06728804
942936,0.06660563
942937,0.08023965
942938,0.06583791
942939,0.06534058
942940,0.0717027
942941,0.061574295
942942,0.17925747
942943,0.020710468
942944,0.03011718
942945,0.027862351
942946,0.028534012
942947,0.030387651
942948,0.0265225
942949,0.008079536
942950,0.029883604
942951,0.035683606
942952,0.02933559
942953,0.068740435
942954,0.024527103
942955,0.04340134
942956,0.047362838
942957,0.041576862
942958,0.026844725
942959,0.0514906
942960,0.46824953
942961,0.11681723
942962,0.011913192
942963,0.023893127
942964,0.023690486
942965,0.025225963
942966,0.025456902
942967,0.02965949
942968,0.020093169
942969,0.009740955
942970,0.05531404
942971,0.06733179
942972,0.06019329
942973,0.13564125
942974,0.3192838
942975,0.10701495
942976,0.0945524
942977,0.08761157
942978,0.08756603
942979,0.11204284
942980,0.08903913
942981,0.12772423
942982,0.3253408
942983,0.075751625
942984,0.091889694
942985,0.063288294
942986,0.043339357
942987,0.008055618
942988,0.03162966
942989,0.034535397
942990,0.032680277
942991,0.034068495
942992,0.029959513
942993,0.032369174
942994,0.02965622
942995,0.06922446
942996,0.11711393
942997,0.5213984
942998,0.26682892
942999,0.6189385
943000,0.57986975
943001,0.19259109
943002,0.2485183
943003,0.2130212
943004,0.2677855
943005,0.5982768
943006,0.2711543
943007,0.37847218
943008,0.29111537
943009,0.1374647
943010,0.21527313
943011,0.28257892
943012,0.37403744
943013,0.116849214
943014,0.017830875
943015,0.03230539
943016,0.031183615
943017,0.03009605
943018,0.031439334
943019,0.03305867
943020,0.04517236
943021,0.031624272
943022,0.036664154
943023,0.24274772
943024,0.2413394
943025,0.05698424
943026,0.33191344
943027,0.33821785
943028,0.37936532
943029,0.114886165
943030,0.31310976
943031,0.098772585
943032,0.01892943
943033,0.06928555
943034,0.06983405
943035,0.13879202
943036,0.015525678
943037,0.048893023
943038,0.02720759
943039,0.052980907
943040,0.04286393
943041,0.054998945
943042,0.10304716
943043,0.04577122
943044,0.051309146
943045,0.2095985
943046,0.05360512
943047,0.18176347
943048,0.045891084
943049,0.08718811
943050,0.24607176
943051,0.2000512
943052,0.04459523
943053,0.07112329
943054,0.11992229
943055,0.15884417
943056,0.10450983
943057,0.13485865
943058,0.16079478
943059,0.09622278
943060,0.4495473
943061,0.580262
943062,0.60898006
943063,0.578994
943064,0.7541637
943065,0.54599047
943066,0.63685745
943067,0.6785421
943068,0.76381546
943069,0.60828316
943070,0.5545469
943071,0.17530249
943072,0.018470397
943073,0.0759992
943074,0.06848844
943075,0.0598315
943076,0.044940114
943077,0.12496627
943078,0.07552154
943079,0.2120359
943080,0.09756378
943081,0.22457305
943082,0.19143376
943083,0.19539054
943084,0.11495275
943085,0.19662197
943086,0.18275748
943087,0.21327491
943088,0.099631086
943089,0.024051886
943090,0.03228781
943091,0.025384603
943092,0.020281028
943093,0.26398048
943094,0.422643
943095,0.6122435
943096,0.64167565
943097,0.6760381
943098,0.63472056
943099,0.6581768
943100,0.7553574
943101,0.77208763
943102,0.73133135
943103,0.78260666
943104,0.7802833
943105,0.74352944
943106,0.7612716
943107,0.7611211
943108,0.7837787
943109,0.7024487
943110,0.8220218
943111,0.76395535
943112,0.71520585
943113,0.79315853
943114,0.804403
943115,0.75622594
943116,0.7005321
943117,0.7614764
943118,0.3559651
943119,0.010646065
943120,0.03624698
943121,0.082388505
943122,0.17743921
943123,0.08913148
943124,0.03103093
943125,0.02412179
943126,0.02423079
943127,0.034330864
943128,0.07458008
943129,0.11831287
943130,0.19843249
943131,0.11002521
943132,0.24742639
943133,0.17741717
943134,0.11098494
943135,0.13319546
943136,0.07685948
943137,0.068897724
943138,0.1947496
943139,0.010911793
943140,0.022645283
943141,0.019842414
943142,0.036628943
943143,0.019660752
943144,0.019285653
943145,0.024080696
943146,0.02065155
943147,0.013112007
943148,0.086712316
943149,0.23275119
943150,0.096183695
943151,0.22930565
943152,0.11920062
943153,0.11730227
943154,0.087833606
943155,0.062001117
943156,0.2288975
943157,0.17193334
943158,0.33012474
943159,0.046625175
943160,0.014042558
943161,0.13704419
943162,0.036516786
943163,0.12438709
943164,0.09792414
943165,0.14354008
943166,0.057990916
943167,0.10220534
943168,0.13124485
943169,0.08336786
943170,0.1976058
943171,0.061345275
943172,0.012609997
943173,0.028722394
943174,0.024331832
943175,0.018041696
943176,0.053128146
943177,0.04161989
943178,0.024611618
943179,0.03266987
943180,0.019166593
943181,0.010380704
943182,0.030153232
943183,0.042149663
943184,0.026548142
943185,0.032061838
943186,0.034360304
943187,0.02751752
943188,0.025533553
943189,0.009595612
943190,0.017890071
943191,0.016958246
943192,0.01557368
943193,0.018458312
943194,0.017337149
943195,0.022491507
943196,0.024461374
943197,0.016193965
943198,0.18501696
943199,0.2411279
943200,0.119890176
943201,0.0809537
943202,0.07497828
943203,0.19357906
943204,0.14624716
943205,0.07813848
943206,0.008826443
943207,0.02173294
943208,0.022352982
943209,0.021564636
943210,0.022513533
943211,0.023573998
943212,0.032699738
943213,0.019650878
943214,0.0065292823
943215,0.055423107
943216,0.03672791
943217,0.039017145
943218,0.03686811
943219,0.048779763
943220,0.015910976
943221,0.039455686
943222,0.043063927
943223,0.031597733
943224,0.041907053
943225,0.039382398
943226,0.04272087
943227,0.067454174
943228,0.033165775
943229,0.008451091
943230,0.020285087
943231,0.020012254
943232,0.01621805
943233,0.020874867
943234,0.020473126
943235,0.019220065
943236,0.012900414
943237,0.048603162
943238,0.05591437
943239,0.058279164
943240,0.077290244
943241,0.073537864
943242,0.067408115
943243,0.059304215
943244,0.008678558
943245,0.022123892
943246,0.02444384
943247,0.022603462
943248,0.023342159
943249,0.030015294
943250,0.027020168
943251,0.02244667
943252,0.008103854
943253,0.017936233
943254,0.02233708
943255,0.026066845
943256,0.017843505
943257,0.023528917
943258,0.020209089
943259,0.24483159
943260,0.008364195
943261,0.033074386
943262,0.029029507
943263,0.04969241
943264,0.023108685
943265,0.02649407
943266,0.022688108
943267,0.025145227
943268,0.012878858
943269,0.02552172
943270,0.019115513
943271,0.023734218
943272,0.01798798
943273,0.022973442
943274,0.018498033
943275,0.06519085
943276,0.28617567
943277,0.28621075
943278,0.34111124
943279,0.23649241
943280,0.14410067
943281,0.04768349
943282,0.12533528
943283,0.14228337
943284,0.10098589
943285,0.05561503
943286,0.42075983
943287,0.67428803
943288,0.6832742
943289,0.7367537
943290,0.7416206
943291,0.7015604
943292,0.73619527
943293,0.69668627
943294,0.74313456
943295,0.73150736
943296,0.7004482
943297,0.68346095
943298,0.7125641
943299,0.6922047
943300,0.6830036
943301,0.66057813
943302,0.66079587
943303,0.70384544
943304,0.41678327
943305,0.10544348
943306,0.1601719
943307,0.156641
943308,0.10070833
943309,0.2509939
943310,0.15436302
943311,0.30946684
943312,0.047594845
943313,0.122988805
943314,0.10102613
943315,0.15907311
943316,0.11763088
943317,0.14634088
943318,0.23572376
943319,0.2673308
943320,0.3094955
943321,0.33414194
943322,0.33414194
943323,0.32597953
943324,0.33305806
943325,0.3118719
943326,0.3356641
943327,0.32458013
943328,0.29392245
943329,0.2344957
943330,0.22866972
943331,0.10192474
943332,0.15638192
943333,0.21488842
943334,0.1373758
943335,0.077756196
943336,0.07823436
943337,0.083020814
943338,0.03895343
943339,0.09327917
943340,0.105065495
943341,0.122266516
943342,0.010013258
943343,0.06534809
943344,0.14248888
943345,0.19661726
943346,0.11938103
943347,0.019003555
943348,0.042861078
943349,0.037198327
943350,0.030022506
943351,0.040665396
943352,0.03686093
943353,0.048607636
943354,0.037175234
943355,0.033534985
943356,0.30656683
943357,0.22088951
943358,0.16517614
943359,0.14977649
943360,0.23723514
943361,0.27816728
943362,0.011748979
943363,0.03197085
943364,0.03544732
943365,0.028838512
943366,0.041724786
943367,0.040571555
943368,0.033561014
943369,0.025520943
943370,0.012703436
943371,0.02668377
943372,0.02983428
943373,0.027734539
943374,0.026235439
943375,0.03321488
943376,0.024111615
943377,0.025364792
943378,0.25541145
943379,0.16031244
943380,0.010497424
943381,0.022719344
943382,0.023619251
943383,0.025524164
943384,0.03946794
943385,0.025688842
943386,0.035802178
943387,0.028625429
943388,0.03901644
943389,0.15723017
943390,0.1542949
943391,0.12655607
943392,0.13394475
943393,0.1475272
943394,0.14323337
943395,0.22227168
943396,0.27471
943397,0.1804105
943398,0.23490493
943399,0.14942333
943400,0.2386011
943401,0.18714654
943402,0.39371422
943403,0.20425442
943404,0.13790059
943405,0.011283844
943406,0.05212676
943407,0.07118029
943408,0.040101774
943409,0.13655119
943410,0.027128818
943411,0.029774224
943412,0.03296934
943413,0.025792178
943414,0.02360384
943415,0.09996404
943416,0.032538287
943417,0.02846478
943418,0.099552296
943419,0.053384244
943420,0.046976842
943421,0.055192783
943422,0.07277015
943423,0.060422443
943424,0.06482591
943425,0.07164234
943426,0.07564252
943427,0.04424861
943428,0.26632443
943429,0.0596816
943430,0.054936722
943431,0.04179879
943432,0.018727407
943433,0.15734082
943434,0.16602434
943435,0.3327809
943436,0.32743543
943437,0.3058807
943438,0.1773532
943439,0.53208935
943440,0.29982573
943441,0.17747559
943442,0.20103256
943443,0.18201539
943444,0.18034102
943445,0.34402975
943446,0.17501676
943447,0.022485727
943448,0.09312467
943449,0.08511863
943450,0.17096429
943451,0.12515575
943452,0.090287164
943453,0.094062686
943454,0.12253248
943455,0.10761069
943456,0.09866799
943457,0.11362738
943458,0.06973028
943459,0.10327472
943460,0.10997751
943461,0.34333354
943462,0.27317324
943463,0.13538097
943464,0.1111391
943465,0.14458786
943466,0.07505047
943467,0.14076306
943468,0.018415507
943469,0.20941293
943470,0.010960197
943471,0.033382423
943472,0.076210976
943473,0.03653799
943474,0.1953107
943475,0.0996382
943476,0.06974711
943477,0.043004762
943478,0.08430615
943479,0.055804342
943480,0.07439853
943481,0.01269674
943482,0.08577963
943483,0.060997162
943484,0.029034767
943485,0.06667928
943486,0.05443436
943487,0.24272458
943488,0.18706541
943489,0.23690754
943490,0.0322418
943491,0.21678826
943492,0.27570495
943493,0.26073295
943494,0.21797746
943495,0.016620582
943496,0.032934766
943497,0.025625449
943498,0.028104618
943499,0.030186249
943500,0.02338408
943501,0.24297626
943502,0.102112636
943503,0.07619002
943504,0.013775612
943505,0.033188894
943506,0.02572693
943507,0.024019139
943508,0.054864354
943509,0.13403986
943510,0.16604388
943511,0.013196412
943512,0.07160193
943513,0.03758009
943514,0.029493513
943515,0.15377653
943516,0.15310574
943517,0.02379425
943518,0.44723463
943519,0.31849468
943520,0.30840883
943521,0.28906274
943522,0.28747854
943523,0.23333926
943524,0.35510698
943525,0.065936826
943526,0.018562242
943527,0.025387017
943528,0.025944171
943529,0.022503331
943530,0.042025156
943531,0.042273518
943532,0.027060155
943533,0.026386071
943534,0.019922564
943535,0.26351213
943536,0.13853669
943537,0.11595598
943538,0.33433303
943539,0.15642531
943540,0.099903524
943541,0.30644315
943542,0.20831776
943543,0.15341736
943544,0.023090865
943545,0.08787529
943546,0.1159064
943547,0.10072344
943548,0.06717335
943549,0.13507538
943550,0.1371425
943551,0.118173726
943552,0.3129582
943553,0.16078992
943554,0.29341912
943555,0.016183266
943556,0.06626849
943557,0.103493206
943558,0.10870344
943559,0.07706472
943560,0.10127928
943561,0.11251074
943562,0.10880016
943563,0.045160268
943564,0.1301864
943565,0.025236916
943566,0.11380136
943567,0.12384024
943568,0.12108525
943569,0.101283625
943570,0.11902753
943571,0.07599155
943572,0.11357397
943573,0.12469207
943574,0.08858288
943575,0.07918651
943576,0.079625584
943577,0.08389493
943578,0.012470195
943579,0.14145505
943580,0.13010988
943581,0.12484451
943582,0.16319144
943583,0.10733692
943584,0.011300816
943585,0.06593592
943586,0.07290127
943587,0.07329138
943588,0.08662833
943589,0.067016624
943590,0.052683465
943591,0.05030953
943592,0.046173103
943593,0.044105086
943594,0.013932291
943595,0.036764182
943596,0.037462015
943597,0.04643559
943598,0.17585187
943599,0.1521355
943600,0.19886439
943601,0.15196843
943602,0.079615235
943603,0.02905085
943604,0.04803316
943605,0.029280506
943606,0.0707234
943607,0.039211478
943608,0.028973544
943609,0.009540537
943610,0.031815086
943611,0.027742172
943612,0.039263967
943613,0.039289024
943614,0.058438707
943615,0.036843177
943616,0.03122542
943617,0.0131599065
943618,0.035284217
943619,0.022890065
943620,0.02943364
943621,0.019694326
943622,0.027496608
943623,0.025489654
943624,0.029462906
943625,0.010211623
943626,0.022930663
943627,0.02648506
943628,0.03633291
943629,0.027733415
943630,0.032276288
943631,0.029025933
943632,0.024980158
943633,0.05662858
943634,0.06222406
943635,0.062313978
943636,0.061928056
943637,0.04974406
943638,0.017007865
943639,0.02466254
943640,0.028539576
943641,0.033752516
943642,0.023904407
943643,0.032421347
943644,0.034287844
943645,0.023049116
943646,0.016004972
943647,0.045098174
943648,0.01750198
943649,0.03155707
943650,0.03393181
943651,0.026149109
943652,0.033009738
943653,0.034185395
943654,0.05116475
943655,0.04439992
943656,0.016092014
943657,0.064429075
943658,0.048787083
943659,0.06278235
943660,0.21839823
943661,0.39794523
943662,0.17606303
943663,0.41603538
943664,0.48977584
943665,0.14398259
943666,0.3329673
943667,0.25555497
943668,0.28164235
943669,0.1457095
943670,0.2509626
943671,0.018960219
943672,0.04790964
943673,0.040366743
943674,0.065024935
943675,0.045963354
943676,0.045154944
943677,0.048523594
943678,0.049469635
943679,0.019550333
943680,0.26150897
943681,0.4657748
943682,0.31291506
943683,0.2923127
943684,0.3410856
943685,0.3025591
943686,0.30725378
943687,0.3341652
943688,0.4174034
943689,0.22576934
943690,0.13673438
943691,0.10200523
943692,0.054673914
943693,0.05225109
943694,0.052440047
943695,0.057539947
943696,0.064020514
943697,0.061236106
943698,0.05948826
943699,0.05231304
943700,0.35623118
943701,0.26882863
943702,0.26267138
943703,0.21207084
943704,0.17825657
943705,0.0065623894
943706,0.028820323
943707,0.017512199
943708,0.04252293
943709,0.018636927
943710,0.024791367
943711,0.016405394
943712,0.015103934
943713,0.039050896
943714,0.028999032
943715,0.044389594
943716,0.32214642
943717,0.2506954
943718,0.33096215
943719,0.42724457
943720,0.29881263
943721,0.3348143
943722,0.46514472
943723,0.53604966
943724,0.36837432
943725,0.48181543
943726,0.30090922
943727,0.23500134
943728,0.023481976
943729,0.034456912
943730,0.017793128
943731,0.020459872
943732,0.033086095
943733,0.03192545
943734,0.030439366
943735,0.02664393
943736,0.022672152
943737,0.020547293
943738,0.019030174
943739,0.019803112
943740,0.40326497
943741,0.60156417
943742,0.6701173
943743,0.6179126
943744,0.7077618
943745,0.6780217
943746,0.7917831
943747,0.6591376
943748,0.57102114
943749,0.48243108
943750,0.4064431
943751,0.12665032
943752,0.1324952
943753,0.13257472
943754,0.16068728
943755,0.12225637
943756,0.013179824
943757,0.049838305
943758,0.03741128
943759,0.046109997
943760,0.045192182
943761,0.29239413
943762,0.34740528
943763,0.35542473
943764,0.3761677
943765,0.37502894
943766,0.37693185
943767,0.5129867
943768,0.47830692
943769,0.38564786
943770,0.3746291
943771,0.41776568
943772,0.4043094
943773,0.47432396
943774,0.36428565
943775,0.20728709
943776,0.007881071
943777,0.02108581
943778,0.024735494
943779,0.01866609
943780,0.02185586
943781,0.021228237
943782,0.036793042
943783,0.016443795
943784,0.03306453
943785,0.046866138
943786,0.3242284
943787,0.030848527
943788,0.079930395
943789,0.08238501
943790,0.251883
943791,0.10742111
943792,0.0656389
943793,0.078820154
943794,0.07504839
943795,0.0051995027
943796,0.013222455
943797,0.033758983
943798,0.012509181
943799,0.013333263
943800,0.01833515
943801,0.012479564
943802,0.29851964
943803,0.6617022
943804,0.13514972
943805,0.55866027
943806,0.37263027
943807,0.1683152
943808,0.3204613
943809,0.11027841
943810,0.20679435
943811,0.17968349
943812,0.042893402
943813,0.038694676
943814,0.045024678
943815,0.03719446
943816,0.02035481
943817,0.22441198
943818,0.1452984
943819,0.2584467
943820,0.28485084
943821,0.43211034
943822,0.3341418
943823,0.42874235
943824,0.42145398
943825,0.30508512
943826,0.4012447
943827,0.3119426
943828,0.42422345
943829,0.4115028
943830,0.35214868
943831,0.31752425
943832,0.012974952
943833,0.02492162
943834,0.13228156
943835,0.0448616
943836,0.02698423
943837,0.023567446
943838,0.017254578
943839,0.02430202
943840,0.1313006
943841,0.017944407
943842,0.0169571
943843,0.06606721
943844,0.01718058
943845,0.11321008
943846,0.034165397
943847,0.023490556
943848,0.04175577
943849,0.027017787
943850,0.019614575
943851,0.139576
943852,0.15514852
943853,0.40718374
943854,0.49592152
943855,0.6533777
943856,0.6612718
943857,0.7104042
943858,0.72185737
943859,0.6943551
943860,0.66583145
943861,0.648272
943862,0.71145934
943863,0.7062328
943864,0.69059116
943865,0.6188764
943866,0.51648057
943867,0.53598905
943868,0.68389577
943869,0.63491935
943870,0.65396714
943871,0.6660835
943872,0.5811536
943873,0.32131335
943874,0.009324934
943875,0.016174173
943876,0.01128901
943877,0.011740987
943878,0.02925935
943879,0.023728902
943880,0.04465345
943881,0.01452419
943882,0.02902689
943883,0.22724724
943884,0.011954016
943885,0.038717363
943886,0.045606475
943887,0.025987908
943888,0.032420553
943889,0.10316279
943890,0.023594819
943891,0.0065895845
943892,0.013486616
943893,0.01439693
943894,0.014599754
943895,0.013470524
943896,0.012634332
943897,0.012393359
943898,0.041182194
943899,0.026823176
943900,0.01948103
943901,0.020980626
943902,0.08260197
943903,0.0123528205
943904,0.012344708
943905,0.017982
943906,0.017317459
943907,0.026050685
943908,0.020131921
943909,0.02299068
943910,0.019188164
943911,0.011846576
943912,0.22274247
943913,0.015937675
943914,0.02780433
943915,0.040742237
943916,0.03833339
943917,0.069847405
943918,0.0530893
943919,0.08992117
943920,0.045038722
943921,0.054565396
943922,0.06487406
943923,0.2787277
943924,0.2370199
943925,0.3163906
943926,0.19001535
943927,0.27625215
943928,0.21239579
943929,0.010042362
943930,0.020287495
943931,0.04287275
943932,0.03496675
943933,0.015463799
943934,0.016980238
943935,0.021072546
943936,0.024987366
943937,0.06573095
943938,0.0209464
943939,0.010446481
943940,0.044982806
943941,0.0831359
943942,0.06779507
943943,0.07418669
943944,0.054519445
943945,0.058831714
943946,0.08581544
943947,0.07221873
943948,0.02804771
943949,0.06803729
943950,0.07537501
943951,0.0664082
943952,0.06687638
943953,0.066161774
943954,0.06484254
943955,0.060079705
943956,0.052332573
943957,0.009686075
943958,0.025390053
943959,0.02084253
943960,0.025640272
943961,0.033824544
943962,0.029486844
943963,0.014795782
943964,0.18937238
943965,0.11157495
943966,0.112137765
943967,0.18013686
943968,0.3195972
943969,0.3195972
943970,0.20775108
943971,0.31769556
943972,0.18563645
943973,0.039985426
943974,0.16416259
943975,0.3400198
943976,0.5160888
943977,0.57852507
943978,0.65654457
943979,0.63476104
943980,0.5494351
943981,0.651066
943982,0.63183254
943983,0.45518145
943984,0.34427294
943985,0.46602187
943986,0.34253097
943987,0.32921335
943988,0.0640198
943989,0.15083368
943990,0.08699631
943991,0.1500518
943992,0.06150293
943993,0.06342326
943994,0.09541974
943995,0.12818472
943996,0.29818934
943997,0.26887336
943998,0.2693483
943999,0.25648066
944000,0.2589105
944001,0.25730553
944002,0.25689903
944003,0.3440567
944004,0.15882613
944005,0.0849695
944006,0.07692538
944007,0.012932593
944008,0.12491884
944009,0.14518574
944010,0.17508556
944011,0.16339165
944012,0.21400449
944013,0.21244714
944014,0.16484329
944015,0.055226352
944016,0.14409533
944017,0.19543007
944018,0.039725132
944019,0.018053856
944020,0.098804176
944021,0.021570992
944022,0.039191265
944023,0.042012
944024,0.046788555
944025,0.05550717
944026,0.04859962
944027,0.03726084
944028,0.015602201
944029,0.06655806
944030,0.023122672
944031,0.034351397
944032,0.016540233
944033,0.04041875
944034,0.055083603
944035,0.038394187
944036,0.060177155
944037,0.031855773
944038,0.012933512
944039,0.07900971
944040,0.07866214
944041,0.077266045
944042,0.08328786
944043,0.00965261
944044,0.015966073
944045,0.015108283
944046,0.032547444
944047,0.017639356
944048,0.019564398
944049,0.021762962
944050,0.02071634
944051,0.022977911
944052,0.01426769
944053,0.033069354
944054,0.046334382
944055,0.03324091
944056,0.048286326
944057,0.033013094
944058,0.035481863
944059,0.043116074
944060,0.037113696
944061,0.0330568
944062,0.038776033
944063,0.048445057
944064,0.20537585
944065,0.13026899
944066,0.08875055
944067,0.14411116
944068,0.14925718
944069,0.14856319
944070,0.14261933
944071,0.23572193
944072,0.10506845
944073,0.3505188
944074,0.34002665
944075,0.34372455
944076,0.35150072
944077,0.34291995
944078,0.3225924
944079,0.26821405
944080,0.31410015
944081,0.33571196
944082,0.26652524
944083,0.16160597
944084,0.022300825
944085,0.07874525
944086,0.22358395
944087,0.23020992
944088,0.0842816
944089,0.09821274
944090,0.34552875
944091,0.31530952
944092,0.18473276
944093,0.30137885
944094,0.36574572
944095,0.39245445
944096,0.42568758
944097,0.36466652
944098,0.3378524
944099,0.45746416
944100,0.4951451
944101,0.41232765
944102,0.3386544
944103,0.27619085
944104,0.16425265
944105,0.1926913
944106,0.20619234
944107,0.19139941
944108,0.14973944
944109,0.06195033
944110,0.21643275
944111,0.17211597
944112,0.20260525
944113,0.4181462
944114,0.29983687
944115,0.40567082
944116,0.2980409
944117,0.4055556
944118,0.16073038
944119,0.37969047
944120,0.15060651
944121,0.055751946
944122,0.09860815
944123,0.114056684
944124,0.02621415
944125,0.10047746
944126,0.17377234
944127,0.016919639
944128,0.026809916
944129,0.06529036
944130,0.023937162
944131,0.039312515
944132,0.033159554
944133,0.012380717
944134,0.33910522
944135,0.15129873
944136,0.056928094
944137,0.035470918
944138,0.056399457
944139,0.09003321
944140,0.05507967
944141,0.07814409
944142,0.34186858
944143,0.3990688
944144,0.15016118
944145,0.29269
944146,0.17253244
944147,0.202772
944148,0.012440388
944149,0.10526839
944150,0.042485975
944151,0.027640296
944152,0.026229437
944153,0.023802932
944154,0.0095983995
944155,0.023882516
944156,0.034843866
944157,0.033805218
944158,0.0293497
944159,0.03977543
944160,0.026569536
944161,0.02733654
944162,0.012865486
944163,0.13527222
944164,0.073421165
944165,0.14103281
944166,0.022357192
944167,0.043538712
944168,0.0870052
944169,0.16045713
944170,0.043294266
944171,0.1022648
944172,0.26332214
944173,0.23164178
944174,0.115414746
944175,0.10889014
944176,0.12943412
944177,0.34562558
944178,0.23316373
944179,0.2205272
944180,0.13068412
944181,0.22405396
944182,0.19696619
944183,0.20206134
944184,0.22659187
944185,0.16931051
944186,0.02497967
944187,0.062008563
944188,0.09094149
944189,0.047235064
944190,0.054462627
944191,0.06477713
944192,0.062916115
944193,0.05567
944194,0.04782331
944195,0.5217097
944196,0.6488453
944197,0.5643179
944198,0.6226774
944199,0.5730078
944200,0.66199034
944201,0.56795555
944202,0.5266449
944203,0.57464194
944204,0.5433696
944205,0.55834407
944206,0.57735944
944207,0.27141708
944208,0.018520456
944209,0.044423286
944210,0.03942074
944211,0.048004977
944212,0.047926255
944213,0.041137688
944214,0.051661875
944215,0.037461616
944216,0.10115697
944217,0.22735088
944218,0.11763767
944219,0.15146199
944220,0.43026277
944221,0.145437
944222,0.11163469
944223,0.016905036
944224,0.06838181
944225,0.25598845
944226,0.0754006
944227,0.07692396
944228,0.08641098
944229,0.104936935
944230,0.30073524
944231,0.40849856
944232,0.3742442
944233,0.3083653
944234,0.30107096
944235,0.22192447
944236,0.06372069
944237,0.29003048
944238,0.031085571
944239,0.66571075
944240,0.35482648
944241,0.60551226
944242,0.37462223
944243,0.25178662
944244,0.6916315
944245,0.5645294
944246,0.73077494
944247,0.28360054
944248,0.28365007
944249,0.13709997
944250,0.122594096
944251,0.22290237
944252,0.24457838
944253,0.26299465
944254,0.26297817
944255,0.29905677
944256,0.20680097
944257,0.12608114
944258,0.11280598
944259,0.05643491
944260,0.032617822
944261,0.037572667
944262,0.04266301
944263,0.049614422
944264,0.06342736
944265,0.043103028
944266,0.0137887355
944267,0.028209046
944268,0.027514592
944269,0.027511582
944270,0.028245104
944271,0.04997011
944272,0.05926612
944273,0.024584142
944274,0.0114008
944275,0.031790406
944276,0.020875476
944277,0.049631808
944278,0.087253936
944279,0.03756492
944280,0.047119733
944281,0.050881166
944282,0.171469
944283,0.012289078
944284,0.05229165
944285,0.06254477
944286,0.07572045
944287,0.038668677
944288,0.049260266
944289,0.04903368
944290,0.078529544
944291,0.07941339
944292,0.19071922
944293,0.015041732
944294,0.033302374
944295,0.046138257
944296,0.037209522
944297,0.029022658
944298,0.057893246
944299,0.35982305
944300,0.4356053
944301,0.06952362
944302,0.061486296
944303,0.053233065
944304,0.055786043
944305,0.047153253
944306,0.09852417
944307,0.061349023
944308,0.016327241
944309,0.04277083
944310,0.24149358
944311,0.5994475
944312,0.33420306
944313,0.5236051
944314,0.5259097
944315,0.34602422
944316,0.5432089
944317,0.5182725
944318,0.5001012
944319,0.27307782
944320,0.21168321
944321,0.11580448
944322,0.13092254
944323,0.023663474
944324,0.38196367
944325,0.51450366
944326,0.44142187
944327,0.62127334
944328,0.686205
944329,0.5732112
944330,0.6393911
944331,0.61535466
944332,0.6036613
944333,0.5708769
944334,0.3597038
944335,0.40704927
944336,0.2133207
944337,0.06057592
944338,0.04450921
944339,0.04086758
944340,0.027481956
944341,0.025150662
944342,0.025863118
944343,0.029366434
944344,0.38899836
944345,0.16925067
944346,0.09115887
944347,0.0126432525
944348,0.021443903
944349,0.028937152
944350,0.022322064
944351,0.0333121
944352,0.02967774
944353,0.034802996
944354,0.04765025
944355,0.027903
944356,0.15273067
944357,0.16271162
944358,0.274327
944359,0.017264292
944360,0.09717384
944361,0.108222865
944362,0.103465475
944363,0.1298916
944364,0.11570226
944365,0.11199686
944366,0.22140215
944367,0.106005415
944368,0.16437532
944369,0.0167576
944370,0.037817623
944371,0.03705605
944372,0.038443483
944373,0.033245187
944374,0.038313795
944375,0.03838072
944376,0.041903064
944377,0.033211075
944378,0.119643696
944379,0.19339634
944380,0.14628765
944381,0.1167677
944382,0.26180923
944383,0.23310703
944384,0.2717228
944385,0.19906351
944386,0.16322477
944387,0.09364499
944388,0.102589734
944389,0.1499439
944390,0.11676559
944391,0.043495215
944392,0.32170376
944393,0.68153065
944394,0.54782844
944395,0.5264553
944396,0.44108465
944397,0.78129405
944398,0.49482197
944399,0.452763
944400,0.5789345
944401,0.24855977
944402,0.466957
944403,0.576232
944404,0.54484636
944405,0.25258043
944406,0.53192735
944407,0.5418326
944408,0.01572639
944409,0.19232918
944410,0.36126396
944411,0.36398834
944412,0.48933503
944413,0.2638639
944414,0.31588864
944415,0.396644
944416,0.43675926
944417,0.36757815
944418,0.451025
944419,0.58131576
944420,0.40780526
944421,0.50729144
944422,0.1301033
944423,0.19349945
944424,0.025222
944425,0.041396078
944426,0.043848924
944427,0.037846975
944428,0.055514712
944429,0.040461883
944430,0.053094562
944431,0.28463548
944432,0.5322619
944433,0.71976846
944434,0.7714389
944435,0.7343224
944436,0.6697083
944437,0.55294573
944438,0.62453115
944439,0.5553918
944440,0.68317705
944441,0.54170424
944442,0.7297427
944443,0.6046767
944444,0.63266057
944445,0.3588523
944446,0.5569435
944447,0.6085659
944448,0.38738742
944449,0.7254027
944450,0.6928642
944451,0.6595135
944452,0.41741854
944453,0.014314346
944454,0.15054378
944455,0.055935808
944456,0.0711457
944457,0.046873923
944458,0.05395316
944459,0.08102751
944460,0.013081338
944461,0.03476411
944462,0.05059848
944463,0.034703624
944464,0.033117622
944465,0.033342324
944466,0.038337186
944467,0.024972035
944468,0.13584118
944469,0.19171984
944470,0.11346351
944471,0.3057349
944472,0.22871679
944473,0.1954543
944474,0.13726234
944475,0.013572091
944476,0.02570614
944477,0.044779513
944478,0.036686026
944479,0.025668353
944480,0.026011206
944481,0.045826808
944482,0.014249386
944483,0.082761064
944484,0.070297256
944485,0.06603931
944486,0.074024685
944487,0.07943173
944488,0.08918854
944489,0.7611124
944490,0.39060226
944491,0.8010712
944492,0.7874432
944493,0.49530762
944494,0.78616095
944495,0.8283099
944496,0.8309771
944497,0.8013252
944498,0.67845625
944499,0.8305198
944500,0.7040551
944501,0.5686356
944502,0.7911004
944503,0.47442612
944504,0.46430194
944505,0.84045196
944506,0.770781
944507,0.8295418
944508,0.76120394
944509,0.7821387
944510,0.85757023
944511,0.89754117
944512,0.6876803
944513,0.65732443
944514,0.61717916
944515,0.6773464
944516,0.43021256
944517,0.032005787
944518,0.10992999
944519,0.20345935
944520,0.0677459
944521,0.0399099
944522,0.009488146
944523,0.04539545
944524,0.029030742
944525,0.019099351
944526,0.02891245
944527,0.26522967
944528,0.29675105
944529,0.051263444
944530,0.4034329
944531,0.39229888
944532,0.3773182
944533,0.5213849
944534,0.44078445
944535,0.42541462
944536,0.45582968
944537,0.40340576
944538,0.07085543
944539,0.059657242
944540,0.060212422
944541,0.06301146
944542,0.035332017
944543,0.044774264
944544,0.1483594
944545,0.045105442
944546,0.09761209
944547,0.16332686
944548,0.13249767
944549,0.05972659
944550,0.07273972
944551,0.13356486
944552,0.17961735
944553,0.11407021
944554,0.14659956
944555,0.1887195
944556,0.22677651
944557,0.14971375
944558,0.24361767
944559,0.025888912
944560,0.05489283
944561,0.05410271
944562,0.059879422
944563,0.2998277
944564,0.372029
944565,0.20808046
944566,0.10379349
944567,0.10537288
944568,0.02052102
944569,0.07709841
944570,0.07647866
944571,0.21123253
944572,0.15548466
944573,0.22055249
944574,0.1150846
944575,0.25545967
944576,0.2919595
944577,0.34943593
944578,0.37816066
944579,0.19156739
944580,0.1798139
944581,0.1542201
944582,0.14267433
944583,0.12053196
944584,0.12168478
944585,0.09953039
944586,0.109927215
944587,0.13231142
944588,0.28224352
944589,0.18872373
944590,0.14187776
944591,0.08473744
944592,0.09932933
944593,0.15692776
944594,0.14715102
944595,0.1378151
944596,0.0865878
944597,0.11034723
944598,0.08423826
944599,0.26125184
944600,0.14656499
944601,0.010408432
944602,0.14658052
944603,0.07090741
944604,0.0745008
944605,0.12114193
944606,0.041769903
944607,0.0466124
944608,0.04358512
944609,0.040750127
944610,0.028548807
944611,0.01823316
944612,0.13951571
944613,0.15879661
944614,0.11194615
944615,0.14474277
944616,0.12160223
944617,0.20329651
944618,0.22692566
944619,0.19886526
944620,0.10562616
944621,0.14506505
944622,0.32150483
944623,0.34092134
944624,0.3340993
944625,0.31919292
944626,0.32571965
944627,0.23051515
944628,0.25639987
944629,0.24948302
944630,0.19422022
944631,0.2364502
944632,0.19183728
944633,0.18255293
944634,0.22209474
944635,0.16805159
944636,0.60486233
944637,0.55967665
944638,0.6377615
944639,0.5611304
944640,0.63039243
944641,0.6206205
944642,0.6299157
944643,0.60188437
944644,0.51729536
944645,0.5205194
944646,0.48858434
944647,0.54894674
944648,0.4788985
944649,0.2859572
944650,0.5909025
944651,0.09860759
944652,0.041373532
944653,0.06595593
944654,0.055794563
944655,0.062226832
944656,0.044635758
944657,0.05169875
944658,0.1258789
944659,0.2984704
944660,0.10118048
944661,0.16575804
944662,0.34045702
944663,0.08909514
944664,0.054270577
944665,0.36399966
944666,0.7339083
944667,0.041130334
944668,0.084539145
944669,0.11869824
944670,0.10998736
944671,0.18211891
944672,0.06411109
944673,0.018144116
944674,0.376804
944675,0.10765671
944676,0.054426316
944677,0.1024816
944678,0.26324403
944679,0.20582753
944680,0.2027796
944681,0.013878723
944682,0.052145462
944683,0.02091314
944684,0.03532871
944685,0.02578896
944686,0.04061977
944687,0.033125456
944688,0.01701276
944689,0.019558111
944690,0.025892088
944691,0.08428801
944692,0.22452019
944693,0.2238951
944694,0.050171264
944695,0.13954282
944696,0.057857156
944697,0.061695587
944698,0.06973924
944699,0.059455838
944700,0.043179188
944701,0.053990774
944702,0.045816414
944703,0.04561972
944704,0.0381954
944705,0.027045548
944706,0.010976704
944707,0.014111828
944708,0.014926339
944709,0.010672057
944710,0.007784645
944711,0.21177071
944712,0.39699492
944713,0.29485527
944714,0.5049813
944715,0.26448172
944716,0.012517842
944717,0.029320085
944718,0.02942326
944719,0.027655436
944720,0.04099077
944721,0.029562408
944722,0.030590624
944723,0.02758378
944724,0.029215433
944725,0.022927843
944726,0.013511522
944727,0.014710758
944728,0.01491336
944729,0.01375445
944730,0.015411313
944731,0.015051386
944732,0.07698424
944733,0.08092645
944734,0.08125481
944735,0.08498091
944736,0.08124715
944737,0.08053814
944738,0.07316354
944739,0.14826328
944740,0.029666558
944741,0.029054282
944742,0.022246039
944743,0.03268244
944744,0.028071744
944745,0.12118007
944746,0.015177726
944747,0.018477714
944748,0.03158485
944749,0.019683791
944750,0.018862158
944751,0.012721241
944752,0.2848493
944753,0.31702453
944754,0.15176342
944755,0.21446289
944756,0.17447649
944757,0.15096192
944758,0.089634806
944759,0.07805749
944760,0.08631643
944761,0.07271433
944762,0.067594744
944763,0.04654643
944764,0.050207883
944765,0.021240784
944766,0.028071387
944767,0.021478893
944768,0.02500264
944769,0.011408826
944770,0.01445275
944771,0.08415908
944772,0.036602266
944773,0.05484899
944774,0.0126443
944775,0.016237667
944776,0.010546781
944777,0.012972927
944778,0.008790457
944779,0.012817376
944780,0.015319986
944781,0.048610616
944782,0.010942306
944783,0.004841128
944784,0.008791146
944785,0.01146825
944786,0.012262413
944787,0.010762598
944788,0.010434485
944789,0.011875374
944790,0.41746843
944791,0.44148454
944792,0.25644243
944793,0.24576828
944794,0.18262373
944795,0.008877001
944796,0.053174753
944797,0.26760504
944798,0.13226674
944799,0.082450405
944800,0.121774144
944801,0.06451575
944802,0.24358428
944803,0.20865805
944804,0.25738156
944805,0.19284925
944806,0.36461484
944807,0.6195423
944808,0.5321324
944809,0.7032144
944810,0.685118
944811,0.74058723
944812,0.70843375
944813,0.6373363
944814,0.6869733
944815,0.44496575
944816,0.5498632
944817,0.557228
944818,0.5223142
944819,0.64161414
944820,0.53772193
944821,0.26251
944822,0.22134191
944823,0.44861874
944824,0.5040508
944825,0.02302994
944826,0.31425667
944827,0.3088994
944828,0.37725508
944829,0.4650488
944830,0.37293145
944831,0.2656715
944832,0.44189447
944833,0.3325118
944834,0.45859295
944835,0.38139617
944836,0.27047667
944837,0.45851505
944838,0.29720765
944839,0.023273656
944840,0.05496245
944841,0.022755815
944842,0.050324593
944843,0.27821362
944844,0.34632596
944845,0.8407855
944846,0.78686893
944847,0.7874937
944848,0.7736358
944849,0.5264653
944850,0.48056743
944851,0.80296504
944852,0.755224
944853,0.17175099
944854,0.02318102
944855,0.07151641
944856,0.081000224
944857,0.08104056
944858,0.02796734
944859,0.3783119
944860,0.44078502
944861,0.49646744
944862,0.5060869
944863,0.50054497
944864,0.37506294
944865,0.38793617
944866,0.41022736
944867,0.4271603
944868,0.45261413
944869,0.26586926
944870,0.2919763
944871,0.24085727
944872,0.22336927
944873,0.1678826
944874,0.310003
944875,0.2628367
944876,0.3065823
944877,0.21683323
944878,0.42509893
944879,0.42690417
944880,0.41764098
944881,0.68693024
944882,0.6871938
944883,0.7121649
944884,0.5169106
944885,0.713097
944886,0.69117624
944887,0.7346819
944888,0.6665906
944889,0.50660396
944890,0.41455784
944891,0.018477691
944892,0.07152773
944893,0.045135643
944894,0.036636215
944895,0.058187295
944896,0.04375061
944897,0.05830201
944898,0.054056183
944899,0.032006893
944900,0.009947707
944901,0.024120284
944902,0.11969462
944903,0.031253606
944904,0.058549087
944905,0.03281847
944906,0.0319018
944907,0.14163275
944908,0.055868935
944909,0.09410454
944910,0.15652414
944911,0.28688568
944912,0.38189396
944913,0.00849431
944914,0.028198633
944915,0.06946334
944916,0.076101825
944917,0.028036807
944918,0.03792346
944919,0.03226195
944920,0.028044397
944921,0.0322641
944922,0.011404681
944923,0.034243613
944924,0.0521603
944925,0.011605946
944926,0.036357097
944927,0.039486997
944928,0.04514362
944929,0.04600854
944930,0.049133874
944931,0.021633593
944932,0.32587332
944933,0.34078476
944934,0.31623027
944935,0.3160976
944936,0.5486403
944937,0.44866025
944938,0.6037812
944939,0.5949314
944940,0.3436833
944941,0.5100957
944942,0.5696764
944943,0.5017678
944944,0.49915606
944945,0.20580351
944946,0.06739527
944947,0.13268577
944948,0.100306295
944949,0.27055123
944950,0.33876985
944951,0.29175004
944952,0.3587579
944953,0.3307962
944954,0.3343584
944955,0.25559697
944956,0.27022925
944957,0.25924277
944958,0.20705582
944959,0.39819223
944960,0.49995464
944961,0.58135116
944962,0.6095815
944963,0.45906246
944964,0.5657991
944965,0.51405203
944966,0.60745555
944967,0.5562705
944968,0.58272195
944969,0.5934442
944970,0.57920897
944971,0.57162505
944972,0.57290334
944973,0.32696915
944974,0.0329678
944975,0.24426636
944976,0.3561692
944977,0.3863156
944978,0.27274394
944979,0.30168763
944980,0.34708408
944981,0.44455618
944982,0.6158086
944983,0.29499406
944984,0.4873121
944985,0.28514963
944986,0.22293948
944987,0.14412577
944988,0.22279827
944989,0.07790642
944990,0.079433456
944991,0.010581541
944992,0.029546151
944993,0.03266975
944994,0.027778214
944995,0.02774266
944996,0.026788289
944997,0.31603292
944998,0.1552217
944999,0.072057284
945000,0.008768472
945001,0.043303717
945002,0.028253824
945003,0.02518014
945004,0.03288062
945005,0.04304104
945006,0.06308146
945007,0.10768567
945008,0.26709622
945009,0.18914536
945010,0.25822473
945011,0.21489023
945012,0.01471362
945013,0.040114127
945014,0.033743132
945015,0.035256524
945016,0.056274902
945017,0.038469702
945018,0.023404371
945019,0.15032855
945020,0.012248242
945021,0.057836253
945022,0.061091688
945023,0.071946055
945024,0.08977118
945025,0.13148876
945026,0.107429296
945027,0.101747714
945028,0.120164916
945029,0.073669076
945030,0.17632516
945031,0.51678586
945032,0.5385022
945033,0.5673447
945034,0.6077605
945035,0.54228294
945036,0.6810839
945037,0.65182436
945038,0.35264686
945039,0.5643892
945040,0.39516327
945041,0.6203535
945042,0.59239626
945043,0.59244895
945044,0.42353907
945045,0.048267286
945046,0.08195532
945047,0.081331655
945048,0.13417095
945049,0.17185962
945050,0.123475015
945051,0.17108946
945052,0.2409093
945053,0.2478184
945054,0.052658953
945055,0.30714372
945056,0.10609476
945057,0.107878976
945058,0.12388567
945059,0.1275716
945060,0.11644246
945061,0.13302107
945062,0.091784485
945063,0.01989765
945064,0.10995389
945065,0.10500659
945066,0.09082548
945067,0.25909582
945068,0.8083983
945069,0.3954289
945070,0.22820573
945071,0.066885956
945072,0.5051593
945073,0.4870277
945074,0.5906416
945075,0.7009958
945076,0.74436235
945077,0.6446654
945078,0.67692953
945079,0.6784117
945080,0.74862874
945081,0.65487057
945082,0.69473726
945083,0.6912998
945084,0.644624
945085,0.6323199
945086,0.6546544
945087,0.73423624
945088,0.7053962
945089,0.63379806
945090,0.7104164
945091,0.6764739
945092,0.710039
945093,0.6898655
945094,0.7108071
945095,0.73489535
945096,0.37887976
945097,0.21779162
945098,0.24724358
945099,0.27648407
945100,0.236542
945101,0.045220975
945102,0.1141911
945103,0.13581179
945104,0.059527557
945105,0.29678455
945106,0.44711837
945107,0.4367076
945108,0.14451805
945109,0.12154232
945110,0.11371548
945111,0.057164732
945112,0.03073117
945113,0.10375617
945114,0.0360374
945115,0.16100168
945116,0.15566477
945117,0.16776021
945118,0.12839027
945119,0.13497962
945120,0.19888021
945121,0.1572318
945122,0.13104078
945123,0.15452535
945124,0.16475599
945125,0.12407577
945126,0.012974257
945127,0.16249697
945128,0.15374972
945129,0.1697669
945130,0.17495763
945131,0.08218464
945132,0.21690527
945133,0.06693076
945134,0.061906118
945135,0.010501833
945136,0.025751874
945137,0.026186153
945138,0.023990886
945139,0.022629758
945140,0.06356738
945141,0.020465534
945142,0.029853813
945143,0.12500805
945144,0.33391073
945145,0.16290952
945146,0.17258838
945147,0.48125094
945148,0.38662037
945149,0.13683271
945150,0.10383103
945151,0.026608864
945152,0.09331825
945153,0.091256015
945154,0.12841448
945155,0.10603856
945156,0.10930285
945157,0.1073902
945158,0.08242433
945159,0.1355448
945160,0.35719812
945161,0.33769357
945162,0.38297772
945163,0.32822144
945164,0.4641855
945165,0.26660818
945166,0.16624057
945167,0.13512333
945168,0.32995927
945169,0.45468336
945170,0.52852786
945171,0.5684907
945172,0.61959916
945173,0.5656356
945174,0.56550497
945175,0.66511023
945176,0.56050515
945177,0.6082209
945178,0.5738111
945179,0.66984046
945180,0.65537107
945181,0.6292426
945182,0.61109805
945183,0.6087681
945184,0.6056346
945185,0.75655967
945186,0.7389442
945187,0.7228207
945188,0.6113161
945189,0.24279939
945190,0.34083644
945191,0.14150336
945192,0.044173133
945193,0.24722193
945194,0.1646069
945195,0.13024774
945196,0.12352536
945197,0.41833478
945198,0.23597215
945199,0.39693978
945200,0.36253712
945201,0.21313864
945202,0.17214097
945203,0.24613856
945204,0.522216
945205,0.5951654
945206,0.6970655
945207,0.7490278
945208,0.7964072
945209,0.81136084
945210,0.8173243
945211,0.8683535
945212,0.8547277
945213,0.8611655
945214,0.8552142
945215,0.85313755
945216,0.8508971
945217,0.8455372
945218,0.84786254
945219,0.84689695
945220,0.85052645
945221,0.8476277
945222,0.84814537
945223,0.8457015
945224,0.84539026
945225,0.8491112
945226,0.90930945
945227,0.9042662
945228,0.8647898
945229,0.86446095
945230,0.8956878
945231,0.8429973
945232,0.8424887
945233,0.83903676
945234,0.89012045
945235,0.8401197
945236,0.81022197
945237,0.8068103
945238,0.8457821
945239,0.757108
945240,0.7550564
945241,0.80981326
945242,0.70348006
945243,0.6646039
945244,0.03782941
945245,0.09167656
945246,0.32643044
945247,0.19171274
945248,0.5443097
945249,0.5636845
945250,0.649294
945251,0.6759721
945252,0.6831348
945253,0.7069408
945254,0.70353204
945255,0.77472776
945256,0.6651852
945257,0.8190072
945258,0.73724514
945259,0.72736555
945260,0.7182949
945261,0.7917414
945262,0.72097486
945263,0.8024843
945264,0.78058845
945265,0.7301036
945266,0.7044628
945267,0.6949599
945268,0.7656667
945269,0.7145859
945270,0.65660447
945271,0.62710047
945272,0.7811759
945273,0.7788541
945274,0.70271486
945275,0.40631476
945276,0.3153593
945277,0.122489385
945278,0.12862687
945279,0.6028971
945280,0.3930145
945281,0.4536478
945282,0.7403177
945283,0.72803557
945284,0.7268543
945285,0.6529268
945286,0.6648674
945287,0.6998968
945288,0.7053796
945289,0.6942077
945290,0.63622797
945291,0.7114975
945292,0.4409424
945293,0.021959623
945294,0.08267653
945295,0.077791855
945296,0.084527485
945297,0.09499405
945298,0.1019329
945299,0.06819881
945300,0.20938258
945301,0.30698696
945302,0.3533606
945303,0.23182413
945304,0.17715022
945305,0.05745012
945306,0.08465947
945307,0.22102487
945308,0.13542561
945309,0.1494422
945310,0.093158424
945311,0.021730997
945312,0.21887505
945313,0.16583069
945314,0.11123968
945315,0.09907858
945316,0.32106948
945317,0.29784942
945318,0.42528185
945319,0.36578143
945320,0.41246697
945321,0.34017515
945322,0.14867105
945323,0.12189733
945324,0.21200182
945325,0.099233255
945326,0.0976827
945327,0.122978754
945328,0.051163096
945329,0.015439362
945330,0.036578655
945331,0.048201166
945332,0.044055395
945333,0.03668082
945334,0.15978637
945335,0.14460197
945336,0.03572357
945337,0.01914945
945338,0.061323877
945339,0.051555183
945340,0.049934622
945341,0.035983827
945342,0.014705092
945343,0.37899834
945344,0.14934257
945345,0.28054413
945346,0.119556256
945347,0.37097853
945348,0.54148805
945349,0.538557
945350,0.63882333
945351,0.5848657
945352,0.15157175
945353,0.28684446
945354,0.028323041
945355,0.06283276
945356,0.065138444
945357,0.057446398
945358,0.011969627
945359,0.06288367
945360,0.05542365
945361,0.061655227
945362,0.17751417
945363,0.6886744
945364,0.39623743
945365,0.7120482
945366,0.7181781
945367,0.39840528
945368,0.1381539
945369,0.10832231
945370,0.14566414
945371,0.14128123
945372,0.42600766
945373,0.11503283
945374,0.088472545
945375,0.03812633
945376,0.05745865
945377,0.0835435
945378,0.16344443
945379,0.10117695
945380,0.07681287
945381,0.10152153
945382,0.098739974
945383,0.05969089
945384,0.4149988
945385,0.41319072
945386,0.3568578
945387,0.3252854
945388,0.38832894
945389,0.20770371
945390,0.050481588
945391,0.2301411
945392,0.056206513
945393,0.060399964
945394,0.05671968
945395,0.02038864
945396,0.09197956
945397,0.09549578
945398,0.06612486
945399,0.25846928
945400,0.049259227
945401,0.055112105
945402,0.34072024
945403,0.07518098
945404,0.079715714
945405,0.3571061
945406,0.015056256
945407,0.04213287
945408,0.039245058
945409,0.038053337
945410,0.05367884
945411,0.030030603
945412,0.03325124
945413,0.025648145
945414,0.07481403
945415,0.09508171
945416,0.054666508
945417,0.22713242
945418,0.36925426
945419,0.22285391
945420,0.21889687
945421,0.020658277
945422,0.0933892
945423,0.08358439
945424,0.15799965
945425,0.07164575
945426,0.13183579
945427,0.091438524
945428,0.09162535
945429,0.104978524
945430,0.08725341
945431,0.10745607
945432,0.067418456
945433,0.06463152
945434,0.04798208
945435,0.057261325
945436,0.02332127
945437,0.38687855
945438,0.05997026
945439,0.080440864
945440,0.076979674
945441,0.07452916
945442,0.11128369
945443,0.08183933
945444,0.09184689
945445,0.09568905
945446,0.14141317
945447,0.08861366
945448,0.08498521
945449,0.034263395
945450,0.026220825
945451,0.03326234
945452,0.017735718
945453,0.033109028
945454,0.0709453
945455,0.0333271
945456,0.03710969
945457,0.06289016
945458,0.12967357
945459,0.00842122
945460,0.038424432
945461,0.02936006
945462,0.023792414
945463,0.20652111
945464,0.121099405
945465,0.050389316
945466,0.54842645
945467,0.01015965
945468,0.026872149
945469,0.022277199
945470,0.028067894
945471,0.02994122
945472,0.025472723
945473,0.016679117
945474,0.08464721
945475,0.1462798
945476,0.12020923
945477,0.010556598
945478,0.03542579
945479,0.030724296
945480,0.034925025
945481,0.029307444
945482,0.03223378
945483,0.012482074
945484,0.050509997
945485,0.2540248
945486,0.20002268
945487,0.35550871
945488,0.40431687
945489,0.46155745
945490,0.52149105
945491,0.53534937
945492,0.39726236
945493,0.5808909
945494,0.5974986
945495,0.53377473
945496,0.6455126
945497,0.6011373
945498,0.5459539
945499,0.58452976
945500,0.4921198
945501,0.31788707
945502,0.20601253
945503,0.036130376
945504,0.11076654
945505,0.11497536
945506,0.112062134
945507,0.12782954
945508,0.28480652
945509,0.5445029
945510,0.56686753
945511,0.061208997
945512,0.13658614
945513,0.12868401
945514,0.4702896
945515,0.16921301
945516,0.21587044
945517,0.447484
945518,0.41939723
945519,0.20391624
945520,0.31887078
945521,0.16615687
945522,0.06705472
945523,0.0925214
945524,0.06958643
945525,0.3137406
945526,0.10391925
945527,0.16251735
945528,0.14126249
945529,0.10948037
945530,0.047104087
945531,0.2380184
945532,0.24455185
945533,0.11974748
945534,0.17749268
945535,0.19095948
945536,0.13725835
945537,0.34277427
945538,0.09398396
945539,0.81098723
945540,0.37366104
945541,0.4717065
945542,0.3412202
945543,0.055317864
945544,0.036754124
945545,0.032373037
945546,0.09171173
945547,0.022114275
945548,0.026578404
945549,0.022294331
945550,0.026248865
945551,0.02183825
945552,0.007951934
945553,0.02384939
945554,0.01803317
945555,0.03297081
945556,0.30961266
945557,0.21348892
945558,0.21737112
945559,0.1817677
945560,0.12695627
945561,0.13237628
945562,0.24581532
945563,0.09981379
945564,0.0788898
945565,0.36856198
945566,0.012313307
945567,0.033622608
945568,0.026384564
945569,0.02154368
945570,0.022481471
945571,0.02660039
945572,0.046484474
945573,0.0428331
945574,0.009931077
945575,0.024052473
945576,0.02597708
945577,0.021990798
945578,0.026480025
945579,0.019049643
945580,0.042297684
945581,0.2927401
945582,0.11926167
945583,0.1591795
945584,0.2078659
945585,0.16011928
945586,0.23210621
945587,0.32841024
945588,0.20534448
945589,0.26174903
945590,0.13498247
945591,0.030724905
945592,0.020245116
945593,0.02026815
945594,0.021028781
945595,0.012917347
945596,0.018921753
945597,0.01656299
945598,0.26476043
945599,0.008337027
945600,0.028911544
945601,0.031240027
945602,0.025645895
945603,0.027840106
945604,0.024521831
945605,0.030460587
945606,0.3248246
945607,0.15258732
945608,0.3546313
945609,0.26052538
945610,0.2253925
945611,0.1628106
945612,0.12136231
945613,0.098338515
945614,0.09600018
945615,0.1977048
945616,0.144476
945617,0.19092718
945618,0.14784995
945619,0.009340065
945620,0.03162769
945621,0.032806728
945622,0.03506504
945623,0.029646257
945624,0.038940206
945625,0.06996941
945626,0.47680122
945627,0.6067405
945628,0.71977454
945629,0.27321935
945630,0.4284715
945631,0.68049127
945632,0.64647454
945633,0.47784057
945634,0.639554
945635,0.53966314
945636,0.7024414
945637,0.30595842
945638,0.009324255
945639,0.020558303
945640,0.02117329
945641,0.030487299
945642,0.027971294
945643,0.026488705
945644,0.07683434
945645,0.124933295
945646,0.22510462
945647,0.23935345
945648,0.17949755
945649,0.19263907
945650,0.29462588
945651,0.40830928
945652,0.29721513
945653,0.18853168
945654,0.33483768
945655,0.20626079
945656,0.18267737
945657,0.19093394
945658,0.08000144
945659,0.27322665
945660,0.45827937
945661,0.36386174
945662,0.26298958
945663,0.4454688
945664,0.39319563
945665,0.28438762
945666,0.15744334
945667,0.19992094
945668,0.012659633
945669,0.026711317
945670,0.027879328
945671,0.075534016
945672,0.024648659
945673,0.062329
945674,0.17620441
945675,0.032173768
945676,0.08987383
945677,0.09074725
945678,0.010071148
945679,0.035184048
945680,0.049152248
945681,0.066043966
945682,0.10641496
945683,0.03092784
945684,0.23380437
945685,0.19574754
945686,0.11532161
945687,0.1375822
945688,0.11807539
945689,0.1398131
945690,0.49857026
945691,0.5491694
945692,0.66038865
945693,0.6910731
945694,0.6906267
945695,0.7310428
945696,0.676476
945697,0.7097896
945698,0.6091959
945699,0.46773
945700,0.6493949
945701,0.5373589
945702,0.6111781
945703,0.6156558
945704,0.46251088
945705,0.6109665
945706,0.29191265
945707,0.107755624
945708,0.052389603
945709,0.036596153
945710,0.115321584
945711,0.039362974
945712,0.048586383
945713,0.039049447
945714,0.052058153
945715,0.10160311
945716,0.0168464
945717,0.02558135
945718,0.020520048
945719,0.2927681
945720,0.27960294
945721,0.28148848
945722,0.2578853
945723,0.25816885
945724,0.36945796
945725,0.47327137
945726,0.253763
945727,0.4157585
945728,0.45714197
945729,0.4099229
945730,0.33480206
945731,0.22351849
945732,0.030970972
945733,0.124039575
945734,0.100816965
945735,0.09288769
945736,0.08665276
945737,0.025263716
945738,0.096875645
945739,0.098234214
945740,0.084359415
945741,0.1979191
945742,0.13976724
945743,0.08217308
945744,0.09131559
945745,0.046232425
945746,0.18615659
945747,0.11984063
945748,0.034869116
945749,0.08504755
945750,0.0983546
945751,0.09997676
945752,0.09215207
945753,0.25356618
945754,0.08287156
945755,0.0829488
945756,0.1155448
945757,0.052117307
945758,0.188389
945759,0.119522445
945760,0.090309426
945761,0.0664722
945762,0.1006287
945763,0.109303966
945764,0.08665158
945765,0.059641395
945766,0.059192736
945767,0.112529695
945768,0.07354843
945769,0.096025266
945770,0.26323706
945771,0.24438691
945772,0.1668379
945773,0.18670979
945774,0.1413728
945775,0.20606816
945776,0.019142168
945777,0.16141693
945778,0.28374574
945779,0.32357973
945780,0.12105929
945781,0.15807313
945782,0.15811968
945783,0.54114056
945784,0.13301428
945785,0.13316403
945786,0.29370287
945787,0.28139496
945788,0.36183015
945789,0.3767374
945790,0.26080242
945791,0.10829562
945792,0.03740062
945793,0.050852727
945794,0.03498119
945795,0.04833594
945796,0.05737252
945797,0.043889876
945798,0.04103517
945799,0.013910205
945800,0.07042061
945801,0.06558571
945802,0.029260764
945803,0.059131492
945804,0.05065079
945805,0.02987618
945806,0.04963635
945807,0.11679557
945808,0.07448913
945809,0.12072393
945810,0.09772223
945811,0.081280686
945812,0.036113907
945813,0.037172694
945814,0.02559921
945815,0.020264335
945816,0.19655348
945817,0.013473928
945818,0.061385345
945819,0.054335617
945820,0.06952337
945821,0.04756055
945822,0.047281984
945823,0.052285705
945824,0.08263186
945825,0.025562018
945826,0.08846895
945827,0.08841091
945828,0.08828593
945829,0.06312876
945830,0.07741287
945831,0.09436053
945832,0.075671025
945833,0.0108996285
945834,0.02073361
945835,0.018108562
945836,0.01780508
945837,0.017228562
945838,0.06634245
945839,0.43635696
945840,0.40251154
945841,0.58642936
945842,0.7294836
945843,0.7563404
945844,0.8097053
945845,0.7468667
945846,0.7550755
945847,0.7584675
945848,0.76387405
945849,0.75359386
945850,0.6505059
945851,0.7881044
945852,0.7371088
945853,0.602317
945854,0.6335331
945855,0.6100906
945856,0.7210279
945857,0.7240381
945858,0.7868081
945859,0.52159077
945860,0.62526554
945861,0.7384025
945862,0.57282835
945863,0.4888827
945864,0.55881685
945865,0.32535776
945866,0.022504762
945867,0.047026806
945868,0.072206624
945869,0.04905047
945870,0.05775791
945871,0.05330265
945872,0.04534992
945873,0.054374747
945874,0.04097794
945875,0.041182254
945876,0.06995744
945877,0.06998177
945878,0.06829751
945879,0.069550954
945880,0.1069997
945881,0.30566457
945882,0.24581869
945883,0.29738173
945884,0.24808954
945885,0.30859137
945886,0.2796412
945887,0.24085042
945888,0.01530034
945889,0.040712867
945890,0.04595985
945891,0.06329684
945892,0.059332356
945893,0.046913464
945894,0.045493588
945895,0.042699885
945896,0.04587665
945897,0.04073893
945898,0.059499104
945899,0.049016993
945900,0.018903675
945901,0.024017809
945902,0.024597518
945903,0.025473332
945904,0.02539301
945905,0.028556306
945906,0.035315573
945907,0.022811132
945908,0.03260621
945909,0.12490131
945910,0.14922473
945911,0.09332255
945912,0.16317666
945913,0.27851453
945914,0.016990509
945915,0.035410386
945916,0.0530495
945917,0.058977906
945918,0.04207456
945919,0.03329932
945920,0.036151364
945921,0.033585194
945922,0.028779743
945923,0.0122773405
945924,0.030490309
945925,0.034517605
945926,0.060859483
945927,0.035916716
945928,0.034108154
945929,0.037096046
945930,0.041000873
945931,0.02412176
945932,0.18364611
945933,0.013418372
945934,0.022344913
945935,0.02318564
945936,0.02413949
945937,0.022856716
945938,0.024946451
945939,0.023714937
945940,0.02253497
945941,0.018524596
945942,0.08938188
945943,0.06290825
945944,0.053031966
945945,0.056297507
945946,0.043374486
945947,0.0495719
945948,0.04836838
945949,0.063330285
945950,0.03673589
945951,0.013329355
945952,0.020723287
945953,0.027507648
945954,0.021037897
945955,0.021406488
945956,0.022620574
945957,0.024356117
945958,0.018868195
945959,0.4792512
945960,0.5883742
945961,0.6382867
945962,0.6576283
945963,0.6806452
945964,0.6806452
945965,0.6768903
945966,0.6768903
945967,0.6778132
945968,0.68535954
945969,0.68211037
945970,0.6794732
945971,0.6794429
945972,0.67910665
945973,0.67910665
945974,0.67883277
945975,0.6826016
945976,0.68764347
945977,0.5210754
945978,0.19839978
945979,0.015805991
945980,0.027675062
945981,0.03123448
945982,0.04247666
945983,0.040137097
945984,0.033561375
945985,0.03767698
945986,0.036020573
945987,0.04463269
945988,0.069079146
945989,0.5352657
945990,0.6380137
945991,0.73316604
945992,0.76582366
945993,0.6824927
945994,0.80189306
945995,0.776387
945996,0.85239524
945997,0.8163177
945998,0.84812057
945999,0.7721208
946000,0.79613316
946001,0.8375273
946002,0.8397837
946003,0.8676394
946004,0.8548353
946005,0.84755474
946006,0.7205173
946007,0.84371316
946008,0.71690315
946009,0.7960203
946010,0.9098607
946011,0.8437616
946012,0.87220746
946013,0.8433944
946014,0.8106848
946015,0.7933348
946016,0.84693503
946017,0.7148518
946018,0.8600875
946019,0.83280903
946020,0.8232002
946021,0.7233195
946022,0.729512
946023,0.61894333
946024,0.7318924
946025,0.6884853
946026,0.6826641
946027,0.77032244
946028,0.6544955
946029,0.6198876
946030,0.5988801
946031,0.58872813
946032,0.27656353
946033,0.012265532
946034,0.031648617
946035,0.03786571
946036,0.029539712
946037,0.025947679
946038,0.02802864
946039,0.031049427
946040,0.029939579
946041,0.028260402
946042,0.073497206
946043,0.43266934
946044,0.021512732
946045,0.031842444
946046,0.029986408
946047,0.033452835
946048,0.03608988
946049,0.030916402
946050,0.03806073
946051,0.03745366
946052,0.029964475
946053,0.011640875
946054,0.023175027
946055,0.02505545
946056,0.023501277
946057,0.025093952
946058,0.023580398
946059,0.050391875
946060,0.021899143
946061,0.023324788
946062,0.031496312
946063,0.028734514
946064,0.032674354
946065,0.031063272
946066,0.036203388
946067,0.032608595
946068,0.036168907
946069,0.030972524
946070,0.016512658
946071,0.034387052
946072,0.034734584
946073,0.03352291
946074,0.04532475
946075,0.038558856
946076,0.043133367
946077,0.033645637
946078,0.035071954
946079,0.016021162
946080,0.08915384
946081,0.068007134
946082,0.182474
946083,0.29959795
946084,0.16358927
946085,0.176952
946086,0.20653738
946087,0.20816772
946088,0.21405412
946089,0.20607072
946090,0.20307049
946091,0.13053167
946092,0.44762248
946093,0.23522434
946094,0.45536727
946095,0.5428722
946096,0.32869613
946097,0.29816285
946098,0.5057256
946099,0.17540655
946100,0.27403453
946101,0.1511584
946102,0.36463478
946103,0.25256377
946104,0.43408224
946105,0.2676797
946106,0.4029939
946107,0.20144762
946108,0.40722486
946109,0.18269734
946110,0.04480858
946111,0.286683
946112,0.41755074
946113,0.5519747
946114,0.48098382
946115,0.35457903
946116,0.37244377
946117,0.45493582
946118,0.32885477
946119,0.50448626
946120,0.4100711
946121,0.45182556
946122,0.31836408
946123,0.25820327
946124,0.04432579
946125,0.18539947
946126,0.2135318
946127,0.15520048
946128,0.1165485
946129,0.071885
946130,0.16689958
946131,0.2981842
946132,0.2404936
946133,0.5485951
946134,0.33030772
946135,0.17213441
946136,0.362914
946137,0.026975038
946138,0.15688121
946139,0.19981112
946140,0.33633998
946141,0.19624679
946142,0.34645495
946143,0.16930619
946144,0.20672941
946145,0.40370753
946146,0.3002656
946147,0.34096146
946148,0.4648305
946149,0.3542037
946150,0.4995546
946151,0.27547786
946152,0.07780792
946153,0.66253424
946154,0.57458115
946155,0.7870844
946156,0.80683136
946157,0.83608675
946158,0.840177
946159,0.8220809
946160,0.811795
946161,0.85972744
946162,0.84082186
946163,0.8888902
946164,0.89056146
946165,0.8706777
946166,0.88207877
946167,0.8449065
946168,0.8392044
946169,0.8827811
946170,0.8500836
946171,0.8803481
946172,0.8393689
946173,0.8761141
946174,0.86057323
946175,0.8022145
946176,0.83196795
946177,0.73313624
946178,0.40874687
946179,0.15512376
946180,0.28570732
946181,0.14586835
946182,0.15045132
946183,0.36449564
946184,0.54391587
946185,0.1364643
946186,0.12958774
946187,0.11148453
946188,0.06796426
946189,0.022365568
946190,0.10809728
946191,0.122689575
946192,0.0923303
946193,0.11433156
946194,0.1013709
946195,0.1459948
946196,0.2628923
946197,0.27636945
946198,0.010731325
946199,0.21543261
946200,0.093438044
946201,0.09059775
946202,0.10830025
946203,0.28113747
946204,0.27705744
946205,0.124858394
946206,0.10835744
946207,0.09653494
946208,0.20538881
946209,0.04929307
946210,0.1171874
946211,0.10204027
946212,0.0996635
946213,0.020757793
946214,0.42700288
946215,0.422876
946216,0.50302464
946217,0.41694823
946218,0.32116604
946219,0.5456076
946220,0.58238345
946221,0.43096548
946222,0.41524637
946223,0.6412437
946224,0.5378621
946225,0.36586386
946226,0.52953327
946227,0.66867846
946228,0.34077546
946229,0.5893248
946230,0.34661388
946231,0.19790104
946232,0.10000781
946233,0.050083485
946234,0.051752254
946235,0.09930354
946236,0.113922775
946237,0.13329054
946238,0.06211283
946239,0.09722928
946240,0.25747338
946241,0.051475838
946242,0.04812363
946243,0.05281358
946244,0.03864779
946245,0.010350387
946246,0.028350607
946247,0.034340847
946248,0.049626555
946249,0.024922257
946250,0.12539774
946251,0.027049655
946252,0.031560507
946253,0.025252247
946254,0.06895047
946255,0.22227253
946256,0.15007962
946257,0.14589827
946258,0.26037395
946259,0.20793015
946260,0.13088897
946261,0.25512755
946262,0.11813136
946263,0.02004333
946264,0.05193537
946265,0.0401491
946266,0.027420295
946267,0.05105374
946268,0.025921995
946269,0.023220764
946270,0.029139414
946271,0.2337259
946272,0.0148776695
946273,0.120735556
946274,0.0450519
946275,0.05784115
946276,0.056454703
946277,0.3076166
946278,0.078753896
946279,0.3317712
946280,0.08016375
946281,0.14318487
946282,0.0152213
946283,0.026237637
946284,0.061898965
946285,0.026544858
946286,0.065108374
946287,0.0790523
946288,0.37622836
946289,0.4479861
946290,0.54394054
946291,0.681226
946292,0.7086557
946293,0.62669563
946294,0.63310957
946295,0.7160774
946296,0.6866651
946297,0.7322878
946298,0.7172086
946299,0.7180037
946300,0.39929894
946301,0.74814975
946302,0.6581099
946303,0.7466741
946304,0.724894
946305,0.75775045
946306,0.7445524
946307,0.73651886
946308,0.73989
946309,0.74957776
946310,0.54014504
946311,0.74237704
946312,0.4023572
946313,0.14478445
946314,0.42742217
946315,0.30730966
946316,0.1550286
946317,0.1585716
946318,0.11074862
946319,0.11921448
946320,0.11302946
946321,0.09802558
946322,0.10520194
946323,0.007142748
946324,0.35298377
946325,0.09530713
946326,0.08014643
946327,0.16672073
946328,0.09021456
946329,0.124032065
946330,0.121805154
946331,0.11482214
946332,0.07201761
946333,0.095532164
946334,0.12306638
946335,0.2645007
946336,0.20411891
946337,0.046016473
946338,0.35899016
946339,0.07782035
946340,0.054573584
946341,0.08957218
946342,0.072005585
946343,0.07290483
946344,0.07593764
946345,0.18936823
946346,0.026948247
946347,0.03690321
946348,0.036413174
946349,0.108707994
946350,0.1614255
946351,0.14074148
946352,0.37916967
946353,0.46458736
946354,0.29069993
946355,0.27106053
946356,0.2155271
946357,0.19187586
946358,0.07386567
946359,0.21318743
946360,0.28376633
946361,0.25631657
946362,0.235398
946363,0.27098572
946364,0.28221896
946365,0.3402543
946366,0.16869378
946367,0.19894381
946368,0.22563018
946369,0.36807245
946370,0.2755254
946371,0.32599953
946372,0.23058613
946373,0.048589714
946374,0.061912756
946375,0.22304195
946376,0.42005754
946377,0.64164567
946378,0.6447339
946379,0.72671914
946380,0.7530185
946381,0.75653654
946382,0.6484801
946383,0.6844188
946384,0.6980959
946385,0.7016308
946386,0.64182335
946387,0.7062778
946388,0.73466384
946389,0.73632926
946390,0.7363106
946391,0.7621829
946392,0.2661604
946393,0.12325301
946394,0.20736349
946395,0.2840218
946396,0.16853529
946397,0.17598483
946398,0.12911187
946399,0.31068856
946400,0.31923094
946401,0.21143898
946402,0.16551712
946403,0.16593115
946404,0.026075236
946405,0.11495618
946406,0.5545197
946407,0.78592515
946408,0.7667304
946409,0.8621659
946410,0.8507597
946411,0.879119
946412,0.87393606
946413,0.86942565
946414,0.89158636
946415,0.90507364
946416,0.8854696
946417,0.8975153
946418,0.87502617
946419,0.8950054
946420,0.9012945
946421,0.912156
946422,0.87318337
946423,0.85395586
946424,0.8830937
946425,0.91773486
946426,0.91695714
946427,0.8811122
946428,0.8619468
946429,0.8629901
946430,0.8477926
946431,0.86455274
946432,0.88688517
946433,0.93655384
946434,0.93247133
946435,0.8499425
946436,0.9065489
946437,0.89300925
946438,0.8648486
946439,0.85540843
946440,0.8876928
946441,0.7914303
946442,0.8301677
946443,0.8270168
946444,0.8815176
946445,0.8168953
946446,0.8049074
946447,0.65512323
946448,0.6962072
946449,0.6922441
946450,0.66278833
946451,0.85796684
946452,0.9432798
946453,0.9287377
946454,0.9390277
946455,0.8842573
946456,0.9529346
946457,0.5807304
946458,0.92155236
946459,0.95293623
946460,0.8686258
946461,0.8970683
946462,0.95950407
946463,0.94377893
946464,0.57864916
946465,0.91106933
946466,0.87115276
946467,0.8982295
946468,0.5623717
946469,0.4532177
946470,0.6162853
946471,0.5714313
946472,0.90028983
946473,0.8828857
946474,0.8381496
946475,0.8986868
946476,0.8702121
946477,0.4374659
946478,0.8683525
946479,0.8673959
946480,0.8361747
946481,0.5668968
946482,0.7910128
946483,0.8230143
946484,0.75942755
946485,0.80634516
946486,0.7184765
946487,0.8251378
946488,0.715575
946489,0.75061774
946490,0.79736394
946491,0.5859004
946492,0.037656385
946493,0.25792974
946494,0.20343046
946495,0.25312874
946496,0.33099595
946497,0.16732454
946498,0.19347917
946499,0.13345164
946500,0.2105482
946501,0.26080132
946502,0.19230644
946503,0.18949072
946504,0.16605392
946505,0.17041457
946506,0.20544675
946507,0.15899591
946508,0.122356
946509,0.19938593
946510,0.04717433
946511,0.05402714
946512,0.08139365
946513,0.08280846
946514,0.0641756
946515,0.2884671
946516,0.25766212
946517,0.23048627
946518,0.11009977
946519,0.025567958
946520,0.053617805
946521,0.056151554
946522,0.051874727
946523,0.055130977
946524,0.048232056
946525,0.08015681
946526,0.0794242
946527,0.049694326
946528,0.054073717
946529,0.042127635
946530,0.11271076
946531,0.18249749
946532,0.15866265
946533,0.13083409
946534,0.089414336
946535,0.09417577
946536,0.060893267
946537,0.013076082
946538,0.063118234
946539,0.101563185
946540,0.08438954
946541,0.02268132
946542,0.2135524
946543,0.12831531
946544,0.12993643
946545,0.20630527
946546,0.014080721
946547,0.04583509
946548,0.04978662
946549,0.039100338
946550,0.0388887
946551,0.03716045
946552,0.052440595
946553,0.039610583
946554,0.08038131
946555,0.17885718
946556,0.04741692
946557,0.01604741
946558,0.0929231
946559,0.052283097
946560,0.044548184
946561,0.08366679
946562,0.012774273
946563,0.065158755
946564,0.06776137
946565,0.0756056
946566,0.0739519
946567,0.07517306
946568,0.08902907
946569,0.075535096
946570,0.1590089
946571,0.2084461
946572,0.28237727
946573,0.17070161
946574,0.0914768
946575,0.019597724
946576,0.03556838
946577,0.03254441
946578,0.024308959
946579,0.061417963
946580,0.061551537
946581,0.031304374
946582,0.052769147
946583,0.013795624
946584,0.09557059
946585,0.070882626
946586,0.07623576
946587,0.07531418
946588,0.11493009
946589,0.14083038
946590,0.17976873
946591,0.15982923
946592,0.19214652
946593,0.21057709
946594,0.07847508
946595,0.015206248
946596,0.058435515
946597,0.050162934
946598,0.08651762
946599,0.08566032
946600,0.07088559
946601,0.04035935
946602,0.0736028
946603,0.051578745
946604,0.07675747
946605,0.29670814
946606,0.01757891
946607,0.18886636
946608,0.2459129
946609,0.25625777
946610,0.18965134
946611,0.4511284
946612,0.34014395
946613,0.43368438
946614,0.34527034
946615,0.646537
946616,0.48014897
946617,0.49336916
946618,0.45542413
946619,0.32231966
946620,0.3122358
946621,0.2820648
946622,0.32239783
946623,0.26148605
946624,0.32338282
946625,0.27505136
946626,0.28268877
946627,0.27396688
946628,0.28488776
946629,0.31690782
946630,0.026344787
946631,0.07390097
946632,0.09311168
946633,0.038100168
946634,0.07683177
946635,0.09115318
946636,0.07242846
946637,0.1642375
946638,0.13030481
946639,0.24228334
946640,0.24057396
946641,0.16536126
946642,0.20478214
946643,0.21606709
946644,0.29762787
946645,0.12418654
946646,0.1398202
946647,0.13916355
946648,0.13997777
946649,0.14228733
946650,0.08788362
946651,0.02112285
946652,0.0486231
946653,0.07742535
946654,0.05763662
946655,0.050473202
946656,0.05614583
946657,0.11863386
946658,0.07597732
946659,0.097296126
946660,0.064529605
946661,0.044177018
946662,0.022956649
946663,0.031053085
946664,0.033798598
946665,0.03517453
946666,0.045508087
946667,0.035446484
946668,0.035385672
946669,0.036970653
946670,0.0774228
946671,0.032096654
946672,0.7948469
946673,0.6437444
946674,0.6615189
946675,0.6470847
946676,0.6420042
946677,0.59893864
946678,0.6541258
946679,0.024694594
946680,0.039444525
946681,0.04232327
946682,0.04271623
946683,0.07443149
946684,0.041421954
946685,0.061999496
946686,0.106606565
946687,0.07555113
946688,0.04137523
946689,0.043259162
946690,0.12888768
946691,0.019218968
946692,0.10923643
946693,0.100444704
946694,0.10506382
946695,0.094639026
946696,0.3224198
946697,0.19650766
946698,0.1625183
946699,0.21837921
946700,0.22585872
946701,0.18536453
946702,0.22785509
946703,0.17019777
946704,0.17666955
946705,0.14363627
946706,0.2674824
946707,0.01629692
946708,0.041346163
946709,0.04005383
946710,0.05111501
946711,0.041277844
946712,0.03691366
946713,0.063111044
946714,0.08165151
946715,0.058554992
946716,0.022984365
946717,0.076439284
946718,0.12086677
946719,0.23731054
946720,0.124229826
946721,0.0815734
946722,0.07544612
946723,0.13373028
946724,0.24195425
946725,0.10172821
946726,0.13232358
946727,0.012051503
946728,0.030788962
946729,0.03541398
946730,0.028264398
946731,0.026010143
946732,0.03519295
946733,0.029384688
946734,0.037579227
946735,0.26874092
946736,0.19578624
946737,0.1944915
946738,0.12517898
946739,0.0739708
946740,0.23307066
946741,0.37047973
946742,0.41786948
946743,0.41520822
946744,0.28632867
946745,0.17469428
946746,0.0153668495
946747,0.05812793
946748,0.030143334
946749,0.026616583
946750,0.028056923
946751,0.035035424
946752,0.02733378
946753,0.028639555
946754,0.038930953
946755,0.026384937
946756,0.023106694
946757,0.057628114
946758,0.06622423
946759,0.0683838
946760,0.11302318
946761,0.07246766
946762,0.08332114
946763,0.062276244
946764,0.09058185
946765,0.09544441
946766,0.095316775
946767,0.011894666
946768,0.018543176
946769,0.0181167
946770,0.021059537
946771,0.029196862
946772,0.022735184
946773,0.03498601
946774,0.14950539
946775,0.012164875
946776,0.04023087
946777,0.09115425
946778,0.04256605
946779,0.059698284
946780,0.045720547
946781,0.07603954
946782,0.17940746
946783,0.04231979
946784,0.12631856
946785,0.044926386
946786,0.008083894
946787,0.018617872
946788,0.023079945
946789,0.025646
946790,0.052052297
946791,0.022513853
946792,0.020176781
946793,0.017585473
946794,0.006919594
946795,0.020351296
946796,0.021108082
946797,0.027669039
946798,0.024737576
946799,0.022258813
946800,0.018648406
946801,0.02680124
946802,0.026342178
946803,0.039054904
946804,0.046749197
946805,0.022726677
946806,0.025295334
946807,0.033317775
946808,0.027228264
946809,0.030120786
946810,0.00856413
946811,0.0684577
946812,0.07800073
946813,0.0796383
946814,0.11200035
946815,0.06723222
946816,0.06044761
946817,0.066097565
946818,0.09770094
946819,0.010870699
946820,0.027268091
946821,0.05291127
946822,0.07433392
946823,0.03805813
946824,0.034694336
946825,0.01870468
946826,0.024739102
946827,0.020236261
946828,0.009605405
946829,0.02600382
946830,0.04601722
946831,0.09856215
946832,0.026838208
946833,0.027321948
946834,0.03472386
946835,0.028799228
946836,0.029395523
946837,0.071350865
946838,0.013940318
946839,0.025572218
946840,0.018639116
946841,0.022965796
946842,0.02310782
946843,0.026862735
946844,0.026303278
946845,0.04653608
946846,0.021637863
946847,0.019962242
946848,0.073486604
946849,0.088329375
946850,0.08731017
946851,0.07350094
946852,0.13433312
946853,0.16104725
946854,0.1611334
946855,0.28305912
946856,0.18122394
946857,0.12340567
946858,0.010105105
946859,0.054707717
946860,0.105990864
946861,0.28071937
946862,0.51592046
946863,0.64863074
946864,0.62726945
946865,0.48438
946866,0.543546
946867,0.49801
946868,0.4523919
946869,0.6336612
946870,0.5977324
946871,0.4302656
946872,0.39871287
946873,0.34122476
946874,0.30872938
946875,0.37438172
946876,0.40659955
946877,0.27259055
946878,0.14951289
946879,0.061459687
946880,0.094550095
946881,0.10338389
946882,0.18281382
946883,0.1319606
946884,0.23261042
946885,0.008316183
946886,0.024595087
946887,0.022081763
946888,0.02366485
946889,0.023005199
946890,0.023149872
946891,0.019880407
946892,0.17932189
946893,0.19392374
946894,0.16328658
946895,0.09412007
946896,0.009520813
946897,0.022932021
946898,0.021475686
946899,0.06960056
946900,0.0183377
946901,0.026898284
946902,0.020905117
946903,0.022414582
946904,0.033816613
946905,0.101216674
946906,0.11448006
946907,0.09684146
946908,0.11355149
946909,0.1372668
946910,0.059068795
946911,0.0130190505
946912,0.021477675
946913,0.026368791
946914,0.02108595
946915,0.029996626
946916,0.025980799
946917,0.02643976
946918,0.4175569
946919,0.19718654
946920,0.34826365
946921,0.26748005
946922,0.24971803
946923,0.35218132
946924,0.35424033
946925,0.4063834
946926,0.24881253
946927,0.38100275
946928,0.20049633
946929,0.050439186
946930,0.034649186
946931,0.057946417
946932,0.05045056
946933,0.02273272
946934,0.017081555
946935,0.10401156
946936,0.056262366
946937,0.050188117
946938,0.06255865
946939,0.062734485
946940,0.18033819
946941,0.07988146
946942,0.118769914
946943,0.088738084
946944,0.098328196
946945,0.020081554
946946,0.17034388
946947,0.10823642
946948,0.154705
946949,0.008984027
946950,0.04391161
946951,0.024729498
946952,0.024427043
946953,0.02615959
946954,0.02549569
946955,0.032699283
946956,0.00782364
946957,0.038142323
946958,0.028092848
946959,0.022387676
946960,0.021378443
946961,0.037661828
946962,0.018088005
946963,0.090196244
946964,0.11565841
946965,0.12204193
946966,0.19166465
946967,0.0991578
946968,0.24589115
946969,0.12859096
946970,0.13781537
946971,0.10886982
946972,0.19312584
946973,0.19832648
946974,0.14571859
946975,0.19065042
946976,0.11425532
946977,0.118941434
946978,0.16399123
946979,0.106893905
946980,0.30340013
946981,0.014700947
946982,0.07828066
946983,0.087955914
946984,0.057788122
946985,0.09855465
946986,0.082476884
946987,0.3757023
946988,0.23607075
946989,0.25054893
946990,0.32234007
946991,0.55306834
946992,0.6472552
946993,0.6302625
946994,0.67198825
946995,0.58784014
946996,0.6113247
946997,0.6732383
946998,0.6564708
946999,0.5428235
947000,0.5393307
947001,0.5026862
947002,0.6103977
947003,0.5887952
947004,0.36354327
947005,0.36489272
947006,0.5745965
947007,0.52012193
947008,0.42550662
947009,0.33186793
947010,0.45543194
947011,0.46597826
947012,0.41335097
947013,0.29048908
947014,0.60591525
947015,0.30340233
947016,0.16664544
947017,0.27374384
947018,0.3490091
947019,0.2584684
947020,0.2777921
947021,0.28471613
947022,0.2153496
947023,0.29683957
947024,0.20968395
947025,0.12378161
947026,0.14410204
947027,0.11885077
947028,0.089350544
947029,0.013022274
947030,0.11048303
947031,0.094751686
947032,0.49511197
947033,0.36188346
947034,0.3164205
947035,0.39662614
947036,0.46957496
947037,0.57259643
947038,0.5358588
947039,0.5994408
947040,0.5866001
947041,0.51811606
947042,0.4672604
947043,0.026929168
947044,0.028974028
947045,0.02354966
947046,0.02819802
947047,0.031275142
947048,0.02543047
947049,0.021726087
947050,0.039840415
947051,0.44494238
947052,0.38338712
947053,0.5123492
947054,0.3807195
947055,0.50697523
947056,0.46296155
947057,0.39848712
947058,0.40693086
947059,0.37615597
947060,0.2654442
947061,0.22356077
947062,0.66967124
947063,0.6163715
947064,0.009428377
947065,0.02239166
947066,0.023078194
947067,0.021830307
947068,0.0223923
947069,0.022028735
947070,0.022755004
947071,0.024401274
947072,0.044138305
947073,0.2051608
947074,0.16214597
947075,0.28393683
947076,0.005816454
947077,0.021267656
947078,0.020457873
947079,0.01542479
947080,0.017721128
947081,0.015237312
947082,0.07765682
947083,0.20535433
947084,0.06659102
947085,0.1276316
947086,0.113182455
947087,0.099032454
947088,0.33378154
947089,0.3021533
947090,0.21963635
947091,0.13882065
947092,0.14175367
947093,0.22144921
947094,0.35489264
947095,0.46792403
947096,0.17632394
947097,0.16413283
947098,0.32144403
947099,0.008975316
947100,0.020213697
947101,0.023514997
947102,0.02600865
947103,0.017981477
947104,0.016954089
947105,0.03039849
947106,0.055182792
947107,0.05785626
947108,0.050323214
947109,0.025709169
947110,0.24690421
947111,0.024068654
947112,0.20636666
947113,0.38994408
947114,0.2833039
947115,0.56489074
947116,0.32183912
947117,0.6057769
947118,0.39314932
947119,0.61469173
947120,0.36279756
947121,0.5590082
947122,0.61770797
947123,0.5561828
947124,0.61013186
947125,0.56468356
947126,0.66616356
947127,0.5624194
947128,0.6371101
947129,0.52939826
947130,0.3903462
947131,0.35815424
947132,0.012104542
947133,0.02233781
947134,0.024034442
947135,0.023368975
947136,0.025122257
947137,0.02834883
947138,0.060533363
947139,0.029340282
947140,0.019128837
947141,0.23753634
947142,0.15087429
947143,0.6146268
947144,0.30033612
947145,0.19436681
947146,0.16993596
947147,0.26834258
947148,0.27011505
947149,0.15449585
947150,0.28246072
947151,0.14689796
947152,0.13729778
947153,0.006468609
947154,0.01659643
947155,0.014581236
947156,0.014072999
947157,0.014986707
947158,0.016121417
947159,0.01862639
947160,0.11521095
947161,0.09775259
947162,0.084832884
947163,0.092566505
947164,0.20505089
947165,0.25413662
947166,0.10507052
947167,0.11351489
947168,0.25823602
947169,0.0700207
947170,0.047267556
947171,0.00862627
947172,0.022908643
947173,0.021808727
947174,0.018051699
947175,0.022867568
947176,0.021262728
947177,0.01988115
947178,0.14953996
947179,0.19709966
947180,0.15827323
947181,0.060925677
947182,0.1213006
947183,0.08052199
947184,0.1356431
947185,0.21138862
947186,0.1600893
947187,0.15061875
947188,0.02927934
947189,0.06235689
947190,0.10853592
947191,0.057567626
947192,0.06150058
947193,0.064421736
947194,0.028718209
947195,0.010194384
947196,0.04748106
947197,0.046818033
947198,0.056623522
947199,0.03988544
947200,0.054217093
947201,0.07104073
947202,0.081707396
947203,0.041327693
947204,0.027394246
947205,0.036350925
947206,0.016309774
947207,0.032790173
947208,0.34073865
947209,0.4338537
947210,0.3428949
947211,0.44886318
947212,0.26318246
947213,0.28052124
947214,0.27891922
947215,0.29704636
947216,0.48885265
947217,0.5218943
947218,0.02730459
947219,0.048686665
947220,0.26273283
947221,0.25848243
947222,0.06653333
947223,0.080579855
947224,0.086006194
947225,0.09597556
947226,0.08051453
947227,0.02196657
947228,0.11517042
947229,0.5780743
947230,0.40561673
947231,0.5597011
947232,0.765281
947233,0.7679795
947234,0.74518436
947235,0.7628255
947236,0.789246
947237,0.82271516
947238,0.7086184
947239,0.7441541
947240,0.8960829
947241,0.9052084
947242,0.8342645
947243,0.83298784
947244,0.8412185
947245,0.83019143
947246,0.87163264
947247,0.8502191
947248,0.65436804
947249,0.8642822
947250,0.7971435
947251,0.8595685
947252,0.8068172
947253,0.8057805
947254,0.6108497
947255,0.63428813
947256,0.5204424
947257,0.1364726
947258,0.17615455
947259,0.1388515
947260,0.17072698
947261,0.083155386
947262,0.118057966
947263,0.092622556
947264,0.03683415
947265,0.35711396
947266,0.236891
947267,0.20555127
947268,0.16355067
947269,0.06376973
947270,0.08694849
947271,0.14989768
947272,0.3531732
947273,0.30789974
947274,0.26366246
947275,0.22975467
947276,0.2859966
947277,0.36994135
947278,0.18001692
947279,0.21301498
947280,0.16407372
947281,0.38010946
947282,0.39234677
947283,0.46263474
947284,0.2825727
947285,0.21974272
947286,0.14615126
947287,0.025346857
947288,0.03876693
947289,0.025211792
947290,0.025217442
947291,0.024945566
947292,0.02625316
947293,0.02270229
947294,0.034762397
947295,0.009655669
947296,0.023811886
947297,0.023844987
947298,0.024602884
947299,0.02311394
947300,0.07605275
947301,0.021003807
947302,0.027111765
947303,0.07260623
947304,0.13462482
947305,0.42806098
947306,0.0836423
947307,0.10858555
947308,0.087707594
947309,0.18825218
947310,0.095212445
947311,0.17077398
947312,0.024773972
947313,0.054461367
947314,0.0636629
947315,0.057029184
947316,0.066735014
947317,0.05546472
947318,0.07994381
947319,0.09112533
947320,0.12705514
947321,0.03299988
947322,0.59487724
947323,0.55696505
947324,0.64854944
947325,0.7322905
947326,0.6522124
947327,0.70351106
947328,0.6461818
947329,0.49105614
947330,0.6719721
947331,0.69978905
947332,0.61301684
947333,0.64875305
947334,0.652596
947335,0.6678849
947336,0.6925573
947337,0.40238786
947338,0.048691068
947339,0.036755282
947340,0.05500277
947341,0.2239309
947342,0.1463656
947343,0.09849147
947344,0.04348249
947345,0.06750438
947346,0.13531722
947347,0.010960063
947348,0.119657345
947349,0.038493175
947350,0.034609627
947351,0.02413045
947352,0.048100047
947353,0.030488782
947354,0.014973479
947355,0.041933388
947356,0.035278406
947357,0.03862979
947358,0.047342855
947359,0.028799241
947360,0.026019458
947361,0.23779841
947362,0.20967384
947363,0.17772493
947364,0.16302751
947365,0.116187766
947366,0.014228711
947367,0.03715951
947368,0.12529843
947369,0.04241603
947370,0.123645246
947371,0.032488134
947372,0.12254198
947373,0.038559813
947374,0.023499154
947375,0.08847389
947376,0.08957337
947377,0.08552309
947378,0.084825926
947379,0.08121875
947380,0.16264427
947381,0.026768295
947382,0.10534139
947383,0.19336642
947384,0.06652698
947385,0.052328445
947386,0.2228964
947387,0.12649445
947388,0.3370774
947389,0.24570167
947390,0.18868421
947391,0.37773666
947392,0.30307457
947393,0.15654534
947394,0.011629145
947395,0.048778355
947396,0.08787162
947397,0.044423882
947398,0.042804696
947399,0.04998396
947400,0.12686904
947401,0.046189412
947402,0.07105875
947403,0.43949
947404,0.60325235
947405,0.54328835
947406,0.64300996
947407,0.646879
947408,0.48839328
947409,0.64866096
947410,0.49300465
947411,0.58452755
947412,0.56211525
947413,0.5114232
947414,0.31977326
947415,0.3902039
947416,0.19776277
947417,0.11770864
947418,0.12292548
947419,0.25647032
947420,0.14398548
947421,0.11525983
947422,0.12178586
947423,0.12240465
947424,0.08013946
947425,0.12203684
947426,0.50152194
947427,0.5568212
947428,0.5518244
947429,0.5820477
947430,0.5206329
947431,0.5141757
947432,0.5238979
947433,0.52800536
947434,0.5059263
947435,0.49853256
947436,0.5069818
947437,0.51939654
947438,0.47961086
947439,0.4807238
947440,0.552962
947441,0.6463124
947442,0.58301294
947443,0.39457145
947444,0.014155946
947445,0.03173106
947446,0.03915919
947447,0.03711594
947448,0.0359201
947449,0.032217488
947450,0.03175104
947451,0.038478848
947452,0.034027822
947453,0.038881864
947454,0.20513359
947455,0.05067449
947456,0.29119855
947457,0.6050388
947458,0.60682905
947459,0.6927166
947460,0.27640527
947461,0.7571065
947462,0.657625
947463,0.7886059
947464,0.5872482
947465,0.5493307
947466,0.71686524
947467,0.72279644
947468,0.7032941
947469,0.61487997
947470,0.71196216
947471,0.47110242
947472,0.015054213
947473,0.037901502
947474,0.039606195
947475,0.06807063
947476,0.24496858
947477,0.32448244
947478,0.28789997
947479,0.206008
947480,0.10254992
947481,0.11134084
947482,0.115678795
947483,0.14935558
947484,0.10368916
947485,0.11576987
947486,0.08944476
947487,0.019211024
947488,0.10367857
947489,0.0955459
947490,0.0956361
947491,0.11966377
947492,0.2556405
947493,0.06738113
947494,0.44892907
947495,0.5165592
947496,0.53991616
947497,0.6228585
947498,0.680887
947499,0.52096915
947500,0.5584967
947501,0.41634676
947502,0.56910825
947503,0.6304974
947504,0.4008768
947505,0.43026453
947506,0.34645286
947507,0.48305026
947508,0.2555879
947509,0.055951346
947510,0.37942612
947511,0.239651
947512,0.04082336
947513,0.3221858
947514,0.29602182
947515,0.2514066
947516,0.2561361
947517,0.19693407
947518,0.24937293
947519,0.38972494
947520,0.25531793
947521,0.5708249
947522,0.5187644
947523,0.49098095
947524,0.5270149
947525,0.56698614
947526,0.3294061
947527,0.32347
947528,0.1130548
947529,0.39263782
947530,0.16116677
947531,0.5351313
947532,0.5592463
947533,0.5217288
947534,0.34871957
947535,0.40998837
947536,0.41051355
947537,0.30335376
947538,0.37510535
947539,0.38661316
947540,0.35359994
947541,0.37067187
947542,0.27732557
947543,0.1434711
947544,0.38986564
947545,0.23018184
947546,0.2235094
947547,0.09641891
947548,0.063985005
947549,0.5437295
947550,0.4679793
947551,0.56894064
947552,0.3667503
947553,0.44719842
947554,0.40367964
947555,0.6891498
947556,0.56485647
947557,0.6073508
947558,0.4369084
947559,0.5831071
947560,0.28103307
947561,0.015075928
947562,0.10459668
947563,0.12410646
947564,0.20161922
947565,0.22610177
947566,0.118068695
947567,0.09950063
947568,0.11279156
947569,0.26905492
947570,0.17983487
947571,0.296565
947572,0.21865545
947573,0.19647457
947574,0.1491095
947575,0.12015488
947576,0.07143773
947577,0.010217297
947578,0.027550887
947579,0.035125084
947580,0.03459524
947581,0.035658214
947582,0.025054606
947583,0.024387147
947584,0.20436445
947585,0.009619387
947586,0.022089297
947587,0.03532967
947588,0.024383057
947589,0.022999367
947590,0.033592995
947591,0.04898964
947592,0.023633154
947593,0.24036606
947594,0.3620982
947595,0.3649281
947596,0.29928735
947597,0.36253834
947598,0.23952004
947599,0.010256179
947600,0.024876747
947601,0.020725789
947602,0.021895634
947603,0.026071144
947604,0.023879252
947605,0.025297534
947606,0.13709658
947607,0.15579154
947608,0.70721
947609,0.19687939
947610,0.18686101
947611,0.19354138
947612,0.6147098
947613,0.14862524
947614,0.7107932
947615,0.17935449
947616,0.27944732
947617,0.15217163
947618,0.13820179
947619,0.16253223
947620,0.011502557
947621,0.022301208
947622,0.022921754
947623,0.025356594
947624,0.022672521
947625,0.042034134
947626,0.022514356
947627,0.4153004
947628,0.5006239
947629,0.65346724
947630,0.61528796
947631,0.632099
947632,0.70868766
947633,0.5990681
947634,0.69471467
947635,0.68506426
947636,0.6846263
947637,0.66211164
947638,0.50072074
947639,0.6606911
947640,0.6753482
947641,0.71466273
947642,0.64230794
947643,0.69392765
947644,0.49155325
947645,0.62562144
947646,0.5988317
947647,0.53253156
947648,0.70146114
947649,0.28769267
947650,0.06828743
947651,0.111500025
947652,0.14991723
947653,0.23448832
947654,0.3181545
947655,0.2514493
947656,0.33656648
947657,0.27679425
947658,0.27551
947659,0.33947423
947660,0.3830989
947661,0.45191222
947662,0.4078162
947663,0.48175582
947664,0.3783136
947665,0.38010356
947666,0.19311696
947667,0.009827044
947668,0.025775528
947669,0.033193767
947670,0.019464485
947671,0.030656172
947672,0.22477432
947673,0.20614159
947674,0.18518531
947675,0.16112454
947676,0.11530905
947677,0.05556505
947678,0.12050304
947679,0.23567939
947680,0.028539734
947681,0.32587823
947682,0.28285792
947683,0.31517947
947684,0.3876306
947685,0.273668
947686,0.38580415
947687,0.32308924
947688,0.2827406
947689,0.34636006
947690,0.35391417
947691,0.5000248
947692,0.34714445
947693,0.26749116
947694,0.012554309
947695,0.037275277
947696,0.0402031
947697,0.03306426
947698,0.03751646
947699,0.042285055
947700,0.037199948
947701,0.018555716
947702,0.04664104
947703,0.041899808
947704,0.06404872
947705,0.14074925
947706,0.16357702
947707,0.14300261
947708,0.048649397
947709,0.16396676
947710,0.035632584
947711,0.026659714
947712,0.48098356
947713,0.48247692
947714,0.4703266
947715,0.44659176
947716,0.50861216
947717,0.5032034
947718,0.47499967
947719,0.67205983
947720,0.5854846
947721,0.7387552
947722,0.4889428
947723,0.50672454
947724,0.52701116
947725,0.61315656
947726,0.62963223
947727,0.5526718
947728,0.3472534
947729,0.571525
947730,0.4053018
947731,0.009950774
947732,0.041770715
947733,0.022067023
947734,0.02619233
947735,0.030713331
947736,0.031475402
947737,0.026094668
947738,0.17302746
947739,0.09752526
947740,0.2339265
947741,0.01259231
947742,0.06809319
947743,0.19009933
947744,0.19696869
947745,0.04875098
947746,0.044477347
947747,0.06271311
947748,0.06120312
947749,0.048280615
947750,0.08344324
947751,0.045489043
947752,0.031078039
947753,0.54122275
947754,0.3449269
947755,0.13271466
947756,0.18618967
947757,0.03626729
947758,0.032884903
947759,0.027828157
947760,0.035619292
947761,0.020691933
947762,0.12772606
947763,0.03587234
947764,0.08377477
947765,0.12594813
947766,0.35787755
947767,0.49054396
947768,0.36843973
947769,0.48244584
947770,0.5528079
947771,0.52626896
947772,0.5912228
947773,0.60966116
947774,0.62062913
947775,0.5512657
947776,0.57710475
947777,0.50047135
947778,0.6032073
947779,0.5311846
947780,0.30693802
947781,0.34661555
947782,0.06304886
947783,0.12972544
947784,0.3372252
947785,0.022145787
947786,0.032126036
947787,0.02421334
947788,0.025349831
947789,0.008833062
947790,0.018231168
947791,0.019849937
947792,0.018365549
947793,0.01780378
947794,0.026342
947795,0.0086124325
947796,0.041565433
947797,0.0430623
947798,0.03567687
947799,0.042656254
947800,0.25627553
947801,0.10921544
947802,0.2965979
947803,0.10193689
947804,0.37338358
947805,0.53068566
947806,0.4953419
947807,0.5086372
947808,0.48292178
947809,0.50353193
947810,0.6640417
947811,0.5395336
947812,0.6692847
947813,0.4297572
947814,0.4497645
947815,0.3773974
947816,0.6702289
947817,0.48119274
947818,0.05476189
947819,0.28506142
947820,0.29100183
947821,0.5530189
947822,0.53440607
947823,0.46686813
947824,0.5375404
947825,0.43733242
947826,0.15248579
947827,0.12297949
947828,0.10776154
947829,0.1165951
947830,0.1159888
947831,0.10683579
947832,0.0741748
947833,0.065176584
947834,0.08768989
947835,0.032959294
947836,0.038943972
947837,0.05075637
947838,0.02294386
947839,0.026171813
947840,0.09226556
947841,0.09012144
947842,0.09205565
947843,0.07870847
947844,0.07836058
947845,0.006015918
947846,0.013173611
947847,0.017690634
947848,0.012600483
947849,0.016805278
947850,0.016507417
947851,0.07633523
947852,0.15055232
947853,0.11933219
947854,0.11133479
947855,0.09899523
947856,0.08888297
947857,0.060767736
947858,0.01643845
947859,0.02805665
947860,0.032895204
947861,0.040598743
947862,0.042785194
947863,0.042881925
947864,0.25381145
947865,0.19296256
947866,0.015347684
947867,0.05270495
947868,0.06227379
947869,0.04698649
947870,0.074777216
947871,0.0071633547
947872,0.051194217
947873,0.035704415
947874,0.032327928
947875,0.034276973
947876,0.04032255
947877,0.4622726
947878,0.3694729
947879,0.50225794
947880,0.51229095
947881,0.52233285
947882,0.48893118
947883,0.43355358
947884,0.51310325
947885,0.49922195
947886,0.04608342
947887,0.38968462
947888,0.18614423
947889,0.12192772
947890,0.18366975
947891,0.17681515
947892,0.16841474
947893,0.07007321
947894,0.05408916
947895,0.0564013
947896,0.04791967
947897,0.06656141
947898,0.046596684
947899,0.0590806
947900,0.04208044
947901,0.021973591
947902,0.055016335
947903,0.050073236
947904,0.066318385
947905,0.054893203
947906,0.052638438
947907,0.0608402
947908,0.105608724
947909,0.0443811
947910,0.47795373
947911,0.5750465
947912,0.63437575
947913,0.61246157
947914,0.63257813
947915,0.2233425
947916,0.3104315
947917,0.6559545
947918,0.6966581
947919,0.6367096
947920,0.62697536
947921,0.6022734
947922,0.6425566
947923,0.6198461
947924,0.37766442
947925,0.59291625
947926,0.36258942
947927,0.26330048
947928,0.026714854
947929,0.020383554
947930,0.020447174
947931,0.027532091
947932,0.02438073
947933,0.12396907
947934,0.0077141053
947935,0.046183676
947936,0.030574875
947937,0.0109786345
947938,0.01517519
947939,0.024743577
947940,0.012426892
947941,0.010774016
947942,0.05076133
947943,0.017747268
947944,0.0073426007
947945,0.0068525793
947946,0.007531342
947947,0.006648525
947948,0.013471406
947949,0.011124898
947950,0.007874974
947951,0.0065775807
947952,0.24126321
947953,0.2935074
947954,0.37956646
947955,0.35405242
947956,0.3346649
947957,0.0065962924
947958,0.010135084
947959,0.0126537625
947960,0.0073675797
947961,0.020604163
947962,0.00946281
947963,0.008340462
947964,0.0118613
947965,0.008870458
947966,0.10586006
947967,0.06351839
947968,0.004998199
947969,0.03486398
947970,0.010453537
947971,0.009351065
947972,0.01814848
947973,0.011572949
947974,0.01744223
947975,0.013946934
947976,0.014499927
947977,0.007832261
947978,0.014255066
947979,0.04960279
947980,0.027200056
947981,0.038036097
947982,0.038586047
947983,0.027051948
947984,0.27934566
947985,0.007937544
947986,0.013597427
947987,0.015483413
947988,0.049118817
947989,0.025497433
947990,0.029100249
947991,0.026874935
947992,0.045519374
947993,0.013884108
947994,0.057867635
947995,0.006417413
947996,0.036843397
947997,0.23832822
947998,0.070283905
947999,0.057905912
948000,0.055405118
948001,0.06150387
948002,0.044321064
948003,0.20917356
948004,0.23506409
948005,0.046668325
948006,0.035815094
948007,0.029040126
948008,0.042827215
948009,0.06454413
948010,0.04989552
948011,0.01756424
948012,0.032195177
948013,0.02695744
948014,0.2878954
948015,0.2896243
948016,0.4167723
948017,0.3859773
948018,0.6043771
948019,0.6329195
948020,0.5969702
948021,0.4998897
948022,0.029137151
948023,0.03509226
948024,0.025242496
948025,0.028592233
948026,0.034860596
948027,0.035368983
948028,0.03044971
948029,0.03383575
948030,0.048868228
948031,0.06173967
948032,0.05642412
948033,0.052364968
948034,0.05535552
948035,0.13056421
948036,0.047440402
948037,0.050147217
948038,0.016882766
948039,0.032351453
948040,0.0926553
948041,0.043256626
948042,0.042181056
948043,0.029299915
948044,0.031131115
948045,0.027952896
948046,0.23554759
948047,0.16522402
948048,0.17507343
948049,0.17123401
948050,0.010761111
948051,0.07847658
948052,0.07301719
948053,0.084695436
948054,0.12585072
948055,0.07985319
948056,0.15980223
948057,0.01087294
948058,0.07182817
948059,0.023277864
948060,0.027524292
948061,0.027278734
948062,0.0282348
948063,0.0578756
948064,0.015737375
948065,0.03489336
948066,0.06807234
948067,0.041471057
948068,0.03804229
948069,0.040278126
948070,0.034287646
948071,0.03566774
948072,0.018825518
948073,0.05056516
948074,0.06612157
948075,0.0754158
948076,0.055349622
948077,0.062558636
948078,0.058334082
948079,0.06041375
948080,0.056963257
948081,0.013203647
948082,0.04170154
948083,0.07631718
948084,0.073233314
948085,0.049123764
948086,0.04141652
948087,0.050067406
948088,0.038787853
948089,0.02149317
948090,0.25625756
948091,0.38577208
948092,0.24349265
948093,0.29931143
948094,0.27033964
948095,0.16037504
948096,0.111359835
948097,0.05788348
948098,0.067624554
948099,0.105162084
948100,0.15613878
948101,0.07805028
948102,0.05778467
948103,0.052442335
948104,0.051654864
948105,0.017377
948106,0.038874507
948107,0.046500288
948108,0.033239916
948109,0.03752978
948110,0.04005221
948111,0.16220477
948112,0.067330815
948113,0.039414644
948114,0.023608
948115,0.021699594
948116,0.27973104
948117,0.48734438
948118,0.32555434
948119,0.3342835
948120,0.41579226
948121,0.40293738
948122,0.3963859
948123,0.33163506
948124,0.20931488
948125,0.008282049
948126,0.024389442
948127,0.020540694
948128,0.019793497
948129,0.021880819
948130,0.019703781
948131,0.10088433
948132,0.076792784
948133,0.07547249
948134,0.079989836
948135,0.029626934
948136,0.118548684
948137,0.3292562
948138,0.023280906
948139,0.039486572
948140,0.28190157
948141,0.23604755
948142,0.08962133
948143,0.061978087
948144,0.023828698
948145,0.055408042
948146,0.06158092
948147,0.038543418
948148,0.043573264
948149,0.2222225
948150,0.35505202
948151,0.1295688
948152,0.051068105
948153,0.024266712
948154,0.023699762
948155,0.094068326
948156,0.057451665
948157,0.02108688
948158,0.10620912
948159,0.12386445
948160,0.09415222
948161,0.12311733
948162,0.09427686
948163,0.0979237
948164,0.08985062
948165,0.10019504
948166,0.10212041
948167,0.013212262
948168,0.022547474
948169,0.0312627
948170,0.02482203
948171,0.02553475
948172,0.041944116
948173,0.09979586
948174,0.0730654
948175,0.11962827
948176,0.019752158
948177,0.036568344
948178,0.14423749
948179,0.06326959
948180,0.026233811
948181,0.03985452
948182,0.008342202
948183,0.0149686625
948184,0.012576431
948185,0.010641707
948186,0.010986145
948187,0.014397795
948188,0.016912004
948189,0.013603485
948190,0.008313207
948191,0.011567136
948192,0.009315041
948193,0.011162509
948194,0.012234768
948195,0.010808324
948196,0.0145980865
948197,0.0047707576
948198,0.011286738
948199,0.011106709
948200,0.011476157
948201,0.011503513
948202,0.011652099
948203,0.012890247
948204,0.019161515
948205,0.01778268
948206,0.19312565
948207,0.030692551
948208,0.028723715
948209,0.030169949
948210,0.05182427
948211,0.041961633
948212,0.05779625
948213,0.2425247
948214,0.19223253
948215,0.40297008
948216,0.31108397
948217,0.21615128
948218,0.21253026
948219,0.21264043
948220,0.1675443
948221,0.19816299
948222,0.123715244
948223,0.029781297
948224,0.031839754
948225,0.034530923
948226,0.029491955
948227,0.28106648
948228,0.10470563
948229,0.058126267
948230,0.33027902
948231,0.12309732
948232,0.15396266
948233,0.41863525
948234,0.19897363
948235,0.10030687
948236,0.09565697
948237,0.08727128
948238,0.0474794
948239,0.015225611
948240,0.045663595
948241,0.07183049
948242,0.056409456
948243,0.06156303
948244,0.053167332
948245,0.041944206
948246,0.092298076
948247,0.07159293
948248,0.044162255
948249,0.042370975
948250,0.0531036
948251,0.09298062
948252,0.091377415
948253,0.06696855
948254,0.27108008
948255,0.018098332
948256,0.12270792
948257,0.09024313
948258,0.123874314
948259,0.12672356
948260,0.08146176
948261,0.22252394
948262,0.020727564
948263,0.07496356
948264,0.075172886
948265,0.090128355
948266,0.053996403
948267,0.10579635
948268,0.12548801
948269,0.2368122
948270,0.2050651
948271,0.23446174
948272,0.24401963
948273,0.31885803
948274,0.26753837
948275,0.29768738
948276,0.26918668
948277,0.17626461
948278,0.17714712
948279,0.011836299
948280,0.20056145
948281,0.043409895
948282,0.07158221
948283,0.03427242
948284,0.04966175
948285,0.04082045
948286,0.040230073
948287,0.25289956
948288,0.32446912
948289,0.15357602
948290,0.02284036
948291,0.16331802
948292,0.14692073
948293,0.053594813
948294,0.06264249
948295,0.057695348
948296,0.05888747
948297,0.2206191
948298,0.10216068
948299,0.13952012
948300,0.25349915
948301,0.1314945
948302,0.35975137
948303,0.32971847
948304,0.33864233
948305,0.34523588
948306,0.28807202
948307,0.013643115
948308,0.074446045
948309,0.045981087
948310,0.061766893
948311,0.084006794
948312,0.06966083
948313,0.07174504
948314,0.06340096
948315,0.12046298
948316,0.07476111
948317,0.03280423
948318,0.1362685
948319,0.14089406
948320,0.11119024
948321,0.2407527
948322,0.16250883
948323,0.12127655
948324,0.10067213
948325,0.1245569
948326,0.18814306
948327,0.22270009
948328,0.20978656
948329,0.25183234
948330,0.16256765
948331,0.22297654
948332,0.023020666
948333,0.06610609
948334,0.057067074
948335,0.05951689
948336,0.062013272
948337,0.007417271
948338,0.67013234
948339,0.05355225
948340,0.054799754
948341,0.051759545
948342,0.045286592
948343,0.06418962
948344,0.0489304
948345,0.27975944
948346,0.27765414
948347,0.19444257
948348,0.20188384
948349,0.29204246
948350,0.22676267
948351,0.17058794
948352,0.24408923
948353,0.29472312
948354,0.23520488
948355,0.2232897
948356,0.20573492
948357,0.11136247
948358,0.08246599
948359,0.055200353
948360,0.050711825
948361,0.046455916
948362,0.03202237
948363,0.008849065
948364,0.023792852
948365,0.023861438
948366,0.033765882
948367,0.023352612
948368,0.033326916
948369,0.033109166
948370,0.2314659
948371,0.34326324
948372,0.12197246
948373,0.0126536675
948374,0.29433453
948375,0.10796343
948376,0.21471629
948377,0.22416121
948378,0.23431319
948379,0.27835456
948380,0.15040492
948381,0.20405266
948382,0.16213003
948383,0.109606296
948384,0.067292064
948385,0.06043741
948386,0.056182794
948387,0.07328457
948388,0.041975293
948389,0.06656688
948390,0.21583907
948391,0.12563883
948392,0.23491037
948393,0.3220547
948394,0.14074565
948395,0.12370345
948396,0.08616163
948397,0.30526876
948398,0.3245025
948399,0.22038047
948400,0.059396576
948401,0.08959814
948402,0.023085393
948403,0.053566575
948404,0.046729103
948405,0.042079933
948406,0.2144236
948407,0.15281315
948408,0.025202652
948409,0.08524469
948410,0.020342799
948411,0.04557519
948412,0.049260378
948413,0.049073804
948414,0.040452044
948415,0.05338994
948416,0.045494612
948417,0.046015646
948418,0.04042405
948419,0.031428166
948420,0.3215747
948421,0.17655833
948422,0.10932093
948423,0.27614808
948424,0.3005058
948425,0.13949415
948426,0.021881018
948427,0.16364524
948428,0.12462518
948429,0.124335594
948430,0.11207877
948431,0.1181867
948432,0.24434768
948433,0.26168418
948434,0.12361426
948435,0.09284752
948436,0.11343494
948437,0.10939945
948438,0.03465122
948439,0.0952906
948440,0.04543112
948441,0.03765793
948442,0.044576757
948443,0.008240204
948444,0.0126059195
948445,0.05185585
948446,0.013708296
948447,0.017082172
948448,0.0129453875
948449,0.019389406
948450,0.014416754
948451,0.011312618
948452,0.01917112
948453,0.014837426
948454,0.018677698
948455,0.016976355
948456,0.012081221
948457,0.026871257
948458,0.01348595
948459,0.016600579
948460,0.01988331
948461,0.023263915
948462,0.054089673
948463,0.021519534
948464,0.02721315
948465,0.019697322
948466,0.18646201
948467,0.0056766276
948468,0.012230907
948469,0.012568617
948470,0.011170286
948471,0.01027875
948472,0.011863564
948473,0.06534061
948474,0.069437176
948475,0.06499243
948476,0.16246918
948477,0.054083277
948478,0.038417466
948479,0.21549587
948480,0.3790654
948481,0.23142862
948482,0.17370136
948483,0.014774596
948484,0.018033816
948485,0.016553542
948486,0.01891398
948487,0.019956967
948488,0.011483386
948489,0.0287116
948490,0.038317494
948491,0.025708815
948492,0.02965813
948493,0.010410657
948494,0.012750314
948495,0.015886012
948496,0.012628962
948497,0.012982876
948498,0.020846818
948499,0.011029413
948500,0.059408624
948501,0.032013543
948502,0.18472707
948503,0.060508326
948504,0.04300639
948505,0.41052276
948506,0.008075589
948507,0.029703414
948508,0.031285137
948509,0.027863365
948510,0.030003926
948511,0.0268107
948512,0.07393498
948513,0.008841332
948514,0.03022137
948515,0.042993076
948516,0.047674663
948517,0.067366205
948518,0.07655731
948519,0.046257082
948520,0.06991719
948521,0.04374328
948522,0.041948535
948523,0.36375192
948524,0.7890501
948525,0.57476956
948526,0.7671804
948527,0.859746
948528,0.8902513
948529,0.8628607
948530,0.8847378
948531,0.8631106
948532,0.86296815
948533,0.846851
948534,0.8487775
948535,0.80340976
948536,0.8606613
948537,0.8202834
948538,0.85808474
948539,0.86767256
948540,0.84728867
948541,0.8408762
948542,0.8931874
948543,0.8611838
948544,0.8268767
948545,0.6416357
948546,0.011826146
948547,0.03206844
948548,0.045034055
948549,0.031115044
948550,0.03518869
948551,0.035371434
948552,0.019181712
948553,0.087503225
948554,0.01278113
948555,0.07859078
948556,0.028643288
948557,0.029610341
948558,0.030743036
948559,0.031229438
948560,0.03911858
948561,0.008592035
948562,0.028572429
948563,0.035735935
948564,0.040947594
948565,0.034382034
948566,0.5025011
948567,0.4966544
948568,0.89911664
948569,0.51003057
948570,0.57469916
948571,0.7418794
948572,0.38506305
948573,0.7369255
948574,0.71160185
948575,0.704762
948576,0.58873135
948577,0.5754161
948578,0.40515822
948579,0.5750655
948580,0.6605319
948581,0.7021984
948582,0.16179048
948583,0.013256437
948584,0.0361223
948585,0.052474596
948586,0.047906533
948587,0.050867446
948588,0.04084708
948589,0.48267934
948590,0.27493846
948591,0.2137828
948592,0.20541693
948593,0.20646964
948594,0.20863533
948595,0.20292792
948596,0.22248967
948597,0.17088918
948598,0.1387859
948599,0.08132211
948600,0.38904145
948601,0.013813165
948602,0.026233234
948603,0.038711224
948604,0.053978305
948605,0.035337325
948606,0.018452736
948607,0.08289903
948608,0.11474051
948609,0.1247206
948610,0.015422758
948611,0.07834233
948612,0.04678456
948613,0.09748973
948614,0.050531726
948615,0.055991564
948616,0.058227446
948617,0.0857621
948618,0.052400887
948619,0.2959703
948620,0.21947417
948621,0.010079072
948622,0.054507516
948623,0.092460096
948624,0.057881605
948625,0.059867613
948626,0.051868446
948627,0.05697247
948628,0.053801987
948629,0.07104597
948630,0.06364691
948631,0.04788735
948632,0.028213229
948633,0.06394825
948634,0.06495106
948635,0.042225976
948636,0.12352418
948637,0.12785833
948638,0.12290482
948639,0.10721079
948640,0.21860522
948641,0.23833483
948642,0.1126111
948643,0.14226067
948644,0.086580336
948645,0.01505806
948646,0.08167729
948647,0.06736002
948648,0.07312325
948649,0.07003674
948650,0.09615931
948651,0.07000133
948652,0.08350564
948653,0.05295144
948654,0.07650582
948655,0.017171148
948656,0.040102746
948657,0.077573575
948658,0.052400563
948659,0.0456232
948660,0.0376888
948661,0.18907894
948662,0.7223012
948663,0.59406984
948664,0.6933972
948665,0.38829577
948666,0.79774237
948667,0.6322937
948668,0.72004193
948669,0.6665426
948670,0.6313903
948671,0.70359576
948672,0.08285207
948673,0.0145806605
948674,0.051749643
948675,0.1553979
948676,0.1046279
948677,0.045828205
948678,0.047743414
948679,0.11826841
948680,0.26870573
948681,0.17944609
948682,0.6280979
948683,0.6809363
948684,0.7923622
948685,0.8476335
948686,0.83909845
948687,0.89730316
948688,0.84080595
948689,0.89778763
948690,0.87635905
948691,0.8968852
948692,0.8705987
948693,0.8779452
948694,0.8743215
948695,0.8765259
948696,0.890386
948697,0.8778785
948698,0.8855502
948699,0.89099544
948700,0.8100342
948701,0.8101589
948702,0.81508064
948703,0.8459088
948704,0.82969666
948705,0.8015576
948706,0.8402926
948707,0.835597
948708,0.81765985
948709,0.79933125
948710,0.73398507
948711,0.8234344
948712,0.83577335
948713,0.42723492
948714,0.40228787
948715,0.4994017
948716,0.30421337
948717,0.15717775
948718,0.15526587
948719,0.15786593
948720,0.116509154
948721,0.018758297
948722,0.4109746
948723,0.44964993
948724,0.4476545
948725,0.36994904
948726,0.46186763
948727,0.39141524
948728,0.5456648
948729,0.59210646
948730,0.42639765
948731,0.54711264
948732,0.15412214
948733,0.46430102
948734,0.21270278
948735,0.16991237
948736,0.08449855
948737,0.06695364
948738,0.11392376
948739,0.12510669
948740,0.08729881
948741,0.11111083
948742,0.026109625
948743,0.055267736
948744,0.04299295
948745,0.047066487
948746,0.08750357
948747,0.06333441
948748,0.059502356
948749,0.037221394
948750,0.039934326
948751,0.20031475
948752,0.2327173
948753,0.14611907
948754,0.01146657
948755,0.032746676
948756,0.050616164
948757,0.05310735
948758,0.053879645
948759,0.03426209
948760,0.02809299
948761,0.061197937
948762,0.08091465
948763,0.09677152
948764,0.08326353
948765,0.08598983
948766,0.058224935
948767,0.014189359
948768,0.055261716
948769,0.027652528
948770,0.03780335
948771,0.055975515
948772,0.041863874
948773,0.05313329
948774,0.02564102
948775,0.021408537
948776,0.043429956
948777,0.037534207
948778,0.036253054
948779,0.040966537
948780,0.036520205
948781,0.041259207
948782,0.039858215
948783,0.14224735
948784,0.3064735
948785,0.18660465
948786,0.23515044
948787,0.5627842
948788,0.44045803
948789,0.58240396
948790,0.6313376
948791,0.42301708
948792,0.26891443
948793,0.49902797
948794,0.48006997
948795,0.018579286
948796,0.04952414
948797,0.022916544
948798,0.03602473
948799,0.030568723
948800,0.027709188
948801,0.027436297
948802,0.041029353
948803,0.011777094
948804,0.03624426
948805,0.050177842
948806,0.043036792
948807,0.051727843
948808,0.04447738
948809,0.040090304
948810,0.052238423
948811,0.036812782
948812,0.022242326
948813,0.051747493
948814,0.031490196
948815,0.041946787
948816,0.046765722
948817,0.032998003
948818,0.05402911
948819,0.054668564
948820,0.046560917
948821,0.012048216
948822,0.0323637
948823,0.04778186
948824,0.033752613
948825,0.03459672
948826,0.03623716
948827,0.032651544
948828,0.036652315
948829,0.021050898
948830,0.036644906
948831,0.034402374
948832,0.02298393
948833,0.03952665
948834,0.026005233
948835,0.020594312
948836,0.009294874
948837,0.050390963
948838,0.055511087
948839,0.053259186
948840,0.055652045
948841,0.091273315
948842,0.066754766
948843,0.012274247
948844,0.03205732
948845,0.057636995
948846,0.035090227
948847,0.024403034
948848,0.032995015
948849,0.028777448
948850,0.030784205
948851,0.012846176
948852,0.023314385
948853,0.03408212
948854,0.06086271
948855,0.03208494
948856,0.0402259
948857,0.037790958
948858,0.024609026
948859,0.12240931
948860,0.19255976
948861,0.23188724
948862,0.23191175
948863,0.2998934
948864,0.34977785
948865,0.35608217
948866,0.32850173
948867,0.31990793
948868,0.017060071
948869,0.060644533
948870,0.035941333
948871,0.036222737
948872,0.043858692
948873,0.044049248
948874,0.060724713
948875,0.045305945
948876,0.1081098
948877,0.01889024
948878,0.06940246
948879,0.07879514
948880,0.033056863
948881,0.0874972
948882,0.074027956
948883,0.07108874
948884,0.0846164
948885,0.06505393
948886,0.0679486
948887,0.13718446
948888,0.1017765
948889,0.12011783
948890,0.06711445
948891,0.15357567
948892,0.03323471
948893,0.07328559
948894,0.047624324
948895,0.07665422
948896,0.044649813
948897,0.047902256
948898,0.06228632
948899,0.056850094
948900,0.28245288
948901,0.17459576
948902,0.10361128
948903,0.061911922
948904,0.19240268
948905,0.313667
948906,0.20726733
948907,0.26040226
948908,0.221553
948909,0.27951145
948910,0.15058015
948911,0.32679704
948912,0.14684592
948913,0.21432222
948914,0.22200458
948915,0.102973
948916,0.1599139
948917,0.081110805
948918,0.17739837
948919,0.14848302
948920,0.092241086
948921,0.01470525
948922,0.042187076
948923,0.037536208
948924,0.057259873
948925,0.0375106
948926,0.031508606
948927,0.041844085
948928,0.04012823
948929,0.054049212
948930,0.009642619
948931,0.089957096
948932,0.13810709
948933,0.122636095
948934,0.060726717
948935,0.06576957
948936,0.07501959
948937,0.10963877
948938,0.31686527
948939,0.14846669
948940,0.22170496
948941,0.19814938
948942,0.14132158
948943,0.14248575
948944,0.056098007
948945,0.12185527
948946,0.1954768
948947,0.10549976
948948,0.094165966
948949,0.23604976
948950,0.24825542
948951,0.10287867
948952,0.08584938
948953,0.09877875
948954,0.013351493
948955,0.08852007
948956,0.09034201
948957,0.098528855
948958,0.08187814
948959,0.09750076
948960,0.1051105
948961,0.10275333
948962,0.10442137
948963,0.2075767
948964,0.38751698
948965,0.40513733
948966,0.24893914
948967,0.22938019
948968,0.04525062
948969,0.11374731
948970,0.058313124
948971,0.14422518
948972,0.13772759
948973,0.061260622
948974,0.11335239
948975,0.13060607
948976,0.11562196
948977,0.16319117
948978,0.12340824
948979,0.08288019
948980,0.20274462
948981,0.18929654
948982,0.22719723
948983,0.14765152
948984,0.16341756
948985,0.017872903
948986,0.13104099
948987,0.1188952
948988,0.07810425
948989,0.1443924
948990,0.083039105
948991,0.060491696
948992,0.06308185
948993,0.07245507
948994,0.20533948
948995,0.019207781
948996,0.14529425
948997,0.119212404
948998,0.15081747
948999,0.096370295
949000,0.18806837
949001,0.22661105
949002,0.23666158
949003,0.22230439
949004,0.28355005
949005,0.28277716
949006,0.38708374
949007,0.28421813
949008,0.37667134
949009,0.20410436
949010,0.11715931
949011,0.13378811
949012,0.20860434
949013,0.011708124
949014,0.14833258
949015,0.1385344
949016,0.18758233
949017,0.2649777
949018,0.2669287
949019,0.25029305
949020,0.26190576
949021,0.26156634
949022,0.094766125
949023,0.40296283
949024,0.12634553
949025,0.12046467
949026,0.32028523
949027,0.20815834
949028,0.017287582
949029,0.051254988
949030,0.07852666
949031,0.08364266
949032,0.10069483
949033,0.05227517
949034,0.08855384
949035,0.124948494
949036,0.084369026
949037,0.01667051
949038,0.2656423
949039,0.21221738
949040,0.55428904
949041,0.40679646
949042,0.3767261
949043,0.45980123
949044,0.3012088
949045,0.19059978
949046,0.55614763
949047,0.35115528
949048,0.3171496
949049,0.5188882
949050,0.43308157
949051,0.48221266
949052,0.41695783
949053,0.5181705
949054,0.40591234
949055,0.37075475
949056,0.24189414
949057,0.14581282
949058,0.020733625
949059,0.12791355
949060,0.022551658
949061,0.055544026
949062,0.05185544
949063,0.06438889
949064,0.045980766
949065,0.14308324
949066,0.080709785
949067,0.067547865
949068,0.06875857
949069,0.019868193
949070,0.042661894
949071,0.03124741
949072,0.022812823
949073,0.06602194
949074,0.057444993
949075,0.049208824
949076,0.05935832
949077,0.054745134
949078,0.04817628
949079,0.048398633
949080,0.010544249
949081,0.03002038
949082,0.027589388
949083,0.04198822
949084,0.05418959
949085,0.039040267
949086,0.028528765
949087,0.015078597
949088,0.028230762
949089,0.035769854
949090,0.035257705
949091,0.08290095
949092,0.03679659
949093,0.040617224
949094,0.0572957
949095,0.007555764
949096,0.017123781
949097,0.025164105
949098,0.017658792
949099,0.017352281
949100,0.018429393
949101,0.017603755
949102,0.06633096
949103,0.04469065
949104,0.047908008
949105,0.05040399
949106,0.06170888
949107,0.07026965
949108,0.062711276
949109,0.06538866
949110,0.07982249
949111,0.07073385
949112,0.08706929
949113,0.06320006
949114,0.011543661
949115,0.049480323
949116,0.083630376
949117,0.2389745
949118,0.055567056
949119,0.21257117
949120,0.04762496
949121,0.04886077
949122,0.04033283
949123,0.049085155
949124,0.08906664
949125,0.09507886
949126,0.064444624
949127,0.10803631
949128,0.119840354
949129,0.18008927
949130,0.113812655
949131,0.07615302
949132,0.12248807
949133,0.16545485
949134,0.2214715
949135,0.106690705
949136,0.011966695
949137,0.05120517
949138,0.032142844
949139,0.035744462
949140,0.05150135
949141,0.033513147
949142,0.035295792
949143,0.016760271
949144,0.011275452
949145,0.15111323
949146,0.013121042
949147,0.33615568
949148,0.007319743
949149,0.016407857
949150,0.014225454
949151,0.013355111
949152,0.015528945
949153,0.014690886
949154,0.012651726
949155,0.013017273
949156,0.016548062
949157,0.0052963905
949158,0.011456256
949159,0.011993358
949160,0.027170114
949161,0.013592669
949162,0.011546797
949163,0.011989257
949164,0.016556662
949165,0.24128991
949166,0.20345995
949167,0.007876975
949168,0.034062862
949169,0.1013679
949170,0.043378253
949171,0.09741033
949172,0.03803156
949173,0.080078945
949174,0.0320442
949175,0.04830866
949176,0.047597934
949177,0.10153132
949178,0.016384894
949179,0.034180183
949180,0.030594105
949181,0.05736014
949182,0.034120347
949183,0.19318996
949184,0.034360476
949185,0.06321804
949186,0.033365823
949187,0.033873495
949188,0.02810994
949189,0.28628343
949190,0.013810306
949191,0.0285085
949192,0.05489219
949193,0.02668273
949194,0.030914593
949195,0.027274894
949196,0.026683914
949197,0.025907662
949198,0.017732628
949199,0.025144517
949200,0.013475127
949201,0.05820661
949202,0.18544501
949203,0.054216906
949204,0.044448845
949205,0.052499555
949206,0.10120667
949207,0.25700447
949208,0.046673186
949209,0.043614816
949210,0.059385773
949211,0.06697643
949212,0.061784316
949213,0.010294907
949214,0.02927207
949215,0.029425535
949216,0.039806228
949217,0.033608835
949218,0.033604585
949219,0.024574773
949220,0.024449969
949221,0.031799857
949222,0.020483973
949223,0.008767697
949224,0.06346745
949225,0.06064844
949226,0.057847228
949227,0.05163622
949228,0.052996993
949229,0.04190695
949230,0.0363225
949231,0.039895296
949232,0.03025772
949233,0.14222991
949234,0.32137996
949235,0.3274128
949236,0.15461072
949237,0.26532537
949238,0.24826494
949239,0.34354547
949240,0.24795549
949241,0.41685775
949242,0.28325948
949243,0.41374415
949244,0.2748834
949245,0.25705892
949246,0.37562346
949247,0.3661661
949248,0.31787091
949249,0.03994235
949250,0.17896381
949251,0.10866908
949252,0.16443126
949253,0.13074179
949254,0.1036774
949255,0.13453582
949256,0.31769082
949257,0.19575493
949258,0.19229904
949259,0.159118
949260,0.16778149
949261,0.1067406
949262,0.18628529
949263,0.24242169
949264,0.24231333
949265,0.21848828
949266,0.16002123
949267,0.019277478
949268,0.093857355
949269,0.10260925
949270,0.098645635
949271,0.13125865
949272,0.15752012
949273,0.13904324
949274,0.17037605
949275,0.01707291
949276,0.08047755
949277,0.08299319
949278,0.10398521
949279,0.0695077
949280,0.08725008
949281,0.08408774
949282,0.08441599
949283,0.16742426
949284,0.16328952
949285,0.02047685
949286,0.12229681
949287,0.14478417
949288,0.12299104
949289,0.16256677
949290,0.14811626
949291,0.13156615
949292,0.13568066
949293,0.1855316
949294,0.118383504
949295,0.10194796
949296,0.02051965
949297,0.03581413
949298,0.038415316
949299,0.03937473
949300,0.040907577
949301,0.039651755
949302,0.045097947
949303,0.039553903
949304,0.13017377
949305,0.15143025
949306,0.12341964
949307,0.10507246
949308,0.01204046
949309,0.064656615
949310,0.06976343
949311,0.09340281
949312,0.0711469
949313,0.067036375
949314,0.08168076
949315,0.09142027
949316,0.015557926
949317,0.07832803
949318,0.060057033
949319,0.1204967
949320,0.05526083
949321,0.048844963
949322,0.04668478
949323,0.065267265
949324,0.04369937
949325,0.03421026
949326,0.006466908
949327,0.04062133
949328,0.018801669
949329,0.022191335
949330,0.018993188
949331,0.033922628
949332,0.028947022
949333,0.025513124
949334,0.19150147
949335,0.01718931
949336,0.019783676
949337,0.03571853
949338,0.48350918
949339,0.5496833
949340,0.6800179
949341,0.6699547
949342,0.6027094
949343,0.67037594
949344,0.7250629
949345,0.71828866
949346,0.61651874
949347,0.67523825
949348,0.6184244
949349,0.619585
949350,0.6007673
949351,0.41779414
949352,0.046644412
949353,0.051149696
949354,0.06338534
949355,0.029889304
949356,0.05177957
949357,0.05442044
949358,0.07434094
949359,0.042927448
949360,0.01895159
949361,0.028869137
949362,0.06037566
949363,0.041854713
949364,0.03266776
949365,0.07723056
949366,0.038590252
949367,0.028922535
949368,0.055850945
949369,0.030527866
949370,0.30280575
949371,0.26073283
949372,0.3444048
949373,0.21598585
949374,0.13974003
949375,0.0993775
949376,0.008993747
949377,0.016191801
949378,0.020773428
949379,0.02429005
949380,0.023820126
949381,0.020467516
949382,0.01950262
949383,0.033689912
949384,0.014111609
949385,0.0314535
949386,0.031984165
949387,0.031360846
949388,0.033698477
949389,0.037254542
949390,0.0316066
949391,0.034700476
949392,0.03001147
949393,0.011552578
949394,0.02240704
949395,0.022651726
949396,0.03980521
949397,0.030433012
949398,0.022789326
949399,0.05276916
949400,0.017042227
949401,0.010910743
949402,0.03265031
949403,0.031869918
949404,0.046269864
949405,0.029246345
949406,0.03245479
949407,0.063130304
949408,0.04795584
949409,0.02940297
949410,0.006990238
949411,0.018611917
949412,0.019825405
949413,0.020132668
949414,0.019814111
949415,0.017959826
949416,0.022319552
949417,0.016926296
949418,0.028282095
949419,0.0069990116
949420,0.021173159
949421,0.021623725
949422,0.024979226
949423,0.038977724
949424,0.02482689
949425,0.018042017
949426,0.4696221
949427,0.16104877
949428,0.10829239
949429,0.014585086
949430,0.042582408
949431,0.03076796
949432,0.03017297
949433,0.040499266
949434,0.04077943
949435,0.041573014
949436,0.032607608
949437,0.013952017
949438,0.07617775
949439,0.13708735
949440,0.7225578
949441,0.6994517
949442,0.67033416
949443,0.65289503
949444,0.7363435
949445,0.76455486
949446,0.74584246
949447,0.6588505
949448,0.49231207
949449,0.105583124
949450,0.23721917
949451,0.22844061
949452,0.22002752
949453,0.25735658
949454,0.20831533
949455,0.21010453
949456,0.25225332
949457,0.24686171
949458,0.24847661
949459,0.14188518
949460,0.01221789
949461,0.03904711
949462,0.041304536
949463,0.05116791
949464,0.047884613
949465,0.04889042
949466,0.0499002
949467,0.033473738
949468,0.046858896
949469,0.25304866
949470,0.27180338
949471,0.2514047
949472,0.302402
949473,0.24806747
949474,0.27536395
949475,0.06803705
949476,0.22037739
949477,0.17671253
949478,0.14839494
949479,0.13222276
949480,0.26534292
949481,0.12123177
949482,0.011818192
949483,0.037818
949484,0.049317084
949485,0.041536983
949486,0.042273875
949487,0.05200649
949488,0.03646215
949489,0.048190884
949490,0.057505034
949491,0.08210398
949492,0.06698452
949493,0.19485845
949494,0.4111944
949495,0.2631199
949496,0.13722605
949497,0.28676033
949498,0.22492118
949499,0.25836632
949500,0.31787628
949501,0.5724728
949502,0.50720775
949503,0.46406987
949504,0.47413838
949505,0.550746
949506,0.58546066
949507,0.51730543
949508,0.36345726
949509,0.6623098
949510,0.6762522
949511,0.6985475
949512,0.45693648
949513,0.39772812
949514,0.2936055
949515,0.46410033
949516,0.62062895
949517,0.6379459
949518,0.45157048
949519,0.34519598
949520,0.15346102
949521,0.054456152
949522,0.21186078
949523,0.021038882
949524,0.98401153
949525,0.24714272
949526,0.12434379
949527,0.31858757
949528,0.120096736
949529,0.35832494
949530,0.39429623
949531,0.4074529
949532,0.35763043
949533,0.13216996
949534,0.12920056
949535,0.12607436
949536,0.28523704
949537,0.30204472
949538,0.031758513
949539,0.12888338
949540,0.26552406
949541,0.071455024
949542,0.06429231
949543,0.048868727
949544,0.21981092
949545,0.0102414265
949546,0.02317219
949547,0.040677723
949548,0.03264027
949549,0.026462482
949550,0.033299312
949551,0.025516098
949552,0.026659762
949553,0.19310956
949554,0.062103495
949555,0.008494712
949556,0.029165814
949557,0.14643021
949558,0.060157623
949559,0.045961704
949560,0.23090635
949561,0.046458982
949562,0.008997338
949563,0.02638972
949564,0.0346415
949565,0.07874137
949566,0.041634843
949567,0.20231754
949568,0.088612966
949569,0.2657901
949570,0.100813575
949571,0.082327046
949572,0.013733088
949573,0.057515595
949574,0.05218433
949575,0.032582663
949576,0.04804293
949577,0.046338722
949578,0.066620834
949579,0.043618724
949580,0.04751637
949581,0.04819246
949582,0.044245884
949583,0.034425024
949584,0.011360182
949585,0.025170088
949586,0.02981954
949587,0.025894722
949588,0.04207582
949589,0.024628604
949590,0.029493157
949591,0.025809389
949592,0.044559326
949593,0.0313315
949594,0.19554429
949595,0.33970222
949596,0.13575995
949597,0.015027624
949598,0.09935904
949599,0.041052543
949600,0.18895672
949601,0.12816502
949602,0.10895687
949603,0.04629387
949604,0.1087545
949605,0.09021657
949606,0.17053287
949607,0.19493936
949608,0.1781334
949609,0.017660677
949610,0.08481958
949611,0.08404168
949612,0.08109851
949613,0.07377552
949614,0.086152695
949615,0.09159454
949616,0.026282793
949617,0.061214413
949618,0.03864946
949619,0.070244625
949620,0.048770968
949621,0.060593348
949622,0.051249206
949623,0.10024662
949624,0.03511367
949625,0.033695225
949626,0.029515712
949627,0.45971656
949628,0.781685
949629,0.787791
949630,0.78998446
949631,0.78219324
949632,0.77707684
949633,0.8296561
949634,0.7299567
949635,0.6434316
949636,0.777478
949637,0.81382203
949638,0.6848646
949639,0.7922337
949640,0.74432236
949641,0.81778085
949642,0.8139864
949643,0.7791023
949644,0.6714282
949645,0.72757524
949646,0.72165215
949647,0.6821098
949648,0.6190131
949649,0.75645065
949650,0.5927469
949651,0.094960995
949652,0.014564007
949653,0.050289977
949654,0.05287285
949655,0.053676188
949656,0.048384294
949657,0.04814915
949658,0.058642324
949659,0.1408865
949660,0.22621867
949661,0.36726907
949662,0.355992
949663,0.43128353
949664,0.70964944
949665,0.5742477
949666,0.5497226
949667,0.74880767
949668,0.63850963
949669,0.45048764
949670,0.33441597
949671,0.5718676
949672,0.64181256
949673,0.60640895
949674,0.6391603
949675,0.047717508
949676,0.4895731
949677,0.8080692
949678,0.6631287
949679,0.5491081
949680,0.6277713
949681,0.6932673
949682,0.6415564
949683,0.514941
949684,0.5160181
949685,0.6618626
949686,0.5136715
949687,0.59656346
949688,0.7287618
949689,0.1700681
949690,0.26284012
949691,0.032501683
949692,0.18981323
949693,0.24283731
949694,0.13529943
949695,0.035144128
949696,0.15311767
949697,0.21448307
949698,0.33286223
949699,0.24348134
949700,0.16710627
949701,0.19314191
949702,0.12767719
949703,0.1309743
949704,0.12763971
949705,0.11233268
949706,0.098396935
949707,0.05570914
949708,0.20816644
949709,0.35996702
949710,0.15924263
949711,0.12241457
949712,0.013988629
949713,0.03606392
949714,0.032625806
949715,0.032949172
949716,0.034575272
949717,0.02975105
949718,0.032270636
949719,0.0300296
949720,0.029461937
949721,0.02247467
949722,0.085732244
949723,0.07707152
949724,0.083227195
949725,0.082277164
949726,0.070616156
949727,0.0137759475
949728,0.027653262
949729,0.027809426
949730,0.041963644
949731,0.038295764
949732,0.048634347
949733,0.041178335
949734,0.029038293
949735,0.055417024
949736,0.03449688
949737,0.012736659
949738,0.026034899
949739,0.03439686
949740,0.027238743
949741,0.028909376
949742,0.025283221
949743,0.04906854
949744,0.026016146
949745,0.025534857
949746,0.025280695
949747,0.20592284
949748,0.014441051
949749,0.050119217
949750,0.0889189
949751,0.058449425
949752,0.05708717
949753,0.05909444
949754,0.06880293
949755,0.069505796
949756,0.06353627
949757,0.075776525
949758,0.34395206
949759,0.17823689
949760,0.5416681
949761,0.12047488
949762,0.43869656
949763,0.27223
949764,0.13514927
949765,0.15183929
949766,0.08904691
949767,0.16105805
949768,0.56343603
949769,0.7041687
949770,0.46485206
949771,0.6986019
949772,0.5592668
949773,0.6383132
949774,0.7529684
949775,0.7140263
949776,0.551
949777,0.4273558
949778,0.54001796
949779,0.43694007
949780,0.70968986
949781,0.48737848
949782,0.70437443
949783,0.6532567
949784,0.5500135
949785,0.59699327
949786,0.68138486
949787,0.64342755
949788,0.5510499
949789,0.28742647
949790,0.019275667
949791,0.03466274
949792,0.029038794
949793,0.036311056
949794,0.036029767
949795,0.10715171
949796,0.16105726
949797,0.5029062
949798,0.676782
949799,0.7149439
949800,0.5374142
949801,0.590333
949802,0.4777583
949803,0.6103924
949804,0.5916105
949805,0.66430026
949806,0.58443296
949807,0.5657104
949808,0.6987065
949809,0.32359552
949810,0.40733927
949811,0.03217341
949812,0.081164576
949813,0.042712595
949814,0.042214986
949815,0.047006086
949816,0.16636877
949817,0.039747596
949818,0.044937965
949819,0.02790309
949820,0.22345233
949821,0.23980881
949822,0.19457325
949823,0.15499859
949824,0.0089255115
949825,0.024799485
949826,0.060955245
949827,0.021461071
949828,0.027123375
949829,0.023903282
949830,0.020419963
949831,0.022203842
949832,0.04054571
949833,0.18478656
949834,0.131787
949835,0.15767616
949836,0.12788829
949837,0.12773941
949838,0.10227876
949839,0.06046218
949840,0.083483174
949841,0.062669314
949842,0.109742895
949843,0.061499726
949844,0.07792897
949845,0.056691032
949846,0.06000345
949847,0.04715367
949848,0.0072166547
949849,0.049493194
949850,0.04998304
949851,0.05955611
949852,0.04884566
949853,0.057408687
949854,0.039894473
949855,0.12532616
949856,0.1586699
949857,0.15508261
949858,0.16063653
949859,0.15597267
949860,0.12969165
949861,0.12537104
949862,0.08343315
949863,0.0055565606
949864,0.031803653
949865,0.014630325
949866,0.019334868
949867,0.017932799
949868,0.115010746
949869,0.015300183
949870,0.025938472
949871,0.02550155
949872,0.056148894
949873,0.04891038
949874,0.013192066
949875,0.04099197
949876,0.040183175
949877,0.048795406
949878,0.9755687
949879,0.059667073
949880,0.23038264
949881,0.13255478
949882,0.06978445
949883,0.13139401
949884,0.06718488
949885,0.03415915
949886,0.029102206
949887,0.041622013
949888,0.09510192
949889,0.107482485
949890,0.10000824
949891,0.112756446
949892,0.09041571
949893,0.095063165
949894,0.08633245
949895,0.113873266
949896,0.08525631
949897,0.06515535
949898,0.0136408
949899,0.037705187
949900,0.042831097
949901,0.027245555
949902,0.024638066
949903,0.032804497
949904,0.020680955
949905,0.032757476
949906,0.14625122
949907,0.0824788
949908,0.14981565
949909,0.13405676
949910,0.08032169
949911,0.011837928
949912,0.013979194
949913,0.01691477
949914,0.012866715
949915,0.015593358
949916,0.016549638
949917,0.011404675
949918,0.010858682
949919,0.19860783
949920,0.19902284
949921,0.19101636
949922,0.3647469
949923,0.2594045
949924,0.32801738
949925,0.23824748
949926,0.18066627
949927,0.3918548
949928,0.2727009
949929,0.15090306
949930,0.014070088
949931,0.04473053
949932,0.0718884
949933,0.050855532
949934,0.07411279
949935,0.046108466
949936,0.039075643
949937,0.013151177
949938,0.03634625
949939,0.0379365
949940,0.03446852
949941,0.03727924
949942,0.03476916
949943,0.03306777
949944,0.042446833
949945,0.034747913
949946,0.01623328
949947,0.09847933
949948,0.094782874
949949,0.10807029
949950,0.09792027
949951,0.102445394
949952,0.023005541
949953,0.13820925
949954,0.14836077
949955,0.2563365
949956,0.41767973
949957,0.360852
949958,0.36697677
949959,0.1471755
949960,0.30834147
949961,0.532582
949962,0.16467266
949963,0.35348132
949964,0.20280962
949965,0.34445867
949966,0.19336149
949967,0.029084355
949968,0.13683392
949969,0.03006575
949970,0.045935355
949971,0.06592758
949972,0.041353054
949973,0.05904926
949974,0.047022372
949975,0.030850139
949976,0.2311897
949977,0.29905325
949978,0.27033752
949979,0.2724328
949980,0.28734303
949981,0.29171538
949982,0.32517406
949983,0.52775496
949984,0.2285533
949985,0.014556714
949986,0.068192475
949987,0.019812083
949988,0.10493597
949989,0.11627236
949990,0.123526946
949991,0.14121187
949992,0.23435935
949993,0.3169324
949994,0.111708194
949995,0.4983303
949996,0.31827986
949997,0.048748374
949998,0.016688624
949999,0.09230323
950000,0.17190719
950001,0.09456189
950002,0.3727371
950003,0.17884895
950004,0.052710876
950005,0.27271658
950006,0.1994509
950007,0.3082373
950008,0.2875352
950009,0.20541416
950010,0.3854671
950011,0.24570544
950012,0.38059163
950013,0.42996216
950014,0.3058536
950015,0.2845359
950016,0.22659186
950017,0.24151699
950018,0.50380725
950019,0.19232671
950020,0.044072084
950021,0.05149154
950022,0.6361687
950023,0.06565971
950024,0.26850328
950025,0.13092338
950026,0.308464
950027,0.41658422
950028,0.7564105
950029,0.11472417
950030,0.19490802
950031,0.10147935
950032,0.13731685
950033,0.025236007
950034,0.094477825
950035,0.056167006
950036,0.07420185
950037,0.24948105
950038,0.6302805
950039,0.50544286
950040,0.6539666
950041,0.1517257
950042,0.7186238
950043,0.703775
950044,0.22386533
950045,0.67126614
950046,0.63898325
950047,0.68852144
950048,0.5505004
950049,0.6739657
950050,0.86688405
950051,0.6697198
950052,0.2533799
950053,0.078764
950054,0.29864973
950055,0.23651281
950056,0.23709868
950057,0.15514296
950058,0.11859906
950059,0.25885978
950060,0.13276558
950061,0.038340326
950062,0.16706197
950063,0.046050325
950064,0.0975938
950065,0.14063805
950066,0.13372183
950067,0.26068327
950068,0.12098897
950069,0.31342408
950070,0.15575144
950071,0.079309344
950072,0.20923786
950073,0.14143796
950074,0.22241773
950075,0.30399927
950076,0.16050567
950077,0.090442926
950078,0.074093334
950079,0.17572932
950080,0.024299465
950081,0.081199914
950082,0.06366242
950083,0.053108398
950084,0.06877279
950085,0.057200994
950086,0.078009374
950087,0.06968628
950088,0.08785944
950089,0.1222218
950090,0.08225708
950091,0.017490495
950092,0.03150015
950093,0.01974452
950094,0.012732349
950095,0.011273804
950096,0.01212912
950097,0.011695495
950098,0.014232617
950099,0.017636143
950100,0.016462747
950101,0.080074765
950102,0.010127266
950103,0.032957334
950104,0.030612655
950105,0.029702911
950106,0.04214542
950107,0.031920034
950108,0.03364522
950109,0.052610423
950110,0.306122
950111,0.06516655
950112,0.031329863
950113,0.039563116
950114,0.036239196
950115,0.03569829
950116,0.07262644
950117,0.1491808
950118,0.30769455
950119,0.13635805
950120,0.41712108
950121,0.17408323
950122,0.24409421
950123,0.31085676
950124,0.19502747
950125,0.011498692
950126,0.015700296
950127,0.01704626
950128,0.013756475
950129,0.017128421
950130,0.025758663
950131,0.011038888
950132,0.012824745
950133,0.011180113
950134,0.009266665
950135,0.011969814
950136,0.014482698
950137,0.01676559
950138,0.22684842
950139,0.22650546
950140,0.23077852
950141,0.23413034
950142,0.21582706
950143,0.1983814
950144,0.2204988
950145,0.004654315
950146,0.012587616
950147,0.011545996
950148,0.009064185
950149,0.009615789
950150,0.011399994
950151,0.01004937
950152,0.0053348257
950153,0.008866484
950154,0.011387136
950155,0.014616302
950156,0.014771404
950157,0.009437854
950158,0.015130472
950159,0.015929764
950160,0.011766143
950161,0.014556126
950162,0.014095657
950163,0.0120504415
950164,0.18606523
950165,0.005934691
950166,0.019117458
950167,0.008499962
950168,0.00922438
950169,0.01369202
950170,0.009322054
950171,0.015034965
950172,0.031059958
950173,0.32145151
950174,0.25686005
950175,0.1514859
950176,0.29564175
950177,0.16463538
950178,0.3720778
950179,0.2775449
950180,0.2595128
950181,0.14542617
950182,0.0059443396
950183,0.06752111
950184,0.030627418
950185,0.021798637
950186,0.026272561
950187,0.017640976
950188,0.029410485
950189,0.05806962
950190,0.032232337
950191,0.406171
950192,0.5007476
950193,0.49212724
950194,0.55656576
950195,0.6217322
950196,0.6002257
950197,0.2981597
950198,0.6456068
950199,0.5971293
950200,0.4864185
950201,0.33596963
950202,0.32911053
950203,0.3272389
950204,0.30285335
950205,0.27400443
950206,0.3025322
950207,0.26375353
950208,0.3902106
950209,0.14110537
950210,0.1712556
950211,0.13167557
950212,0.020594055
950213,0.19118388
950214,0.25021273
950215,0.21060428
950216,0.37672195
950217,0.6038235
950218,0.22420748
950219,0.38838968
950220,0.23561695
950221,0.24653524
950222,0.22062846
950223,0.24160367
950224,0.016515417
950225,0.041554518
950226,0.031287536
950227,0.025805354
950228,0.06393212
950229,0.13627012
950230,0.061454628
950231,0.05194875
950232,0.13171113
950233,0.046936046
950234,0.24841751
950235,0.057006817
950236,0.19325513
950237,0.11397453
950238,0.10341435
950239,0.11543274
950240,0.015086367
950241,0.057276938
950242,0.06544931
950243,0.06140918
950244,0.044669993
950245,0.2754143
950246,0.24654318
950247,0.2178571
950248,0.19551185
950249,0.19886844
950250,0.13821319
950251,0.033569876
950252,0.57954365
950253,0.7085679
950254,0.34622243
950255,0.8700759
950256,0.72461915
950257,0.12142019
950258,0.15448426
950259,0.22102813
950260,0.52706575
950261,0.018769618
950262,0.08403316
950263,0.07608703
950264,0.08115183
950265,0.07371889
950266,0.085783705
950267,0.08013169
950268,0.087689236
950269,0.14187132
950270,0.07608946
950271,0.111150734
950272,0.052981544
950273,0.49314874
950274,0.017468026
950275,0.07979586
950276,0.097681224
950277,0.084985234
950278,0.056562446
950279,0.05573045
950280,0.08101338
950281,0.08173477
950282,0.05851948
950283,0.056829154
950284,0.16519646
950285,0.07367105
950286,0.19765185
950287,0.18848506
950288,0.023547063
950289,0.27641842
950290,0.30099085
950291,0.4297796
950292,0.8827064
950293,0.2438767
950294,0.74740344
950295,0.73302466
950296,0.32827404
950297,0.25280744
950298,0.17283788
950299,0.2799442
950300,0.18847948
950301,0.4651927
950302,0.20872426
950303,0.08900594
950304,0.044519797
950305,0.064554885
950306,0.079374075
950307,0.39134827
950308,0.5348044
950309,0.4954757
950310,0.50132185
950311,0.47304803
950312,0.3931821
950313,0.41205332
950314,0.45795628
950315,0.6215121
950316,0.56654227
950317,0.6683957
950318,0.57408255
950319,0.6533489
950320,0.2803689
950321,0.3157347
950322,0.62348557
950323,0.6552
950324,0.63088655
950325,0.7558558
950326,0.71590906
950327,0.77932024
950328,0.76467764
950329,0.7600248
950330,0.6825611
950331,0.54455256
950332,0.61801034
950333,0.72283155
950334,0.7651437
950335,0.73932517
950336,0.72988373
950337,0.76017284
950338,0.7522863
950339,0.76967716
950340,0.7170884
950341,0.71384686
950342,0.7436828
950343,0.749615
950344,0.38556302
950345,0.18052594
950346,0.10130872
950347,0.10614425
950348,0.10254085
950349,0.07898426
950350,0.07752521
950351,0.16592643
950352,0.16925372
950353,0.06133946
950354,0.1488658
950355,0.2119686
950356,0.17621817
950357,0.19597606
950358,0.22947949
950359,0.05440032
950360,0.102828465
950361,0.09980323
950362,0.09896087
950363,0.116159916
950364,0.07245265
950365,0.110474676
950366,0.10997598
950367,0.36123687
950368,0.44966966
950369,0.6260502
950370,0.78066033
950371,0.84855175
950372,0.8463107
950373,0.8108161
950374,0.8728938
950375,0.90266293
950376,0.8836134
950377,0.9187697
950378,0.9298039
950379,0.9054455
950380,0.8897886
950381,0.8702045
950382,0.90228385
950383,0.93319577
950384,0.91429627
950385,0.92924964
950386,0.9121167
950387,0.8810111
950388,0.92173177
950389,0.92909044
950390,0.90238774
950391,0.9236846
950392,0.90215915
950393,0.9304845
950394,0.9158622
950395,0.93124485
950396,0.934167
950397,0.9421318
950398,0.91541415
950399,0.9197222
950400,0.94124323
950401,0.9247964
950402,0.9445434
950403,0.93155974
950404,0.931823
950405,0.93616074
950406,0.9295078
950407,0.93111986
950408,0.9384425
950409,0.9450863
950410,0.94112676
950411,0.9386373
950412,0.9291948
950413,0.9019639
950414,0.9395895
950415,0.93562335
950416,0.924793
950417,0.93781555
950418,0.9303487
950419,0.91481984
950420,0.86165243
950421,0.9394628
950422,0.9358441
950423,0.9394471
950424,0.9322189
950425,0.92634654
950426,0.9329163
950427,0.79163027
950428,0.14718005
950429,0.07085502
950430,0.05110979
950431,0.05624823
950432,0.042666048
950433,0.040541314
950434,0.054480147
950435,0.07788242
950436,0.07541821
950437,0.08177794
950438,0.037540134
950439,0.3080898
950440,0.16106622
950441,0.013210975
950442,0.03845339
950443,0.046695
950444,0.047472287
950445,0.04242613
950446,0.07674549
950447,0.2507294
950448,0.1103447
950449,0.2334101
950450,0.35456488
950451,0.19620071
950452,0.15829924
950453,0.09197114
950454,0.19125679
950455,0.33910373
950456,0.024515567
950457,0.2932834
950458,0.3227931
950459,0.47201824
950460,0.54185045
950461,0.4832984
950462,0.49565196
950463,0.6286524
950464,0.6235473
950465,0.61017287
950466,0.75616854
950467,0.6692563
950468,0.63540155
950469,0.65351546
950470,0.42007455
950471,0.6367133
950472,0.5893926
950473,0.6214289
950474,0.6759335
950475,0.58253986
950476,0.6064261
950477,0.35558364
950478,0.27036855
950479,0.09440833
950480,0.050274234
950481,0.20928763
950482,0.18932447
950483,0.08556064
950484,0.09318231
950485,0.16098525
950486,0.2692727
950487,0.124878496
950488,0.22853346
950489,0.05277152
950490,0.07175164
950491,0.044894245
950492,0.106297664
950493,0.065523274
950494,0.06119634
950495,0.05643942
950496,0.055277824
950497,0.04910207
950498,0.012237798
950499,0.07935573
950500,0.09722518
950501,0.089795694
950502,0.063355945
950503,0.07103433
950504,0.08673762
950505,0.026670946
950506,0.055514436
950507,0.07513613
950508,0.01404724
950509,0.04072734
950510,0.0428969
950511,0.035871748
950512,0.051946364
950513,0.12893683
950514,0.21080685
950515,0.35743824
950516,0.3722004
950517,0.2796659
950518,0.36584944
950519,0.26071948
950520,0.24369954
950521,0.16990373
950522,0.021115467
950523,0.17009312
950524,0.19757393
950525,0.18045355
950526,0.18669075
950527,0.112307884
950528,0.17743608
950529,0.28308183
950530,0.15680106
950531,0.16542841
950532,0.12760843
950533,0.11802431
950534,0.42798316
950535,0.5163979
950536,0.16336215
950537,0.842455
950538,0.19617192
950539,0.50199383
950540,0.37967336
950541,0.42625207
950542,0.51197636
950543,0.9114024
950544,0.606208
950545,0.019238947
950546,0.05314093
950547,0.04015255
950548,0.052434634
950549,0.06270438
950550,0.04540361
950551,0.035157427
950552,0.061245065
950553,0.33709663
950554,0.18239531
950555,0.056344863
950556,0.058189057
950557,0.6629313
950558,0.101452135
950559,0.049539436
950560,0.4018629
950561,0.23378229
950562,0.020296976
950563,0.05555302
950564,0.031495832
950565,0.0320596
950566,0.036864284
950567,0.02739888
950568,0.03444887
950569,0.046133082
950570,0.09229578
950571,0.7571053
950572,0.48812398
950573,0.34373844
950574,0.43212354
950575,0.47390336
950576,0.45514774
950577,0.46138838
950578,0.5385817
950579,0.17595889
950580,0.46626297
950581,0.1729136
950582,0.2854133
950583,0.022005372
950584,0.12422117
950585,0.11002394
950586,0.11617025
950587,0.11284989
950588,0.1662002
950589,0.06858958
950590,0.061312553
950591,0.05633513
950592,0.043371636
950593,0.022868425
950594,0.18480723
950595,0.37416777
950596,0.41304806
950597,0.15185617
950598,0.052399665
950599,0.23189288
950600,0.20296247
950601,0.2000222
950602,0.19172806
950603,0.15372784
950604,0.18806161
950605,0.09608281
950606,0.0889207
950607,0.12813757
950608,0.06793673
950609,0.06874947
950610,0.06030614
950611,0.21486443
950612,0.026134225
950613,0.03885373
950614,0.060820088
950615,0.032014135
950616,0.036186837
950617,0.02930228
950618,0.13035358
950619,0.015369585
950620,0.047523007
950621,0.051281895
950622,0.01815776
950623,0.0454639
950624,0.0483911
950625,0.051686443
950626,0.21499313
950627,0.10481714
950628,0.11624741
950629,0.12830447
950630,0.3890997
950631,0.58006704
950632,0.5689166
950633,0.668967
950634,0.6069698
950635,0.5711096
950636,0.74521554
950637,0.3435535
950638,0.46394005
950639,0.51536334
950640,0.48875588
950641,0.35795018
950642,0.36916918
950643,0.38840535
950644,0.47000784
950645,0.499732
950646,0.45967117
950647,0.31521946
950648,0.47361204
950649,0.029410332
950650,0.72410274
950651,0.4742544
950652,0.59266895
950653,0.804676
950654,0.7898653
950655,0.8245791
950656,0.7425916
950657,0.68419665
950658,0.75643456
950659,0.7560174
950660,0.24441707
950661,0.5588253
950662,0.72672534
950663,0.654039
950664,0.78944284
950665,0.7739228
950666,0.36299253
950667,0.107538775
950668,0.2606945
950669,0.14505793
950670,0.22418751
950671,0.14021225
950672,0.11955421
950673,0.1257109
950674,0.05890695
950675,0.037294663
950676,0.036211517
950677,0.035972368
950678,0.037077513
950679,0.040546656
950680,0.04802661
950681,0.07523104
950682,0.016740087
950683,0.20728564
950684,0.18745372
950685,0.33062276
950686,0.072073095
950687,0.026642933
950688,0.09372959
950689,0.06629892
950690,0.041400924
950691,0.026154913
950692,0.02870553
950693,0.058337748
950694,0.049166296
950695,0.006085304
950696,0.012770257
950697,0.014066708
950698,0.013238921
950699,0.012753945
950700,0.01161191
950701,0.010648285
950702,0.008532253
950703,0.010326506
950704,0.0096018175
950705,0.018023508
950706,0.009783261
950707,0.014303485
950708,0.007412393
950709,0.02368211
950710,0.016340533
950711,0.01705418
950712,0.04808125
950713,0.16874464
950714,0.03688366
950715,0.17112452
950716,0.11918237
950717,0.012119245
950718,0.021619333
950719,0.023253273
950720,0.02092996
950721,0.017760456
950722,0.021532334
950723,0.017153814
950724,0.42151877
950725,0.5854184
950726,0.34942195
950727,0.30524868
950728,0.60603476
950729,0.44434664
950730,0.59057605
950731,0.5894281
950732,0.5322759
950733,0.4805443
950734,0.6926698
950735,0.5981337
950736,0.41401654
950737,0.14086586
950738,0.114581116
950739,0.17392632
950740,0.06619979
950741,0.114674054
950742,0.0764526
950743,0.18150643
950744,0.015973574
950745,0.039834388
950746,0.08158253
950747,0.036450945
950748,0.04523617
950749,0.04199824
950750,0.06759937
950751,0.03601401
950752,0.03658536
950753,0.055974696
950754,0.017907731
950755,0.0829985
950756,0.06822021
950757,0.24954528
950758,0.27643362
950759,0.19534388
950760,0.11751043
950761,0.26336554
950762,0.26459917
950763,0.10186362
950764,0.15965207
950765,0.015958717
950766,0.40231365
950767,0.18604255
950768,0.24479324
950769,0.17767747
950770,0.2788562
950771,0.3041484
950772,0.304406
950773,0.29119185
950774,0.1892302
950775,0.14794546
950776,0.21239671
950777,0.21582548
950778,0.19426641
950779,0.12368221
950780,0.014681868
950781,0.07871976
950782,0.040802844
950783,0.05195462
950784,0.08349335
950785,0.02776691
950786,0.14372544
950787,0.08576024
950788,0.101258785
950789,0.15835457
950790,0.2279062
950791,0.24680454
950792,0.3062462
950793,0.23706174
950794,0.32216266
950795,0.14153156
950796,0.108249746
950797,0.04498092
950798,0.06697276
950799,0.24911113
950800,0.3378159
950801,0.2473973
950802,0.21416417
950803,0.23259786
950804,0.17471378
950805,0.021578997
950806,0.13545509
950807,0.2484457
950808,0.08873712
950809,0.07997972
950810,0.09386284
950811,0.12567404
950812,0.030144937
950813,0.083709806
950814,0.030940784
950815,0.03830575
950816,0.07886791
950817,0.07054645
950818,0.15478152
950819,0.055043545
950820,0.16205107
950821,0.059596628
950822,0.083570674
950823,0.07165774
950824,0.024895366
950825,0.3452425
950826,0.29362586
950827,0.47179204
950828,0.3176922
950829,0.46008396
950830,0.35836363
950831,0.5341262
950832,0.59025055
950833,0.32516053
950834,0.5152776
950835,0.33596113
950836,0.42288366
950837,0.012054063
950838,0.034380455
950839,0.04027809
950840,0.05620773
950841,0.03756499
950842,0.047016382
950843,0.06128385
950844,0.023526108
950845,0.034189966
950846,0.15516448
950847,0.2443262
950848,0.112966835
950849,0.36925846
950850,0.28982365
950851,0.4115157
950852,0.5337639
950853,0.39843532
950854,0.3609163
950855,0.3470647
950856,0.19163145
950857,0.017547142
950858,0.046241205
950859,0.06618738
950860,0.04186615
950861,0.04587246
950862,0.035157785
950863,0.057584103
950864,0.055063426
950865,0.053322874
950866,0.033413302
950867,0.118814744
950868,0.22508775
950869,0.18335263
950870,0.15775448
950871,0.1950819
950872,0.09585162
950873,0.212864
950874,0.10990674
950875,0.2117981
950876,0.20447208
950877,0.013969602
950878,0.022018371
950879,0.039438546
950880,0.034976847
950881,0.04810115
950882,0.04329163
950883,0.09877983
950884,0.015295549
950885,0.060173627
950886,0.06326568
950887,0.029549066
950888,0.08454638
950889,0.1135106
950890,0.11368558
950891,0.103783995
950892,0.11166706
950893,0.12534422
950894,0.10726245
950895,0.10132582
950896,0.19361304
950897,0.105355635
950898,0.1597202
950899,0.10320329
950900,0.09211914
950901,0.07280302
950902,0.06266185
950903,0.05663649
950904,0.045926265
950905,0.02780282
950906,0.03179127
950907,0.031018488
950908,0.06287201
950909,0.0330536
950910,0.0328862
950911,0.03503331
950912,0.032463707
950913,0.011497279
950914,0.03562188
950915,0.02371183
950916,0.029057663
950917,0.026016045
950918,0.027015323
950919,0.024092067
950920,0.2331277
950921,0.010235381
950922,0.03325203
950923,0.028779257
950924,0.05727507
950925,0.05066041
950926,0.04135589
950927,0.025874443
950928,0.016541366
950929,0.031497765
950930,0.037772384
950931,0.03267528
950932,0.035307556
950933,0.033668637
950934,0.03309576
950935,0.023468032
950936,0.016098388
950937,0.09300627
950938,0.087529466
950939,0.008184982
950940,0.025217459
950941,0.025463723
950942,0.028192753
950943,0.02798109
950944,0.026843103
950945,0.026290115
950946,0.026384644
950947,0.33422032
950948,0.28013557
950949,0.20645288
950950,0.34123352
950951,0.29989573
950952,0.22088996
950953,0.014603843
950954,0.05458239
950955,0.053043257
950956,0.043576267
950957,0.043100357
950958,0.046617787
950959,0.052193835
950960,0.054044873
950961,0.060302302
950962,0.10563402
950963,0.2389271
950964,0.092464
950965,0.03648051
950966,0.046345696
950967,0.13578545
950968,0.104614966
950969,0.15376534
950970,0.122193396
950971,0.132468
950972,0.032866795
950973,0.07321866
950974,0.23671702
950975,0.27892882
950976,0.29256725
950977,0.5948377
950978,0.55114865
950979,0.4025391
950980,0.31745002
950981,0.0143121
950982,0.1659426
950983,0.2458573
950984,0.16445139
950985,0.25911638
950986,0.145393
950987,0.19813998
950988,0.16563584
950989,0.16487658
950990,0.1579669
950991,0.31026343
950992,0.10367999
950993,0.3989484
950994,0.30996755
950995,0.60945576
950996,0.67691505
950997,0.43944317
950998,0.6553007
950999,0.77294844
951000,0.6906163
951001,0.57584095
951002,0.73685783
951003,0.70912683
951004,0.5791013
951005,0.5298997
951006,0.5584906
951007,0.62150484
951008,0.6046716
951009,0.6273341
951010,0.5687154
951011,0.6620737
951012,0.5382065
951013,0.16077912
951014,0.06917442
951015,0.20990676
951016,0.3463195
951017,0.15325001
951018,0.21570554
951019,0.08145814
951020,0.10225766
951021,0.23669839
951022,0.13502002
951023,0.11188654
951024,0.1743196
951025,0.11104089
951026,0.07796938
951027,0.436911
951028,0.4072381
951029,0.637654
951030,0.6280262
951031,0.6659256
951032,0.68722713
951033,0.66180414
951034,0.6874106
951035,0.72659814
951036,0.7097592
951037,0.71090466
951038,0.71078694
951039,0.6937124
951040,0.72804147
951041,0.7403859
951042,0.7391124
951043,0.56314886
951044,0.17536664
951045,0.20989823
951046,0.5516154
951047,0.30614656
951048,0.48945975
951049,0.38483387
951050,0.62357605
951051,0.34618998
951052,0.31304428
951053,0.39725706
951054,0.5203632
951055,0.4445167
951056,0.44105437
951057,0.22988972
951058,0.071782626
951059,0.03842223
951060,0.016651824
951061,0.021806667
951062,0.019990947
951063,0.01995126
951064,0.016226817
951065,0.012760383
951066,0.007668835
951067,0.016182309
951068,0.021763444
951069,0.024652379
951070,0.016631784
951071,0.019813735
951072,0.017361317
951073,0.034037415
951074,0.020052258
951075,0.3553311
951076,0.1350713
951077,0.1606384
951078,0.008787906
951079,0.058889326
951080,0.09607964
951081,0.14053117
951082,0.045134258
951083,0.08876086
951084,0.0413847
951085,0.066579975
951086,0.0831303
951087,0.04059508
951088,0.05853678
951089,0.11433578
951090,0.14548089
951091,0.070798196
951092,0.108827
951093,0.14504197
951094,0.02083947
951095,0.03858233
951096,0.1365296
951097,0.080031715
951098,0.032424938
951099,0.03231027
951100,0.032607842
951101,0.02703699
951102,0.060373813
951103,0.06660352
951104,0.069330074
951105,0.13236871
951106,0.06991119
951107,0.05763244
951108,0.017140998
951109,0.018234141
951110,0.020511433
951111,0.021207768
951112,0.01601228
951113,0.22005919
951114,0.31298602
951115,0.22332582
951116,0.1998412
951117,0.17013045
951118,0.010680161
951119,0.1167495
951120,0.029063368
951121,0.08139612
951122,0.07415923
951123,0.0773883
951124,0.069920756
951125,0.053855292
951126,0.2505953
951127,0.36409837
951128,0.18358533
951129,0.17667274
951130,0.017509181
951131,0.055287123
951132,0.061907962
951133,0.0750689
951134,0.07300023
951135,0.061115216
951136,0.15258327
951137,0.012599754
951138,0.03549051
951139,0.037937894
951140,0.03512823
951141,0.034617506
951142,0.033485778
951143,0.03308357
951144,0.37267086
951145,0.26189965
951146,0.23241596
951147,0.29537183
951148,0.27744263
951149,0.564847
951150,0.1748364
951151,0.25415826
951152,0.17405479
951153,0.24329305
951154,0.18730864
951155,0.27260834
951156,0.13622102
951157,0.21103327
951158,0.25637147
951159,0.10390307
951160,0.13140576
951161,0.1491565
951162,0.015051542
951163,0.032654285
951164,0.04140023
951165,0.042283673
951166,0.03884718
951167,0.039266817
951168,0.037481885
951169,0.062033582
951170,0.11877986
951171,0.08210187
951172,0.018051468
951173,0.27199724
951174,0.2933602
951175,0.32909974
951176,0.46412313
951177,0.41344807
951178,0.54185134
951179,0.27309793
951180,0.32324815
951181,0.43447325
951182,0.43491784
951183,0.28923643
951184,0.022244027
951185,0.45567814
951186,0.5266028
951187,0.62941426
951188,0.6325606
951189,0.6689895
951190,0.53405654
951191,0.6835439
951192,0.5775731
951193,0.67563355
951194,0.5393114
951195,0.4268529
951196,0.2075534
951197,0.17636451
951198,0.18703032
951199,0.3748626
951200,0.68516636
951201,0.37131536
951202,0.4071737
951203,0.57126224
951204,0.6043007
951205,0.55628693
951206,0.6672255
951207,0.55427784
951208,0.54596615
951209,0.47837898
951210,0.55425113
951211,0.5452053
951212,0.551652
951213,0.5676251
951214,0.54063314
951215,0.3865525
951216,0.5378383
951217,0.47542435
951218,0.60120785
951219,0.4131809
951220,0.18004166
951221,0.048318047
951222,0.25183836
951223,0.23154213
951224,0.25612393
951225,0.2742641
951226,0.37546858
951227,0.21791966
951228,0.23817767
951229,0.15997781
951230,0.16057914
951231,0.27619416
951232,0.25391158
951233,0.19488572
951234,0.15928906
951235,0.052344594
951236,0.10103417
951237,0.030644955
951238,0.031619746
951239,0.03180736
951240,0.053815484
951241,0.027762512
951242,0.06671817
951243,0.03146753
951244,0.049480084
951245,0.034217205
951246,0.028400466
951247,0.029394059
951248,0.13415939
951249,0.010824349
951250,0.024649449
951251,0.028285569
951252,0.03806714
951253,0.03866521
951254,0.036952626
951255,0.04330846
951256,0.2775036
951257,0.17111863
951258,0.088656686
951259,0.06363687
951260,0.1876028
951261,0.014811214
951262,0.0407131
951263,0.027110957
951264,0.02941822
951265,0.019755343
951266,0.021319823
951267,0.00895928
951268,0.027330045
951269,0.029732376
951270,0.026410919
951271,0.02344865
951272,0.019363884
951273,0.060603306
951274,0.08663209
951275,0.049755804
951276,0.13113388
951277,0.022366997
951278,0.062097013
951279,0.05143267
951280,0.049450826
951281,0.039076824
951282,0.043754064
951283,0.045458287
951284,0.055305984
951285,0.06696766
951286,0.04841784
951287,0.23542978
951288,0.017014394
951289,0.11297124
951290,0.072485276
951291,0.07786436
951292,0.05187087
951293,0.061666097
951294,0.07415624
951295,0.082729794
951296,0.049333945
951297,0.016316103
951298,0.02830204
951299,0.027305793
951300,0.06102247
951301,0.15067019
951302,0.014996001
951303,0.051104687
951304,0.033330716
951305,0.19391978
951306,0.02556664
951307,0.04335777
951308,0.030792102
951309,0.049244132
951310,0.036411773
951311,0.26724735
951312,0.30561602
951313,0.39337057
951314,0.35243866
951315,0.5570175
951316,0.6093187
951317,0.40395877
951318,0.36320066
951319,0.36032444
951320,0.38373196
951321,0.5629001
951322,0.34025332
951323,0.55270964
951324,0.5174243
951325,0.6581621
951326,0.41558746
951327,0.75896853
951328,0.6143671
951329,0.2742817
951330,0.31207117
951331,0.16844292
951332,0.13037561
951333,0.13489406
951334,0.10026778
951335,0.16997543
951336,0.086509034
951337,0.05993732
951338,0.022263438
951339,0.30134147
951340,0.22470495
951341,0.34686074
951342,0.49745715
951343,0.4444192
951344,0.355897
951345,0.35187647
951346,0.31811252
951347,0.3784397
951348,0.13784344
951349,0.015851147
951350,0.028974617
951351,0.026687142
951352,0.035836697
951353,0.04990594
951354,0.03686679
951355,0.024565773
951356,0.03639784
951357,0.033277784
951358,0.36872298
951359,0.33881384
951360,0.2890651
951361,0.16780329
951362,0.017516261
951363,0.0788698
951364,0.14061959
951365,0.11845195
951366,0.15479638
951367,0.06508009
951368,0.062016737
951369,0.14270133
951370,0.057508226
951371,0.032248553
951372,0.02939014
951373,0.052330203
951374,0.01791783
951375,0.02435502
951376,0.09013933
951377,0.030680997
951378,0.058961723
951379,0.031922933
951380,0.046126198
951381,0.046186306
951382,0.021327095
951383,0.046732236
951384,0.014852335
951385,0.027483394
951386,0.032332364
951387,0.07775709
951388,0.04741483
951389,0.046409946
951390,0.04380758
951391,0.036901
951392,0.035911083
951393,0.06795522
951394,0.05084553
951395,0.066155165
951396,0.06461402
951397,0.065573886
951398,0.04472726
951399,0.016917856
951400,0.046114255
951401,0.052951828
951402,0.047745846
951403,0.055806056
951404,0.05537594
951405,0.06649615
951406,0.0481179
951407,0.037979156
951408,0.018498674
951409,0.08687786
951410,0.05131891
951411,0.13616768
951412,0.3103703
951413,0.36577156
951414,0.21439748
951415,0.15935415
951416,0.26408574
951417,0.17527115
951418,0.05155861
951419,0.11189364
951420,0.19507587
951421,0.02562908
951422,0.077866584
951423,0.06247304
951424,0.29025865
951425,0.43896404
951426,0.1619965
951427,0.33166236
951428,0.12352002
951429,0.116338
951430,0.14024298
951431,0.26905814
951432,0.21509296
951433,0.18440166
951434,0.11449416
951435,0.04426254
951436,0.14514066
951437,0.18769448
951438,0.22234733
951439,0.09847496
951440,0.24569397
951441,0.34704942
951442,0.48429123
951443,0.45674738
951444,0.46960056
951445,0.4328319
951446,0.39860657
951447,0.53316486
951448,0.44279072
951449,0.2766039
951450,0.018973643
951451,0.1519105
951452,0.32634148
951453,0.14963533
951454,0.27606878
951455,0.16530578
951456,0.171409
951457,0.18381311
951458,0.18570717
951459,0.15918213
951460,0.15054998
951461,0.12726334
951462,0.014709259
951463,0.036270443
951464,0.035963643
951465,0.034795213
951466,0.03122493
951467,0.04530674
951468,0.04063119
951469,0.038407918
951470,0.0329834
951471,0.026279315
951472,0.074241415
951473,0.10271852
951474,0.15742055
951475,0.15059158
951476,0.13969827
951477,0.17840737
951478,0.03310993
951479,0.74117047
951480,0.6849289
951481,0.53319913
951482,0.50451726
951483,0.6176247
951484,0.6706386
951485,0.6070529
951486,0.58915824
951487,0.6737551
951488,0.7701226
951489,0.70964533
951490,0.7486779
951491,0.48472464
951492,0.42517632
951493,0.56188905
951494,0.73970896
951495,0.68461746
951496,0.7047865
951497,0.54634947
951498,0.61090165
951499,0.78430635
951500,0.6615831
951501,0.86500293
951502,0.46415415
951503,0.26743898
951504,0.011286472
951505,0.04720796
951506,0.031656757
951507,0.047174428
951508,0.035359778
951509,0.06079749
951510,0.033441298
951511,0.05735843
951512,0.07179084
951513,0.038668755
951514,0.022758028
951515,0.030460687
951516,0.60738367
951517,0.556036
951518,0.592606
951519,0.80100965
951520,0.8196435
951521,0.66817415
951522,0.846628
951523,0.88017637
951524,0.896705
951525,0.8735967
951526,0.8772694
951527,0.8746093
951528,0.8491229
951529,0.8765886
951530,0.8812198
951531,0.88541764
951532,0.8773619
951533,0.85642105
951534,0.77159625
951535,0.85502636
951536,0.8543195
951537,0.8586973
951538,0.8586973
951539,0.86054575
951540,0.85976565
951541,0.85976565
951542,0.8589447
951543,0.85581255
951544,0.8667943
951545,0.84933954
951546,0.8455118
951547,0.8455118
951548,0.8321931
951549,0.8321931
951550,0.767467
951551,0.767467
951552,0.7413164
951553,0.74174917
951554,0.74174917
951555,0.7395023
951556,0.7395023
951557,0.7395023
951558,0.7395023
951559,0.73965204
951560,0.73965204
951561,0.73965204
951562,0.73965204
951563,0.72474265
951564,0.72474265
951565,0.72474265
951566,0.4855556
951567,0.021783635
951568,0.051053703
951569,0.048961267
951570,0.06509104
951571,0.062598065
951572,0.06882505
951573,0.076476865
951574,0.00929033
951575,0.026995283
951576,0.032680076
951577,0.031177748
951578,0.035515197
951579,0.024518805
951580,0.035133626
951581,0.031410336
951582,0.033354376
951583,0.030007096
951584,0.056126878
951585,0.077996925
951586,0.051419567
951587,0.052822884
951588,0.06964009
951589,0.07018703
951590,0.059446987
951591,0.06577154
951592,0.25706214
951593,0.64720345
951594,0.50234246
951595,0.6355761
951596,0.5113498
951597,0.689815
951598,0.6363112
951599,0.55318266
951600,0.48602182
951601,0.6361411
951602,0.3749966
951603,0.2960186
951604,0.026835307
951605,0.1721398
951606,0.32980773
951607,0.23454139
951608,0.3367034
951609,0.38675827
951610,0.2982097
951611,0.2644523
951612,0.13997735
951613,0.37441936
951614,0.4633131
951615,0.32973304
951616,0.27414012
951617,0.25745726
951618,0.013280816
951619,0.04914012
951620,0.052856732
951621,0.026401468
951622,0.03284343
951623,0.03373933
951624,0.037878312
951625,0.05118067
951626,0.04519781
951627,0.058026418
951628,0.07812565
951629,0.09117754
951630,0.019444298
951631,0.0182924
951632,0.034383245
951633,0.017930707
951634,0.0371194
951635,0.040086735
951636,0.032769945
951637,0.023471087
951638,0.041215893
951639,0.022418402
951640,0.03670526
951641,0.5223076
951642,0.28035253
951643,0.40229604
951644,0.3888392
951645,0.4404859
951646,0.23580508
951647,0.31350634
951648,0.35028768
951649,0.3719375
951650,0.2930345
951651,0.17889486
951652,0.30795583
951653,0.33123934
951654,0.214026
951655,0.40949506
951656,0.39862102
951657,0.26607695
951658,0.29421672
951659,0.4780498
951660,0.45060134
951661,0.29997286
951662,0.23007621
951663,0.18787003
951664,0.07837877
951665,0.09793273
951666,0.07240123
951667,0.06640425
951668,0.07152588
951669,0.08958105
951670,0.05530603
951671,0.07455198
951672,0.06659672
951673,0.044331852
951674,0.067538776
951675,0.09105273
951676,0.08556413
951677,0.13580821
951678,0.09082733
951679,0.104522794
951680,0.015589355
951681,0.048059214
951682,0.070004694
951683,0.08297312
951684,0.0826221
951685,0.04727098
951686,0.084750146
951687,0.09295664
951688,0.04936437
951689,0.10070761
951690,0.13241129
951691,0.019274762
951692,0.025133375
951693,0.022322627
951694,0.03171483
951695,0.031294025
951696,0.031025412
951697,0.08470324
951698,0.1594381
951699,0.24984542
951700,0.43248034
951701,0.17439467
951702,0.034762096
951703,0.035098035
951704,0.08536485
951705,0.05384509
951706,0.06822381
951707,0.09224754
951708,0.0525656
951709,0.076013334
951710,0.11297796
951711,0.02441907
951712,0.05836759
951713,0.029902646
951714,0.14166507
951715,0.13827282
951716,0.12744711
951717,0.19875936
951718,0.25610182
951719,0.1503227
951720,0.16034667
951721,0.11210053
951722,0.20737809
951723,0.21312079
951724,0.092225
951725,0.015113677
951726,0.045655098
951727,0.032938216
951728,0.06357876
951729,0.040159624
951730,0.03297584
951731,0.031654447
951732,0.03823739
951733,0.25392827
951734,0.21077324
951735,0.21854375
951736,0.18096401
951737,0.017559584
951738,0.052234437
951739,0.16496731
951740,0.07483152
951741,0.07464525
951742,0.12330786
951743,0.051946998
951744,0.09138166
951745,0.07126365
951746,0.062166058
951747,0.07166478
951748,0.1722207
951749,0.18661404
951750,0.18555513
951751,0.14796177
951752,0.09643947
951753,0.020587975
951754,0.042604905
951755,0.03766341
951756,0.049256623
951757,0.04752366
951758,0.076602526
951759,0.04567195
951760,0.044728246
951761,0.02490186
951762,0.09368659
951763,0.20727955
951764,0.11638412
951765,0.09550186
951766,0.120207824
951767,0.30166194
951768,0.127582
951769,0.12095086
951770,0.1467265
951771,0.14628509
951772,0.14516333
951773,0.12795848
951774,0.15178803
951775,0.07100587
951776,0.041838136
951777,0.075071886
951778,0.020497223
951779,0.14674692
951780,0.28601483
951781,0.37055567
951782,0.2273788
951783,0.16114467
951784,0.17680545
951785,0.11874167
951786,0.022765042
951787,0.03569331
951788,0.0337757
951789,0.044765048
951790,0.042883273
951791,0.037601467
951792,0.04163921
951793,0.01799709
951794,0.092273414
951795,0.17604235
951796,0.07462317
951797,0.20972736
951798,0.20761184
951799,0.10257864
951800,0.14185542
951801,0.0937158
951802,0.10125889
951803,0.090454735
951804,0.019797489
951805,0.15906456
951806,0.34796494
951807,0.10843384
951808,0.38188478
951809,0.0652894
951810,0.11171699
951811,0.21525523
951812,0.28743356
951813,0.12465086
951814,0.08914591
951815,0.28250435
951816,0.21680252
951817,0.36269215
951818,0.009496284
951819,0.030515512
951820,0.025996732
951821,0.02308079
951822,0.028574375
951823,0.024648199
951824,0.043242842
951825,0.029916702
951826,0.12968488
951827,0.33598438
951828,0.16885976
951829,0.22997718
951830,0.029530644
951831,0.030426964
951832,0.019260582
951833,0.022938281
951834,0.038566623
951835,0.03842702
951836,0.048043672
951837,0.027900012
951838,0.040394418
951839,0.036987446
951840,0.03267875
951841,0.20562649
951842,0.22622032
951843,0.20197499
951844,0.14304869
951845,0.0072974013
951846,0.018028779
951847,0.017594662
951848,0.018459773
951849,0.01805354
951850,0.0557332
951851,0.015054397
951852,0.019762682
951853,0.039888397
951854,0.08530725
951855,0.12583937
951856,0.21335378
951857,0.09163198
951858,0.05544726
951859,0.008740739
951860,0.020998962
951861,0.019006204
951862,0.01878835
951863,0.019068869
951864,0.016548846
951865,0.019634979
951866,0.019556718
951867,0.03246554
951868,0.12509361
951869,0.049018037
951870,0.009632151
951871,0.019905308
951872,0.024202649
951873,0.022810042
951874,0.031039849
951875,0.041856855
951876,0.015282663
951877,0.04189284
951878,0.014407712
951879,0.08788005
951880,0.33019686
951881,0.2715421
951882,0.16930275
951883,0.128258
951884,0.11468884
951885,0.2493482
951886,0.18678507
951887,0.2082893
951888,0.20687065
951889,0.18806732
951890,0.16804343
951891,0.16966748
951892,0.16602296
951893,0.16419509
951894,0.10617939
951895,0.014639808
951896,0.04016253
951897,0.041731633
951898,0.03772451
951899,0.041965283
951900,0.041531254
951901,0.048947643
951902,0.03852295
951903,0.044175
951904,0.03177982
951905,0.36457494
951906,0.2942916
951907,0.21836433
951908,0.2031484
951909,0.27298427
951910,0.32398573
951911,0.38797078
951912,0.39419943
951913,0.24080744
951914,0.015152922
951915,0.06715286
951916,0.0934503
951917,0.09428665
951918,0.09157683
951919,0.09102587
951920,0.26338017
951921,0.1440618
951922,0.040758975
951923,0.20137374
951924,0.04087983
951925,0.07211514
951926,0.11621473
951927,0.07878618
951928,0.09542363
951929,0.079039
951930,0.06604023
951931,0.109916896
951932,0.23455846
951933,0.32879424
951934,0.23321247
951935,0.21818161
951936,0.14280528
951937,0.16530578
951938,0.15850233
951939,0.111671574
951940,0.10587157
951941,0.08479258
951942,0.07893
951943,0.05853059
951944,0.019459214
951945,0.050782725
951946,0.13484418
951947,0.13625266
951948,0.1294535
951949,0.13516428
951950,0.042987015
951951,0.04255897
951952,0.32846677
951953,0.18224633
951954,0.2556972
951955,0.35802078
951956,0.22957243
951957,0.20811467
951958,0.24586618
951959,0.24746266
951960,0.33012402
951961,0.2297968
951962,0.103192635
951963,0.058174033
951964,0.010337914
951965,0.05796861
951966,0.043924857
951967,0.019973243
951968,0.09542202
951969,0.10075186
951970,0.100899816
951971,0.10702493
951972,0.11376667
951973,0.11289828
951974,0.118007615
951975,0.10684496
951976,0.12940177
951977,0.1185279
951978,0.1786999
951979,0.18904522
951980,0.15636522
951981,0.14488381
951982,0.103392266
951983,0.15820843
951984,0.011868131
951985,0.07223049
951986,0.06757868
951987,0.037037626
951988,0.4442214
951989,0.36644337
951990,0.56920975
951991,0.67322314
951992,0.71086663
951993,0.691431
951994,0.55287313
951995,0.5977455
951996,0.61092913
951997,0.7689993
951998,0.7383592
951999,0.67292625
952000,0.69064
952001,0.61165977
952002,0.7335745
952003,0.7315554
952004,0.7313599
952005,0.6865276
952006,0.62800527
952007,0.718507
952008,0.6026701
952009,0.72204566
952010,0.66633064
952011,0.63665074
952012,0.7106394
952013,0.6281499
952014,0.7132158
952015,0.7297598
952016,0.70278424
952017,0.24702434
952018,0.14228502
952019,0.07025501
952020,0.04886238
952021,0.291953
952022,0.23661074
952023,0.28136292
952024,0.26678216
952025,0.2651223
952026,0.22477981
952027,0.211247
952028,0.036313526
952029,0.23819901
952030,0.29069993
952031,0.19662282
952032,0.22509027
952033,0.41678953
952034,0.3665841
952035,0.39469293
952036,0.28161398
952037,0.07955888
952038,0.11494116
952039,0.08375894
952040,0.09186612
952041,0.08186196
952042,0.1201047
952043,0.08828488
952044,0.027054984
952045,0.49788892
952046,0.6399438
952047,0.6844769
952048,0.62533045
952049,0.13909104
952050,0.64197785
952051,0.16793734
952052,0.15158026
952053,0.52033263
952054,0.48811758
952055,0.50082403
952056,0.12262944
952057,0.28305086
952058,0.13266735
952059,0.25173122
952060,0.39643773
952061,0.3921751
952062,0.20865928
952063,0.036233973
952064,0.09052482
952065,0.22886318
952066,0.5997069
952067,0.6275635
952068,0.53966105
952069,0.56529135
952070,0.55352795
952071,0.4893258
952072,0.6725558
952073,0.5672088
952074,0.56708175
952075,0.42737913
952076,0.47669533
952077,0.6019692
952078,0.47609186
952079,0.5683566
952080,0.41635072
952081,0.23770124
952082,0.061767183
952083,0.1127638
952084,0.19420956
952085,0.12817751
952086,0.10434534
952087,0.04641346
952088,0.29651958
952089,0.32505333
952090,0.32532018
952091,0.39739966
952092,0.19766316
952093,0.270827
952094,0.18401995
952095,0.16217074
952096,0.46490508
952097,0.03105157
952098,0.1280687
952099,0.15162972
952100,0.27265272
952101,0.18577541
952102,0.31660828
952103,0.39355385
952104,0.311387
952105,0.30249062
952106,0.35269132
952107,0.36741346
952108,0.4333889
952109,0.38349655
952110,0.41044036
952111,0.45670363
952112,0.40524274
952113,0.3165196
952114,0.15839663
952115,0.041593973
952116,0.07083203
952117,0.070528224
952118,0.09090212
952119,0.062394105
952120,0.07324502
952121,0.06509721
952122,0.07294081
952123,0.05265945
952124,0.36943558
952125,0.5079438
952126,0.30021048
952127,0.37905732
952128,0.36177254
952129,0.30104187
952130,0.49284163
952131,0.3931197
952132,0.27021962
952133,0.020765573
952134,0.049893726
952135,0.054426968
952136,0.054862287
952137,0.060644463
952138,0.04918011
952139,0.059558637
952140,0.05832727
952141,0.048721325
952142,0.046646588
952143,0.047507744
952144,0.021722347
952145,0.061968576
952146,0.05332726
952147,0.04628409
952148,0.062001422
952149,0.04597633
952150,0.045280427
952151,0.07559009
952152,0.08527353
952153,0.09196343
952154,0.123399936
952155,0.07682755
952156,0.13928856
952157,0.055593677
952158,0.072036736
952159,0.06149508
952160,0.018485831
952161,0.073660165
952162,0.14618851
952163,0.09925141
952164,0.17792861
952165,0.18786035
952166,0.103682265
952167,0.21837759
952168,0.2170617
952169,0.24371472
952170,0.17058656
952171,0.10390416
952172,0.22321415
952173,0.13348663
952174,0.015642716
952175,0.030531242
952176,0.039889075
952177,0.05536777
952178,0.037248775
952179,0.043434244
952180,0.023871435
952181,0.008770375
952182,0.05031385
952183,0.052801616
952184,0.05056731
952185,0.055876486
952186,0.038798086
952187,0.09081668
952188,0.092428796
952189,0.07918643
952190,0.009065367
952191,0.03880541
952192,0.07754955
952193,0.04943508
952194,0.049326118
952195,0.09139655
952196,0.09143989
952197,0.05223605
952198,0.037625007
952199,0.101981774
952200,0.12421985
952201,0.12232295
952202,0.1050751
952203,0.15084605
952204,0.29438153
952205,0.28565902
952206,0.1307135
952207,0.34123498
952208,0.22041698
952209,0.27932647
952210,0.08537527
952211,0.18820174
952212,0.1273756
952213,0.49057886
952214,0.19895644
952215,0.46763048
952216,0.47014657
952217,0.22747913
952218,0.34711096
952219,0.34607726
952220,0.4640378
952221,0.49828938
952222,0.23275042
952223,0.3305728
952224,0.3293792
952225,0.40840176
952226,0.21713851
952227,0.018778358
952228,0.11877558
952229,0.15003687
952230,0.0932831
952231,0.13183634
952232,0.1315328
952233,0.10409491
952234,0.1460175
952235,0.2455869
952236,0.021227159
952237,0.03716608
952238,0.080952905
952239,0.053420253
952240,0.055748656
952241,0.06957776
952242,0.12783474
952243,0.06180299
952244,0.06263745
952245,0.049283743
952246,0.013651306
952247,0.04013965
952248,0.037213076
952249,0.057909608
952250,0.04040233
952251,0.03959248
952252,0.03309318
952253,0.030513722
952254,0.072379716
952255,0.043443687
952256,0.21346149
952257,0.21173134
952258,0.19006187
952259,0.40251973
952260,0.043087926
952261,0.13107336
952262,0.059588432
952263,0.107468925
952264,0.27082846
952265,0.05495232
952266,0.13478462
952267,0.098275475
952268,0.13559675
952269,0.21861237
952270,0.15596937
952271,0.1342563
952272,0.130481
952273,0.13728823
952274,0.10148559
952275,0.14322774
952276,0.08295168
952277,0.079094835
952278,0.08572195
952279,0.09663548
952280,0.06939105
952281,0.11677245
952282,0.14103839
952283,0.118840575
952284,0.027897663
952285,0.08892576
952286,0.041831333
952287,0.04566737
952288,0.055881757
952289,0.050000433
952290,0.02176159
952291,0.06731743
952292,0.09568032
952293,0.21908809
952294,0.10290016
952295,0.19443163
952296,0.021663396
952297,0.03296286
952298,0.020485876
952299,0.073799916
952300,0.0666319
952301,0.11126978
952302,0.13291612
952303,0.0869002
952304,0.08245315
952305,0.07947753
952306,0.069163844
952307,0.043938294
952308,0.047106188
952309,0.04970522
952310,0.022726266
952311,0.050996173
952312,0.049886547
952313,0.064731
952314,0.06725668
952315,0.061020803
952316,0.055729847
952317,0.07042281
952318,0.06492526
952319,0.47845358
952320,0.5447915
952321,0.4046173
952322,0.6520827
952323,0.53643703
952324,0.65195215
952325,0.68448484
952326,0.54522526
952327,0.6653577
952328,0.6624434
952329,0.54460734
952330,0.52158123
952331,0.54445356
952332,0.5985695
952333,0.5318084
952334,0.54780316
952335,0.60640854
952336,0.6147131
952337,0.3081081
952338,0.058495823
952339,0.11411202
952340,0.08993028
952341,0.11160488
952342,0.13110194
952343,0.10216516
952344,0.052876435
952345,0.028073976
952346,0.016780311
952347,0.020446964
952348,0.027251469
952349,0.03260272
952350,0.0056340387
952351,0.01056326
952352,0.011410607
952353,0.011092227
952354,0.010705468
952355,0.009995846
952356,0.17879209
952357,0.18528889
952358,0.19233795
952359,0.0065055485
952360,0.016120886
952361,0.0140384715
952362,0.0111294575
952363,0.046782266
952364,0.010598808
952365,0.016899355
952366,0.012595015
952367,0.48841217
952368,0.4013675
952369,0.840901
952370,0.7439656
952371,0.87353647
952372,0.8182419
952373,0.75512487
952374,0.6406521
952375,0.78613377
952376,0.86288524
952377,0.81060606
952378,0.8282115
952379,0.85565794
952380,0.81988263
952381,0.8852046
952382,0.7961073
952383,0.8954413
952384,0.78664815
952385,0.8890684
952386,0.81683207
952387,0.63941616
952388,0.24780926
952389,0.0077471016
952390,0.012851735
952391,0.013922828
952392,0.013520092
952393,0.009994052
952394,0.013703186
952395,0.012629849
952396,0.017728368
952397,0.011789281
952398,0.0078730965
952399,0.0084097525
952400,0.012046627
952401,0.018732777
952402,0.011735267
952403,0.010133564
952404,0.010943509
952405,0.008699164
952406,0.018466253
952407,0.030688616
952408,0.31855142
952409,0.32519138
952410,0.082077466
952411,0.08627474
952412,0.11305564
952413,0.0639432
952414,0.38137963
952415,0.44657102
952416,0.22799933
952417,0.3339546
952418,0.3927634
952419,0.3272093
952420,0.30457887
952421,0.2078852
952422,0.023407472
952423,0.1418058
952424,0.13222186
952425,0.18756045
952426,0.3623709
952427,0.4040298
952428,0.23167582
952429,0.1956722
952430,0.030568961
952431,0.15119556
952432,0.14658137
952433,0.13863146
952434,0.13767858
952435,0.12752809
952436,0.13542439
952437,0.14297162
952438,0.24103835
952439,0.38376847
952440,0.5222827
952441,0.5294817
952442,0.4019956
952443,0.34132951
952444,0.40062895
952445,0.40388262
952446,0.3477534
952447,0.36727673
952448,0.4793997
952449,0.48073226
952450,0.54910046
952451,0.34823316
952452,0.38730758
952453,0.26168293
952454,0.08483272
952455,0.13390915
952456,0.08745747
952457,0.09088523
952458,0.0911973
952459,0.15075733
952460,0.38295305
952461,0.40232968
952462,0.27578196
952463,0.30875182
952464,0.15972827
952465,0.3642347
952466,0.39806983
952467,0.36746022
952468,0.22885628
952469,0.021686222
952470,0.36325413
952471,0.1518989
952472,0.16636467
952473,0.23010272
952474,0.32882503
952475,0.16922322
952476,0.34261096
952477,0.26322785
952478,0.25932255
952479,0.29751647
952480,0.23234892
952481,0.22438164
952482,0.24011187
952483,0.3915266
952484,0.7179941
952485,0.7690063
952486,0.7444345
952487,0.59632725
952488,0.6099002
952489,0.7457429
952490,0.60326403
952491,0.7144117
952492,0.6820937
952493,0.76704717
952494,0.7022666
952495,0.7455048
952496,0.75365496
952497,0.45441735
952498,0.68670326
952499,0.705821
952500,0.6943769
952501,0.38677207
952502,0.06158277
952503,0.01786959
952504,0.04394843
952505,0.04108991
952506,0.036029484
952507,0.036094632
952508,0.03530574
952509,0.038203776
952510,0.032901037
952511,0.12955968
952512,0.61791414
952513,0.7142352
952514,0.7913451
952515,0.816114
952516,0.8325449
952517,0.8594862
952518,0.8624651
952519,0.88940394
952520,0.8730668
952521,0.87537307
952522,0.9270856
952523,0.7866846
952524,0.8796884
952525,0.89195335
952526,0.8562012
952527,0.8626196
952528,0.8690911
952529,0.8792438
952530,0.87336165
952531,0.84370756
952532,0.85413754
952533,0.88261706
952534,0.83829045
952535,0.8570814
952536,0.83478415
952537,0.8222601
952538,0.85822886
952539,0.8268376
952540,0.89899933
952541,0.8697181
952542,0.8352845
952543,0.85538214
952544,0.8585559
952545,0.85842824
952546,0.79587936
952547,0.8257686
952548,0.7686337
952549,0.7376821
952550,0.8902196
952551,0.8220352
952552,0.7701574
952553,0.7828167
952554,0.6699358
952555,0.8041286
952556,0.66774976
952557,0.539051
952558,0.43020925
952559,0.014791778
952560,0.027948178
952561,0.034071658
952562,0.026443737
952563,0.033540715
952564,0.0274279
952565,0.02673906
952566,0.02392477
952567,0.1141127
952568,0.13393854
952569,0.13720806
952570,0.028695486
952571,0.04488271
952572,0.03720964
952573,0.05892908
952574,0.030194685
952575,0.05008274
952576,0.045725103
952577,0.042723134
952578,0.052007396
952579,0.06029756
952580,0.07986889
952581,0.054122772
952582,0.041884936
952583,0.01384555
952584,0.013985229
952585,0.021787914
952586,0.021932153
952587,0.019942027
952588,0.01580534
952589,0.012318208
952590,0.028019024
952591,0.027099421
952592,0.028887436
952593,0.027330741
952594,0.03191894
952595,0.029228162
952596,0.030197168
952597,0.015556291
952598,0.018569635
952599,0.01996798
952600,0.039253447
952601,0.017289884
952602,0.015741624
952603,0.02124295
952604,0.068186186
952605,0.08946381
952606,0.09030161
952607,0.07448803
952608,0.025175963
952609,0.065952584
952610,0.060268875
952611,0.06494472
952612,0.060425512
952613,0.06017599
952614,0.06389709
952615,0.07098771
952616,0.06890435
952617,0.057085354
952618,0.014388205
952619,0.060706712
952620,0.06981552
952621,0.06492684
952622,0.09309275
952623,0.3023726
952624,0.035831966
952625,0.07792695
952626,0.07216683
952627,0.07470009
952628,0.10206389
952629,0.08063184
952630,0.25001436
952631,0.25202465
952632,0.21942596
952633,0.23239958
952634,0.23423578
952635,0.4059365
952636,0.2555369
952637,0.27942413
952638,0.1717355
952639,0.2782314
952640,0.54315174
952641,0.23839815
952642,0.2659086
952643,0.2729274
952644,0.4992854
952645,0.18338063
952646,0.11854909
952647,0.011487712
952648,0.09935738
952649,0.13422695
952650,0.0896443
952651,0.11232431
952652,0.22781828
952653,0.085275896
952654,0.058936894
952655,0.20823209
952656,0.06688807
952657,0.07232873
952658,0.07628794
952659,0.106295176
952660,0.06488365
952661,0.0384646
952662,0.020722378
952663,0.07221345
952664,0.050298758
952665,0.024395531
952666,0.06673578
952667,0.13049404
952668,0.059958346
952669,0.14089178
952670,0.115645625
952671,0.104919
952672,0.10872389
952673,0.13968945
952674,0.06462554
952675,0.015950093
952676,0.030061696
952677,0.04376681
952678,0.05748881
952679,0.04011111
952680,0.040399484
952681,0.048228595
952682,0.034590285
952683,0.046563625
952684,0.18685561
952685,0.19558254
952686,0.011823629
952687,0.030634835
952688,0.049048033
952689,0.035242777
952690,0.04412318
952691,0.04497697
952692,0.028650725
952693,0.035682924
952694,0.012888877
952695,0.04026665
952696,0.034879234
952697,0.025581028
952698,0.033517953
952699,0.050739657
952700,0.02207587
952701,0.020359136
952702,0.21574569
952703,0.013998315
952704,0.03275883
952705,0.031045359
952706,0.04050339
952707,0.031718682
952708,0.032425214
952709,0.039334323
952710,0.036353383
952711,0.04074273
952712,0.027882041
952713,0.06700452
952714,0.08337943
952715,0.05191161
952716,0.036700193
952717,0.053009734
952718,0.046308987
952719,0.049009725
952720,0.038231287
952721,0.10517474
952722,0.056889687
952723,0.032449294
952724,0.020865763
952725,0.023623392
952726,0.039264355
952727,0.046732523
952728,0.05168725
952729,0.013957246
952730,0.026778147
952731,0.023792269
952732,0.029932847
952733,0.022476085
952734,0.027261121
952735,0.03917042
952736,0.0086536305
952737,0.02222103
952738,0.02299699
952739,0.019773709
952740,0.038241826
952741,0.020957446
952742,0.031318657
952743,0.009604679
952744,0.032679826
952745,0.033394106
952746,0.034772642
952747,0.030698579
952748,0.03761395
952749,0.019585686
952750,0.022214536
952751,0.026325488
952752,0.02730741
952753,0.026681226
952754,0.025446523
952755,0.36765915
952756,0.20195282
952757,0.21695682
952758,0.013560037
952759,0.038166832
952760,0.039221305
952761,0.034170363
952762,0.03865976
952763,0.04081047
952764,0.02229146
952765,0.020042103
952766,0.024548583
952767,0.04250747
952768,0.041963495
952769,0.06605607
952770,0.038099114
952771,0.07032971
952772,0.053719837
952773,0.03967704
952774,0.03413486
952775,0.071207866
952776,0.056336395
952777,0.1443845
952778,0.051888227
952779,0.059297033
952780,0.062033817
952781,0.009021238
952782,0.03269734
952783,0.033538215
952784,0.023138808
952785,0.019512579
952786,0.021402428
952787,0.022124974
952788,0.021950824
952789,0.38088694
952790,0.2852502
952791,0.3390557
952792,0.3498559
952793,0.22510333
952794,0.009802654
952795,0.03219882
952796,0.04829919
952797,0.046973083
952798,0.04995037
952799,0.02766757
952800,0.09489705
952801,0.06470257
952802,0.025871811
952803,0.038549762
952804,0.11067395
952805,0.122716196
952806,0.11541323
952807,0.11451254
952808,0.12043312
952809,0.009519284
952810,0.030983424
952811,0.031925555
952812,0.031994864
952813,0.03339773
952814,0.031193575
952815,0.027250769
952816,0.029153557
952817,0.1917086
952818,0.14292802
952819,0.23094678
952820,0.24065053
952821,0.14906763
952822,0.17605129
952823,0.12343491
952824,0.19674578
952825,0.22293963
952826,0.30055532
952827,0.018289415
952828,0.06368263
952829,0.06017805
952830,0.093819655
952831,0.10476346
952832,0.033851933
952833,0.10456953
952834,0.060670596
952835,0.56670284
952836,0.592606
952837,0.4514998
952838,0.6356595
952839,0.6186779
952840,0.4545649
952841,0.67491657
952842,0.5777326
952843,0.5810748
952844,0.73318213
952845,0.56858206
952846,0.6996675
952847,0.5553771
952848,0.62365866
952849,0.51861715
952850,0.58015776
952851,0.6493323
952852,0.51575243
952853,0.5407187
952854,0.25479588
952855,0.010748677
952856,0.013742599
952857,0.042252943
952858,0.014552104
952859,0.018907716
952860,0.015465361
952861,0.02096954
952862,0.036290184
952863,0.26323584
952864,0.168262
952865,0.00921805
952866,0.027091213
952867,0.023746042
952868,0.01629984
952869,0.025531832
952870,0.019806342
952871,0.034600437
952872,0.030923145
952873,0.0144862775
952874,0.013066337
952875,0.009690028
952876,0.030905154
952877,0.03281459
952878,0.027962746
952879,0.030383615
952880,0.026750177
952881,0.04016181
952882,0.045775544
952883,0.1884728
952884,0.40955767
952885,0.35835448
952886,0.27739197
952887,0.08354613
952888,0.1433412
952889,0.31506896
952890,0.27282625
952891,0.19719554
952892,0.03614961
952893,0.12792203
952894,0.15842131
952895,0.20688738
952896,0.15175611
952897,0.41283762
952898,0.24803773
952899,0.42578483
952900,0.22732478
952901,0.29688966
952902,0.19996011
952903,0.1778118
952904,0.16212268
952905,0.16517396
952906,0.10198193
952907,0.04533594
952908,0.37176418
952909,0.36128327
952910,0.6135418
952911,0.58014727
952912,0.5219238
952913,0.47378534
952914,0.45533434
952915,0.5740288
952916,0.6651676
952917,0.6963857
952918,0.65748584
952919,0.57878745
952920,0.70623064
952921,0.66791975
952922,0.7409972
952923,0.6566013
952924,0.63222003
952925,0.61539376
952926,0.61870176
952927,0.67091477
952928,0.66204816
952929,0.50999194
952930,0.01366785
952931,0.07778247
952932,0.093614526
952933,0.09222877
952934,0.0877091
952935,0.08090772
952936,0.09284592
952937,0.13486612
952938,0.10735467
952939,0.4205327
952940,0.21466686
952941,0.19837175
952942,0.1560703
952943,0.23574904
952944,0.18148054
952945,0.16829498
952946,0.0919985
952947,0.5561111
952948,0.65117633
952949,0.7022642
952950,0.82413137
952951,0.74898154
952952,0.7872131
952953,0.73585767
952954,0.8342383
952955,0.715495
952956,0.86543643
952957,0.8693474
952958,0.8582819
952959,0.8687779
952960,0.8165862
952961,0.7620426
952962,0.8598711
952963,0.903179
952964,0.8668534
952965,0.82996655
952966,0.8294639
952967,0.7796775
952968,0.81639665
952969,0.7796775
952970,0.7854277
952971,0.76854503
952972,0.76831293
952973,0.83065706
952974,0.82454795
952975,0.8169716
952976,0.72698987
952977,0.74594116
952978,0.82150954
952979,0.78738874
952980,0.6269568
952981,0.11083026
952982,0.12226105
952983,0.11037869
952984,0.104590066
952985,0.23578201
952986,0.06847341
952987,0.06414718
952988,0.0515969
952989,0.0634033
952990,0.10863077
952991,0.05292516
952992,0.06176901
952993,0.04688269
952994,0.04840931
952995,0.047099635
952996,0.078938715
952997,0.05225978
952998,0.0687325
952999,0.073971786
953000,0.084952384
953001,0.05562371
953002,0.010351129
953003,0.03023625
953004,0.023903038
953005,0.021889765
953006,0.06875431
953007,0.032709375
953008,0.029091341
953009,0.03001337
953010,0.032140147
953011,0.04678248
953012,0.016344182
953013,0.07779521
953014,0.110692516
953015,0.08170097
953016,0.13695438
953017,0.15876457
953018,0.12374025
953019,0.18801935
953020,0.13786355
953021,0.07503741
953022,0.25561568
953023,0.03115894
953024,0.33566564
953025,0.37878093
953026,0.45791718
953027,0.52872175
953028,0.576284
953029,0.57242924
953030,0.57847315
953031,0.6509084
953032,0.75581896
953033,0.5923522
953034,0.65281606
953035,0.69021285
953036,0.4594705
953037,0.5126509
953038,0.53674483
953039,0.6543703
953040,0.6196138
953041,0.62710005
953042,0.7113904
953043,0.5891334
953044,0.59303564
953045,0.6546969
953046,0.59061146
953047,0.5903589
953048,0.5283751
953049,0.536261
953050,0.3527497
953051,0.047104206
953052,0.07874316
953053,0.058345616
953054,0.060705088
953055,0.05932614
953056,0.08506334
953057,0.04073621
953058,0.05520247
953059,0.19966236
953060,0.27655095
953061,0.5429862
953062,0.43508756
953063,0.24914351
953064,0.33724883
953065,0.23345472
953066,0.4015006
953067,0.28611133
953068,0.50475717
953069,0.6139566
953070,0.2585964
953071,0.3221609
953072,0.29882073
953073,0.2290527
953074,0.013523856
953075,0.060584895
953076,0.069649704
953077,0.044716403
953078,0.052843895
953079,0.058772147
953080,0.034300953
953081,0.18996072
953082,0.2672891
953083,0.1853186
953084,0.28890103
953085,0.4184866
953086,0.42355892
953087,0.49801013
953088,0.2306904
953089,0.59824336
953090,0.30467954
953091,0.44796807
953092,0.44508845
953093,0.46231508
953094,0.19225915
953095,0.30861294
953096,0.025261955
953097,0.24287665
953098,0.11456499
953099,0.13865611
953100,0.15728417
953101,0.1604303
953102,0.41364247
953103,0.26102537
953104,0.27535066
953105,0.2190534
953106,0.076990314
953107,0.039932568
953108,0.044542395
953109,0.06694293
953110,0.04624116
953111,0.05723127
953112,0.26503092
953113,0.01333367
953114,0.05793622
953115,0.05753754
953116,0.029291106
953117,0.22483596
953118,0.16922608
953119,0.3799141
953120,0.2809996
953121,0.27192417
953122,0.24376185
953123,0.22502919
953124,0.24891028
953125,0.19971505
953126,0.22843166
953127,0.18749908
953128,0.20142852
953129,0.23389576
953130,0.18070586
953131,0.25595656
953132,0.15185513
953133,0.12783065
953134,0.1449056
953135,0.12608425
953136,0.12705082
953137,0.11574993
953138,0.1177174
953139,0.042844843
953140,0.090110935
953141,0.25667194
953142,0.12330077
953143,0.24843237
953144,0.27210987
953145,0.2791758
953146,0.2014985
953147,0.25026545
953148,0.17885496
953149,0.37802073
953150,0.14522508
953151,0.324424
953152,0.31664926
953153,0.43670315
953154,0.3599955
953155,0.2955002
953156,0.014983679
953157,0.050965156
953158,0.059721597
953159,0.06963656
953160,0.079282306
953161,0.049265936
953162,0.059797406
953163,0.14489447
953164,0.075361654
953165,0.040430892
953166,0.15557387
953167,0.1365793
953168,0.12959474
953169,0.20777994
953170,0.12648045
953171,0.19245158
953172,0.08394917
953173,0.3249357
953174,0.52811533
953175,0.658334
953176,0.61199474
953177,0.7281781
953178,0.7116793
953179,0.6343093
953180,0.67380714
953181,0.6935383
953182,0.73751336
953183,0.75043744
953184,0.74277353
953185,0.6962945
953186,0.65148246
953187,0.58719885
953188,0.66071653
953189,0.72653466
953190,0.727292
953191,0.7262494
953192,0.76974195
953193,0.620846
953194,0.7359926
953195,0.7504129
953196,0.6761186
953197,0.6660765
953198,0.6751721
953199,0.7399938
953200,0.6793313
953201,0.3470765
953202,0.028534476
953203,0.06692326
953204,0.044813897
953205,0.11520089
953206,0.13029957
953207,0.090722665
953208,0.15323617
953209,0.0250953
953210,0.14288609
953211,0.099264435
953212,0.14984843
953213,0.12741783
953214,0.15584551
953215,0.16225988
953216,0.10014039
953217,0.10216896
953218,0.10039506
953219,0.10457002
953220,0.20962863
953221,0.27064168
953222,0.7135939
953223,0.7308008
953224,0.9103443
953225,0.8798263
953226,0.92447424
953227,0.89759576
953228,0.7750912
953229,0.7693111
953230,0.75484735
953231,0.75798446
953232,0.7107862
953233,0.30987847
953234,0.8905749
953235,0.50192904
953236,0.61671585
953237,0.66902465
953238,0.05227405
953239,0.030775473
953240,0.008602634
953241,0.01798312
953242,0.05253207
953243,0.047046464
953244,0.041491155
953245,0.016445616
953246,0.014764577
953247,0.01611369
953248,0.038869377
953249,0.028503912
953250,0.008100857
953251,0.011774319
953252,0.01747458
953253,0.012843859
953254,0.0125383595
953255,0.0101376055
953256,0.010036144
953257,0.012690352
953258,0.3200795
953259,0.33017102
953260,0.20486583
953261,0.005787019
953262,0.008606328
953263,0.038733862
953264,0.008969384
953265,0.013060282
953266,0.009111652
953267,0.011791671
953268,0.009493723
953269,0.030876545
953270,0.09978425
953271,0.07847908
953272,0.16968857
953273,0.08026119
953274,0.22366968
953275,0.08164091
953276,0.09076211
953277,0.08443768
953278,0.064465486
953279,0.11942001
953280,0.1597465
953281,0.005365868
953282,0.011206554
953283,0.009245269
953284,0.010676993
953285,0.010956528
953286,0.010714865
953287,0.008841294
953288,0.0069217477
953289,0.009496799
953290,0.012262015
953291,0.016124284
953292,0.015489303
953293,0.010553457
953294,0.012867339
953295,0.01073772
953296,0.018020399
953297,0.40771028
953298,0.29116553
953299,0.27790323
953300,0.3422404
953301,0.0066570803
953302,0.008110856
953303,0.010178969
953304,0.0073763863
953305,0.008066405
953306,0.007954367
953307,0.008596662
953308,0.007157782
953309,0.009224158
953310,0.009903598
953311,0.008083198
953312,0.010943065
953313,0.0094567295
953314,0.008479164
953315,0.25608894
953316,0.388457
953317,0.21424398
953318,0.006288841
953319,0.016820474
953320,0.010765102
953321,0.009219936
953322,0.012449553
953323,0.008477684
953324,0.012322269
953325,0.05924632
953326,0.51645523
953327,0.44246736
953328,0.49911845
953329,0.29556006
953330,0.52451336
953331,0.496743
953332,0.6630813
953333,0.69964
953334,0.6072324
953335,0.61343384
953336,0.5871915
953337,0.48421034
953338,0.009936268
953339,0.04071335
953340,0.014201896
953341,0.013995825
953342,0.011447311
953343,0.0077388077
953344,0.012057676
953345,0.01635014
953346,0.029286092
953347,0.0606578
953348,0.028859701
953349,0.021007719
953350,0.022209242
953351,0.0056435354
953352,0.00818635
953353,0.009241208
953354,0.01111743
953355,0.008076965
953356,0.009015405
953357,0.0065543307
953358,0.008095659
953359,0.006108892
953360,0.018330578
953361,0.015818242
953362,0.021619437
953363,0.023373628
953364,0.019767767
953365,0.019405592
953366,0.029655214
953367,0.0236664
953368,0.020560997
953369,0.07018836
953370,0.01757872
953371,0.030817304
953372,0.059819214
953373,0.017035037
953374,0.075204834
953375,0.017266346
953376,0.0110173365
953377,0.04520284
953378,0.04380979
953379,0.041569088
953380,0.037488855
953381,0.038728476
953382,0.051732965
953383,0.3704813
953384,0.18683103
953385,0.18190558
953386,0.007842814
953387,0.0134476805
953388,0.013919326
953389,0.011713758
953390,0.015047124
953391,0.009792889
953392,0.010045812
953393,0.028242335
953394,0.013198286
953395,0.26494792
953396,0.019343544
953397,0.050215986
953398,0.044672955
953399,0.042285208
953400,0.048457425
953401,0.047554743
953402,0.061865386
953403,0.034170646
953404,0.008612946
953405,0.0098041175
953406,0.012430943
953407,0.008653381
953408,0.017517138
953409,0.015888108
953410,0.039116144
953411,0.034809902
953412,0.011284525
953413,0.030747363
953414,0.03560825
953415,0.028577466
953416,0.026800118
953417,0.027649162
953418,0.029053219
953419,0.043026708
953420,0.017183973
953421,0.02950291
953422,0.03499998
953423,0.028126191
953424,0.029225787
953425,0.02760365
953426,0.09878271
953427,0.11195618
953428,0.08867314
953429,0.079241104
953430,0.019817501
953431,0.117442265
953432,0.12743263
953433,0.12022754
953434,0.10335417
953435,0.35138017
953436,0.28710717
953437,0.07407876
953438,0.14765607
953439,0.01788048
953440,0.077442765
953441,0.055442903
953442,0.0704771
953443,0.2133767
953444,0.23034605
953445,0.20557593
953446,0.20025541
953447,0.2102078
953448,0.15338609
953449,0.040769443
953450,0.13148455
953451,0.14667143
953452,0.13576446
953453,0.10013163
953454,0.14559352
953455,0.13531888
953456,0.043459356
953457,0.013627961
953458,0.035085805
953459,0.045569763
953460,0.032518584
953461,0.035646506
953462,0.037700422
953463,0.03282355
953464,0.033390816
953465,0.24148135
953466,0.0094947005
953467,0.030156083
953468,0.036878508
953469,0.037435774
953470,0.042918723
953471,0.031166846
953472,0.028910892
953473,0.04654752
953474,0.024848394
953475,0.09102107
953476,0.07620497
953477,0.125954
953478,0.18204296
953479,0.13801797
953480,0.11792765
953481,0.13601236
953482,0.13296355
953483,0.09339267
953484,0.010974302
953485,0.029866645
953486,0.03852676
953487,0.028677404
953488,0.03351575
953489,0.035727836
953490,0.028398907
953491,0.13551264
953492,0.1310232
953493,0.08739681
953494,0.008404926
953495,0.024285503
953496,0.02263228
953497,0.0264116
953498,0.022560734
953499,0.021899097
953500,0.020913472
953501,0.02278562
953502,0.020381812
953503,0.21576747
953504,0.10851607
953505,0.13940106
953506,0.111196764
953507,0.14594965
953508,0.13639665
953509,0.18624581
953510,0.2970277
953511,0.6994431
953512,0.49677223
953513,0.013483077
953514,0.13229945
953515,0.10062008
953516,0.22266424
953517,0.13760051
953518,0.08362304
953519,0.08066049
953520,0.046385083
953521,0.06360973
953522,0.12579745
953523,0.063409515
953524,0.015705375
953525,0.20160961
953526,0.31087145
953527,0.24350809
953528,0.20097308
953529,0.16772822
953530,0.19080749
953531,0.2902518
953532,0.02194172
953533,0.047641173
953534,0.06832523
953535,0.035876233
953536,0.064299054
953537,0.09597178
953538,0.027054844
953539,0.0585078
953540,0.07266107
953541,0.046113845
953542,0.4911396
953543,0.5550984
953544,0.52024484
953545,0.6310137
953546,0.36970925
953547,0.39096743
953548,0.2825039
953549,0.33089995
953550,0.62717354
953551,0.41589165
953552,0.4268757
953553,0.60433906
953554,0.38870606
953555,0.5534172
953556,0.50826114
953557,0.5679348
953558,0.2810619
953559,0.38566104
953560,0.459255
953561,0.31082436
953562,0.27784717
953563,0.25622118
953564,0.39280733
953565,0.3685541
953566,0.33060727
953567,0.2428465
953568,0.23046716
953569,0.23429091
953570,0.2092429
953571,0.20626971
953572,0.21425965
953573,0.21215163
953574,0.16461577
953575,0.3863128
953576,0.59791774
953577,0.25380617
953578,0.33044946
953579,0.29033086
953580,0.38970125
953581,0.5152802
953582,0.27400365
953583,0.31628665
953584,0.34890965
953585,0.44947907
953586,0.04143216
953587,0.115597576
953588,0.026728975
953589,0.32408956
953590,0.529658
953591,0.52636147
953592,0.6019135
953593,0.49614775
953594,0.70204806
953595,0.50112176
953596,0.566318
953597,0.36138833
953598,0.66474867
953599,0.2639478
953600,0.3839165
953601,0.12688401
953602,0.3417244
953603,0.40356898
953604,0.19181174
953605,0.10390467
953606,0.14523964
953607,0.21231556
953608,0.11770432
953609,0.09353845
953610,0.0853684
953611,0.12446482
953612,0.103460096
953613,0.018174822
953614,0.03947271
953615,0.041546896
953616,0.06918627
953617,0.035334602
953618,0.049293853
953619,0.03844334
953620,0.071150035
953621,0.0773018
953622,0.26776627
953623,0.23056275
953624,0.26325336
953625,0.1645604
953626,0.11810262
953627,0.12480091
953628,0.13037787
953629,0.14176844
953630,0.3204735
953631,0.14248021
953632,0.08084312
953633,0.014719545
953634,0.029398713
953635,0.027712721
953636,0.02146079
953637,0.023898933
953638,0.07114407
953639,0.03690827
953640,0.01063873
953641,0.025063233
953642,0.044549003
953643,0.030143864
953644,0.031252105
953645,0.018877845
953646,0.047296822
953647,0.032599654
953648,0.0343376
953649,0.057755362
953650,0.018602597
953651,0.06024768
953652,0.06408299
953653,0.06926694
953654,0.13988927
953655,0.01568706
953656,0.028689818
953657,0.035789736
953658,0.027261242
953659,0.03085255
953660,0.03050163
953661,0.028916964
953662,0.022650689
953663,0.018121835
953664,0.07030281
953665,0.048663028
953666,0.044809498
953667,0.058383092
953668,0.08148317
953669,0.06882658
953670,0.080476865
953671,0.033309493
953672,0.0075382064
953673,0.024152773
953674,0.0169111
953675,0.01794197
953676,0.02124833
953677,0.015521599
953678,0.017830985
953679,0.01656766
953680,0.017727388
953681,0.029795747
953682,0.034697592
953683,0.04164839
953684,0.04896636
953685,0.029250082
953686,0.041497223
953687,0.022996586
953688,0.0071704327
953689,0.02143361
953690,0.030313332
953691,0.02512325
953692,0.030448515
953693,0.031277332
953694,0.027153457
953695,0.02291992
953696,0.029344939
953697,0.24242575
953698,0.2592129
953699,0.12507777
953700,0.32639214
953701,0.20051517
953702,0.27092758
953703,0.074709915
953704,0.08879814
953705,0.11741639
953706,0.3039058
953707,0.32999757
953708,0.3683634
953709,0.11077711
953710,0.3070203
953711,0.17161135
953712,0.009954039
953713,0.025885478
953714,0.022603903
953715,0.05638444
953716,0.044041995
953717,0.024912382
953718,0.031087028
953719,0.018836897
953720,0.02253619
953721,0.01201023
953722,0.03887883
953723,0.039012272
953724,0.046974618
953725,0.115493834
953726,0.020696614
953727,0.0724805
953728,0.14623313
953729,0.1010194
953730,0.08488263
953731,0.12121903
953732,0.11726273
953733,0.12248802
953734,0.16143079
953735,0.05202858
953736,0.41780135
953737,0.5735636
953738,0.5143109
953739,0.5499569
953740,0.64237
953741,0.71641326
953742,0.5362648
953743,0.7745019
953744,0.58478826
953745,0.5695768
953746,0.62539095
953747,0.69320166
953748,0.6634833
953749,0.6618725
953750,0.6560167
953751,0.5755968
953752,0.6400909
953753,0.47222027
953754,0.5858944
953755,0.57295847
953756,0.23460558
953757,0.028247107
953758,0.16076429
953759,0.19231802
953760,0.2324338
953761,0.2268217
953762,0.70168394
953763,0.2776664
953764,0.41199505
953765,0.25427738
953766,0.46479464
953767,0.37092364
953768,0.54398096
953769,0.24566932
953770,0.23781776
953771,0.23823503
953772,0.19455431
953773,0.013145678
953774,0.061663445
953775,0.034149326
953776,0.021439057
953777,0.034306616
953778,0.033029757
953779,0.024817673
953780,0.06720431
953781,0.02331289
953782,0.2749648
953783,0.021813493
953784,0.12929703
953785,0.35424703
953786,0.21738948
953787,0.23685633
953788,0.12632942
953789,0.16550046
953790,0.13073176
953791,0.15558863
953792,0.1896391
953793,0.2597972
953794,0.16338518
953795,0.18251169
953796,0.24258913
953797,0.11147525
953798,0.009597756
953799,0.03838344
953800,0.09068627
953801,0.04210869
953802,0.072567
953803,0.0505238
953804,0.047024213
953805,0.021955978
953806,0.30034325
953807,0.39649615
953808,0.54313445
953809,0.30108464
953810,0.29870147
953811,0.27186656
953812,0.46787158
953813,0.44244674
953814,0.53828245
953815,0.5464834
953816,0.55498004
953817,0.4995661
953818,0.41113764
953819,0.23936829
953820,0.30117762
953821,0.5684044
953822,0.18278839
953823,0.07173614
953824,0.2823643
953825,0.2970798
953826,0.35026065
953827,0.30335125
953828,0.21852621
953829,0.028728837
953830,0.018292699
953831,0.01854972
953832,0.01874764
953833,0.022662187
953834,0.016560739
953835,0.013235925
953836,0.16657515
953837,0.17483836
953838,0.19158876
953839,0.27489173
953840,0.08134089
953841,0.14684312
953842,0.0071471394
953843,0.012329305
953844,0.012058294
953845,0.012173215
953846,0.0110240625
953847,0.014321931
953848,0.013712391
953849,0.03832424
953850,0.006610171
953851,0.011465699
953852,0.01147929
953853,0.011507254
953854,0.02073956
953855,0.0114592
953856,0.011328383
953857,0.16667925
953858,0.050511334
953859,0.16819848
953860,0.0883784
953861,0.038015027
953862,0.007870575
953863,0.012866413
953864,0.012317481
953865,0.008347967
953866,0.013089221
953867,0.020446926
953868,0.014998382
953869,0.014348119
953870,0.02759803
953871,0.04904495
953872,0.056694157
953873,0.049045917
953874,0.054533646
953875,0.057685614
953876,0.04767357
953877,0.007595158
953878,0.017038072
953879,0.010809497
953880,0.0078211045
953881,0.009771263
953882,0.22678038
953883,0.26203164
953884,0.2849821
953885,0.022046853
953886,0.019225845
953887,0.014433512
953888,0.013968458
953889,0.014073667
953890,0.013644367
953891,0.011864883
953892,0.013857332
953893,0.014169082
953894,0.011393864
953895,0.012869908
953896,0.011971703
953897,0.014257184
953898,0.10823492
953899,0.06420215
953900,0.007822818
953901,0.013004127
953902,0.015024447
953903,0.01802301
953904,0.013967218
953905,0.013661647
953906,0.013826311
953907,0.01904152
953908,0.041681074
953909,0.04625921
953910,0.046323046
953911,0.026172196
953912,0.17326798
953913,0.31083864
953914,0.14040488
953915,0.15053475
953916,0.11946414
953917,0.1873581
953918,0.010473706
953919,0.0454957
953920,0.022483405
953921,0.022013003
953922,0.026422054
953923,0.027677841
953924,0.021197626
953925,0.020706527
953926,0.08929103
953927,0.16887017
953928,0.07500587
953929,0.14078248
953930,0.11927678
953931,0.10097011
953932,0.1776919
953933,0.12080306
953934,0.038963564
953935,0.099978775
953936,0.099265404
953937,0.13290797
953938,0.20958814
953939,0.22860591
953940,0.2015774
953941,0.094476745
953942,0.08791341
953943,0.01818325
953944,0.05296508
953945,0.05345252
953946,0.05580274
953947,0.055351656
953948,0.07152165
953949,0.057443768
953950,0.05725911
953951,0.053894144
953952,0.061641876
953953,0.08336965
953954,0.046831504
953955,0.37991688
953956,0.34942994
953957,0.46344632
953958,0.30681998
953959,0.31368864
953960,0.34394157
953961,0.37045586
953962,0.032318696
953963,0.14859717
953964,0.04376349
953965,0.16762783
953966,0.12845473
953967,0.090501174
953968,0.07798756
953969,0.045470063
953970,0.03694791
953971,0.089306846
953972,0.07617057
953973,0.34323066
953974,0.4759604
953975,0.61048704
953976,0.5838439
953977,0.6918815
953978,0.7545136
953979,0.7130092
953980,0.73642355
953981,0.56489295
953982,0.7341363
953983,0.5086581
953984,0.74156266
953985,0.7215322
953986,0.55928737
953987,0.740229
953988,0.60550976
953989,0.7242847
953990,0.8062882
953991,0.73062336
953992,0.618895
953993,0.63528943
953994,0.63359976
953995,0.235991
953996,0.02909471
953997,0.13945453
953998,0.15899812
953999,0.086236715
954000,0.27227104
954001,0.072552666
954002,0.1607357
954003,0.094727635
954004,0.060581844
954005,0.05576775
954006,0.028345583
954007,0.17753312
954008,0.064355694
954009,0.039588142
954010,0.039794113
954011,0.046025056
954012,0.040018138
954013,0.012094043
954014,0.031974792
954015,0.044049032
954016,0.02385135
954017,0.04739029
954018,0.18540373
954019,0.39197928
954020,0.08950752
954021,0.019904329
954022,0.034032837
954023,0.027235754
954024,0.13551906
954025,0.16131358
954026,0.10485729
954027,0.044688664
954028,0.090686224
954029,0.23565803
954030,0.081482045
954031,0.09443502
954032,0.095560506
954033,0.1357214
954034,0.18525857
954035,0.30057928
954036,0.64632964
954037,0.49719426
954038,0.41207817
954039,0.666397
954040,0.80838597
954041,0.80000716
954042,0.5661778
954043,0.6824821
954044,0.7859733
954045,0.6934525
954046,0.37430683
954047,0.7571883
954048,0.5864494
954049,0.0318653
954050,0.05044565
954051,0.04268412
954052,0.041632798
954053,0.03958381
954054,0.5909481
954055,0.63948315
954056,0.5226694
954057,0.6753096
954058,0.59445614
954059,0.70747894
954060,0.603334
954061,0.54568887
954062,0.61321604
954063,0.60673755
954064,0.3358108
954065,0.01116322
954066,0.049776845
954067,0.034747194
954068,0.023538807
954069,0.022816086
954070,0.1589423
954071,0.10046823
954072,0.16194348
954073,0.009995071
954074,0.03632395
954075,0.038262174
954076,0.030397212
954077,0.06198996
954078,0.047990948
954079,0.0663469
954080,0.1575281
954081,0.087383084
954082,0.06960508
954083,0.12733813
954084,0.057244163
954085,0.2292741
954086,0.15322705
954087,0.014771877
954088,0.048309285
954089,0.03567481
954090,0.08153351
954091,0.039238613
954092,0.037682306
954093,0.033995368
954094,0.040919345
954095,0.031184817
954096,0.038184874
954097,0.056996256
954098,0.015012577
954099,0.085653245
954100,0.07453076
954101,0.09710563
954102,0.08400635
954103,0.092192866
954104,0.092028655
954105,0.09214242
954106,0.020059397
954107,0.05220643
954108,0.12291904
954109,0.05887427
954110,0.09139608
954111,0.048606545
954112,0.14092152
954113,0.12612748
954114,0.037322912
954115,0.09518636
954116,0.2592769
954117,0.24684522
954118,0.20050201
954119,0.17989734
954120,0.17466082
954121,0.18029411
954122,0.18145655
954123,0.20468125
954124,0.040067088
954125,0.11821636
954126,0.1355335
954127,0.091781944
954128,0.10170993
954129,0.07331381
954130,0.28220716
954131,0.41269088
954132,0.36003464
954133,0.3776539
954134,0.25070748
954135,0.2622993
954136,0.18631054
954137,0.20268957
954138,0.19704773
954139,0.22613895
954140,0.5335678
954141,0.46633285
954142,0.2817425
954143,0.44393814
954144,0.43120396
954145,0.41506442
954146,0.54987276
954147,0.52843374
954148,0.2895469
954149,0.3087397
954150,0.18390645
954151,0.21158919
954152,0.12864915
954153,0.3051664
954154,0.11447824
954155,0.1705465
954156,0.110704444
954157,0.102153964
954158,0.01984305
954159,0.16895221
954160,0.3195127
954161,0.2581537
954162,0.20238216
954163,0.20087825
954164,0.1948618
954165,0.40612167
954166,0.014641459
954167,0.06572345
954168,0.06979692
954169,0.06885961
954170,0.06782197
954171,0.21851356
954172,0.056230105
954173,0.051491823
954174,0.06646596
954175,0.09008799
954176,0.044817284
954177,0.04200184
954178,0.048157413
954179,0.06296882
954180,0.03840494
954181,0.042733323
954182,0.026699003
954183,0.062068842
954184,0.04429316
954185,0.04826503
954186,0.065992706
954187,0.08439878
954188,0.12404448
954189,0.03682845
954190,0.057610054
954191,0.03711173
954192,0.032154657
954193,0.1069641
954194,0.04922922
954195,0.028421802
954196,0.007053712
954197,0.014590695
954198,0.011599827
954199,0.012591113
954200,0.011575633
954201,0.015646556
954202,0.01397679
954203,0.016212719
954204,0.1994557
954205,0.15369669
954206,0.15857151
954207,0.1607773
954208,0.17183155
954209,0.3550037
954210,0.20492117
954211,0.0070604715
954212,0.050938677
954213,0.026285056
954214,0.027239533
954215,0.031833693
954216,0.03108852
954217,0.020548398
954218,0.15364073
954219,0.265647
954220,0.3414371
954221,0.18120217
954222,0.20022559
954223,0.096656464
954224,0.2319258
954225,0.06442793
954226,0.03792747
954227,0.004754525
954228,0.011646028
954229,0.011178764
954230,0.010668282
954231,0.011816449
954232,0.010477789
954233,0.016356485
954234,0.005444917
954235,0.014991669
954236,0.02621142
954237,0.012682928
954238,0.010904554
954239,0.02365932
954240,0.0124431
954241,0.01456858
954242,0.005676926
954243,0.009938633
954244,0.009247134
954245,0.009138552
954246,0.010379636
954247,0.012534103
954248,0.010004428
954249,0.21979307
954250,0.008093038
954251,0.012490293
954252,0.0071675344
954253,0.009898812
954254,0.008863648
954255,0.008325631
954256,0.0074777105
954257,0.04806626
954258,0.06661331
954259,0.18179159
954260,0.05741726
954261,0.047274265
954262,0.008315621
954263,0.041571036
954264,0.016426127
954265,0.024237381
954266,0.022741616
954267,0.09055916
954268,0.112253636
954269,0.031545397
954270,0.3052195
954271,0.10974413
954272,0.14929928
954273,0.07273946
954274,0.06419482
954275,0.06648355
954276,0.09204256
954277,0.052337475
954278,0.32019833
954279,0.017809426
954280,0.044925455
954281,0.039735194
954282,0.048018415
954283,0.040877543
954284,0.040965125
954285,0.03765475
954286,0.04169311
954287,0.04187581
954288,0.032219242
954289,0.0089560505
954290,0.023702262
954291,0.025043432
954292,0.032676194
954293,0.024725746
954294,0.0233132
954295,0.030246116
954296,0.020256322
954297,0.010225445
954298,0.070436426
954299,0.067293264
954300,0.08217047
954301,0.0875844
954302,0.06299821
954303,0.09484983
954304,0.0720827
954305,0.42358437
954306,0.4276303
954307,0.43305367
954308,0.44665462
954309,0.41414016
954310,0.50286937
954311,0.42548937
954312,0.4975813
954313,0.46616834
954314,0.41482776
954315,0.3290014
954316,0.36512965
954317,0.48348835
954318,0.15055496
954319,0.012815483
954320,0.055732854
954321,0.11507883
954322,0.0089476155
954323,0.026570775
954324,0.030529473
954325,0.03538398
954326,0.036405016
954327,0.023443863
954328,0.114988126
954329,0.14003044
954330,0.2058489
954331,0.15114431
954332,0.17317115
954333,0.124472246
954334,0.13398093
954335,0.13850847
954336,0.040795997
954337,0.10022796
954338,0.13955131
954339,0.0730331
954340,0.051618174
954341,0.13481937
954342,0.07133554
954343,0.11832924
954344,0.10548061
954345,0.2366457
954346,0.018642854
954347,0.028809084
954348,0.021052033
954349,0.016111331
954350,0.03612818
954351,0.025615152
954352,0.030136894
954353,0.120272756
954354,0.04375396
954355,0.058555163
954356,0.048555546
954357,0.24655843
954358,0.25332266
954359,0.33316842
954360,0.2614017
954361,0.28666317
954362,0.30625516
954363,0.49519622
954364,0.18898349
954365,0.020413693
954366,0.049934506
954367,0.039479047
954368,0.040975947
954369,0.031087363
954370,0.022758307
954371,0.038030155
954372,0.0566231
954373,0.037919626
954374,0.1168201
954375,0.15033768
954376,0.416064
954377,0.38308078
954378,0.45098725
954379,0.37352747
954380,0.37279457
954381,0.39765498
954382,0.39706123
954383,0.1447832
954384,0.18599503
954385,0.024388146
954386,0.051750466
954387,0.18137506
954388,0.2331923
954389,0.097917765
954390,0.22391045
954391,0.062018562
954392,0.12489262
954393,0.6992537
954394,0.70651346
954395,0.80561817
954396,0.88064
954397,0.8850718
954398,0.89358634
954399,0.89190567
954400,0.9008027
954401,0.90739226
954402,0.91737616
954403,0.9080518
954404,0.89715946
954405,0.91546077
954406,0.91337115
954407,0.9236195
954408,0.9167449
954409,0.9249307
954410,0.9268091
954411,0.92261183
954412,0.916503
954413,0.9215114
954414,0.92351913
954415,0.92700714
954416,0.91915256
954417,0.9268784
954418,0.92746043
954419,0.9250526
954420,0.92384297
954421,0.9341888
954422,0.93104434
954423,0.9262776
954424,0.92760134
954425,0.8869649
954426,0.88726526
954427,0.88363874
954428,0.86937267
954429,0.8682528
954430,0.8090204
954431,0.8494128
954432,0.86515814
954433,0.8581492
954434,0.9015495
954435,0.8983455
954436,0.88606715
954437,0.87841713
954438,0.9196961
954439,0.9218152
954440,0.87578714
954441,0.92186236
954442,0.91974735
954443,0.92367065
954444,0.8625616
954445,0.9063821
954446,0.91476595
954447,0.91646075
954448,0.8888957
954449,0.89976645
954450,0.91945153
954451,0.9206018
954452,0.9153843
954453,0.9027034
954454,0.7998601
954455,0.8592734
954456,0.8941913
954457,0.8707378
954458,0.79705894
954459,0.8221875
954460,0.89834803
954461,0.89221746
954462,0.89997166
954463,0.4803114
954464,0.48316705
954465,0.054836348
954466,0.5646578
954467,0.56493896
954468,0.7035455
954469,0.69531476
954470,0.6881211
954471,0.70241183
954472,0.57990444
954473,0.7023555
954474,0.5751904
954475,0.65872216
954476,0.71592236
954477,0.4553805
954478,0.51514655
954479,0.14520891
954480,0.082722396
954481,0.117097996
954482,0.5199044
954483,0.2600439
954484,0.31297815
954485,0.025821002
954486,0.120843224
954487,0.099956185
954488,0.10453877
954489,0.10566282
954490,0.26396462
954491,0.09141465
954492,0.1043417
954493,0.12066917
954494,0.21269782
954495,0.23998433
954496,0.20476864
954497,0.16287306
954498,0.08867852
954499,0.2959112
954500,0.255139
954501,0.19165699
954502,0.16522934
954503,0.25790253
954504,0.013274063
954505,0.023073265
954506,0.035664503
954507,0.056679625
954508,0.04168333
954509,0.03288197
954510,0.042488135
954511,0.02601047
954512,0.32032073
954513,0.019563375
954514,0.03352874
954515,0.02825322
954516,0.022666296
954517,0.06364445
954518,0.022309309
954519,0.028798888
954520,0.025722798
954521,0.013907407
954522,0.045399457
954523,0.032540478
954524,0.059167884
954525,0.047549114
954526,0.03137191
954527,0.03311402
954528,0.039527718
954529,0.04201563
954530,0.010234937
954531,0.028435882
954532,0.03542918
954533,0.019528786
954534,0.029553073
954535,0.020352941
954536,0.023019021
954537,0.02683337
954538,0.010196611
954539,0.03221458
954540,0.033393156
954541,0.02740216
954542,0.043797992
954543,0.03828015
954544,0.037265133
954545,0.032359514
954546,0.053799763
954547,0.044566024
954548,0.2450063
954549,0.06363049
954550,0.1687471
954551,0.17778572
954552,0.062322956
954553,0.14541207
954554,0.21928275
954555,0.20335339
954556,0.23803109
954557,0.25168416
954558,0.080471784
954559,0.35665384
954560,0.40756872
954561,0.3139869
954562,0.040039267
954563,0.22891463
954564,0.07296159
954565,0.10661907
954566,0.11141528
954567,0.12293414
954568,0.16031593
954569,0.30012822
954570,0.4330812
954571,0.29646596
954572,0.35302103
954573,0.23051584
954574,0.3767123
954575,0.25954074
954576,0.22809301
954577,0.032938275
954578,0.05100998
954579,0.06276288
954580,0.062054552
954581,0.05873514
954582,0.04895535
954583,0.07476039
954584,0.06492623
954585,0.05218053
954586,0.034996703
954587,0.017565202
954588,0.061253328
954589,0.059707858
954590,0.21222839
954591,0.27576843
954592,0.2497747
954593,0.40934032
954594,0.2255523
954595,0.180206
954596,0.1261155
954597,0.07741626
954598,0.05195367
954599,0.0682266
954600,0.041447666
954601,0.054457173
954602,0.042476486
954603,0.16651613
954604,0.1627583
954605,0.007718819
954606,0.033454586
954607,0.10164576
954608,0.06385415
954609,0.07220097
954610,0.065470316
954611,0.25590932
954612,0.01761225
954613,0.066837884
954614,0.017402364
954615,0.04144308
954616,0.23746434
954617,0.18844637
954618,0.60021853
954619,0.283738
954620,0.8152154
954621,0.44683295
954622,0.9270237
954623,0.8651723
954624,0.9135686
954625,0.93796337
954626,0.8646016
954627,0.863309
954628,0.8340296
954629,0.9279447
954630,0.8529943
954631,0.94021904
954632,0.47089213
954633,0.83339125
954634,0.9166744
954635,0.9419998
954636,0.92083806
954637,0.93097705
954638,0.93627435
954639,0.91030025
954640,0.9114427
954641,0.6365217
954642,0.8210352
954643,0.6660263
954644,0.91671973
954645,0.8552429
954646,0.89010805
954647,0.54826975
954648,0.89403766
954649,0.6500588
954650,0.49525422
954651,0.22442193
954652,0.07879215
954653,0.052861486
954654,0.1263501
954655,0.05411069
954656,0.04730184
954657,0.05199564
954658,0.048566375
954659,0.03176673
954660,0.026868895
954661,0.018473389
954662,0.021188736
954663,0.029243516
954664,0.028822778
954665,0.018955784
954666,0.01698496
954667,0.019905733
954668,0.022279905
954669,0.039875634
954670,0.018027602
954671,0.08882867
954672,0.048248485
954673,0.097658716
954674,0.03200293
954675,0.06535318
954676,0.04000681
954677,0.039438132
954678,0.013983783
954679,0.10774381
954680,0.16682196
954681,0.25928742
954682,0.22600074
954683,0.05054915
954684,0.07617983
954685,0.043274954
954686,0.12183893
954687,0.052693166
954688,0.026774444
954689,0.021059291
954690,0.037446972
954691,0.03898761
954692,0.054060474
954693,0.0374807
954694,0.086626634
954695,0.104883246
954696,0.046453055
954697,0.19806014
954698,0.14176251
954699,0.15177391
954700,0.12633368
954701,0.25154874
954702,0.154561
954703,0.1676529
954704,0.14854443
954705,0.022131655
954706,0.08396217
954707,0.085946254
954708,0.05301013
954709,0.03707534
954710,0.04179711
954711,0.01231529
954712,0.051723596
954713,0.03332624
954714,0.028262347
954715,0.04759011
954716,0.2155474
954717,0.13019012
954718,0.038715694
954719,0.29154015
954720,0.14890824
954721,0.3198999
954722,0.5111075
954723,0.39688984
954724,0.52890754
954725,0.5960043
954726,0.26214543
954727,0.43605572
954728,0.3582097
954729,0.47967917
954730,0.45503315
954731,0.49686056
954732,0.5708208
954733,0.47663304
954734,0.45535025
954735,0.26842234
954736,0.03214606
954737,0.067796245
954738,0.05830759
954739,0.05343416
954740,0.04640664
954741,0.055632815
954742,0.07049402
954743,0.10933504
954744,0.19828859
954745,0.17834419
954746,0.16475758
954747,0.16713059
954748,0.16037942
954749,0.106894575
954750,0.029435067
954751,0.03950495
954752,0.040927663
954753,0.038660478
954754,0.06438576
954755,0.08375692
954756,0.038883682
954757,0.059527062
954758,0.046018314
954759,0.057628386
954760,0.014970947
954761,0.06284955
954762,0.06789914
954763,0.09893749
954764,0.01621372
954765,0.07422313
954766,0.05901131
954767,0.19161443
954768,0.048176713
954769,0.06420188
954770,0.05164243
954771,0.0474672
954772,0.06068206
954773,0.014665192
954774,0.037933588
954775,0.036869127
954776,0.036180228
954777,0.34120393
954778,0.16917017
954779,0.19625911
954780,0.19474708
954781,0.099196695
954782,0.04111444
954783,0.19356437
954784,0.19653457
954785,0.16499291
954786,0.24943854
954787,0.15179062
954788,0.17365584
954789,0.29340163
954790,0.13264352
954791,0.20115724
954792,0.24266183
954793,0.40125984
954794,0.38578352
954795,0.04583128
954796,0.09879365
954797,0.06381601
954798,0.17074561
954799,0.21643336
954800,0.20217633
954801,0.20661627
954802,0.16253152
954803,0.19279002
954804,0.19522119
954805,0.19306464
954806,0.10554494
954807,0.10055156
954808,0.12142352
954809,0.12407601
954810,0.12446434
954811,0.11690068
954812,0.09791147
954813,0.36126354
954814,0.31932643
954815,0.22750029
954816,0.16890283
954817,0.26450557
954818,0.1979676
954819,0.24738349
954820,0.20903288
954821,0.40145755
954822,0.20546463
954823,0.090270616
954824,0.037898704
954825,0.04406129
954826,0.054206915
954827,0.03591096
954828,0.26782522
954829,0.2245125
954830,0.09422742
954831,0.09166725
954832,0.25743163
954833,0.18941444
954834,0.026490236
954835,0.10601583
954836,0.12276263
954837,0.10267396
954838,0.15559037
954839,0.09306135
954840,0.096920274
954841,0.078360684
954842,0.012370832
954843,0.030335084
954844,0.038806684
954845,0.04840835
954846,0.032559082
954847,0.03235733
954848,0.033170678
954849,0.02204214
954850,0.031499956
954851,0.12050913
954852,0.12397848
954853,0.10397737
954854,0.1250685
954855,0.12424814
954856,0.1267419
954857,0.14755769
954858,0.018635448
954859,0.07132586
954860,0.05149349
954861,0.06412932
954862,0.053893514
954863,0.07141708
954864,0.06508713
954865,0.022675037
954866,0.0599458
954867,0.078841135
954868,0.06473172
954869,0.060357112
954870,0.057444725
954871,0.064044446
954872,0.05278431
954873,0.013634616
954874,0.027786843
954875,0.045168955
954876,0.036939386
954877,0.032983437
954878,0.027043201
954879,0.02156279
954880,0.02439573
954881,0.29356885
954882,0.47374782
954883,0.5766392
954884,0.46676868
954885,0.54036206
954886,0.6943444
954887,0.5979628
954888,0.7602382
954889,0.6324058
954890,0.7277338
954891,0.6096325
954892,0.7067912
954893,0.57662636
954894,0.4500945
954895,0.6480537
954896,0.52464646
954897,0.6352008
954898,0.3474202
954899,0.547904
954900,0.58814126
954901,0.23938124
954902,0.04052488
954903,0.18875954
954904,0.019415762
954905,0.045326315
954906,0.037677273
954907,0.043322943
954908,0.04534043
954909,0.04696604
954910,0.13955234
954911,0.17950924
954912,0.16916494
954913,0.3500919
954914,0.15000454
954915,0.08175327
954916,0.20843662
954917,0.2997601
954918,0.11458958
954919,0.04117291
954920,0.04843608
954921,0.06254059
954922,0.030260218
954923,0.06460855
954924,0.025929246
954925,0.05873423
954926,0.072792724
954927,0.016321545
954928,0.08989019
954929,0.08000756
954930,0.08042325
954931,0.0870868
954932,0.06871257
954933,0.076128535
954934,0.06070753
954935,0.042319834
954936,0.015070249
954937,0.0214802
954938,0.023121294
954939,0.09051472
954940,0.062448233
954941,0.058971886
954942,0.019314945
954943,0.01971591
954944,0.021638136
954945,0.056822885
954946,0.2764685
954947,0.31916568
954948,0.4245903
954949,0.43018237
954950,0.4307169
954951,0.4307169
954952,0.4307169
954953,0.42570525
954954,0.43658778
954955,0.35376868
954956,0.32841215
954957,0.16931096
954958,0.010709766
954959,0.04987088
954960,0.019079374
954961,0.04078028
954962,0.029221695
954963,0.03188253
954964,0.025641324
954965,0.025231745
954966,0.025113102
954967,0.020231318
954968,0.066848084
954969,0.0761122
954970,0.25756633
954971,0.121319406
954972,0.074372545
954973,0.21265896
954974,0.19914015
954975,0.17786308
954976,0.17774129
954977,0.22858733
954978,0.17160645
954979,0.113805905
954980,0.010076398
954981,0.022890816
954982,0.06675326
954983,0.017781805
954984,0.026584757
954985,0.021662576
954986,0.02546478
954987,0.020090071
954988,0.39830396
954989,0.030941792
954990,0.033613462
954991,0.02917434
954992,0.036583893
954993,0.030415922
954994,0.04269535
954995,0.032138135
954996,0.028634943
954997,0.011494374
954998,0.062119577
954999,0.05755232
955000,0.07875014
955001,0.7034247
955002,0.8333621
955003,0.79883045
955004,0.790557
955005,0.7339456
955006,0.7606262
955007,0.83014125
955008,0.83443946
955009,0.82600033
955010,0.7174508
955011,0.81760955
955012,0.83043206
955013,0.82849264
955014,0.4084165
955015,0.8996604
955016,0.68008953
955017,0.8450425
955018,0.86323935
955019,0.7007329
955020,0.78400016
955021,0.7356918
955022,0.27489215
955023,0.058047906
955024,0.040649373
955025,0.039312787
955026,0.19681315
955027,0.06255131
955028,0.09825773
955029,0.100905076
955030,0.13206941
955031,0.10801634
955032,0.08922292
955033,0.22189586
955034,0.1776327
955035,0.09833145
955036,0.02506388
955037,0.070900105
955038,0.07643796
955039,0.15955237
955040,0.10692674
955041,0.1798267
955042,0.10725927
955043,0.13305901
955044,0.20797433
955045,0.28728065
955046,0.06633281
955047,0.20799139
955048,0.14821966
955049,0.11762184
955050,0.23897631
955051,0.42114347
955052,0.2680288
955053,0.019340038
955054,0.061216716
955055,0.050382853
955056,0.054713126
955057,0.06365736
955058,0.049706176
955059,0.038058687
955060,0.39473203
955061,0.03823003
955062,0.09217231
955063,0.10786696
955064,0.31111205
955065,0.50261897
955066,0.26937476
955067,0.30636808
955068,0.3182138
955069,0.20381203
955070,0.28380957
955071,0.38992134
955072,0.33800745
955073,0.46675622
955074,0.37201145
955075,0.28033987
955076,0.04032726
955077,0.2667542
955078,0.36012957
955079,0.29401755
955080,0.2886383
955081,0.3937187
955082,0.34926355
955083,0.326761
955084,0.01057688
955085,0.03551546
955086,0.03872347
955087,0.031455718
955088,0.030815072
955089,0.02653715
955090,0.031096531
955091,0.037893582
955092,0.038600683
955093,0.36073202
955094,0.31597963
955095,0.4478935
955096,0.6022762
955097,0.6735517
955098,0.5718214
955099,0.5674318
955100,0.6617158
955101,0.72423655
955102,0.7248113
955103,0.6957129
955104,0.69407356
955105,0.6895311
955106,0.6263885
955107,0.6007869
955108,0.6592242
955109,0.65757835
955110,0.6550703
955111,0.6561676
955112,0.6405867
955113,0.7605683
955114,0.76466435
955115,0.758162
955116,0.74806833
955117,0.5899213
955118,0.7789936
955119,0.73131126
955120,0.46190426
955121,0.010502517
955122,0.04042168
955123,0.029332697
955124,0.02878214
955125,0.028351797
955126,0.023088302
955127,0.025689838
955128,0.11009043
955129,0.08369267
955130,0.12111325
955131,0.12062346
955132,0.39441785
955133,0.3341085
955134,0.3296478
955135,0.4405461
955136,0.41630802
955137,0.4567316
955138,0.46775565
955139,0.49513373
955140,0.3751924
955141,0.3810161
955142,0.31146997
955143,0.11932434
955144,0.46078998
955145,0.17694098
955146,0.015871914
955147,0.032332506
955148,0.06191987
955149,0.028730223
955150,0.042754628
955151,0.046019603
955152,0.037794232
955153,0.05351611
955154,0.029946186
955155,0.022409255
955156,0.071871385
955157,0.064710565
955158,0.20234187
955159,0.07557971
955160,0.110859595
955161,0.5021211
955162,0.16096154
955163,0.07294723
955164,0.07547633
955165,0.07503248
955166,0.22449604
955167,0.04454545
955168,0.03648279
955169,0.03238085
955170,0.046404086
955171,0.030789783
955172,0.031563114
955173,0.04850125
955174,0.02430114
955175,0.0124900285
955176,0.042598788
955177,0.06066345
955178,0.065401785
955179,0.046625417
955180,0.03732681
955181,0.025459455
955182,0.09210678
955183,0.093556456
955184,0.12623325
955185,0.13887408
955186,0.22611657
955187,0.14395973
955188,0.19526601
955189,0.12220538
955190,0.07036213
955191,0.09612007
955192,0.12063305
955193,0.012537598
955194,0.018067691
955195,0.027343871
955196,0.040653396
955197,0.017210728
955198,0.022666885
955199,0.02403092
955200,0.020438151
955201,0.018815564
955202,0.1263829
955203,0.025878273
955204,0.07821624
955205,0.09094464
955206,0.08938283
955207,0.012449014
955208,0.021588748
955209,0.02205224
955210,0.019024722
955211,0.033626676
955212,0.030280977
955213,0.048641168
955214,0.020470897
955215,0.027085766
955216,0.024611486
955217,0.017949458
955218,0.029836673
955219,0.040291674
955220,0.02250248
955221,0.023656866
955222,0.075459845
955223,0.2073448
955224,0.363328
955225,0.45813853
955226,0.45463753
955227,0.609189
955228,0.5903016
955229,0.36380404
955230,0.66743827
955231,0.7749504
955232,0.449094
955233,0.39062992
955234,0.39863354
955235,0.49923965
955236,0.5344963
955237,0.7901962
955238,0.69466656
955239,0.48539877
955240,0.3780985
955241,0.22381893
955242,0.22746056
955243,0.33722797
955244,0.18958214
955245,0.1960469
955246,0.1821438
955247,0.1820226
955248,0.21542828
955249,0.17090972
955250,0.20422521
955251,0.12802842
955252,0.17987224
955253,0.15455604
955254,0.024211418
955255,0.090106815
955256,0.1381981
955257,0.14119807
955258,0.17574519
955259,0.017966773
955260,0.066639565
955261,0.04757207
955262,0.5752197
955263,0.6032504
955264,0.5924547
955265,0.61772203
955266,0.626156
955267,0.5721326
955268,0.639504
955269,0.5814773
955270,0.5428859
955271,0.57600915
955272,0.3841518
955273,0.072978415
955274,0.26617682
955275,0.17818981
955276,0.22619636
955277,0.25616142
955278,0.24297588
955279,0.21151417
955280,0.17030658
955281,0.14698583
955282,0.12513258
955283,0.12635487
955284,0.16896717
955285,0.14968775
955286,0.17294466
955287,0.1680267
955288,0.15738386
955289,0.14779718
955290,0.14615916
955291,0.088469625
955292,0.012837707
955293,0.056870393
955294,0.14960492
955295,0.067443
955296,0.16185991
955297,0.1670987
955298,0.13178037
955299,0.18631223
955300,0.18456034
955301,0.17678542
955302,0.10031774
955303,0.012927657
955304,0.09399991
955305,0.07065765
955306,0.067898616
955307,0.096286155
955308,0.0906193
955309,0.10741451
955310,0.31093708
955311,0.39231348
955312,0.3062417
955313,0.27174258
955314,0.19655693
955315,0.009969893
955316,0.027323484
955317,0.021070521
955318,0.020505998
955319,0.01564301
955320,0.021706104
955321,0.025225757
955322,0.039103128
955323,0.010599603
955324,0.018381134
955325,0.015899414
955326,0.014186917
955327,0.021872304
955328,0.01735743
955329,0.02971004
955330,0.014250961
955331,0.20354968
955332,0.079507284
955333,0.07925906
955334,0.08208435
955335,0.07019173
955336,0.14332211
955337,0.0771422
955338,0.074628465
955339,0.088664986
955340,0.07002975
955341,0.08562203
955342,0.16090767
955343,0.14959368
955344,0.12123244
955345,0.018538134
955346,0.104029745
955347,0.14549156
955348,0.123334
955349,0.16867226
955350,0.16226599
955351,0.1468389
955352,0.345352
955353,0.34665886
955354,0.20360136
955355,0.13721713
955356,0.011540039
955357,0.0589065
955358,0.16728452
955359,0.06711827
955360,0.07054956
955361,0.05655602
955362,0.060415916
955363,0.121118456
955364,0.17780134
955365,0.06298532
955366,0.4458077
955367,0.36870617
955368,0.5760872
955369,0.5624983
955370,0.578138
955371,0.47232547
955372,0.49197716
955373,0.60004205
955374,0.6191888
955375,0.6378087
955376,0.6604449
955377,0.6448655
955378,0.61106807
955379,0.55432975
955380,0.54489243
955381,0.40505344
955382,0.64961576
955383,0.6080815
955384,0.6255599
955385,0.3235878
955386,0.032277286
955387,0.08001091
955388,0.09058972
955389,0.07706326
955390,0.08896919
955391,0.096784115
955392,0.8539814
955393,0.08201927
955394,0.13127437
955395,0.13172187
955396,0.37339878
955397,0.40073717
955398,0.41831383
955399,0.25005838
955400,0.23943308
955401,0.043355484
955402,0.4035353
955403,0.3392432
955404,0.51777744
955405,0.34717444
955406,0.4555818
955407,0.31109232
955408,0.4673938
955409,0.39841187
955410,0.26024115
955411,0.363858
955412,0.020387301
955413,0.1381034
955414,0.15107553
955415,0.12587376
955416,0.29210964
955417,0.2079448
955418,0.22319154
955419,0.202455
955420,0.16828564
955421,0.040555663
955422,0.0400363
955423,0.010348116
955424,0.027712855
955425,0.021589559
955426,0.057387058
955427,0.059305526
955428,0.0302112
955429,0.06239447
955430,0.050013468
955431,0.055145934
955432,0.04935738
955433,0.025842788
955434,0.02028875
955435,0.008912087
955436,0.032437056
955437,0.0282202
955438,0.023652457
955439,0.018055461
955440,0.015644208
955441,0.036085468
955442,0.015092909
955443,0.015210527
955444,0.016437387
955445,0.009434931
955446,0.02252596
955447,0.020958882
955448,0.026481228
955449,0.040296808
955450,0.024791017
955451,0.039005317
955452,0.036530774
955453,0.02027899
955454,0.01763554
955455,0.043003183
955456,0.014923913
955457,0.04434682
955458,0.04773443
955459,0.13472386
955460,0.22074763
955461,0.2556546
955462,0.14490557
955463,0.37014383
955464,0.55273986
955465,0.38141662
955466,0.09220151
955467,0.09312004
955468,0.018241853
955469,0.067949705
955470,0.09243503
955471,0.09452004
955472,0.058910273
955473,0.0891225
955474,0.023198966
955475,0.18856834
955476,0.02840023
955477,0.061069515
955478,0.058228247
955479,0.048284356
955480,0.181947
955481,0.061878946
955482,0.09214518
955483,0.09945463
955484,0.054384284
955485,0.030249614
955486,0.33003324
955487,0.48615402
955488,0.44604054
955489,0.47154722
955490,0.45603842
955491,0.537291
955492,0.60142
955493,0.57915455
955494,0.5487184
955495,0.533015
955496,0.5484889
955497,0.6527677
955498,0.5015583
955499,0.68069047
955500,0.6810211
955501,0.629676
955502,0.6800004
955503,0.63808525
955504,0.43090254
955505,0.013820357
955506,0.08499999
955507,0.07755029
955508,0.07898712
955509,0.09375821
955510,0.08367267
955511,0.09578837
955512,0.10631132
955513,0.05451211
955514,0.20971988
955515,0.09780677
955516,0.17707807
955517,0.051454317
955518,0.028680047
955519,0.04022154
955520,0.03573987
955521,0.046389714
955522,0.028639223
955523,0.04432896
955524,0.022682842
955525,0.017329669
955526,0.008237041
955527,0.02179868
955528,0.030361073
955529,0.013807625
955530,0.025955856
955531,0.027913515
955532,0.015055224
955533,0.019891331
955534,0.28708073
955535,0.25545987
955536,0.10771739
955537,0.07345543
955538,0.09655322
955539,0.18179835
955540,0.12108813
955541,0.28871652
955542,0.011014729
955543,0.017320713
955544,0.096235715
955545,0.043501932
955546,0.019733725
955547,0.035524923
955548,0.019279512
955549,0.023103056
955550,0.02225914
955551,0.03175912
955552,0.054440897
955553,0.0077617955
955554,0.016926423
955555,0.018631611
955556,0.014389658
955557,0.017965326
955558,0.015267435
955559,0.017254796
955560,0.09158379
955561,0.05294285
955562,0.042964883
955563,0.058198597
955564,0.04463092
955565,0.058291294
955566,0.058862098
955567,0.042459376
955568,0.008228222
955569,0.01550929
955570,0.018698694
955571,0.14444812
955572,0.084222205
955573,0.016725432
955574,0.0167569
955575,0.00978328
955576,0.025228942
955577,0.03106621
955578,0.026064167
955579,0.039595135
955580,0.039534785
955581,0.05100804
955582,0.044055033
955583,0.007847832
955584,0.034372386
955585,0.024338936
955586,0.01996596
955587,0.021110723
955588,0.021609696
955589,0.022083685
955590,0.019242272
955591,0.032834366
955592,0.04455442
955593,0.060197823
955594,0.050830796
955595,0.050159503
955596,0.05610839
955597,0.03932309
955598,0.0140377125
955599,0.055849724
955600,0.05063669
955601,0.06583293
955602,0.07550784
955603,0.037130784
955604,0.06182023
955605,0.14223816
955606,0.19033524
955607,0.46539056
955608,0.22123098
955609,0.03051599
955610,0.10247622
955611,0.086511955
955612,0.2888921
955613,0.13596597
955614,0.4002786
955615,0.08696943
955616,0.074409544
955617,0.42914847
955618,0.44177932
955619,0.36084077
955620,0.5004882
955621,0.39577255
955622,0.46623603
955623,0.5346646
955624,0.5879484
955625,0.43725765
955626,0.40428445
955627,0.34145403
955628,0.045333415
955629,0.47139865
955630,0.8666865
955631,0.8965536
955632,0.009512012
955633,0.05847479
955634,0.1420282
955635,0.071347326
955636,0.12227945
955637,0.08153391
955638,0.15226817
955639,0.014813572
955640,0.2549068
955641,0.26541072
955642,0.27338186
955643,0.2429043
955644,0.2180914
955645,0.13417037
955646,0.11708905
955647,0.092646584
955648,0.011110832
955649,0.88659257
955650,0.4706005
955651,0.66285825
955652,0.7775181
955653,0.92069674
955654,0.805086
955655,0.42964214
955656,0.25082853
955657,0.4536943
955658,0.7575402
955659,0.2764589
955660,0.54916877
955661,0.3339397
955662,0.029259559
955663,0.11906993
955664,0.1383341
955665,0.24381259
955666,0.022018181
955667,0.09156328
955668,0.08773312
955669,0.09613612
955670,0.09044045
955671,0.09101428
955672,0.0908778
955673,0.12836328
955674,0.2319053
955675,0.19404332
955676,0.20459062
955677,0.09518706
955678,0.025301844
955679,0.07172414
955680,0.10046969
955681,0.13677153
955682,0.124220155
955683,0.07467721
955684,0.05695967
955685,0.058230884
955686,0.08628301
955687,0.067529604
955688,0.07246283
955689,0.05446714
955690,0.19194314
955691,0.2949807
955692,0.373971
955693,0.25157762
955694,0.38074994
955695,0.4496697
955696,0.30103293
955697,0.019238591
955698,0.23223652
955699,0.45519596
955700,0.29066035
955701,0.28302467
955702,0.36796927
955703,0.35142016
955704,0.50102484
955705,0.3255241
955706,0.25322837
955707,0.27058852
955708,0.40649036
955709,0.46890295
955710,0.47373396
955711,0.4849532
955712,0.33212614
955713,0.06321005
955714,0.044748746
955715,0.040148735
955716,0.038725015
955717,0.08015359
955718,0.061969895
955719,0.077005915
955720,0.06255671
955721,0.0662999
955722,0.3705539
955723,0.45466542
955724,0.5495132
955725,0.5768627
955726,0.6958744
955727,0.5961577
955728,0.6807919
955729,0.7798543
955730,0.72989833
955731,0.5899981
955732,0.5769485
955733,0.5707591
955734,0.662682
955735,0.357237
955736,0.13283445
955737,0.12654635
955738,0.063748196
955739,0.04023769
955740,0.05965538
955741,0.04837597
955742,0.044761
955743,0.05452993
955744,0.043552168
955745,0.09322697
955746,0.45065212
955747,0.5404817
955748,0.57928437
955749,0.39599973
955750,0.44377357
955751,0.40985006
955752,0.4973465
955753,0.4316738
955754,0.56085384
955755,0.5860089
955756,0.42518234
955757,0.56436324
955758,0.55545026
955759,0.57847214
955760,0.582271
955761,0.39922407
955762,0.17508046
955763,0.30682626
955764,0.012860623
955765,0.044061493
955766,0.031493098
955767,0.06420537
955768,0.031622883
955769,0.031678148
955770,0.041986056
955771,0.033846024
955772,0.03001707
955773,0.0106161535
955774,0.023121996
955775,0.02160056
955776,0.049502943
955777,0.016331706
955778,0.054650284
955779,0.04392013
955780,0.024604555
955781,0.02038307
955782,0.05242202
955783,0.033176955
955784,0.041896354
955785,0.16635346
955786,0.040061932
955787,0.18917996
955788,0.16847579
955789,0.011696073
955790,0.025568396
955791,0.029621791
955792,0.03024879
955793,0.030306667
955794,0.028308
955795,0.07306942
955796,0.031779155
955797,0.01568346
955798,0.03208792
955799,0.039295617
955800,0.03480587
955801,0.020534223
955802,0.019672869
955803,0.022336258
955804,0.053130053
955805,0.05648043
955806,0.046530265
955807,0.016759422
955808,0.012272449
955809,0.052229337
955810,0.054442134
955811,0.049969606
955812,0.0785339
955813,0.012321457
955814,0.10325767
955815,0.056614466
955816,0.0621081
955817,0.15100603
955818,0.07958668
955819,0.14429073
955820,0.0799673
955821,0.080273256
955822,0.07310205
955823,0.12867601
955824,0.08463407
955825,0.66391796
955826,0.7340831
955827,0.64499015
955828,0.71850675
955829,0.79299575
955830,0.7112124
955831,0.7683251
955832,0.71304816
955833,0.72850597
955834,0.71096265
955835,0.7678316
955836,0.7662301
955837,0.8004249
955838,0.67104906
955839,0.6859069
955840,0.5467898
955841,0.724817
955842,0.35046118
955843,0.095626846
955844,0.21578601
955845,0.22215812
955846,0.14950234
955847,0.21639496
955848,0.21223517
955849,0.17102121
955850,0.20979293
955851,0.09785527
955852,0.09568443
955853,0.09175541
955854,0.07221732
955855,0.037991833
955856,0.15858237
955857,0.15548538
955858,0.11847623
955859,0.1893205
955860,0.13828953
955861,0.22649318
955862,0.098197766
955863,0.020886082
955864,0.06970341
955865,0.06063881
955866,0.018939478
955867,0.19378309
955868,0.080532566
955869,0.1463322
955870,0.1652023
955871,0.17974171
955872,0.09441007
955873,0.065216586
955874,0.01828594
955875,0.077002786
955876,0.030601373
955877,0.026391089
955878,0.03279204
955879,0.035438836
955880,0.026461449
955881,0.046241898
955882,0.040216926
955883,0.03237656
955884,0.033702202
955885,0.025452625
955886,0.028604241
955887,0.23503906
955888,0.41376016
955889,0.6709837
955890,0.3184549
955891,0.16198014
955892,0.020365538
955893,0.057918463
955894,0.0719587
955895,0.1471568
955896,0.021742983
955897,0.072048485
955898,0.15297201
955899,0.16652036
955900,0.5282806
955901,0.7277167
955902,0.82876813
955903,0.5279249
955904,0.44195685
955905,0.18346171
955906,0.15141663
955907,0.23410158
955908,0.30345172
955909,0.1647121
955910,0.18490447
955911,0.33813465
955912,0.23106924
955913,0.4007763
955914,0.2362062
955915,0.46716785
955916,0.3876735
955917,0.25284246
955918,0.47251904
955919,0.24161762
955920,0.3123099
955921,0.31120667
955922,0.28692737
955923,0.45362702
955924,0.25897774
955925,0.018943029
955926,0.08741838
955927,0.11114682
955928,0.58236575
955929,0.23864186
955930,0.09243308
955931,0.704684
955932,0.7042933
955933,0.31308392
955934,0.07276011
955935,0.6916891
955936,0.124814905
955937,0.026425961
955938,0.28832313
955939,0.28504556
955940,0.32068914
955941,0.521263
955942,0.5023009
955943,0.3779629
955944,0.12595527
955945,0.3848675
955946,0.5186143
955947,0.5291491
955948,0.51499355
955949,0.3907181
955950,0.44077647
955951,0.5812746
955952,0.59273535
955953,0.5863519
955954,0.3636127
955955,0.39917764
955956,0.5025548
955957,0.16275494
955958,0.3144211
955959,0.40935412
955960,0.46557364
955961,0.47959936
955962,0.346645
955963,0.26312226
955964,0.26057076
955965,0.2151016
955966,0.28147414
955967,0.08094613
955968,0.06566053
955969,0.45641056
955970,0.17598644
955971,0.49070787
955972,0.16155587
955973,0.2159946
955974,0.060030017
955975,0.2689132
955976,0.043938033
955977,0.050729726
955978,0.042002108
955979,0.17189284
955980,0.040692143
955981,0.19082732
955982,0.43888775
955983,0.038641937
955984,0.33850005
955985,0.16321349
955986,0.17614059
955987,0.27978966
955988,0.39241362
955989,0.40327993
955990,0.43049788
955991,0.30125955
955992,0.48103502
955993,0.40248802
955994,0.4193807
955995,0.28508472
955996,0.049301025
955997,0.0558363
955998,0.32903314
955999,0.17784399
956000,0.23730752
956001,0.1731143
956002,0.23783764
956003,0.15902318
956004,0.07004469
956005,0.010547742
956006,0.02566502
956007,0.02928565
956008,0.02588881
956009,0.025406217
956010,0.02300711
956011,0.026861466
956012,0.023908619
956013,0.030277183
956014,0.050192203
956015,0.048633166
956016,0.043051865
956017,0.050385598
956018,0.05565374
956019,0.05423054
956020,0.04455645
956021,0.012739244
956022,0.03739256
956023,0.24451496
956024,0.4524348
956025,0.38683248
956026,0.43118054
956027,0.374649
956028,0.4273161
956029,0.5108493
956030,0.20009916
956031,0.41475543
956032,0.23004289
956033,0.13854884
956034,0.01628758
956035,0.07977303
956036,0.053945567
956037,0.055226997
956038,0.053905986
956039,0.048658736
956040,0.050706778
956041,0.050470345
956042,0.04825168
956043,0.019856682
956044,0.05058793
956045,0.028500458
956046,0.25236636
956047,0.029906705
956048,0.042906422
956049,0.038475215
956050,0.037919026
956051,0.041352022
956052,0.016428893
956053,0.03477362
956054,0.025364563
956055,0.02881952
956056,0.02783035
956057,0.026273044
956058,0.02692597
956059,0.027089076
956060,0.008265084
956061,0.04001825
956062,0.015173458
956063,0.031264123
956064,0.018579911
956065,0.015383821
956066,0.040391415
956067,0.014226779
956068,0.07198043
956069,0.05399906
956070,0.068971105
956071,0.17128083
956072,0.13422047
956073,0.103061296
956074,0.10003229
956075,0.057346925
956076,0.059578966
956077,0.1143059
956078,0.010105744
956079,0.025301619
956080,0.022350933
956081,0.0365887
956082,0.026161425
956083,0.024094885
956084,0.030456083
956085,0.020346172
956086,0.03513263
956087,0.027634146
956088,0.023473136
956089,0.02189248
956090,0.017657023
956091,0.017760465
956092,0.026165154
956093,0.018514382
956094,0.029054416
956095,0.028666986
956096,0.025667291
956097,0.027901376
956098,0.028061142
956099,0.027632205
956100,0.008337556
956101,0.06357553
956102,0.064288355
956103,0.070974864
956104,0.07293828
956105,0.06121698
956106,0.08073825
956107,0.255468
956108,0.01666547
956109,0.03193867
956110,0.044834383
956111,0.03614428
956112,0.0307089
956113,0.06501873
956114,0.060347892
956115,0.031329285
956116,0.042637244
956117,0.050239295
956118,0.009811847
956119,0.021274416
956120,0.023562448
956121,0.025273295
956122,0.04333583
956123,0.028606854
956124,0.029944848
956125,0.01847489
956126,0.08287276
956127,0.12551846
956128,0.14082064
956129,0.1378481
956130,0.1330535
956131,0.06820639
956132,0.016976379
956133,0.033857573
956134,0.029427094
956135,0.046707034
956136,0.039460823
956137,0.039502777
956138,0.036150932
956139,0.0379955
956140,0.023881858
956141,0.30147
956142,0.018206544
956143,0.05680814
956144,0.07446195
956145,0.079538785
956146,0.01703531
956147,0.030560993
956148,0.016617542
956149,0.023727925
956150,0.020348001
956151,0.025167013
956152,0.023457512
956153,0.37750223
956154,0.18649998
956155,0.16512616
956156,0.018423796
956157,0.045375697
956158,0.030450752
956159,0.036506485
956160,0.04695141
956161,0.042845078
956162,0.030981755
956163,0.124867104
956164,0.13027602
956165,0.13543385
956166,0.13908006
956167,0.07953781
956168,0.27894282
956169,0.068583354
956170,0.06256758
956171,0.043985914
956172,0.055905744
956173,0.09003626
956174,0.06993255
956175,0.32057613
956176,0.35372275
956177,0.27528536
956178,0.3634497
956179,0.25263664
956180,0.21530528
956181,0.1599732
956182,0.62926674
956183,0.373291
956184,0.25793248
956185,0.017609973
956186,0.0914849
956187,0.082236074
956188,0.13057697
956189,0.43880582
956190,0.5242985
956191,0.13322294
956192,0.8175945
956193,0.3669184
956194,0.34574765
956195,0.28922534
956196,0.27956638
956197,0.2786212
956198,0.05618344
956199,0.74686545
956200,0.19185865
956201,0.43930224
956202,0.2006877
956203,0.41008714
956204,0.55455893
956205,0.9802933
956206,0.7310153
956207,0.7761706
956208,0.98574257
956209,0.73860556
956210,0.6925455
956211,0.7022208
956212,0.7209812
956213,0.6923727
956214,0.98585397
956215,0.70431674
956216,0.71062386
956217,0.83944154
956218,0.9855424
956219,0.9840419
956220,0.6646591
956221,0.6755459
956222,0.7958641
956223,0.6455577
956224,0.6545542
956225,0.5795696
956226,0.59176695
956227,0.978022
956228,0.9658513
956229,0.0623512
956230,0.05403791
956231,0.05359565
956232,0.051653348
956233,0.11190968
956234,0.07859985
956235,0.06809069
956236,0.026606405
956237,0.0761147
956238,0.1088057
956239,0.13011514
956240,0.18604311
956241,0.016759658
956242,0.032728888
956243,0.038110122
956244,0.06518824
956245,0.029853884
956246,0.9731269
956247,0.025303166
956248,0.049653348
956249,0.07763579
956250,0.42419907
956251,0.65823174
956252,0.61727196
956253,0.6895714
956254,0.56689674
956255,0.7149986
956256,0.67063564
956257,0.7184483
956258,0.6197165
956259,0.6897448
956260,0.69509476
956261,0.5374131
956262,0.65402794
956263,0.44414794
956264,0.29211804
956265,0.35298273
956266,0.14870672
956267,0.1433289
956268,0.30323255
956269,0.20169666
956270,0.032620277
956271,0.01918039
956272,0.12607123
956273,0.06830868
956274,0.09278085
956275,0.09995456
956276,0.059810538
956277,0.058987856
956278,0.13728605
956279,0.08813998
956280,0.14357504
956281,0.088386424
956282,0.29528442
956283,0.6489806
956284,0.5751994
956285,0.6640268
956286,0.66886663
956287,0.64563257
956288,0.663061
956289,0.6471825
956290,0.58111024
956291,0.65631
956292,0.4282056
956293,0.5291359
956294,0.010078443
956295,0.030209264
956296,0.04022061
956297,0.029238412
956298,0.030182878
956299,0.066133015
956300,0.03202599
956301,0.02490062
956302,0.045123797
956303,0.47569913
956304,0.3320408
956305,0.6006183
956306,0.6220086
956307,0.37526125
956308,0.73685986
956309,0.44258675
956310,0.5326381
956311,0.54638577
956312,0.26750043
956313,0.45294157
956314,0.38025442
956315,0.51880324
956316,0.18114014
956317,0.3484909
956318,0.11904303
956319,0.2384545
956320,0.22472031
956321,0.16409725
956322,0.124918394
956323,0.26360336
956324,0.2531796
956325,0.17056899
956326,0.20168628
956327,0.20241061
956328,0.19013578
956329,0.1275095
956330,0.06740753
956331,0.020024013
956332,0.16017734
956333,0.34440783
956334,0.2547946
956335,0.24683748
956336,0.19749726
956337,0.28555372
956338,0.07167466
956339,0.24961388
956340,0.07473838
956341,0.11501078
956342,0.23457895
956343,0.06357186
956344,0.03887521
956345,0.07236589
956346,0.19010131
956347,0.21364272
956348,0.10462906
956349,0.22570603
956350,0.17776763
956351,0.17816176
956352,0.06979112
956353,0.07537064
956354,0.10950978
956355,0.02472492
956356,0.061722636
956357,0.052040283
956358,0.038747847
956359,0.07175497
956360,0.06808287
956361,0.07345564
956362,0.056811407
956363,0.02571338
956364,0.06011622
956365,0.0672114
956366,0.058909003
956367,0.059228357
956368,0.06272332
956369,0.049823754
956370,0.013464222
956371,0.15320216
956372,0.09975175
956373,0.13001516
956374,0.07670317
956375,0.045433536
956376,0.06905743
956377,0.31208703
956378,0.31724098
956379,0.20548859
956380,0.18818747
956381,0.25011665
956382,0.25171754
956383,0.5470079
956384,0.5317378
956385,0.61392313
956386,0.5319893
956387,0.64022183
956388,0.5249505
956389,0.4539352
956390,0.46444908
956391,0.60949415
956392,0.65714777
956393,0.5405666
956394,0.48049882
956395,0.5981428
956396,0.47903565
956397,0.3497378
956398,0.15792418
956399,0.13330953
956400,0.19033623
956401,0.09546296
956402,0.15322691
956403,0.030355904
956404,0.12845995
956405,0.1477162
956406,0.03108454
956407,0.053091854
956408,0.073567875
956409,0.05066392
956410,0.068576865
956411,0.10340652
956412,0.052070636
956413,0.066254884
956414,0.04897286
956415,0.12896502
956416,0.03484105
956417,0.0637063
956418,0.3101329
956419,0.17477621
956420,0.26765218
956421,0.22107111
956422,0.1849376
956423,0.37481704
956424,0.2854296
956425,0.17984465
956426,0.42969248
956427,0.23181275
956428,0.29573092
956429,0.25790212
956430,0.14917853
956431,0.20473333
956432,0.25816143
956433,0.012307468
956434,0.060178477
956435,0.05592085
956436,0.08741216
956437,0.061177187
956438,0.05672006
956439,0.053826082
956440,0.056871846
956441,0.057194617
956442,0.09997109
956443,0.04366281
956444,0.041514877
956445,0.06890722
956446,0.29667878
956447,0.43867797
956448,0.53137594
956449,0.5316518
956450,0.6186576
956451,0.6498388
956452,0.7155504
956453,0.64929515
956454,0.6620939
956455,0.65033823
956456,0.6351522
956457,0.6458979
956458,0.61633366
956459,0.3247072
956460,0.21818538
956461,0.08451356
956462,0.021249887
956463,0.06457298
956464,0.1518509
956465,0.15898325
956466,0.0749564
956467,0.041254915
956468,0.086785376
956469,0.5435935
956470,0.658053
956471,0.2888702
956472,0.14431602
956473,0.2619824
956474,0.16811968
956475,0.8967982
956476,0.1519451
956477,0.30669945
956478,0.11305648
956479,0.065633625
956480,0.055039342
956481,0.044052534
956482,0.0462385
956483,0.043267045
956484,0.03493751
956485,0.23362796
956486,0.22259435
956487,0.056643415
956488,0.5162541
956489,0.45794404
956490,0.2876663
956491,0.3578034
956492,0.06328373
956493,0.010677939
956494,0.025825206
956495,0.055268396
956496,0.056959007
956497,0.026321286
956498,0.025902845
956499,0.033228025
956500,0.387808
956501,0.07396966
956502,0.4250298
956503,0.53026104
956504,0.01208767
956505,0.02707773
956506,0.030057075
956507,0.060672775
956508,0.06180262
956509,0.05946244
956510,0.051856697
956511,0.00939251
956512,0.029651625
956513,0.07636173
956514,0.078510754
956515,0.13791588
956516,0.13931175
956517,0.13834451
956518,0.09558865
956519,0.14722078
956520,0.19866133
956521,0.16665803
956522,0.10238152
956523,0.11017003
956524,0.09385093
956525,0.017722258
956526,0.030789733
956527,0.02630362
956528,0.033586495
956529,0.038149253
956530,0.06177142
956531,0.0434875
956532,0.061229758
956533,0.26681593
956534,0.023241367
956535,0.04105346
956536,0.0474351
956537,0.040052656
956538,0.037247587
956539,0.044324722
956540,0.033891514
956541,0.045001287
956542,0.049472235
956543,0.03087619
956544,0.10808424
956545,0.10216129
956546,0.17632867
956547,0.019369597
956548,0.07040076
956549,0.24908657
956550,0.20841722
956551,0.28789198
956552,0.21137619
956553,0.13695142
956554,0.19663277
956555,0.13626714
956556,0.16737533
956557,0.079342306
956558,0.075118
956559,0.027825862
956560,0.101629995
956561,0.101059295
956562,0.2344807
956563,0.047544084
956564,0.05164983
956565,0.09279456
956566,0.123083755
956567,0.052999098
956568,0.033580057
956569,0.010402775
956570,0.024617428
956571,0.028394625
956572,0.024651457
956573,0.0444062
956574,0.019664483
956575,0.014616563
956576,0.07287997
956577,0.06865439
956578,0.09403473
956579,0.14767763
956580,0.12471873
956581,0.16370556
956582,0.06797451
956583,0.033125464
956584,0.04834957
956585,0.061394554
956586,0.08053013
956587,0.07130961
956588,0.07044896
956589,0.119687125
956590,0.057870507
956591,0.29983434
956592,0.30809486
956593,0.3110829
956594,0.25072208
956595,0.2648457
956596,0.33968595
956597,0.28673863
956598,0.19791862
956599,0.03594485
956600,0.15522784
956601,0.024978101
956602,0.09913925
956603,0.12493779
956604,0.16279165
956605,0.1463072
956606,0.18139982
956607,0.08416609
956608,0.08031898
956609,0.24094251
956610,0.36609587
956611,0.18976973
956612,0.19235599
956613,0.15710782
956614,0.019345602
956615,0.22886814
956616,0.3729877
956617,0.47759596
956618,0.4380042
956619,0.27856106
956620,0.57239866
956621,0.37852275
956622,0.33887422
956623,0.30219224
956624,0.47894987
956625,0.55355376
956626,0.28052735
956627,0.47798625
956628,0.7493163
956629,0.53333014
956630,0.51272726
956631,0.37659836
956632,0.8616466
956633,0.10524944
956634,0.3747019
956635,0.40760604
956636,0.8803867
956637,0.7161826
956638,0.8453934
956639,0.011383722
956640,0.39745986
956641,0.200039
956642,0.23534761
956643,0.47503182
956644,0.4552845
956645,0.22866945
956646,0.12939654
956647,0.09613836
956648,0.15611407
956649,0.025225254
956650,0.8480701
956651,0.51168674
956652,0.33160132
956653,0.33122864
956654,0.7932787
956655,0.5352399
956656,0.8687807
956657,0.20524943
956658,0.6125748
956659,0.6718914
956660,0.12608385
956661,0.7572967
956662,0.20030583
956663,0.68138486
956664,0.49840862
956665,0.18647647
956666,0.16995901
956667,0.18126737
956668,0.18447985
956669,0.17957543
956670,0.078237884
956671,0.5874938
956672,0.16709661
956673,0.15867513
956674,0.15499343
956675,0.17596483
956676,0.14845416
956677,0.07189427
956678,0.06721477
956679,0.04605808
956680,0.06636796
956681,0.049698997
956682,0.077813424
956683,0.011969182
956684,0.041374177
956685,0.060431983
956686,0.035693772
956687,0.029778337
956688,0.03165846
956689,0.03350371
956690,0.039054144
956691,0.03666379
956692,0.06695004
956693,0.010630406
956694,0.032295417
956695,0.029298803
956696,0.019619057
956697,0.020145612
956698,0.042458113
956699,0.015653498
956700,0.018998986
956701,0.06276274
956702,0.030455941
956703,0.13780044
956704,0.11734745
956705,0.030842198
956706,0.087067485
956707,0.0758771
956708,0.05490822
956709,0.015072947
956710,0.19810711
956711,0.13932481
956712,0.10993955
956713,0.13783473
956714,0.14803454
956715,0.07405896
956716,0.04726483
956717,0.16831394
956718,0.051989943
956719,0.036148813
956720,0.05590012
956721,0.07324053
956722,0.064968556
956723,0.10054964
956724,0.017198602
956725,0.018295346
956726,0.08173153
956727,0.10046509
956728,0.12463912
956729,0.11996058
956730,0.122542374
956731,0.30366522
956732,0.32064745
956733,0.023422841
956734,0.048222456
956735,0.05829267
956736,0.103879236
956737,0.09666789
956738,0.065091334
956739,0.6448834
956740,0.8118713
956741,0.8611804
956742,0.86974096
956743,0.8720801
956744,0.90950626
956745,0.90274924
956746,0.9017451
956747,0.73385304
956748,0.8945316
956749,0.8508192
956750,0.887709
956751,0.8407903
956752,0.8090986
956753,0.8506339
956754,0.8945295
956755,0.83562
956756,0.88006276
956757,0.8905231
956758,0.70171946
956759,0.90223294
956760,0.7248943
956761,0.83518285
956762,0.7572086
956763,0.7163212
956764,0.88982254
956765,0.86233026
956766,0.7226514
956767,0.6631771
956768,0.8129016
956769,0.79475117
956770,0.44716686
956771,0.07127013
956772,0.21291727
956773,0.3460253
956774,0.19378754
956775,0.17325343
956776,0.11840122
956777,0.20162337
956778,0.037562348
956779,0.05547727
956780,0.043859962
956781,0.35003608
956782,0.5367281
956783,0.59131706
956784,0.5262827
956785,0.6091935
956786,0.6157626
956787,0.608907
956788,0.557894
956789,0.6350757
956790,0.62376714
956791,0.6759109
956792,0.6298559
956793,0.6282664
956794,0.6205655
956795,0.6581184
956796,0.6415091
956797,0.51529914
956798,0.64239794
956799,0.61392826
956800,0.48446867
956801,0.52339643
956802,0.53928745
956803,0.77262014
956804,0.5437604
956805,0.3443607
956806,0.1628311
956807,0.18623109
956808,0.19140807
956809,0.25976017
956810,0.065734275
956811,0.0769905
956812,0.06206641
956813,0.39472216
956814,0.49001077
956815,0.35304126
956816,0.31827453
956817,0.31442237
956818,0.33064198
956819,0.07233527
956820,0.55247957
956821,0.69968706
956822,0.6160036
956823,0.7267134
956824,0.71763974
956825,0.6982399
956826,0.7536424
956827,0.6351816
956828,0.58581406
956829,0.66686475
956830,0.62783355
956831,0.5274622
956832,0.67725
956833,0.5694826
956834,0.5628083
956835,0.65835255
956836,0.6516206
956837,0.5074116
956838,0.62382656
956839,0.4868956
956840,0.032092582
956841,0.2107627
956842,0.13519824
956843,0.1744433
956844,0.19634552
956845,0.10058182
956846,0.03240055
956847,0.36577928
956848,0.40860462
956849,0.69264525
956850,0.40871847
956851,0.41524425
956852,0.4093623
956853,0.38591728
956854,0.5285484
956855,0.45673296
956856,0.30982667
956857,0.49833
956858,0.47333872
956859,0.5474885
956860,0.41613528
956861,0.45159543
956862,0.24971133
956863,0.051940564
956864,0.1681238
956865,0.1701597
956866,0.099451914
956867,0.10579371
956868,0.13311826
956869,0.040850714
956870,0.42005774
956871,0.45858383
956872,0.28737748
956873,0.46732292
956874,0.2616572
956875,0.23022488
956876,0.4737315
956877,0.5597634
956878,0.25667334
956879,0.25135309
956880,0.44504082
956881,0.2129231
956882,0.030250033
956883,0.09451224
956884,0.08228507
956885,0.14094442
956886,0.02587105
956887,0.26882052
956888,0.13786949
956889,0.24399756
956890,0.256932
956891,0.27321804
956892,0.13364738
956893,0.11822153
956894,0.09362454
956895,0.059807327
956896,0.06423886
956897,0.062129855
956898,0.061813682
956899,0.05454134
956900,0.0640671
956901,0.06374347
956902,0.04488399
956903,0.05359767
956904,0.5389975
956905,0.6550891
956906,0.57849276
956907,0.62801474
956908,0.7095919
956909,0.7334791
956910,0.7365983
956911,0.5674962
956912,0.6884155
956913,0.7107132
956914,0.65691626
956915,0.7028473
956916,0.34371376
956917,0.01860863
956918,0.092926085
956919,0.07510072
956920,0.07043246
956921,0.06462511
956922,0.05783164
956923,0.12521006
956924,0.0823028
956925,0.04026668
956926,0.08392893
956927,0.04828215
956928,0.18535359
956929,0.15668067
956930,0.17430642
956931,0.2942313
956932,0.13287792
956933,0.16548704
956934,0.15469746
956935,0.16520366
956936,0.08786908
956937,0.02566658
956938,0.17732948
956939,0.018162513
956940,0.061253063
956941,0.1400991
956942,0.11816878
956943,0.09851905
956944,0.06204116
956945,0.16288891
956946,0.10498144
956947,0.25422588
956948,0.29376122
956949,0.109136164
956950,0.2395618
956951,0.31528342
956952,0.26547128
956953,0.23673548
956954,0.053902023
956955,0.13025098
956956,0.14375271
956957,0.13105176
956958,0.15386757
956959,0.10733957
956960,0.15435652
956961,0.117779545
956962,0.46817178
956963,0.6538275
956964,0.6185322
956965,0.77157307
956966,0.7389348
956967,0.8008238
956968,0.77889246
956969,0.780014
956970,0.73597926
956971,0.5564848
956972,0.70486724
956973,0.57779807
956974,0.7095804
956975,0.7627088
956976,0.73513347
956977,0.7254415
956978,0.74591607
956979,0.7158243
956980,0.76230156
956981,0.652937
956982,0.65308505
956983,0.73924345
956984,0.7306112
956985,0.6104561
956986,0.7920718
956987,0.32062835
956988,0.26407275
956989,0.13515829
956990,0.20450997
956991,0.15896995
956992,0.112896875
956993,0.11399419
956994,0.121674724
956995,0.07545654
956996,0.15176833
956997,0.016907532
956998,0.027303856
956999,0.028440874
957000,0.03727529
957001,0.030393409
957002,0.036763277
957003,0.028371183
957004,0.020681947
957005,0.12954655
957006,0.39632708
957007,0.2935084
957008,0.23389298
957009,0.010787156
957010,0.027209023
957011,0.028418977
957012,0.04844131
957013,0.022568569
957014,0.02722982
957015,0.033783056
957016,0.01134923
957017,0.028547728
957018,0.028916337
957019,0.026633827
957020,0.022985565
957021,0.035706654
957022,0.029936086
957023,0.032232076
957024,0.016594041
957025,0.05873315
957026,0.02575557
957027,0.04157065
957028,0.090510786
957029,0.18529406
957030,0.092691064
957031,0.16305149
957032,0.19784668
957033,0.13820328
957034,0.20831083
957035,0.124032944
957036,0.097557835
957037,0.2371709
957038,0.045790438
957039,0.1344714
957040,0.19352932
957041,0.041697018
957042,0.17634733
957043,0.2183868
957044,0.12119028
957045,0.12984544
957046,0.1196681
957047,0.07623688
957048,0.027987393
957049,0.02436092
957050,0.063083455
957051,0.056058533
957052,0.025915952
957053,0.2408578
957054,0.026675401
957055,0.03783077
957056,0.03608191
957057,0.03960438
957058,0.042197075
957059,0.030287076
957060,0.029811714
957061,0.040821504
957062,0.0118101705
957063,0.05360547
957064,0.034892544
957065,0.032559738
957066,0.03424076
957067,0.037043333
957068,0.4053571
957069,0.057575256
957070,0.08504104
957071,0.010027142
957072,0.20196678
957073,0.15590529
957074,0.08985613
957075,0.24980924
957076,0.2562767
957077,0.23674472
957078,0.18421738
957079,0.08267861
957080,0.27755255
957081,0.3214064
957082,0.2718546
957083,0.28218535
957084,0.21406461
957085,0.044667196
957086,0.017611565
957087,0.042243604
957088,0.036253046
957089,0.037619684
957090,0.03189281
957091,0.035801668
957092,0.033359934
957093,0.04831438
957094,0.031360246
957095,0.010622431
957096,0.044796947
957097,0.08145828
957098,0.037833896
957099,0.056026198
957100,0.045539077
957101,0.1311697
957102,0.05637735
957103,0.26410127
957104,0.15959518
957105,0.031117382
957106,0.04887502
957107,0.08605354
957108,0.04285644
957109,0.061817158
957110,0.06576393
957111,0.06898981
957112,0.06283123
957113,0.050008006
957114,0.040693037
957115,0.23507084
957116,0.20753397
957117,0.17687045
957118,0.16508241
957119,0.11108844
957120,0.0078991
957121,0.023603579
957122,0.020952431
957123,0.04814148
957124,0.042219754
957125,0.03257543
957126,0.030993633
957127,0.07875397
957128,0.051771596
957129,0.106549606
957130,0.0148478355
957131,0.035879318
957132,0.045314103
957133,0.037614867
957134,0.038660318
957135,0.03533364
957136,0.039375152
957137,0.038155142
957138,0.047696188
957139,0.026694058
957140,0.29816753
957141,0.51942056
957142,0.40566152
957143,0.45235398
957144,0.45249572
957145,0.4503952
957146,0.34388205
957147,0.012634475
957148,0.1422215
957149,0.12390703
957150,0.21368946
957151,0.20990676
957152,0.18487713
957153,0.186022
957154,0.29361248
957155,0.076845996
957156,0.25398052
957157,0.14147684
957158,0.27135688
957159,0.24895073
957160,0.015486888
957161,0.060315568
957162,0.06254466
957163,0.053995952
957164,0.11120349
957165,0.05847042
957166,0.49101314
957167,0.55417424
957168,0.5783066
957169,0.5735895
957170,0.5979436
957171,0.760337
957172,0.5164639
957173,0.6532714
957174,0.55430937
957175,0.6659503
957176,0.32748196
957177,0.5929772
957178,0.59663683
957179,0.423011
957180,0.28066272
957181,0.53763163
957182,0.53562003
957183,0.67377466
957184,0.693982
957185,0.6210597
957186,0.74498904
957187,0.73587006
957188,0.7077202
957189,0.74552566
957190,0.7171584
957191,0.7244072
957192,0.7103748
957193,0.66688716
957194,0.61366224
957195,0.76828945
957196,0.7251666
957197,0.49910265
957198,0.5298187
957199,0.5299152
957200,0.55400366
957201,0.5587204
957202,0.74444735
957203,0.8164985
957204,0.66223377
957205,0.8385618
957206,0.6891443
957207,0.7814988
957208,0.49952123
957209,0.070983104
957210,0.42131883
957211,0.42141676
957212,0.43286145
957213,0.4618535
957214,0.37331775
957215,0.36774272
957216,0.28145146
957217,0.080999605
957218,0.049296923
957219,0.063626386
957220,0.0639545
957221,0.12768401
957222,0.12830332
957223,0.10145407
957224,0.24228793
957225,0.066106185
957226,0.15326878
957227,0.33324915
957228,0.38743773
957229,0.47638866
957230,0.36479214
957231,0.16764665
957232,0.3483868
957233,0.24607304
957234,0.19542708
957235,0.10875765
957236,0.11236124
957237,0.18411238
957238,0.102884606
957239,0.058008138
957240,0.10138434
957241,0.17056198
957242,0.11009906
957243,0.016926961
957244,0.033879433
957245,0.028030934
957246,0.09470139
957247,0.22688317
957248,0.06671085
957249,0.07539745
957250,0.16633736
957251,0.09928726
957252,0.07506062
957253,0.103866406
957254,0.24503624
957255,0.19453256
957256,0.098832496
957257,0.105288155
957258,0.09893764
957259,0.06668773
957260,0.076704554
957261,0.29472753
957262,0.44306996
957263,0.44528678
957264,0.39493674
957265,0.20032856
957266,0.094388425
957267,0.103790276
957268,0.14653891
957269,0.044501618
957270,0.047275465
957271,0.1434381
957272,0.078052774
957273,0.103927046
957274,0.2685705
957275,0.08967157
957276,0.19733858
957277,0.045660283
957278,0.010987792
957279,0.08467841
957280,0.035509907
957281,0.012939291
957282,0.16844332
957283,0.08079383
957284,0.25653663
957285,0.15174481
957286,0.20666939
957287,0.3627378
957288,0.26607984
957289,0.08965041
957290,0.23964329
957291,0.4476937
957292,0.22051752
957293,0.11839333
957294,0.089964844
957295,0.25615883
957296,0.12550814
957297,0.01213927
957298,0.03327275
957299,0.033376854
957300,0.07109037
957301,0.028092789
957302,0.11620322
957303,0.08009507
957304,0.03720222
957305,0.05062107
957306,0.14521793
957307,0.01214946
957308,0.07945769
957309,0.022980196
957310,0.21697746
957311,0.36615965
957312,0.28634858
957313,0.026326125
957314,0.20569906
957315,0.2999591
957316,0.33840346
957317,0.3880911
957318,0.35226262
957319,0.5018747
957320,0.5419098
957321,0.5049288
957322,0.5650942
957323,0.48343775
957324,0.5728565
957325,0.3572429
957326,0.3896521
957327,0.4903679
957328,0.46361724
957329,0.3167862
957330,0.5852259
957331,0.52212787
957332,0.42521635
957333,0.32204944
957334,0.09391215
957335,0.27718693
957336,0.009207069
957337,0.040878598
957338,0.042406365
957339,0.02442909
957340,0.029178975
957341,0.03839041
957342,0.018468786
957343,0.12257872
957344,0.12691729
957345,0.4953492
957346,0.5781739
957347,0.56273824
957348,0.6483556
957349,0.566806
957350,0.73605275
957351,0.73653126
957352,0.7183824
957353,0.5980336
957354,0.46546838
957355,0.5359777
957356,0.67076993
957357,0.70901406
957358,0.67757344
957359,0.6436446
957360,0.6998366
957361,0.69435453
957362,0.73396003
957363,0.65687144
957364,0.6438404
957365,0.6985584
957366,0.69425654
957367,0.584356
957368,0.48792496
957369,0.009681118
957370,0.038452633
957371,0.043994624
957372,0.03518396
957373,0.049968414
957374,0.051732868
957375,0.025597563
957376,0.026174018
957377,0.043611046
957378,0.011043137
957379,0.028453222
957380,0.03842861
957381,0.035148654
957382,0.03039651
957383,0.01924538
957384,0.048243877
957385,0.026846206
957386,0.25863057
957387,0.0049207476
957388,0.023758812
957389,0.023439446
957390,0.01917684
957391,0.01673177
957392,0.022181937
957393,0.03284656
957394,0.0239119
957395,0.01865236
957396,0.027315728
957397,0.043791585
957398,0.030054266
957399,0.033932496
957400,0.030200563
957401,0.030263143
957402,0.06434428
957403,0.045872767
957404,0.42253235
957405,0.67372984
957406,0.5712761
957407,0.42310524
957408,0.71858174
957409,0.6724442
957410,0.7116373
957411,0.5909055
957412,0.59836733
957413,0.7450876
957414,0.42342016
957415,0.63539404
957416,0.7755818
957417,0.6187892
957418,0.8141073
957419,0.62586117
957420,0.7578902
957421,0.7528236
957422,0.21126446
957423,0.04190691
957424,0.032772843
957425,0.12314364
957426,0.1443985
957427,0.07674223
957428,0.08854068
957429,0.08976328
957430,0.12000268
957431,0.06917987
957432,0.09220957
957433,0.04515406
957434,0.047771443
957435,0.078189805
957436,0.06673406
957437,0.07804162
957438,0.02645671
957439,0.03926439
957440,0.024968436
957441,0.032895
957442,0.027881602
957443,0.052697748
957444,0.010402501
957445,0.028064331
957446,0.07604419
957447,0.024333188
957448,0.042204846
957449,0.026967317
957450,0.032101143
957451,0.056369133
957452,0.03764354
957453,0.029887516
957454,0.028207833
957455,0.09119066
957456,0.052673083
957457,0.055576593
957458,0.046249773
957459,0.11748819
957460,0.063392155
957461,0.050700486
957462,0.053636357
957463,0.12968932
957464,0.012354292
957465,0.03459476
957466,0.023682382
957467,0.03984652
957468,0.050257884
957469,0.025243288
957470,0.066437975
957471,0.03648847
957472,0.06385871
957473,0.030102758
957474,0.015887922
957475,0.035902385
957476,0.038867988
957477,0.030195892
957478,0.02800902
957479,0.02533319
957480,0.030930718
957481,0.023864781
957482,0.1493671
957483,0.015823543
957484,0.03994182
957485,0.041718315
957486,0.111024655
957487,0.09731066
957488,0.06973548
957489,0.04072587
957490,0.15191469
957491,0.18412381
957492,0.117984936
957493,0.06174449
957494,0.014779214
957495,0.11813229
957496,0.05849111
957497,0.093423724
957498,0.050483566
957499,0.045273688
957500,0.06428264
957501,0.13378128
957502,0.049698584
957503,0.08507828
957504,0.012699777
957505,0.045700725
957506,0.041462645
957507,0.056883607
957508,0.028921729
957509,0.05635153
957510,0.04356834
957511,0.049536597
957512,0.05404537
957513,0.01943435
957514,0.046449024
957515,0.15670785
957516,0.05576687
957517,0.05965636
957518,0.08499145
957519,0.06071165
957520,0.09056561
957521,0.05425883
957522,0.011618474
957523,0.032442253
957524,0.044500113
957525,0.026324444
957526,0.050239976
957527,0.02952082
957528,0.028849911
957529,0.055411547
957530,0.046342693
957531,0.036865216
957532,0.012045016
957533,0.12884212
957534,0.087361656
957535,0.13857149
957536,0.07672253
957537,0.15617059
957538,0.11345819
957539,0.1411268
957540,0.16004248
957541,0.09592986
957542,0.5729367
957543,0.6679747
957544,0.76841396
957545,0.7830255
957546,0.76261216
957547,0.83438134
957548,0.8441759
957549,0.84717304
957550,0.8157301
957551,0.8141706
957552,0.7129757
957553,0.7859713
957554,0.81294274
957555,0.8114685
957556,0.8187008
957557,0.8362817
957558,0.84162134
957559,0.77441895
957560,0.8408683
957561,0.8384694
957562,0.8384694
957563,0.84126174
957564,0.84126174
957565,0.8426858
957566,0.8394919
957567,0.83549964
957568,0.8284817
957569,0.8265151
957570,0.8258392
957571,0.7262941
957572,0.8127286
957573,0.8127286
957574,0.81026196
957575,0.8022995
957576,0.7652567
957577,0.7726278
957578,0.77480733
957579,0.75942165
957580,0.7152654
957581,0.75927144
957582,0.75506794
957583,0.7897979
957584,0.7781233
957585,0.7386701
957586,0.7556839
957587,0.7556839
957588,0.74261624
957589,0.73326916
957590,0.72281307
957591,0.73326916
957592,0.67148834
957593,0.73326916
957594,0.73716545
957595,0.71608526
957596,0.80586016
957597,0.73065627
957598,0.754415
957599,0.7312801
957600,0.7189167
957601,0.7003162
957602,0.604759
957603,0.45675123
957604,0.3059515
957605,0.59857666
957606,0.69110703
957607,0.8451155
957608,0.8064988
957609,0.8346529
957610,0.85408336
957611,0.87343395
957612,0.87680894
957613,0.8890878
957614,0.9389728
957615,0.8645949
957616,0.8666997
957617,0.8532881
957618,0.9281326
957619,0.85379016
957620,0.86373544
957621,0.9099354
957622,0.87393075
957623,0.9089983
957624,0.8609507
957625,0.90496045
957626,0.8622815
957627,0.90496045
957628,0.9023194
957629,0.86168796
957630,0.86168796
957631,0.9513115
957632,0.8656398
957633,0.8656398
957634,0.8666009
957635,0.9327881
957636,0.84555846
957637,0.8969061
957638,0.8969061
957639,0.89776486
957640,0.94755024
957641,0.89705527
957642,0.93611896
957643,0.8257593
957644,0.8964502
957645,0.9491193
957646,0.939947
957647,0.8964502
957648,0.91548645
957649,0.88929313
957650,0.9014357
957651,0.88929313
957652,0.8600436
957653,0.8593818
957654,0.94383484
957655,0.87602794
957656,0.87602794
957657,0.87602794
957658,0.86237437
957659,0.83910596
957660,0.87121767
957661,0.87121767
957662,0.87155247
957663,0.87155247
957664,0.9337609
957665,0.8725128
957666,0.8722149
957667,0.8722149
957668,0.8722149
957669,0.8722149
957670,0.8722149
957671,0.8862484
957672,0.8653171
957673,0.8862484
957674,0.8197259
957675,0.8653171
957676,0.88346446
957677,0.88346446
957678,0.8653171
957679,0.9307587
957680,0.9438829
957681,0.80516505
957682,0.8653171
957683,0.8823758
957684,0.8784503
957685,0.8653171
957686,0.8653171
957687,0.8653171
957688,0.8653171
957689,0.8653171
957690,0.8653171
957691,0.8653171
957692,0.8784503
957693,0.8332294
957694,0.22679284
957695,0.11406549
957696,0.10413583
957697,0.10545118
957698,0.19373144
957699,0.1839424
957700,0.13203174
957701,0.017681612
957702,0.08318156
957703,0.08140389
957704,0.07411979
957705,0.08570136
957706,0.08575909
957707,0.13522883
957708,0.200452
957709,0.26658097
957710,0.27409798
957711,0.34890354
957712,0.14941779
957713,0.3707455
957714,0.26789677
957715,0.19523418
957716,0.024878616
957717,0.21994147
957718,0.32672164
957719,0.07384709
957720,0.08390057
957721,0.06654293
957722,0.016849225
957723,0.062306855
957724,0.049326956
957725,0.061375868
957726,0.05432617
957727,0.063631795
957728,0.06883254
957729,0.25529313
957730,0.17219998
957731,0.075800136
957732,0.066534705
957733,0.061429817
957734,0.110123396
957735,0.15582559
957736,0.19972236
957737,0.102517314
957738,0.009423484
957739,0.030577222
957740,0.037078764
957741,0.068453915
957742,0.046606574
957743,0.031560887
957744,0.033792533
957745,0.037605807
957746,0.041946705
957747,0.01052849
957748,0.028487224
957749,0.031732842
957750,0.047681585
957751,0.024787318
957752,0.012310784
957753,0.012123372
957754,0.012140346
957755,0.014310956
957756,0.005676665
957757,0.013135146
957758,0.011922182
957759,0.025471225
957760,0.016227974
957761,0.017724963
957762,0.01419581
957763,0.013682204
957764,0.021502698
957765,0.005264499
957766,0.028225036
957767,0.018475909
957768,0.0199067
957769,0.045207974
957770,0.039562445
957771,0.019506006
957772,0.017266776
957773,0.015741918
957774,0.36888042
957775,0.13040487
957776,0.053734776
957777,0.13865499
957778,0.28255385
957779,0.084582224
957780,0.009446966
957781,0.016709028
957782,0.017986167
957783,0.019045375
957784,0.029001368
957785,0.026499588
957786,0.019865157
957787,0.14665008
957788,0.015136307
957789,0.015143837
957790,0.035770103
957791,0.025607882
957792,0.037961256
957793,0.051155098
957794,0.100078
957795,0.10845714
957796,0.03367344
957797,0.021964503
957798,0.010849221
957799,0.038942926
957800,0.030901117
957801,0.020649483
957802,0.05744017
957803,0.024598595
957804,0.025481157
957805,0.025426356
957806,0.039331015
957807,0.017564727
957808,0.51974535
957809,0.6710335
957810,0.79330677
957811,0.7726313
957812,0.5608245
957813,0.76233375
957814,0.81154734
957815,0.7911563
957816,0.7423584
957817,0.49647403
957818,0.7741634
957819,0.7478518
957820,0.6888752
957821,0.55081475
957822,0.6384858
957823,0.41797292
957824,0.29910815
957825,0.04173949
957826,0.098130055
957827,0.04603005
957828,0.04671259
957829,0.034366917
957830,0.09054777
957831,0.068345554
957832,0.048584808
957833,0.04356955
957834,0.011078715
957835,0.026660597
957836,0.04119905
957837,0.025709532
957838,0.024016524
957839,0.025616217
957840,0.038296193
957841,0.07951629
957842,0.02495111
957843,0.021439252
957844,0.10192976
957845,0.23983414
957846,0.15767743
957847,0.011107118
957848,0.043142963
957849,0.034568015
957850,0.031344473
957851,0.027960652
957852,0.03369589
957853,0.03115258
957854,0.017757995
957855,0.008564345
957856,0.04306356
957857,0.06278413
957858,0.10559226
957859,0.037829913
957860,0.061211377
957861,0.079590976
957862,0.06323024
957863,0.045018986
957864,0.055543173
957865,0.10193286
957866,0.19777149
957867,0.30354142
957868,0.3232607
957869,0.22449465
957870,0.17908737
957871,0.27109864
957872,0.28272432
957873,0.21864861
957874,0.21428384
957875,0.20061228
957876,0.0791086
957877,0.19598575
957878,0.37041023
957879,0.19074097
957880,0.15282933
957881,0.08907258
957882,0.2368802
957883,0.2081624
957884,0.17940527
957885,0.15538916
957886,0.10289598
957887,0.04234718
957888,0.20782374
957889,0.20866609
957890,0.10785411
957891,0.21440282
957892,0.08308795
957893,0.1772695
957894,0.115206815
957895,0.15054078
957896,0.090535715
957897,0.10254288
957898,0.12996207
957899,0.078876935
957900,0.06812539
957901,0.08643707
957902,0.08088597
957903,0.01960144
957904,0.037203923
957905,0.037720658
957906,0.03347968
957907,0.039153066
957908,0.038111005
957909,0.03793117
957910,0.033896636
957911,0.02972702
957912,0.06760014
957913,0.47154668
957914,0.59120303
957915,0.44277397
957916,0.18180656
957917,0.51333034
957918,0.43203235
957919,0.5759816
957920,0.4638336
957921,0.5619562
957922,0.43892765
957923,0.27608016
957924,0.25986093
957925,0.034758583
957926,0.013209564
957927,0.025040045
957928,0.03178752
957929,0.067493826
957930,0.25192338
957931,0.02739669
957932,0.081200376
957933,0.037819047
957934,0.041172113
957935,0.027520966
957936,0.051592454
957937,0.32691857
957938,0.23023802
957939,0.36301047
957940,0.3405788
957941,0.37967053
957942,0.53679204
957943,0.42505404
957944,0.4091508
957945,0.17645207
957946,0.16503842
957947,0.29407868
957948,0.012456627
957949,0.06615693
957950,0.078818195
957951,0.022582289
957952,0.17343388
957953,0.26759943
957954,0.23273873
957955,0.34232292
957956,0.21807878
957957,0.2253808
957958,0.29357022
957959,0.27872005
957960,0.32590276
957961,0.14913815
957962,0.03681454
957963,0.07398634
957964,0.10954964
957965,0.060285773
957966,0.079834
957967,0.19722661
957968,0.1052062
957969,0.09052035
957970,0.09258226
957971,0.12343461
957972,0.067696996
957973,0.009897405
957974,0.02697933
957975,0.036265068
957976,0.02903965
957977,0.029627522
957978,0.032660704
957979,0.05354459
957980,0.027481994
957981,0.011316266
957982,0.018377619
957983,0.11025245
957984,0.047142006
957985,0.029808389
957986,0.01830264
957987,0.0072081806
957988,0.10958656
957989,0.046552554
957990,0.05201634
957991,0.13886017
957992,0.0485649
957993,0.08897567
957994,0.41960976
957995,0.4399528
957996,0.552365
957997,0.9779848
957998,0.9837136
957999,0.5289477
958000,0.9717907
958001,0.97287786
958002,0.4939047
958003,0.4825176
958004,0.52706885
958005,0.5056533
958006,0.48499846
958007,0.4797317
958008,0.47946543
958009,0.4927763
958010,0.47099525
958011,0.4788155
958012,0.48087382
958013,0.46095923
958014,0.43587846
958015,0.31781223
958016,0.12931699
958017,0.24564385
958018,0.2543697
958019,0.25696877
958020,0.9413836
958021,0.9436288
958022,0.9388469
958023,0.3545231
958024,0.26355967
958025,0.2422181
958026,0.28074673
958027,0.21123299
958028,0.13708727
958029,0.14146824
958030,0.017017234
958031,0.15107718
958032,0.22656742
958033,0.12473479
958034,0.22337027
958035,0.12935078
958036,0.15038142
958037,0.20274189
958038,0.13528351
958039,0.117420964
958040,0.16053084
958041,0.16245894
958042,0.18053041
958043,0.1571129
958044,0.122317836
958045,0.11938311
958046,0.12547907
958047,0.11758845
958048,0.30144322
958049,0.019383283
958050,0.042373963
958051,0.024185989
958052,0.021595668
958053,0.022420252
958054,0.040251
958055,0.034692507
958056,0.061948683
958057,0.020476358
958058,0.007656218
958059,0.019423898
958060,0.020744117
958061,0.019073388
958062,0.018752487
958063,0.018986778
958064,0.019460965
958065,0.018372403
958066,0.010015093
958067,0.053638607
958068,0.06556375
958069,0.086326845
958070,0.13284647
958071,0.22544989
958072,0.16024175
958073,0.2740614
958074,0.28082767
958075,0.16255568
958076,0.0929828
958077,0.2243319
958078,0.013690605
958079,0.1492032
958080,0.15130155
958081,0.12532055
958082,0.13736805
958083,0.22922896
958084,0.17523158
958085,0.08509002
958086,0.12910455
958087,0.19799504
958088,0.13390574
958089,0.22691548
958090,0.17582309
958091,0.12767217
958092,0.029021498
958093,0.042631112
958094,0.047154915
958095,0.049625363
958096,0.042767007
958097,0.04869833
958098,0.04436633
958099,0.04568548
958100,0.04469002
958101,0.03634251
958102,0.016395625
958103,0.10437843
958104,0.08971092
958105,0.13897295
958106,0.09266835
958107,0.083378494
958108,0.07927471
958109,0.07169289
958110,0.07126178
958111,0.22688873
958112,0.14696395
958113,0.22846784
958114,0.32597408
958115,0.38636157
958116,0.4342827
958117,0.3559471
958118,0.59252405
958119,0.583058
958120,0.54627717
958121,0.15777647
958122,0.26943305
958123,0.33976418
958124,0.2341192
958125,0.09753443
958126,0.033247385
958127,0.05240819
958128,0.039281506
958129,0.30196688
958130,0.2731477
958131,0.08483456
958132,0.26177812
958133,0.106616065
958134,0.0125068305
958135,0.052064788
958136,0.023626223
958137,0.043237004
958138,0.034699455
958139,0.033986524
958140,0.028962601
958141,0.044008046
958142,0.03312668
958143,0.2006965
958144,0.10108466
958145,0.048898466
958146,0.030710118
958147,0.09084653
958148,0.065973416
958149,0.10461385
958150,0.088080734
958151,0.13651417
958152,0.13086617
958153,0.114369854
958154,0.12293188
958155,0.12483538
958156,0.06101284
958157,0.0099313725
958158,0.022426935
958159,0.017511321
958160,0.021958025
958161,0.022803692
958162,0.036141247
958163,0.023784053
958164,0.03262877
958165,0.008684171
958166,0.035532426
958167,0.017774038
958168,0.0350769
958169,0.017878428
958170,0.029756323
958171,0.017914275
958172,0.015813159
958173,0.1705459
958174,0.06522641
958175,0.15267788
958176,0.1960148
958177,0.16232768
958178,0.2021213
958179,0.055326626
958180,0.13725889
958181,0.029391948
958182,0.14803505
958183,0.046136346
958184,0.1945542
958185,0.15012868
958186,0.2387815
958187,0.095392145
958188,0.045753106
958189,0.09995881
958190,0.1213904
958191,0.06522696
958192,0.07741653
958193,0.009514663
958194,0.059163835
958195,0.071202144
958196,0.05614757
958197,0.059280466
958198,0.09555715
958199,0.007282625
958200,0.032721017
958201,0.04694242
958202,0.021432385
958203,0.02299522
958204,0.04240841
958205,0.046901453
958206,0.076265246
958207,0.022991205
958208,0.029899921
958209,0.115333475
958210,0.012602549
958211,0.03925993
958212,0.057408046
958213,0.04591637
958214,0.07343896
958215,0.048182413
958216,0.041021775
958217,0.055557758
958218,0.08424982
958219,0.050270814
958220,0.009063371
958221,0.03165153
958222,0.013563636
958223,0.029681
958224,0.026002629
958225,0.017060656
958226,0.022137849
958227,0.16192546
958228,0.01799362
958229,0.092683285
958230,0.07496991
958231,0.10684844
958232,0.060618784
958233,0.07375225
958234,0.17140725
958235,0.08762077
958236,0.06749843
958237,0.06533806
958238,0.04346683
958239,0.0072078533
958240,0.020383624
958241,0.04461683
958242,0.027404815
958243,0.028898757
958244,0.03154394
958245,0.019877866
958246,0.027291238
958247,0.024816457
958248,0.026219739
958249,0.14017019
958250,0.06787265
958251,0.12646304
958252,0.13740529
958253,0.11237954
958254,0.073371306
958255,0.10010403
958256,0.057253256
958257,0.11999741
958258,0.06501144
958259,0.089341626
958260,0.011258157
958261,0.025299279
958262,0.016025802
958263,0.02759241
958264,0.012024599
958265,0.034428377
958266,0.31337777
958267,0.38113087
958268,0.42569846
958269,0.43034258
958270,0.20133132
958271,0.30109447
958272,0.40484786
958273,0.4254152
958274,0.17110166
958275,0.43171003
958276,0.28066763
958277,0.2835713
958278,0.34466532
958279,0.20032415
958280,0.022779714
958281,0.028225552
958282,0.043787792
958283,0.03477664
958284,0.025457557
958285,0.028214619
958286,0.035769798
958287,0.019736068
958288,0.04755927
958289,0.045717623
958290,0.0682639
958291,0.099616244
958292,0.047268037
958293,0.044877347
958294,0.041595485
958295,0.011665159
958296,0.02173066
958297,0.01825482
958298,0.016071612
958299,0.010564905
958300,0.03060728
958301,0.018637206
958302,0.029314457
958303,0.034041822
958304,0.03501552
958305,0.018580332
958306,0.033635743
958307,0.03566051
958308,0.03253401
958309,0.037710328
958310,0.03411047
958311,0.03179034
958312,0.029739777
958313,0.014810017
958314,0.14169246
958315,0.08996619
958316,0.06980796
958317,0.07099758
958318,0.0084656365
958319,0.022126693
958320,0.02601764
958321,0.04007882
958322,0.05164396
958323,0.023660727
958324,0.039110653
958325,0.024035538
958326,0.021072257
958327,0.20384511
958328,0.10295388
958329,0.09911163
958330,0.18854733
958331,0.10238303
958332,0.05631565
958333,0.014224371
958334,0.035120707
958335,0.11942405
958336,0.12235023
958337,0.09214848
958338,0.032121647
958339,0.1547246
958340,0.07865145
958341,0.034661166
958342,0.17050096
958343,0.07018059
958344,0.013649823
958345,0.03331346
958346,0.040273286
958347,0.032928403
958348,0.041627947
958349,0.0354641
958350,0.03740734
958351,0.008523424
958352,0.023208883
958353,0.02288565
958354,0.016542088
958355,0.02254628
958356,0.020545652
958357,0.011106537
958358,0.034665722
958359,0.02950022
958360,0.026120072
958361,0.04105929
958362,0.040609002
958363,0.027396107
958364,0.034642488
958365,0.011724798
958366,0.029982526
958367,0.028673977
958368,0.030480875
958369,0.046050385
958370,0.03977322
958371,0.032081954
958372,0.026531558
958373,0.011781401
958374,0.0590443
958375,0.03324318
958376,0.118910626
958377,0.041299157
958378,0.045756675
958379,0.034535464
958380,0.29049474
958381,0.56859434
958382,0.80702513
958383,0.6873276
958384,0.74669373
958385,0.7197909
958386,0.781361
958387,0.6908812
958388,0.7636444
958389,0.62236756
958390,0.5781295
958391,0.6439069
958392,0.5879128
958393,0.34167245
958394,0.014737716
958395,0.025033044
958396,0.031277217
958397,0.054909546
958398,0.03843711
958399,0.021987785
958400,0.024307596
958401,0.020812467
958402,0.026865978
958403,0.049351133
958404,0.051188286
958405,0.041812733
958406,0.014618816
958407,0.06399519
958408,0.059378132
958409,0.042882815
958410,0.10662814
958411,0.08608749
958412,0.20377222
958413,0.077969946
958414,0.10982907
958415,0.10315365
958416,0.13741122
958417,0.113845326
958418,0.08379946
958419,0.17456092
958420,0.26106498
958421,0.018119235
958422,0.068545215
958423,0.02809844
958424,0.07990014
958425,0.08564776
958426,0.0791475
958427,0.08117976
958428,0.13424225
958429,0.07460152
958430,0.060050856
958431,0.07610362
958432,0.11356387
958433,0.16221118
958434,0.1735571
958435,0.100587875
958436,0.038577218
958437,0.060779672
958438,0.05622028
958439,0.048768867
958440,0.026564905
958441,0.05420611
958442,0.16894288
958443,0.048341796
958444,0.053182237
958445,0.061708696
958446,0.073261626
958447,0.061210297
958448,0.042209353
958449,0.008834005
958450,0.11304144
958451,0.0373488
958452,0.032355223
958453,0.051880732
958454,0.036932804
958455,0.021480622
958456,0.020608239
958457,0.0304245
958458,0.032092232
958459,0.20457357
958460,0.30497256
958461,0.120786235
958462,0.21451469
958463,0.12724465
958464,0.12674356
958465,0.65746635
958466,0.3360416
958467,0.2405014
958468,0.16307287
958469,0.015389774
958470,0.06229301
958471,0.22904645
958472,0.07391406
958473,0.23126161
958474,0.055342827
958475,0.3502147
958476,0.18455109
958477,0.17208077
958478,0.124946795
958479,0.01942487
958480,0.05506623
958481,0.15382242
958482,0.0449872
958483,0.12036331
958484,0.06299517
958485,0.049256846
958486,0.0197484
958487,0.057490878
958488,0.09078727
958489,0.05212887
958490,0.051451247
958491,0.057603527
958492,0.08570864
958493,0.0570525
958494,0.056458272
958495,0.01742622
958496,0.05782822
958497,0.039662886
958498,0.044399496
958499,0.04367876
958500,0.04125651
958501,0.05400383
958502,0.028481789
958503,0.04590428
958504,0.013792607
958505,0.033356775
958506,0.032260407
958507,0.03238247
958508,0.042832408
958509,0.047665596
958510,0.0361775
958511,0.04230721
958512,0.015039839
958513,0.039327998
958514,0.12850222
958515,0.017015137
958516,0.030999176
958517,0.061919592
958518,0.03576253
958519,0.05185864
958520,0.048255857
958521,0.055309497
958522,0.04374728
958523,0.03481354
958524,0.1970902
958525,0.2603334
958526,0.11120498
958527,0.117876865
958528,0.1266582
958529,0.096429385
958530,0.013480775
958531,0.04149653
958532,0.029853411
958533,0.0329671
958534,0.031662706
958535,0.03746005
958536,0.033186875
958537,0.029988857
958538,0.031884275
958539,0.05543444
958540,0.032339968
958541,0.024010293
958542,0.024298782
958543,0.023089984
958544,0.021314304
958545,0.07318592
958546,0.09036986
958547,0.09316654
958548,0.07714875
958549,0.07550973
958550,0.084694535
958551,0.019256886
958552,0.03008063
958553,0.03307859
958554,0.03225851
958555,0.03610822
958556,0.028266301
958557,0.01745316
958558,0.08103661
958559,0.090388164
958560,0.09083022
958561,0.110769734
958562,0.23157653
958563,0.32904744
958564,0.19884422
958565,0.3085351
958566,0.30342728
958567,0.14036164
958568,0.24853037
958569,0.36613223
958570,0.18199782
958571,0.16901322
958572,0.1303116
958573,0.09379785
958574,0.22388361
958575,0.03315989
958576,0.055036638
958577,0.032136403
958578,0.034213066
958579,0.034333736
958580,0.028001862
958581,0.038846485
958582,0.030080492
958583,0.05619057
958584,0.024201253
958585,0.114690825
958586,0.048694637
958587,0.07391011
958588,0.010001774
958589,0.099973835
958590,0.0848062
958591,0.10410025
958592,0.3089112
958593,0.33165702
958594,0.3110034
958595,0.31610283
958596,0.1403121
958597,0.044693634
958598,0.12750615
958599,0.13187712
958600,0.64403623
958601,0.30919638
958602,0.23895922
958603,0.21851926
958604,0.17347734
958605,0.14294197
958606,0.15257959
958607,0.3683057
958608,0.16280869
958609,0.4909118
958610,0.27128285
958611,0.6562371
958612,0.32347962
958613,0.36380887
958614,0.40709803
958615,0.37682325
958616,0.40798905
958617,0.2705253
958618,0.21075091
958619,0.52934873
958620,0.606224
958621,0.7130228
958622,0.68266714
958623,0.64775693
958624,0.70346385
958625,0.71824014
958626,0.6884531
958627,0.69560087
958628,0.7726694
958629,0.69321996
958630,0.51778454
958631,0.6433027
958632,0.6497735
958633,0.49030393
958634,0.04025454
958635,0.19729653
958636,0.05005871
958637,0.091856316
958638,0.15684187
958639,0.07767272
958640,0.014391741
958641,0.023021761
958642,0.03986723
958643,0.026095098
958644,0.023579443
958645,0.12721983
958646,0.042129792
958647,0.04629154
958648,0.15833731
958649,0.77107096
958650,0.76530534
958651,0.8568127
958652,0.8280958
958653,0.5448236
958654,0.57717544
958655,0.36230862
958656,0.597569
958657,0.41606426
958658,0.64082795
958659,0.72727793
958660,0.66181266
958661,0.6165056
958662,0.54907197
958663,0.42873287
958664,0.39845252
958665,0.43201995
958666,0.31063262
958667,0.64126146
958668,0.37378058
958669,0.02228457
958670,0.04985132
958671,0.14067286
958672,0.10245051
958673,0.051111754
958674,0.16084182
958675,0.21266223
958676,0.24611162
958677,0.11438278
958678,0.22032182
958679,0.12069413
958680,0.3182869
958681,0.19383313
958682,0.03396937
958683,0.17841884
958684,0.27897578
958685,0.1279994
958686,0.14065702
958687,0.2638804
958688,0.19814204
958689,0.122593194
958690,0.12755923
958691,0.20303565
958692,0.1764024
958693,0.018950013
958694,0.16229743
958695,0.2549133
958696,0.120326094
958697,0.21057566
958698,0.20944932
958699,0.23065569
958700,0.37220943
958701,0.33862615
958702,0.34663978
958703,0.35099018
958704,0.34935036
958705,0.15802972
958706,0.015598562
958707,0.12254368
958708,0.26161397
958709,0.27492633
958710,0.19189826
958711,0.21782766
958712,0.29639247
958713,0.3034282
958714,0.32000288
958715,0.19300854
958716,0.08189297
958717,0.14503293
958718,0.08996106
958719,0.06578111
958720,0.2415969
958721,0.11933268
958722,0.01668547
958723,0.035313655
958724,0.09155164
958725,0.0306732
958726,0.072267085
958727,0.032456264
958728,0.0454849
958729,0.03468833
958730,0.017521678
958731,0.11232609
958732,0.17233278
958733,0.18765052
958734,0.16284667
958735,0.205786
958736,0.30855688
958737,0.1761073
958738,0.25509903
958739,0.31923303
958740,0.15706418
958741,0.31911516
958742,0.137324
958743,0.0068666744
958744,0.015719682
958745,0.020939777
958746,0.021058386
958747,0.022231476
958748,0.030252986
958749,0.016831242
958750,0.0282891
958751,0.043787003
958752,0.0539989
958753,0.04892682
958754,0.12631322
958755,0.075078465
958756,0.08701775
958757,0.062485512
958758,0.044836476
958759,0.043831374
958760,0.41402888
958761,0.41223326
958762,0.29196146
958763,0.41962385
958764,0.5038904
958765,0.6168419
958766,0.43593475
958767,0.58806074
958768,0.601631
958769,0.4377098
958770,0.5446144
958771,0.43317133
958772,0.5617091
958773,0.3430681
958774,0.19242726
958775,0.13284716
958776,0.5878923
958777,0.28347245
958778,0.58527416
958779,0.7055601
958780,0.63871837
958781,0.69818354
958782,0.65562254
958783,0.74417377
958784,0.75966984
958785,0.6686254
958786,0.72036725
958787,0.7550885
958788,0.7646026
958789,0.6858893
958790,0.7445726
958791,0.7608766
958792,0.7169746
958793,0.6822078
958794,0.78460866
958795,0.69144696
958796,0.7067999
958797,0.42287165
958798,0.21058407
958799,0.36063716
958800,0.19192022
958801,0.49292022
958802,0.28754547
958803,0.29734996
958804,0.28710872
958805,0.25509956
958806,0.30817014
958807,0.3118936
958808,0.2681933
958809,0.19040722
958810,0.528025
958811,0.22728427
958812,0.68032384
958813,0.17498657
958814,0.23571897
958815,0.08239912
958816,0.5708984
958817,0.6162664
958818,0.614179
958819,0.61398596
958820,0.43502483
958821,0.61409277
958822,0.68061954
958823,0.5987302
958824,0.6390882
958825,0.5340685
958826,0.60557014
958827,0.3055484
958828,0.017554566
958829,0.2049921
958830,0.3084706
958831,0.3021797
958832,0.633422
958833,0.67888004
958834,0.37823808
958835,0.35824692
958836,0.5261193
958837,0.3228255
958838,0.55705637
958839,0.515544
958840,0.28998896
958841,0.36246252
958842,0.47837174
958843,0.4621566
958844,0.34550998
958845,0.19936313
958846,0.12217183
958847,0.18067937
958848,0.12968598
958849,0.1585689
958850,0.10965307
958851,0.1553637
958852,0.16427119
958853,0.0352302
958854,0.076696955
958855,0.14734478
958856,0.65916604
958857,0.5640027
958858,0.7301259
958859,0.79012173
958860,0.77302617
958861,0.7830819
958862,0.7652284
958863,0.8541654
958864,0.7755612
958865,0.8442464
958866,0.64533573
958867,0.8202241
958868,0.86956215
958869,0.8363639
958870,0.837464
958871,0.7974884
958872,0.8247028
958873,0.7863622
958874,0.79380363
958875,0.7221846
958876,0.79773206
958877,0.7966314
958878,0.80506706
958879,0.8726848
958880,0.7999123
958881,0.7799662
958882,0.5943205
958883,0.18267031
958884,0.27667597
958885,0.16932727
958886,0.20335984
958887,0.2256358
958888,0.2163343
958889,0.14891504
958890,0.124929555
958891,0.1327872
958892,0.47001407
958893,0.6190013
958894,0.5368941
958895,0.6144085
958896,0.65766364
958897,0.68057805
958898,0.6294172
958899,0.68127155
958900,0.5852198
958901,0.65743697
958902,0.72690773
958903,0.68449754
958904,0.625858
958905,0.62414736
958906,0.58854395
958907,0.55411655
958908,0.73958075
958909,0.69362396
958910,0.6665592
958911,0.6625844
958912,0.71867406
958913,0.57579005
958914,0.665938
958915,0.3222538
958916,0.638835
958917,0.32088196
958918,0.67403185
958919,0.85997015
958920,0.22420806
958921,0.41176245
958922,0.49011418
958923,0.9275381
958924,0.6250133
958925,0.8339465
958926,0.5956127
958927,0.19776092
958928,0.17308427
958929,0.30808318
958930,0.74085194
958931,0.79406285
958932,0.0753293
958933,0.30673507
958934,0.2120662
958935,0.26156434
958936,0.20425859
958937,0.1923188
958938,0.065925814
958939,0.15067741
958940,0.09741893
958941,0.1748547
958942,0.08781487
958943,0.17829785
958944,0.11278825
958945,0.23074569
958946,0.08371217
958947,0.11920573
958948,0.23496749
958949,0.116463125
958950,0.1067433
958951,0.06617076
958952,0.010338413
958953,0.037417572
958954,0.028761668
958955,0.022603897
958956,0.024239914
958957,0.03665744
958958,0.10534027
958959,0.7382392
958960,0.7668723
958961,0.9117838
958962,0.9095104
958963,0.8280476
958964,0.8844368
958965,0.49477258
958966,0.9073175
958967,0.7498315
958968,0.3687026
958969,0.8243227
958970,0.632575
958971,0.689707
958972,0.032863006
958973,0.13099828
958974,0.24875422
958975,0.2819602
958976,0.24951813
958977,0.12645659
958978,0.034225423
958979,0.12207413
958980,0.07203587
958981,0.08457218
958982,0.07911166
958983,0.08937275
958984,0.09286224
958985,0.11626115
958986,0.06166073
958987,0.06119335
958988,0.026982266
958989,0.15930052
958990,0.14445935
958991,0.05686169
958992,0.32381725
958993,0.2150022
958994,0.117108904
958995,0.23541081
958996,0.20792183
958997,0.24968158
958998,0.2676171
958999,0.23000245
959000,0.14288923
959001,0.16613777
959002,0.0383979
959003,0.022893013
959004,0.029020712
959005,0.02639787
959006,0.0723955
959007,0.025076354
959008,0.02428622
959009,0.021886377
959010,0.01834065
959011,0.036236648
959012,0.043073766
959013,0.042240217
959014,0.03671806
959015,0.031283475
959016,0.036232103
959017,0.043339822
959018,0.011687825
959019,0.040794626
959020,0.058896482
959021,0.062389895
959022,0.060786784
959023,0.039532665
959024,0.04144185
959025,0.043546826
959026,0.12556358
959027,0.0075202985
959028,0.022383425
959029,0.070681356
959030,0.11445172
959031,0.026503406
959032,0.037388526
959033,0.038051847
959034,0.010503632
959035,0.023402365
959036,0.15281731
959037,0.057322852
959038,0.07151665
959039,0.05355612
959040,0.11431302
959041,0.043694668
959042,0.08451657
959043,0.09666712
959044,0.10349215
959045,0.112242155
959046,0.13589635
959047,0.2530631
959048,0.1815033
959049,0.048002593
959050,0.090355374
959051,0.22514427
959052,0.028945334
959053,0.054694965
959054,0.08841596
959055,0.0795919
959056,0.1599962
959057,0.018844523
959058,0.14335503
959059,0.059788167
959060,0.045872543
959061,0.14058258
959062,0.32067308
959063,0.37291035
959064,0.2945231
959065,0.42341173
959066,0.31188938
959067,0.04872827
959068,0.04374279
959069,0.031680044
959070,0.3687912
959071,0.6132842
959072,0.46158594
959073,0.4117204
959074,0.35705817
959075,0.3882674
959076,0.6763813
959077,0.4031118
959078,0.39381665
959079,0.6097726
959080,0.45633483
959081,0.6451102
959082,0.45658192
959083,0.55053806
959084,0.78035814
959085,0.81008244
959086,0.6692299
959087,0.63946444
959088,0.7069664
959089,0.49420547
959090,0.015082003
959091,0.025646538
959092,0.07196916
959093,0.05533575
959094,0.10999068
959095,0.030937249
959096,0.03588514
959097,0.29680496
959098,0.11369522
959099,0.19799908
959100,0.3078517
959101,0.24869776
959102,0.18460314
959103,0.134118
959104,0.11815355
959105,0.0844521
959106,0.10023826
959107,0.20943728
959108,0.13946089
959109,0.012018647
959110,0.04458154
959111,0.039741926
959112,0.1263833
959113,0.16080856
959114,0.03293691
959115,0.03558247
959116,0.12440212
959117,0.07370079
959118,0.099209994
959119,0.24753551
959120,0.14988987
959121,0.109922014
959122,0.076715834
959123,0.13592026
959124,0.12897591
959125,0.08169888
959126,0.1449828
959127,0.22039582
959128,0.131931
959129,0.149698
959130,0.107539736
959131,0.17686258
959132,0.19605638
959133,0.2508875
959134,0.016221672
959135,0.06871407
959136,0.067526735
959137,0.06573675
959138,0.073568754
959139,0.06554931
959140,0.29406574
959141,0.2428811
959142,0.08181818
959143,0.21126023
959144,0.17798327
959145,0.18102759
959146,0.32441008
959147,0.35268646
959148,0.50855577
959149,0.45406282
959150,0.29917353
959151,0.18922268
959152,0.21249384
959153,0.27421463
959154,0.0734214
959155,0.2327592
959156,0.1870883
959157,0.20670071
959158,0.12554356
959159,0.018458128
959160,0.32337186
959161,0.3406595
959162,0.45359543
959163,0.4461102
959164,0.43798155
959165,0.44304112
959166,0.42971554
959167,0.5195724
959168,0.44079998
959169,0.4488918
959170,0.5201937
959171,0.48473445
959172,0.46027392
959173,0.119788
959174,0.28201583
959175,0.037064772
959176,0.13556127
959177,0.07857683
959178,0.1275624
959179,0.16737808
959180,0.0738871
959181,0.14155985
959182,0.042385314
959183,0.12505294
959184,0.05558556
959185,0.24888127
959186,0.4257406
959187,0.5058287
959188,0.5985979
959189,0.4896719
959190,0.47086793
959191,0.633286
959192,0.5887931
959193,0.4964363
959194,0.59316117
959195,0.38327855
959196,0.4115804
959197,0.4261825
959198,0.60111535
959199,0.38402534
959200,0.6382664
959201,0.63286716
959202,0.63836473
959203,0.31501248
959204,0.09519252
959205,0.2627791
959206,0.42699766
959207,0.4562137
959208,0.23970777
959209,0.43730775
959210,0.25845674
959211,0.47401085
959212,0.47795287
959213,0.47369644
959214,0.28378904
959215,0.2197082
959216,0.20791124
959217,0.087767184
959218,0.15697904
959219,0.1201741
959220,0.14223549
959221,0.11899331
959222,0.09975841
959223,0.06678832
959224,0.046690427
959225,0.30049056
959226,0.5376423
959227,0.64777166
959228,0.5166657
959229,0.55355054
959230,0.5032824
959231,0.65977395
959232,0.69940084
959233,0.6986806
959234,0.48763832
959235,0.5671015
959236,0.35767868
959237,0.4537846
959238,0.54393446
959239,0.6929258
959240,0.6191694
959241,0.63335717
959242,0.6139976
959243,0.38532227
959244,0.20637237
959245,0.21150133
959246,0.3345826
959247,0.18001369
959248,0.18120389
959249,0.112598665
959250,0.038223974
959251,0.13402723
959252,0.25147006
959253,0.46667603
959254,0.28002822
959255,0.3943829
959256,0.27757692
959257,0.40657002
959258,0.091060765
959259,0.40951315
959260,0.47230372
959261,0.28212973
959262,0.23528926
959263,0.018946579
959264,0.060588017
959265,0.07424807
959266,0.026403813
959267,0.04869793
959268,0.051967748
959269,0.03900925
959270,0.057691626
959271,0.047427047
959272,0.09708005
959273,0.04065825
959274,0.02111045
959275,0.061602995
959276,0.047329266
959277,0.0749529
959278,0.056108918
959279,0.15852924
959280,0.16964146
959281,0.092537254
959282,0.04782556
959283,0.06593498
959284,0.061652146
959285,0.055345036
959286,0.04781961
959287,0.09680527
959288,0.5320301
959289,0.12967592
959290,0.07639322
959291,0.57403433
959292,0.56620944
959293,0.45930073
959294,0.49109432
959295,0.36430138
959296,0.21113172
959297,0.07454675
959298,0.19370595
959299,0.049607623
959300,0.20728324
959301,0.16786338
959302,0.17439935
959303,0.14964072
959304,0.15539901
959305,0.31025264
959306,0.12608585
959307,0.055578355
959308,0.055305634
959309,0.24308312
959310,0.1179625
959311,0.026738057
959312,0.058347806
959313,0.05755469
959314,0.054877013
959315,0.05707176
959316,0.09190313
959317,0.073850825
959318,0.114818946
959319,0.06331616
959320,0.061963964
959321,0.048101727
959322,0.08407386
959323,0.20098875
959324,0.253951
959325,0.41778687
959326,0.182173
959327,0.2961982
959328,0.26123837
959329,0.113609925
959330,0.43603814
959331,0.38854697
959332,0.38479677
959333,0.38031062
959334,0.26165894
959335,0.20429923
959336,0.19074486
959337,0.18467003
959338,0.13526037
959339,0.21258222
959340,0.014431404
959341,0.01914909
959342,0.0410527
959343,0.025401758
959344,0.051538307
959345,0.021420173
959346,0.038389098
959347,0.040540386
959348,0.016465982
959349,0.021851456
959350,0.014237281
959351,0.025845453
959352,0.071968794
959353,0.06263073
959354,0.043390535
959355,0.073352896
959356,0.09133739
959357,0.041842926
959358,0.02920401
959359,0.20989197
959360,0.33475438
959361,0.35703316
959362,0.13552412
959363,0.2283649
959364,0.37361118
959365,0.30956823
959366,0.08369625
959367,0.16810487
959368,0.20613399
959369,0.18029302
959370,0.39613092
959371,0.31579587
959372,0.17739485
959373,0.37544182
959374,0.1540541
959375,0.22694795
959376,0.17459174
959377,0.01097906
959378,0.051575027
959379,0.044006832
959380,0.048684034
959381,0.05530232
959382,0.046870887
959383,0.0907395
959384,0.02198442
959385,0.038405303
959386,0.021522602
959387,0.0406894
959388,0.030247321
959389,0.022775892
959390,0.025147984
959391,0.017724533
959392,0.06149133
959393,0.029465096
959394,0.07191655
959395,0.074602626
959396,0.12257885
959397,0.083634034
959398,0.13238446
959399,0.061377764
959400,0.0654673
959401,0.14398661
959402,0.12616467
959403,0.052056372
959404,0.25908694
959405,0.50560415
959406,0.5199039
959407,0.45410377
959408,0.53171426
959409,0.66613674
959410,0.70850366
959411,0.67985207
959412,0.7081081
959413,0.71333206
959414,0.6170558
959415,0.70748955
959416,0.55244946
959417,0.7055355
959418,0.6961679
959419,0.74825454
959420,0.7080589
959421,0.7552135
959422,0.6708004
959423,0.6430047
959424,0.6011591
959425,0.5988243
959426,0.47163543
959427,0.29870844
959428,0.33880204
959429,0.34135878
959430,0.3445934
959431,0.4190271
959432,0.31613678
959433,0.32171094
959434,0.33236095
959435,0.338591
959436,0.28833792
959437,0.39344847
959438,0.50010204
959439,0.66290134
959440,0.80578834
959441,0.68046874
959442,0.5399287
959443,0.6125093
959444,0.62142897
959445,0.7779494
959446,0.74279076
959447,0.24377605
959448,0.6599245
959449,0.3867116
959450,0.726022
959451,0.13889179
959452,0.2555886
959453,0.22256346
959454,0.17953467
959455,0.3018443
959456,0.27373278
959457,0.3622253
959458,0.27710685
959459,0.17499205
959460,0.4663455
959461,0.53069013
959462,0.55895805
959463,0.596867
959464,0.62142533
959465,0.74944216
959466,0.7673178
959467,0.6607898
959468,0.76491594
959469,0.76889855
959470,0.6822209
959471,0.7145598
959472,0.7282581
959473,0.794547
959474,0.6628812
959475,0.6332539
959476,0.6295649
959477,0.7143222
959478,0.7413626
959479,0.71970844
959480,0.7479629
959481,0.7135725
959482,0.7459525
959483,0.64535797
959484,0.7271477
959485,0.7184024
959486,0.68235826
959487,0.7066089
959488,0.6924981
959489,0.61038953
959490,0.6600479
959491,0.2646781
959492,0.028932776
959493,0.25224793
959494,0.13503021
959495,0.11571372
959496,0.11306248
959497,0.10684671
959498,0.06994313
959499,0.079668276
959500,0.16036986
959501,0.112389445
959502,0.084932886
959503,0.13678713
959504,0.12848204
959505,0.036787532
959506,0.25694266
959507,0.6140969
959508,0.32512924
959509,0.64465815
959510,0.5773138
959511,0.3579313
959512,0.4004928
959513,0.19542773
959514,0.19070014
959515,0.22647132
959516,0.18408775
959517,0.07843833
959518,0.05457729
959519,0.21115328
959520,0.16202019
959521,0.06034125
959522,0.18479171
959523,0.3764379
959524,0.21710545
959525,0.19338652
959526,0.23961559
959527,0.38258934
959528,0.32173568
959529,0.21028405
959530,0.35274008
959531,0.2838762
959532,0.16378419
959533,0.18615986
959534,0.21743946
959535,0.23223102
959536,0.30485842
959537,0.30467653
959538,0.2667205
959539,0.71223706
959540,0.23322007
959541,0.287674
959542,0.42322624
959543,0.4263121
959544,0.42605293
959545,0.4068363
959546,0.20998065
959547,0.186142
959548,0.11240569
959549,0.122658126
959550,0.18027514
959551,0.114402026
959552,0.19463961
959553,0.11230812
959554,0.14883967
959555,0.018976804
959556,0.050962646
959557,0.035525694
959558,0.06705647
959559,0.045356866
959560,0.051418968
959561,0.052168656
959562,0.04239718
959563,0.013783277
959564,0.054199185
959565,0.023043366
959566,0.043554462
959567,0.04451232
959568,0.04817549
959569,0.07028569
959570,0.047653683
959571,0.032526422
959572,0.013200889
959573,0.061007462
959574,0.048209623
959575,0.08452474
959576,0.05285906
959577,0.046891533
959578,0.042454343
959579,0.046409152
959580,0.040565014
959581,0.015526744
959582,0.060206104
959583,0.066545345
959584,0.060492918
959585,0.08420489
959586,0.014793114
959587,0.06986358
959588,0.061912034
959589,0.06272812
959590,0.06514931
959591,0.21414328
959592,0.098236285
959593,0.14790003
959594,0.17774205
959595,0.2540439
959596,0.17879759
959597,0.018290726
959598,0.091237456
959599,0.16969514
959600,0.27954018
959601,0.1448958
959602,0.10072875
959603,0.2768473
959604,0.33852813
959605,0.25620854
959606,0.029322706
959607,0.22560108
959608,0.28646928
959609,0.34047124
959610,0.49852285
959611,0.49279523
959612,0.4395393
959613,0.57915795
959614,0.40914965
959615,0.5389541
959616,0.4754744
959617,0.55811
959618,0.46905196
959619,0.4286587
959620,0.3842753
959621,0.368582
959622,0.53996354
959623,0.2867219
959624,0.038172655
959625,0.21359041
959626,0.04786419
959627,0.078024395
959628,0.080001846
959629,0.055758834
959630,0.02104882
959631,0.041811433
959632,0.048590086
959633,0.045239527
959634,0.07892505
959635,0.06156987
959636,0.059145804
959637,0.031590417
959638,0.013816659
959639,0.03933207
959640,0.13738993
959641,0.07375519
959642,0.12903726
959643,0.054850694
959644,0.10571597
959645,0.07002672
959646,0.1527885
959647,0.06766901
959648,0.25911516
959649,0.29381767
959650,0.14509557
959651,0.12030187
959652,0.049886953
959653,0.06068347
959654,0.035407882
959655,0.11884697
959656,0.059134144
959657,0.10847506
959658,0.03995484
959659,0.09040941
959660,0.09103486
959661,0.05645567
959662,0.033335987
959663,0.17896633
959664,0.033335075
959665,0.0392493
959666,0.03484437
959667,0.008389473
959668,0.15312372
959669,0.11333347
959670,0.13294266
959671,0.089865424
959672,0.07579602
959673,0.2688261
959674,0.18418224
959675,0.032463662
959676,0.029035669
959677,0.02824648
959678,0.02495661
959679,0.026713436
959680,0.019817783
959681,0.016742498
959682,0.051601924
959683,0.050299816
959684,0.032581206
959685,0.050270896
959686,0.030341243
959687,0.10377064
959688,0.052252945
959689,0.046947047
959690,0.023117024
959691,0.011677007
959692,0.033714995
959693,0.034268983
959694,0.028551709
959695,0.015675217
959696,0.013717577
959697,0.014736684
959698,0.031197313
959699,0.019155683
959700,0.24297857
959701,0.007079833
959702,0.015333294
959703,0.028207095
959704,0.017671047
959705,0.017865323
959706,0.016979832
959707,0.016980907
959708,0.0149963815
959709,0.1389525
959710,0.11826481
959711,0.0071599004
959712,0.016664868
959713,0.047792584
959714,0.013598398
959715,0.02079908
959716,0.016310325
959717,0.017661018
959718,0.014404612
959719,0.304555
959720,0.26076257
959721,0.39933044
959722,0.124052316
959723,0.2617837
959724,0.05804736
959725,0.00736256
959726,0.019404963
959727,0.015039832
959728,0.018574204
959729,0.021611098
959730,0.017968642
959731,0.013018425
959732,0.07837534
959733,0.057459954
959734,0.044626903
959735,0.04501256
959736,0.090733536
959737,0.044848014
959738,0.04347679
959739,0.087069765
959740,0.009340439
959741,0.019631565
959742,0.027634075
959743,0.035032045
959744,0.039450966
959745,0.025825268
959746,0.027878435
959747,0.024874538
959748,0.038159825
959749,0.027211113
959750,0.03735818
959751,0.032534618
959752,0.07830865
959753,0.11275209
959754,0.07815565
959755,0.08347785
959756,0.3521379
959757,0.3857028
959758,0.3392858
959759,0.01263811
959760,0.02319679
959761,0.019732216
959762,0.01975798
959763,0.021789225
959764,0.026759228
959765,0.017061288
959766,0.33416
959767,0.14994526
959768,0.2634717
959769,0.43253037
959770,0.3399573
959771,0.64446384
959772,0.33093515
959773,0.5701717
959774,0.27729836
959775,0.018144555
959776,0.0726395
959777,0.081887625
959778,0.08900833
959779,0.07499748
959780,0.075527474
959781,0.36298814
959782,0.2529312
959783,0.25334084
959784,0.23841606
959785,0.34540534
959786,0.07716857
959787,0.09522575
959788,0.1223393
959789,0.084216364
959790,0.07868761
959791,0.3739224
959792,0.2607834
959793,0.22244325
959794,0.38372135
959795,0.117392145
959796,0.18503322
959797,0.2222634
959798,0.22193305
959799,0.22120209
959800,0.17369936
959801,0.17162539
959802,0.29241002
959803,0.296738
959804,0.30225343
959805,0.013909611
959806,0.06533881
959807,0.02737515
959808,0.035706885
959809,0.050660476
959810,0.039057117
959811,0.05219819
959812,0.18624976
959813,0.52587605
959814,0.38775802
959815,0.6683432
959816,0.62662405
959817,0.7153026
959818,0.6492955
959819,0.5251731
959820,0.53059465
959821,0.52830356
959822,0.64337087
959823,0.362529
959824,0.8018666
959825,0.5640673
959826,0.43500957
959827,0.37828857
959828,0.6009268
959829,0.65721315
959830,0.19374672
959831,0.03561767
959832,0.27504852
959833,0.27781323
959834,0.26602393
959835,0.26788408
959836,0.116317645
959837,0.13575245
959838,0.5343159
959839,0.22629389
959840,0.013003025
959841,0.13947791
959842,0.08532867
959843,0.391582
959844,0.07244066
959845,0.09649309
959846,0.07121326
959847,0.10204921
959848,0.061825935
959849,0.67693824
959850,0.7088112
959851,0.7339545
959852,0.8156224
959853,0.81040514
959854,0.8449041
959855,0.8823861
959856,0.85169566
959857,0.86180925
959858,0.87822926
959859,0.8609867
959860,0.85068154
959861,0.8477607
959862,0.84594357
959863,0.83662236
959864,0.87734354
959865,0.86908954
959866,0.7970846
959867,0.8651703
959868,0.8197343
959869,0.8105863
959870,0.8205583
959871,0.79629916
959872,0.80413836
959873,0.8017104
959874,0.81629777
959875,0.8348653
959876,0.81606406
959877,0.81791276
959878,0.79538596
959879,0.80254036
959880,0.82617027
959881,0.78377813
959882,0.8087284
959883,0.80367094
959884,0.83373153
959885,0.89336663
959886,0.81788045
959887,0.8061019
959888,0.80981123
959889,0.8235226
959890,0.78445554
959891,0.86249894
959892,0.83930033
959893,0.83626163
959894,0.8442658
959895,0.85160816
959896,0.83487636
959897,0.85934466
959898,0.8812344
959899,0.864616
959900,0.8012483
959901,0.85379374
959902,0.8253746
959903,0.74555504
959904,0.8029729
959905,0.8521396
959906,0.7907853
959907,0.7842345
959908,0.7837383
959909,0.831134
959910,0.8290848
959911,0.7457192
959912,0.7457955
959913,0.8101709
959914,0.79252076
959915,0.88125783
959916,0.8658226
959917,0.8206557
959918,0.8251311
959919,0.86320955
959920,0.73853886
959921,0.87078905
959922,0.8397427
959923,0.733005
959924,0.49902236
959925,0.17598031
959926,0.17009938
959927,0.120184764
959928,0.31788406
959929,0.14589502
959930,0.24509937
959931,0.09221975
959932,0.08891427
959933,0.042667802
959934,0.008755468
959935,0.023558466
959936,0.036435504
959937,0.052278146
959938,0.121897906
959939,0.043687463
959940,0.034039635
959941,0.032548256
959942,0.026777003
959943,0.016527178
959944,0.046425626
959945,0.047292
959946,0.087152235
959947,0.061151136
959948,0.05853131
959949,0.36371538
959950,0.22177787
959951,0.23091945
959952,0.2581229
959953,0.23824921
959954,0.0655588
959955,0.03535315
959956,0.2772507
959957,0.0138490405
959958,0.019813888
959959,0.037569977
959960,0.01608507
959961,0.020143624
959962,0.04444173
959963,0.04280737
959964,0.02006874
959965,0.02364104
959966,0.021481825
959967,0.021552525
959968,0.014492176
959969,0.005832065
959970,0.014179624
959971,0.011492109
959972,0.023298303
959973,0.014873854
959974,0.014104195
959975,0.015597734
959976,0.027929
959977,0.021236403
959978,0.011509999
959979,0.24652016
959980,0.009232995
959981,0.017088104
959982,0.05061071
959983,0.01788982
959984,0.022664815
959985,0.021591164
959986,0.01894387
959987,0.013852726
959988,0.049189888
959989,0.048054032
959990,0.08807933
959991,0.06980059
959992,0.065701954
959993,0.20524666
959994,0.27602056
959995,0.33698168
959996,0.49723294
959997,0.38706475
959998,0.49895257
959999,0.5190163
960000,0.60502493
960001,0.4741104
960002,0.016610725
960003,0.038375046
960004,0.036491837
960005,0.037699305
960006,0.02562293
960007,0.038638927
960008,0.037101448
960009,0.02759945
960010,0.023161992
960011,0.00887008
960012,0.018536022
960013,0.016657
960014,0.016523466
960015,0.018345386
960016,0.018890405
960017,0.014714013
960018,0.06766273
960019,0.09661956
960020,0.07155717
960021,0.25608176
960022,0.21632224
960023,0.28012437
960024,0.15733543
960025,0.26914737
960026,0.3218114
960027,0.16824457
960028,0.009017101
960029,0.03480181
960030,0.03757047
960031,0.035407335
960032,0.03462811
960033,0.031205075
960034,0.035536747
960035,0.02867221
960036,0.03678973
960037,0.2599263
960038,0.014226097
960039,0.054273844
960040,0.057725247
960041,0.056663163
960042,0.11060034
960043,0.34112912
960044,0.5868484
960045,0.4850618
960046,0.34658867
960047,0.5566208
960048,0.5334962
960049,0.40734234
960050,0.49465868
960051,0.46820384
960052,0.33198935
960053,0.032489724
960054,0.08385843
960055,0.11447374
960056,0.08863457
960057,0.044902667
960058,0.5055407
960059,0.568272
960060,0.44874096
960061,0.5097634
960062,0.4716489
960063,0.5979295
960064,0.56500685
960065,0.68114597
960066,0.68446153
960067,0.589817
960068,0.65453047
960069,0.7076557
960070,0.69640976
960071,0.6548283
960072,0.63894266
960073,0.66650325
960074,0.62961686
960075,0.35856223
960076,0.06391961
960077,0.18786658
960078,0.18688606
960079,0.20112626
960080,0.19442114
960081,0.15220922
960082,0.17219047
960083,0.58779997
960084,0.5765573
960085,0.5771346
960086,0.74704945
960087,0.66735715
960088,0.63382685
960089,0.5703655
960090,0.64106673
960091,0.59206843
960092,0.6267843
960093,0.54054135
960094,0.50999606
960095,0.6991934
960096,0.6054949
960097,0.5505784
960098,0.10669759
960099,0.37025434
960100,0.18501458
960101,0.06519752
960102,0.05439942
960103,0.06544033
960104,0.09685506
960105,0.24150148
960106,0.345149
960107,0.23737055
960108,0.10273317
960109,0.09304561
960110,0.1328157
960111,0.22425582
960112,0.24089813
960113,0.16280274
960114,0.19499305
960115,0.21815754
960116,0.13614884
960117,0.042634938
960118,0.17029677
960119,0.13397163
960120,0.14321813
960121,0.1792587
960122,0.1422641
960123,0.20014793
960124,0.13062012
960125,0.12016641
960126,0.09749251
960127,0.013476039
960128,0.14310783
960129,0.14711943
960130,0.13763896
960131,0.18711454
960132,0.24908267
960133,0.4168915
960134,0.25011313
960135,0.19227143
960136,0.21672688
960137,0.09955067
960138,0.08172013
960139,0.025433872
960140,0.13823071
960141,0.67920893
960142,0.24368314
960143,0.097564004
960144,0.21421544
960145,0.32483104
960146,0.13792056
960147,0.27893412
960148,0.2621345
960149,0.14192043
960150,0.16950935
960151,0.19010419
960152,0.091195084
960153,0.10337032
960154,0.30569297
960155,0.2747638
960156,0.34263405
960157,0.2899634
960158,0.04652711
960159,0.08434327
960160,0.07324429
960161,0.064169884
960162,0.07394282
960163,0.06299444
960164,0.1423548
960165,0.0585207
960166,0.049719553
960167,0.08421952
960168,0.03340013
960169,0.03317379
960170,0.027216509
960171,0.025263371
960172,0.016369378
960173,0.045929316
960174,0.013321718
960175,0.03481925
960176,0.03171303
960177,0.032831308
960178,0.032714136
960179,0.034028877
960180,0.026710812
960181,0.32779914
960182,0.0073169363
960183,0.01696219
960184,0.016710257
960185,0.018053569
960186,0.018232444
960187,0.06078195
960188,0.016679853
960189,0.018909587
960190,0.010633642
960191,0.04856793
960192,0.03652279
960193,0.045251228
960194,0.035006337
960195,0.021692865
960196,0.035012186
960197,0.030339232
960198,0.047549818
960199,0.11317643
960200,0.46120393
960201,0.010680992
960202,0.040800065
960203,0.032679707
960204,0.02002535
960205,0.036260203
960206,0.03146834
960207,0.04921763
960208,0.031691886
960209,0.018902687
960210,0.01391926
960211,0.04425587
960212,0.061418056
960213,0.011763666
960214,0.031971063
960215,0.017633094
960216,0.015351288
960217,0.014495996
960218,0.015097523
960219,0.031390425
960220,0.014849844
960221,0.29431415
960222,0.10048388
960223,0.013915728
960224,0.037646312
960225,0.0986936
960226,0.028286602
960227,0.033646755
960228,0.029445192
960229,0.031509966
960230,0.0071591884
960231,0.019169183
960232,0.0131009715
960233,0.013848174
960234,0.017026847
960235,0.018433016
960236,0.019931877
960237,0.007445902
960238,0.067757
960239,0.03163538
960240,0.03267797
960241,0.014152414
960242,0.022439484
960243,0.019171994
960244,0.019837013
960245,0.021951398
960246,0.024301292
960247,0.01486705
960248,0.11067743
960249,0.024151182
960250,0.025217019
960251,0.021101244
960252,0.025059486
960253,0.022610236
960254,0.038974553
960255,0.025222149
960256,0.019390762
960257,0.006801985
960258,0.02634095
960259,0.015325664
960260,0.013303698
960261,0.019388245
960262,0.014626683
960263,0.01881207
960264,0.009961279
960265,0.027854556
960266,0.014368736
960267,0.014686435
960268,0.015979346
960269,0.018960223
960270,0.012454005
960271,0.012242192
960272,0.008717184
960273,0.016712505
960274,0.01700336
960275,0.01972797
960276,0.017881008
960277,0.018376702
960278,0.019462636
960279,0.017233092
960280,0.01695792
960281,0.010465791
960282,0.02250687
960283,0.019343534
960284,0.025691591
960285,0.01775233
960286,0.07056356
960287,0.029295757
960288,0.029045243
960289,0.028886853
960290,0.057798196
960291,0.02574299
960292,0.013312565
960293,0.035048056
960294,0.046110194
960295,0.09352919
960296,0.028732263
960297,0.038089074
960298,0.086062245
960299,0.07050688
960300,0.029876016
960301,0.07605953
960302,0.033387378
960303,0.020587767
960304,0.07313706
960305,0.13209403
960306,0.19430184
960307,0.23530339
960308,0.2541219
960309,0.24147853
960310,0.123741664
960311,0.1812289
960312,0.120461345
960313,0.105433665
960314,0.09776592
960315,0.30329636
960316,0.3122153
960317,0.2006751
960318,0.016062852
960319,0.047386512
960320,0.025774302
960321,0.029201513
960322,0.028455853
960323,0.40356466
960324,0.7646682
960325,0.30468315
960326,0.73097515
960327,0.7416307
960328,0.88705504
960329,0.8881976
960330,0.34824187
960331,0.8477047
960332,0.7539315
960333,0.8969568
960334,0.83325696
960335,0.34578305
960336,0.8864907
960337,0.6914964
960338,0.25828594
960339,0.04187332
960340,0.07966682
960341,0.08352007
960342,0.108034216
960343,0.027252074
960344,0.19996625
960345,0.110613145
960346,0.20716704
960347,0.38521993
960348,0.47676143
960349,0.49057174
960350,0.2952227
960351,0.3505122
960352,0.3564899
960353,0.35517487
960354,0.35780212
960355,0.2710139
960356,0.21143182
960357,0.029780546
960358,0.050868586
960359,0.03690561
960360,0.032094337
960361,0.029722953
960362,0.026730731
960363,0.040641896
960364,0.025422309
960365,0.027933896
960366,0.018642012
960367,0.029842172
960368,0.019144034
960369,0.017565442
960370,0.022254087
960371,0.015455838
960372,0.009977657
960373,0.02364982
960374,0.025685
960375,0.024006588
960376,0.037276212
960377,0.022429157
960378,0.02621451
960379,0.021670204
960380,0.012364443
960381,0.025974374
960382,0.041678455
960383,0.031165138
960384,0.041174926
960385,0.028043969
960386,0.023803325
960387,0.02238291
960388,0.047478784
960389,0.008861156
960390,0.016793534
960391,0.018549893
960392,0.020880101
960393,0.046429683
960394,0.030709201
960395,0.018349038
960396,0.095816046
960397,0.08346065
960398,0.41858009
960399,0.27912706
960400,0.01247729
960401,0.11127013
960402,0.024061283
960403,0.023545071
960404,0.021461543
960405,0.0402996
960406,0.29819348
960407,0.35723087
960408,0.31250665
960409,0.30922776
960410,0.21161807
960411,0.20394564
960412,0.022770962
960413,0.040394567
960414,0.045063064
960415,0.044069573
960416,0.032278515
960417,0.06406985
960418,0.036917485
960419,0.079850845
960420,0.030497322
960421,0.27608147
960422,0.1545009
960423,0.095728666
960424,0.14345482
960425,0.06956518
960426,0.08899517
960427,0.14302911
960428,0.16582254
960429,0.2408658
960430,0.22499435
960431,0.14844853
960432,0.017186258
960433,0.048561264
960434,0.03399659
960435,0.053546827
960436,0.038260736
960437,0.040564865
960438,0.10281987
960439,0.11906126
960440,0.020914475
960441,0.25827315
960442,0.36482412
960443,0.4415984
960444,0.39246815
960445,0.4552508
960446,0.21193762
960447,0.41980338
960448,0.25655654
960449,0.4368855
960450,0.35788256
960451,0.52024704
960452,0.40267286
960453,0.3633621
960454,0.108089164
960455,0.028362274
960456,0.05562506
960457,0.04676635
960458,0.030091297
960459,0.031324893
960460,0.028606886
960461,0.013098531
960462,0.019262578
960463,0.021849122
960464,0.020133045
960465,0.024383038
960466,0.03870361
960467,0.01567577
960468,0.0066675763
960469,0.023159407
960470,0.024727264
960471,0.025625044
960472,0.014640578
960473,0.026613444
960474,0.026686199
960475,0.012531195
960476,0.04813985
960477,0.043264735
960478,0.02373442
960479,0.059718072
960480,0.02658922
960481,0.049114276
960482,0.027632762
960483,0.028438576
960484,0.011400746
960485,0.021777285
960486,0.03541402
960487,0.032683555
960488,0.029046778
960489,0.040885013
960490,0.036910117
960491,0.037294243
960492,0.023194332
960493,0.038642272
960494,0.3298008
960495,0.23755018
960496,0.090634555
960497,0.10557567
960498,0.17005207
960499,0.0922053
960500,0.010104938
960501,0.022903163
960502,0.034700397
960503,0.018630343
960504,0.02307133
960505,0.01770655
960506,0.025533635
960507,0.023374368
960508,0.30151382
960509,0.27955627
960510,0.052099913
960511,0.08358954
960512,0.13578078
960513,0.03243678
960514,0.3669836
960515,0.068627186
960516,0.12902792
960517,0.06713991
960518,0.08983711
960519,0.021633405
960520,0.048240755
960521,0.036741145
960522,0.046570748
960523,0.096428655
960524,0.05751558
960525,0.050944876
960526,0.051361736
960527,0.042910896
960528,0.06026681
960529,0.18453884
960530,0.086042404
960531,0.13287029
960532,0.18291678
960533,0.10853558
960534,0.01175865
960535,0.06691512
960536,0.0635128
960537,0.05971683
960538,0.054789864
960539,0.23300679
960540,0.074861005
960541,0.11170224
960542,0.030260652
960543,0.03058663
960544,0.045033902
960545,0.04781897
960546,0.34051287
960547,0.22363968
960548,0.16480482
960549,0.18381771
960550,0.054172616
960551,0.09743335
960552,0.04930859
960553,0.09164202
960554,0.07853812
960555,0.072255224
960556,0.06893002
960557,0.051300026
960558,0.047911435
960559,0.06982804
960560,0.10852974
960561,0.09971591
960562,0.08740587
960563,0.074868836
960564,0.080346756
960565,0.06178671
960566,0.013651479
960567,0.018131638
960568,0.018594341
960569,0.023745421
960570,0.020574095
960571,0.023832615
960572,0.026193796
960573,0.025854886
960574,0.11055561
960575,0.40080598
960576,0.59826463
960577,0.39143604
960578,0.40018743
960579,0.1701108
960580,0.32289287
960581,0.110268824
960582,0.3076092
960583,0.13198212
960584,0.22105226
960585,0.118319176
960586,0.18883798
960587,0.09706573
960588,0.017980982
960589,0.10059304
960590,0.04249966
960591,0.04332328
960592,0.04265601
960593,0.03948828
960594,0.083993
960595,0.03862042
960596,0.20416334
960597,0.010625198
960598,0.02926777
960599,0.021888345
960600,0.025837116
960601,0.027830666
960602,0.021436645
960603,0.023923712
960604,0.021107154
960605,0.025502997
960606,0.14892076
960607,0.09861711
960608,0.10773027
960609,0.010699642
960610,0.022683034
960611,0.029068058
960612,0.09127908
960613,0.018734448
960614,0.00710528
960615,0.025015814
960616,0.015188956
960617,0.020137386
960618,0.02285299
960619,0.038165834
960620,0.013033021
960621,0.045796234
960622,0.03506243
960623,0.030339736
960624,0.11682198
960625,0.044146687
960626,0.039258014
960627,0.028782934
960628,0.018520392
960629,0.18218537
960630,0.12591222
960631,0.2720334
960632,0.17571047
960633,0.22603911
960634,0.24214606
960635,0.31848526
960636,0.3085822
960637,0.061588805
960638,0.22070931
960639,0.12905206
960640,0.007984421
960641,0.024608104
960642,0.032237742
960643,0.023750331
960644,0.0234877
960645,0.08033601
960646,0.019771606
960647,0.20115437
960648,0.16376494
960649,0.14462394
960650,0.058085155
960651,0.12690979
960652,0.25075904
960653,0.16345292
960654,0.019510958
960655,0.06603815
960656,0.0928885
960657,0.11918578
960658,0.36870468
960659,0.008005853
960660,0.03495875
960661,0.024248395
960662,0.042084347
960663,0.022070661
960664,0.016635349
960665,0.033299096
960666,0.02807283
960667,0.018085912
960668,0.019153016
960669,0.018604716
960670,0.016451346
960671,0.07301654
960672,0.25531635
960673,0.2458289
960674,0.40494487
960675,0.29555959
960676,0.27390918
960677,0.26007468
960678,0.365795
960679,0.5191518
960680,0.37429872
960681,0.511497
960682,0.3571076
960683,0.3265523
960684,0.23144333
960685,0.016534975
960686,0.030819025
960687,0.040760085
960688,0.030198026
960689,0.0354346
960690,0.030535297
960691,0.028912628
960692,0.026326131
960693,0.29780847
960694,0.011052114
960695,0.016820215
960696,0.018608848
960697,0.016363291
960698,0.023596806
960699,0.014166264
960700,0.05275237
960701,0.11087369
960702,0.11931197
960703,0.070718996
960704,0.011800786
960705,0.068769485
960706,0.048121296
960707,0.036067113
960708,0.04955199
960709,0.044020317
960710,0.045750026
960711,0.053338237
960712,0.01491596
960713,0.04689954
960714,0.04037823
960715,0.03742308
960716,0.033906043
960717,0.04476156
960718,0.036293652
960719,0.08031402
960720,0.031069625
960721,0.023560079
960722,0.059508126
960723,0.07411691
960724,0.05975916
960725,0.055253297
960726,0.074351065
960727,0.06290314
960728,0.051162586
960729,0.0136633245
960730,0.19597796
960731,0.3215379
960732,0.39827242
960733,0.35457098
960734,0.4234134
960735,0.4160899
960736,0.46892637
960737,0.3670434
960738,0.39558554
960739,0.32917392
960740,0.4323212
960741,0.41740087
960742,0.4022824
960743,0.35951272
960744,0.33548817
960745,0.0055209254
960746,0.017230192
960747,0.014413855
960748,0.017217085
960749,0.013642885
960750,0.015128143
960751,0.15901446
960752,0.54813194
960753,0.42439067
960754,0.50280464
960755,0.63602316
960756,0.37358484
960757,0.3649883
960758,0.017101685
960759,0.037705284
960760,0.04551899
960761,0.050240174
960762,0.04048722
960763,0.04496237
960764,0.038759656
960765,0.044922568
960766,0.03978123
960767,0.012551561
960768,0.060397632
960769,0.03566664
960770,0.025996404
960771,0.029091675
960772,0.02889531
960773,0.01130655
960774,0.04876298
960775,0.02716186
960776,0.047619812
960777,0.031485178
960778,0.027616285
960779,0.02083855
960780,0.013921847
960781,0.05522018
960782,0.05987898
960783,0.07948996
960784,0.008290873
960785,0.020829454
960786,0.03293504
960787,0.020062763
960788,0.018795509
960789,0.010612888
960790,0.020149842
960791,0.021678055
960792,0.019942848
960793,0.013770411
960794,0.03969914
960795,0.017001782
960796,0.02360007
960797,0.008637969
960798,0.028120039
960799,0.018775463
960800,0.018404784
960801,0.019511662
960802,0.01674771
960803,0.011113216
960804,0.017309785
960805,0.019629927
960806,0.015537402
960807,0.018440265
960808,0.01474338
960809,0.014761657
960810,0.018429494
960811,0.061699297
960812,0.06845996
960813,0.03852183
960814,0.090394594
960815,0.17583528
960816,0.055446662
960817,0.0308845
960818,0.052509803
960819,0.20780176
960820,0.009118353
960821,0.02293662
960822,0.033856027
960823,0.032228462
960824,0.031167168
960825,0.026304623
960826,0.02579428
960827,0.027841035
960828,0.024544433
960829,0.020426573
960830,0.25108263
960831,0.11759484
960832,0.12611637
960833,0.06621683
960834,0.05344483
960835,0.11817657
960836,0.069007315
960837,0.0474563
960838,0.13391589
960839,0.3703279
960840,0.009471808
960841,0.02168729
960842,0.03018766
960843,0.01633934
960844,0.019713797
960845,0.019294322
960846,0.016043007
960847,0.04708742
960848,0.060830798
960849,0.057720784
960850,0.063627
960851,0.05642064
960852,0.051688608
960853,0.04642091
960854,0.017981578
960855,0.07784344
960856,0.077848025
960857,0.112513795
960858,0.0953603
960859,0.09145298
960860,0.09190002
960861,0.081334434
960862,0.039748296
960863,0.13703011
960864,0.047317903
960865,0.027559642
960866,0.35605243
960867,0.45791534
960868,0.320816
960869,0.25402454
960870,0.29077968
960871,0.34891084
960872,0.4336415
960873,0.3506239
960874,0.18821159
960875,0.0493963
960876,0.41812417
960877,0.3619075
960878,0.5185457
960879,0.70819294
960880,0.6094947
960881,0.7118983
960882,0.47148553
960883,0.5891101
960884,0.66693944
960885,0.64312506
960886,0.6677341
960887,0.51781154
960888,0.5287893
960889,0.3967457
960890,0.47123045
960891,0.61488664
960892,0.37382895
960893,0.09640498
960894,0.5232969
960895,0.63669145
960896,0.7347697
960897,0.6233655
960898,0.46761328
960899,0.62526387
960900,0.5979924
960901,0.5260057
960902,0.28608492
960903,0.44112265
960904,0.4852984
960905,0.47739872
960906,0.40590954
960907,0.39296624
960908,0.25771302
960909,0.03865588
960910,0.15203355
960911,0.17781027
960912,0.10695886
960913,0.06880789
960914,0.22779788
960915,0.12577458
960916,0.2515502
960917,0.24720629
960918,0.31448263
960919,0.29829836
960920,0.32610917
960921,0.37820193
960922,0.52150273
960923,0.27177623
960924,0.4373257
960925,0.27989656
960926,0.22887821
960927,0.24959041
960928,0.014024606
960929,0.028460765
960930,0.032771144
960931,0.027487379
960932,0.030194726
960933,0.029702686
960934,0.02897496
960935,0.02339125
960936,0.14250647
960937,0.13672088
960938,0.064764895
960939,0.13360527
960940,0.10685394
960941,0.09316455
960942,0.06121453
960943,0.1338148
960944,0.58120126
960945,0.6253569
960946,0.6214143
960947,0.6024128
960948,0.71668774
960949,0.6100825
960950,0.5642364
960951,0.6356594
960952,0.45541403
960953,0.59822595
960954,0.66403085
960955,0.5077852
960956,0.007998562
960957,0.026805872
960958,0.033692326
960959,0.030589065
960960,0.035301875
960961,0.036508705
960962,0.033488207
960963,0.028596783
960964,0.007058219
960965,0.039404932
960966,0.017499488
960967,0.01797528
960968,0.034328666
960969,0.037065044
960970,0.047377493
960971,0.017167527
960972,0.073976584
960973,0.71591634
960974,0.5119508
960975,0.809928
960976,0.66040236
960977,0.7818252
960978,0.7515735
960979,0.6782345
960980,0.7081093
960981,0.814393
960982,0.8087095
960983,0.8598989
960984,0.77174175
960985,0.8173963
960986,0.77558374
960987,0.6355707
960988,0.69713736
960989,0.71581906
960990,0.7930208
960991,0.76031786
960992,0.4832802
960993,0.01662023
960994,0.09801011
960995,0.013565091
960996,0.04449546
960997,0.020641573
960998,0.041462615
960999,0.039063703
961000,0.022689164
961001,0.043694984
961002,0.02531576
961003,0.054856364
961004,0.3274323
961005,0.1875224
961006,0.21345584
961007,0.0953163
961008,0.11855923
961009,0.1830326
961010,0.13995837
961011,0.10465728
961012,0.010876818
961013,0.02390564
961014,0.020719295
961015,0.026645964
961016,0.027062912
961017,0.024378173
961018,0.05475492
961019,0.026680905
961020,0.025071891
961021,0.009704493
961022,0.023824254
961023,0.07145515
961024,0.050018385
961025,0.052652765
961026,0.019781433
961027,0.0177217
961028,0.017709777
961029,0.060778335
961030,0.03333151
961031,0.19333228
961032,0.09705562
961033,0.037733573
961034,0.035804104
961035,0.030814225
961036,0.009018993
961037,0.05164373
961038,0.06562743
961039,0.061229687
961040,0.06053372
961041,0.060343225
961042,0.010768479
961043,0.027921293
961044,0.02625118
961045,0.032606844
961046,0.25193518
961047,0.24425475
961048,0.22378807
961049,0.14475103
961050,0.05912971
961051,0.41008937
961052,0.5605274
961053,0.7342135
961054,0.72896814
961055,0.7295444
961056,0.74683094
961057,0.72872394
961058,0.7822446
961059,0.79163903
961060,0.7951406
961061,0.78842276
961062,0.785165
961063,0.7837317
961064,0.7837317
961065,0.78679734
961066,0.7431235
961067,0.7933387
961068,0.7825736
961069,0.77774924
961070,0.67690736
961071,0.7621128
961072,0.80757403
961073,0.5018664
961074,0.043405883
961075,0.042436756
961076,0.05415851
961077,0.081643194
961078,0.055556722
961079,0.0659358
961080,0.08981585
961081,0.20214932
961082,0.31440395
961083,0.1933019
961084,0.56919396
961085,0.29158908
961086,0.15164255
961087,0.23709285
961088,0.28200504
961089,0.11078607
961090,0.018797254
961091,0.05158205
961092,0.06634815
961093,0.10805595
961094,0.084789336
961095,0.0387475
961096,0.29617718
961097,0.17396389
961098,0.14668858
961099,0.12558436
961100,0.1315949
961101,0.16165209
961102,0.21740443
961103,0.3310303
961104,0.60676414
961105,0.78746456
961106,0.82256156
961107,0.8781296
961108,0.87694734
961109,0.8963783
961110,0.914425
961111,0.8317851
961112,0.87304014
961113,0.8331489
961114,0.8894895
961115,0.8745006
961116,0.9032556
961117,0.90166104
961118,0.9065581
961119,0.9306093
961120,0.9152899
961121,0.9147086
961122,0.8928159
961123,0.8571098
961124,0.90681714
961125,0.8913872
961126,0.85779756
961127,0.9126113
961128,0.8765346
961129,0.82689446
961130,0.8629891
961131,0.8989612
961132,0.9093532
961133,0.9093532
961134,0.8457304
961135,0.83567077
961136,0.8665393
961137,0.8958607
961138,0.82860726
961139,0.8335769
961140,0.7894344
961141,0.75122637
961142,0.8226713
961143,0.8095028
961144,0.8007512
961145,0.75337124
961146,0.8711982
961147,0.7896655
961148,0.6546769
961149,0.08142416
961150,0.23013125
961151,0.76647335
961152,0.6469291
961153,0.8046801
961154,0.9043533
961155,0.9416095
961156,0.9178876
961157,0.90271956
961158,0.95428425
961159,0.8792025
961160,0.9261774
961161,0.9472565
961162,0.93941176
961163,0.8102209
961164,0.9552874
961165,0.95167494
961166,0.9589145
961167,0.95699507
961168,0.8638208
961169,0.9406539
961170,0.9435792
961171,0.9524991
961172,0.9428702
961173,0.88603497
961174,0.9625677
961175,0.9297523
961176,0.9621754
961177,0.87733173
961178,0.85546094
961179,0.95097464
961180,0.9335901
961181,0.948123
961182,0.9100805
961183,0.93680114
961184,0.95515907
961185,0.9013196
961186,0.9386743
961187,0.9403945
961188,0.8962554
961189,0.8138676
961190,0.932744
961191,0.84963906
961192,0.852226
961193,0.7749363
961194,0.9379314
961195,0.7978326
961196,0.9288527
961197,0.8313801
961198,0.9407986
961199,0.8755391
961200,0.90213853
961201,0.89164823
961202,0.8836752
961203,0.90596783
961204,0.8866563
961205,0.9208693
961206,0.8692866
961207,0.9155324
961208,0.9281411
961209,0.92186517
961210,0.90632373
961211,0.8759804
961212,0.9297253
961213,0.9461427
961214,0.92240506
961215,0.832523
961216,0.9187687
961217,0.8581887
961218,0.92370534
961219,0.76497597
961220,0.922064
961221,0.8949407
961222,0.9315932
961223,0.8817466
961224,0.8551652
961225,0.91745687
961226,0.8870264
961227,0.9023141
961228,0.9278201
961229,0.91406673
961230,0.83822685
961231,0.91849697
961232,0.8662945
961233,0.76780605
961234,0.87515134
961235,0.93102676
961236,0.9303987
961237,0.94967675
961238,0.9401572
961239,0.92350805
961240,0.9299919
961241,0.7745638
961242,0.9289106
961243,0.93714845
961244,0.840535
961245,0.9377757
961246,0.9164368
961247,0.9311325
961248,0.92747736
961249,0.85593796
961250,0.93173647
961251,0.88206106
961252,0.9285196
961253,0.92848045
961254,0.8883172
961255,0.8916415
961256,0.9298918
961257,0.92167944
961258,0.9374116
961259,0.78145725
961260,0.93069893
961261,0.92898333
961262,0.9192462
961263,0.9237854
961264,0.8924728
961265,0.9217578
961266,0.93822825
961267,0.92973185
961268,0.9330289
961269,0.9292862
961270,0.926961
961271,0.92808443
961272,0.9370684
961273,0.9138939
961274,0.92910105
961275,0.9445596
961276,0.9356338
961277,0.9299676
961278,0.93281007
961279,0.93282855
961280,0.9365985
961281,0.92188877
961282,0.93349487
961283,0.93280995
961284,0.9279847
961285,0.9450299
961286,0.8660462
961287,0.8519826
961288,0.918756
961289,0.9404433
961290,0.8565158
961291,0.84598
961292,0.88726145
961293,0.86256087
961294,0.6079409
961295,0.10443312
961296,0.2760725
961297,0.2898439
961298,0.3625465
961299,0.22803736
961300,0.2522096
961301,0.12989902
961302,0.17562975
961303,0.23449802
961304,0.09573838
961305,0.15888955
961306,0.14570516
961307,0.10176575
961308,0.1360864
961309,0.11554353
961310,0.13717687
961311,0.021321863
961312,0.03924914
961313,0.044205196
961314,0.040677097
961315,0.038751744
961316,0.032597728
961317,0.025218725
961318,0.39767426
961319,0.42301494
961320,0.57174057
961321,0.3821211
961322,0.3418639
961323,0.5872342
961324,0.34076533
961325,0.5929137
961326,0.62378013
961327,0.64280814
961328,0.6229111
961329,0.616092
961330,0.6078039
961331,0.36972103
961332,0.36358833
961333,0.35484186
961334,0.5787889
961335,0.5700347
961336,0.5098493
961337,0.30700532
961338,0.30535868
961339,0.4490962
961340,0.293891
961341,0.6225971
961342,0.6010457
961343,0.54870826
961344,0.549593
961345,0.29602847
961346,0.016751528
961347,0.03450931
961348,0.035154607
961349,0.032668363
961350,0.034273762
961351,0.0344384
961352,0.04214054
961353,0.031180562
961354,0.067007944
961355,0.21448752
961356,0.08901916
961357,0.4396554
961358,0.510816
961359,0.54694444
961360,0.53923863
961361,0.49628106
961362,0.7194496
961363,0.6831509
961364,0.6503077
961365,0.4209377
961366,0.7075327
961367,0.66512626
961368,0.7193251
961369,0.7037663
961370,0.5689858
961371,0.47187975
961372,0.7599183
961373,0.7841901
961374,0.48638847
961375,0.33801264
961376,0.3605699
961377,0.014709886
961378,0.03178492
961379,0.031598005
961380,0.033124585
961381,0.032267556
961382,0.03379041
961383,0.040281877
961384,0.02463699
961385,0.11891855
961386,0.01516691
961387,0.082149856
961388,0.17998184
961389,0.15821862
961390,0.22724098
961391,0.08460337
961392,0.13880885
961393,0.09381037
961394,0.034970127
961395,0.089196675
961396,0.06760803
961397,0.08515005
961398,0.043723516
961399,0.07977513
961400,0.08110425
961401,0.05292793
961402,0.05415112
961403,0.020505117
961404,0.041333314
961405,0.04790326
961406,0.11086944
961407,0.039135102
961408,0.041589364
961409,0.037194937
961410,0.045699414
961411,0.032326404
961412,0.014063534
961413,0.068863995
961414,0.026229616
961415,0.03843874
961416,0.037639566
961417,0.03249237
961418,0.032583177
961419,0.015596754
961420,0.049488038
961421,0.06237454
961422,0.05181746
961423,0.03999936
961424,0.040788103
961425,0.07029693
961426,0.044829443
961427,0.061059654
961428,0.013184345
961429,0.055909447
961430,0.18050689
961431,0.040423106
961432,0.11349074
961433,0.10878122
961434,0.030409154
961435,0.29204372
961436,0.017040763
961437,0.12791654
961438,0.13581905
961439,0.25373676
961440,0.27828696
961441,0.10396122
961442,0.30644622
961443,0.1297282
961444,0.26810518
961445,0.21684763
961446,0.007934626
961447,0.01732267
961448,0.021518927
961449,0.037692957
961450,0.017894696
961451,0.016873889
961452,0.016797062
961453,0.02642744
961454,0.029116053
961455,0.22680333
961456,0.15149556
961457,0.23592623
961458,0.12298105
961459,0.084306024
961460,0.19136837
961461,0.17466103
961462,0.13463436
961463,0.047222104
961464,0.13615553
961465,0.07856694
961466,0.16594212
961467,0.076952845
961468,0.065461956
961469,0.05539
961470,0.051525943
961471,0.011955093
961472,0.0684656
961473,0.09579052
961474,0.11044811
961475,0.048892103
961476,0.100714795
961477,0.093929976
961478,0.058339566
961479,0.011756234
961480,0.06849262
961481,0.16706364
961482,0.08826292
961483,0.10452364
961484,0.2683063
961485,0.16898544
961486,0.23757422
961487,0.14834529
961488,0.24919857
961489,0.12897252
961490,0.027010221
961491,0.11915361
961492,0.29198727
961493,0.23928788
961494,0.3912124
961495,0.30097696
961496,0.4158468
961497,0.15386435
961498,0.094758004
961499,0.37958354
961500,0.24718446
961501,0.33414954
961502,0.10418462
961503,0.13252407
961504,0.12771985
961505,0.01682676
961506,0.19020903
961507,0.12185203
961508,0.21443021
961509,0.42098898
961510,0.24295643
961511,0.3097437
961512,0.2773353
961513,0.14501561
961514,0.41584796
961515,0.25576997
961516,0.16566998
961517,0.18605691
961518,0.024525512
961519,0.2723335
961520,0.3785887
961521,0.4976951
961522,0.37972823
961523,0.332678
961524,0.45760036
961525,0.24734107
961526,0.4458351
961527,0.53942746
961528,0.21990493
961529,0.29636338
961530,0.14955048
961531,0.14011794
961532,0.2338208
961533,0.42276275
961534,0.117177606
961535,0.016363075
961536,0.24047664
961537,0.1994308
961538,0.122896306
961539,0.15200184
961540,0.22970921
961541,0.17818896
961542,0.094352804
961543,0.12606396
961544,0.060611196
961545,0.06836711
961546,0.015297037
961547,0.026777668
961548,0.025306795
961549,0.031466063
961550,0.06237094
961551,0.027348792
961552,0.049389258
961553,0.010281996
961554,0.05837684
961555,0.026946798
961556,0.037100483
961557,0.19998677
961558,0.08113464
961559,0.046238564
961560,0.10355222
961561,0.042493965
961562,0.033095453
961563,0.009417464
961564,0.042640172
961565,0.045456808
961566,0.04337527
961567,0.046449676
961568,0.049338933
961569,0.045637608
961570,0.04340417
961571,0.9853978
961572,0.035714317
961573,0.17634703
961574,0.07117444
961575,0.0073399944
961576,0.032881703
961577,0.01840125
961578,0.03227558
961579,0.018988023
961580,0.01963766
961581,0.021661015
961582,0.01859994
961583,0.02532546
961584,0.055234004
961585,0.04556686
961586,0.044152886
961587,0.0654522
961588,0.04706392
961589,0.03642043
961590,0.041468102
961591,0.062139656
961592,0.00999931
961593,0.08058064
961594,0.09360997
961595,0.110185444
961596,0.10234025
961597,0.062686235
961598,0.09635413
961599,0.15351559
961600,0.037369385
961601,0.3820519
961602,0.43188635
961603,0.16792579
961604,0.513293
961605,0.5739002
961606,0.44770026
961607,0.29731855
961608,0.5625235
961609,0.27180907
961610,0.35049137
961611,0.35241148
961612,0.283934
961613,0.270597
961614,0.17612623
961615,0.1940944
961616,0.34863412
961617,0.3117745
961618,0.1834833
961619,0.32509947
961620,0.11351164
961621,0.0212766
961622,0.10671323
961623,0.047342148
961624,0.084779665
961625,0.03348493
961626,0.0281796
961627,0.035058573
961628,0.10670002
961629,0.11139073
961630,0.056846537
961631,0.110158704
961632,0.047836665
961633,0.053031344
961634,0.043906007
961635,0.0969631
961636,0.006765546
961637,0.016068755
961638,0.018844368
961639,0.01819666
961640,0.024278678
961641,0.033296827
961642,0.020376272
961643,0.03109833
961644,0.24500893
961645,0.1820552
961646,0.19933115
961647,0.33376676
961648,0.3407223
961649,0.1866605
961650,0.17435628
961651,0.37219948
961652,0.4673716
961653,0.22283058
961654,0.011585747
961655,0.03281378
961656,0.0498101
961657,0.02582821
961658,0.024691965
961659,0.03252322
961660,0.015445255
961661,0.034554187
961662,0.057689086
961663,0.038297687
961664,0.06607769
961665,0.052138545
961666,0.08936271
961667,0.05900828
961668,0.04561347
961669,0.0362682
961670,0.046590846
961671,0.012885225
961672,0.021628028
961673,0.01627911
961674,0.018469334
961675,0.023012185
961676,0.038508646
961677,0.028193375
961678,0.01854006
961679,0.1564584
961680,0.08196572
961681,0.024501497
961682,0.028755507
961683,0.024374781
961684,0.015668627
961685,0.025352536
961686,0.025273876
961687,0.023215365
961688,0.034348138
961689,0.024450077
961690,0.047117583
961691,0.021804664
961692,0.42921576
961693,0.5490282
961694,0.29750037
961695,0.37386733
961696,0.3520467
961697,0.026133303
961698,0.07264969
961699,0.04879376
961700,0.041040663
961701,0.25433385
961702,0.3873354
961703,0.16451176
961704,0.016849384
961705,0.024449088
961706,0.02277613
961707,0.02656937
961708,0.026468858
961709,0.020664388
961710,0.021572769
961711,0.050231755
961712,0.5934024
961713,0.8404457
961714,0.8000031
961715,0.7611822
961716,0.7048922
961717,0.87673837
961718,0.49546015
961719,0.84169954
961720,0.8279298
961721,0.7077123
961722,0.8081529
961723,0.7120915
961724,0.5843425
961725,0.499132
961726,0.10861526
961727,0.013769388
961728,0.029512256
961729,0.0325133
961730,0.02994194
961731,0.03288739
961732,0.030984625
961733,0.032653924
961734,0.026085356
961735,0.042342126
961736,0.30309135
961737,0.40508512
961738,0.30397567
961739,0.37027636
961740,0.20429958
961741,0.3515967
961742,0.20709933
961743,0.3536539
961744,0.38059503
961745,0.24217027
961746,0.042919748
961747,0.13987577
961748,0.3732454
961749,0.29717547
961750,0.11334425
961751,0.22941783
961752,0.14674737
961753,0.26251546
961754,0.13398932
961755,0.0800862
961756,0.018777031
961757,0.026814245
961758,0.022447765
961759,0.025608363
961760,0.030853817
961761,0.026461015
961762,0.012662058
961763,0.027860641
961764,0.033736266
961765,0.07818816
961766,0.033141296
961767,0.047636632
961768,0.038587227
961769,0.027849104
961770,0.0205753
961771,0.061082277
961772,0.084568605
961773,0.09864202
961774,0.012568712
961775,0.061393864
961776,0.03247272
961777,0.075753264
961778,0.0528953
961779,0.030435573
961780,0.036939833
961781,0.21077977
961782,0.19635114
961783,0.13602877
961784,0.16635177
961785,0.015664501
961786,0.10424763
961787,0.23883852
961788,0.35225725
961789,0.6610716
961790,0.6684389
961791,0.5750989
961792,0.59968024
961793,0.5804955
961794,0.5649836
961795,0.5580083
961796,0.5864447
961797,0.6368455
961798,0.6001224
961799,0.48126087
961800,0.021389429
961801,0.051522315
961802,0.06942325
961803,0.10449181
961804,0.057328828
961805,0.053439315
961806,0.0585986
961807,0.107454605
961808,0.34608683
961809,0.37668175
961810,0.2670165
961811,0.18655789
961812,0.28766802
961813,0.10934271
961814,0.2852727
961815,0.32782054
961816,0.5025733
961817,0.37869543
961818,0.428206
961819,0.31001058
961820,0.34468853
961821,0.6837683
961822,0.3579547
961823,0.36237478
961824,0.2918338
961825,0.47904977
961826,0.7128947
961827,0.3159768
961828,0.017477628
961829,0.119902715
961830,0.11786934
961831,0.10222409
961832,0.15588066
961833,0.1807436
961834,0.07430392
961835,0.070926584
961836,0.24130718
961837,0.12467327
961838,0.18775304
961839,0.11834574
961840,0.09007935
961841,0.04971837
961842,0.3941386
961843,0.3887127
961844,0.31578693
961845,0.511378
961846,0.37573996
961847,0.4174409
961848,0.56575304
961849,0.5292727
961850,0.5936307
961851,0.4384615
961852,0.50906545
961853,0.46552745
961854,0.21564704
961855,0.06172412
961856,0.07004893
961857,0.08546539
961858,0.0467647
961859,0.05180027
961860,0.050229
961861,0.04508572
961862,0.011179322
961863,0.028192956
961864,0.036778282
961865,0.033348687
961866,0.029492693
961867,0.041788485
961868,0.01746327
961869,0.012949977
961870,0.060852014
961871,0.04830741
961872,0.038975142
961873,0.29277882
961874,0.38092726
961875,0.31350216
961876,0.4863896
961877,0.32582295
961878,0.56111324
961879,0.4365625
961880,0.425716
961881,0.5245579
961882,0.45676282
961883,0.42547157
961884,0.2866071
961885,0.23796189
961886,0.19799714
961887,0.024893856
961888,0.10199224
961889,0.03055247
961890,0.07352638
961891,0.05184203
961892,0.059165183
961893,0.040313818
961894,0.04216695
961895,0.03579776
961896,0.14015761
961897,0.009731472
961898,0.025989095
961899,0.07770648
961900,0.016733723
961901,0.02393275
961902,0.021145022
961903,0.030063212
961904,0.02476745
961905,0.022138653
961906,0.012235355
961907,0.02545446
961908,0.0353087
961909,0.03737697
961910,0.046485372
961911,0.03802042
961912,0.032828085
961913,0.025388569
961914,0.02917241
961915,0.1036274
961916,0.117879644
961917,0.101990424
961918,0.12812264
961919,0.09195567
961920,0.06610778
961921,0.07790105
961922,0.34968874
961923,0.29540673
961924,0.13272545
961925,0.011338572
961926,0.020270802
961927,0.02350856
961928,0.026256183
961929,0.022816774
961930,0.037908606
961931,0.027510924
961932,0.021756578
961933,0.40689266
961934,0.6081664
961935,0.273209
961936,0.24803391
961937,0.27684256
961938,0.23985648
961939,0.24292128
961940,0.067402825
961941,0.010503691
961942,0.02693631
961943,0.04336409
961944,0.049472976
961945,0.040126946
961946,0.023564039
961947,0.020997992
961948,0.019679988
961949,0.027510695
961950,0.030501172
961951,0.07659922
961952,0.09971587
961953,0.08620461
961954,0.08768751
961955,0.09478339
961956,0.07622847
961957,0.06839665
961958,0.059306223
961959,0.07564627
961960,0.048575245
961961,0.06181946
961962,0.055850897
961963,0.052296355
961964,0.0538843
961965,0.04832003
961966,0.03235092
961967,0.009104013
961968,0.030611468
961969,0.018450832
961970,0.023615435
961971,0.020040257
961972,0.019951427
961973,0.018567668
961974,0.015869264
961975,0.060671538
961976,0.502216
961977,0.2611419
961978,0.31320077
961979,0.6129888
961980,0.41075388
961981,0.5362669
961982,0.39003664
961983,0.4470095
961984,0.5117006
961985,0.5860528
961986,0.44728142
961987,0.31632155
961988,0.29160765
961989,0.17616916
961990,0.021805787
961991,0.055614002
961992,0.014090132
961993,0.069453925
961994,0.054083154
961995,0.05745945
961996,0.05482451
961997,0.060379766
961998,0.058430728
961999,0.087475225
962000,0.008128118
962001,0.017832896
962002,0.018100925
962003,0.061197788
962004,0.016177785
962005,0.022593047
962006,0.01805758
962007,0.017277038
962008,0.036450885
962009,0.24257174
962010,0.2334418
962011,0.30065948
962012,0.2877134
962013,0.54331744
962014,0.37161347
962015,0.34616613
962016,0.14216915
962017,0.41668254
962018,0.5675687
962019,0.29000857
962020,0.3137505
962021,0.3155467
962022,0.4781767
962023,0.31879875
962024,0.5628713
962025,0.65716773
962026,0.6184076
962027,0.46359456
962028,0.34525335
962029,0.011322099
962030,0.023172794
962031,0.02281928
962032,0.018950423
962033,0.022067934
962034,0.022683138
962035,0.026195819
962036,0.02451393
962037,0.018153481
962038,0.08087885
962039,0.5167519
962040,0.5032849
962041,0.32319465
962042,0.33855847
962043,0.40673545
962044,0.45681778
962045,0.47803903
962046,0.4337994
962047,0.40387347
962048,0.010770455
962049,0.022383701
962050,0.03413804
962051,0.022865457
962052,0.020940688
962053,0.019767767
962054,0.019694049
962055,0.022093201
962056,0.1156811
962057,0.011263217
962058,0.016184982
962059,0.021744033
962060,0.015062991
962061,0.021205848
962062,0.017110184
962063,0.10116352
962064,0.39749128
962065,0.6920192
962066,0.74715036
962067,0.74599063
962068,0.8014509
962069,0.8207662
962070,0.82871085
962071,0.8219711
962072,0.78621554
962073,0.8270445
962074,0.80779177
962075,0.85069776
962076,0.6247453
962077,0.8216516
962078,0.8205626
962079,0.8135006
962080,0.81486
962081,0.7875789
962082,0.81051993
962083,0.558293
962084,0.7665502
962085,0.8639318
962086,0.7404426
962087,0.42902517
962088,0.01307348
962089,0.044783227
962090,0.042159714
962091,0.028074315
962092,0.030730842
962093,0.025363218
962094,0.026270403
962095,0.020586392
962096,0.39475036
962097,0.014789465
962098,0.034257416
962099,0.06430101
962100,0.022711623
962101,0.08039386
962102,0.113743044
962103,0.027713666
962104,0.048595212
962105,0.022904396
962106,0.05193966
962107,0.02568902
962108,0.024268521
962109,0.2061164
962110,0.014600199
962111,0.042358156
962112,0.049617752
962113,0.07716452
962114,0.04440852
962115,0.054372773
962116,0.03624525
962117,0.052042473
962118,0.03911868
962119,0.20893484
962120,0.36016488
962121,0.29422116
962122,0.20385408
962123,0.107917495
962124,0.33231258
962125,0.18018344
962126,0.03184353
962127,0.066106394
962128,0.110165924
962129,0.092456974
962130,0.09205517
962131,0.09120004
962132,0.07811035
962133,0.020330966
962134,0.03551888
962135,0.036833696
962136,0.021382842
962137,0.020540701
962138,0.021164764
962139,0.0357604
962140,0.02634633
962141,0.020976448
962142,0.2440186
962143,0.013064782
962144,0.0642853
962145,0.09374427
962146,0.25937453
962147,0.05404549
962148,0.11306929
962149,0.10913955
962150,0.10104051
962151,0.25370657
962152,0.2029005
962153,0.14310585
962154,0.0122074485
962155,0.09966483
962156,0.09948915
962157,0.06455691
962158,0.06768302
962159,0.039326295
962160,0.2602855
962161,0.24987426
962162,0.21737331
962163,0.18874307
962164,0.33722928
962165,0.56249684
962166,0.6226826
962167,0.3406842
962168,0.439492
962169,0.03775453
962170,0.12836841
962171,0.15447935
962172,0.20632897
962173,0.11918065
962174,0.12595078
962175,0.09501695
962176,0.09661464
962177,0.1556007
962178,0.13505991
962179,0.0858465
962180,0.03258854
962181,0.352254
962182,0.11176823
962183,0.32907766
962184,0.2539792
962185,0.16387519
962186,0.026847178
962187,0.2006997
962188,0.28808603
962189,0.3539479
962190,0.43620774
962191,0.32878664
962192,0.37167042
962193,0.2899486
962194,0.52206814
962195,0.53466845
962196,0.42581564
962197,0.56711507
962198,0.5228908
962199,0.556986
962200,0.6049668
962201,0.55145717
962202,0.5896035
962203,0.5089473
962204,0.37816855
962205,0.18664724
962206,0.6086542
962207,0.75997096
962208,0.7378833
962209,0.8203951
962210,0.8533564
962211,0.86890584
962212,0.87805873
962213,0.8511367
962214,0.8743826
962215,0.8522608
962216,0.86224246
962217,0.8502961
962218,0.8657941
962219,0.8139906
962220,0.8655728
962221,0.8676022
962222,0.8499034
962223,0.8487757
962224,0.7814821
962225,0.84937316
962226,0.85280406
962227,0.85021406
962228,0.85021406
962229,0.82708895
962230,0.83959645
962231,0.79613864
962232,0.8337651
962233,0.8255352
962234,0.81386226
962235,0.8316533
962236,0.80073494
962237,0.392845
962238,0.24349299
962239,0.13216855
962240,0.14111784
962241,0.08554061
962242,0.2852793
962243,0.23794553
962244,0.13967954
962245,0.17532799
962246,0.17857689
962247,0.12901886
962248,0.20804322
962249,0.39389974
962250,0.014389706
962251,0.03247396
962252,0.03198364
962253,0.030644575
962254,0.03744037
962255,0.032424502
962256,0.040979646
962257,0.032696273
962258,0.3533696
962259,0.20124432
962260,0.10905467
962261,0.17963456
962262,0.074501134
962263,0.055359416
962264,0.0096254535
962265,0.031457584
962266,0.027043633
962267,0.02705961
962268,0.05378235
962269,0.024840862
962270,0.11970822
962271,0.02462565
962272,0.13064092
962273,0.23422353
962274,0.11633367
962275,0.08471634
962276,0.15176943
962277,0.10862513
962278,0.11867229
962279,0.15485053
962280,0.32035193
962281,0.019031737
962282,0.046064705
962283,0.04574395
962284,0.053124752
962285,0.048062347
962286,0.061750203
962287,0.06702991
962288,0.33598
962289,0.3032165
962290,0.30806974
962291,0.30279347
962292,0.26411676
962293,0.2086038
962294,0.20665035
962295,0.39465365
962296,0.22859152
962297,0.45070451
962298,0.14865884
962299,0.19241457
962300,0.22807868
962301,0.046899226
962302,0.21508576
962303,0.16849905
962304,0.11674461
962305,0.19755176
962306,0.11151412
962307,0.02466353
962308,0.099479444
962309,0.096379116
962310,0.07766343
962311,0.06773283
962312,0.07007211
962313,0.048896663
962314,0.058522496
962315,0.023747915
962316,0.059467975
962317,0.04933557
962318,0.09784448
962319,0.061539516
962320,0.06464158
962321,0.076859854
962322,0.0738384
962323,0.041115113
962324,0.0122958105
962325,0.082020655
962326,0.011618074
962327,0.029987337
962328,0.026512925
962329,0.027468067
962330,0.026896823
962331,0.06033399
962332,0.027539235
962333,0.024796559
962334,0.024164807
962335,0.19284289
962336,0.096917406
962337,0.25858268
962338,0.10685504
962339,0.18846592
962340,0.18586352
962341,0.36094055
962342,0.22031717
962343,0.21971832
962344,0.29394218
962345,0.08645196
962346,0.012650844
962347,0.0317092
962348,0.03526626
962349,0.028665213
962350,0.03343263
962351,0.030893793
962352,0.028422989
962353,0.022862416
962354,0.037057053
962355,0.035780407
962356,0.046207387
962357,0.02382748
962358,0.035898935
962359,0.040080708
962360,0.030405896
962361,0.037054714
962362,0.009188744
962363,0.045674883
962364,0.044815816
962365,0.043826308
962366,0.043814454
962367,0.13266899
962368,0.10326661
962369,0.13071778
962370,0.3211621
962371,0.121427216
962372,0.3602446
962373,0.3141547
962374,0.40439415
962375,0.38704425
962376,0.3141607
962377,0.13113318
962378,0.039465714
962379,0.09765656
962380,0.14541048
962381,0.081275135
962382,0.15543778
962383,0.15543778
962384,0.28928247
962385,0.19070975
962386,0.33645776
962387,0.34405717
962388,0.38705486
962389,0.22133218
962390,0.04614746
962391,0.10706661
962392,0.13181084
962393,0.06849101
962394,0.09895939
962395,0.1329615
962396,0.14189218
962397,0.09879728
962398,0.27607512
962399,0.09731565
962400,0.07486179
962401,0.06460422
962402,0.023939623
962403,0.32463595
962404,0.28697747
962405,0.41308105
962406,0.21769331
962407,0.44634253
962408,0.4556535
962409,0.45752558
962410,0.45734134
962411,0.263072
962412,0.2724498
962413,0.46625468
962414,0.50944436
962415,0.46194047
962416,0.49083605
962417,0.29246867
962418,0.011078548
962419,0.026675921
962420,0.033050865
962421,0.029157901
962422,0.03627978
962423,0.03217304
962424,0.03127738
962425,0.13260406
962426,0.41890576
962427,0.46331534
962428,0.5213973
962429,0.5445012
962430,0.6082347
962431,0.5945386
962432,0.43640584
962433,0.5163982
962434,0.5495361
962435,0.6242777
962436,0.4541492
962437,0.3348078
962438,0.61341983
962439,0.5323893
962440,0.5007135
962441,0.54083306
962442,0.5583146
962443,0.5321413
962444,0.5522339
962445,0.33788317
962446,0.013426764
962447,0.060268875
962448,0.06485685
962449,0.072729975
962450,0.13376667
962451,0.13100341
962452,0.04390742
962453,0.07278848
962454,0.061532136
962455,0.060120482
962456,0.08774301
962457,0.112975076
962458,0.051302057
962459,0.14497355
962460,0.04433479
962461,0.12901369
962462,0.1303822
962463,0.06298386
962464,0.10695073
962465,0.020905854
962466,0.019656695
962467,0.037700247
962468,0.02424522
962469,0.02286744
962470,0.022059858
962471,0.017740114
962472,0.46634603
962473,0.6171891
962474,0.8045577
962475,0.8456369
962476,0.87772113
962477,0.8611129
962478,0.65487194
962479,0.7731805
962480,0.80226094
962481,0.73791635
962482,0.7616617
962483,0.6616675
962484,0.7380102
962485,0.79377383
962486,0.43016472
962487,0.42312312
962488,0.33538833
962489,0.3368031
962490,0.2642966
962491,0.24381803
962492,0.014511209
962493,0.059920937
962494,0.045173258
962495,0.052730132
962496,0.013012588
962497,0.021589894
962498,0.030656632
962499,0.0263792
962500,0.04218045
962501,0.026520256
962502,0.029358156
962503,0.024370708
962504,0.09710687
962505,0.31922385
962506,0.44426677
962507,0.021322558
962508,0.0583616
962509,0.07167334
962510,0.054900214
962511,0.065159984
962512,0.041961018
962513,0.0462505
962514,0.03743664
962515,0.089413926
962516,0.14209671
962517,0.18438295
962518,0.18186738
962519,0.19724338
962520,0.21118465
962521,0.20744039
962522,0.06748742
962523,0.044834882
962524,0.47062567
962525,0.038874533
962526,0.08904861
962527,0.1855156
962528,0.09883116
962529,0.054145135
962530,0.03726988
962531,0.034699325
962532,0.037387032
962533,0.034589633
962534,0.03711763
962535,0.045307472
962536,0.15431677
962537,0.32319388
962538,0.12577212
962539,0.0144125
962540,0.026137454
962541,0.026107365
962542,0.17894422
962543,0.28389156
962544,0.1363671
962545,0.093726516
962546,0.06937931
962547,0.15162194
962548,0.16081294
962549,0.10074856
962550,0.041456614
962551,0.04647916
962552,0.04472831
962553,0.044914305
962554,0.40661764
962555,0.1878962
962556,0.18304236
962557,0.0097910855
962558,0.05324351
962559,0.055237647
962560,0.024501914
962561,0.052304566
962562,0.050312344
962563,0.022378767
962564,0.037285276
962565,0.08614489
962566,0.30670995
962567,0.28556454
962568,0.56961906
962569,0.33702698
962570,0.38929442
962571,0.231635
962572,0.4223275
962573,0.3475255
962574,0.3631318
962575,0.41578975
962576,0.23044157
962577,0.008048036
962578,0.01723163
962579,0.015330925
962580,0.01985251
962581,0.027007202
962582,0.016466346
962583,0.019868987
962584,0.015925316
962585,0.17679913
962586,0.16804366
962587,0.2204739
962588,0.22701308
962589,0.16367263
962590,0.16472954
962591,0.12820068
962592,0.0130811725
962593,0.11956713
962594,0.036506325
962595,0.038850944
962596,0.12347095
962597,0.03599629
962598,0.03602262
962599,0.13940403
962600,0.043804605
962601,0.033711165
962602,0.01403124
962603,0.0262613
962604,0.036185
962605,0.030161802
962606,0.023595614
962607,0.026092352
962608,0.04873409
962609,0.0295942
962610,0.03867167
962611,0.020600757
962612,0.20257339
962613,0.52592325
962614,0.19890314
962615,0.8161877
962616,0.15044297
962617,0.3364324
962618,0.014100661
962619,0.028586328
962620,0.026234865
962621,0.031215664
962622,0.03137785
962623,0.043852232
962624,0.040469315
962625,0.021290716
962626,0.07875066
962627,0.03230817
962628,0.03210681
962629,0.0337462
962630,0.032446533
962631,0.070228465
962632,0.0348487
962633,0.027742913
962634,0.008992454
962635,0.016410558
962636,0.022628129
962637,0.015668383
962638,0.014377788
962639,0.016635247
962640,0.025460191
962641,0.03877811
962642,0.020272866
962643,0.018072255
962644,0.6180065
962645,0.31511667
962646,0.13800685
962647,0.47352132
962648,0.5058497
962649,0.34666738
962650,0.6185509
962651,0.23729637
962652,0.26677456
962653,0.23661904
962654,0.4555088
962655,0.76902914
962656,0.45818633
962657,0.46286327
962658,0.018597543
962659,0.043618936
962660,0.08593107
962661,0.056633126
962662,0.092725314
962663,0.09747575
962664,0.053955827
962665,0.013176153
962666,0.030513048
962667,0.029981637
962668,0.02976317
962669,0.034748312
962670,0.032213394
962671,0.031859018
962672,0.031778798
962673,0.24423335
962674,0.22169732
962675,0.17905451
962676,0.0074501038
962677,0.011796049
962678,0.016896836
962679,0.030901233
962680,0.015675062
962681,0.01677818
962682,0.020792471
962683,0.016840177
962684,0.05875499
962685,0.6422964
962686,0.18468867
962687,0.75115913
962688,0.70888484
962689,0.6362671
962690,0.8578004
962691,0.74037045
962692,0.77956676
962693,0.49724272
962694,0.8814607
962695,0.88528514
962696,0.34602422
962697,0.65016717
962698,0.37352034
962699,0.07359934
962700,0.015374102
962701,0.05950572
962702,0.02559796
962703,0.20508584
962704,0.43536493
962705,0.42707956
962706,0.28388983
962707,0.4874836
962708,0.43529263
962709,0.60594237
962710,0.5363992
962711,0.42422852
962712,0.585583
962713,0.5251058
962714,0.63153285
962715,0.55640733
962716,0.5534095
962717,0.50931674
962718,0.4698558
962719,0.24881539
962720,0.025819562
962721,0.03636294
962722,0.029821845
962723,0.030710712
962724,0.032374427
962725,0.053526822
962726,0.02285777
962727,0.026913984
962728,0.030431211
962729,0.0520206
962730,0.09281644
962731,0.10586724
962732,0.10673734
962733,0.083834626
962734,0.057274517
962735,0.011971906
962736,0.040932644
962737,0.02669471
962738,0.023101524
962739,0.030408012
962740,0.022575524
962741,0.08400903
962742,0.028766984
962743,0.067555346
962744,0.02127878
962745,0.25356448
962746,0.15203792
962747,0.056264948
962748,0.057654697
962749,0.057435814
962750,0.051493697
962751,0.04686722
962752,0.04422901
962753,0.010423747
962754,0.043293357
962755,0.02455399
962756,0.058036193
962757,0.060372014
962758,0.048115607
962759,0.17351247
962760,0.03634648
962761,0.028852375
962762,0.048687957
962763,0.18672778
962764,0.18450758
962765,0.30732453
962766,0.1862195
962767,0.36615896
962768,0.3827833
962769,0.16321947
962770,0.15941589
962771,0.18160997
962772,0.014928085
962773,0.03518267
962774,0.034086976
962775,0.0704552
962776,0.033544738
962777,0.034836184
962778,0.040918626
962779,0.03897434
962780,0.067334324
962781,0.12488798
962782,0.12551332
962783,0.089915335
962784,0.028143471
962785,0.06922706
962786,0.08391307
962787,0.057109147
962788,0.075639434
962789,0.067429624
962790,0.081562236
962791,0.28476006
962792,0.6918632
962793,0.659582
962794,0.72022325
962795,0.79355085
962796,0.7097656
962797,0.75060445
962798,0.80421257
962799,0.7911649
962800,0.63446605
962801,0.62883705
962802,0.6574476
962803,0.34776166
962804,0.077459574
962805,0.017252605
962806,0.056734845
962807,0.058562692
962808,0.0499748
962809,0.07843386
962810,0.06384993
962811,0.10990419
962812,0.052904513
962813,0.08385838
962814,0.15286627
962815,0.07929799
962816,0.4136007
962817,0.4951091
962818,0.57600385
962819,0.71321964
962820,0.7598107
962821,0.78218055
962822,0.7028205
962823,0.7943243
962824,0.8173365
962825,0.78797966
962826,0.7700158
962827,0.72780377
962828,0.8190071
962829,0.7790846
962830,0.8620457
962831,0.79944915
962832,0.84024847
962833,0.86323816
962834,0.7865459
962835,0.8676041
962836,0.78681326
962837,0.7732328
962838,0.848332
962839,0.8300813
962840,0.76469725
962841,0.8306611
962842,0.8111762
962843,0.7916362
962844,0.6995884
962845,0.56665695
962846,0.19573556
962847,0.114432715
962848,0.1341343
962849,0.12938064
962850,0.14381097
962851,0.1039539
962852,0.010200876
962853,0.041045904
962854,0.0408448
962855,0.043383446
962856,0.03531607
962857,0.0346112
962858,0.027678551
962859,0.13996533
962860,0.33165494
962861,0.2335215
962862,0.5027427
962863,0.29946697
962864,0.2473088
962865,0.2771701
962866,0.076850325
962867,0.037112497
962868,0.053221896
962869,0.17305478
962870,0.68321365
962871,0.8363194
962872,0.8005401
962873,0.8935115
962874,0.8341642
962875,0.8975373
962876,0.8961968
962877,0.8802036
962878,0.8971344
962879,0.8518498
962880,0.84060556
962881,0.9243668
962882,0.9131431
962883,0.9376133
962884,0.883989
962885,0.87017465
962886,0.920176
962887,0.9214737
962888,0.8872683
962889,0.8500433
962890,0.84575695
962891,0.8636498
962892,0.87927806
962893,0.8848676
962894,0.85983807
962895,0.86154854
962896,0.8285588
962897,0.80082756
962898,0.9064568
962899,0.8066116
962900,0.8330367
962901,0.8678101
962902,0.7943408
962903,0.8880846
962904,0.79311866
962905,0.83362997
962906,0.8158362
962907,0.7293643
962908,0.6656425
962909,0.39595583
962910,0.026860712
962911,0.083197325
962912,0.06307543
962913,0.07652819
962914,0.068586566
