obs_id,target
911345,0.2001166
911346,0.15344527
911347,0.108525835
911348,0.057002857
911349,0.054204825
911350,0.060620453
911351,0.07251191
911352,0.059567932
911353,0.56080526
911354,0.62028927
911355,0.36682642
911356,0.43971315
911357,0.41081896
911358,0.628805
911359,0.63194346
911360,0.52306736
911361,0.45449752
911362,0.6603814
911363,0.35718364
911364,0.64267296
911365,0.5370272
911366,0.22916022
911367,0.13479647
911368,0.11002829
911369,0.14655204
911370,0.109038405
911371,0.08993815
911372,0.021129798
911373,0.046775788
911374,0.051887523
911375,0.046588156
911376,0.041945048
911377,0.04706897
911378,0.04089107
911379,0.04436916
911380,0.013238747
911381,0.053730346
911382,0.0717804
911383,0.06306587
911384,0.047727905
911385,0.07294063
911386,0.07411071
911387,0.06550442
911388,0.047975253
911389,0.06888604
911390,0.23698315
911391,0.2723803
911392,0.21815588
911393,0.22156173
911394,0.22560161
911395,0.07698626
911396,0.019087734
911397,0.057816986
911398,0.06744323
911399,0.19344234
911400,0.2396762
911401,0.17134073
911402,0.18055451
911403,0.17981231
911404,0.14002609
911405,0.058144335
911406,0.05117494
911407,0.05814913
911408,0.065275885
911409,0.05863478
911410,0.051212918
911411,0.07068535
911412,0.23049603
911413,0.01866265
911414,0.052673224
911415,0.046432327
911416,0.06637369
911417,0.05362341
911418,0.050742365
911419,0.054974735
911420,0.05832441
911421,0.043942444
911422,0.16599454
911423,0.01481511
911424,0.07960544
911425,0.07931542
911426,0.09011275
911427,0.0880901
911428,0.111072615
911429,0.22071384
911430,0.23115781
911431,0.19968629
911432,0.25567624
911433,0.10027239
911434,0.17475727
911435,0.16135521
911436,0.107414275
911437,0.13799658
911438,0.09811765
911439,0.1956354
911440,0.08305375
911441,0.1061143
911442,0.1940821
911443,0.010588158
911444,0.02858955
911445,0.025565203
911446,0.024777982
911447,0.030205725
911448,0.02967353
911449,0.026375521
911450,0.029553536
911451,0.025036983
911452,0.054152563
911453,0.08738571
911454,0.07695516
911455,0.13305067
911456,0.092418835
911457,0.092252225
911458,0.08130442
911459,0.10072996
911460,0.098986425
911461,0.12871054
911462,0.17562547
911463,0.15224272
911464,0.16769847
911465,0.27516696
911466,0.18509206
911467,0.16994017
911468,0.2057481
911469,0.33042195
911470,0.009593509
911471,0.024861928
911472,0.024861703
911473,0.019125849
911474,0.02603889
911475,0.01792213
911476,0.02646437
911477,0.023897983
911478,0.45760754
911479,0.535374
911480,0.54632246
911481,0.56101567
911482,0.71345437
911483,0.561267
911484,0.5641057
911485,0.6150128
911486,0.71835464
911487,0.5414076
911488,0.6722158
911489,0.655027
911490,0.46174687
911491,0.106662944
911492,0.06767616
911493,0.00786928
911494,0.021720791
911495,0.023270808
911496,0.026101673
911497,0.025661929
911498,0.026703939
911499,0.02566459
911500,0.022778003
911501,0.036569897
911502,0.050186638
911503,0.053948954
911504,0.041089762
911505,0.048638158
911506,0.04135608
911507,0.045048587
911508,0.094164826
911509,0.009445155
911510,0.021195706
911511,0.020761544
911512,0.020200111
911513,0.037481472
911514,0.022118997
911515,0.029151997
911516,0.019634258
911517,0.009026082
911518,0.035407644
911519,0.039295934
911520,0.036958132
911521,0.1105707
911522,0.06685815
911523,0.030057108
911524,0.007976354
911525,0.016861506
911526,0.022391493
911527,0.118517846
911528,0.025261428
911529,0.024696248
911530,0.30690113
911531,0.11357899
911532,0.15091051
911533,0.1589802
911534,0.15195696
911535,0.12840621
911536,0.12690666
911537,0.08518469
911538,0.020111203
911539,0.044123463
911540,0.041277345
911541,0.082131214
911542,0.08020799
911543,0.10439975
911544,0.08723472
911545,0.08591502
911546,0.05760766
911547,0.31828868
911548,0.17423825
911549,0.24526249
911550,0.28225765
911551,0.27741164
911552,0.010978697
911553,0.027523411
911554,0.02905815
911555,0.13248041
911556,0.02527239
911557,0.023305546
911558,0.15204482
911559,0.04340755
911560,0.2871523
911561,0.3367077
911562,0.47370175
911563,0.50885683
911564,0.39250788
911565,0.64366746
911566,0.63339555
911567,0.5557923
911568,0.5685472
911569,0.5104812
911570,0.56409323
911571,0.3711841
911572,0.55300826
911573,0.49809965
911574,0.55385554
911575,0.53318846
911576,0.60380685
911577,0.25458035
911578,0.02208387
911579,0.05004191
911580,0.04820446
911581,0.3023984
911582,0.15839985
911583,0.10139992
911584,0.03954465
911585,0.08217178
911586,0.052296374
911587,0.053054515
911588,0.04909683
911589,0.054496128
911590,0.03459674
911591,0.051784217
911592,0.04359186
911593,0.11640019
911594,0.057527937
911595,0.038098685
911596,0.03415959
911597,0.084146574
911598,0.2624461
911599,0.021059886
911600,0.07554691
911601,0.0449034
911602,0.059594393
911603,0.044028804
911604,0.043735612
911605,0.06322413
911606,0.0375823
911607,0.031575803
911608,0.027307296
911609,0.020837834
911610,0.02338548
911611,0.049012292
911612,0.043746658
911613,0.070069805
911614,0.044725172
911615,0.043115176
911616,0.04149161
911617,0.037994035
911618,0.074118786
911619,0.074797526
911620,0.069122806
911621,0.06321945
911622,0.012666661
911623,0.068745054
911624,0.9937296
911625,0.050409947
911626,0.050765302
911627,0.06962329
911628,0.05785543
911629,0.04779407
911630,0.04259239
911631,0.059132844
911632,0.9936512
911633,0.041686483
911634,0.032426674
911635,0.014040109
911636,0.03303377
911637,0.024531165
911638,0.03409269
911639,0.032108307
911640,0.035940565
911641,0.0301239
911642,0.02917615
911643,0.016123202
911644,0.03888573
911645,0.039709892
911646,0.039552208
911647,0.039940238
911648,0.040595423
911649,0.04127245
911650,0.043603472
911651,0.061544683
911652,0.011801966
911653,0.090473846
911654,0.2656557
911655,0.053826537
911656,0.056161862
911657,0.09712309
911658,0.016275056
911659,0.039366174
911660,0.032473803
911661,0.023230918
911662,0.26613432
911663,0.115925856
911664,0.11372082
911665,0.11039892
911666,0.100152686
911667,0.12150076
911668,0.08444741
911669,0.027305635
911670,0.061540715
911671,0.07640353
911672,0.039282605
911673,0.055593822
911674,0.0372616
911675,0.06514556
911676,0.044237956
911677,0.0336954
911678,0.043267097
911679,0.06834065
911680,0.030510882
911681,0.11795353
911682,0.12192591
911683,0.11747624
911684,0.097792044
911685,0.08702745
911686,0.04365105
911687,0.10598954
911688,0.08414951
911689,0.09091494
911690,0.18517363
911691,0.2884959
911692,0.21557948
911693,0.147124
911694,0.2436449
911695,0.17130755
911696,0.11857661
911697,0.1159168
911698,0.047801286
911699,0.039316867
911700,0.040880095
911701,0.038884822
911702,0.045159716
911703,0.21981435
911704,0.22494636
911705,0.31102583
911706,0.26459393
911707,0.25760397
911708,0.3578314
911709,0.44716606
911710,0.34369174
911711,0.3207522
911712,0.38508195
911713,0.3232288
911714,0.19667536
911715,0.01158305
911716,0.05393581
911717,0.04715789
911718,0.046161838
911719,0.045803096
911720,0.049970224
911721,0.045067832
911722,0.029120332
911723,0.12753287
911724,0.16056186
911725,0.2394301
911726,0.1798328
911727,0.21688788
911728,0.24890742
911729,0.24791615
911730,0.16342326
911731,0.16876687
911732,0.35734376
911733,0.67493707
911734,0.6512056
911735,0.7673162
911736,0.77886194
911737,0.86678016
911738,0.8719661
911739,0.8609671
911740,0.80930394
911741,0.89175946
911742,0.8977028
911743,0.9034679
911744,0.8583149
911745,0.8082675
911746,0.86343974
911747,0.8136756
911748,0.81926686
911749,0.8171771
911750,0.86373293
911751,0.86137456
911752,0.87328166
911753,0.8820938
911754,0.8596119
911755,0.8747922
911756,0.89114904
911757,0.9061116
911758,0.89928067
911759,0.8986507
911760,0.8814425
911761,0.86848545
911762,0.879624
911763,0.88892543
911764,0.8996564
911765,0.8929785
911766,0.85627437
911767,0.835108
911768,0.7611737
911769,0.7517472
911770,0.8037959
911771,0.83021116
911772,0.7590246
911773,0.7255035
911774,0.7355294
911775,0.7616677
911776,0.55533665
911777,0.1951811
911778,0.18290877
911779,0.15005867
911780,0.15191756
911781,0.11907583
911782,0.1106236
911783,0.010698369
911784,0.031695705
911785,0.033676215
911786,0.052547842
911787,0.043077137
911788,0.035691004
911789,0.03210839
911790,0.26275656
911791,0.2181348
911792,0.18367325
911793,0.18295036
911794,0.17097251
911795,0.010966154
911796,0.04828671
911797,0.036044434
911798,0.030654946
911799,0.030285506
911800,0.0298953
911801,0.032757018
911802,0.025797466
911803,0.26559976
911804,0.05759289
911805,0.10772692
911806,0.11583989
911807,0.12402338
911808,0.10095825
911809,0.14747621
911810,0.021541221
911811,0.0360679
911812,0.046704795
911813,0.044142783
911814,0.035535034
911815,0.03902663
911816,0.036539584
911817,0.14303179
911818,0.40736672
911819,0.18321003
911820,0.035209484
911821,0.27028108
911822,0.40338326
911823,0.42037803
911824,0.5173084
911825,0.4986747
911826,0.16495879
911827,0.042407554
911828,0.2906468
911829,0.33818743
911830,0.49399975
911831,0.5294441
911832,0.64763
911833,0.6568303
911834,0.33187062
911835,0.44518214
911836,0.52087075
911837,0.39679256
911838,0.7126753
911839,0.5758872
911840,0.76044714
911841,0.57475656
911842,0.33150074
911843,0.1725087
911844,0.15650389
911845,0.14165148
911846,0.1417696
911847,0.4996624
911848,0.5500899
911849,0.48978132
911850,0.3605493
911851,0.44621632
911852,0.2959593
911853,0.5199924
911854,0.57104504
911855,0.5150706
911856,0.31601351
911857,0.020897413
911858,0.14063516
911859,0.13857263
911860,0.15317617
911861,0.16357873
911862,0.1846016
911863,0.17164624
911864,0.25034875
911865,0.22601026
911866,0.24789752
911867,0.3124823
911868,0.40662992
911869,0.33277503
911870,0.38998497
911871,0.22224483
911872,0.37900758
911873,0.3114393
911874,0.3384939
911875,0.43649834
911876,0.3140218
911877,0.016322525
911878,0.18019214
911879,0.16539088
911880,0.19849077
911881,0.027749605
911882,0.12217452
911883,0.16122814
911884,0.18142729
911885,0.23208977
911886,0.061926767
911887,0.35352024
911888,0.11508856
911889,0.06620458
911890,0.06891152
911891,0.06551256
911892,0.09421914
911893,0.47390887
911894,0.5530465
911895,0.4327235
911896,0.42939854
911897,0.46163929
911898,0.5668783
911899,0.48385233
911900,0.42333448
911901,0.51965255
911902,0.47547975
911903,0.5055127
911904,0.4133238
911905,0.2172823
911906,0.10130702
911907,0.017532172
911908,0.03795088
911909,0.03643306
911910,0.035817366
911911,0.06430411
911912,0.06520724
911913,0.04527231
911914,0.03900473
911915,0.03907584
911916,0.060686104
911917,0.030894037
911918,0.03080838
911919,0.29834267
911920,0.3700522
911921,0.5751625
911922,0.34138578
911923,0.36920592
911924,0.35926282
911925,0.3484339
911926,0.3289735
911927,0.27692777
911928,0.027775124
911929,0.06663501
911930,0.056776095
911931,0.054886688
911932,0.12809153
911933,0.010481408
911934,0.024506668
911935,0.02897792
911936,0.025100883
911937,0.024388984
911938,0.022593344
911939,0.02746199
911940,0.030756999
911941,0.021308452
911942,0.078582644
911943,0.04820994
911944,0.06551597
911945,0.014065922
911946,0.03464762
911947,0.08358957
911948,0.038407758
911949,0.035266496
911950,0.066465825
911951,0.038618382
911952,0.04288304
911953,0.11758879
911954,0.064002275
911955,0.06721165
911956,0.32965758
911957,0.0090505285
911958,0.0208416
911959,0.018167302
911960,0.01566601
911961,0.011360343
911962,0.014102484
911963,0.017606888
911964,0.041713912
911965,0.03820099
911966,0.03878189
911967,0.038866233
911968,0.039192725
911969,0.028764691
911970,0.012877318
911971,0.025399212
911972,0.029452551
911973,0.03340501
911974,0.029640108
911975,0.08883542
911976,0.01695993
911977,0.03898545
911978,0.04942967
911979,0.04740201
911980,0.045871012
911981,0.038532946
911982,0.047681417
911983,0.008803375
911984,0.016494587
911985,0.01965409
911986,0.025675107
911987,0.03131936
911988,0.01618953
911989,0.018109359
911990,0.052850686
911991,0.0120827
911992,0.040126193
911993,0.047134813
911994,0.069804505
911995,0.14512995
911996,0.122616604
911997,0.124220714
911998,0.04248377
911999,0.43033448
912000,0.506293
912001,0.54730576
912002,0.6513828
912003,0.600895
912004,0.6218743
912005,0.6222185
912006,0.54483914
912007,0.60088843
912008,0.6057823
912009,0.5433336
912010,0.59119976
912011,0.5805343
912012,0.6334556
912013,0.5355487
912014,0.52413625
912015,0.628539
912016,0.34322172
912017,0.10603637
912018,0.1877864
912019,0.14357829
912020,0.080768175
912021,0.21089393
912022,0.15962112
912023,0.14006896
912024,0.13657445
912025,0.12788872
912026,0.10523211
912027,0.05865471
912028,0.095827244
912029,0.059596494
912030,0.067952044
912031,0.054137643
912032,0.1341461
912033,0.10185804
912034,0.13733807
912035,0.1194565
912036,0.11960701
912037,0.12653331
912038,0.13500552
912039,0.13653925
912040,0.13300036
912041,0.020426344
912042,0.0299509
912043,0.034614082
912044,0.02630164
912045,0.052738767
912046,0.13364473
912047,0.3236675
912048,0.6060401
912049,0.6012315
912050,0.60301554
912051,0.5915396
912052,0.60534006
912053,0.6368277
912054,0.53954256
912055,0.60911965
912056,0.61008525
912057,0.5587588
912058,0.58568746
912059,0.42193845
912060,0.026906867
912061,0.37270814
912062,0.51885647
912063,0.6080089
912064,0.64766973
912065,0.6606183
912066,0.66999966
912067,0.6527361
912068,0.6668061
912069,0.6814651
912070,0.8102912
912071,0.77233154
912072,0.7829744
912073,0.79033697
912074,0.7938492
912075,0.69247156
912076,0.7002483
912077,0.6844013
912078,0.7041748
912079,0.6900725
912080,0.6772716
912081,0.6741057
912082,0.65887487
912083,0.6602658
912084,0.41751868
912085,0.024072414
912086,0.03064138
912087,0.027586918
912088,0.037617896
912089,0.029309573
912090,0.03264211
912091,0.027163183
912092,0.049832772
912093,0.14353278
912094,0.12010522
912095,0.1562676
912096,0.14535484
912097,0.16798809
912098,0.16960432
912099,0.37676823
912100,0.35954964
912101,0.14590916
912102,0.097873986
912103,0.19014946
912104,0.17293869
912105,0.12659235
912106,0.16256519
912107,0.13247462
912108,0.09368521
912109,0.14798364
912110,0.4395234
912111,0.5121754
912112,0.54358166
912113,0.6060742
912114,0.57409656
912115,0.5531922
912116,0.5531531
912117,0.5886257
912118,0.59899527
912119,0.61711484
912120,0.6239409
912121,0.55534065
912122,0.43013412
912123,0.14697611
912124,0.17261153
912125,0.24136461
912126,0.21740557
912127,0.24124274
912128,0.16292816
912129,0.17631374
912130,0.24739622
912131,0.095948756
912132,0.012741307
912133,0.037501995
912134,0.03989351
912135,0.038672797
912136,0.06456178
912137,0.3678228
912138,0.28720048
912139,0.7023054
912140,0.72163767
912141,0.78281736
912142,0.822178
912143,0.8493471
912144,0.87721866
912145,0.8785979
912146,0.8397173
912147,0.841296
912148,0.8918616
912149,0.87891185
912150,0.89282864
912151,0.8939994
912152,0.8558117
912153,0.85568875
912154,0.89808714
912155,0.89181376
912156,0.8890658
912157,0.89760214
912158,0.89504814
912159,0.89316565
912160,0.89788306
912161,0.8910278
912162,0.89870656
912163,0.88733363
912164,0.8959364
912165,0.86516976
912166,0.8851437
912167,0.88652974
912168,0.89283246
912169,0.8757469
912170,0.87348557
912171,0.8435871
912172,0.84335285
912173,0.7908147
912174,0.8405804
912175,0.636432
912176,0.0157187
912177,0.042482305
912178,0.04522547
912179,0.04077543
912180,0.047188092
912181,0.04159823
912182,0.042253774
912183,0.04370737
912184,0.03700988
912185,0.022164403
912186,0.039324187
912187,0.061526544
912188,0.04825111
912189,0.04586239
912190,0.15701945
912191,0.15646638
912192,0.15253143
912193,0.149732
912194,0.15121076
912195,0.014676138
912196,0.060589686
912197,0.037168983
912198,0.04169798
912199,0.043288644
912200,0.03851677
912201,0.059601452
912202,0.03308906
912203,0.13732369
912204,0.051601853
912205,0.07310902
912206,0.07039277
912207,0.07800426
912208,0.059149016
912209,0.060310557
912210,0.06218328
912211,0.04718283
912212,0.105600975
912213,0.16847517
912214,0.043152757
912215,0.060090054
912216,0.046988286
912217,0.082580395
912218,0.1024307
912219,0.052764762
912220,0.06627774
912221,0.011417322
912222,0.04165195
912223,0.0339522
912224,0.03183055
912225,0.02861354
912226,0.03048074
912227,0.027755996
912228,0.2804826
912229,0.01089898
912230,0.06730175
912231,0.05262706
912232,0.15968527
912233,0.17050359
912234,0.06726352
912235,0.03160803
912236,0.043798514
912237,0.07231509
912238,0.03615277
912239,0.014511659
912240,0.029996486
912241,0.030880164
912242,0.034565564
912243,0.03334487
912244,0.038919073
912245,0.08827755
912246,0.074950635
912247,0.054045446
912248,0.079362735
912249,0.07017395
912250,0.017528845
912251,0.08038773
912252,0.06001496
912253,0.059913084
912254,0.059136648
912255,0.09226109
912256,0.06715111
912257,0.23284112
912258,0.28440854
912259,0.2474255
912260,0.34198627
912261,0.35422727
912262,0.042316128
912263,0.09870967
912264,0.22902548
912265,0.252266
912266,0.2364388
912267,0.4089598
912268,0.24187589
912269,0.4123659
912270,0.4754484
912271,0.1668503
912272,0.023236098
912273,0.049489595
912274,0.052796125
912275,0.044849742
912276,0.04669292
912277,0.055426687
912278,0.073849425
912279,0.10105905
912280,0.09261895
912281,0.5553849
912282,0.6323231
912283,0.7680947
912284,0.8012965
912285,0.7969262
912286,0.819363
912287,0.81790364
912288,0.8212996
912289,0.82497805
912290,0.8464381
912291,0.8432156
912292,0.8577076
912293,0.83688015
912294,0.8294907
912295,0.8384435
912296,0.8356086
912297,0.82293963
912298,0.8024218
912299,0.82970375
912300,0.84065115
912301,0.8380666
912302,0.827912
912303,0.79104275
912304,0.8131388
912305,0.8127038
912306,0.82285804
912307,0.8028631
912308,0.7909758
912309,0.8258107
912310,0.80384636
912311,0.7653511
912312,0.8308798
912313,0.79657143
912314,0.8050646
912315,0.70396495
912316,0.70787567
912317,0.7301873
912318,0.76303285
912319,0.7392278
912320,0.72274697
912321,0.7274094
912322,0.72274697
912323,0.73104435
912324,0.6046946
912325,0.03361226
912326,0.078138374
912327,0.03382825
912328,0.10065794
912329,0.111222416
912330,0.24486278
912331,0.20588587
912332,0.12611493
912333,0.12956621
912334,0.0913667
912335,0.2311476
912336,0.22386949
912337,0.0861881
912338,0.104570866
912339,0.11983065
912340,0.22390567
912341,0.10887425
912342,0.16128592
912343,0.12586494
912344,0.23783031
912345,0.19795544
912346,0.22638282
912347,0.19782786
912348,0.21179096
912349,0.1741861
912350,0.21735992
912351,0.17464362
912352,0.14871052
912353,0.0104821995
912354,0.06218477
912355,0.104826495
912356,0.13319778
912357,0.14376435
912358,0.13451232
912359,0.14977278
912360,0.14671555
912361,0.12494882
912362,0.027674029
912363,0.1299791
912364,0.14882773
912365,0.13746879
912366,0.22369583
912367,0.14994273
912368,0.13489321
912369,0.23586711
912370,0.15794086
912371,0.15112026
912372,0.20064738
912373,0.12541196
912374,0.14777571
912375,0.021007255
912376,0.10153014
912377,0.09878201
912378,0.12633383
912379,0.032050654
912380,0.18199746
912381,0.14569081
912382,0.15514167
912383,0.15205967
912384,0.15815976
912385,0.16114806
912386,0.26175106
912387,0.5261075
912388,0.5001626
912389,0.47866893
912390,0.63537216
912391,0.6515219
912392,0.6457658
912393,0.7583081
912394,0.5938751
912395,0.6570694
912396,0.66281337
912397,0.6740663
912398,0.6987855
912399,0.68401
912400,0.7120519
912401,0.69231504
912402,0.70311725
912403,0.53110874
912404,0.71199304
912405,0.7518055
912406,0.6948341
912407,0.6793481
912408,0.72021437
912409,0.6911382
912410,0.6529481
912411,0.54898334
912412,0.35455823
912413,0.04964795
912414,0.27490643
912415,0.19361903
912416,0.23016721
912417,0.16987383
912418,0.16808054
912419,0.28690493
912420,0.23898526
912421,0.20765193
912422,0.14435688
912423,0.26035511
912424,0.26504344
912425,0.22733289
912426,0.020027192
912427,0.04510159
912428,0.061496306
912429,0.063017756
912430,0.045975056
912431,0.1155386
912432,0.086003214
912433,0.058279004
912434,0.05871723
912435,0.05613731
912436,0.015179023
912437,0.055476937
912438,0.055533018
912439,0.06286993
912440,0.08737843
912441,0.49119398
912442,0.60149014
912443,0.68284976
912444,0.6831998
912445,0.78915554
912446,0.6717343
912447,0.6734773
912448,0.67570156
912449,0.66834414
912450,0.7375522
912451,0.7135369
912452,0.7177973
912453,0.7628421
912454,0.73307127
912455,0.7004353
912456,0.7120242
912457,0.75439805
912458,0.5234387
912459,0.3828522
912460,0.29183742
912461,0.2854951
912462,0.27442047
912463,0.27702558
912464,0.35171977
912465,0.20608355
912466,0.08276471
912467,0.0856076
912468,0.061234463
912469,0.13754497
912470,0.1205344
912471,0.10915825
912472,0.09538962
912473,0.0757009
912474,0.045012478
912475,0.015559746
912476,0.03954912
912477,0.040685546
912478,0.05004358
912479,0.03775043
912480,0.03540491
912481,0.015471272
912482,0.114639975
912483,0.105525926
912484,0.10783539
912485,0.065574616
912486,0.078782454
912487,0.06790337
912488,0.09757413
912489,0.10193395
912490,0.096636355
912491,0.079702444
912492,0.061446037
912493,0.0123097
912494,0.055183657
912495,0.05692428
912496,0.07916512
912497,0.2241064
912498,0.32916334
912499,0.19185972
912500,0.158211
912501,0.11660573
912502,0.102350436
912503,0.11479533
912504,0.13943869
912505,0.30875555
912506,0.083665706
912507,0.09652594
912508,0.034908004
912509,0.024908587
912510,0.108356506
912511,0.06830205
912512,0.11269306
912513,0.05961419
912514,0.30454692
912515,0.25454223
912516,0.33888748
912517,0.34480712
912518,0.421547
912519,0.36836916
912520,0.25356203
912521,0.046416655
912522,0.07890121
912523,0.08838422
912524,0.07281936
912525,0.013031181
912526,0.22232805
912527,0.21595496
912528,0.15519206
912529,0.15023865
912530,0.18605508
912531,0.06415105
912532,0.14467132
912533,0.0916092
912534,0.08222513
912535,0.08077283
912536,0.099317275
912537,0.07371522
912538,0.06823092
912539,0.013167538
912540,0.026381772
912541,0.02591287
912542,0.026454985
912543,0.027422298
912544,0.02596013
912545,0.033468086
912546,0.039187573
912547,0.025449112
912548,0.011418339
912549,0.049975332
912550,0.060884994
912551,0.17939371
912552,0.056769688
912553,0.063177206
912554,0.28424916
912555,0.06829095
912556,0.063267305
912557,0.06721728
912558,0.07920699
912559,0.055370092
912560,0.014840667
912561,0.034726832
912562,0.03220902
912563,0.04719537
912564,0.04677164
912565,0.03686039
912566,0.04054952
912567,0.04258083
912568,0.041306257
912569,0.17056505
912570,0.012718402
912571,0.03550316
912572,0.081492834
912573,0.044210315
912574,0.037384123
912575,0.06874675
912576,0.07270261
912577,0.06184585
912578,0.06467946
912579,0.062977634
912580,0.052877422
912581,0.05671918
912582,0.059089657
912583,0.27390164
912584,0.44786257
912585,0.41404384
912586,0.43164754
912587,0.3984292
912588,0.465199
912589,0.5264583
912590,0.54822874
912591,0.4666078
912592,0.47264722
912593,0.3164141
912594,0.39760205
912595,0.2396829
912596,0.5923578
912597,0.5850106
912598,0.39097166
912599,0.36579448
912600,0.5700442
912601,0.38394302
912602,0.51821077
912603,0.30446017
912604,0.31197444
912605,0.24837613
912606,0.22717491
912607,0.17104603
912608,0.3164896
912609,0.19397989
912610,0.14135009
912611,0.37574983
912612,0.5984519
912613,0.60426956
912614,0.60144323
912615,0.6549893
912616,0.65348774
912617,0.69234073
912618,0.65534145
912619,0.75580466
912620,0.7375438
912621,0.64029527
912622,0.6653141
912623,0.66277814
912624,0.6171062
912625,0.6378849
912626,0.59258753
912627,0.61008215
912628,0.60130656
912629,0.37929282
912630,0.01200972
912631,0.14786173
912632,0.17232476
912633,0.17100531
912634,0.23171864
912635,0.0876063
912636,0.33951062
912637,0.16302237
912638,0.09440265
912639,0.10431165
912640,0.078642905
912641,0.012149585
912642,0.04755392
912643,0.02894841
912644,0.06630399
912645,0.045951433
912646,0.039429516
912647,0.3790057
912648,0.38025984
912649,0.3818249
912650,0.39775738
912651,0.47943792
912652,0.40477565
912653,0.41992044
912654,0.48400426
912655,0.36095932
912656,0.36148307
912657,0.37474826
912658,0.4123022
912659,0.41550818
912660,0.2889396
912661,0.0741035
912662,0.26047492
912663,0.14176244
912664,0.38616538
912665,0.2532288
912666,0.2924524
912667,0.24468565
912668,0.29606923
912669,0.26211783
912670,0.2400726
912671,0.10360622
912672,0.01171923
912673,0.03020304
912674,0.030302415
912675,0.03197216
912676,0.050141048
912677,0.030423164
912678,0.36644533
912679,0.41881126
912680,0.31856474
912681,0.2619388
912682,0.35765576
912683,0.6005488
912684,0.2846927
912685,0.4767584
912686,0.39205778
912687,0.41982496
912688,0.41649708
912689,0.5903187
912690,0.46789414
912691,0.47093263
912692,0.35323054
912693,0.095475525
912694,0.011641934
912695,0.066531345
912696,0.02429101
912697,0.29745594
912698,0.06507055
912699,0.104290895
912700,0.071902275
912701,0.083208054
912702,0.05307002
912703,0.048459534
912704,0.05364924
912705,0.044951435
912706,0.41352117
912707,0.28316897
912708,0.29451448
912709,0.45369905
912710,0.3952822
912711,0.35529804
912712,0.42694172
912713,0.3678816
912714,0.44243476
912715,0.30086258
912716,0.014630428
912717,0.048277017
912718,0.024938015
912719,0.017711768
912720,0.099947825
912721,0.10949577
912722,0.12096674
912723,0.11469257
912724,0.0652838
912725,0.119718336
912726,0.15579979
912727,0.21774453
912728,0.21202956
912729,0.2528277
912730,0.0786261
912731,0.14225413
912732,0.0120112095
912733,0.044815082
912734,0.093218
912735,0.069270395
912736,0.015587758
912737,0.08247018
912738,0.072093084
912739,0.11082893
912740,0.09017993
912741,0.08939568
912742,0.29703605
912743,0.16225755
912744,0.115346976
912745,0.14938316
912746,0.14589423
912747,0.12156036
912748,0.13291027
912749,0.0921562
912750,0.12695867
912751,0.109502375
912752,0.017915616
912753,0.11433834
912754,0.13588695
912755,0.187306
912756,0.16977641
912757,0.16485366
912758,0.15387905
912759,0.045065656
912760,0.11689868
912761,0.087134086
912762,0.11071026
912763,0.07883211
912764,0.0948835
912765,0.10088107
912766,0.118074
912767,0.12648597
912768,0.083897606
912769,0.10262885
912770,0.02033335
912771,0.10193862
912772,0.121635936
912773,0.12726049
912774,0.09228138
912775,0.11619585
912776,0.10916337
912777,0.12554975
912778,0.26701173
912779,0.08338507
912780,0.4889411
912781,0.58501476
912782,0.5879378
912783,0.64311856
912784,0.6366576
912785,0.5844772
912786,0.62513644
912787,0.59886676
912788,0.5991153
912789,0.6181343
912790,0.5867019
912791,0.6033408
912792,0.569478
912793,0.44294623
912794,0.59693724
912795,0.592167
912796,0.31684527
912797,0.20592292
912798,0.22132428
912799,0.20607525
912800,0.17000821
912801,0.14341879
912802,0.14281547
912803,0.085795425
912804,0.03206013
912805,0.15569536
912806,0.17552237
912807,0.36448893
912808,0.17037228
912809,0.20216367
912810,0.2111331
912811,0.27806357
912812,0.17384781
912813,0.021353716
912814,0.053587332
912815,0.05198965
912816,0.08245548
912817,0.05091815
912818,0.075394884
912819,0.085205376
912820,0.069855675
912821,0.085463725
912822,0.1094274
912823,0.11105692
912824,0.10816094
912825,0.040938523
912826,0.21672066
912827,0.13258706
912828,0.16754729
912829,0.15155865
912830,0.009697347
912831,0.02532967
912832,0.028044514
912833,0.025379295
912834,0.027979743
912835,0.025076682
912836,0.3769618
912837,0.33946043
912838,0.37244627
912839,0.5506111
912840,0.42341566
912841,0.35156298
912842,0.118769765
912843,0.23504633
912844,0.24395286
912845,0.16775239
912846,0.24686357
912847,0.14241783
912848,0.1843312
912849,0.29733136
912850,0.26411822
912851,0.27643904
912852,0.019488018
912853,0.037822545
912854,0.042950153
912855,0.042104647
912856,0.050811253
912857,0.038774986
912858,0.12793788
912859,0.08883413
912860,0.43517387
912861,0.6570396
912862,0.52382946
912863,0.7085594
912864,0.7350223
912865,0.49447453
912866,0.4594128
912867,0.697184
912868,0.74051654
912869,0.7081172
912870,0.5588358
912871,0.43532968
912872,0.35361776
912873,0.04568483
912874,0.041540686
912875,0.043413837
912876,0.031385098
912877,0.0843825
912878,0.11320527
912879,0.16740943
912880,0.15728973
912881,0.13551122
912882,0.23355801
912883,0.54341465
912884,0.54177284
912885,0.49349543
912886,0.5273724
912887,0.5338716
912888,0.54292035
912889,0.42444685
912890,0.20476696
912891,0.5155568
912892,0.6015037
912893,0.61116034
912894,0.60281724
912895,0.3784247
912896,0.51532495
912897,0.55540705
912898,0.52124757
912899,0.5433717
912900,0.5097302
912901,0.48129982
912902,0.2806661
912903,0.030154308
912904,0.30592132
912905,0.34884822
912906,0.32065552
912907,0.28197712
912908,0.27972078
912909,0.23194669
912910,0.13735078
912911,0.123149164
912912,0.2623103
912913,0.31909236
912914,0.3398543
912915,0.2946297
912916,0.22386312
912917,0.047346737
912918,0.30020854
912919,0.029543184
912920,0.13675378
912921,0.20591111
912922,0.18159696
912923,0.15611786
912924,0.13625817
912925,0.18536183
912926,0.25691846
912927,0.02873048
912928,0.106254645
912929,0.10078384
912930,0.07854859
912931,0.10264817
912932,0.0547673
912933,0.025118742
912934,0.14558133
912935,0.29707074
912936,0.29256552
912937,0.31622815
912938,0.29873705
912939,0.2573001
912940,0.22599682
912941,0.5330779
912942,0.41626215
912943,0.5051682
912944,0.51869315
912945,0.5242952
912946,0.44731092
912947,0.48773155
912948,0.4870885
912949,0.3022179
912950,0.20969863
912951,0.14253391
912952,0.16352034
912953,0.01985463
912954,0.06851284
912955,0.07223316
912956,0.067756355
912957,0.07345892
912958,0.097362764
912959,0.07137949
912960,0.054401647
912961,0.029894022
912962,0.1637473
912963,0.20730007
912964,0.16757907
912965,0.11290881
912966,0.100304164
912967,0.012221999
912968,0.05217242
912969,0.063905604
912970,0.049163252
912971,0.04832809
912972,0.048928626
912973,0.045216497
912974,0.15412717
912975,0.016158048
912976,0.12318302
912977,0.09856202
912978,0.23847407
912979,0.13956659
912980,0.2025898
912981,0.28869838
912982,0.38670167
912983,0.116321474
912984,0.10584194
912985,0.16931535
912986,0.09655213
912987,0.10714899
912988,0.069227554
912989,0.074069954
912990,0.017910441
912991,0.047279935
912992,0.07593602
912993,0.08451881
912994,0.063950345
912995,0.062221654
912996,0.06809718
912997,0.057506252
912998,0.05915594
912999,0.04712269
913000,0.023557326
913001,0.20896268
913002,0.20432821
913003,0.29287073
913004,0.26312488
913005,0.1880406
913006,0.44702923
913007,0.3896096
913008,0.2956
913009,0.22269905
913010,0.18190953
913011,0.26640195
913012,0.23409685
913013,0.31092456
913014,0.016302463
913015,0.031173136
913016,0.043290295
913017,0.030131599
913018,0.035269074
913019,0.026291568
913020,0.24904463
913021,0.19274423
913022,0.2263954
913023,0.16836219
913024,0.16477041
913025,0.16650838
913026,0.09650614
913027,0.019567655
913028,0.08862749
913029,0.07208815
913030,0.053464334
913031,0.04478986
913032,0.05356376
913033,0.09504309
913034,0.091979265
913035,0.13962056
913036,0.097197756
913037,0.019136256
913038,0.038441464
913039,0.039063744
913040,0.04264251
913041,0.040019266
913042,0.03760225
913043,0.013753635
913044,0.08064478
913045,0.095260166
913046,0.08422815
913047,0.08845223
913048,0.020045774
913049,0.066986606
913050,0.1294874
913051,0.038406346
913052,0.21281193
913053,0.18973169
913054,0.17693195
913055,0.1219248
913056,0.08380231
913057,0.033911534
913058,0.22822762
913059,0.1986263
913060,0.33447897
913061,0.31909305
913062,0.3248986
913063,0.34962624
913064,0.21282148
913065,0.47804382
913066,0.3780997
913067,0.1945697
913068,0.02543216
913069,0.032949775
913070,0.037357546
913071,0.04145582
913072,0.037350316
913073,0.04001543
913074,0.036893077
913075,0.034965236
913076,0.036451012
913077,0.0094512105
913078,0.028162846
913079,0.029734248
913080,0.030870818
913081,0.032987714
913082,0.032574926
913083,0.03405701
913084,0.019436289
913085,0.028617369
913086,0.031648032
913087,0.03660339
913088,0.028423088
913089,0.028221432
913090,0.033109944
913091,0.018781597
913092,0.030597748
913093,0.03719981
913094,0.03699206
913095,0.035114266
913096,0.06296191
913097,0.08199885
913098,0.063228704
913099,0.42213947
913100,0.4760609
913101,0.58525276
913102,0.67485195
913103,0.75892043
913104,0.7567371
913105,0.7708699
913106,0.781801
913107,0.7424402
913108,0.6787837
913109,0.6925897
913110,0.6851924
913111,0.67030644
913112,0.7616888
913113,0.78641665
913114,0.7035455
913115,0.6794421
913116,0.70055586
913117,0.73537326
913118,0.6998388
913119,0.7010154
913120,0.6495678
913121,0.37681496
913122,0.084229626
913123,0.35954484
913124,0.37521318
913125,0.4358567
913126,0.3519796
913127,0.56208426
913128,0.48447314
913129,0.44354075
913130,0.38646838
913131,0.34041795
913132,0.20492275
913133,0.27580902
913134,0.2876973
913135,0.34605554
913136,0.36300352
913137,0.22029483
913138,0.016663775
913139,0.05148869
913140,0.056576595
913141,0.054416034
913142,0.05193568
913143,0.04687358
913144,0.22028165
913145,0.23256823
913146,0.20392057
913147,0.20982817
913148,0.20402895
913149,0.26926863
913150,0.2545453
913151,0.051247604
913152,0.14273417
913153,0.16393295
913154,0.1360628
913155,0.3198
913156,0.23778458
913157,0.23824607
913158,0.21907942
913159,0.22109713
913160,0.22329721
913161,0.13973445
913162,0.028632557
913163,0.09308906
913164,0.1181411
913165,0.1294783
913166,0.08041683
913167,0.077856176
913168,0.092578106
913169,0.022720648
913170,0.22882417
913171,0.19098939
913172,0.2635476
913173,0.3108117
913174,0.24312678
913175,0.31109703
913176,0.26380518
913177,0.22327614
913178,0.03948898
913179,0.09517031
913180,0.04781851
913181,0.054630212
913182,0.05889437
913183,0.09486148
913184,0.12507862
913185,0.12172286
913186,0.08800931
913187,0.06347477
913188,0.06613223
913189,0.228122
913190,0.21359713
913191,0.18691202
913192,0.1659473
913193,0.021607442
913194,0.037070412
913195,0.031404816
913196,0.03006394
913197,0.018379645
913198,0.1285902
913199,0.097365625
913200,0.1298147
913201,0.11975842
913202,0.10911893
913203,0.023289407
913204,0.052804388
913205,0.05648555
913206,0.05628282
913207,0.042384326
913208,0.035173945
913209,0.03607959
913210,0.041955307
913211,0.020345664
913212,0.04347236
913213,0.04509924
913214,0.056571137
913215,0.03938752
913216,0.0629955
913217,0.05429958
913218,0.0471948
913219,0.027685776
913220,0.14465787
913221,0.0364812
913222,0.07152895
913223,0.056181516
913224,0.0747397
913225,0.070997916
913226,0.07063318
913227,0.08588963
913228,0.35934496
913229,0.37919554
913230,0.48590425
913231,0.34497574
913232,0.32727483
913233,0.37977463
913234,0.024188993
913235,0.076487765
913236,0.096694365
913237,0.12736858
913238,0.20433335
913239,0.087949105
913240,0.076378144
913241,0.48004302
913242,0.5118769
913243,0.6409373
913244,0.6949998
913245,0.61985314
913246,0.6720657
913247,0.52463853
913248,0.6113169
913249,0.69111335
913250,0.7021008
913251,0.6386173
913252,0.62351215
913253,0.5821026
913254,0.49790466
913255,0.48410252
913256,0.5602714
913257,0.3181382
913258,0.052134775
913259,0.45298558
913260,0.58133143
913261,0.61351293
913262,0.59757507
913263,0.669998
913264,0.66699034
913265,0.7037003
913266,0.72077
913267,0.6760684
913268,0.662184
913269,0.66994756
913270,0.61408997
913271,0.71741205
913272,0.6378578
913273,0.6766242
913274,0.70239264
913275,0.616265
913276,0.51694787
913277,0.6001263
913278,0.66172254
913279,0.79896253
913280,0.7478444
913281,0.48795056
913282,0.5820854
913283,0.43793774
913284,0.051295396
913285,0.052465122
913286,0.059909023
913287,0.11273164
913288,0.11388619
913289,0.11577459
913290,0.10954613
913291,0.1053318
913292,0.09989452
913293,0.09475207
913294,0.08035805
913295,0.07132389
913296,0.41960576
913297,0.25063434
913298,0.3325668
913299,0.4105953
913300,0.46558517
913301,0.33564967
913302,0.291683
913303,0.031625967
913304,0.075688444
913305,0.064940766
913306,0.06524356
913307,0.07957899
913308,0.07556084
913309,0.045817863
913310,0.046387877
913311,0.344455
913312,0.07883984
913313,0.36769253
913314,0.4123363
913315,0.48561272
913316,0.42424893
913317,0.3160001
913318,0.4110716
913319,0.31654245
913320,0.37651953
913321,0.2674809
913322,0.241759
913323,0.25845176
913324,0.27547973
913325,0.021289194
913326,0.23140562
913327,0.23329109
913328,0.21071932
913329,0.19245416
913330,0.18121584
913331,0.18801935
913332,0.2048729
913333,0.37039852
913334,0.1810503
913335,0.19380146
913336,0.2553307
913337,0.1467237
913338,0.17862377
913339,0.14424957
913340,0.17500855
913341,0.21582617
913342,0.17274375
913343,0.12211012
913344,0.01581842
913345,0.09056561
913346,0.09973585
913347,0.08156895
913348,0.0821368
913349,0.12942818
913350,0.113777965
913351,0.17362686
913352,0.18037866
913353,0.16736236
913354,0.16304779
913355,0.17947643
913356,0.16928568
913357,0.03442226
913358,0.30908766
913359,0.45259848
913360,0.5079758
913361,0.67935926
913362,0.6806683
913363,0.59751004
913364,0.5802006
913365,0.49360293
913366,0.6069283
913367,0.5772392
913368,0.6641509
913369,0.6607611
913370,0.6426934
913371,0.56977004
913372,0.70886636
913373,0.6412943
913374,0.57687634
913375,0.56042916
913376,0.33140898
913377,0.023309253
913378,0.06670092
913379,0.07600422
913380,0.061489087
913381,0.059916902
913382,0.062382575
913383,0.06851719
913384,0.012358866
913385,0.040455144
913386,0.044110533
913387,0.038137812
913388,0.078695066
913389,0.094504975
913390,0.032089338
913391,0.030338705
913392,0.01878614
913393,0.033098526
913394,0.031932298
913395,0.026102714
913396,0.022986906
913397,0.027007861
913398,0.026673216
913399,0.18727721
913400,0.14453475
913401,0.18953945
913402,0.014865926
913403,0.04608105
913404,0.062750466
913405,0.031131051
913406,0.039514765
913407,0.046699055
913408,0.06323547
913409,0.049753245
913410,0.03672482
913411,0.044372816
913412,0.10211269
913413,0.0925309
913414,0.11922893
913415,0.09581181
913416,0.114115156
913417,0.08928562
913418,0.101069316
913419,0.10473621
913420,0.13189268
913421,0.118069164
913422,0.05761429
913423,0.35655746
913424,0.4670349
913425,0.43421975
913426,0.5461069
913427,0.48843983
913428,0.5233429
913429,0.5455053
913430,0.50755316
913431,0.46706593
913432,0.36120453
913433,0.46639276
913434,0.5853845
913435,0.46643537
913436,0.48709166
913437,0.29752645
913438,0.024895515
913439,0.085721895
913440,0.053958274
913441,0.063953646
913442,0.07013835
913443,0.070647486
913444,0.09152916
913445,0.019508237
913446,0.121054776
913447,0.118455775
913448,0.123875044
913449,0.1428029
913450,0.1444322
913451,0.10943896
913452,0.14426185
913453,0.07709802
913454,0.14581369
913455,0.15377624
913456,0.11877295
913457,0.1318165
913458,0.18555453
913459,0.17352226
913460,0.13909402
913461,0.041179247
913462,0.2714092
913463,0.32507908
913464,0.6389623
913465,0.6263387
913466,0.64143026
913467,0.6774396
913468,0.63094026
913469,0.6884158
913470,0.6856431
913471,0.6942589
913472,0.70711195
913473,0.67509055
913474,0.7221866
913475,0.6704542
913476,0.6225499
913477,0.6209748
913478,0.67559445
913479,0.64913934
913480,0.60845035
913481,0.35460487
913482,0.027456542
913483,0.069853164
913484,0.07233124
913485,0.070980884
913486,0.07532977
913487,0.06468644
913488,0.015891463
913489,0.045629293
913490,0.040043537
913491,0.040498853
913492,0.034945402
913493,0.2970926
913494,0.01950352
913495,0.047520604
913496,0.042426355
913497,0.043009255
913498,0.06182672
913499,0.24639574
913500,0.13037613
913501,0.029674266
913502,0.06597127
913503,0.0477607
913504,0.030234614
913505,0.03843991
913506,0.078090765
913507,0.035900313
913508,0.03728498
913509,0.010640547
913510,0.08390059
913511,0.092186935
913512,0.093985185
913513,0.083450414
913514,0.10763799
913515,0.24475607
913516,0.20244855
913517,0.19700637
913518,0.33162922
913519,0.11260895
913520,0.053361934
913521,0.045504753
913522,0.042423174
913523,0.0413123
913524,0.041667532
913525,0.044171944
913526,0.034687437
913527,0.306818
913528,0.30799052
913529,0.28311273
913530,0.29397786
913531,0.25252676
913532,0.25823992
913533,0.049849935
913534,0.03131502
913535,0.05409057
913536,0.060761385
913537,0.051570818
913538,0.049996037
913539,0.067768015
913540,0.041474212
913541,0.036107052
913542,0.39153883
913543,0.5232251
913544,0.3439616
913545,0.3502158
913546,0.025869595
913547,0.41568682
913548,0.41786078
913549,0.34115535
913550,0.46913475
913551,0.50282836
913552,0.4899498
913553,0.538618
913554,0.43505257
913555,0.53478706
913556,0.46231338
913557,0.38609034
913558,0.2842431
913559,0.018069306
913560,0.12248564
913561,0.09510403
913562,0.094882995
913563,0.1314454
913564,0.04341611
913565,0.16519558
913566,0.33631274
913567,0.38248792
913568,0.25614128
913569,0.21086246
913570,0.26713535
913571,0.23831315
913572,0.23815182
913573,0.21890427
913574,0.23622163
913575,0.21909706
913576,0.15406202
913577,0.27078155
913578,0.18834996
913579,0.12189255
913580,0.1401609
913581,0.14055277
913582,0.16489877
913583,0.17256565
913584,0.14833494
913585,0.12999897
913586,0.21367663
913587,0.13478443
913588,0.1081222
913589,0.1133272
913590,0.024119124
913591,0.1827816
913592,0.119621255
913593,0.15688163
913594,0.25162247
913595,0.19900656
913596,0.17971979
913597,0.15639324
913598,0.17332435
913599,0.16712855
913600,0.08632691
913601,0.0128471255
913602,0.07914448
913603,0.10371837
913604,0.113622114
913605,0.46495023
913606,0.3790154
913607,0.16371033
913608,0.35370788
913609,0.43334028
913610,0.4969389
913611,0.5922654
913612,0.50992244
913613,0.6117299
913614,0.6142925
913615,0.5843963
913616,0.5943321
913617,0.5353442
913618,0.58817273
913619,0.57366747
913620,0.6188524
913621,0.58464044
913622,0.564712
913623,0.57794213
913624,0.6025635
913625,0.3250893
913626,0.13350292
913627,0.14125529
913628,0.1716315
913629,0.19769305
913630,0.035981055
913631,0.46272865
913632,0.6072005
913633,0.57087195
913634,0.6222804
913635,0.5287842
913636,0.5033448
913637,0.60566074
913638,0.5099776
913639,0.5186858
913640,0.5052778
913641,0.54975796
913642,0.41188008
913643,0.2967473
913644,0.4262077
913645,0.33571014
913646,0.42115155
913647,0.37600613
913648,0.54397625
913649,0.55508727
913650,0.54234564
913651,0.5315927
913652,0.5274156
913653,0.47699562
913654,0.48773983
913655,0.45312083
913656,0.35867533
913657,0.04236536
913658,0.09203838
913659,0.08401916
913660,0.07385224
913661,0.42881766
913662,0.5170005
913663,0.56310064
913664,0.6157948
913665,0.58515954
913666,0.63345826
913667,0.6179113
913668,0.59984326
913669,0.5550828
913670,0.54432595
913671,0.5563581
913672,0.7044388
913673,0.57116693
913674,0.5470736
913675,0.5097611
913676,0.60161865
913677,0.5017165
913678,0.58907723
913679,0.6153086
913680,0.5881113
913681,0.60793805
913682,0.58061135
913683,0.5329619
913684,0.3806199
913685,0.021959266
913686,0.07521288
913687,0.080092594
913688,0.079445735
913689,0.08207016
913690,0.081209235
913691,0.06379489
913692,0.049789216
913693,0.104194544
913694,0.47918847
913695,0.47739983
913696,0.47097608
913697,0.41780648
913698,0.5138718
913699,0.5064158
913700,0.37102857
913701,0.51869774
913702,0.41200852
913703,0.46878156
913704,0.48854926
913705,0.35341376
913706,0.01417929
913707,0.111694
913708,0.16028342
913709,0.21514276
913710,0.108383335
913711,0.04866752
913712,0.028090933
913713,0.007999357
913714,0.012767534
913715,0.01580381
913716,0.01684853
913717,0.017104147
913718,0.0135228075
913719,0.20237051
913720,0.39976442
913721,0.2441079
913722,0.20647277
913723,0.31933957
913724,0.011789976
913725,0.018488716
913726,0.01615063
913727,0.02994045
913728,0.01726862
913729,0.018389886
913730,0.017082348
913731,0.017300654
913732,0.0061553866
913733,0.014107742
913734,0.012735796
913735,0.018491378
913736,0.013496231
913737,0.017951157
913738,0.012848081
913739,0.23022732
913740,0.35961747
913741,0.27184287
913742,0.26025552
913743,0.00971921
913744,0.28024495
913745,0.07234835
913746,0.07183834
913747,0.076875076
913748,0.06146053
913749,0.072005324
913750,0.055456586
913751,0.059700444
913752,0.06015206
913753,0.048412655
913754,0.048560128
913755,0.015690934
913756,0.040743064
913757,0.04109026
913758,0.045379873
913759,0.07719913
913760,0.037633996
913761,0.03856104
913762,0.067767255
913763,0.027835824
913764,0.20196803
913765,0.20033602
913766,0.09517524
913767,0.13138294
913768,0.11257594
913769,0.08105879
913770,0.10058868
913771,0.12408023
913772,0.13137688
913773,0.9877537
913774,0.08750222
913775,0.27695876
913776,0.14108628
913777,0.18688636
913778,0.21300004
913779,0.19391699
913780,0.1875558
913781,0.13221185
913782,0.029260311
913783,0.25080544
913784,0.2746365
913785,0.19694151
913786,0.11886022
913787,0.2988351
913788,0.9848164
913789,0.19428027
913790,0.34095553
913791,0.3995346
913792,0.31034577
913793,0.30344638
913794,0.27434254
913795,0.27217406
913796,0.2933641
913797,0.31081334
913798,0.35039085
913799,0.25801185
913800,0.05100184
913801,0.028991288
913802,0.08066212
913803,0.101709515
913804,0.09213492
913805,0.0763295
913806,0.057169203
913807,0.05752719
913808,0.03198867
913809,0.05205406
913810,0.054422367
913811,0.05149533
913812,0.06251862
913813,0.05169557
913814,0.032051977
913815,0.057714235
913816,0.069055915
913817,0.06752172
913818,0.059716854
913819,0.06097581
913820,0.06200389
913821,0.22719403
913822,0.03910575
913823,0.136026
913824,0.15194802
913825,0.1792417
913826,0.13844007
913827,0.10654659
913828,0.025938334
913829,0.123751655
913830,0.10566894
913831,0.11400403
913832,0.12485848
913833,0.16400656
913834,0.1649079
913835,0.11183475
913836,0.11932809
913837,0.23935378
913838,0.22755788
913839,0.21676682
913840,0.20626849
913841,0.20497431
913842,0.3067276
913843,0.3098075
913844,0.31188932
913845,0.27951676
913846,0.3271037
913847,0.20989943
913848,0.15220448
913849,0.14511463
913850,0.112113856
913851,0.11387094
913852,0.1257526
913853,0.10783085
913854,0.01536524
913855,0.06333276
913856,0.101022735
913857,0.061031308
913858,0.06367508
913859,0.06673816
913860,0.065296434
913861,0.060871895
913862,0.053998437
913863,0.03676971
913864,0.08727522
913865,0.09517973
913866,0.06918335
913867,0.0874633
913868,0.053724516
913869,0.060923666
913870,0.06731881
913871,0.32152098
913872,0.16029218
913873,0.01733109
913874,0.0771511
913875,0.053510565
913876,0.08442108
913877,0.063699566
913878,0.068334684
913879,0.065848
913880,0.11346363
913881,0.11021599
913882,0.030585088
913883,0.016463611
913884,0.03773927
913885,0.038404204
913886,0.033902716
913887,0.029603768
913888,0.03539448
913889,0.045048185
913890,0.034296595
913891,0.26639307
913892,0.01646287
913893,0.065916084
913894,0.06445823
913895,0.056275852
913896,0.0644405
913897,0.06653347
913898,0.18525352
913899,0.1520533
913900,0.14351438
913901,0.09151764
913902,0.0856481
913903,0.08623664
913904,0.08813856
913905,0.18777087
913906,0.098335214
913907,0.06756282
913908,0.017081603
913909,0.11250444
913910,0.08271521
913911,0.056856513
913912,0.067168795
913913,0.073895454
913914,0.15169628
913915,0.029003229
913916,0.05541951
913917,0.050901055
913918,0.067265615
913919,0.046097055
913920,0.23747326
913921,0.26439494
913922,0.2993617
913923,0.2842411
913924,0.33118877
913925,0.3588791
913926,0.34168118
913927,0.35227147
913928,0.29370955
913929,0.015057749
913930,0.044235498
913931,0.06173672
913932,0.063863486
913933,0.9952361
913934,0.03911508
913935,0.030167563
913936,0.05121605
913937,0.057098772
913938,0.0316089
913939,0.03769865
913940,0.043572344
913941,0.34011278
913942,0.32062396
913943,0.42327762
913944,0.39137584
913945,0.33236897
913946,0.04140241
913947,0.048729528
913948,0.04634796
913949,0.043636147
913950,0.98606503
913951,0.024802867
913952,0.025855184
913953,0.03749268
913954,0.057871934
913955,0.031536803
913956,0.025220294
913957,0.024599794
913958,0.024649695
913959,0.031744044
913960,0.029815309
913961,0.050459802
913962,0.5059188
913963,0.5705649
913964,0.66857344
913965,0.6920482
913966,0.6754846
913967,0.5545974
913968,0.6684383
913969,0.619319
913970,0.6666796
913971,0.47690332
913972,0.61244124
913973,0.48491496
913974,0.48086748
913975,0.50348943
913976,0.5297307
913977,0.53986716
913978,0.46582872
913979,0.60128754
913980,0.6200412
913981,0.5508635
913982,0.55900294
913983,0.32745436
913984,0.024778916
913985,0.054397445
913986,0.057997152
913987,0.060053993
913988,0.0581671
913989,0.01793703
913990,0.091605864
913991,0.07453743
913992,0.069010645
913993,0.06545176
913994,0.06535645
913995,0.062120903
913996,0.068302
913997,0.07563485
913998,0.23841248
913999,0.29815885
914000,0.030772
914001,0.5028252
914002,0.38437077
914003,0.2687032
914004,0.51688325
914005,0.3687375
914006,0.49831733
914007,0.33484772
914008,0.42987344
914009,0.44286898
914010,0.5789903
914011,0.29689613
914012,0.4306978
914013,0.24978091
914014,0.4509406
914015,0.28839013
914016,0.059642516
914017,0.33307186
914018,0.2127427
914019,0.21413986
914020,0.11691977
914021,0.11183426
914022,0.09820685
914023,0.1009813
914024,0.103514336
914025,0.0822718
914026,0.01417823
914027,0.031435966
914028,0.034461696
914029,0.031465873
914030,0.036445577
914031,0.033198077
914032,0.025145179
914033,0.09924809
914034,0.0562895
914035,0.057188507
914036,0.023738818
914037,0.044410158
914038,0.06541738
914039,0.015522894
914040,0.047027566
914041,0.042742074
914042,0.048471145
914043,0.04769278
914044,0.04525788
914045,0.04298106
914046,0.040123798
914047,0.03791382
914048,0.011838564
914049,0.07538809
914050,0.07693648
914051,0.08273984
914052,0.06745797
914053,0.06758106
914054,0.13037704
914055,0.12684684
914056,0.23674393
914057,0.21308622
914058,0.23565629
914059,0.19587934
914060,0.18796843
914061,0.16331062
914062,0.15823585
914063,0.032250337
914064,0.084674515
914065,0.09991849
914066,0.116734445
914067,0.11948871
914068,0.06633907
914069,0.1227507
914070,0.29865015
914071,0.2831018
914072,0.29790455
914073,0.3506338
914074,0.16608685
914075,0.25941598
914076,0.22966807
914077,0.2656517
914078,0.23967025
914079,0.16235286
914080,0.043583293
914081,0.5741943
914082,0.3528367
914083,0.38435093
914084,0.37255222
914085,0.37889805
914086,0.3659598
914087,0.36430442
914088,0.36871478
914089,0.033119563
914090,0.23018874
914091,0.22133169
914092,0.21654114
914093,0.22754909
914094,0.25528857
914095,0.20418079
914096,0.25408256
914097,0.3038181
914098,0.19948815
914099,0.22532925
914100,0.26363662
914101,0.26966769
914102,0.04878883
914103,0.26183182
914104,0.2641018
914105,0.26084825
914106,0.28161705
914107,0.45222953
914108,0.43209022
914109,0.5276415
914110,0.62816435
914111,0.6872044
914112,0.75815904
914113,0.7118589
914114,0.7081491
914115,0.71725595
914116,0.693919
914117,0.7301719
914118,0.7438217
914119,0.7643107
914120,0.8037853
914121,0.7692889
914122,0.75271267
914123,0.7044347
914124,0.7458278
914125,0.7245549
914126,0.6727235
914127,0.6582036
914128,0.7242628
914129,0.7425547
914130,0.72289145
914131,0.6856859
914132,0.7180191
914133,0.72621155
914134,0.7715183
914135,0.5834271
914136,0.14164004
914137,0.4545523
914138,0.38788348
914139,0.3469371
914140,0.5203962
914141,0.44382694
914142,0.48347098
914143,0.55339813
914144,0.55341625
914145,0.4369171
914146,0.46646065
914147,0.56355804
914148,0.5852069
914149,0.5647101
914150,0.39257902
914151,0.44821945
914152,0.5145125
914153,0.3735548
914154,0.4213138
914155,0.39549512
914156,0.41972974
914157,0.30638734
914158,0.09685243
914159,0.37700403
914160,0.37193048
914161,0.52003366
914162,0.46878356
914163,0.4290097
914164,0.39224288
914165,0.57369494
914166,0.44983655
914167,0.29035202
914168,0.41316825
914169,0.34409624
914170,0.33744812
914171,0.39644516
914172,0.3659051
914173,0.5554342
914174,0.3454631
914175,0.061328977
914176,0.305881
914177,0.2216017
914178,0.33848038
914179,0.30771956
914180,0.18205357
914181,0.23656607
914182,0.23739834
914183,0.28083718
914184,0.28551465
914185,0.17007475
914186,0.26210913
914187,0.20015417
914188,0.047438413
914189,0.10312062
914190,0.38613605
914191,0.47103533
914192,0.464546
914193,0.43465272
914194,0.5117567
914195,0.5558526
914196,0.52344364
914197,0.49147445
914198,0.48537207
914199,0.40628833
914200,0.44389504
914201,0.38952103
914202,0.17540018
914203,0.03872211
914204,0.37196624
914205,0.34164903
914206,0.3875768
914207,0.4620124
914208,0.39373827
914209,0.26711795
914210,0.41325748
914211,0.24364993
914212,0.25572523
914213,0.15208766
914214,0.2634399
914215,0.2000122
914216,0.11942186
914217,0.059768952
914218,0.1354963
914219,0.18629786
914220,0.06902805
914221,0.15373762
914222,0.116068624
914223,0.114670955
914224,0.099213116
914225,0.1626203
914226,0.15666455
914227,0.15684515
914228,0.22684428
914229,0.024179652
914230,0.08741324
914231,0.06418507
914232,0.059970148
914233,0.05896118
914234,0.0648805
914235,0.12845929
914236,0.08602896
914237,0.10697549
914238,0.06781045
914239,0.05540823
914240,0.017652325
914241,0.030769
914242,0.036531635
914243,0.027603386
914244,0.03585151
914245,0.039498735
914246,0.03289951
914247,0.029050287
914248,0.15689915
914249,0.010958854
914250,0.027211094
914251,0.027204014
914252,0.04010385
914253,0.031428106
914254,0.0282328
914255,0.11355705
914256,0.25596043
914257,0.08091066
914258,0.074111804
914259,0.07538646
914260,0.076548666
914261,0.095149755
914262,0.055073317
914263,0.17761959
914264,0.3783683
914265,0.5170058
914266,0.57979447
914267,0.5641808
914268,0.70586646
914269,0.71594703
914270,0.7491819
914271,0.8148067
914272,0.7577496
914273,0.7295258
914274,0.7523285
914275,0.7812
914276,0.76117253
914277,0.75961024
914278,0.47994986
914279,0.5529934
914280,0.5458696
914281,0.53707784
914282,0.51839685
914283,0.74128574
914284,0.6752968
914285,0.6641781
914286,0.67080384
914287,0.48756337
914288,0.19742213
914289,0.26217246
914290,0.33696637
914291,0.30498832
914292,0.29342318
914293,0.02154837
914294,0.077494524
914295,0.09149611
914296,0.075433
914297,0.09261358
914298,0.07547203
914299,0.086810544
914300,0.06766828
914301,0.05382902
914302,0.25738168
914303,0.23912576
914304,0.21611032
914305,0.13265873
914306,0.041309617
914307,0.13403846
914308,0.14343321
914309,0.14236295
914310,0.14231114
914311,0.15610185
914312,0.15183386
914313,0.10399987
914314,0.021327455
914315,0.03943403
914316,0.049036745
914317,0.04733606
914318,0.04260834
914319,0.041475937
914320,0.065014005
914321,0.05619483
914322,0.05680719
914323,0.03226156
914324,0.12800765
914325,0.14186133
914326,0.11087152
914327,0.38354504
914328,0.23692875
914329,0.20416775
914330,0.18803129
914331,0.20735016
914332,0.1315655
914333,0.20349738
914334,0.16437416
914335,0.017243197
914336,0.06452972
914337,0.06650717
914338,0.06560646
914339,0.061191853
914340,0.07465541
914341,0.05879443
914342,0.013003606
914343,0.057094697
914344,0.067124456
914345,0.071544066
914346,0.021065397
914347,0.047371585
914348,0.042926352
914349,0.035792988
914350,0.043196872
914351,0.050763737
914352,0.03913476
914353,0.018507794
914354,0.095383115
914355,0.06946195
914356,0.0831389
914357,0.059942763
914358,0.06238374
914359,0.06944064
914360,0.07833085
914361,0.066528164
914362,0.0141723
914363,0.09548985
914364,0.107651964
914365,0.13821603
914366,0.08584837
914367,0.11167165
914368,0.10348414
914369,0.10139187
914370,0.312938
914371,0.2728153
914372,0.02370059
914373,0.048779737
914374,0.06006993
914375,0.036714222
914376,0.05900918
914377,0.07527413
914378,0.056718234
914379,0.048183538
914380,0.015241656
914381,0.056030713
914382,0.06965503
914383,0.062437456
914384,0.054831736
914385,0.052059785
914386,0.043780614
914387,0.04649556
914388,0.013044828
914389,0.26701412
914390,0.25948304
914391,0.3116896
914392,0.22737628
914393,0.22622219
914394,0.23319149
914395,0.21851711
914396,0.40350178
914397,0.25646907
914398,0.29728907
914399,0.14473566
914400,0.01256004
914401,0.083903216
914402,0.061687537
914403,0.065214016
914404,0.060265426
914405,0.058285788
914406,0.036372837
914407,0.2479042
914408,0.12079239
914409,0.013080987
914410,0.030701807
914411,0.0376758
914412,0.03908737
914413,0.036796547
914414,0.04076436
914415,0.034223665
914416,0.03352161
914417,0.14015016
914418,0.12574585
914419,0.11871295
914420,0.107696876
914421,0.08372489
914422,0.07567509
914423,0.16529267
914424,0.18218951
914425,0.106219076
914426,0.13229933
914427,0.15691239
914428,0.121048406
914429,0.016155843
914430,0.023542862
914431,0.03712946
914432,0.027163856
914433,0.029985605
914434,0.027117075
914435,0.019640148
914436,0.0357555
914437,0.053542417
914438,0.04766328
914439,0.042963218
914440,0.017194452
914441,0.10309017
914442,0.084139794
914443,0.080424584
914444,0.09115403
914445,0.15583928
914446,0.073049575
914447,0.43624955
914448,0.69256127
914449,0.7308442
914450,0.70572436
914451,0.724714
914452,0.74647796
914453,0.7519592
914454,0.75064576
914455,0.6357227
914456,0.70967585
914457,0.738718
914458,0.7013788
914459,0.74010396
914460,0.6579193
914461,0.75320125
914462,0.75804335
914463,0.7148047
914464,0.7507721
914465,0.5459996
914466,0.036814753
914467,0.14667715
914468,0.14230058
914469,0.12548949
914470,0.13879189
914471,0.1578195
914472,0.30549958
914473,0.2397479
914474,0.17839777
914475,0.18294227
914476,0.32696092
914477,0.29842132
914478,0.121739976
914479,0.23987414
914480,0.12534851
914481,0.06856214
914482,0.060716935
914483,0.061022375
914484,0.06342818
914485,0.06670397
914486,0.07527406
914487,0.20332597
914488,0.17085847
914489,0.14962769
914490,0.220654
914491,0.09224608
914492,0.032153707
914493,0.105840765
914494,0.08027848
914495,0.17012505
914496,0.14253005
914497,0.116032735
914498,0.08321098
914499,0.21095392
914500,0.09286632
914501,0.111845694
914502,0.106727935
914503,0.015429506
914504,0.06331068
914505,0.034077242
914506,0.033304486
914507,0.028644117
914508,0.035326947
914509,0.030801052
914510,0.032764383
914511,0.031048775
914512,0.01784044
914513,0.060220778
914514,0.071598776
914515,0.056931198
914516,0.06333218
914517,0.07132695
914518,0.14974746
914519,0.2127295
914520,0.16905646
914521,0.16036093
914522,0.11641312
914523,0.05757568
914524,0.13290456
914525,0.08548093
914526,0.08806082
914527,0.12072631
914528,0.10328802
914529,0.29468694
914530,0.243258
914531,0.2601908
914532,0.2664657
914533,0.2156365
914534,0.3066832
914535,0.19462681
914536,0.1360592
914537,0.14360102
914538,0.30753174
914539,0.2692636
914540,0.103413045
914541,0.029726496
914542,0.20947975
914543,0.2238696
914544,0.2516041
914545,0.28445068
914546,0.28452325
914547,0.30863845
914548,0.28580117
914549,0.27008614
914550,0.032070007
914551,0.17818262
914552,0.10039622
914553,0.1846529
914554,0.27549714
914555,0.2836625
914556,0.12864842
914557,0.38643262
914558,0.5279652
914559,0.44927272
914560,0.38319606
914561,0.52751875
914562,0.53502786
914563,0.4663649
914564,0.39821398
914565,0.2870818
914566,0.23819326
914567,0.24308172
914568,0.25144476
914569,0.02050776
914570,0.18479934
914571,0.13271427
914572,0.11942099
914573,0.03113193
914574,0.26003325
914575,0.36820403
914576,0.37052432
914577,0.25863007
914578,0.3895682
914579,0.3353532
914580,0.2954764
914581,0.34640887
914582,0.2242444
914583,0.08764559
914584,0.08299778
914585,0.17712417
914586,0.028686238
914587,0.02334024
914588,0.03786226
914589,0.022470027
914590,0.03538613
914591,0.04493117
914592,0.04785748
914593,0.19113025
914594,0.16352761
914595,0.35586405
914596,0.13146731
914597,0.108997785
914598,0.23372847
914599,0.11819485
914600,0.086746454
914601,0.008074302
914602,0.021919861
914603,0.018493082
914604,0.016655853
914605,0.012327563
914606,0.018937124
914607,0.01716257
914608,0.019972052
914609,0.056831867
914610,0.05893441
914611,0.044162374
914612,0.04908375
914613,0.071481526
914614,0.051560827
914615,0.011719981
914616,0.08193585
914617,0.08221522
914618,0.06960988
914619,0.105145775
914620,0.01371038
914621,0.020142175
914622,0.01913481
914623,0.014921019
914624,0.03485076
914625,0.25903663
914626,0.2666531
914627,0.19534774
914628,0.041471597
914629,0.033527862
914630,0.033255678
914631,0.032669917
914632,0.028364034
914633,0.008229184
914634,0.020730913
914635,0.014112969
914636,0.017962448
914637,0.019933991
914638,0.041732814
914639,0.015527889
914640,0.077172756
914641,0.008112475
914642,0.036619883
914643,0.03317251
914644,0.03503659
914645,0.040209297
914646,0.11057866
914647,0.09153949
914648,0.043022163
914649,0.103547506
914650,0.10882274
914651,0.10600409
914652,0.13292971
914653,0.111274086
914654,0.104370385
914655,0.22776577
914656,0.3640733
914657,0.6036728
914658,0.5645871
914659,0.7132677
914660,0.6626449
914661,0.6287242
914662,0.6207039
914663,0.68950313
914664,0.6597792
914665,0.7021345
914666,0.6415983
914667,0.67801744
914668,0.57696635
914669,0.5322255
914670,0.016771385
914671,0.11742934
914672,0.13187784
914673,0.15797867
914674,0.12262177
914675,0.23248999
914676,0.44820824
914677,0.4269846
914678,0.50214404
914679,0.45835832
914680,0.5694972
914681,0.4971097
914682,0.5588109
914683,0.55382556
914684,0.51158303
914685,0.5489545
914686,0.526921
914687,0.34962404
914688,0.33184963
914689,0.33213937
914690,0.19302547
914691,0.1682335
914692,0.16159642
914693,0.16095574
914694,0.1333824
914695,0.09003865
914696,0.08874416
914697,0.09080168
914698,0.078626454
914699,0.059254263
914700,0.05289687
914701,0.22940287
914702,0.16044624
914703,0.091841206
914704,0.013944259
914705,0.022834774
914706,0.023773527
914707,0.06392309
914708,0.029108714
914709,0.029847952
914710,0.02574871
914711,0.16381115
914712,0.0379197
914713,0.123032615
914714,0.08134246
914715,0.011213118
914716,0.02984029
914717,0.040159073
914718,0.035759233
914719,0.039751552
914720,0.026665295
914721,0.0373631
914722,0.037801832
914723,0.009915345
914724,0.027086575
914725,0.025033388
914726,0.022200681
914727,0.024280513
914728,0.028243944
914729,0.2408368
914730,0.58355707
914731,0.2928844
914732,0.2900429
914733,0.37656197
914734,0.26341677
914735,0.55326325
914736,0.25191435
914737,0.2531272
914738,0.28840646
914739,0.366724
914740,0.19967702
914741,0.31950197
914742,0.3144453
914743,0.54605114
914744,0.48968858
914745,0.47975603
914746,0.44726446
914747,0.49023148
914748,0.46570396
914749,0.46795604
914750,0.5262435
914751,0.54096234
914752,0.52224547
914753,0.34367675
914754,0.017118253
914755,0.047884006
914756,0.04807308
914757,0.04375975
914758,0.04604363
914759,0.056792736
914760,0.049910136
914761,0.05237999
914762,0.044335395
914763,0.21471712
914764,0.02251163
914765,0.37694275
914766,0.5024357
914767,0.5176672
914768,0.46741608
914769,0.38173357
914770,0.50193274
914771,0.49789757
914772,0.5833812
914773,0.48242098
914774,0.5046725
914775,0.39209205
914776,0.010945248
914777,0.028132759
914778,0.032412935
914779,0.030856203
914780,0.02929339
914781,0.02486286
914782,0.012902418
914783,0.09863421
914784,0.08080908
914785,0.07682283
914786,0.07952135
914787,0.06362893
914788,0.06437934
914789,0.181205
914790,0.22355461
914791,0.12524384
914792,0.2119248
914793,0.2995948
914794,0.3270808
914795,0.11538994
914796,0.021797631
914797,0.103927776
914798,0.06119409
914799,0.06752693
914800,0.018757714
914801,0.34124634
914802,0.182938
914803,0.35866803
914804,0.13920727
914805,0.36883837
914806,0.2881827
914807,0.11326969
914808,0.11733498
914809,0.10826993
914810,0.1254374
914811,0.020522343
914812,0.09704449
914813,0.03398541
914814,0.08916478
914815,0.129518
914816,0.04375075
914817,0.095086075
914818,0.12919967
914819,0.096834086
914820,0.22478378
914821,0.1586351
914822,0.16761267
914823,0.08961092
914824,0.137248
914825,0.34618393
914826,0.3517231
914827,0.37250048
914828,0.30600604
914829,0.44431496
914830,0.42010617
914831,0.4220987
914832,0.4255733
914833,0.39718437
914834,0.43362632
914835,0.31241766
914836,0.012544378
914837,0.061105672
914838,0.027024982
914839,0.036911353
914840,0.038920533
914841,0.029040003
914842,0.034594774
914843,0.03209184
914844,0.02976275
914845,0.3646424
914846,0.5055919
914847,0.4408374
914848,0.37601373
914849,0.38353288
914850,0.39258584
914851,0.4547166
914852,0.39134273
914853,0.2351854
914854,0.18646562
914855,0.15641513
914856,0.12846854
914857,0.03035554
914858,0.14029753
914859,0.12492591
914860,0.13187253
914861,0.11855329
914862,0.11590842
914863,0.12356137
914864,0.27552325
914865,0.016732391
914866,0.029053453
914867,0.03356686
914868,0.027577007
914869,0.029501764
914870,0.029515622
914871,0.03710833
914872,0.023557758
914873,0.044431016
914874,0.1590734
914875,0.17926347
914876,0.1655346
914877,0.09796284
914878,0.13817672
914879,0.19358143
914880,0.13278861
914881,0.0626041
914882,0.04894448
914883,0.11145268
914884,0.16129552
914885,0.14410168
914886,0.12001466
914887,0.15476166
914888,0.10797396
914889,0.13256171
914890,0.13560723
914891,0.15293664
914892,0.15268463
914893,0.09013839
914894,0.07289344
914895,0.29254833
914896,0.2736246
914897,0.31741735
914898,0.52559966
914899,0.5331097
914900,0.35920644
914901,0.53310525
914902,0.5522502
914903,0.494735
914904,0.4044822
914905,0.33586517
914906,0.50877154
914907,0.50877154
914908,0.33663258
914909,0.19306138
914910,0.020092968
914911,0.04550792
914912,0.053013742
914913,0.041147735
914914,0.035663698
914915,0.017553365
914916,0.08880941
914917,0.098760195
914918,0.07971591
914919,0.08436358
914920,0.09303527
914921,0.09803755
914922,0.17792214
914923,0.06934062
914924,0.06380348
914925,0.018604908
914926,0.19052148
914927,0.18260448
914928,0.3465815
914929,0.19038703
914930,0.24835238
914931,0.27831692
914932,0.13105418
914933,0.3243547
914934,0.21182737
914935,0.2693825
914936,0.33863077
914937,0.36008242
914938,0.412263
914939,0.43136993
914940,0.49780905
914941,0.32737505
914942,0.03150536
914943,0.10025825
914944,0.11833037
914945,0.13419682
914946,0.11438521
914947,0.1235523
914948,0.12942444
914949,0.068204395
914950,0.032092936
914951,0.13102122
914952,0.14754055
914953,0.123178855
914954,0.1216683
914955,0.28435194
914956,0.23679076
914957,0.27999386
914958,0.2743746
914959,0.3107859
914960,0.19265632
914961,0.15304759
914962,0.047716096
914963,0.19331126
914964,0.17128271
914965,0.16691045
914966,0.15759827
914967,0.02770145
914968,0.11460258
914969,0.1251107
914970,0.12441238
914971,0.34714293
914972,0.21361908
914973,0.21769209
914974,0.19876169
914975,0.22333954
914976,0.23542175
914977,0.21707687
914978,0.28164724
914979,0.26825094
914980,0.23373951
914981,0.33400637
914982,0.17468679
914983,0.17416568
914984,0.13934864
914985,0.12338187
914986,0.17507192
914987,0.47125894
914988,0.5785709
914989,0.54163617
914990,0.54726326
914991,0.4114269
914992,0.5582178
914993,0.5572068
914994,0.56547946
914995,0.6194126
914996,0.53496855
914997,0.6499686
914998,0.5758448
914999,0.5380444
915000,0.67835766
915001,0.33166718
915002,0.25723106
915003,0.12518275
915004,0.035565082
915005,0.09635881
915006,0.11147156
915007,0.0960768
915008,0.079144076
915009,0.09657516
915010,0.08300464
915011,0.06870156
915012,0.021426156
915013,0.024518063
915014,0.11872308
915015,0.01150252
915016,0.020555198
915017,0.013512742
915018,0.016947612
915019,0.012922414
915020,0.01664756
915021,0.03035582
915022,0.120726354
915023,0.015196047
915024,0.03883412
915025,0.04724732
915026,0.02913798
915027,0.03180991
915028,0.05192597
915029,0.37438637
915030,0.3863218
915031,0.44354814
915032,0.029864104
915033,0.026368044
915034,0.019449444
915035,0.04294631
915036,0.24997246
915037,0.5715062
915038,0.6695505
915039,0.57137126
915040,0.5665045
915041,0.46019635
915042,0.64459294
915043,0.55225277
915044,0.5129639
915045,0.5843395
915046,0.5945768
915047,0.05026096
915048,0.09619195
915049,0.11142174
915050,0.062143907
915051,0.05585136
915052,0.17249706
915053,0.020256465
915054,0.08505703
915055,0.08907241
915056,0.09608884
915057,0.2080274
915058,0.3951443
915059,0.5205366
915060,0.460709
915061,0.449156
915062,0.46503246
915063,0.46453786
915064,0.4042563
915065,0.428993
915066,0.3560067
915067,0.294408
915068,0.05670852
915069,0.45359597
915070,0.20366935
915071,0.2685775
915072,0.21356426
915073,0.23997313
915074,0.22163434
915075,0.26159403
915076,0.10921024
915077,0.1982346
915078,0.1990221
915079,0.32244232
915080,0.10377495
915081,0.3464067
915082,0.4216933
915083,0.6180957
915084,0.44681126
915085,0.54658
915086,0.589178
915087,0.4525291
915088,0.42871648
915089,0.4608065
915090,0.098629676
915091,0.063073084
915092,0.056349225
915093,0.043088574
915094,0.42095488
915095,0.43481106
915096,0.49130383
915097,0.39357737
915098,0.38025832
915099,0.43502298
915100,0.58392626
915101,0.38348365
915102,0.34838125
915103,0.27943823
915104,0.01648049
915105,0.033051886
915106,0.07930118
915107,0.05016516
915108,0.024422409
915109,0.3332182
915110,0.47256163
915111,0.6201865
915112,0.59117144
915113,0.59079236
915114,0.6094153
915115,0.47277832
915116,0.5962984
915117,0.62501764
915118,0.58823997
915119,0.58071923
915120,0.73765695
915121,0.69326496
915122,0.71601653
915123,0.5873947
915124,0.7194111
915125,0.69538105
915126,0.6820832
915127,0.71309346
915128,0.73545897
915129,0.70478565
915130,0.5351587
915131,0.30789965
915132,0.45458028
915133,0.5060338
915134,0.58741546
915135,0.60867697
915136,0.65069246
915137,0.546262
915138,0.53592235
915139,0.58899516
915140,0.5555542
915141,0.5753537
915142,0.5887726
915143,0.58439547
915144,0.53776777
915145,0.6049052
915146,0.3614646
915147,0.3121573
915148,0.080928266
915149,0.31371704
915150,0.58255196
915151,0.6237316
915152,0.61044025
915153,0.61956704
915154,0.5887237
915155,0.33752742
915156,0.6261186
915157,0.5782474
915158,0.5337347
915159,0.44719037
915160,0.239322
915161,0.28140485
915162,0.2700781
915163,0.043133453
915164,0.10162897
915165,0.092500575
915166,0.06894144
915167,0.0857818
915168,0.08546164
915169,0.087156676
915170,0.06778562
915171,0.035226066
915172,0.2695966
915173,0.18646659
915174,0.20853592
915175,0.27312437
915176,0.26528758
915177,0.26124698
915178,0.26468208
915179,0.22279133
915180,0.22340307
915181,0.2074892
915182,0.041227236
915183,0.4679809
915184,0.50455064
915185,0.5727413
915186,0.6706133
915187,0.5685484
915188,0.5268811
915189,0.5303701
915190,0.38424134
915191,0.4970852
915192,0.33008516
915193,0.56163317
915194,0.4393222
915195,0.55036145
915196,0.39783874
915197,0.45311546
915198,0.18468359
915199,0.012055489
915200,0.041846413
915201,0.048192624
915202,0.11344488
915203,0.037736688
915204,0.02198314
915205,0.021443425
915206,0.033960864
915207,0.038121756
915208,0.063004576
915209,0.022142582
915210,0.058692813
915211,0.15997002
915212,0.1827752
915213,0.20049986
915214,0.22066745
915215,0.24512073
915216,0.15716773
915217,0.079282455
915218,0.13858114
915219,0.08053428
915220,0.14682502
915221,0.09329134
915222,0.10098
915223,0.014504165
915224,0.022039404
915225,0.022227423
915226,0.015164638
915227,0.021818154
915228,0.021212926
915229,0.016878866
915230,0.02325408
915231,0.07601096
915232,0.09326226
915233,0.069689184
915234,0.07300884
915235,0.07480508
915236,0.05720668
915237,0.07235245
915238,0.058944713
915239,0.08925046
915240,0.11452641
915241,0.087436445
915242,0.10450648
915243,0.080659114
915244,0.08879665
915245,0.095198624
915246,0.11908652
915247,0.122254886
915248,0.0603779
915249,0.0096699335
915250,0.033101007
915251,0.034588773
915252,0.038721267
915253,0.03737341
915254,0.033154685
915255,0.033469133
915256,0.023534352
915257,0.2820986
915258,0.31986618
915259,0.31464553
915260,0.43572623
915261,0.38531864
915262,0.3427751
915263,0.4892992
915264,0.50935346
915265,0.518164
915266,0.54553807
915267,0.5215745
915268,0.38107148
915269,0.43394357
915270,0.30759755
915271,0.3102048
915272,0.028563496
915273,0.15238193
915274,0.16869716
915275,0.30142885
915276,0.18751602
915277,0.1976879
915278,0.23674056
915279,0.16069385
915280,0.25496933
915281,0.1666473
915282,0.20757596
915283,0.23141892
915284,0.19646892
915285,0.09045654
915286,0.019965133
915287,0.30631787
915288,0.36924857
915289,0.46803385
915290,0.30934656
915291,0.3858109
915292,0.42538032
915293,0.360897
915294,0.43344086
915295,0.42972928
915296,0.47026148
915297,0.3809414
915298,0.4467139
915299,0.33046618
915300,0.42625347
915301,0.26442313
915302,0.18568118
915303,0.02444211
915304,0.14506938
915305,0.111935124
915306,0.08007343
915307,0.076431915
915308,0.10593851
915309,0.12226746
915310,0.13798936
915311,0.10270933
915312,0.059495624
915313,0.010289991
915314,0.030777019
915315,0.029536065
915316,0.023836222
915317,0.025429806
915318,0.0330616
915319,0.02834725
915320,0.025227077
915321,0.014073992
915322,0.08388804
915323,0.0848051
915324,0.092298456
915325,0.09458309
915326,0.15706378
915327,0.16682602
915328,0.13418494
915329,0.09944352
915330,0.15132545
915331,0.18519706
915332,0.055604555
915333,0.053828727
915334,0.04666946
915335,0.13941549
915336,0.1309675
915337,0.04158768
915338,0.014572742
915339,0.03456504
915340,0.040174678
915341,0.040517144
915342,0.041237295
915343,0.018837765
915344,0.124365024
915345,0.0869966
915346,0.105555095
915347,0.07276106
915348,0.09691566
915349,0.11407157
915350,0.1551368
915351,0.118559174
915352,0.11349328
915353,0.21552049
915354,0.017470013
915355,0.18780057
915356,0.13212036
915357,0.41067755
915358,0.3475541
915359,0.41189587
915360,0.26833823
915361,0.1284105
915362,0.23920049
915363,0.20505998
915364,0.24440795
915365,0.27002048
915366,0.2146356
915367,0.08459068
915368,0.023199128
915369,0.16212215
915370,0.1412255
915371,0.16283497
915372,0.07396818
915373,0.1659231
915374,0.09388243
915375,0.115257956
915376,0.123037755
915377,0.114895955
915378,0.09910897
915379,0.16552597
915380,0.16038273
915381,0.42713237
915382,0.55016565
915383,0.38362414
915384,0.5279081
915385,0.40709683
915386,0.32303074
915387,0.4122396
915388,0.40320897
915389,0.30733988
915390,0.3633732
915391,0.3504842
915392,0.25098157
915393,0.3445663
915394,0.29611492
915395,0.36041784
915396,0.33296907
915397,0.2733491
915398,0.29253054
915399,0.03201919
915400,0.41125312
915401,0.46742138
915402,0.5331959
915403,0.54198456
915404,0.5474911
915405,0.53720456
915406,0.5542818
915407,0.60747695
915408,0.6261845
915409,0.575585
915410,0.6066896
915411,0.5751477
915412,0.517548
915413,0.5326183
915414,0.5591649
915415,0.5472863
915416,0.67695737
915417,0.50285447
915418,0.53072023
915419,0.38731813
915420,0.31067297
915421,0.25599337
915422,0.268851
915423,0.23762394
915424,0.24866128
915425,0.3047241
915426,0.40473118
915427,0.1688146
915428,0.023880936
915429,0.29765746
915430,0.4174944
915431,0.5075993
915432,0.46119806
915433,0.33787218
915434,0.43235657
915435,0.51859564
915436,0.30350608
915437,0.5411465
915438,0.33453035
915439,0.5089659
915440,0.4813637
915441,0.4717739
915442,0.42880538
915443,0.48543242
915444,0.33306712
915445,0.04125203
915446,0.44745475
915447,0.5012284
915448,0.391183
915449,0.56642157
915450,0.46466932
915451,0.39522514
915452,0.47041374
915453,0.38635075
915454,0.54351836
915455,0.5207047
915456,0.638025
915457,0.45012915
915458,0.4094731
915459,0.38371047
915460,0.37750098
915461,0.023935324
915462,0.17295803
915463,0.40397212
915464,0.3480188
915465,0.32748482
915466,0.24553753
915467,0.2662175
915468,0.33730245
915469,0.38192812
915470,0.36663884
915471,0.256413
915472,0.2707141
915473,0.18283351
915474,0.029895205
915475,0.26912087
915476,0.42638123
915477,0.33577847
915478,0.5352949
915479,0.55711764
915480,0.3196396
915481,0.4770632
915482,0.39592892
915483,0.43869895
915484,0.36633566
915485,0.35279742
915486,0.50583315
915487,0.5443013
915488,0.52174765
915489,0.3009522
915490,0.03270554
915491,0.05937009
915492,0.073192716
915493,0.060833797
915494,0.06341785
915495,0.104042254
915496,0.10938458
915497,0.049268663
915498,0.040647365
915499,0.11379388
915500,0.124145254
915501,0.10695126
915502,0.120836176
915503,0.059885196
915504,0.22953519
915505,0.16123411
915506,0.013308301
915507,0.093001015
915508,0.064617276
915509,0.12475329
915510,0.06994825
915511,0.14281295
915512,0.08274774
915513,0.053329702
915514,0.03153153
915515,0.38976464
915516,0.4274383
915517,0.37418
915518,0.2661599
915519,0.19174291
915520,0.36303324
915521,0.36150843
915522,0.36150843
915523,0.3440077
915524,0.25453323
915525,0.032412566
915526,0.3440124
915527,0.20390065
915528,0.17408839
915529,0.17409414
915530,0.21225229
915531,0.5024624
915532,0.55642235
915533,0.34103924
915534,0.21769166
915535,0.22822043
915536,0.43967676
915537,0.17829336
915538,0.25247738
915539,0.45381397
915540,0.2784589
915541,0.33792818
915542,0.27038893
915543,0.31246668
915544,0.29796624
915545,0.40717575
915546,0.1839319
915547,0.24738303
915548,0.2829594
915549,0.1922962
915550,0.19346604
915551,0.60371643
915552,0.46919197
915553,0.63123953
915554,0.5873444
915555,0.6054242
915556,0.6169093
915557,0.6271986
915558,0.6046908
915559,0.6249233
915560,0.6018788
915561,0.64876187
915562,0.6106794
915563,0.6143352
915564,0.3832289
915565,0.029210579
915566,0.21555158
915567,0.1419021
915568,0.31694984
915569,0.09290929
915570,0.20933414
915571,0.28076205
915572,0.10554454
915573,0.105964504
915574,0.23677519
915575,0.16865414
915576,0.10278407
915577,0.08045914
915578,0.07141496
915579,0.07674605
915580,0.13043834
915581,0.11235003
915582,0.14285274
915583,0.09931354
915584,0.16415536
915585,0.13525802
915586,0.03875854
915587,0.24507362
915588,0.24107592
915589,0.22397225
915590,0.15840907
915591,0.14638689
915592,0.08230869
915593,0.023845587
915594,0.09550994
915595,0.025418542
915596,0.16927186
915597,0.2362288
915598,0.013392799
915599,0.03161554
915600,0.03412026
915601,0.0369037
915602,0.033815794
915603,0.041156154
915604,0.009687498
915605,0.027895058
915606,0.050336342
915607,0.024576163
915608,0.031837508
915609,0.27866563
915610,0.7051294
915611,0.73661417
915612,0.7561971
915613,0.78277427
915614,0.75864094
915615,0.83040744
915616,0.79320294
915617,0.79231745
915618,0.84915465
915619,0.76851505
915620,0.892998
915621,0.81174207
915622,0.81025666
915623,0.88506955
915624,0.79027367
915625,0.74242073
915626,0.88436025
915627,0.7479502
915628,0.7939559
915629,0.85563713
915630,0.45505625
915631,0.01452447
915632,0.07380099
915633,0.055131696
915634,0.06173624
915635,0.06271012
915636,0.08086804
915637,0.029937956
915638,0.038948823
915639,0.03263112
915640,0.030402403
915641,0.02048476
915642,0.023682844
915643,0.00837058
915644,0.014843686
915645,0.0155815035
915646,0.011360466
915647,0.017268647
915648,0.011298573
915649,0.018533597
915650,0.013610339
915651,0.005563732
915652,0.022491885
915653,0.014100562
915654,0.017091606
915655,0.017311482
915656,0.016705135
915657,0.16451088
915658,0.2929705
915659,0.22542822
915660,0.017965764
915661,0.0330644
915662,0.029735625
915663,0.02545353
915664,0.04037933
915665,0.09342918
915666,0.082616486
915667,0.1522001
915668,0.15045995
915669,0.12423991
915670,0.06111795
915671,0.36569962
915672,0.14725465
915673,0.11010709
915674,0.12549238
915675,0.069873214
915676,0.030254994
915677,0.07707788
915678,0.07989476
915679,0.20873481
915680,0.2290842
915681,0.21566421
915682,0.22359928
915683,0.18141706
915684,0.070800595
915685,0.05954826
915686,0.12312912
915687,0.08587945
915688,0.06810888
915689,0.0574519
915690,0.012115655
915691,0.05311309
915692,0.051589373
915693,0.075165346
915694,0.059062045
915695,0.18136328
915696,0.09128685
915697,0.28088495
915698,0.12575419
915699,0.24047661
915700,0.29575115
915701,0.23744519
915702,0.14875618
915703,0.2124905
915704,0.02145096
915705,0.038586255
915706,0.035988428
915707,0.05217716
915708,0.041260332
915709,0.26146543
915710,0.049998328
915711,0.0783664
915712,0.0559438
915713,0.05312975
915714,0.05528725
915715,0.048991695
915716,0.011990595
915717,0.038812075
915718,0.059692174
915719,0.03824528
915720,0.03530215
915721,0.029042501
915722,0.022382334
915723,0.018491758
915724,0.12234284
915725,0.094749436
915726,0.0978376
915727,0.044045877
915728,0.011734571
915729,0.040765006
915730,0.04830352
915731,0.053625166
915732,0.05439156
915733,0.046061676
915734,0.055827398
915735,0.057299178
915736,0.06628218
915737,0.22784416
915738,0.35486937
915739,0.4951684
915740,0.47404727
915741,0.46783838
915742,0.47357157
915743,0.44559783
915744,0.45038798
915745,0.46227065
915746,0.4647609
915747,0.51202244
915748,0.479546
915749,0.4903842
915750,0.32268155
915751,0.026998421
915752,0.067178875
915753,0.05808549
915754,0.05756747
915755,0.046373
915756,0.046258356
915757,0.038632143
915758,0.1321015
915759,0.33760914
915760,0.28016552
915761,0.2860355
915762,0.29027465
915763,0.43364313
915764,0.34385115
915765,0.32214177
915766,0.31503463
915767,0.29967877
915768,0.17001182
915769,0.018022731
915770,0.02825214
915771,0.027802743
915772,0.022211002
915773,0.028667802
915774,0.028751899
915775,0.034706187
915776,0.029075911
915777,0.023132045
915778,0.037681412
915779,0.27674806
915780,0.32712674
915781,0.3421529
915782,0.33037323
915783,0.34714207
915784,0.3683481
915785,0.3669466
915786,0.20287178
915787,0.26606715
915788,0.15297991
915789,0.20006423
915790,0.42200574
915791,0.6093166
915792,0.6095235
915793,0.63810927
915794,0.67569244
915795,0.64110065
915796,0.66997796
915797,0.59272
915798,0.6305742
915799,0.6138205
915800,0.51196855
915801,0.5897502
915802,0.5400888
915803,0.58182615
915804,0.4601185
915805,0.11894313
915806,0.12639877
915807,0.10950832
915808,0.13947693
915809,0.007966188
915810,0.02514587
915811,0.02404205
915812,0.025442664
915813,0.029597167
915814,0.10372129
915815,0.02533784
915816,0.030053055
915817,0.20032646
915818,0.04534198
915819,0.49429995
915820,0.5175168
915821,0.4517328
915822,0.51694286
915823,0.51923454
915824,0.41930655
915825,0.47628373
915826,0.46065608
915827,0.3139383
915828,0.13061011
915829,0.024917746
915830,0.042161852
915831,0.04272448
915832,0.09828426
915833,0.046636302
915834,0.08857753
915835,0.10190689
915836,0.10769702
915837,0.041344114
915838,0.037009932
915839,0.24335237
915840,0.34125683
915841,0.49230918
915842,0.5311012
915843,0.46827704
915844,0.6546463
915845,0.7390384
915846,0.7095608
915847,0.7141468
915848,0.7335768
915849,0.7525707
915850,0.7107925
915851,0.7399256
915852,0.6553622
915853,0.7320665
915854,0.74646574
915855,0.7133748
915856,0.7125222
915857,0.71289366
915858,0.75111353
915859,0.7197605
915860,0.29701954
915861,0.015253376
915862,0.13893287
915863,0.25825524
915864,0.27582124
915865,0.26768595
915866,0.0582905
915867,0.260204
915868,0.23429385
915869,0.19499421
915870,0.20747648
915871,0.19409701
915872,0.15184183
915873,0.15459085
915874,0.10330296
915875,0.24782352
915876,0.1530496
915877,0.19976969
915878,0.1888093
915879,0.15664852
915880,0.18477099
915881,0.018862555
915882,0.19263461
915883,0.22899698
915884,0.34767008
915885,0.20041089
915886,0.35607812
915887,0.19564757
915888,0.074773125
915889,0.16416174
915890,0.38818303
915891,0.45400187
915892,0.48072395
915893,0.55306894
915894,0.59368646
915895,0.6721702
915896,0.5992183
915897,0.63156545
915898,0.64825934
915899,0.6318562
915900,0.5291666
915901,0.54183257
915902,0.66045
915903,0.64606005
915904,0.56580293
915905,0.62742347
915906,0.622575
915907,0.6153273
915908,0.6579796
915909,0.4363141
915910,0.030266123
915911,0.08092206
915912,0.080833234
915913,0.06565595
915914,0.17789523
915915,0.051097926
915916,0.4845579
915917,0.4979267
915918,0.6115991
915919,0.66629547
915920,0.4857339
915921,0.41221628
915922,0.5738086
915923,0.6499244
915924,0.5152884
915925,0.583461
915926,0.56528145
915927,0.59293336
915928,0.5764297
915929,0.6049465
915930,0.6202015
915931,0.55147785
915932,0.62416404
915933,0.5918154
915934,0.65143675
915935,0.595724
915936,0.56128675
915937,0.6223617
915938,0.36749488
915939,0.026928062
915940,0.041260783
915941,0.037162624
915942,0.027085822
915943,0.02496403
915944,0.031554263
915945,0.47343275
915946,0.43320483
915947,0.5069972
915948,0.5215058
915949,0.5192293
915950,0.4741416
915951,0.49086064
915952,0.5312799
915953,0.5562728
915954,0.56032705
915955,0.5629631
915956,0.5193416
915957,0.53287584
915958,0.52839833
915959,0.5796242
915960,0.61907196
915961,0.5659929
915962,0.36533368
915963,0.017796854
915964,0.053232063
915965,0.06537977
915966,0.073090464
915967,0.067587666
915968,0.05704256
915969,0.07000851
915970,0.07586762
915971,0.05434529
915972,0.05547018
915973,0.21207826
915974,0.28480428
915975,0.33490825
915976,0.2747214
915977,0.20016928
915978,0.018596629
915979,0.10352465
915980,0.09560344
915981,0.2123972
915982,0.0941585
915983,0.13026829
915984,0.14974396
915985,0.3561304
915986,0.33166993
915987,0.115132734
915988,0.12215007
915989,0.10839128
915990,0.07084139
915991,0.5730725
915992,0.5272573
915993,0.6723767
915994,0.703028
915995,0.7583658
915996,0.78437936
915997,0.77346736
915998,0.7824432
915999,0.7485873
916000,0.80424345
916001,0.75099736
916002,0.7709559
916003,0.7298524
916004,0.75073844
916005,0.7784413
916006,0.75226575
916007,0.78460926
916008,0.71233994
916009,0.74366814
916010,0.7735526
916011,0.72472566
916012,0.7535292
916013,0.7355422
916014,0.75283605
916015,0.80052793
916016,0.68816227
916017,0.019932033
916018,0.072861366
916019,0.06530488
916020,0.074589536
916021,0.1038445
916022,0.071163476
916023,0.07668743
916024,0.08543816
916025,0.6127511
916026,0.6508672
916027,0.7884238
916028,0.8020596
916029,0.8044904
916030,0.83260393
916031,0.8245743
916032,0.8380813
916033,0.8380813
916034,0.88058704
916035,0.8610999
916036,0.8588187
916037,0.8480765
916038,0.8507705
916039,0.8564581
916040,0.878733
916041,0.84663075
916042,0.8318206
916043,0.8714916
916044,0.8603893
916045,0.8506032
916046,0.8555633
916047,0.8512117
916048,0.86759055
916049,0.88150203
916050,0.8595006
916051,0.84708506
916052,0.8750978
916053,0.8396514
916054,0.84941953
916055,0.84941953
916056,0.85785836
916057,0.83665556
916058,0.7512278
916059,0.7679292
916060,0.70663524
916061,0.44268364
916062,0.028980967
916063,0.2873098
916064,0.48563215
916065,0.35739568
916066,0.36534947
916067,0.3271549
916068,0.37637082
916069,0.4816341
916070,0.4747158
916071,0.5006791
916072,0.47790048
916073,0.3915979
916074,0.17526636
916075,0.22554368
916076,0.15328807
916077,0.15644944
916078,0.1901088
916079,0.14307922
916080,0.12803413
916081,0.031505097
916082,0.11439254
916083,0.05467112
916084,0.05545762
916085,0.047392182
916086,0.07611608
916087,0.14521965
916088,0.16286045
916089,0.36291716
916090,0.02943169
916091,0.10229114
916092,0.10616135
916093,0.117700055
916094,0.09945948
916095,0.0140612
916096,0.06906152
916097,0.06428974
916098,0.0651546
916099,0.07673213
916100,0.19808589
916101,0.29996058
916102,0.17260803
916103,0.17588457
916104,0.14096521
916105,0.044769872
916106,0.05496339
916107,0.044225935
916108,0.20007473
916109,0.050094154
916110,0.02707964
916111,0.13859093
916112,0.13386515
916113,0.13397615
916114,0.11053785
916115,0.39959103
916116,0.6600829
916117,0.689319
916118,0.7240661
916119,0.74007773
916120,0.78933334
916121,0.69915485
916122,0.7686474
916123,0.69933856
916124,0.725614
916125,0.72423446
916126,0.72437257
916127,0.71623385
916128,0.7288637
916129,0.7661945
916130,0.8167483
916131,0.6866916
916132,0.76796407
916133,0.3969063
916134,0.050415304
916135,0.053140752
916136,0.037031453
916137,0.19356985
916138,0.009980917
916139,0.021892134
916140,0.019786455
916141,0.023434673
916142,0.02116309
916143,0.16533293
916144,0.13774288
916145,0.1017167
916146,0.24595693
916147,0.10590116
916148,0.08352171
916149,0.20161116
916150,0.16200514
916151,0.00796467
916152,0.029284816
916153,0.028181594
916154,0.050070286
916155,0.046376448
916156,0.049130976
916157,0.03909413
916158,0.33038613
916159,0.22054929
916160,0.2046166
916161,0.013572366
916162,0.058039073
916163,0.038463388
916164,0.044491265
916165,0.04149988
916166,0.04127751
916167,0.03862368
916168,0.029276188
916169,0.032691218
916170,0.07150023
916171,0.07320182
916172,0.114710145
916173,0.053253114
916174,0.078377225
916175,0.08097027
916176,0.07955146
916177,0.057020303
916178,0.042442646
916179,0.014711802
916180,0.13387692
916181,0.1153195
916182,0.14899455
916183,0.111842334
916184,0.110021584
916185,0.113226146
916186,0.13928925
916187,0.13542332
916188,0.0215257
916189,0.04855994
916190,0.049384527
916191,0.04249763
916192,0.056944832
916193,0.0768804
916194,0.05793841
916195,0.056268446
916196,0.04172433
916197,0.019511543
916198,0.034567308
916199,0.033992525
916200,0.035233166
916201,0.03217453
916202,0.01972442
916203,0.041856356
916204,0.08053915
916205,0.092274636
916206,0.04935364
916207,0.047014877
916208,0.058125395
916209,0.06597989
916210,0.058405526
916211,0.010704513
916212,0.03532147
916213,0.031351153
916214,0.027811194
916215,0.041530795
916216,0.039352514
916217,0.058698438
916218,0.04084536
916219,0.014777054
916220,0.069612816
916221,0.045331113
916222,0.035032883
916223,0.045556366
916224,0.06456787
916225,0.04209987
916226,0.05574553
916227,0.050158173
916228,0.04192386
916229,0.032830793
916230,0.17781122
916231,0.119588025
916232,0.10873786
916233,0.116636924
916234,0.018289592
916235,0.019551389
916236,0.026724601
916237,0.030698305
916238,0.035136804
916239,0.03721083
916240,0.037882373
916241,0.013959562
916242,0.033020463
916243,0.029715585
916244,0.042032655
916245,0.035314746
916246,0.039587438
916247,0.024711724
916248,0.27360123
916249,0.0129405875
916250,0.03730527
916251,0.025003908
916252,0.021271238
916253,0.060667068
916254,0.064909354
916255,0.059835803
916256,0.18815312
916257,0.27288026
916258,0.17342812
916259,0.108596355
916260,0.048052702
916261,0.12095641
916262,0.27783057
916263,0.14868183
916264,0.28503272
916265,0.29850522
916266,0.14617215
916267,0.11602954
916268,0.14086898
916269,0.12677863
916270,0.11753297
916271,0.012409273
916272,0.030902741
916273,0.028812472
916274,0.029588567
916275,0.028848315
916276,0.030235553
916277,0.03547756
916278,0.033860613
916279,0.02498061
916280,0.011174416
916281,0.02183962
916282,0.02701863
916283,0.031211512
916284,0.027321363
916285,0.027830642
916286,0.02649647
916287,0.025848089
916288,0.010725646
916289,0.028468873
916290,0.0289913
916291,0.028245747
916292,0.024189264
916293,0.023743404
916294,0.040271755
916295,0.107591785
916296,0.248515
916297,0.012276582
916298,0.027940229
916299,0.033145607
916300,0.03525113
916301,0.03434307
916302,0.039235033
916303,0.03540025
916304,0.026605226
916305,0.04168876
916306,0.118372604
916307,0.13197835
916308,0.12766229
916309,0.14566837
916310,0.13078594
916311,0.16485158
916312,0.16171636
916313,0.12876768
916314,0.015116225
916315,0.053605605
916316,0.057182327
916317,0.11471243
916318,0.02217567
916319,0.06699006
916320,0.071528025
916321,0.0722327
916322,0.19254695
916323,0.11168804
916324,0.109057166
916325,0.07325917
916326,0.43057275
916327,0.32430598
916328,0.28620937
916329,0.27942425
916330,0.29663816
916331,0.3317788
916332,0.31543607
916333,0.26902482
916334,0.23785648
916335,0.19828169
916336,0.16088799
916337,0.015894886
916338,0.10287422
916339,0.0903281
916340,0.10746283
916341,0.08959738
916342,0.1184091
916343,0.23432557
916344,0.074620366
916345,0.1218556
916346,0.47066173
916347,0.7138533
916348,0.7347129
916349,0.7263047
916350,0.8285023
916351,0.81735027
916352,0.81979483
916353,0.735555
916354,0.82154983
916355,0.7784426
916356,0.80049574
916357,0.76507396
916358,0.7407276
916359,0.7951859
916360,0.7312369
916361,0.6665866
916362,0.72502697
916363,0.7662115
916364,0.40137511
916365,0.042020667
916366,0.099677734
916367,0.09708797
916368,0.1935533
916369,0.13928877
916370,0.3118651
916371,0.036637962
916372,0.15008003
916373,0.037414346
916374,0.043100867
916375,0.13119833
916376,0.044531107
916377,0.042791802
916378,0.18722574
916379,0.16129696
916380,0.12409935
916381,0.38985857
916382,0.033212144
916383,0.05229294
916384,0.06019156
916385,0.046902202
916386,0.045290336
916387,0.02398218
916388,0.10373615
916389,0.26887673
916390,0.1076275
916391,0.08357531
916392,0.2767361
916393,0.13354078
916394,0.08280134
916395,0.08063892
916396,0.090340406
916397,0.06803005
916398,0.20968857
916399,0.108399734
916400,0.53552365
916401,0.4954731
916402,0.6370746
916403,0.6272602
916404,0.65621126
916405,0.6056845
916406,0.65418094
916407,0.630921
916408,0.62568176
916409,0.657594
916410,0.59556943
916411,0.593442
916412,0.6274618
916413,0.57731247
916414,0.30301112
916415,0.59886026
916416,0.54173493
916417,0.6585292
916418,0.5759335
916419,0.4772189
916420,0.019436298
916421,0.07735126
916422,0.07537641
916423,0.07956495
916424,0.07819538
916425,0.07620336
916426,0.07378716
916427,0.009524766
916428,0.042629164
916429,0.043360516
916430,0.045754272
916431,0.04392857
916432,0.04303524
916433,0.0900617
916434,0.07722092
916435,0.4651147
916436,0.4304258
916437,0.53123933
916438,0.60703456
916439,0.5089866
916440,0.36802143
916441,0.3833699
916442,0.29739293
916443,0.34526658
916444,0.4695882
916445,0.27888295
916446,0.3018884
916447,0.3663326
916448,0.22982785
916449,0.042491578
916450,0.30723715
916451,0.33759907
916452,0.31652123
916453,0.35883906
916454,0.32536957
916455,0.25979438
916456,0.17757826
916457,0.22180314
916458,0.1864725
916459,0.21328692
916460,0.20335892
916461,0.13531002
916462,0.16700545
916463,0.030989086
916464,0.118068494
916465,0.09842154
916466,0.026567524
916467,0.16043675
916468,0.11562754
916469,0.09788584
916470,0.18174687
916471,0.13794798
916472,0.20231996
916473,0.053970844
916474,0.120147526
916475,0.09035483
916476,0.18453255
916477,0.1710991
916478,0.18369652
916479,0.20747447
916480,0.14984092
916481,0.17638527
916482,0.14989232
916483,0.07349751
916484,0.13113445
916485,0.12825713
916486,0.16203655
916487,0.1517746
916488,0.1553286
916489,0.13195392
916490,0.13456936
916491,0.1800667
916492,0.015813537
916493,0.016693335
916494,0.012948715
916495,0.01241417
916496,0.020153552
916497,0.025457226
916498,0.025992844
916499,0.020603739
916500,0.016456246
916501,0.008493266
916502,0.009997389
916503,0.013427699
916504,0.015237449
916505,0.013931662
916506,0.013790941
916507,0.008747183
916508,0.036900718
916509,0.03601419
916510,0.03438321
916511,0.037070878
916512,0.0372957
916513,0.03679315
916514,0.038306717
916515,0.202784
916516,0.0997589
916517,0.33765593
916518,0.12297558
916519,0.17325842
916520,0.09905463
916521,0.24418493
916522,0.14388841
916523,0.14664267
916524,0.13538314
916525,0.110247254
916526,0.12938365
916527,0.18300085
916528,0.12990457
916529,0.012785167
916530,0.07524763
916531,0.026585672
916532,0.22150667
916533,0.20022346
916534,0.20576324
916535,0.17750217
916536,0.087948374
916537,0.15626141
916538,0.14923611
916539,0.16139376
916540,0.29750615
916541,0.09767583
916542,0.17963153
916543,0.18360531
916544,0.18620968
916545,0.1832161
916546,0.24680236
916547,0.20565774
916548,0.237139
916549,0.1757928
916550,0.19005182
916551,0.21263696
916552,0.22562858
916553,0.17976855
916554,0.024800442
916555,0.12825777
916556,0.08669805
916557,0.091485314
916558,0.1351662
916559,0.09424885
916560,0.08597975
916561,0.09414769
916562,0.08643415
916563,0.10193052
916564,0.088168114
916565,0.08340249
916566,0.018908074
916567,0.05820743
916568,0.062257584
916569,0.09534873
916570,0.05830869
916571,0.072749354
916572,0.0909599
916573,0.11035088
916574,0.10907825
916575,0.23670849
916576,0.30081815
916577,0.32875526
916578,0.39980868
916579,0.15219893
916580,0.30641767
916581,0.28187022
916582,0.24600737
916583,0.19641146
916584,0.17659146
916585,0.103767335
916586,0.07802267
916587,0.03420889
916588,0.049158853
916589,0.03342216
916590,0.059652504
916591,0.040223986
916592,0.01767632
916593,0.2098706
916594,0.1806032
916595,0.17618488
916596,0.3361913
916597,0.10883336
916598,0.21032856
916599,0.19189417
916600,0.12203743
916601,0.25311655
916602,0.167166
916603,0.18566068
916604,0.02607164
916605,0.06464693
916606,0.1023882
916607,0.07137081
916608,0.08384201
916609,0.063897364
916610,0.083540164
916611,0.071227424
916612,0.0691701
916613,0.28977647
916614,0.1718939
916615,0.16969533
916616,0.25109488
916617,0.3164106
916618,0.01916533
916619,0.078461714
916620,0.08321339
916621,0.08962146
916622,0.09148868
916623,0.085375085
916624,0.15548931
916625,0.024964653
916626,0.025750292
916627,0.04838357
916628,0.027034128
916629,0.06841194
916630,0.28531802
916631,0.095592864
916632,0.106096394
916633,0.051183436
916634,0.06087258
916635,0.052589376
916636,0.03397173
916637,0.03557087
916638,0.27888066
916639,0.10642911
916640,0.025181605
916641,0.03789956
916642,0.041206144
916643,0.031567983
916644,0.04606547
916645,0.17361666
916646,0.27991158
916647,0.30507073
916648,0.1862789
916649,0.19747745
916650,0.28969538
916651,0.37207183
916652,0.18641162
916653,0.2655909
916654,0.23715869
916655,0.013490107
916656,0.04191004
916657,0.043164052
916658,0.055247236
916659,0.04621325
916660,0.06576078
916661,0.056228552
916662,0.07132709
916663,0.015098906
916664,0.05201923
916665,0.05193103
916666,0.06228858
916667,0.16385825
916668,0.041311402
916669,0.16716513
916670,0.2400779
916671,0.14945193
916672,0.15926011
916673,0.20467457
916674,0.15742795
916675,0.23089288
916676,0.291148
916677,0.19861954
916678,0.027201349
916679,0.092982315
916680,0.1455926
916681,0.1998549
916682,0.34957084
916683,0.29504848
916684,0.34394634
916685,0.28628966
916686,0.3347447
916687,0.19488072
916688,0.17404865
916689,0.02657807
916690,0.094500385
916691,0.08945884
916692,0.09122107
916693,0.08602282
916694,0.07645377
916695,0.033606686
916696,0.3714898
916697,0.5026808
916698,0.5463837
916699,0.5308462
916700,0.43924794
916701,0.64429104
916702,0.56014466
916703,0.47994113
916704,0.47218758
916705,0.60372436
916706,0.3026462
916707,0.44199657
916708,0.42521244
916709,0.40957752
916710,0.22125834
916711,0.21106896
916712,0.13958435
916713,0.058378126
916714,0.18215454
916715,0.34904596
916716,0.2608447
916717,0.30784345
916718,0.38346383
916719,0.55216265
916720,0.5084403
916721,0.48945266
916722,0.48675177
916723,0.41018376
916724,0.25841048
916725,0.3980909
916726,0.5621093
916727,0.5016001
916728,0.5101544
916729,0.4041421
916730,0.24422991
916731,0.52702785
916732,0.5789124
916733,0.49279472
916734,0.5005919
916735,0.055785995
916736,0.3198048
916737,0.39124277
916738,0.652703
916739,0.6424526
916740,0.64131176
916741,0.69741654
916742,0.72474027
916743,0.8129278
916744,0.8105979
916745,0.7903773
916746,0.8141119
916747,0.8043015
916748,0.77993375
916749,0.77993375
916750,0.76826495
916751,0.78607965
916752,0.77098817
916753,0.7989417
916754,0.7902443
916755,0.77490056
916756,0.8041422
916757,0.8291912
916758,0.8462259
916759,0.78797674
916760,0.79083884
916761,0.85383797
916762,0.7338193
916763,0.718369
916764,0.74910283
916765,0.70423144
916766,0.72795844
916767,0.7986058
916768,0.7397731
916769,0.7215436
916770,0.64708465
916771,0.6222052
916772,0.5979396
916773,0.4663074
916774,0.08152497
916775,0.21885872
916776,0.22890703
916777,0.1829551
916778,0.122583
916779,0.100054465
916780,0.09377018
916781,0.093934774
916782,0.2513488
916783,0.016691277
916784,0.040803395
916785,0.053431995
916786,0.04553771
916787,0.043881685
916788,0.04371567
916789,0.05352106
916790,0.05047399
916791,0.3491179
916792,0.018486675
916793,0.03472626
916794,0.04071948
916795,0.03873616
916796,0.034252487
916797,0.03884974
916798,0.037257344
916799,0.037287388
916800,0.042904418
916801,0.017516933
916802,0.027101852
916803,0.035015874
916804,0.03288966
916805,0.030379992
916806,0.027868357
916807,0.031529434
916808,0.04144933
916809,0.027514057
916810,0.17122315
916811,0.113235146
916812,0.10944807
916813,0.06996471
916814,0.33075768
916815,0.42338708
916816,0.31821257
916817,0.4525906
916818,0.42451167
916819,0.017322142
916820,0.03910732
916821,0.034063097
916822,0.023781955
916823,0.027377985
916824,0.033301245
916825,0.01985176
916826,0.04375089
916827,0.0464263
916828,0.044480268
916829,0.05399996
916830,0.043053526
916831,0.03762171
916832,0.038633373
916833,0.23555152
916834,0.08003387
916835,0.42929545
916836,0.37440658
916837,0.44750622
916838,0.37416857
916839,0.38202238
916840,0.36756834
916841,0.5093174
916842,0.44765848
916843,0.40845814
916844,0.2954721
916845,0.4282687
916846,0.38541928
916847,0.35921228
916848,0.022539899
916849,0.085479155
916850,0.1679456
916851,0.20732093
916852,0.22493257
916853,0.2070642
916854,0.117891125
916855,0.16372508
916856,0.26908845
916857,0.3172041
916858,0.2074059
916859,0.30383378
916860,0.020555366
916861,0.059792887
916862,0.082007244
916863,0.31279242
916864,0.32980552
916865,0.36511108
916866,0.3128559
916867,0.31536627
916868,0.34785378
916869,0.43481272
916870,0.4292653
916871,0.4288186
916872,0.27775812
916873,0.32516688
916874,0.018664012
916875,0.15437278
916876,0.1565764
916877,0.10738202
916878,0.07194649
916879,0.07688956
916880,0.15335077
916881,0.15303205
916882,0.1744801
916883,0.10074586
916884,0.2285405
916885,0.18314679
916886,0.21560805
916887,0.15157181
916888,0.12669548
916889,0.06858996
916890,0.49363843
916891,0.53885955
916892,0.60275877
916893,0.4603257
916894,0.4611935
916895,0.57096356
916896,0.6063072
916897,0.5709363
916898,0.39420724
916899,0.404386
916900,0.60420144
916901,0.30589983
916902,0.20865677
916903,0.4312398
916904,0.3152851
916905,0.01906472
916906,0.23747025
916907,0.20310499
916908,0.2047612
916909,0.29934803
916910,0.39537483
916911,0.36728805
916912,0.33607474
916913,0.31529602
916914,0.35626698
916915,0.24289781
916916,0.21888164
916917,0.26376885
916918,0.3278577
916919,0.09332479
916920,0.030864371
916921,0.032879576
916922,0.061589036
916923,0.24954693
916924,0.37812677
916925,0.026140902
916926,0.42757562
916927,0.4216798
916928,0.48747623
916929,0.5239417
916930,0.4616553
916931,0.5240578
916932,0.5674546
916933,0.5355855
916934,0.5514474
916935,0.50513643
916936,0.4604061
916937,0.459354
916938,0.4947183
916939,0.532809
916940,0.54441565
916941,0.56212866
916942,0.35817766
916943,0.020050425
916944,0.14302486
916945,0.048409067
916946,0.04904573
916947,0.043009225
916948,0.06007297
916949,0.037949305
916950,0.059437376
916951,0.07441615
916952,0.07216148
916953,0.054444186
916954,0.07509965
916955,0.047193076
916956,0.0573013
916957,0.060107388
916958,0.075442694
916959,0.06126147
916960,0.011298584
916961,0.053064458
916962,0.053261977
916963,0.058953006
916964,0.05324408
916965,0.057135172
916966,0.0536196
916967,0.048891883
916968,0.030921059
916969,0.078491494
916970,0.07706862
916971,0.07015863
916972,0.018938053
916973,0.064137034
916974,0.06463097
916975,0.064806975
916976,0.058918547
916977,0.06655384
916978,0.27456802
916979,0.26847956
916980,0.26272556
916981,0.24987698
916982,0.16594411
916983,0.046279777
916984,0.094389826
916985,0.099292286
916986,0.47549808
916987,0.57837033
916988,0.66999197
916989,0.7057285
916990,0.6928567
916991,0.6807549
916992,0.72882617
916993,0.6849825
916994,0.71632034
916995,0.7054648
916996,0.68670416
916997,0.73080695
916998,0.6509369
916999,0.6314704
917000,0.5508317
917001,0.6215961
917002,0.37886623
917003,0.06694608
917004,0.1666155
917005,0.0654507
917006,0.23287798
917007,0.30308995
917008,0.26727515
917009,0.14360955
917010,0.15286958
917011,0.12512392
917012,0.12491611
917013,0.13077317
917014,0.28718308
917015,0.6485831
917016,0.6492144
917017,0.5638539
917018,0.6459739
917019,0.4782228
917020,0.5513231
917021,0.44925237
917022,0.44075423
917023,0.28332266
917024,0.08967065
917025,0.15308318
917026,0.15745024
917027,0.118266545
917028,0.11843923
917029,0.1088211
917030,0.13375176
917031,0.118350714
917032,0.10843468
917033,0.20252226
917034,0.13659321
917035,0.09166725
917036,0.4208544
917037,0.12320708
917038,0.14572805
917039,0.12034457
917040,0.1962541
917041,0.1293277
917042,0.12875247
917043,0.084974684
917044,0.08559499
917045,0.08516857
917046,0.12483511
917047,0.12663421
917048,0.12704091
917049,0.09824651
917050,0.021481354
917051,0.021925617
917052,0.023293784
917053,0.11073156
917054,0.028889569
917055,0.03551732
917056,0.089746326
917057,0.1033553
917058,0.022076173
917059,0.055277124
917060,0.02744313
917061,0.026747162
917062,0.02690724
917063,0.038619746
917064,0.031639915
917065,0.023003044
917066,0.011599319
917067,0.029017534
917068,0.029492766
917069,0.033300195
917070,0.028038125
917071,0.029560307
917072,0.028547747
917073,0.029039273
917074,0.013509984
917075,0.023354314
917076,0.027694508
917077,0.025741981
917078,0.02413872
917079,0.022700422
917080,0.021581285
917081,0.019226175
917082,0.030525807
917083,0.02887683
917084,0.032926876
917085,0.029476898
917086,0.116707794
917087,0.106697164
917088,0.31876728
917089,0.2234954
917090,0.2030176
917091,0.20138654
917092,0.01586321
917093,0.056822754
917094,0.03439082
917095,0.039031398
917096,0.043687873
917097,0.035930395
917098,0.029012255
917099,0.05803679
917100,0.03749693
917101,0.037237145
917102,0.026118387
917103,0.024375252
917104,0.1606344
917105,0.39570832
917106,0.1717681
917107,0.19912611
917108,0.21201394
917109,0.3974552
917110,0.20922598
917111,0.18908127
917112,0.5156986
917113,0.57205576
917114,0.5935287
917115,0.65181845
917116,0.63457626
917117,0.6360264
917118,0.6172377
917119,0.659921
917120,0.6837029
917121,0.70273155
917122,0.6515703
917123,0.42560196
917124,0.62489194
917125,0.6718611
917126,0.565473
917127,0.610049
917128,0.64014286
917129,0.6243878
917130,0.3789141
917131,0.5633485
917132,0.025611684
917133,0.10732693
917134,0.16070977
917135,0.050821315
917136,0.06763955
917137,0.09356699
917138,0.13781364
917139,0.060318585
917140,0.1340402
917141,0.059020817
917142,0.085395716
917143,0.044199236
917144,0.1611043
917145,0.09204252
917146,0.17288584
917147,0.24824572
917148,0.263713
917149,0.15346186
917150,0.18430385
917151,0.14535293
917152,0.027946705
917153,0.06752546
917154,0.07864292
917155,0.045056723
917156,0.09991347
917157,0.12502222
917158,0.28693262
917159,0.47513622
917160,0.23411697
917161,0.23861425
917162,0.2244655
917163,0.13503209
917164,0.04936848
917165,0.082713544
917166,0.07000752
917167,0.08572285
917168,0.13851193
917169,0.077579446
917170,0.07477511
917171,0.101911865
917172,0.07919054
917173,0.1232498
917174,0.08940282
917175,0.118686795
917176,0.10357571
917177,0.28263187
917178,0.11375171
917179,0.024139088
917180,0.07230188
917181,0.07177516
917182,0.056129098
917183,0.0638843
917184,0.062249515
917185,0.062491715
917186,0.073909864
917187,0.061478972
917188,0.14198649
917189,0.17384098
917190,0.12206874
917191,0.2173415
917192,0.13772005
917193,0.25132936
917194,0.17270465
917195,0.13073823
917196,0.25502163
917197,0.12394975
917198,0.11845061
917199,0.13754767
917200,0.14613858
917201,0.15312597
917202,0.12558724
917203,0.16233592
917204,0.10316479
917205,0.014065334
917206,0.032056008
917207,0.037027642
917208,0.0406121
917209,0.034854315
917210,0.040462986
917211,0.036070272
917212,0.037950262
917213,0.0159631
917214,0.08067455
917215,0.06564109
917216,0.057316888
917217,0.066843115
917218,0.06368443
917219,0.085695475
917220,0.09146523
917221,0.06949534
917222,0.02370005
917223,0.26543072
917224,0.3035132
917225,0.38955966
917226,0.18193902
917227,0.41693246
917228,0.36553395
917229,0.432964
917230,0.27511558
917231,0.2276692
917232,0.21989068
917233,0.30300605
917234,0.14241774
917235,0.46288472
917236,0.20841862
917237,0.31124753
917238,0.40224087
917239,0.38384154
917240,0.27515504
917241,0.03923677
917242,0.07594233
917243,0.24576361
917244,0.12109845
917245,0.3293932
917246,0.14371288
917247,0.21590334
917248,0.26061788
917249,0.18854548
917250,0.1682181
917251,0.07617312
917252,0.1384051
917253,0.2145937
917254,0.10511381
917255,0.36626923
917256,0.49101844
917257,0.4575397
917258,0.5097394
917259,0.387577
917260,0.5046603
917261,0.39816013
917262,0.44412962
917263,0.40192512
917264,0.40051046
917265,0.5257689
917266,0.5183041
917267,0.4206662
917268,0.3889907
917269,0.25170913
917270,0.027307281
917271,0.042875495
917272,0.050668754
917273,0.044235148
917274,0.037556257
917275,0.04806616
917276,0.050727427
917277,0.05781248
917278,0.025444495
917279,0.122238725
917280,0.038887363
917281,0.28688452
917282,0.35580325
917283,0.54889065
917284,0.34534857
917285,0.4954681
917286,0.5698724
917287,0.44813132
917288,0.5568039
917289,0.56957096
917290,0.4804695
917291,0.5309673
917292,0.4631135
917293,0.46919176
917294,0.3056417
917295,0.03230355
917296,0.1305742
917297,0.07926322
917298,0.13567726
917299,0.2185736
917300,0.18445754
917301,0.09073799
917302,0.22825836
917303,0.09090318
917304,0.14104041
917305,0.27295038
917306,0.11513213
917307,0.29054815
917308,0.1047287
917309,0.10437886
917310,0.09771782
917311,0.12958413
917312,0.034643333
917313,0.060817562
917314,0.07253312
917315,0.046278935
917316,0.053944655
917317,0.051458146
917318,0.0395638
917319,0.020875392
917320,0.22702391
917321,0.20264272
917322,0.31983793
917323,0.33733588
917324,0.23703992
917325,0.37153408
917326,0.22961129
917327,0.14530411
917328,0.3439601
917329,0.29634276
917330,0.24096343
917331,0.2180355
917332,0.015198923
917333,0.09312143
917334,0.092352025
917335,0.0800221
917336,0.07023611
917337,0.071058005
917338,0.09300884
917339,0.15475467
917340,0.01524268
917341,0.061144482
917342,0.07525519
917343,0.06726849
917344,0.044093758
917345,0.05240806
917346,0.05220123
917347,0.066858605
917348,0.051348113
917349,0.030824564
917350,0.04657904
917351,0.038613703
917352,0.047832932
917353,0.045220543
917354,0.033943783
917355,0.0681003
917356,0.041867997
917357,0.04594508
917358,0.019753128
917359,0.05412669
917360,0.055467192
917361,0.15807268
917362,0.070256785
917363,0.0601715
917364,0.08329325
917365,0.079080835
917366,0.06331838
917367,0.072114184
917368,0.022486826
917369,0.033885006
917370,0.05839667
917371,0.053104017
917372,0.060895856
917373,0.0460193
917374,0.10574861
917375,0.05556066
917376,0.066759184
917377,0.054378815
917378,0.04160231
917379,0.0991697
917380,0.0497726
917381,0.014367777
917382,0.055247523
917383,0.07557018
917384,0.13294531
917385,0.2157554
917386,0.37885618
917387,0.2129716
917388,0.23678118
917389,0.124558404
917390,0.062381998
917391,0.14010756
917392,0.06999729
917393,0.10716954
917394,0.028489184
917395,0.08792023
917396,0.5554755
917397,0.67534614
917398,0.67277396
917399,0.6943857
917400,0.7066348
917401,0.7066348
917402,0.70208216
917403,0.7011548
917404,0.68920493
917405,0.7133345
917406,0.6019596
917407,0.60485494
917408,0.3267316
917409,0.27593926
917410,0.5520338
917411,0.6343114
917412,0.6390702
917413,0.7412573
917414,0.7017854
917415,0.7453692
917416,0.6875036
917417,0.6741485
917418,0.75669473
917419,0.6389019
917420,0.7139705
917421,0.6708735
917422,0.75495833
917423,0.64938515
917424,0.56528217
917425,0.7358859
917426,0.709007
917427,0.4952733
917428,0.03993533
917429,0.042297192
917430,0.10715773
917431,0.0293813
917432,0.069699354
917433,0.17692895
917434,0.055122145
917435,0.17330016
917436,0.26461533
917437,0.23989922
917438,0.24580953
917439,0.31377107
917440,0.43018115
917441,0.31925845
917442,0.029252112
917443,0.19918737
917444,0.31138557
917445,0.18800311
917446,0.1699205
917447,0.19466421
917448,0.95437336
917449,0.17316127
917450,0.27007204
917451,0.4417223
917452,0.43469754
917453,0.3287246
917454,0.22188802
917455,0.5909602
917456,0.5417874
917457,0.39788705
917458,0.5618962
917459,0.4962836
917460,0.6063576
917461,0.56821847
917462,0.56124055
917463,0.55129874
917464,0.49943534
917465,0.62177014
917466,0.6231699
917467,0.5220615
917468,0.17200507
917469,0.14095266
917470,0.21559854
917471,0.1566142
917472,0.11932765
917473,0.06642316
917474,0.47363263
917475,0.57519996
917476,0.6123733
917477,0.6227611
917478,0.5909447
917479,0.6305916
917480,0.6397477
917481,0.6152484
917482,0.5584927
917483,0.42802384
917484,0.57265943
917485,0.4561966
917486,0.6183685
917487,0.5504914
917488,0.5826394
917489,0.54490066
917490,0.36250564
917491,0.14447808
917492,0.31984925
917493,0.22501169
917494,0.21864073
917495,0.20088553
917496,0.19994223
917497,0.20467035
917498,0.12426098
917499,0.5330736
917500,0.720792
917501,0.7816119
917502,0.8401273
917503,0.8323068
917504,0.8638709
917505,0.8597678
917506,0.8436879
917507,0.8181832
917508,0.8575079
917509,0.89842445
917510,0.8793786
917511,0.85271835
917512,0.8603089
917513,0.8388087
917514,0.8303487
917515,0.88979864
917516,0.8993364
917517,0.86193585
917518,0.8864849
917519,0.85877645
917520,0.8732506
917521,0.8764216
917522,0.8529894
917523,0.8706769
917524,0.89482903
917525,0.869593
917526,0.8365464
917527,0.8757372
917528,0.8475808
917529,0.86290026
917530,0.8580145
917531,0.89716804
917532,0.81266403
917533,0.83859915
917534,0.7737015
917535,0.808321
917536,0.7879487
917537,0.7900724
917538,0.8255023
917539,0.8205981
917540,0.8248018
917541,0.79112303
917542,0.82240367
917543,0.7786369
917544,0.8213958
917545,0.8075443
917546,0.8143225
917547,0.76802945
917548,0.8319912
917549,0.86556274
917550,0.8721848
917551,0.80089843
917552,0.87476236
917553,0.8761933
917554,0.8039188
917555,0.8003966
917556,0.76943743
917557,0.5191311
917558,0.05901175
917559,0.1172263
917560,0.08617476
917561,0.31167036
917562,0.2495562
917563,0.08250999
917564,0.04425928
917565,0.43749806
917566,0.5548993
917567,0.62519884
917568,0.6644616
917569,0.69148225
917570,0.70711505
917571,0.7461824
917572,0.7349303
917573,0.73505604
917574,0.69993013
917575,0.7138378
917576,0.70882523
917577,0.73104733
917578,0.7168215
917579,0.45866627
917580,0.657677
917581,0.67663413
917582,0.615956
917583,0.46571895
917584,0.31522563
917585,0.62895954
917586,0.6652392
917587,0.6622228
917588,0.7326725
917589,0.6827943
917590,0.73087883
917591,0.7283325
917592,0.7782851
917593,0.8055034
917594,0.7453486
917595,0.7975246
917596,0.79321665
917597,0.7473528
917598,0.74877894
917599,0.7836595
917600,0.48058063
917601,0.68189126
917602,0.6605973
917603,0.7320098
917604,0.44900164
917605,0.49565974
917606,0.66079503
917607,0.6825147
917608,0.6642029
917609,0.74851024
917610,0.49646282
917611,0.5161973
917612,0.7488896
917613,0.7602343
917614,0.79313016
917615,0.7085387
917616,0.023519892
917617,0.061733566
917618,0.045885384
917619,0.2075697
917620,0.051136952
917621,0.4855354
917622,0.48906606
917623,0.47413784
917624,0.40639082
917625,0.4744733
917626,0.45487088
917627,0.5450638
917628,0.45605737
917629,0.4820228
917630,0.46409038
917631,0.28891072
917632,0.23276302
917633,0.1976035
917634,0.1731773
917635,0.29677662
917636,0.10593194
917637,0.28687024
917638,0.21289496
917639,0.03954528
917640,0.41724816
917641,0.43297678
917642,0.46183538
917643,0.40058482
917644,0.43815473
917645,0.36673877
917646,0.54877055
917647,0.50506055
917648,0.43357342
917649,0.3785303
917650,0.49733016
917651,0.44032338
917652,0.54079765
917653,0.3959701
917654,0.5512857
917655,0.32739857
917656,0.030272827
917657,0.05713949
917658,0.055654466
917659,0.25835294
917660,0.19437203
917661,0.22750935
917662,0.2436873
917663,0.3910676
917664,0.34598845
917665,0.40786973
917666,0.09614777
917667,0.09320905
917668,0.195552
917669,0.16909215
917670,0.100168884
917671,0.32587287
917672,0.25185233
917673,0.40735286
917674,0.017628487
917675,0.04586972
917676,0.04289171
917677,0.026850397
917678,0.06918125
917679,0.027286693
917680,0.050846223
917681,0.03190901
917682,0.020284003
917683,0.061851315
917684,0.008976864
917685,0.07057031
917686,0.059565354
917687,0.08178318
917688,0.08399089
917689,0.25612563
917690,0.11287163
917691,0.07316694
917692,0.1586673
917693,0.196723
917694,0.18220031
917695,0.20938301
917696,0.20926367
917697,0.1276202
917698,0.19877003
917699,0.047425464
917700,0.124668434
917701,0.11100093
917702,0.11604812
917703,0.06739595
917704,0.15583256
917705,0.41596404
917706,0.47989595
917707,0.46894687
917708,0.5090427
917709,0.51588005
917710,0.49971312
917711,0.028938679
917712,0.09241152
917713,0.08690044
917714,0.08162703
917715,0.038222324
917716,0.50201976
917717,0.5131205
917718,0.6526446
917719,0.7026365
917720,0.71796584
917721,0.6247813
917722,0.7442533
917723,0.7164932
917724,0.75748175
917725,0.74410456
917726,0.75505114
917727,0.75720155
917728,0.6399106
917729,0.6799204
917730,0.6575612
917731,0.3529015
917732,0.2368826
917733,0.26820406
917734,0.401532
917735,0.27695692
917736,0.26904687
917737,0.23891109
917738,0.18620043
917739,0.19985913
917740,0.12419204
917741,0.035633504
917742,0.09560804
917743,0.09309437
917744,0.07301722
917745,0.12405226
917746,0.16376014
917747,0.13468713
917748,0.10405928
917749,0.090817034
917750,0.14255702
917751,0.069806196
917752,0.31469867
917753,0.42402247
917754,0.27863443
917755,0.4062459
917756,0.2938794
917757,0.38521266
917758,0.28335035
917759,0.23383124
917760,0.28295717
917761,0.32458353
917762,0.11902068
917763,0.13649726
917764,0.16429563
917765,0.015404867
917766,0.06232312
917767,0.37595457
917768,0.3672318
917769,0.25027052
917770,0.22036359
917771,0.15758146
917772,0.07970834
917773,0.568245
917774,0.56774133
917775,0.46893492
917776,0.5360914
917777,0.5996063
917778,0.5231209
917779,0.47338653
917780,0.48227233
917781,0.51364315
917782,0.5055424
917783,0.53101444
917784,0.62694246
917785,0.6428764
917786,0.38193476
917787,0.23473205
917788,0.17443223
917789,0.13270961
917790,0.118244894
917791,0.110819265
917792,0.081173666
917793,0.054020558
917794,0.04054747
917795,0.04170425
917796,0.032678213
917797,0.03239937
917798,0.031667884
917799,0.35345307
917800,0.3807377
917801,0.37714314
917802,0.10379539
917803,0.46547356
917804,0.3960832
917805,0.48928663
917806,0.627361
917807,0.69882274
917808,0.48742858
917809,0.49866745
917810,0.48893422
917811,0.57479686
917812,0.49163455
917813,0.53508615
917814,0.56695193
917815,0.61417943
917816,0.59456307
917817,0.39737913
917818,0.49182174
917819,0.021342833
917820,0.046808008
917821,0.04164363
917822,0.04704922
917823,0.051245462
917824,0.047898572
917825,0.041559782
917826,0.042151965
917827,0.033114813
917828,0.013429272
917829,0.04419197
917830,0.039920945
917831,0.058476023
917832,0.043788876
917833,0.054464307
917834,0.036934372
917835,0.041347288
917836,0.036583155
917837,0.028572772
917838,0.33529648
917839,0.33611593
917840,0.35468158
917841,0.434467
917842,0.46005088
917843,0.40423402
917844,0.34695294
917845,0.34713024
917846,0.38298997
917847,0.38844326
917848,0.2987206
917849,0.11898019
917850,0.32660148
917851,0.28526178
917852,0.23599775
917853,0.0155363595
917854,0.058410086
917855,0.050761867
917856,0.068953425
917857,0.011619826
917858,0.027581349
917859,0.037500452
917860,0.031678244
917861,0.031027775
917862,0.037227318
917863,0.05566597
917864,0.043563858
917865,0.03233289
917866,0.15620986
917867,0.16118713
917868,0.18660195
917869,0.068041116
917870,0.28020254
917871,0.45286337
917872,0.37594384
917873,0.017111788
917874,0.09449445
917875,0.10722193
917876,0.15919392
917877,0.09533935
917878,0.042200595
917879,0.04662835
917880,0.04213335
917881,0.045808047
917882,0.040256977
917883,0.03200221
917884,0.009578217
917885,0.028095443
917886,0.036694665
917887,0.030377235
917888,0.02979206
917889,0.025924074
917890,0.022992864
917891,0.013974622
917892,0.09917124
917893,0.05770595
917894,0.14065085
917895,0.10246107
917896,0.096455574
917897,0.046294585
917898,0.15275751
917899,0.10814095
917900,0.10298011
917901,0.058059864
917902,0.15106204
917903,0.009868275
917904,0.03565799
917905,0.079665005
917906,0.033888336
917907,0.03494397
917908,0.038708508
917909,0.08597239
917910,0.06894872
917911,0.074829675
917912,0.04303628
917913,0.0094294865
917914,0.081963725
917915,0.08822374
917916,0.072493
917917,0.06917924
917918,0.07245851
917919,0.04380937
917920,0.052687526
917921,0.04550714
917922,0.039968804
917923,0.016577173
917924,0.20049542
917925,0.24031447
917926,0.18986428
917927,0.15400614
917928,0.07044376
917929,0.2620085
917930,0.16396615
917931,0.26824403
917932,0.27838975
917933,0.3688308
917934,0.15567309
917935,0.36435848
917936,0.27605122
917937,0.26309922
917938,0.021883406
917939,0.33115557
917940,0.3530374
917941,0.4855194
917942,0.40486515
917943,0.47475794
917944,0.14085822
917945,0.45260167
917946,0.49260893
917947,0.4749353
917948,0.1661634
917949,0.4641271
917950,0.41969043
917951,0.46100098
917952,0.34089395
917953,0.49659044
917954,0.46575475
917955,0.1744355
917956,0.15825514
917957,0.035956427
917958,0.06276107
917959,0.058339827
917960,0.052180484
917961,0.053658996
917962,0.05058359
917963,0.088818155
917964,0.011221496
917965,0.038029388
917966,0.04197148
917967,0.03963841
917968,0.04535026
917969,0.023308558
917970,0.02408393
917971,0.036127545
917972,0.0333214
917973,0.3051999
917974,0.08551271
917975,0.38557845
917976,0.7290592
917977,0.5891525
917978,0.67117774
917979,0.69971305
917980,0.77404994
917981,0.69577163
917982,0.7067821
917983,0.670033
917984,0.61371493
917985,0.68948704
917986,0.65734047
917987,0.670185
917988,0.45017853
917989,0.3129452
917990,0.4743016
917991,0.37088215
917992,0.28470463
917993,0.32038656
917994,0.20183566
917995,0.029802648
917996,0.27209458
917997,0.33176082
917998,0.26531488
917999,0.26018646
918000,0.24509192
918001,0.3380429
918002,0.19381848
918003,0.1469504
918004,0.17179671
918005,0.10047799
918006,0.08777427
918007,0.0714706
918008,0.08280109
918009,0.29730755
918010,0.28292567
918011,0.41035697
918012,0.43400255
918013,0.40871343
918014,0.5161766
918015,0.36879194
918016,0.2840481
918017,0.32089525
918018,0.29283217
918019,0.06095886
918020,0.054204825
918021,0.04670724
918022,0.08985714
918023,0.03418393
918024,0.058971737
918025,0.10337156
918026,0.053431083
918027,0.07177195
918028,0.047948558
918029,0.09168603
918030,0.057442382
918031,0.046863113
918032,0.031305734
918033,0.1304556
918034,0.15368555
918035,0.18936805
918036,0.12888807
918037,0.31191206
918038,0.20679934
918039,0.23730467
918040,0.2259069
918041,0.13498385
918042,0.16723458
918043,0.23565084
918044,0.2265425
918045,0.3609161
918046,0.5652864
918047,0.5608297
918048,0.62255245
918049,0.594161
918050,0.62216103
918051,0.5956731
918052,0.5977177
918053,0.57966226
918054,0.6839605
918055,0.7050887
918056,0.6667546
918057,0.63376474
918058,0.52691835
918059,0.7002737
918060,0.51815957
918061,0.6142216
918062,0.6294688
918063,0.43791726
918064,0.029438896
918065,0.39495906
918066,0.35125872
918067,0.42788163
918068,0.51961374
918069,0.5298669
918070,0.5307772
918071,0.47194356
918072,0.6220104
918073,0.50926834
918074,0.5385299
918075,0.49806854
918076,0.53540957
918077,0.5462062
918078,0.58977324
918079,0.38145238
918080,0.55428857
918081,0.45859742
918082,0.5447191
918083,0.456707
918084,0.52832544
918085,0.46618232
918086,0.09395073
918087,0.46706653
918088,0.541156
918089,0.30233988
918090,0.48845044
918091,0.4913259
918092,0.6837587
918093,0.6598328
918094,0.7281195
918095,0.63851154
918096,0.55098456
918097,0.65205824
918098,0.6992149
918099,0.63403267
918100,0.6879445
918101,0.5878845
918102,0.6623643
918103,0.6174996
918104,0.7095447
918105,0.6942736
918106,0.5929097
918107,0.5997797
918108,0.5506733
918109,0.56894314
918110,0.6351147
918111,0.33045
918112,0.06581731
918113,0.33810642
918114,0.23276763
918115,0.33460405
918116,0.39579383
918117,0.48668784
918118,0.25196677
918119,0.32608637
918120,0.23573524
918121,0.36453485
918122,0.3942566
918123,0.30039936
918124,0.20137033
918125,0.3531347
918126,0.26138023
918127,0.19789378
918128,0.13968237
918129,0.1569026
918130,0.15043427
918131,0.1448669
918132,0.10795595
918133,0.028155573
918134,0.08490215
918135,0.06765886
918136,0.095419616
918137,0.21376832
918138,0.07543771
918139,0.08314361
918140,0.092630066
918141,0.15404302
918142,0.1021698
918143,0.099624686
918144,0.11394311
918145,0.114671335
918146,0.10963066
918147,0.09121471
918148,0.015081182
918149,0.16560484
918150,0.16136658
918151,0.11281729
918152,0.1257346
918153,0.12112721
918154,0.16564748
918155,0.035007466
918156,0.28174138
918157,0.37979722
918158,0.20162489
918159,0.18386818
918160,0.19476837
918161,0.15787636
918162,0.16736875
918163,0.09862769
918164,0.4586416
918165,0.41406572
918166,0.32987398
918167,0.38683978
918168,0.38682458
918169,0.33381715
918170,0.36932665
918171,0.4114208
918172,0.22092861
918173,0.31314343
918174,0.40487373
918175,0.33954993
918176,0.30553213
918177,0.060470562
918178,0.0128211
918179,0.028712396
918180,0.03664233
918181,0.03661282
918182,0.03363248
918183,0.033100635
918184,0.03911889
918185,0.028865281
918186,0.08041935
918187,0.35556778
918188,0.6024458
918189,0.6706788
918190,0.61764276
918191,0.6123461
918192,0.259919
918193,0.4686811
918194,0.6208139
918195,0.5983943
918196,0.6213893
918197,0.6345246
918198,0.66023666
918199,0.66853124
918200,0.7277124
918201,0.7310601
918202,0.7405168
918203,0.62571603
918204,0.77137816
918205,0.622726
918206,0.66057515
918207,0.62220263
918208,0.71670955
918209,0.6316913
918210,0.51856524
918211,0.058029376
918212,0.017336424
918213,0.03170355
918214,0.038217865
918215,0.031287678
918216,0.018231837
918217,0.03240459
918218,0.029879954
918219,0.035798345
918220,0.030651495
918221,0.07019125
918222,0.15079194
918223,0.010815306
918224,0.037832394
918225,0.05804567
918226,0.039925195
918227,0.038740635
918228,0.016466191
918229,0.19629672
918230,0.19201615
918231,0.24122295
918232,0.23716399
918233,0.21198957
918234,0.4099883
918235,0.43503925
918236,0.11981072
918237,0.04376432
918238,0.2515376
918239,0.2182796
918240,0.21305181
918241,0.21046902
918242,0.25951892
918243,0.18923397
918244,0.12638034
918245,0.031465575
918246,0.06435367
918247,0.042269524
918248,0.042890597
918249,0.03770774
918250,0.077487856
918251,0.2843889
918252,0.34578988
918253,0.4406013
918254,0.42253777
918255,0.3226582
918256,0.40379918
918257,0.2550998
918258,0.3741072
918259,0.48070005
918260,0.31920433
918261,0.37162337
918262,0.32881075
918263,0.47974467
918264,0.30773258
918265,0.026524385
918266,0.045897275
918267,0.043921974
918268,0.04546521
918269,0.054034933
918270,0.2971999
918271,0.092540234
918272,0.091571115
918273,0.083347194
918274,0.122485206
918275,0.03259219
918276,0.3129222
918277,0.38774067
918278,0.41922474
918279,0.4518829
918280,0.21428865
918281,0.35838863
918282,0.32467917
918283,0.5819403
918284,0.5148617
918285,0.4514577
918286,0.584059
918287,0.5118535
918288,0.52904665
918289,0.44915897
918290,0.47888187
918291,0.64696515
918292,0.44626236
918293,0.58897173
918294,0.60528284
918295,0.31272504
918296,0.0313144
918297,0.04500967
918298,0.038948316
918299,0.25285032
918300,0.19809617
918301,0.13349906
918302,0.11076955
918303,0.5809312
918304,0.580587
918305,0.71952474
918306,0.75671625
918307,0.66849244
918308,0.6992498
918309,0.68465126
918310,0.6595802
918311,0.82124406
918312,0.8329531
918313,0.8193174
918314,0.8167681
918315,0.83045197
918316,0.8484967
918317,0.85174525
918318,0.8393136
918319,0.85259485
918320,0.8558732
918321,0.8441958
918322,0.7932762
918323,0.69155115
918324,0.6885332
918325,0.8663205
918326,0.720881
918327,0.86033297
918328,0.84774464
918329,0.84093916
918330,0.8310693
918331,0.8143634
918332,0.83504605
918333,0.8899188
918334,0.850747
918335,0.75301415
918336,0.8663493
918337,0.7041895
918338,0.7256271
918339,0.7187032
918340,0.69189066
918341,0.6340419
918342,0.60243225
918343,0.6715654
918344,0.7671996
918345,0.6687919
918346,0.5687443
918347,0.65598655
918348,0.21945818
918349,0.032712862
918350,0.0481704
918351,0.049128503
918352,0.051930867
918353,0.053070866
918354,0.050583344
918355,0.052029114
918356,0.08490497
918357,0.012529247
918358,0.09672215
918359,0.060878478
918360,0.0719363
918361,0.07020118
918362,0.05428612
918363,0.056099378
918364,0.15452157
918365,0.21391234
918366,0.18371113
918367,0.14591278
918368,0.17563939
918369,0.19341056
918370,0.21256284
918371,0.20572819
918372,0.02226584
918373,0.23196903
918374,0.2777754
918375,0.3180552
918376,0.33785525
918377,0.35691094
918378,0.2569579
918379,0.3188184
918380,0.363182
918381,0.35986003
918382,0.3178908
918383,0.4003405
918384,0.33507273
918385,0.18362613
918386,0.15484962
918387,0.16989611
918388,0.090953946
918389,0.098249614
918390,0.021743637
918391,0.2713434
918392,0.35439184
918393,0.35587865
918394,0.17199418
918395,0.34250367
918396,0.40295842
918397,0.3486704
918398,0.4653554
918399,0.34683245
918400,0.4057874
918401,0.38906974
918402,0.36457917
918403,0.43314275
918404,0.22670384
918405,0.0335023
918406,0.28337044
918407,0.41551462
918408,0.535881
918409,0.56769127
918410,0.46805578
918411,0.5942151
918412,0.6264171
918413,0.4758901
918414,0.6252402
918415,0.54795116
918416,0.63152915
918417,0.5266886
918418,0.61612713
918419,0.54459065
918420,0.57711935
918421,0.5976371
918422,0.643519
918423,0.5887301
918424,0.43491784
918425,0.37640283
918426,0.41220558
918427,0.25856802
918428,0.09906181
918429,0.48859024
918430,0.5841662
918431,0.6776572
918432,0.66390175
918433,0.70131993
918434,0.70600414
918435,0.6922686
918436,0.72468233
918437,0.70278656
918438,0.68637735
918439,0.731126
918440,0.69289774
918441,0.684428
918442,0.7214343
918443,0.70575213
918444,0.72685206
918445,0.72662044
918446,0.72222614
918447,0.6798936
918448,0.3306906
918449,0.025269512
918450,0.08146978
918451,0.07287467
918452,0.115955055
918453,0.05728374
918454,0.060756978
918455,0.052816737
918456,0.053568438
918457,0.038343117
918458,0.06925149
918459,0.059646368
918460,0.093389586
918461,0.06315229
918462,0.08773774
918463,0.12750609
918464,0.081264965
918465,0.11945699
918466,0.09900457
918467,0.012779957
918468,0.07775219
918469,0.055099305
918470,0.017695531
918471,0.03605082
918472,0.04405228
918473,0.047521457
918474,0.03421961
918475,0.081965275
918476,0.11571297
918477,0.08394049
918478,0.07093028
918479,0.03551473
918480,0.017903397
918481,0.0847548
918482,0.1494594
918483,0.075876
918484,0.10373358
918485,0.08707937
918486,0.07129071
918487,0.053451803
918488,0.06811622
918489,0.052204628
918490,0.13216211
918491,0.16232483
918492,0.070129566
918493,0.19856273
918494,0.3712042
918495,0.31944454
918496,0.20823844
918497,0.24396904
918498,0.16855864
918499,0.38129628
918500,0.13112971
918501,0.22507702
918502,0.020332651
918503,0.11948239
918504,0.12757821
918505,0.06542062
918506,0.06635636
918507,0.0949979
918508,0.06709448
918509,0.061031964
918510,0.16564064
918511,0.12793942
918512,0.08303665
918513,0.30615819
918514,0.27007645
918515,0.24374543
918516,0.34732914
918517,0.17034356
918518,0.1501129
918519,0.12919377
918520,0.34920004
918521,0.4654435
918522,0.41957474
918523,0.265564
918524,0.37385184
918525,0.28616422
918526,0.47940606
918527,0.40858388
918528,0.22685544
918529,0.017825974
918530,0.10690741
918531,0.10168599
918532,0.085484356
918533,0.06908539
918534,0.06365524
918535,0.04219154
918536,0.10692287
918537,0.11839882
918538,0.112553865
918539,0.11581547
918540,0.12425391
918541,0.114980705
918542,0.09668236
918543,0.23931666
918544,0.020755311
918545,0.07715317
918546,0.082750835
918547,0.079101294
918548,0.05012829
918549,0.20582466
918550,0.15974157
918551,0.040844355
918552,0.122116186
918553,0.10258271
918554,0.10983659
918555,0.14900878
918556,0.09556123
918557,0.076066144
918558,0.088339336
918559,0.07956616
918560,0.014362936
918561,0.07045282
918562,0.05528761
918563,0.05469693
918564,0.038793784
918565,0.040784337
918566,0.0540267
918567,0.047913555
918568,0.049786113
918569,0.25972998
918570,0.01586516
918571,0.07314849
918572,0.06636557
918573,0.1288156
918574,0.077396914
918575,0.076058805
918576,0.07785217
918577,0.09572198
918578,0.09673493
918579,0.06812303
918580,0.093314
918581,0.020477377
918582,0.090624996
918583,0.053813446
918584,0.062200323
918585,0.06317509
918586,0.081207134
918587,0.06425886
918588,0.06189431
918589,0.05001919
918590,0.05002082
918591,0.24191651
918592,0.24653408
918593,0.15701461
918594,0.06549722
918595,0.03595762
918596,0.03695676
918597,0.03980874
918598,0.030978499
918599,0.024696432
918600,0.024960903
918601,0.017813398
918602,0.08188666
918603,0.16946182
918604,0.10956737
918605,0.13959487
918606,0.10343803
918607,0.025487874
918608,0.04569802
918609,0.05383853
918610,0.05152313
918611,0.051251188
918612,0.053195987
918613,0.06144569
918614,0.055191416
918615,0.006316603
918616,0.013376786
918617,0.011360894
918618,0.01528491
918619,0.01207073
918620,0.013876595
918621,0.014449455
918622,0.09880313
918623,0.41476142
918624,0.5238036
918625,0.6809044
918626,0.7032919
918627,0.7154076
918628,0.73336166
918629,0.7491717
918630,0.69717574
918631,0.7280048
918632,0.63823545
918633,0.70426625
918634,0.75199866
918635,0.7359768
918636,0.7910562
918637,0.7558667
918638,0.80715275
918639,0.77556837
918640,0.6705426
918641,0.8059569
918642,0.6012501
918643,0.73442215
918644,0.7916147
918645,0.71800286
918646,0.6681211
918647,0.7927716
918648,0.6235893
918649,0.72508615
918650,0.5580156
918651,0.02190844
918652,0.13171008
918653,0.16128568
918654,0.109752044
918655,0.14090884
918656,0.23983617
918657,0.010264392
918658,0.012440312
918659,0.016112698
918660,0.017224388
918661,0.01331395
918662,0.016881745
918663,0.016743762
918664,0.13755684
918665,0.57731855
918666,0.657196
918667,0.663625
918668,0.70829844
918669,0.68944395
918670,0.7396596
918671,0.7657281
918672,0.7629449
918673,0.7415675
918674,0.6875071
918675,0.78963584
918676,0.77802885
918677,0.7066673
918678,0.63573444
918679,0.7568998
918680,0.71061444
918681,0.76829505
918682,0.7759767
918683,0.8220367
918684,0.7240012
918685,0.7416808
918686,0.7625361
918687,0.71610224
918688,0.7869728
918689,0.7630601
918690,0.6869265
918691,0.53295887
918692,0.109556764
918693,0.108658336
918694,0.085299306
918695,0.22764762
918696,0.09212508
918697,0.010183559
918698,0.015787555
918699,0.01985857
918700,0.014151755
918701,0.103941366
918702,0.4174617
918703,0.30546027
918704,0.2733137
918705,0.29675293
918706,0.30525663
918707,0.32298934
918708,0.02329687
918709,0.10344883
918710,0.034775186
918711,0.010677954
918712,0.015971558
918713,0.022922136
918714,0.015774926
918715,0.020919355
918716,0.014609044
918717,0.0153350355
918718,0.05068151
918719,0.008757517
918720,0.01640748
918721,0.0166092
918722,0.011677276
918723,0.015909804
918724,0.020365722
918725,0.021649742
918726,0.019932304
918727,0.02579141
918728,0.017543862
918729,0.031804908
918730,0.016837012
918731,0.017514177
918732,0.01709735
918733,0.13414751
918734,0.02579104
918735,0.019193629
918736,0.044460017
918737,0.46545878
918738,0.3191451
918739,0.39942965
918740,0.42734236
918741,0.36084306
918742,0.412587
918743,0.4669003
918744,0.19010662
918745,0.034605727
918746,0.09726589
918747,0.102125674
918748,0.08176388
918749,0.04102216
918750,0.05858398
918751,0.032610063
918752,0.07740691
918753,0.24344459
918754,0.37793565
918755,0.2489783
918756,0.07262423
918757,0.08312156
918758,0.053930372
918759,0.058584385
918760,0.5990912
918761,0.58164877
918762,0.6673434
918763,0.72924817
918764,0.7798668
918765,0.67881787
918766,0.74868536
918767,0.70126534
918768,0.72421384
918769,0.7281697
918770,0.7381746
918771,0.7198162
918772,0.7230978
918773,0.79068536
918774,0.7149044
918775,0.7181081
918776,0.6900802
918777,0.3602066
918778,0.04727564
918779,0.10484346
918780,0.0895408
918781,0.09041422
918782,0.091083564
918783,0.107623406
918784,0.16308138
918785,0.2933818
918786,0.12603794
918787,0.98519856
918788,0.022395423
918789,0.24002613
918790,0.20241405
918791,0.19120096
918792,0.31406724
918793,0.28409013
918794,0.2668846
918795,0.24815501
918796,0.25118667
918797,0.28272808
918798,0.2196289
918799,0.5238278
918800,0.37128237
918801,0.49243197
918802,0.6244415
918803,0.662838
918804,0.49717635
918805,0.60564417
918806,0.5970388
918807,0.644822
918808,0.5589554
918809,0.578606
918810,0.5921555
918811,0.6597085
918812,0.5630984
918813,0.43839467
918814,0.622533
918815,0.3964545
918816,0.050340984
918817,0.08200955
918818,0.07302789
918819,0.06280627
918820,0.047982212
918821,0.1780785
918822,0.14676782
918823,0.11742762
918824,0.20026731
918825,0.2428582
918826,0.05690218
918827,0.41112557
918828,0.46381664
918829,0.61534804
918830,0.62292105
918831,0.44134223
918832,0.51053125
918833,0.56103945
918834,0.50698465
918835,0.63967645
918836,0.45347348
918837,0.32525158
918838,0.2054903
918839,0.51266634
918840,0.44997594
918841,0.58894175
918842,0.45169905
918843,0.5545679
918844,0.5815531
918845,0.58574504
918846,0.5581697
918847,0.6092666
918848,0.5342514
918849,0.53037864
918850,0.65271527
918851,0.557066
918852,0.488598
918853,0.425806
918854,0.10212521
918855,0.07795318
918856,0.16594264
918857,0.6016755
918858,0.6593554
918859,0.6850861
918860,0.71883714
918861,0.71007055
918862,0.6893414
918863,0.73322624
918864,0.7424266
918865,0.7240213
918866,0.630031
918867,0.67340064
918868,0.6785727
918869,0.65394294
918870,0.51520854
918871,0.38291642
918872,0.13452566
918873,0.21252201
918874,0.17190616
918875,0.19116078
918876,0.16015702
918877,0.13982452
918878,0.04047389
918879,0.1311842
918880,0.11876899
918881,0.16114424
918882,0.18485887
918883,0.15753205
918884,0.14844638
918885,0.1014571
918886,0.11171612
918887,0.022905305
918888,0.13274461
918889,0.13906266
918890,0.09806505
918891,0.092702456
918892,0.12387844
918893,0.11340719
918894,0.09791378
918895,0.18507904
918896,0.3309632
918897,0.20389706
918898,0.019075464
918899,0.10293763
918900,0.22470963
918901,0.27517235
918902,0.09547505
918903,0.3610408
918904,0.2552095
918905,0.28178343
918906,0.32450163
918907,0.061857663
918908,0.09365461
918909,0.015253857
918910,0.033016328
918911,0.036887858
918912,0.09903294
918913,0.022081075
918914,0.07242666
918915,0.083583236
918916,0.096340686
918917,0.08120943
918918,0.074441366
918919,0.09190018
918920,0.073559836
918921,0.014781032
918922,0.06006531
918923,0.03550912
918924,0.07574928
918925,0.03953919
918926,0.08696422
918927,0.06239882
918928,0.038106978
918929,0.3958908
918930,0.54988116
918931,0.55435526
918932,0.5807422
918933,0.6601651
918934,0.483272
918935,0.6254384
918936,0.5869274
918937,0.52980727
918938,0.5804519
918939,0.48623657
918940,0.63570756
918941,0.58470404
918942,0.62967575
918943,0.6902196
918944,0.2824241
918945,0.014511018
918946,0.0500581
918947,0.077156715
918948,0.18395425
918949,0.09270382
918950,0.04015047
918951,0.034887347
918952,0.036390718
918953,0.021660466
918954,0.21363424
918955,0.3806547
918956,0.2722917
918957,0.35992366
918958,0.20575461
918959,0.30598852
918960,0.3002143
918961,0.28886026
918962,0.01077042
918963,0.011537564
918964,0.016998269
918965,0.021390617
918966,0.016162893
918967,0.015824331
918968,0.012721804
918969,0.012887767
918970,0.049299795
918971,0.12600955
918972,0.14299981
918973,0.16442285
918974,0.15574978
918975,0.15412252
918976,0.15979005
918977,0.11523043
918978,0.10863095
918979,0.13007003
918980,0.12496624
918981,0.107213594
918982,0.07635092
918983,0.0066643683
918984,0.01238039
918985,0.014130901
918986,0.012663286
918987,0.013119067
918988,0.012357841
918989,0.065659635
918990,0.15743795
918991,0.16277683
918992,0.012334584
918993,0.03276296
918994,0.0323542
918995,0.034744307
918996,0.052173786
918997,0.033626854
918998,0.03621051
918999,0.01248422
919000,0.020340666
919001,0.020166706
919002,0.023310268
919003,0.020401852
919004,0.020315392
919005,0.02434906
919006,0.05437951
919007,0.01872129
919008,0.11524495
919009,0.015586991
919010,0.04999512
919011,0.052772928
919012,0.0116480915
919013,0.015853088
919014,0.019158786
919015,0.012917123
919016,0.1275351
919017,0.1743148
919018,0.13475399
919019,0.16834922
919020,0.09561581
919021,0.010867059
919022,0.017312648
919023,0.02507375
919024,0.017222047
919025,0.022166563
919026,0.016226886
919027,0.015100572
919028,0.049728677
919029,0.080732055
919030,0.09163132
919031,0.017070925
919032,0.018013705
919033,0.02042916
919034,0.015881652
919035,0.04154889
919036,0.25097516
919037,0.20069447
919038,0.1300475
919039,0.1665207
919040,0.019993184
919041,0.019070156
919042,0.023610026
919043,0.025740325
919044,0.096912466
919045,0.026351096
919046,0.035793956
919047,0.027458247
919048,0.26780897
919049,0.19409151
919050,0.22922617
919051,0.19489981
919052,0.30711383
919053,0.2619483
919054,0.19720308
919055,0.29125935
919056,0.18115038
919057,0.1202004
919058,0.28264865
919059,0.096891835
919060,0.10197623
919061,0.10767872
919062,0.094297245
919063,0.9778275
919064,0.10028716
919065,0.10265224
919066,0.10180353
919067,0.09753576
919068,0.0076954546
919069,0.01479066
919070,0.014658689
919071,0.015147686
919072,0.021320932
919073,0.020179987
919074,0.19622436
919075,0.012544566
919076,0.04773556
919077,0.040464588
919078,0.0398256
919079,0.036850996
919080,0.037506122
919081,0.008015621
919082,0.029226875
919083,0.029690677
919084,0.02946786
919085,0.029375806
919086,0.029162167
919087,0.032161314
919088,0.035581116
919089,0.052489925
919090,0.02635419
919091,0.02197801
919092,0.14453286
919093,0.09530994
919094,0.08652704
919095,0.07361778
919096,0.094470955
919097,0.27581602
919098,0.13511226
919099,0.11928788
919100,0.14806162
919101,0.09174937
919102,0.07100921
919103,0.08990891
919104,0.015624782
919105,0.13125996
919106,0.124258205
919107,0.14758049
919108,0.1382313
919109,0.12434252
919110,0.15258114
919111,0.014756907
919112,0.15558654
919113,0.12043453
919114,0.20942529
919115,0.22073476
919116,0.2608383
919117,0.11691904
919118,0.1976379
919119,0.16573577
919120,0.07607685
919121,0.10492594
919122,0.22100365
919123,0.38988551
919124,0.3510507
919125,0.058372516
919126,0.21028556
919127,0.32583657
919128,0.28814602
919129,0.24071573
919130,0.34298128
919131,0.34537888
919132,0.46626115
919133,0.1981828
919134,0.20228758
919135,0.17496246
919136,0.033414565
919137,0.17618087
919138,0.15753555
919139,0.19923519
919140,0.16706105
919141,0.19104043
919142,0.0465878
919143,0.054102004
919144,0.076437905
919145,0.053732786
919146,0.11410722
919147,0.030898105
919148,0.052435946
919149,0.042999502
919150,0.052669145
919151,0.040212482
919152,0.14897658
919153,0.016655127
919154,0.03991548
919155,0.034522906
919156,0.044322815
919157,0.04245739
919158,0.04232523
919159,0.044020817
919160,0.031374786
919161,0.038087983
919162,0.030649148
919163,0.23346353
919164,0.24762207
919165,0.16451386
919166,0.22194542
919167,0.15797763
919168,0.23551548
919169,0.22921593
919170,0.1717148
919171,0.014632546
919172,0.0696339
919173,0.07132469
919174,0.04729621
919175,0.07863539
919176,0.69696856
919177,0.87943053
919178,0.88982195
919179,0.9322849
919180,0.9249658
919181,0.96015936
919182,0.9616959
919183,0.95265996
919184,0.96432894
919185,0.96472377
919186,0.9603163
919187,0.96703845
919188,0.96439284
919189,0.95644206
919190,0.95406187
919191,0.9661813
919192,0.9512016
919193,0.9651613
919194,0.9673651
919195,0.9656421
919196,0.9749938
919197,0.96571714
919198,0.9669745
919199,0.96569645
919200,0.9669945
919201,0.9627704
919202,0.95710534
919203,0.9667563
919204,0.96888095
919205,0.9695849
919206,0.9667721
919207,0.96732384
919208,0.9644171
919209,0.96555394
919210,0.9657231
919211,0.9592438
919212,0.96397626
919213,0.9356745
919214,0.96624315
919215,0.9629109
919216,0.959636
919217,0.96692055
919218,0.96754587
919219,0.9660234
919220,0.9691205
919221,0.97058016
919222,0.9702749
919223,0.9685532
919224,0.96267086
919225,0.9678757
919226,0.9606217
919227,0.96166295
919228,0.9630912
919229,0.9606217
919230,0.96830857
919231,0.96589947
919232,0.9700824
919233,0.9672519
919234,0.96060413
919235,0.9632157
919236,0.9695923
919237,0.9655115
919238,0.9589247
919239,0.9559483
919240,0.96974653
919241,0.96859497
919242,0.969956
919243,0.96923155
919244,0.9697271
919245,0.9663099
919246,0.9688222
919247,0.9688759
919248,0.9686543
919249,0.9481668
919250,0.96665704
919251,0.9680882
919252,0.96010727
919253,0.95808005
919254,0.940546
919255,0.96721953
919256,0.96705073
919257,0.96688956
919258,0.96709496
919259,0.9631498
919260,0.9646529
919261,0.970335
919262,0.9698168
919263,0.96147615
919264,0.9640951
919265,0.96618986
919266,0.96500933
919267,0.9700127
919268,0.9605901
919269,0.9736506
919270,0.9689304
919271,0.9648525
919272,0.9560725
919273,0.96909285
919274,0.9608825
919275,0.96603227
919276,0.97321004
919277,0.9655419
919278,0.9644406
919279,0.9698262
919280,0.97218496
919281,0.96877867
919282,0.9637088
919283,0.96183616
919284,0.9605024
919285,0.9679068
919286,0.970087
919287,0.9669052
919288,0.9661487
919289,0.9656414
919290,0.9515278
919291,0.96705496
919292,0.9681396
919293,0.9536191
919294,0.9636325
919295,0.95658207
919296,0.9639417
919297,0.9572068
919298,0.9513684
919299,0.95681703
919300,0.96775514
919301,0.9692564
919302,0.96726984
919303,0.9675138
919304,0.96367013
919305,0.968193
919306,0.9704661
919307,0.95802677
919308,0.96637285
919309,0.9529849
919310,0.9632801
919311,0.96409225
919312,0.96638495
919313,0.96656114
919314,0.959158
919315,0.9495424
919316,0.28683022
919317,0.17911549
919318,0.09157818
919319,0.20801765
919320,0.352002
919321,0.27862975
919322,0.23295347
919323,0.33467266
919324,0.34133077
919325,0.35396805
919326,0.3674366
919327,0.452078
919328,0.24745509
919329,0.033655576
919330,0.027521202
919331,0.04339203
919332,0.03912941
919333,0.33570123
919334,0.10420838
919335,0.07766063
919336,0.09856382
919337,0.34665927
919338,0.27333757
919339,0.31152445
919340,0.016296025
919341,0.046946205
919342,0.03146773
919343,0.03102489
919344,0.057169832
919345,0.05810716
919346,0.10467631
919347,0.058881044
919348,0.05971501
919349,0.05252222
919350,0.028003816
919351,0.082154594
919352,0.067169376
919353,0.07784912
919354,0.041719306
919355,0.21608725
919356,0.2155412
919357,0.26112935
919358,0.22356382
919359,0.15024851
919360,0.26169178
919361,0.012336746
919362,0.020711154
919363,0.027079117
919364,0.0211482
919365,0.01705577
919366,0.013931407
919367,0.03728981
919368,0.04055722
919369,0.040120315
919370,0.036256418
919371,0.03839473
919372,0.04367376
919373,0.028796287
919374,0.2688162
919375,0.16045903
919376,0.008776686
919377,0.026558882
919378,0.018353034
919379,0.021179201
919380,0.026411954
919381,0.05208283
919382,0.017957192
919383,0.1460214
919384,0.46600655
919385,0.38181943
919386,0.4548815
919387,0.508235
919388,0.61201197
919389,0.56131935
919390,0.5506673
919391,0.50101584
919392,0.65543413
919393,0.5853098
919394,0.6832066
919395,0.65498954
919396,0.57154924
919397,0.5321363
919398,0.5380206
919399,0.6300197
919400,0.5538495
919401,0.5408645
919402,0.3336913
919403,0.020974765
919404,0.021756569
919405,0.03013484
919406,0.03381063
919407,0.03218801
919408,0.02969256
919409,0.05034685
919410,0.03275536
919411,0.045521438
919412,0.030550934
919413,0.30642566
919414,0.3078499
919415,0.22716323
919416,0.16690713
919417,0.29990596
919418,0.17497371
919419,0.18692783
919420,0.22894283
919421,0.26498085
919422,0.2536283
919423,0.26125562
919424,0.19653161
919425,0.00793093
919426,0.020602003
919427,0.018534847
919428,0.019866146
919429,0.01906478
919430,0.019730749
919431,0.018696105
919432,0.05080323
919433,0.045104384
919434,0.041951906
919435,0.03733183
919436,0.05111608
919437,0.03705669
919438,0.048073526
919439,0.039838683
919440,0.012488406
919441,0.09417608
919442,0.07026164
919443,0.11741044
919444,0.08646168
919445,0.0806676
919446,0.07068051
919447,0.011231441
919448,0.061387453
919449,0.06539217
919450,0.07161264
919451,0.060732927
919452,0.09099706
919453,0.15378653
919454,0.16197892
919455,0.13204333
919456,0.11381046
919457,0.16730842
919458,0.14838926
919459,0.01980613
919460,0.029217726
919461,0.027842049
919462,0.026371717
919463,0.027075088
919464,0.02929858
919465,0.026183885
919466,0.011411839
919467,0.02317396
919468,0.023701154
919469,0.02942716
919470,0.02751706
919471,0.027895572
919472,0.022572268
919473,0.011705045
919474,0.035731275
919475,0.036560312
919476,0.03210367
919477,0.030801147
919478,0.03744204
919479,0.062857375
919480,0.029342787
919481,0.009269095
919482,0.026565418
919483,0.025311694
919484,0.024824863
919485,0.026188152
919486,0.02478885
919487,0.022860626
919488,0.0129303895
919489,0.029743748
919490,0.02767907
919491,0.030014565
919492,0.049873307
919493,0.025752015
919494,0.026313527
919495,0.021461632
919496,0.23542568
919497,0.013679308
919498,0.064935714
919499,0.07900709
919500,0.07142505
919501,0.073349215
919502,0.072500095
919503,0.085219
919504,0.21093266
919505,0.20525026
919506,0.258588
919507,0.1759385
919508,0.23688447
919509,0.26148805
919510,0.24016924
919511,0.24120112
919512,0.16654919
919513,0.29787228
919514,0.12304785
919515,0.13072129
919516,0.13972953
919517,0.13045286
919518,0.13600318
919519,0.0630094
919520,0.10289383
919521,0.19325227
919522,0.15961762
919523,0.09714575
919524,0.011289399
919525,0.022415502
919526,0.023432408
919527,0.024599636
919528,0.022379225
919529,0.021981532
919530,0.024359405
919531,0.025073966
919532,0.024797594
919533,0.052192323
919534,0.14938383
919535,0.056125514
919536,0.020152854
919537,0.060939305
919538,0.058695134
919539,0.047084518
919540,0.036666088
919541,0.07119768
919542,0.041347675
919543,0.034290347
919544,0.051831637
919545,0.02713995
919546,0.03759791
919547,0.012095342
919548,0.059999187
919549,0.063350655
919550,0.06317018
919551,0.06337529
919552,0.100296564
919553,0.20931607
919554,0.17735022
919555,0.122549824
919556,0.0957517
919557,0.023293344
919558,0.10900397
919559,0.05193091
919560,0.043258276
919561,0.050201263
919562,0.049295235
919563,0.13261132
919564,0.12695022
919565,0.085381106
919566,0.08656608
919567,0.02723233
919568,0.04484685
919569,0.06936995
919570,0.04931154
919571,0.0949234
919572,0.067085795
919573,0.07887169
919574,0.05872052
919575,0.05439921
919576,0.041590866
919577,0.2461717
919578,0.097663976
919579,0.096383914
919580,0.092358775
919581,0.09305068
919582,0.09935501
919583,0.1067637
919584,0.08969693
919585,0.096810855
919586,0.06963901
919587,0.044803403
919588,0.06327676
919589,0.052064106
919590,0.036730777
919591,0.056032147
919592,0.069886744
919593,0.021408997
919594,0.07180956
919595,0.077168226
919596,0.073566556
919597,0.079532675
919598,0.07794328
919599,0.07908459
919600,0.09594565
919601,0.18235776
919602,0.3286763
919603,0.14275117
919604,0.115406394
919605,0.12957531
919606,0.13762163
919607,0.16094369
919608,0.08517121
919609,0.014055795
919610,0.06955208
919611,0.060411196
919612,0.058486473
919613,0.05227713
919614,0.07314994
919615,0.102330916
919616,0.032060914
919617,0.04001891
919618,0.047770295
919619,0.073947944
919620,0.09725396
919621,0.079756916
919622,0.077786006
919623,0.07509017
919624,0.042044554
919625,0.032229226
919626,0.016905513
919627,0.021128254
919628,0.07965817
919629,0.09640612
919630,0.20523523
919631,0.22574693
919632,0.08102711
919633,0.26631978
919634,0.19039865
919635,0.17480503
919636,0.14704762
919637,0.10301577
919638,0.014112697
919639,0.02000596
919640,0.013800147
919641,0.01631517
919642,0.0116730565
919643,0.110911936
919644,0.01648775
919645,0.018039254
919646,0.0135157555
919647,0.011292822
919648,0.03321199
919649,0.022052458
919650,0.023055488
919651,0.017246341
919652,0.008033762
919653,0.011756837
919654,0.017142475
919655,0.0117282355
919656,0.018462753
919657,0.020944187
919658,0.019656608
919659,0.022433685
919660,0.022176746
919661,0.016371235
919662,0.020028077
919663,0.0519773
919664,0.03743342
919665,0.04447183
919666,0.037922572
919667,0.18921916
919668,0.14553344
919669,0.24860352
919670,0.033866372
919671,0.28287083
919672,0.08569228
919673,0.1306829
919674,0.041550733
919675,0.09316541
919676,0.102427736
919677,0.12799324
919678,0.06619898
919679,0.036039148
919680,0.040083267
919681,0.06584988
919682,0.012032
919683,0.057154823
919684,0.031060547
919685,0.039458457
919686,0.032757077
919687,0.11801933
919688,0.14307551
919689,0.12902012
919690,0.017875783
919691,0.042209458
919692,0.042487398
919693,0.04519457
919694,0.04490318
919695,0.035485215
919696,0.097346514
919697,0.040893942
919698,0.056084096
919699,0.38963988
919700,0.40558654
919701,0.5400167
919702,0.5980785
919703,0.527247
919704,0.5666285
919705,0.5658204
919706,0.47663695
919707,0.6214733
919708,0.5646887
919709,0.58631295
919710,0.37250194
919711,0.50943065
919712,0.58171314
919713,0.55024457
919714,0.69045097
919715,0.45185083
919716,0.5907315
919717,0.38698575
919718,0.010630578
919719,0.042528726
919720,0.050331797
919721,0.048907503
919722,0.03579115
919723,0.051401347
919724,0.05010569
919725,0.24655181
919726,0.2879212
919727,0.26473898
919728,0.28869846
919729,0.2418254
919730,0.28537598
919731,0.3193005
919732,0.3165698
919733,0.3919541
919734,0.43374237
919735,0.25842226
919736,0.2603007
919737,0.022502236
919738,0.2874282
919739,0.43002677
919740,0.49035093
919741,0.5096645
919742,0.3153119
919743,0.3861008
919744,0.42845276
919745,0.4218957
919746,0.26548874
919747,0.27803084
919748,0.32387245
919749,0.20086993
919750,0.03450896
919751,0.35279983
919752,0.44885463
919753,0.46300772
919754,0.52873254
919755,0.6162399
919756,0.45165873
919757,0.47450668
919758,0.5744195
919759,0.48996875
919760,0.6218808
919761,0.47025374
919762,0.3962601
919763,0.3720879
919764,0.6219931
919765,0.5203493
919766,0.48939955
919767,0.48089737
919768,0.49156788
919769,0.3408857
919770,0.012792181
919771,0.09908766
919772,0.038311265
919773,0.039248377
919774,0.04698728
919775,0.041863166
919776,0.111328624
919777,0.031061858
919778,0.054816205
919779,0.053237446
919780,0.11562186
919781,0.047805946
919782,0.07169419
919783,0.046159055
919784,0.051572297
919785,0.04948763
919786,0.051563833
919787,0.009970307
919788,0.040224854
919789,0.029962638
919790,0.028920494
919791,0.02624394
919792,0.026053768
919793,0.008579692
919794,0.016027028
919795,0.015744017
919796,0.025613612
919797,0.08130175
919798,0.018379766
919799,0.030891674
919800,0.023370417
919801,0.027315231
919802,0.03417202
919803,0.040081114
919804,0.027644675
919805,0.008835158
919806,0.039503828
919807,0.022906445
919808,0.017914442
919809,0.054521367
919810,0.029306024
919811,0.01532142
919812,0.03315188
919813,0.042131454
919814,0.018527783
919815,0.29068312
919816,0.046601515
919817,0.07455606
919818,0.052034933
919819,0.0056405845
919820,0.018131234
919821,0.019683184
919822,0.025487784
919823,0.013578305
919824,0.013932069
919825,0.043990135
919826,0.01634074
919827,0.011861775
919828,0.014506184
919829,0.045471724
919830,0.036588322
919831,0.07069699
919832,0.04202298
919833,0.043711558
919834,0.06040875
919835,0.03606566
919836,0.008458471
919837,0.034740835
919838,0.04498205
919839,0.104613066
919840,0.059468705
919841,0.059934054
919842,0.032537602
919843,0.10035964
919844,0.034640033
919845,0.115364924
919846,0.040551208
919847,0.011367286
919848,0.041396998
919849,0.028158916
919850,0.04722558
919851,0.062177453
919852,0.041633967
919853,0.033214197
919854,0.052473728
919855,0.21986201
919856,0.37800786
919857,0.32624212
919858,0.03320434
919859,0.2657066
919860,0.18767287
919861,0.26633
919862,0.49782434
919863,0.5006082
919864,0.18208025
919865,0.49480596
919866,0.3672638
919867,0.30725685
919868,0.32221243
919869,0.21969783
919870,0.45198742
919871,0.32398885
919872,0.36325258
919873,0.21738926
919874,0.011094947
919875,0.06156838
919876,0.15139347
919877,0.03111136
919878,0.03577905
919879,0.033984613
919880,0.034284726
919881,0.031103663
919882,0.0815065
919883,0.023289971
919884,0.07219784
919885,0.052326173
919886,0.05445458
919887,0.08556307
919888,0.05029877
919889,0.05054678
919890,0.07517914
919891,0.08687887
919892,0.0145325
919893,0.18075751
919894,0.19609867
919895,0.13645826
919896,0.16984639
919897,0.2724451
919898,0.2880418
919899,0.37685135
919900,0.40887403
919901,0.38437268
919902,0.4110981
919903,0.27299815
919904,0.021310331
919905,0.019501083
919906,0.022710776
919907,0.02820548
919908,0.043536864
919909,0.017646108
919910,0.018887885
919911,0.30651933
919912,0.39638123
919913,0.29184115
919914,0.32813284
919915,0.3085931
919916,0.3793383
919917,0.3546411
919918,0.15422662
919919,0.26899078
919920,0.28218699
919921,0.18067007
919922,0.02308871
919923,0.11191473
919924,0.1043361
919925,0.11001971
919926,0.13151224
919927,0.022444788
919928,0.1556266
919929,0.24446896
919930,0.19244345
919931,0.13774674
919932,0.18333165
919933,0.14130622
919934,0.1320916
919935,0.024829464
919936,0.39294022
919937,0.4156901
919938,0.45460847
919939,0.5622909
919940,0.5200915
919941,0.5432826
919942,0.6026492
919943,0.5192022
919944,0.6019327
919945,0.4562563
919946,0.47992796
919947,0.49360305
919948,0.41774514
919949,0.20682095
919950,0.017007146
919951,0.05144504
919952,0.05310016
919953,0.048666384
919954,0.06261505
919955,0.054549873
919956,0.067249954
919957,0.015532482
919958,0.063130595
919959,0.21279342
919960,0.2085946
919961,0.15430747
919962,0.12309631
919963,0.02942941
919964,0.14232297
919965,0.11101937
919966,0.12328118
919967,0.109399796
919968,0.121123046
919969,0.09765708
919970,0.098352484
919971,0.133705
919972,0.10408919
919973,0.29284033
919974,0.16394721
919975,0.1847759
919976,0.1755039
919977,0.21250807
919978,0.124225676
919979,0.07361121
919980,0.57807195
919981,0.48759672
919982,0.57367533
919983,0.6665315
919984,0.69126076
919985,0.7830796
919986,0.77499604
919987,0.79650414
919988,0.8413576
919989,0.7973619
919990,0.85275424
919991,0.79987687
919992,0.85221475
919993,0.84734875
919994,0.84978306
919995,0.8288317
919996,0.8297546
919997,0.843795
919998,0.8282379
919999,0.86616135
920000,0.8362892
920001,0.83285713
920002,0.8583383
920003,0.8353548
920004,0.86822534
920005,0.8319448
920006,0.87046385
920007,0.8519042
920008,0.87030023
920009,0.8648998
920010,0.82083744
920011,0.8456405
920012,0.8608178
920013,0.80846363
920014,0.74652505
920015,0.7507125
920016,0.737959
920017,0.7513821
920018,0.74913245
920019,0.7141248
920020,0.7215056
920021,0.7006148
920022,0.7086496
920023,0.645389
920024,0.050858133
920025,0.086154625
920026,0.058228467
920027,0.048369728
920028,0.036605075
920029,0.20177674
920030,0.42579812
920031,0.18335038
920032,0.20563035
920033,0.3635174
920034,0.18362588
920035,0.19451813
920036,0.14987691
920037,0.24442981
920038,0.19312568
920039,0.16587745
920040,0.31327856
920041,0.15624076
920042,0.15491691
920043,0.12163296
920044,0.19133116
920045,0.49109396
920046,0.6872285
920047,0.5377904
920048,0.58301765
920049,0.70035124
920050,0.66235334
920051,0.6474249
920052,0.7015279
920053,0.6604706
920054,0.70166844
920055,0.7726115
920056,0.6738747
920057,0.69225115
920058,0.7188677
920059,0.6475415
920060,0.62570107
920061,0.6862597
920062,0.65610373
920063,0.6927014
920064,0.670988
920065,0.6949883
920066,0.55100876
920067,0.05423542
920068,0.5553512
920069,0.69002664
920070,0.60520345
920071,0.63304085
920072,0.67456716
920073,0.7097619
920074,0.7486439
920075,0.723433
920076,0.6937058
920077,0.75264955
920078,0.65911293
920079,0.7641681
920080,0.66032076
920081,0.74610907
920082,0.7571415
920083,0.7445342
920084,0.725181
920085,0.78899443
920086,0.6966278
920087,0.78181684
920088,0.5951772
920089,0.7482498
920090,0.7234958
920091,0.43913147
920092,0.17983373
920093,0.51655304
920094,0.5201643
920095,0.5441223
920096,0.54952544
920097,0.5789071
920098,0.6173561
920099,0.5525794
920100,0.56336415
920101,0.49038818
920102,0.43408528
920103,0.43652916
920104,0.440752
920105,0.20859131
920106,0.06508755
920107,0.26631173
920108,0.2947057
920109,0.3650414
920110,0.34914133
920111,0.22883493
920112,0.31717914
920113,0.28404462
920114,0.21966773
920115,0.30422324
920116,0.22127505
920117,0.2160668
920118,0.1858518
920119,0.22948511
920120,0.20693456
920121,0.32125434
920122,0.021430014
920123,0.08255656
920124,0.071397856
920125,0.053858705
920126,0.068832465
920127,0.0701237
920128,0.08078723
920129,0.107817315
920130,0.099622525
920131,0.018803656
920132,0.15684783
920133,0.4441865
920134,0.06341532
920135,0.15138014
920136,0.13192198
920137,0.16074611
920138,0.12252591
920139,0.115602225
920140,0.14299384
920141,0.10472426
920142,0.01818521
920143,0.1445434
920144,0.15787585
920145,0.18157266
920146,0.1703678
920147,0.21659155
920148,0.20883466
920149,0.20635618
920150,0.22561108
920151,0.0968935
920152,0.1975189
920153,0.12345518
920154,0.12544194
920155,0.18963805
920156,0.17406513
920157,0.09633324
920158,0.41525435
920159,0.29214913
920160,0.39215836
920161,0.33925003
920162,0.46117404
920163,0.3476206
920164,0.12099846
920165,0.01335795
920166,0.057007752
920167,0.05548597
920168,0.049401943
920169,0.047921173
920170,0.0228772
920171,0.15780945
920172,0.056007534
920173,0.124113135
920174,0.056225047
920175,0.12534587
920176,0.1988725
920177,0.15686025
920178,0.17105043
920179,0.14229125
920180,0.17507909
920181,0.17807399
920182,0.022662498
920183,0.038929515
920184,0.038103987
920185,0.04824529
920186,0.034115326
920187,0.042689543
920188,0.042541057
920189,0.3257825
920190,0.28306183
920191,0.27003303
920192,0.25473064
920193,0.2828971
920194,0.22374141
920195,0.01609338
920196,0.053566355
920197,0.050419126
920198,0.051096123
920199,0.048177775
920200,0.051067118
920201,0.047103353
920202,0.08527409
920203,0.018763244
920204,0.055617884
920205,0.06777256
920206,0.124093615
920207,0.21878183
920208,0.28537554
920209,0.32298878
920210,0.37659195
920211,0.13105686
920212,0.013137775
920213,0.03513438
920214,0.019124085
920215,0.10307933
920216,0.13929537
920217,0.16160877
920218,0.22331828
920219,0.15181035
920220,0.16558607
920221,0.22661372
920222,0.1477361
920223,0.31325495
920224,0.15007254
920225,0.04129219
920226,0.10147203
920227,0.076903336
920228,0.08315488
920229,0.055355694
920230,0.073553495
920231,0.040023807
920232,0.037665468
920233,0.022148918
920234,0.09667279
920235,0.00822656
920236,0.031234667
920237,0.019223778
920238,0.03548359
920239,0.021338798
920240,0.020008933
920241,0.025180368
920242,0.008066699
920243,0.022242729
920244,0.015834449
920245,0.021309035
920246,0.026148934
920247,0.023528567
920248,0.018150255
920249,0.35262266
920250,0.37451395
920251,0.24983968
920252,0.21575315
920253,0.010620426
920254,0.035322167
920255,0.026957208
920256,0.025740815
920257,0.026455056
920258,0.023714405
920259,0.02877645
920260,0.016667666
920261,0.012992167
920262,0.024353988
920263,0.03373524
920264,0.05428985
920265,0.043616667
920266,0.040325783
920267,0.03364667
920268,0.047278874
920269,0.02634756
920270,0.018650506
920271,0.009844389
920272,0.022856329
920273,0.024812983
920274,0.0185263
920275,0.04610795
920276,0.026358062
920277,0.027303552
920278,0.01672057
920279,0.009181327
920280,0.021647403
920281,0.030048179
920282,0.025975285
920283,0.019652234
920284,0.053803988
920285,0.020228846
920286,0.027879987
920287,0.020909192
920288,0.1402522
920289,0.013251933
920290,0.031028194
920291,0.0342801
920292,0.06142711
920293,0.040678
920294,0.030922586
920295,0.031079121
920296,0.07864876
920297,0.05439228
920298,0.038345285
920299,0.024441104
920300,0.047235742
920301,0.041825324
920302,0.043811467
920303,0.040242944
920304,0.040288486
920305,0.059652396
920306,0.037846934
920307,0.015858402
920308,0.08692688
920309,0.10166396
920310,0.09422883
920311,0.051040776
920312,0.012395593
920313,0.031325176
920314,0.030621551
920315,0.03322254
920316,0.03393522
920317,0.030840281
920318,0.04103924
920319,0.032273807
920320,0.03003033
920321,0.15709445
920322,0.20037825
920323,0.16352552
920324,0.36533725
920325,0.016211167
920326,0.041977778
920327,0.039166994
920328,0.040998857
920329,0.044435572
920330,0.040303905
920331,0.046205297
920332,0.046864625
920333,0.0403925
920334,0.017442428
920335,0.05051912
920336,0.061347004
920337,0.05897515
920338,0.06126287
920339,0.05697211
920340,0.07439848
920341,0.030536916
920342,0.11386933
920343,0.14100133
920344,0.17365433
920345,0.09694162
920346,0.2403127
920347,0.6720753
920348,0.75427353
920349,0.7943256
920350,0.6309729
920351,0.6122655
920352,0.7004279
920353,0.55602205
920354,0.64931136
920355,0.7583356
920356,0.69306844
920357,0.6961417
920358,0.7051295
920359,0.7195809
920360,0.538609
920361,0.5126122
920362,0.010021529
920363,0.044149555
920364,0.07094408
920365,0.036634352
920366,0.0339967
920367,0.041821845
920368,0.03825635
920369,0.048081085
920370,0.03833765
920371,0.01202226
920372,0.0312172
920373,0.03179806
920374,0.037276305
920375,0.03191325
920376,0.038855117
920377,0.039265964
920378,0.044193875
920379,0.016836127
920380,0.054042503
920381,0.07981456
920382,0.054198142
920383,0.05970444
920384,0.0656519
920385,0.07222348
920386,0.24832372
920387,0.14765412
920388,0.09793371
920389,0.14500494
920390,0.102270864
920391,0.076304875
920392,0.28521487
920393,0.26144597
920394,0.3855635
920395,0.27424243
920396,0.4325947
920397,0.35245198
920398,0.18826476
920399,0.21363
920400,0.1774914
920401,0.1393955
920402,0.012458198
920403,0.03780293
920404,0.02580274
920405,0.024446819
920406,0.02065273
920407,0.015537052
920408,0.0310924
920409,0.018839894
920410,0.18611006
920411,0.2966029
920412,0.28390417
920413,0.24126588
920414,0.3697987
920415,0.21619977
920416,0.04552046
920417,0.057536587
920418,0.0539843
920419,0.047190376
920420,0.0104032075
920421,0.02514341
920422,0.016961545
920423,0.023042474
920424,0.01382332
920425,0.022227785
920426,0.02374562
920427,0.036687065
920428,0.18116234
920429,0.22177859
920430,0.23536383
920431,0.19870487
920432,0.1605673
920433,0.14150117
920434,0.036794104
920435,0.36869606
920436,0.2182997
920437,0.24982238
920438,0.36565182
920439,0.23654477
920440,0.1773032
920441,0.23693763
920442,0.33558384
920443,0.30928543
920444,0.230492
920445,0.21144755
920446,0.009938792
920447,0.029452559
920448,0.02544394
920449,0.025010383
920450,0.022467257
920451,0.058705796
920452,0.016304024
920453,0.01707307
920454,0.017804798
920455,0.028525878
920456,0.107252724
920457,0.10688141
920458,0.10670682
920459,0.13695522
920460,0.15890732
920461,0.12582716
920462,0.16412064
920463,0.12436385
920464,0.20603095
920465,0.10922743
920466,0.009312353
920467,0.017333543
920468,0.01627101
920469,0.01298199
920470,0.01340839
920471,0.015805332
920472,0.035274237
920473,0.12457215
920474,0.13278668
920475,0.12576458
920476,0.13035908
920477,0.17973304
920478,0.12852359
920479,0.11896062
920480,0.0067979144
920481,0.018960178
920482,0.02769655
920483,0.015522174
920484,0.014287399
920485,0.022529174
920486,0.029512659
920487,0.017877549
920488,0.0076022637
920489,0.0118654305
920490,0.02118718
920491,0.015168115
920492,0.014043502
920493,0.023352869
920494,0.029685045
920495,0.015242608
920496,0.0068774465
920497,0.015285856
920498,0.017210744
920499,0.015856154
920500,0.016317947
920501,0.01342091
920502,0.013781729
920503,0.035094853
920504,0.034172013
920505,0.06348457
920506,0.049664263
920507,0.03154677
920508,0.04236455
920509,0.030449612
920510,0.02358943
920511,0.008238548
920512,0.020059656
920513,0.021676937
920514,0.02258098
920515,0.021820616
920516,0.013519888
920517,0.032239128
920518,0.024415813
920519,0.0068084695
920520,0.017043024
920521,0.041824616
920522,0.018672727
920523,0.017137896
920524,0.018961797
920525,0.014042531
920526,0.455178
920527,0.010272505
920528,0.025040435
920529,0.024969237
920530,0.023627352
920531,0.036103375
920532,0.03025514
920533,0.061542615
920534,0.052857656
920535,0.024443673
920536,0.011044804
920537,0.050616972
920538,0.05389643
920539,0.05731601
920540,0.06820872
920541,0.069968045
920542,0.15412381
920543,0.20849405
920544,0.1622552
920545,0.10137691
920546,0.25485462
920547,0.39327925
920548,0.23573452
920549,0.21866156
920550,0.14865403
920551,0.0224753
920552,0.048061024
920553,0.047290657
920554,0.04532872
920555,0.047346577
920556,0.04178122
920557,0.050151758
920558,0.045560256
920559,0.0363094
920560,0.03008045
920561,0.08707782
920562,0.09689675
920563,0.08732201
920564,0.07939828
920565,0.091464706
920566,0.09237077
920567,0.11335055
920568,0.08014467
920569,0.07847418
920570,0.014729078
920571,0.037164878
920572,0.043576647
920573,0.04219216
920574,0.04176934
920575,0.03960782
920576,0.043748453
920577,0.041871563
920578,0.043587826
920579,0.016023792
920580,0.045534626
920581,0.050561406
920582,0.06188569
920583,0.055174273
920584,0.044792246
920585,0.043124292
920586,0.04397539
920587,0.06559836
920588,0.049625397
920589,0.03922357
920590,0.04270355
920591,0.05082647
920592,0.015213198
920593,0.03352046
920594,0.03299255
920595,0.034574326
920596,0.03426951
920597,0.034629766
920598,0.027145214
920599,0.034084283
920600,0.025145523
920601,0.06867824
920602,0.12355932
920603,0.16606696
920604,0.07446239
920605,0.009392173
920606,0.021896753
920607,0.023753962
920608,0.02218624
920609,0.026205212
920610,0.02395393
920611,0.021376269
920612,0.057834484
920613,0.13417056
920614,0.39249188
920615,0.14729854
920616,0.13793384
920617,0.1564456
920618,0.39650017
920619,0.18086171
920620,0.16560563
920621,0.35970345
920622,0.3032409
920623,0.22341244
920624,0.37231737
920625,0.38196006
920626,0.17563471
920627,0.010943596
920628,0.031913627
920629,0.034017548
920630,0.027782114
920631,0.026951494
920632,0.02590029
920633,0.027069397
920634,0.024448711
920635,0.037102453
920636,0.12023283
920637,0.09944519
920638,0.0152007295
920639,0.043572173
920640,0.047373347
920641,0.047387555
920642,0.046033755
920643,0.046529967
920644,0.07338318
920645,0.08634243
920646,0.04819281
920647,0.041372076
920648,0.016500412
920649,0.03265613
920650,0.036832724
920651,0.031366974
920652,0.032120615
920653,0.03332741
920654,0.03171746
920655,0.02637754
920656,0.016068136
920657,0.07782588
920658,0.10374781
920659,0.15952899
920660,0.09614023
920661,0.16758099
920662,0.18127814
920663,0.131126
920664,0.13775496
920665,0.13855602
920666,0.11183428
920667,0.03528749
920668,0.066499315
920669,0.0664321
920670,0.0675083
920671,0.06682235
920672,0.06703381
920673,0.0743768
920674,0.06918274
920675,0.053642374
920676,0.009459218
920677,0.039755184
920678,0.027031774
920679,0.049860686
920680,0.027067913
920681,0.03302681
920682,0.030320492
920683,0.0089321025
920684,0.09292273
920685,0.09882171
920686,0.10154069
920687,0.09219879
920688,0.02474731
920689,0.1468849
920690,0.14415154
920691,0.1347745
920692,0.14858492
920693,0.33049396
920694,0.37864476
920695,0.21736804
920696,0.24223493
920697,0.38496494
920698,0.14143302
920699,0.055110075
920700,0.21925357
920701,0.39183906
920702,0.26015747
920703,0.43562716
920704,0.36185145
920705,0.56722194
920706,0.5592551
920707,0.34540007
920708,0.20861985
920709,0.23042649
920710,0.24216211
920711,0.11214436
920712,0.5006325
920713,0.37036598
920714,0.3785565
920715,0.38451767
920716,0.17961875
920717,0.41772333
920718,0.27121434
920719,0.36734003
920720,0.34175974
920721,0.29264688
920722,0.20369409
920723,0.03544932
920724,0.05126409
920725,0.05029681
920726,0.15830939
920727,0.055310044
920728,0.08586854
920729,0.08376909
920730,0.046969872
920731,0.026373062
920732,0.15492417
920733,0.18570605
920734,0.43119556
920735,0.38183507
920736,0.48827788
920737,0.5406943
920738,0.34542742
920739,0.41567478
920740,0.2870492
920741,0.4235743
920742,0.3190339
920743,0.4835344
920744,0.42402488
920745,0.29737774
920746,0.011225015
920747,0.023329746
920748,0.019260462
920749,0.023979936
920750,0.024480177
920751,0.019529961
920752,0.022561744
920753,0.123066925
920754,0.012192312
920755,0.03727736
920756,0.02869057
920757,0.032889493
920758,0.0299382
920759,0.059371967
920760,0.03206792
920761,0.03637732
920762,0.033244036
920763,0.013017905
920764,0.028848289
920765,0.027023809
920766,0.054270025
920767,0.026852982
920768,0.028807444
920769,0.042197917
920770,0.029586086
920771,0.02543435
920772,0.011884879
920773,0.02492027
920774,0.031137537
920775,0.023156496
920776,0.021896493
920777,0.024408797
920778,0.011977
920779,0.031724636
920780,0.030277736
920781,0.038553093
920782,0.033773445
920783,0.047365025
920784,0.046903744
920785,0.11969354
920786,0.013529253
920787,0.03501116
920788,0.032965757
920789,0.045482427
920790,0.08324721
920791,0.065213494
920792,0.046661634
920793,0.03774018
920794,0.031660937
920795,0.029445982
920796,0.01702581
920797,0.10717113
920798,0.038870864
920799,0.03723443
920800,0.14547744
920801,0.03942656
920802,0.03863833
920803,0.040822912
920804,0.04479607
920805,0.13710761
920806,0.03209394
920807,0.15048973
920808,0.14483003
920809,0.09938938
920810,0.07581891
920811,0.096044324
920812,0.05249437
920813,0.022089431
920814,0.047434717
920815,0.061688934
920816,0.104877494
920817,0.053072125
920818,0.054910857
920819,0.05615657
920820,0.05023776
920821,0.050285604
920822,0.19716768
920823,0.08351569
920824,0.052123006
920825,0.020831114
920826,0.07326266
920827,0.07784197
920828,0.07187237
920829,0.08324404
920830,0.0885561
920831,0.07671212
920832,0.0807658
920833,0.08080865
920834,0.015648907
920835,0.033128902
920836,0.02998392
920837,0.024123456
920838,0.026748853
920839,0.020450857
920840,0.02461705
920841,0.06310732
920842,0.028851073
920843,0.038483046
920844,0.042586986
920845,0.03790437
920846,0.029259866
920847,0.017453529
920848,0.055540495
920849,0.06499928
920850,0.032545853
920851,0.031759243
920852,0.030943114
920853,0.04933844
920854,0.046355665
920855,0.029692875
920856,0.044421755
920857,0.10750432
920858,0.22120853
920859,0.36213598
920860,0.15615126
920861,0.18367495
920862,0.11210523
920863,0.020360624
920864,0.0378041
920865,0.030366145
920866,0.04696115
920867,0.046411254
920868,0.037701987
920869,0.07729386
920870,0.17582773
920871,0.37868032
920872,0.077271625
920873,0.1588667
920874,0.12809637
920875,0.09630004
920876,0.013256792
920877,0.039872106
920878,0.03402293
920879,0.031867836
920880,0.03430866
920881,0.035524964
920882,0.04322959
920883,0.026547672
920884,0.15435301
920885,0.123497844
920886,0.1338032
920887,0.096303605
920888,0.14733694
920889,0.13747145
920890,0.1612741
920891,0.16523154
920892,0.19287485
920893,0.13105391
920894,0.0130361505
920895,0.028798947
920896,0.03234675
920897,0.02815546
920898,0.029348437
920899,0.029193202
920900,0.03428242
920901,0.024619251
920902,0.076249376
920903,0.040620938
920904,0.009272573
920905,0.022372138
920906,0.025284898
920907,0.021856869
920908,0.021451555
920909,0.021654919
920910,0.022904713
920911,0.012479358
920912,0.05137096
920913,0.03397292
920914,0.060675044
920915,0.035470806
920916,0.029642867
920917,0.02835652
920918,0.030391267
920919,0.030914031
920920,0.21828935
920921,0.43088806
920922,0.30877295
920923,0.29046085
920924,0.2839549
920925,0.2980893
920926,0.22961766
920927,0.014910985
920928,0.07347257
920929,0.067537814
920930,0.07516028
920931,0.24842304
920932,0.3011258
920933,0.21963069
920934,0.49894798
920935,0.4906138
920936,0.4902422
920937,0.6411492
920938,0.58223695
920939,0.37285757
920940,0.6420867
920941,0.43248224
920942,0.67125404
920943,0.61881626
920944,0.507199
920945,0.6574959
920946,0.5453951
920947,0.56583226
920948,0.580626
920949,0.5997006
920950,0.52386504
920951,0.4981487
920952,0.22268665
920953,0.40261588
920954,0.45841026
920955,0.6706825
920956,0.7222672
920957,0.7878169
920958,0.76875675
920959,0.80227
920960,0.7934379
920961,0.75247973
920962,0.7250243
920963,0.7290815
920964,0.769145
920965,0.76811033
920966,0.71096283
920967,0.7948181
920968,0.7256852
920969,0.7756449
920970,0.77523166
920971,0.6960072
920972,0.5805766
920973,0.7079339
920974,0.741922
920975,0.65066165
920976,0.7522309
920977,0.76661944
920978,0.38317576
920979,0.079460554
920980,0.18585323
920981,0.18734944
920982,0.20691416
920983,0.15963171
920984,0.12667254
920985,0.28494292
920986,0.2102245
920987,0.22161396
920988,0.34799087
920989,0.21840733
920990,0.19567628
920991,0.19812359
920992,0.14452048
920993,0.31143838
920994,0.381592
920995,0.30234382
920996,0.36715037
920997,0.39970335
920998,0.4888334
920999,0.5221349
921000,0.49724302
921001,0.49442533
921002,0.2637663
921003,0.037557583
921004,0.08570581
921005,0.06689328
921006,0.081162654
921007,0.08572851
921008,0.078475356
921009,0.06982633
921010,0.05022097
921011,0.027302537
921012,0.10972907
921013,0.30991176
921014,0.319535
921015,0.12238011
921016,0.104500055
921017,0.13556166
921018,0.1067415
921019,0.25592464
921020,0.3292071
921021,0.32798773
921022,0.25280023
921023,0.22357568
921024,0.2321094
921025,0.15779495
921026,0.11838033
921027,0.16777836
921028,0.07561889
921029,0.16029122
921030,0.14946295
921031,0.11678991
921032,0.034449592
921033,0.040521935
921034,0.10919946
921035,0.1338639
921036,0.15291858
921037,0.022913823
921038,0.15020293
921039,0.12964381
921040,0.08915047
921041,0.14199317
921042,0.11133218
921043,0.093034185
921044,0.08035853
921045,0.07434209
921046,0.06635796
921047,0.066974476
921048,0.36999786
921049,0.3851441
921050,0.351968
921051,0.31901643
921052,0.36859515
921053,0.27893677
921054,0.060560513
921055,0.20245825
921056,0.3473187
921057,0.1258208
921058,0.04472966
921059,0.05867982
921060,0.021038732
921061,0.07479093
921062,0.0599951
921063,0.06323508
921064,0.048423633
921065,0.052539438
921066,0.047079653
921067,0.056587134
921068,0.10584878
921069,0.05932103
921070,0.104756825
921071,0.031825297
921072,0.4456842
921073,0.5372974
921074,0.6047129
921075,0.59070647
921076,0.6450618
921077,0.5595863
921078,0.6207057
921079,0.66795397
921080,0.6026902
921081,0.6776686
921082,0.592168
921083,0.60376674
921084,0.62743324
921085,0.54818344
921086,0.5671319
921087,0.32168132
921088,0.36216664
921089,0.06238825
921090,0.073484
921091,0.10359815
921092,0.09956159
921093,0.15738603
921094,0.12400311
921095,0.13517566
921096,0.0136485975
921097,0.041482355
921098,0.022455059
921099,0.027080161
921100,0.045421224
921101,0.06447672
921102,0.027430203
921103,0.0384828
921104,0.034185726
921105,0.015207283
921106,0.060699508
921107,0.090784416
921108,0.08819652
921109,0.07563775
921110,0.095288835
921111,0.06737425
921112,0.07958233
921113,0.07219327
921114,0.070308775
921115,0.032892574
921116,0.5339598
921117,0.6967606
921118,0.6828664
921119,0.7270903
921120,0.7159298
921121,0.74022895
921122,0.66857004
921123,0.69351053
921124,0.6739683
921125,0.7070241
921126,0.6034731
921127,0.6104592
921128,0.6480176
921129,0.72162575
921130,0.42379257
921131,0.00996285
921132,0.025110774
921133,0.035593618
921134,0.018626975
921135,0.02686088
921136,0.024086395
921137,0.022164682
921138,0.052184835
921139,0.06308491
921140,0.059117854
921141,0.26330858
921142,0.023624975
921143,0.037290964
921144,0.023572836
921145,0.072004564
921146,0.010193791
921147,0.09506438
921148,0.017759634
921149,0.020573104
921150,0.018215595
921151,0.097181164
921152,0.024987644
921153,0.022429502
921154,0.46348825
921155,0.48162827
921156,0.51217043
921157,0.5076037
921158,0.55957204
921159,0.4365725
921160,0.5103472
921161,0.52270633
921162,0.350052
921163,0.46747702
921164,0.3286112
921165,0.13575146
921166,0.0072398824
921167,0.93276155
921168,0.026353657
921169,0.03948931
921170,0.028533768
921171,0.030016603
921172,0.038306013
921173,0.03681828
921174,0.26768342
921175,0.23470977
921176,0.22675934
921177,0.18406859
921178,0.16646887
921179,0.15072316
921180,0.15608393
921181,0.43741962
921182,0.645288
921183,0.6310743
921184,0.7001908
921185,0.67998075
921186,0.68132055
921187,0.7075401
921188,0.67805463
921189,0.64494956
921190,0.78715163
921191,0.45594603
921192,0.757119
921193,0.67997944
921194,0.7234467
921195,0.7015424
921196,0.679638
921197,0.70193493
921198,0.5417121
921199,0.67207515
921200,0.37603304
921201,0.047246043
921202,0.093105145
921203,0.077111855
921204,0.06690992
921205,0.020512722
921206,0.26587397
921207,0.2200467
921208,0.2416526
921209,0.18479621
921210,0.048254482
921211,0.5039529
921212,0.43287408
921213,0.5091988
921214,0.56911075
921215,0.5283296
921216,0.5094864
921217,0.53590494
921218,0.5338056
921219,0.4482846
921220,0.6041065
921221,0.54459584
921222,0.55922997
921223,0.5695776
921224,0.51710004
921225,0.47696498
921226,0.5577068
921227,0.5235284
921228,0.46591565
921229,0.54344606
921230,0.62384146
921231,0.37824157
921232,0.03243077
921233,0.048290633
921234,0.029330354
921235,0.029428512
921236,0.026968066
921237,0.030154606
921238,0.02816727
921239,0.026299175
921240,0.06011541
921241,0.5056684
921242,0.5407584
921243,0.57047325
921244,0.61618316
921245,0.5960172
921246,0.6071321
921247,0.5710117
921248,0.5531391
921249,0.60544395
921250,0.628063
921251,0.63274795
921252,0.679354
921253,0.6016183
921254,0.60140836
921255,0.6121229
921256,0.4878105
921257,0.47368884
921258,0.1002923
921259,0.055024326
921260,0.05314139
921261,0.045085404
921262,0.05096051
921263,0.052467506
921264,0.042557932
921265,0.009177511
921266,0.016960153
921267,0.012102176
921268,0.012880494
921269,0.010221266
921270,0.01072842
921271,0.014198138
921272,0.06219459
921273,0.5429867
921274,0.5678422
921275,0.701148
921276,0.724144
921277,0.7100687
921278,0.72201055
921279,0.7168639
921280,0.6387365
921281,0.65260154
921282,0.70305914
921283,0.68019277
921284,0.5635574
921285,0.7364999
921286,0.6848282
921287,0.66490805
921288,0.7487029
921289,0.68522304
921290,0.73774225
921291,0.72550863
921292,0.6668488
921293,0.61578107
921294,0.5770181
921295,0.01858202
921296,0.03837513
921297,0.04295856
921298,0.045193527
921299,0.04316036
921300,0.032814212
921301,0.0076884264
921302,0.012219869
921303,0.013592515
921304,0.0267132
921305,0.025262818
921306,0.019575972
921307,0.030522583
921308,0.022225024
921309,0.028975336
921310,0.05461067
921311,0.21581717
921312,0.28541708
921313,0.032692567
921314,0.008885483
921315,0.030716369
921316,0.18849744
921317,0.03787284
921318,0.28381252
921319,0.028584754
921320,0.1597912
921321,0.16811521
921322,0.09188031
921323,0.15147616
921324,0.14827262
921325,0.15803644
921326,0.1376676
921327,0.26699612
921328,0.2159972
921329,0.49788386
921330,0.24579322
921331,0.41268757
921332,0.37227458
921333,0.2736453
921334,0.3999434
921335,0.20751753
921336,0.2365958
921337,0.16662015
921338,0.17803942
921339,0.18689932
921340,0.08899478
921341,0.06565162
921342,0.5528135
921343,0.5636644
921344,0.69936377
921345,0.71889496
921346,0.74604815
921347,0.79300934
921348,0.7863895
921349,0.77002406
921350,0.8180943
921351,0.722516
921352,0.7989164
921353,0.68025315
921354,0.71499634
921355,0.71905255
921356,0.70982605
921357,0.74938965
921358,0.710636
921359,0.7133293
921360,0.71536773
921361,0.7125188
921362,0.72152597
921363,0.7392217
921364,0.7907061
921365,0.6926689
921366,0.6624052
921367,0.66531974
921368,0.33523113
921369,0.16647471
921370,0.23177035
921371,0.11244075
921372,0.10102776
921373,0.11045852
921374,0.38484463
921375,0.034900226
921376,0.10333342
921377,0.06703875
921378,0.08783853
921379,0.059166156
921380,0.045061562
921381,0.052116882
921382,0.042156402
921383,0.04103822
921384,0.021442924
921385,0.10926961
921386,0.2514578
921387,0.51632094
921388,0.43779182
921389,0.40239567
921390,0.40666538
921391,0.3242369
921392,0.33153024
921393,0.65994185
921394,0.37233254
921395,0.36847308
921396,0.024190614
921397,0.1174988
921398,0.29186413
921399,0.29273626
921400,0.1374429
921401,0.14238137
921402,0.120051235
921403,0.121119395
921404,0.18307461
921405,0.30748868
921406,0.26409304
921407,0.17564854
921408,0.02226556
921409,0.053457543
921410,0.039462425
921411,0.047330167
921412,0.06925091
921413,0.047413412
921414,0.044651896
921415,0.029588114
921416,0.03399182
921417,0.36746716
921418,0.4886389
921419,0.56344914
921420,0.571055
921421,0.53949785
921422,0.5879784
921423,0.5390328
921424,0.602113
921425,0.54763305
921426,0.5766316
921427,0.57867897
921428,0.5472249
921429,0.61026174
921430,0.029198183
921431,0.03197614
921432,0.026041208
921433,0.042014975
921434,0.025034236
921435,0.11545442
921436,0.61867917
921437,0.6240076
921438,0.8558274
921439,0.8391006
921440,0.8560601
921441,0.8496617
921442,0.79056
921443,0.8895606
921444,0.87164295
921445,0.8527144
921446,0.86128753
921447,0.8668153
921448,0.8488405
921449,0.87738484
921450,0.87075704
921451,0.89393383
921452,0.8845529
921453,0.8387672
921454,0.8693343
921455,0.86492443
921456,0.8452202
921457,0.8669671
921458,0.8469338
921459,0.9079827
921460,0.8958267
921461,0.8310073
921462,0.8514301
921463,0.9139518
921464,0.8373738
921465,0.75902456
921466,0.8299983
921467,0.83990717
921468,0.82718205
921469,0.80378854
921470,0.8362973
921471,0.75724226
921472,0.81646085
921473,0.84082216
921474,0.835507
921475,0.7886344
921476,0.8060561
921477,0.8991921
921478,0.89079815
921479,0.78286
921480,0.8042968
921481,0.89049435
921482,0.8894972
921483,0.80251443
921484,0.76538056
921485,0.7552635
921486,0.81036496
921487,0.82136047
921488,0.833401
921489,0.7222696
921490,0.7494644
921491,0.7790388
921492,0.68837154
921493,0.73447156
921494,0.7339333
921495,0.62175566
921496,0.1525327
921497,0.23515566
921498,0.2061156
921499,0.23000932
921500,0.023758112
921501,0.13515726
921502,0.087873936
921503,0.044025723
921504,0.14744985
921505,0.11943916
921506,0.1776717
921507,0.06455052
921508,0.080304205
921509,0.09761881
921510,0.095257595
921511,0.10686453
921512,0.1046834
921513,0.19745874
921514,0.2752378
921515,0.26198742
921516,0.3858359
921517,0.23655275
921518,0.19826367
921519,0.25396845
921520,0.28706634
921521,0.31003642
921522,0.18324818
921523,0.027295416
921524,0.19289073
921525,0.24344963
921526,0.38649166
921527,0.20677324
921528,0.26747724
921529,0.18286571
921530,0.12951426
921531,0.22606765
921532,0.19746391
921533,0.14608862
921534,0.16754189
921535,0.12064511
921536,0.03415927
921537,0.10244232
921538,0.115286335
921539,0.13608807
921540,0.35073417
921541,0.41446888
921542,0.5725045
921543,0.6523282
921544,0.48287418
921545,0.54526365
921546,0.6537752
921547,0.68974805
921548,0.6111117
921549,0.6235397
921550,0.7806631
921551,0.5878669
921552,0.49281725
921553,0.6124987
921554,0.34454927
921555,0.060949016
921556,0.26627952
921557,0.15160057
921558,0.15584488
921559,0.14486828
921560,0.14400548
921561,0.10222998
921562,0.27250892
921563,0.20431252
921564,0.14508949
921565,0.05294929
921566,0.048096966
921567,0.05909989
921568,0.0376078
921569,0.07398273
921570,0.05506054
921571,0.057603598
921572,0.0557169
921573,0.047692787
921574,0.088201396
921575,0.065907784
921576,0.16520719
921577,0.020241272
921578,0.20000176
921579,0.21066792
921580,0.19385074
921581,0.37943307
921582,0.1639682
921583,0.18796766
921584,0.057780437
921585,0.17287849
921586,0.11323607
921587,0.014393244
921588,0.048797563
921589,0.052434385
921590,0.04637266
921591,0.050526716
921592,0.04854628
921593,0.035914585
921594,0.024609294
921595,0.044445027
921596,0.032316785
921597,0.026068088
921598,0.039304223
921599,0.6071897
921600,0.37536106
921601,0.44518545
921602,0.5017063
921603,0.44193995
921604,0.4700622
921605,0.5856724
921606,0.51242304
921607,0.4761985
921608,0.6058184
921609,0.6259581
921610,0.43799445
921611,0.015702426
921612,0.073525995
921613,0.056243535
921614,0.15797119
921615,0.11055288
921616,0.052613094
921617,0.05981199
921618,0.078409
921619,0.06022329
921620,0.052327096
921621,0.08325545
921622,0.44906443
921623,0.5602989
921624,0.6041579
921625,0.60822105
921626,0.7136861
921627,0.79743797
921628,0.65219647
921629,0.79920405
921630,0.73317456
921631,0.75027597
921632,0.7639208
921633,0.74660414
921634,0.69851226
921635,0.6949582
921636,0.7540942
921637,0.7223125
921638,0.7219595
921639,0.7319436
921640,0.71919
921641,0.6872786
921642,0.7455296
921643,0.7912116
921644,0.7027908
921645,0.7101771
921646,0.6967826
921647,0.64609826
921648,0.73929673
921649,0.74759775
921650,0.7445472
921651,0.77532035
921652,0.73574996
921653,0.76553106
921654,0.74089825
921655,0.78611773
921656,0.58566755
921657,0.015133287
921658,0.03130554
921659,0.029383857
921660,0.029322986
921661,0.021613972
921662,0.02831525
921663,0.034184765
921664,0.03599861
921665,0.031731755
921666,0.08721318
921667,0.62417823
921668,0.6966242
921669,0.64419997
921670,0.6713396
921671,0.70650667
921672,0.6564975
921673,0.6891486
921674,0.63199675
921675,0.73127294
921676,0.6415999
921677,0.6185106
921678,0.626802
921679,0.6334974
921680,0.6097475
921681,0.62574226
921682,0.5851961
921683,0.56958944
921684,0.6706794
921685,0.7632509
921686,0.6169347
921687,0.5000937
921688,0.11369707
921689,0.020657726
921690,0.20668165
921691,0.38672942
921692,0.10055034
921693,0.2630926
921694,0.2765956
921695,0.28282818
921696,0.14549771
921697,0.2563103
921698,0.082335025
921699,0.08356866
921700,0.1498068
921701,0.024045002
921702,0.5193757
921703,0.37234282
921704,0.38821986
921705,0.5153015
921706,0.6336837
921707,0.61292213
921708,0.41889036
921709,0.4428045
921710,0.49138802
921711,0.43584085
921712,0.46935153
921713,0.38337466
921714,0.37499723
921715,0.3894491
921716,0.29508245
921717,0.054782864
921718,0.020893062
921719,0.09107284
921720,0.036251403
921721,0.1885572
921722,0.38395813
921723,0.18995836
921724,0.18430395
921725,0.05365053
921726,0.1114464
921727,0.09047698
921728,0.0880073
921729,0.0696372
921730,0.035871036
921731,0.26258942
921732,0.15651
921733,0.10698471
921734,0.26510215
921735,0.15336367
921736,0.114443675
921737,0.43303052
921738,0.12666877
921739,0.16886052
921740,0.12402178
921741,0.096983455
921742,0.11210743
921743,0.08926035
921744,0.0775711
921745,0.0921119
921746,0.06617104
921747,0.06650624
921748,0.1216194
921749,0.118818216
921750,0.013495908
921751,0.02470873
921752,0.027007597
921753,0.030429896
921754,0.03267288
921755,0.024950797
921756,0.12903151
921757,0.013832425
921758,0.02843742
921759,0.031624995
921760,0.032432158
921761,0.031955566
921762,0.029121278
921763,0.15640205
921764,0.26195014
921765,0.10802511
921766,0.09919245
921767,0.07233399
921768,0.23260781
921769,0.014121073
921770,0.046259437
921771,0.08920429
921772,0.03768616
921773,0.033725534
921774,0.018947056
921775,0.047671083
921776,0.053862374
921777,0.045360964
921778,0.046868276
921779,0.041714255
921780,0.053965796
921781,0.038635124
921782,0.15343039
921783,0.012549659
921784,0.023423959
921785,0.028865566
921786,0.028181927
921787,0.024174798
921788,0.02097663
921789,0.26428443
921790,0.17880316
921791,0.20728827
921792,0.1928049
921793,0.016049972
921794,0.04547628
921795,0.040932458
921796,0.035599798
921797,0.031790726
921798,0.026980313
921799,0.0314791
921800,0.05154904
921801,0.10136399
921802,0.10147687
921803,0.1953115
921804,0.078633085
921805,0.12235603
921806,0.008049304
921807,0.022943284
921808,0.024552785
921809,0.045280308
921810,0.03368721
921811,0.022225652
921812,0.031994604
921813,0.023911374
921814,0.17936325
921815,0.012252253
921816,0.036668926
921817,0.03855228
921818,0.038269754
921819,0.040585972
921820,0.02924901
921821,0.03487025
921822,0.031272277
921823,0.2780712
921824,0.56204027
921825,0.6619302
921826,0.6785692
921827,0.73064166
921828,0.6316226
921829,0.6211057
921830,0.7339372
921831,0.61628556
921832,0.60284054
921833,0.61632544
921834,0.53136474
921835,0.50285864
921836,0.17862533
921837,0.11562308
921838,0.1792042
921839,0.05117768
921840,0.016897976
921841,0.15945968
921842,0.13346727
921843,0.22022092
921844,0.24206735
921845,0.2860042
921846,0.14401919
921847,0.12634507
921848,0.29712865
921849,0.10680897
921850,0.2953748
921851,0.09051913
921852,0.09553799
921853,0.010444854
921854,0.02860631
921855,0.027387772
921856,0.027966334
921857,0.026173247
921858,0.03175204
921859,0.031676468
921860,0.05651685
921861,0.076077394
921862,0.3103233
921863,0.14268912
921864,0.13538003
921865,0.1323169
921866,0.14970644
921867,0.11889598
921868,0.07720992
921869,0.010976553
921870,0.022478376
921871,0.026050176
921872,0.022609554
921873,0.028828816
921874,0.024266144
921875,0.022623185
921876,0.012915591
921877,0.036453053
921878,0.04174031
921879,0.033201832
921880,0.04122922
921881,0.034738846
921882,0.035961907
921883,0.035617415
921884,0.032233987
921885,0.008797099
921886,0.024861658
921887,0.028526995
921888,0.025808956
921889,0.028501857
921890,0.024470523
921891,0.022398721
921892,0.16614288
921893,0.014022126
921894,0.024587303
921895,0.026673649
921896,0.025954807
921897,0.026231363
921898,0.029988796
921899,0.022652984
921900,0.009739815
921901,0.024499128
921902,0.026765455
921903,0.027197748
921904,0.034958366
921905,0.026651546
921906,0.19162129
921907,0.15892632
921908,0.1359688
921909,0.30424204
921910,0.12744299
921911,0.014451207
921912,0.060414616
921913,0.0748424
921914,0.07883527
921915,0.020115906
921916,0.3773143
921917,0.3696108
921918,0.3487379
921919,0.401972
921920,0.4208406
921921,0.28468478
921922,0.29314923
921923,0.26860496
921924,0.25311562
921925,0.3106935
921926,0.15974751
921927,0.10952534
921928,0.37878516
921929,0.43165106
921930,0.5465164
921931,0.6307448
921932,0.6689964
921933,0.70960844
921934,0.7150473
921935,0.7497585
921936,0.643317
921937,0.6997023
921938,0.75968575
921939,0.71916753
921940,0.76328826
921941,0.7502041
921942,0.70540166
921943,0.7238378
921944,0.753092
921945,0.70417434
921946,0.68358237
921947,0.7739939
921948,0.72804946
921949,0.70951927
921950,0.73195934
921951,0.7914018
921952,0.6375348
921953,0.65488136
921954,0.729177
921955,0.45034927
921956,0.019904198
921957,0.056122076
921958,0.056761697
921959,0.05007928
921960,0.07583011
921961,0.15690657
921962,0.3318867
921963,0.3625804
921964,0.25510764
921965,0.12822093
921966,0.3443367
921967,0.36906213
921968,0.31473026
921969,0.32853305
921970,0.20970984
921971,0.24201727
921972,0.14354403
921973,0.29762772
921974,0.04821773
921975,0.17652763
921976,0.19404761
921977,0.18112363
921978,0.17846027
921979,0.1305037
921980,0.08932324
921981,0.43285817
921982,0.3945258
921983,0.455628
921984,0.46043053
921985,0.3508732
921986,0.42608994
921987,0.3908308
921988,0.46664748
921989,0.4402417
921990,0.41031802
921991,0.11233165
921992,0.14164
921993,0.20101602
921994,0.16443835
921995,0.21293949
921996,0.1302259
921997,0.02526563
921998,0.06693897
921999,0.061022103
922000,0.063833214
922001,0.05692569
922002,0.058744997
922003,0.05933463
922004,0.033704642
922005,0.28787622
922006,0.21154805
922007,0.2689152
922008,0.23345661
922009,0.23283541
922010,0.12876764
922011,0.3755891
922012,0.41127983
922013,0.4707502
922014,0.47370267
922015,0.56218565
922016,0.5853233
922017,0.41480565
922018,0.5466394
922019,0.40006295
922020,0.03702342
922021,0.09179197
922022,0.3271428
922023,0.9717258
922024,0.36454424
922025,0.33590397
922026,0.2666439
922027,0.27131182
922028,0.266623
922029,0.25401405
922030,0.23559551
922031,0.24050543
922032,0.18219866
922033,0.019288674
922034,0.07573479
922035,0.08500942
922036,0.08980715
922037,0.0683457
922038,0.081075415
922039,0.06799866
922040,0.16032137
922041,0.06980135
922042,0.11588806
922043,0.18004991
922044,0.021352306
922045,0.07108416
922046,0.053307474
922047,0.059015203
922048,0.046136122
922049,0.05765318
922050,0.04872855
922051,0.07826942
922052,0.046254717
922053,0.16377245
922054,0.164556
922055,0.16348259
922056,0.15282214
922057,0.15823066
922058,0.077931866
922059,0.097741365
922060,0.093848035
922061,0.10804026
922062,0.104286134
922063,0.1735742
922064,0.33536392
922065,0.32112348
922066,0.34958938
922067,0.34922287
922068,0.34220737
922069,0.34098902
922070,0.44179755
922071,0.48721462
922072,0.46504077
922073,0.38410988
922074,0.37132293
922075,0.2381945
922076,0.36574578
922077,0.04313763
922078,0.082462005
922079,0.25211698
922080,0.11640747
922081,0.11564161
922082,0.019279579
922083,0.03856995
922084,0.033205073
922085,0.029194642
922086,0.038984027
922087,0.031857457
922088,0.51240224
922089,0.59812003
922090,0.569928
922091,0.6325887
922092,0.5589351
922093,0.6668184
922094,0.59494233
922095,0.55075467
922096,0.6981397
922097,0.7403109
922098,0.41144583
922099,0.54313046
922100,0.65912455
922101,0.649804
922102,0.6938991
922103,0.6098608
922104,0.6024789
922105,0.62103
922106,0.59940004
922107,0.51051736
922108,0.5282456
922109,0.02561667
922110,0.09407778
922111,0.09529932
922112,0.39669523
922113,0.49564445
922114,0.30816132
922115,0.2970354
922116,0.30672297
922117,0.32768622
922118,0.2929962
922119,0.31923795
922120,0.29406482
922121,0.4116051
922122,0.025670642
922123,0.038490567
922124,0.04509387
922125,0.030521397
922126,0.03874007
922127,0.44493252
922128,0.5855868
922129,0.7346171
922130,0.7086421
922131,0.719835
922132,0.7683496
922133,0.75469625
922134,0.78019613
922135,0.7447715
922136,0.7688593
922137,0.7868897
922138,0.8015725
922139,0.7416009
922140,0.67054415
922141,0.7040451
922142,0.7171496
922143,0.7018864
922144,0.71497
922145,0.70029074
922146,0.6594
922147,0.6576079
922148,0.6953137
922149,0.6273036
922150,0.6335529
922151,0.57327646
922152,0.32243907
922153,0.035853934
922154,0.38878086
922155,0.45731062
922156,0.50626415
922157,0.49153873
922158,0.53462696
922159,0.33441874
922160,0.29609576
922161,0.527786
922162,0.43563297
922163,0.46272153
922164,0.38637623
922165,0.39971977
922166,0.3574904
922167,0.49356285
922168,0.37974343
922169,0.38914928
922170,0.3364505
922171,0.52980685
922172,0.5868978
922173,0.6807552
922174,0.76863843
922175,0.7875014
922176,0.7787886
922177,0.78591216
922178,0.7696772
922179,0.81180614
922180,0.79110837
922181,0.81472063
922182,0.79115444
922183,0.8038068
922184,0.82225543
922185,0.78608066
922186,0.77393514
922187,0.7911633
922188,0.78289187
922189,0.81485057
922190,0.7847376
922191,0.7450701
922192,0.7813879
922193,0.81968766
922194,0.8228768
922195,0.78741807
922196,0.7840842
922197,0.50093615
922198,0.050148133
922199,0.054415386
922200,0.10176873
922201,0.38014865
922202,0.40385973
922203,0.42700222
922204,0.3852666
922205,0.4776758
922206,0.4254529
922207,0.35321242
922208,0.411488
922209,0.42764634
922210,0.3897421
922211,0.40070993
922212,0.41212514
922213,0.41802645
922214,0.36236793
922215,0.04036937
922216,0.03939987
922217,0.03851993
922218,0.33770493
922219,0.4697131
922220,0.41691282
922221,0.43376145
922222,0.4289679
922223,0.40781295
922224,0.44401407
922225,0.3840036
922226,0.4371963
922227,0.4143575
922228,0.38933772
922229,0.38508216
922230,0.40938348
922231,0.36614838
922232,0.07354217
922233,0.031666897
922234,0.28678125
922235,0.28667614
922236,0.25681505
922237,0.29824266
922238,0.19270946
922239,0.11688523
922240,0.16881342
922241,0.11605964
922242,0.020940471
922243,0.093060076
922244,0.09234783
922245,0.10497118
922246,0.12017493
922247,0.1936171
922248,0.1690418
922249,0.18685795
922250,0.16113332
922251,0.1306159
922252,0.13157026
922253,0.021726193
922254,0.035237096
922255,0.04507517
922256,0.037670955
922257,0.50530386
922258,0.5443952
922259,0.53502953
922260,0.5396059
922261,0.5396059
922262,0.5344076
922263,0.53625655
922264,0.35689294
922265,0.35254022
922266,0.38227582
922267,0.28438655
922268,0.52619034
922269,0.5516795
922270,0.49195498
922271,0.53217125
922272,0.52049214
922273,0.4941993
922274,0.46014836
922275,0.502207
922276,0.53139114
922277,0.5386578
922278,0.51252633
922279,0.0708043
922280,0.42139545
922281,0.48238537
922282,0.5003888
922283,0.5165161
922284,0.55439466
922285,0.49932143
922286,0.42670485
922287,0.5225752
922288,0.5206019
922289,0.5086359
922290,0.4943675
922291,0.47341862
922292,0.50723624
922293,0.50666505
922294,0.53022426
922295,0.50602114
922296,0.57926905
922297,0.4174991
922298,0.21949907
922299,0.13982162
922300,0.21468106
922301,0.20673458
922302,0.2602194
922303,0.34967372
922304,0.21016784
922305,0.21584533
922306,0.13445552
922307,0.040172666
922308,0.37004456
922309,0.36082295
922310,0.44836593
922311,0.4436487
922312,0.43997082
922313,0.41616228
922314,0.43143553
922315,0.44176275
922316,0.4790533
922317,0.45898458
922318,0.49332726
922319,0.2589497
922320,0.29113308
922321,0.34723064
922322,0.4361112
922323,0.35303712
922324,0.43466917
922325,0.39909765
922326,0.48782706
922327,0.50645953
922328,0.5143189
922329,0.47143182
922330,0.5136354
922331,0.4948177
922332,0.53330857
922333,0.6453007
922334,0.38179868
922335,0.025806116
922336,0.030565219
922337,0.039232858
922338,0.031976845
922339,0.04963716
922340,0.1119183
922341,0.20253853
922342,0.10090899
922343,0.0771868
922344,0.07603602
922345,0.39814135
922346,0.51581407
922347,0.21333641
922348,0.22506572
922349,0.32249212
922350,0.24560755
922351,0.29442373
922352,0.2253649
922353,0.21383992
922354,0.21599077
922355,0.049277876
922356,0.061140787
922357,0.06234151
922358,0.05840855
922359,0.058181588
922360,0.027538316
922361,0.02440498
922362,0.052247703
922363,0.36500812
922364,0.17526627
922365,0.5099194
922366,0.7761805
922367,0.75244004
922368,0.80180186
922369,0.88635707
922370,0.8052737
922371,0.85133016
922372,0.86334765
922373,0.8654309
922374,0.8828379
922375,0.86698115
922376,0.8884301
922377,0.8348443
922378,0.86495566
922379,0.82402587
922380,0.87133247
922381,0.8538071
922382,0.8609809
922383,0.87672055
922384,0.84658283
922385,0.87189317
922386,0.8592424
922387,0.85462976
922388,0.8610216
922389,0.8557834
922390,0.82966477
922391,0.8656985
922392,0.81167513
922393,0.8438665
922394,0.83913547
922395,0.81540793
922396,0.81994146
922397,0.8238085
922398,0.83011055
922399,0.61300516
922400,0.015479431
922401,0.040692054
922402,0.040592972
922403,0.04280791
922404,0.9629995
922405,0.12842862
922406,0.38338697
922407,0.5081205
922408,0.440037
922409,0.598166
922410,0.587117
922411,0.52108705
922412,0.42649204
922413,0.4176403
922414,0.5951932
922415,0.47566321
922416,0.52218014
922417,0.58094674
922418,0.42896646
922419,0.53180707
922420,0.4982309
922421,0.38028458
922422,0.17665526
922423,0.041454114
922424,0.37061754
922425,0.47885463
922426,0.6612804
922427,0.74455726
922428,0.59470546
922429,0.6080395
922430,0.5964733
922431,0.589585
922432,0.64394
922433,0.75514156
922434,0.61713403
922435,0.6243722
922436,0.6360532
922437,0.5824755
922438,0.62581104
922439,0.60848397
922440,0.63112366
922441,0.7072641
922442,0.6463102
922443,0.6112158
922444,0.59534353
922445,0.61624634
922446,0.6601266
922447,0.28128773
922448,0.030730722
922449,0.08458375
922450,0.10318474
922451,0.06580642
922452,0.09330354
922453,0.07511697
922454,0.08746974
922455,0.05270339
922456,0.104981214
922457,0.064991415
922458,0.23134999
922459,0.009246047
922460,0.033274584
922461,0.02590316
922462,0.024366139
922463,0.02560031
922464,0.026929948
922465,0.030609224
922466,0.26893747
922467,0.30015308
922468,0.30145797
922469,0.27272826
922470,0.23007575
922471,0.26938444
922472,0.21378978
922473,0.01992275
922474,0.063108206
922475,0.061772946
922476,0.06637901
922477,0.06427141
922478,0.06267417
922479,0.07342999
922480,0.06555747
922481,0.16341655
922482,0.08354672
922483,0.12401464
922484,0.12865368
922485,0.11858545
922486,0.13921638
922487,0.09942947
922488,0.029214742
922489,0.39106405
922490,0.52759445
922491,0.5766919
922492,0.613045
922493,0.578724
922494,0.63520324
922495,0.6007351
922496,0.5798562
922497,0.647546
922498,0.62005323
922499,0.70425963
922500,0.6631125
922501,0.6122762
922502,0.55587846
922503,0.30264097
922504,0.0217917
922505,0.04309354
922506,0.18054233
922507,0.04004402
922508,0.037042916
922509,0.057846397
922510,0.057241492
922511,0.068506025
922512,0.10186976
922513,0.020220535
922514,0.0825619
922515,0.046072837
922516,0.051206376
922517,0.07199034
922518,0.053705797
922519,0.047092073
922520,0.07620576
922521,0.09963414
922522,0.018727291
922523,0.11121371
922524,0.095089994
922525,0.08446683
922526,0.099988155
922527,0.11237005
922528,0.04501134
922529,0.42332408
922530,0.5595123
922531,0.64040196
922532,0.6633918
922533,0.6908226
922534,0.5107218
922535,0.7014281
922536,0.6284878
922537,0.592804
922538,0.6432813
922539,0.70883876
922540,0.7445601
922541,0.70009273
922542,0.7054673
922543,0.63863
922544,0.6657621
922545,0.71194184
922546,0.51979977
922547,0.32787135
922548,0.02195794
922549,0.0857949
922550,0.0893097
922551,0.36997262
922552,0.19439912
922553,0.1504677
922554,0.17226169
922555,0.14848727
922556,0.052937087
922557,0.22032751
922558,0.13399288
922559,0.29901552
922560,0.11984282
922561,0.13766795
922562,0.13786592
922563,0.10956551
922564,0.1151407
922565,0.12473053
922566,0.9814549
922567,0.111099124
922568,0.16059172
922569,0.17989133
922570,0.017071638
922571,0.059733093
922572,0.03697342
922573,0.04036454
922574,0.03610746
922575,0.034609567
922576,0.03024418
922577,0.010084645
922578,0.03460629
922579,0.028254064
922580,0.026259756
922581,0.025186667
922582,0.03992843
922583,0.09420326
922584,0.35934997
922585,0.15431687
922586,0.2633205
922587,0.10167781
922588,0.5219355
922589,0.7445797
922590,0.7714722
922591,0.7768094
922592,0.79139143
922593,0.8854186
922594,0.8464635
922595,0.8577792
922596,0.82399285
922597,0.88081497
922598,0.85980004
922599,0.84355503
922600,0.87576246
922601,0.85585105
922602,0.8532269
922603,0.84660846
922604,0.83304906
922605,0.86324817
922606,0.8387932
922607,0.8423264
922608,0.87822807
922609,0.81535417
922610,0.85324436
922611,0.8406431
922612,0.8406635
922613,0.8805967
922614,0.8688037
922615,0.7803817
922616,0.6865538
922617,0.70434433
922618,0.7260526
922619,0.84425277
922620,0.52285564
922621,0.014973696
922622,0.04420999
922623,0.036698274
922624,0.03994854
922625,0.04129256
922626,0.03541441
922627,0.29479906
922628,0.30450428
922629,0.3375441
922630,0.42658317
922631,0.46557555
922632,0.27169442
922633,0.18781784
922634,0.098347515
922635,0.28508055
922636,0.2733438
922637,0.25253624
922638,0.019135516
922639,0.046665236
922640,0.046804618
922641,0.048629906
922642,0.050137322
922643,0.047787312
922644,0.0444749
922645,0.05462586
922646,0.037568074
922647,0.06603718
922648,0.6262706
922649,0.6877653
922650,0.70853055
922651,0.8458504
922652,0.81713337
922653,0.84686667
922654,0.79866946
922655,0.83201075
922656,0.79746354
922657,0.83830667
922658,0.7892805
922659,0.82503486
922660,0.8252005
922661,0.79578644
922662,0.8098674
922663,0.8246533
922664,0.85399646
922665,0.818529
922666,0.8046726
922667,0.78987837
922668,0.8145292
922669,0.78666925
922670,0.80022687
922671,0.7805266
922672,0.7863931
922673,0.78829724
922674,0.7968297
922675,0.76199025
922676,0.82583636
922677,0.8041173
922678,0.8423111
922679,0.8041173
922680,0.6509095
922681,0.3128543
922682,0.0248559
922683,0.0740108
922684,0.115881935
922685,0.17672376
922686,0.17513968
922687,0.17147692
922688,0.14727272
922689,0.14475529
922690,0.26860365
922691,0.4245761
922692,0.17990293
922693,0.08134456
922694,0.124804325
922695,0.09845264
922696,0.021871956
922697,0.14716962
922698,0.14322288
922699,0.083654046
922700,0.0403464
922701,0.3973305
922702,0.41843194
922703,0.1139941
922704,0.019050922
922705,0.10690789
922706,0.09756265
922707,0.108043425
922708,0.056064133
922709,0.061611183
922710,0.060452364
922711,0.19588856
922712,0.021119379
922713,0.066110015
922714,0.05949239
922715,0.049202826
922716,0.037811544
922717,0.3397717
922718,0.56391346
922719,0.6287577
922720,0.5764315
922721,0.5493136
922722,0.5790201
922723,0.5439716
922724,0.46809
922725,0.06239225
922726,0.052429136
922727,0.032931905
922728,0.09163392
922729,0.16697471
922730,0.19639373
922731,0.15138313
922732,0.14742377
922733,0.1804061
922734,0.01983202
922735,0.021819212
922736,0.033282425
922737,0.018894354
922738,0.025335256
922739,0.021422522
922740,0.01691348
922741,0.027526587
922742,0.027982004
922743,0.122721575
922744,0.028921418
922745,0.022087073
922746,0.017752074
922747,0.022480277
922748,0.022846693
922749,0.012825789
922750,0.02050981
922751,0.057604164
922752,0.05486376
922753,0.062496066
922754,0.02733091
922755,0.04537005
922756,0.04589299
922757,0.027335323
922758,0.033572342
922759,0.03383493
922760,0.01877155
922761,0.040867392
922762,0.0252606
922763,0.034240626
922764,0.03269382
922765,0.024629429
922766,0.36168364
922767,0.29697126
922768,0.3097772
922769,0.3531233
922770,0.24875431
922771,0.017376104
922772,0.04740042
922773,0.040567428
922774,0.034053348
922775,0.04033813
922776,0.03921624
922777,0.048843488
922778,0.033890337
922779,0.2223509
922780,0.010330044
922781,0.023997953
922782,0.026232878
922783,0.021699484
922784,0.030011121
922785,0.029048538
922786,0.17076078
922787,0.23142101
922788,0.021149037
922789,0.037704304
922790,0.033426274
922791,0.038830426
922792,0.03928464
922793,0.06092221
922794,0.023384016
922795,0.063512065
922796,0.21808119
922797,0.103273906
922798,0.06866854
922799,0.06133544
922800,0.0618868
922801,0.06144276
922802,0.011208752
922803,0.041784953
922804,0.04329785
922805,0.041932363
922806,0.04019606
922807,0.047127113
922808,0.06357699
922809,0.035579804
922810,0.25184706
922811,0.16606946
922812,0.12571646
922813,0.082167976
922814,0.010269097
922815,0.034222662
922816,0.028560042
922817,0.027096158
922818,0.03684675
922819,0.052177273
922820,0.028784653
922821,0.033994466
922822,0.058894515
922823,0.009024845
922824,0.028660396
922825,0.028542696
922826,0.027235681
922827,0.02990775
922828,0.027790738
922829,0.01173894
922830,0.03858462
922831,0.031022387
922832,0.030914137
922833,0.038952302
922834,0.027962603
922835,0.10183634
922836,0.12888299
922837,0.11799518
922838,0.093699336
922839,0.09875389
922840,0.106722206
922841,0.07606273
922842,0.1917869
922843,0.3439239
922844,0.20387071
922845,0.013303767
922846,0.045524076
922847,0.044203233
922848,0.04569387
922849,0.07306172
922850,0.040778734
922851,0.04883267
922852,0.051353674
922853,0.015310998
922854,0.033017144
922855,0.029189356
922856,0.030995667
922857,0.03242448
922858,0.022363154
922859,0.027112687
922860,0.1503242
922861,0.15654726
922862,0.19135447
922863,0.15177539
922864,0.0389246
922865,0.03597975
922866,0.012093599
922867,0.029593825
922868,0.047629956
922869,0.03488909
922870,0.04156116
922871,0.03483382
922872,0.038941026
922873,0.019062174
922874,0.036768362
922875,0.0362683
922876,0.039253373
922877,0.03223897
922878,0.028252799
922879,0.03674702
922880,0.015995106
922881,0.015564369
922882,0.024180114
922883,0.027784852
922884,0.016001344
922885,0.018660227
922886,0.014412954
922887,0.016386062
922888,0.032537777
922889,0.2528434
922890,0.43253773
922891,0.38630414
922892,0.38284898
922893,0.4870587
922894,0.37400523
922895,0.36756542
922896,0.2602644
922897,0.010855809
922898,0.025525967
922899,0.020187667
922900,0.031103164
922901,0.046825886
922902,0.033668235
922903,0.03238706
922904,0.02892032
922905,0.22654243
922906,0.18274927
922907,0.1705585
922908,0.15634389
922909,0.1649286
922910,0.15606537
922911,0.1566226
922912,0.11284361
922913,0.008823865
922914,0.017225187
922915,0.024957072
922916,0.020062037
922917,0.02191607
922918,0.012601106
922919,0.024948709
922920,0.017009275
922921,0.010833905
922922,0.0094751995
922923,0.018014519
922924,0.02916183
922925,0.04439008
922926,0.026625335
922927,0.026288157
922928,0.030804295
922929,0.4096836
922930,0.023132412
922931,0.064071596
922932,0.088271484
922933,0.14732699
922934,0.10488137
922935,0.096450865
922936,0.12909529
922937,0.12959522
922938,0.279718
922939,0.4691864
922940,0.11023577
922941,0.22120918
922942,0.16591653
922943,0.008301422
922944,0.024189726
922945,0.029626481
922946,0.015516171
922947,0.023422487
922948,0.022994317
922949,0.02404545
922950,0.025883477
922951,0.026137043
922952,0.024667779
922953,0.012159983
922954,0.03788737
922955,0.054590303
922956,0.03802328
922957,0.034036994
922958,0.03297296
922959,0.05873837
922960,0.04116961
922961,0.032959152
922962,0.016731268
922963,0.059673946
922964,0.06998076
922965,0.05624042
922966,0.057168752
922967,0.081031
922968,0.051476605
922969,0.008161979
922970,0.012758665
922971,0.012475087
922972,0.017642066
922973,0.014371504
922974,0.01147738
922975,0.017306363
922976,0.013559324
922977,0.030235076
922978,0.03251502
922979,0.033382207
922980,0.03611058
922981,0.038199194
922982,0.04333754
922983,0.03857714
922984,0.044978023
922985,0.03657039
922986,0.0109974975
922987,0.021141704
922988,0.032212134
922989,0.018052014
922990,0.023629684
922991,0.029890219
922992,0.13816081
922993,0.025025748
922994,0.042966146
922995,0.06011603
922996,0.013672169
922997,0.0653183
922998,0.055168793
922999,0.059989054
923000,0.059023693
923001,0.06228228
923002,0.061905608
923003,0.004652537
923004,0.018950544
923005,0.015079914
923006,0.017845588
923007,0.017160527
923008,0.019996742
923009,0.019369625
923010,0.011905387
923011,0.0129476115
923012,0.059214856
923013,0.031518813
923014,0.120735765
923015,0.05691246
923016,0.08946516
923017,0.15177046
923018,0.13471869
923019,0.06709648
923020,0.060242265
923021,0.18342943
923022,0.06394345
923023,0.008772029
923024,0.08525413
923025,0.06907755
923026,0.09151588
923027,0.061885614
923028,0.09359527
923029,0.09742136
923030,0.054512627
923031,0.06759195
923032,0.0561385
923033,0.012346011
923034,0.049901605
923035,0.046714105
923036,0.05100955
923037,0.18080139
923038,0.3066374
923039,0.31903756
923040,0.30314237
923041,0.3874632
923042,0.37876642
923043,0.14161552
923044,0.21151091
923045,0.28568545
923046,0.14603542
923047,0.010222796
923048,0.04449091
923049,0.034956925
923050,0.07176565
923051,0.036240477
923052,0.032667693
923053,0.04000641
923054,0.030525561
923055,0.025571058
923056,0.018129388
923057,0.17792368
923058,0.14220092
923059,0.35498178
923060,0.1346531
923061,0.15188062
923062,0.17447756
923063,0.14374574
923064,0.048580587
923065,0.052108943
923066,0.1286792
923067,0.0371187
923068,0.0120238345
923069,0.03852725
923070,0.04064805
923071,0.045188364
923072,0.04119372
923073,0.058658313
923074,0.042825155
923075,0.029877817
923076,0.010371308
923077,0.07792039
923078,0.08249331
923079,0.09481662
923080,0.28085685
923081,0.28131968
923082,0.274132
923083,0.1676461
923084,0.02189248
923085,0.1264075
923086,0.06252146
923087,0.09211392
923088,0.16954716
923089,0.06681858
923090,0.043578196
923091,0.008912575
923092,0.06559115
923093,0.06292122
923094,0.09178584
923095,0.24219993
923096,0.23389983
923097,0.25348625
923098,0.1579737
923099,0.033566784
923100,0.18932943
923101,0.084470384
923102,0.04375985
923103,0.06444374
923104,0.077272065
923105,0.060518775
923106,0.20987198
923107,0.34076893
923108,0.19939156
923109,0.23741771
923110,0.16437703
923111,0.21602447
923112,0.016148327
923113,0.04325486
923114,0.26347515
923115,0.22908896
923116,0.02139736
923117,0.09215009
923118,0.5691384
923119,0.5426137
923120,0.6646095
923121,0.6170624
923122,0.5854028
923123,0.61014014
923124,0.5810582
923125,0.6908189
923126,0.5696336
923127,0.57254744
923128,0.5887154
923129,0.6193675
923130,0.6389449
923131,0.59147984
923132,0.57617193
923133,0.4333099
923134,0.23571639
923135,0.18896681
923136,0.19431888
923137,0.14847755
923138,0.14166962
923139,0.15306155
923140,0.105448194
923141,0.04828511
923142,0.42363232
923143,0.45001012
923144,0.22278677
923145,0.4571617
923146,0.43941242
923147,0.46509263
923148,0.44136223
923149,0.42763925
923150,0.28930828
923151,0.39773658
923152,0.50284344
923153,0.40411562
923154,0.2941491
923155,0.016575074
923156,0.09621454
923157,0.027374698
923158,0.2857674
923159,0.29991955
923160,0.2927678
923161,0.26512757
923162,0.16151175
923163,0.064067975
923164,0.054772224
923165,0.058463775
923166,0.058418464
923167,0.06080997
923168,0.062261358
923169,0.07608946
923170,0.019594477
923171,0.08365392
923172,0.10884704
923173,0.112538
923174,0.10076629
923175,0.086514644
923176,0.019171994
923177,0.057057425
923178,0.055781525
923179,0.06296072
923180,0.06438948
923181,0.07570357
923182,0.43123853
923183,0.5350264
923184,0.56296855
923185,0.50544304
923186,0.52927613
923187,0.58704865
923188,0.4874717
923189,0.49308902
923190,0.64273334
923191,0.48504573
923192,0.6278042
923193,0.5172282
923194,0.54108167
923195,0.5627605
923196,0.4908689
923197,0.063927375
923198,0.4158713
923199,0.56255627
923200,0.6142223
923201,0.6077748
923202,0.6090195
923203,0.6196265
923204,0.57136106
923205,0.61563814
923206,0.6522889
923207,0.6586479
923208,0.60281384
923209,0.67651975
923210,0.65536946
923211,0.67265004
923212,0.6649079
923213,0.64314103
923214,0.68475056
923215,0.662962
923216,0.66686743
923217,0.69196093
923218,0.66693836
923219,0.6746282
923220,0.6469058
923221,0.66467685
923222,0.4610802
923223,0.22403325
923224,0.12973255
923225,0.18584289
923226,0.1773245
923227,0.23948771
923228,0.19360687
923229,0.27549186
923230,0.12543312
923231,0.064578414
923232,0.07952201
923233,0.38398287
923234,0.35762092
923235,0.33352232
923236,0.2775715
923237,0.24775387
923238,0.00830434
923239,0.031724177
923240,0.03711891
923241,0.040927824
923242,0.031531923
923243,0.029843677
923244,0.036454245
923245,0.020000134
923246,0.042963874
923247,0.14961976
923248,0.009402991
923249,0.01833931
923250,0.018331703
923251,0.018121708
923252,0.021142535
923253,0.023310438
923254,0.021608924
923255,0.044845525
923256,0.02646258
923257,0.03386059
923258,0.037064116
923259,0.024631612
923260,0.03701328
923261,0.00642339
923262,0.022001965
923263,0.017676543
923264,0.026235346
923265,0.023741454
923266,0.022787271
923267,0.019163571
923268,0.011547521
923269,0.029132348
923270,0.028263532
923271,0.044557508
923272,0.031091414
923273,0.03735777
923274,0.030689644
923275,0.026380867
923276,0.039176308
923277,0.037296563
923278,0.03474949
923279,0.023494303
923280,0.015155946
923281,0.06587756
923282,0.0715049
923283,0.060869064
923284,0.12469281
923285,0.09648622
923286,0.09034066
923287,0.07688694
923288,0.06585516
923289,0.30286273
923290,0.21345772
923291,0.030408174
923292,0.14493248
923293,0.16372927
923294,0.12710245
923295,0.14966498
923296,0.15070647
923297,0.12035395
923298,0.35294208
923299,0.23713411
923300,0.2728308
923301,0.20805892
923302,0.2389637
923303,0.14325832
923304,0.03868757
923305,0.13191684
923306,0.1637183
923307,0.14113748
923308,0.1441235
923309,0.14728537
923310,0.15977766
923311,0.26855254
923312,0.30722007
923313,0.18579222
923314,0.27773786
923315,0.23675595
923316,0.22779737
923317,0.28662607
923318,0.25155863
923319,0.0122396955
923320,0.15808438
923321,0.15818232
923322,0.17640951
923323,0.18239492
923324,0.1881203
923325,0.20595936
923326,0.08848093
923327,0.05951934
923328,0.05627883
923329,0.07434225
923330,0.059671216
923331,0.05721066
923332,0.021178791
923333,0.3927135
923334,0.36522087
923335,0.44568712
923336,0.49770164
923337,0.5425205
923338,0.38562936
923339,0.40856412
923340,0.36599654
923341,0.0497172
923342,0.46969083
923343,0.54307604
923344,0.6563416
923345,0.65119094
923346,0.7283932
923347,0.7311149
923348,0.66350234
923349,0.7449554
923350,0.7519052
923351,0.74670994
923352,0.8195246
923353,0.74872535
923354,0.74873114
923355,0.7710839
923356,0.7662141
923357,0.7583444
923358,0.72100246
923359,0.69982874
923360,0.66391003
923361,0.73346776
923362,0.6635138
923363,0.7249801
923364,0.37334952
923365,0.17994483
923366,0.16542
923367,0.13752264
923368,0.10031849
923369,0.044935644
923370,0.18233562
923371,0.14578144
923372,0.14710756
923373,0.17578958
923374,0.25418743
923375,0.12108813
923376,0.018202484
923377,0.05895634
923378,0.037079018
923379,0.06646704
923380,0.037969686
923381,0.05206488
923382,0.038009387
923383,0.029462934
923384,0.015142229
923385,0.07872242
923386,0.06401266
923387,0.084134884
923388,0.08156622
923389,0.06470593
923390,0.055597052
923391,0.010301808
923392,0.033095073
923393,0.02893965
923394,0.027467238
923395,0.029949738
923396,0.034035426
923397,0.02795153
923398,0.021608386
923399,0.29178727
923400,0.378563
923401,0.3171162
923402,0.38598093
923403,0.33805987
923404,0.4222755
923405,0.364773
923406,0.34216866
923407,0.37091443
923408,0.44466615
923409,0.37418336
923410,0.2599165
923411,0.012470641
923412,0.057286017
923413,0.045050822
923414,0.046732318
923415,0.047566082
923416,0.047078047
923417,0.036718555
923418,0.042188138
923419,0.050644737
923420,0.02922717
923421,0.017122786
923422,0.1344889
923423,0.10433059
923424,0.19615114
923425,0.12128994
923426,0.1477215
923427,0.1417532
923428,0.14673977
923429,0.14600152
923430,0.10640061
923431,0.008407419
923432,0.018308671
923433,0.019544512
923434,0.025221918
923435,0.022570321
923436,0.020996131
923437,0.017709445
923438,0.01605381
923439,0.14332834
923440,0.12941764
923441,0.21548122
923442,0.2719174
923443,0.31278694
923444,0.19495735
923445,0.20052187
923446,0.2391755
923447,0.31827122
923448,0.1873168
923449,0.010173767
923450,0.03063656
923451,0.043799344
923452,0.026182752
923453,0.023884522
923454,0.025741525
923455,0.023833709
923456,0.024050537
923457,0.022517664
923458,0.027819097
923459,0.46043015
923460,0.5999636
923461,0.6572788
923462,0.65745676
923463,0.7066386
923464,0.6764392
923465,0.688733
923466,0.54799426
923467,0.66547143
923468,0.55652505
923469,0.68552345
923470,0.58622634
923471,0.6695816
923472,0.36056405
923473,0.30477992
923474,0.25809526
923475,0.23447748
923476,0.010233436
923477,0.03820978
923478,0.03479237
923479,0.05241212
923480,0.049706984
923481,0.16588846
923482,0.02966734
923483,0.029619187
923484,0.031289004
923485,0.036636055
923486,0.0107673565
923487,0.036300316
923488,0.020426188
923489,0.044703357
923490,0.052684918
923491,0.017880974
923492,0.027101994
923493,0.036174476
923494,0.038869053
923495,0.027464697
923496,0.01096331
923497,0.06365695
923498,0.05735186
923499,0.10036427
923500,0.055577986
923501,0.05429283
923502,0.2063145
923503,0.08416402
923504,0.014615018
923505,0.030734973
923506,0.028690835
923507,0.029185092
923508,0.030439846
923509,0.0102993585
923510,0.028500909
923511,0.029777674
923512,0.028128158
923513,0.030560806
923514,0.031159725
923515,0.22051251
923516,0.1391815
923517,0.09032385
923518,0.22308858
923519,0.14108093
923520,0.012872834
923521,0.040367525
923522,0.035451207
923523,0.046053026
923524,0.03851375
923525,0.030208314
923526,0.021990962
923527,0.08670735
923528,0.0914912
923529,0.105414174
923530,0.10383143
923531,0.10404734
923532,0.090297304
923533,0.13469632
923534,0.016899973
923535,0.04768977
923536,0.06384178
923537,0.033758417
923538,0.0468352
923539,0.034328524
923540,0.04857889
923541,0.033025716
923542,0.07607517
923543,0.025329528
923544,0.011375477
923545,0.029328028
923546,0.020249689
923547,0.020124298
923548,0.02323049
923549,0.030191172
923550,0.03456773
923551,0.027590161
923552,0.01691259
923553,0.09206343
923554,0.08996647
923555,0.07264726
923556,0.0075106877
923557,0.01984958
923558,0.02282648
923559,0.026938267
923560,0.025650421
923561,0.019126734
923562,0.018994445
923563,0.024369443
923564,0.12906754
923565,0.11077933
923566,0.1067693
923567,0.073217444
923568,0.05931414
923569,0.27151868
923570,0.1908268
923571,0.14042048
923572,0.0117529165
923573,0.068481535
923574,0.06571845
923575,0.07163059
923576,0.0796366
923577,0.050017115
923578,0.06059643
923579,0.056780104
923580,0.09890684
923581,0.030444365
923582,0.08577122
923583,0.062208552
923584,0.07575946
923585,0.052397724
923586,0.043150797
923587,0.12104818
923588,0.13164766
923589,0.097753726
923590,0.1202277
923591,0.06266331
923592,0.17018472
923593,0.20664622
923594,0.20660499
923595,0.24497384
923596,0.15791608
923597,0.032742213
923598,0.17999959
923599,0.20609887
923600,0.17549916
923601,0.25907227
923602,0.20725064
923603,0.029069303
923604,0.079502955
923605,0.07554762
923606,0.06413341
923607,0.058048286
923608,0.04451742
923609,0.16932793
923610,0.108268894
923611,0.17322412
923612,0.018735792
923613,0.07442143
923614,0.08621823
923615,0.123852305
923616,0.97344583
923617,0.05234133
923618,0.06562562
923619,0.07670489
923620,0.02234882
923621,0.08748535
923622,0.092647985
923623,0.22175135
923624,0.24589594
923625,0.27514964
923626,0.3027287
923627,0.02705811
923628,0.14682297
923629,0.17998163
923630,0.14289504
923631,0.121254705
923632,0.11352948
923633,0.09929774
923634,0.09592055
923635,0.064887196
923636,0.06252623
923637,0.18723471
923638,0.20848964
923639,0.12784438
923640,0.20748848
923641,0.22242215
923642,0.101813644
923643,0.1846052
923644,0.18634138
923645,0.1448063
923646,0.011493058
923647,0.050237346
923648,0.018715015
923649,0.034752425
923650,0.018476376
923651,0.07447511
923652,0.025773194
923653,0.056886286
923654,0.025651019
923655,0.058927454
923656,0.010337237
923657,0.0284923
923658,0.026340773
923659,0.028614037
923660,0.12841378
923661,0.044859804
923662,0.07817328
923663,0.027397942
923664,0.060353156
923665,0.055504873
923666,0.058435123
923667,0.0199698
923668,0.07597285
923669,0.11448321
923670,0.011952147
923671,0.046937235
923672,0.043616153
923673,0.044393916
923674,0.23574328
923675,0.20953047
923676,0.18195833
923677,0.13573332
923678,0.031897802
923679,0.12965551
923680,0.46026215
923681,0.6045968
923682,0.56939834
923683,0.6251072
923684,0.6244213
923685,0.6285686
923686,0.6033952
923687,0.63290626
923688,0.5867341
923689,0.5715625
923690,0.40340385
923691,0.25025567
923692,0.119143665
923693,0.16901648
923694,0.022083359
923695,0.1382531
923696,0.24731505
923697,0.031765558
923698,0.07011967
923699,0.064369604
923700,0.03574585
923701,0.041604828
923702,0.014277974
923703,0.035860535
923704,0.030498812
923705,0.02987424
923706,0.030507185
923707,0.2789907
923708,0.29600745
923709,0.028579736
923710,0.06204169
923711,0.12505093
923712,0.13127863
923713,0.14211974
923714,0.1196664
923715,0.045773275
923716,0.0187905
923717,0.038670003
923718,0.04672632
923719,0.039128322
923720,0.038558025
923721,0.029235693
923722,0.026043003
923723,0.028978154
923724,0.016771464
923725,0.031294566
923726,0.031316634
923727,0.0343317
923728,0.032071985
923729,0.030288426
923730,0.025950683
923731,0.011804012
923732,0.054093573
923733,0.06133819
923734,0.23935965
923735,0.20263642
923736,0.1196876
923737,0.16090706
923738,0.15259916
923739,0.15431473
923740,0.22949804
923741,0.081378676
923742,0.39543396
923743,0.35795426
923744,0.42833033
923745,0.48163605
923746,0.50238687
923747,0.28115243
923748,0.01588576
923749,0.039119683
923750,0.060765006
923751,0.06699921
923752,0.17133856
923753,0.14704502
923754,0.12744632
923755,0.045521386
923756,0.062886745
923757,0.17171378
923758,0.115558416
923759,0.023158336
923760,0.4099862
923761,0.46935904
923762,0.53824055
923763,0.4912226
923764,0.44172692
923765,0.5440482
923766,0.462223
923767,0.55628544
923768,0.56714106
923769,0.55009484
923770,0.53842264
923771,0.33473343
923772,0.19960693
923773,0.0130726425
923774,0.028367845
923775,0.068130374
923776,0.058336634
923777,0.051073678
923778,0.06572679
923779,0.056864757
923780,0.030546214
923781,0.02719564
923782,0.08056095
923783,0.049137875
923784,0.43709618
923785,0.54292583
923786,0.6136093
923787,0.6706291
923788,0.6947912
923789,0.72695655
923790,0.7249799
923791,0.6888588
923792,0.676883
923793,0.69992566
923794,0.6060113
923795,0.6976956
923796,0.7002064
923797,0.679821
923798,0.6946513
923799,0.64643455
923800,0.62520075
923801,0.366883
923802,0.009048241
923803,0.028514806
923804,0.14138253
923805,0.032341857
923806,0.04050354
923807,0.029472442
923808,0.011036031
923809,0.07408797
923810,0.06614825
923811,0.103459544
923812,0.1404475
923813,0.4340487
923814,0.3619713
923815,0.3011271
923816,0.17544495
923817,0.49091738
923818,0.3357641
923819,0.47815603
923820,0.411827
923821,0.40724108
923822,0.32426023
923823,0.009422736
923824,0.036389854
923825,0.025307046
923826,0.024741627
923827,0.02740418
923828,0.023331942
923829,0.027690407
923830,0.020763295
923831,0.2566454
923832,0.30901903
923833,0.24539962
923834,0.21073681
923835,0.02014402
923836,0.14318931
923837,0.10144266
923838,0.11890836
923839,0.13028248
923840,0.09000574
923841,0.064930506
923842,0.036443073
923843,0.11253025
923844,0.068632886
923845,0.045742493
923846,0.016126463
923847,0.07302642
923848,0.08331599
923849,0.07558436
923850,0.08140977
923851,0.058251258
923852,0.046175424
923853,0.0140836025
923854,0.035597373
923855,0.03903052
923856,0.03257663
923857,0.031895556
923858,0.020981546
923859,0.1780229
923860,0.22220705
923861,0.3631174
923862,0.124113806
923863,0.2607083
923864,0.23504978
923865,0.34151125
923866,0.237026
923867,0.21892032
923868,0.18955936
923869,0.017588563
923870,0.17450416
923871,0.05868905
923872,0.059365947
923873,0.058019444
923874,0.17255934
923875,0.045959737
923876,0.10617271
923877,0.07096735
923878,0.11521727
923879,0.11786616
923880,0.1431307
923881,0.15300378
923882,0.11172369
923883,0.01888103
923884,0.12603277
923885,0.15559274
923886,0.13232194
923887,0.14566569
923888,0.18609226
923889,0.01524406
923890,0.09208023
923891,0.0808988
923892,0.018881073
923893,0.31342766
923894,0.31531358
923895,0.30586037
923896,0.3230274
923897,0.37776083
923898,0.3471161
923899,0.3381153
923900,0.32664877
923901,0.10024514
923902,0.11169263
923903,0.10474536
923904,0.15354912
923905,0.017990338
923906,0.08957389
923907,0.067124255
923908,0.11497589
923909,0.064500004
923910,0.09478831
923911,0.100360736
923912,0.009529324
923913,0.06962273
923914,0.034014445
923915,0.03269239
923916,0.04183311
923917,0.032273177
923918,0.03074265
923919,0.0138268
923920,0.052961487
923921,0.053402413
923922,0.037837863
923923,0.1998261
923924,0.20373136
923925,0.17979078
923926,0.115991905
923927,0.12719908
923928,0.015895117
923929,0.078208975
923930,0.123695426
923931,0.10051672
923932,0.049217395
923933,0.055886496
923934,0.040496673
923935,0.054078497
923936,0.05261105
923937,0.060400855
923938,0.3056734
923939,0.39719683
923940,0.218046
923941,0.29888767
923942,0.36951944
923943,0.2904629
923944,0.18646464
923945,0.018225588
923946,0.07528613
923947,0.07004217
923948,0.0727692
923949,0.08928603
923950,0.07257575
923951,0.065274924
923952,0.16690248
923953,0.2724839
923954,0.31565806
923955,0.20720144
923956,0.20683192
923957,0.1755069
923958,0.36076644
923959,0.34535584
923960,0.35384783
923961,0.41177747
923962,0.3828175
923963,0.4254781
923964,0.48833096
923965,0.09274284
923966,0.22834694
923967,0.20827544
923968,0.26747605
923969,0.25749874
923970,0.3354841
923971,0.2421704
923972,0.25814185
923973,0.30703673
923974,0.55483294
923975,0.78091735
923976,0.7045446
923977,0.78598565
923978,0.83643687
923979,0.8251693
923980,0.83527535
923981,0.78929406
923982,0.803417
923983,0.8368503
923984,0.79943687
923985,0.84098876
923986,0.8340175
923987,0.81273234
923988,0.7867088
923989,0.8011583
923990,0.83895135
923991,0.8042606
923992,0.8196171
923993,0.8275544
923994,0.766968
923995,0.8160418
923996,0.818515
923997,0.80956626
923998,0.8670265
923999,0.85923725
924000,0.8163544
924001,0.8623244
924002,0.8707827
924003,0.852705
924004,0.8630818
924005,0.88319534
924006,0.7891154
924007,0.8314067
924008,0.6548867
924009,0.035783704
924010,0.43422648
924011,0.33968055
924012,0.2790392
924013,0.3596676
924014,0.077512726
924015,0.13398568
924016,0.34249797
924017,0.36057815
924018,0.43802646
924019,0.4376464
924020,0.4426139
924021,0.39331874
924022,0.25058606
924023,0.25933355
924024,0.3711206
924025,0.51939696
924026,0.68922997
924027,0.7228498
924028,0.73510617
924029,0.7509144
924030,0.7829285
924031,0.6690444
924032,0.7642485
924033,0.595913
924034,0.7693543
924035,0.7029596
924036,0.749324
924037,0.79883206
924038,0.8052719
924039,0.76491046
924040,0.771727
924041,0.69374764
924042,0.72280216
924043,0.7101631
924044,0.77522725
924045,0.73237276
924046,0.7930657
924047,0.59984773
924048,0.017937351
924049,0.03311543
924050,0.03211562
924051,0.032578308
924052,0.029456027
924053,0.13941038
924054,0.54736763
924055,0.57556266
924056,0.56563526
924057,0.5393023
924058,0.62282515
924059,0.60243905
924060,0.47232425
924061,0.570542
924062,0.5458613
924063,0.5744175
924064,0.48661956
924065,0.5295791
924066,0.4573577
924067,0.6268335
924068,0.57350147
924069,0.5543286
924070,0.4663313
924071,0.021760657
924072,0.042457826
924073,0.034333553
924074,0.05602964
924075,0.48097268
924076,0.79930633
924077,0.81925887
924078,0.8776089
924079,0.880638
924080,0.86221725
924081,0.8954917
924082,0.8886256
924083,0.91016906
924084,0.89688814
924085,0.9102177
924086,0.9165745
924087,0.90827596
924088,0.8988824
924089,0.9155526
924090,0.90153265
924091,0.9111772
924092,0.90942645
924093,0.9118212
924094,0.88257146
924095,0.892706
924096,0.8908806
924097,0.894744
924098,0.8966847
924099,0.90240335
924100,0.90145177
924101,0.88932294
924102,0.8696268
924103,0.89922786
924104,0.89615995
924105,0.88050413
924106,0.8494802
924107,0.88438094
924108,0.81883734
924109,0.8529021
924110,0.8004601
924111,0.8282834
924112,0.8078845
924113,0.75532603
924114,0.80755
924115,0.80126816
924116,0.6768614
924117,0.056475982
924118,0.4876593
924119,0.68758947
924120,0.73132175
924121,0.6964067
924122,0.7895638
924123,0.76151544
924124,0.7372455
924125,0.7434765
924126,0.79040444
924127,0.68558097
924128,0.7653795
924129,0.74038005
924130,0.7409203
924131,0.73620254
924132,0.8124645
924133,0.8257175
924134,0.779166
924135,0.73376405
924136,0.7260638
924137,0.7229641
924138,0.8230651
924139,0.7409193
924140,0.77329063
924141,0.7381576
924142,0.73275226
924143,0.73814285
924144,0.7202695
924145,0.76381373
924146,0.7322463
924147,0.7095085
924148,0.018133378
924149,0.034556184
924150,0.03138938
924151,0.029910034
924152,0.13232265
924153,0.34925982
924154,0.33108997
924155,0.31174213
924156,0.32135516
924157,0.34097832
924158,0.32366055
924159,0.23990723
924160,0.12563188
924161,0.7327469
924162,0.69625163
924163,0.73748606
924164,0.7833695
924165,0.7722456
924166,0.7547496
924167,0.7494526
924168,0.8056825
924169,0.77500373
924170,0.7887301
924171,0.78767735
924172,0.78061163
924173,0.7238594
924174,0.79166776
924175,0.8668996
924176,0.7749676
924177,0.8237314
924178,0.88094115
924179,0.82749635
924180,0.6917508
924181,0.86825424
924182,0.7075
924183,0.70400107
924184,0.6912762
924185,0.6954767
924186,0.7753066
924187,0.71480495
924188,0.79303414
924189,0.73132235
924190,0.68468744
924191,0.7373669
924192,0.75676143
924193,0.7145616
924194,0.58551794
924195,0.034539256
924196,0.03329081
924197,0.04148541
924198,0.03454669
924199,0.046643943
924200,0.31256562
924201,0.2931636
924202,0.32599062
924203,0.19556345
924204,0.010920726
924205,0.033127535
924206,0.038327437
924207,0.031839
924208,0.034552693
924209,0.0679357
924210,0.058328293
924211,0.27232158
924212,0.28778958
924213,0.30367368
924214,0.26263508
924215,0.5256144
924216,0.34004208
924217,0.32720855
924218,0.25612515
924219,0.2912818
924220,0.23000783
924221,0.13758685
924222,0.011137925
924223,0.028207254
924224,0.027959032
924225,0.028655436
924226,0.030246103
924227,0.028487284
924228,0.030267462
924229,0.030793255
924230,0.064336725
924231,0.4788661
924232,0.58778274
924233,0.6975196
924234,0.6850615
924235,0.69430983
924236,0.7472139
924237,0.7926966
924238,0.70772785
924239,0.5868009
924240,0.8204965
924241,0.7084013
924242,0.72695464
924243,0.7104747
924244,0.72294945
924245,0.66875625
924246,0.7291073
924247,0.7444765
924248,0.66584
924249,0.7459266
924250,0.72970676
924251,0.7977826
924252,0.7314319
924253,0.6660951
924254,0.78567064
924255,0.6354201
924256,0.63434684
924257,0.5063519
924258,0.20216642
924259,0.024236986
924260,0.03852116
924261,0.051722836
924262,0.03868817
924263,0.04686859
924264,0.0502429
924265,0.044264093
924266,0.23483792
924267,0.63271683
924268,0.76043296
924269,0.79732496
924270,0.7992378
924271,0.6520357
924272,0.79757893
924273,0.7959091
924274,0.79278207
924275,0.8099296
924276,0.79995805
924277,0.81732357
924278,0.80121744
924279,0.7764538
924280,0.8073891
924281,0.8031688
924282,0.8018636
924283,0.7841703
924284,0.8037512
924285,0.80518496
924286,0.7813219
924287,0.7940765
924288,0.77044356
924289,0.793909
924290,0.70879066
924291,0.7544502
924292,0.3764663
924293,0.017602427
924294,0.021838974
924295,0.027822644
924296,0.025004262
924297,0.025098275
924298,0.030351145
924299,0.04236192
924300,0.1206937
924301,0.12614891
924302,0.11584829
924303,0.1129317
924304,0.010536714
924305,0.028844375
924306,0.032205008
924307,0.024823248
924308,0.028935753
924309,0.03210515
924310,0.018200599
924311,0.013403917
924312,0.03780028
924313,0.04580559
924314,0.04116636
924315,0.048911564
924316,0.061093125
924317,0.05536694
924318,0.1010165
924319,0.27477068
924320,0.13177305
924321,0.13032608
924322,0.11138586
924323,0.018113647
924324,0.040251527
924325,0.042450953
924326,0.02578339
924327,0.022978276
924328,0.06720106
924329,0.044053037
924330,0.041841704
924331,0.061750263
924332,0.18692988
924333,0.10456773
924334,0.054923877
924335,0.23105319
924336,0.32510316
924337,0.194429
924338,0.16781166
924339,0.24623205
924340,0.188935
924341,0.11765181
924342,0.017456245
924343,0.034997527
924344,0.05315551
924345,0.036407962
924346,0.032402854
924347,0.033321217
924348,0.032603618
924349,0.032194056
924350,0.020602142
924351,0.08080511
924352,0.14753881
924353,0.396063
924354,0.6530867
924355,0.62637424
924356,0.61945987
924357,0.608272
924358,0.67507666
924359,0.6302669
924360,0.6231521
924361,0.61301935
924362,0.61043
924363,0.59557784
924364,0.5408553
924365,0.58842665
924366,0.550093
924367,0.39899468
924368,0.28986758
924369,0.07376047
924370,0.7148498
924371,0.38434938
924372,0.25491104
924373,0.3575543
924374,0.30266577
924375,0.4522691
924376,0.38522056
924377,0.020711469
924378,0.27134976
924379,0.26253667
924380,0.2102825
924381,0.18824257
924382,0.19778612
924383,0.16540104
924384,0.11096964
924385,0.08368148
924386,0.03522448
924387,0.06632473
924388,0.29879135
924389,0.28186345
924390,0.23354496
924391,0.20711026
924392,0.3073567
924393,0.29134378
924394,0.24944729
924395,0.23434079
924396,0.055107336
924397,0.092743374
924398,0.12664707
924399,0.053828403
924400,0.031891413
924401,0.056741495
924402,0.02978
924403,0.035600845
924404,0.11898968
924405,0.010864742
924406,0.022611542
924407,0.016091002
924408,0.016367136
924409,0.021650434
924410,0.019084157
924411,0.020489229
924412,0.014339794
924413,0.014131618
924414,0.018199578
924415,0.08314326
924416,0.11401053
924417,0.09582732
924418,0.07925379
924419,0.11251029
924420,0.08319551
924421,0.05900252
924422,0.20803063
924423,0.014299567
924424,0.025266945
924425,0.03171483
924426,0.025132086
924427,0.05970542
924428,0.1980878
924429,0.1273499
924430,0.14111087
924431,0.13391525
924432,0.06589859
924433,0.09637924
924434,0.060975384
924435,0.07194556
924436,0.043676868
924437,0.40886456
924438,0.38192895
924439,0.34366983
924440,0.105041735
924441,0.044453494
924442,0.056032754
924443,0.032707836
924444,0.17004618
924445,0.23962916
924446,0.14458516
924447,0.19265686
924448,0.14806457
924449,0.2360375
924450,0.15102658
924451,0.29616424
924452,0.14185123
924453,0.03421888
924454,0.3362184
924455,0.370705
924456,0.3868702
924457,0.31071684
924458,0.24603763
924459,0.19479685
924460,0.24336351
924461,0.24221735
924462,0.17591284
924463,0.069220915
924464,0.587678
924465,0.6993686
924466,0.725676
924467,0.73916334
924468,0.77037275
924469,0.7447457
924470,0.70397186
924471,0.7160421
924472,0.77338403
924473,0.74989116
924474,0.7487507
924475,0.7480598
924476,0.7670523
924477,0.76478285
924478,0.73833126
924479,0.70639825
924480,0.7035347
924481,0.70081824
924482,0.38919687
924483,0.50101835
924484,0.7009113
924485,0.72255975
924486,0.71546525
924487,0.7229948
924488,0.69912934
924489,0.78710496
924490,0.72845376
924491,0.70196295
924492,0.7888883
924493,0.7126865
924494,0.7135162
924495,0.69634396
924496,0.7277184
924497,0.71091306
924498,0.69331634
924499,0.6809859
924500,0.6388331
924501,0.4270879
924502,0.05907342
924503,0.05494261
924504,0.04074342
924505,0.24090542
924506,0.20853925
924507,0.010608489
924508,0.043563012
924509,0.04010696
924510,0.03483993
924511,0.032432906
924512,0.14121939
924513,0.063337006
924514,0.038380507
924515,0.012381586
924516,0.047958396
924517,0.053602096
924518,0.035260998
924519,0.22685722
924520,0.23610558
924521,0.009626576
924522,0.025743632
924523,0.02739728
924524,0.34637153
924525,0.015558379
924526,0.045847163
924527,0.051588684
924528,0.041762557
924529,0.07096821
924530,0.04900035
924531,0.03305101
924532,0.012757506
924533,0.08002341
924534,0.17393485
924535,0.012956744
924536,0.08992281
924537,0.048431046
924538,0.07081615
924539,0.031156737
924540,0.04742084
924541,0.06272575
924542,0.035155818
924543,0.05869092
924544,0.053368617
924545,0.019090243
924546,0.027986843
924547,0.025740808
924548,0.020928357
924549,0.11353011
924550,0.09464964
924551,0.020126518
924552,0.07185903
924553,0.06535272
924554,0.09285138
924555,0.07039363
924556,0.1325984
924557,0.24105789
924558,0.24415036
924559,0.18904638
924560,0.12888959
924561,0.11520213
924562,0.088407986
924563,0.2105657
924564,0.23219256
924565,0.2103435
924566,0.1921535
924567,0.21730244
924568,0.180336
924569,0.12953311
924570,0.26098517
924571,0.23218824
924572,0.20999987
924573,0.1785688
924574,0.2446706
924575,0.61081755
924576,0.6097355
924577,0.38978377
924578,0.49991643
924579,0.30024043
924580,0.30955574
924581,0.11931706
924582,0.09460416
924583,0.05399894
924584,0.071282975
924585,0.14526905
924586,0.1183419
924587,0.12932517
924588,0.02853193
924589,0.36497375
924590,0.41732433
924591,0.42023912
924592,0.3420769
924593,0.36208174
924594,0.36436135
924595,0.28966367
924596,0.027920427
924597,0.078788914
924598,0.09636197
924599,0.0812119
924600,0.07840164
924601,0.05098812
924602,0.4813603
924603,0.3410188
924604,0.3594441
924605,0.45307004
924606,0.46386454
924607,0.44411606
924608,0.4376188
924609,0.3456127
924610,0.47227368
924611,0.43096456
924612,0.411583
924613,0.49761403
924614,0.28817207
924615,0.0434825
924616,0.10975447
924617,0.08651538
924618,0.09910631
924619,0.07202189
924620,0.13245726
924621,0.063345306
924622,0.050789297
924623,0.041302755
924624,0.03533791
924625,0.036889087
924626,0.038099322
924627,0.049951058
924628,0.60424834
924629,0.4730327
924630,0.46138406
924631,0.5466122
924632,0.5397742
924633,0.48770285
924634,0.643872
924635,0.6186382
924636,0.60037637
924637,0.6512771
924638,0.61185557
924639,0.5805418
924640,0.54974276
924641,0.48767427
924642,0.58363587
924643,0.51076484
924644,0.057294976
924645,0.047974784
924646,0.060099076
924647,0.22860514
924648,0.23100331
924649,0.2961475
924650,0.0637663
924651,0.48589876
924652,0.42017967
924653,0.5195571
924654,0.51510817
924655,0.53023934
924656,0.48873425
924657,0.52273536
924658,0.5051719
924659,0.52240884
924660,0.5857912
924661,0.6118771
924662,0.58756065
924663,0.5441721
924664,0.50547844
924665,0.55804956
924666,0.53150576
924667,0.6473378
924668,0.5405187
924669,0.48335943
924670,0.38430902
924671,0.32127368
924672,0.06562369
924673,0.035441633
924674,0.05221997
924675,0.052911133
924676,0.058749046
924677,0.23731486
924678,0.3229278
924679,0.3328915
924680,0.41412988
924681,0.4656762
924682,0.39957082
924683,0.5911881
924684,0.5003206
924685,0.47147942
924686,0.49075472
924687,0.58836985
924688,0.47651255
924689,0.4686436
924690,0.5455481
924691,0.34403726
924692,0.04689523
924693,0.053537488
924694,0.04321806
924695,0.05120047
924696,0.03333996
924697,0.18941307
924698,0.22789527
924699,0.18709749
924700,0.21491
924701,0.1926523
924702,0.20996115
924703,0.20899121
924704,0.25409156
924705,0.11176735
924706,0.092332505
924707,0.0535103
924708,0.028091123
924709,0.51817197
924710,0.5412908
924711,0.5818257
924712,0.5730578
924713,0.5469728
924714,0.58839935
924715,0.5944042
924716,0.62179595
924717,0.6002506
924718,0.52844113
924719,0.6098782
924720,0.54083526
924721,0.5956778
924722,0.48157087
924723,0.6633654
924724,0.5629273
924725,0.41863602
924726,0.15695156
924727,0.018348703
924728,0.04447424
924729,0.046560124
924730,0.05017056
924731,0.043821454
924732,0.043709733
924733,0.043019168
924734,0.036504984
924735,0.2717242
924736,0.61942875
924737,0.70846915
924738,0.61322236
924739,0.7759035
924740,0.5364056
924741,0.54386955
924742,0.5085084
924743,0.48498753
924744,0.6312498
924745,0.47875997
924746,0.6166817
924747,0.5364947
924748,0.6771895
924749,0.5204915
924750,0.42845485
924751,0.019797157
924752,0.08512517
924753,0.06509124
924754,0.05853014
924755,0.17095762
924756,0.1659283
924757,0.17758828
924758,0.18385299
924759,0.16152023
924760,0.1378829
924761,0.2937488
924762,0.21075216
924763,0.17165905
924764,0.07285849
924765,0.60044456
924766,0.39911285
924767,0.466303
924768,0.37066865
924769,0.23281062
924770,0.2900086
924771,0.39819694
924772,0.3103341
924773,0.48572484
924774,0.6345077
924775,0.62637496
924776,0.6173043
924777,0.6304544
924778,0.46583575
924779,0.0575643
924780,0.10392764
924781,0.0934667
924782,0.11913813
924783,0.20765036
924784,0.15264256
924785,0.03634284
924786,0.043250587
924787,0.036212284
924788,0.033615395
924789,0.034926496
924790,0.040620353
924791,0.011951922
924792,0.018289316
924793,0.019551389
924794,0.017768152
924795,0.014609621
924796,0.18998395
924797,0.3085691
924798,0.36225346
924799,0.26623878
924800,0.1734138
924801,0.20735689
924802,0.2776649
924803,0.2033755
924804,0.16720511
924805,0.011075779
924806,0.012456492
924807,0.012004913
924808,0.018594628
924809,0.022359552
924810,0.026749797
924811,0.019759139
924812,0.017635383
924813,0.01766442
924814,0.016624182
924815,0.090869725
924816,0.11289544
924817,0.005557612
924818,0.011992895
924819,0.013098174
924820,0.011885916
924821,0.01218058
924822,0.0119015165
924823,0.353915
924824,0.01062622
924825,0.030370887
924826,0.017278414
924827,0.112013675
924828,0.028008563
924829,0.025326962
924830,0.4463249
924831,0.5199117
924832,0.5314724
924833,0.5105443
924834,0.5569927
924835,0.50381994
924836,0.53754693
924837,0.58036834
924838,0.56648123
924839,0.45836183
924840,0.35795152
924841,0.15139745
924842,0.10894933
924843,0.1260652
924844,0.10029301
924845,0.09623903
924846,0.11960141
924847,0.12267697
924848,0.08690661
924849,0.011774719
924850,0.034282997
924851,0.05631148
924852,0.04962045
924853,0.057983376
924854,0.12177901
924855,0.03611555
924856,0.04074608
924857,0.042425435
924858,0.019689225
924859,0.22497192
924860,0.24937156
924861,0.26492947
924862,0.27339277
924863,0.15972842
924864,0.15088807
924865,0.25966832
924866,0.2206858
924867,0.33115056
924868,0.17805454
924869,0.00980028
924870,0.03923615
924871,0.039116394
924872,0.24247251
924873,0.037531376
924874,0.04073193
924875,0.08227468
924876,0.02465686
924877,0.06507963
924878,0.035115663
924879,0.17191957
924880,0.22787368
924881,0.16918081
924882,0.21622697
924883,0.16610086
924884,0.11183757
924885,0.015470465
924886,0.038426653
924887,0.035561573
924888,0.03171733
924889,0.040391766
924890,0.03105086
924891,0.2532347
924892,0.26249632
924893,0.131187
924894,0.05131653
924895,0.20650142
924896,0.29456013
924897,0.26092494
924898,0.1792486
924899,0.011424067
924900,0.03362016
924901,0.030117499
924902,0.03229307
924903,0.039012928
924904,0.035977527
924905,0.052790567
924906,0.12951127
924907,0.12483693
924908,0.15029417
924909,0.11974026
924910,0.013029237
924911,0.04792637
924912,0.045078333
924913,0.0383368
924914,0.040936183
924915,0.033845432
924916,0.07533728
924917,0.04507047
924918,0.1968374
924919,0.16679817
924920,0.13411568
924921,0.19614202
924922,0.291827
924923,0.18316261
924924,0.16134104
924925,0.017174592
924926,0.16305164
924927,0.033210322
924928,0.03342434
924929,0.033597913
924930,0.18389432
924931,0.2373858
924932,0.2063628
924933,0.2601349
924934,0.16307794
924935,0.14004852
924936,0.020965884
924937,0.03587319
924938,0.03555015
924939,0.044907674
924940,0.04103004
924941,0.037602622
924942,0.01367208
924943,0.02963775
924944,0.0304494
924945,0.022603087
924946,0.025964394
924947,0.027068362
924948,0.23118192
924949,0.009904744
924950,0.024745941
924951,0.030845968
924952,0.027665293
924953,0.031109948
924954,0.03813839
924955,0.037191402
924956,0.011624099
924957,0.02829675
924958,0.02702477
924959,0.033841208
924960,0.026820786
924961,0.013072649
924962,0.04529649
924963,0.030487625
924964,0.036410436
924965,0.02645432
924966,0.013698069
924967,0.036250196
924968,0.047883507
924969,0.03944729
924970,0.042485952
924971,0.034514885
924972,0.007973136
924973,0.03638475
924974,0.031572454
924975,0.046919476
924976,0.04645318
924977,0.029941302
924978,0.09095753
924979,0.010932212
924980,0.08417009
924981,0.04679752
924982,0.057855494
924983,0.047906075
924984,0.07701513
924985,0.116298355
924986,0.27268627
924987,0.27322292
924988,0.29336795
924989,0.24197742
924990,0.3358334
924991,0.2110523
924992,0.123480275
924993,0.2083858
924994,0.13932589
924995,0.10911454
924996,0.25509667
924997,0.17351118
924998,0.3311121
924999,0.2698018
925000,0.2070483
925001,0.1947924
925002,0.21464254
925003,0.16213572
925004,0.1494413
925005,0.27867875
925006,0.4441995
925007,0.4322936
925008,0.29924712
925009,0.326728
925010,0.43490285
925011,0.42865077
925012,0.37839615
925013,0.31716412
925014,0.30630368
925015,0.2362142
925016,0.23581724
925017,0.21860117
925018,0.21744724
925019,0.15027407
925020,0.05060495
925021,0.15850754
925022,0.10638709
925023,0.018689163
925024,0.12098895
925025,0.08161074
925026,0.11902984
925027,0.17453294
925028,0.117789164
925029,0.18199073
925030,0.11056667
925031,0.13804689
925032,0.14132346
925033,0.1178633
925034,0.013788269
925035,0.027809588
925036,0.036392834
925037,0.030893374
925038,0.031431794
925039,0.03598717
925040,0.023969697
925041,0.12921643
925042,0.13909984
925043,0.14808162
925044,0.111307114
925045,0.0968968
925046,0.06446828
925047,0.0132222185
925048,0.062250473
925049,0.055833142
925050,0.05596211
925051,0.070697926
925052,0.023061782
925053,0.043544155
925054,0.0416267
925055,0.053656414
925056,0.031372335
925057,0.048105113
925058,0.043558326
925059,0.036258377
925060,0.023498923
925061,0.06489846
925062,0.05574819
925063,0.05622053
925064,0.054238673
925065,0.048765402
925066,0.012916625
925067,0.03178679
925068,0.031406738
925069,0.020371508
925070,0.021158176
925071,0.029864442
925072,0.028846584
925073,0.020751363
925074,0.03418112
925075,0.014849356
925076,0.102254905
925077,0.089570604
925078,0.10122066
925079,0.124854736
925080,0.084357135
925081,0.08978632
925082,0.087608635
925083,0.10655242
925084,0.077547826
925085,0.038794253
925086,0.03187795
925087,0.028826486
925088,0.06287386
925089,0.029651776
925090,0.030475644
925091,0.031871434
925092,0.043383278
925093,0.15601
925094,0.1231147
925095,0.11513719
925096,0.007126529
925097,0.018295191
925098,0.012225603
925099,0.015012491
925100,0.026482644
925101,0.03908715
925102,0.36863878
925103,0.3320817
925104,0.34968895
925105,0.3293056
925106,0.40496594
925107,0.36654878
925108,0.3877746
925109,0.37741947
925110,0.374498
925111,0.41359696
925112,0.46229228
925113,0.369741
925114,0.2487038
925115,0.0060314266
925116,0.013057148
925117,0.012175251
925118,0.020564402
925119,0.014903023
925120,0.01901373
925121,0.01567997
925122,0.19064881
925123,0.031049937
925124,0.16575518
925125,0.28919932
925126,0.0075186575
925127,0.013043833
925128,0.011204974
925129,0.012824722
925130,0.008452846
925131,0.012873955
925132,0.012773533
925133,0.013844058
925134,0.038105674
925135,0.064878166
925136,0.060019296
925137,0.06737664
925138,0.06865221
925139,0.09574241
925140,0.19458954
925141,0.19067024
925142,0.008260437
925143,0.020394336
925144,0.016690666
925145,0.024714394
925146,0.06515281
925147,0.03706209
925148,0.017414998
925149,0.016641364
925150,0.02313386
925151,0.03448162
925152,0.16520311
925153,0.007094376
925154,0.013486509
925155,0.011944345
925156,0.012222321
925157,0.012644192
925158,0.008116136
925159,0.018436657
925160,0.014329801
925161,0.014717844
925162,0.011841342
925163,0.01837343
925164,0.013972183
925165,0.004596455
925166,0.010644107
925167,0.008560423
925168,0.009605233
925169,0.010066857
925170,0.011441452
925171,0.35776448
925172,0.007845783
925173,0.01347834
925174,0.0199631
925175,0.015123106
925176,0.010898317
925177,0.009716778
925178,0.017969955
925179,0.074846745
925180,0.04285506
925181,0.034824044
925182,0.033649825
925183,0.038096316
925184,0.03556266
925185,0.033767633
925186,0.008338826
925187,0.013338609
925188,0.015381597
925189,0.014057863
925190,0.008867662
925191,0.014280202
925192,0.012885158
925193,0.019471264
925194,0.02788765
925195,0.015963549
925196,0.0209505
925197,0.022482395
925198,0.017840473
925199,0.009363194
925200,0.016470099
925201,0.014851094
925202,0.010000717
925203,0.011518682
925204,0.0134007335
925205,0.011666605
925206,0.013604188
925207,0.024631014
925208,0.02606716
925209,0.023388589
925210,0.023948321
925211,0.028813357
925212,0.022911858
925213,0.33033222
925214,0.17739935
925215,0.30305076
925216,0.0947223
925217,0.13403189
925218,0.01240305
925219,0.020453028
925220,0.014252957
925221,0.024607891
925222,0.09492866
925223,0.021277022
925224,0.013120833
925225,0.031171912
925226,0.03253948
925227,0.019378005
925228,0.13664117
925229,0.08646034
925230,0.09727999
925231,0.24580258
925232,0.013179756
925233,0.11479293
925234,0.095169075
925235,0.08235571
925236,0.17818308
925237,0.19652271
925238,0.07227296
925239,0.29438588
925240,0.01469873
925241,0.039418723
925242,0.05562946
925243,0.04507525
925244,0.040390603
925245,0.04158175
925246,0.3800987
925247,0.26560408
925248,0.49866486
925249,0.45716906
925250,0.014311628
925251,0.0708941
925252,0.2611674
925253,0.06674738
925254,0.02760745
925255,0.0491627
925256,0.051035315
925257,0.04460107
925258,0.055863556
925259,0.038185928
925260,0.05379076
925261,0.060472976
925262,0.018636
925263,0.052330308
925264,0.057906706
925265,0.049790535
925266,0.05272288
925267,0.08304404
925268,0.2136273
925269,0.10324765
925270,0.16108367
925271,0.12686707
925272,0.07691993
925273,0.0686106
925274,0.011767369
925275,0.048827164
925276,0.046680864
925277,0.048275743
925278,0.051336054
925279,0.03650615
925280,0.010228448
925281,0.107046686
925282,0.076503724
925283,0.071218275
925284,0.096175954
925285,0.24511695
925286,0.34043708
925287,0.23442957
925288,0.22238986
925289,0.23581216
925290,0.17447878
925291,0.45165616
925292,0.33485818
925293,0.29059032
925294,0.39576447
925295,0.45815474
925296,0.4716625
925297,0.4475339
925298,0.4642308
925299,0.43376303
925300,0.42981964
925301,0.33149815
925302,0.025854025
925303,0.11467776
925304,0.02553265
925305,0.4354504
925306,0.59021026
925307,0.40321258
925308,0.5071174
925309,0.5796915
925310,0.50788784
925311,0.63136137
925312,0.47704706
925313,0.4562519
925314,0.5340514
925315,0.5881946
925316,0.63922495
925317,0.6109519
925318,0.26121482
925319,0.2227258
925320,0.04342562
925321,0.19740017
925322,0.6103793
925323,0.6014618
925324,0.66903144
925325,0.613774
925326,0.40886632
925327,0.51566124
925328,0.6125188
925329,0.5717405
925330,0.6083607
925331,0.64633113
925332,0.5551791
925333,0.6032573
925334,0.6409953
925335,0.559915
925336,0.33925924
925337,0.16608642
925338,0.15528871
925339,0.19131087
925340,0.07611699
925341,0.076577134
925342,0.109851606
925343,0.20811197
925344,0.21868066
925345,0.11370768
925346,0.074610196
925347,0.18502624
925348,0.2401311
925349,0.23193863
925350,0.052616578
925351,0.16905546
925352,0.13807108
925353,0.14259341
925354,0.122184314
925355,0.11949019
925356,0.10692838
925357,0.16309547
925358,0.09158398
925359,0.16294752
925360,0.20699479
925361,0.2250134
925362,0.17487125
925363,0.015086289
925364,0.042748883
925365,0.041374184
925366,0.06137419
925367,0.03922606
925368,0.05399621
925369,0.046130374
925370,0.05072371
925371,0.022921167
925372,0.09899495
925373,0.11401346
925374,0.100974895
925375,0.104001835
925376,0.14889517
925377,0.35762164
925378,0.53551793
925379,0.5774995
925380,0.68456924
925381,0.51865995
925382,0.7034614
925383,0.5032824
925384,0.7560653
925385,0.6635347
925386,0.5833116
925387,0.69792306
925388,0.5826192
925389,0.6748344
925390,0.69373995
925391,0.6348644
925392,0.6275694
925393,0.64344203
925394,0.59799576
925395,0.6273455
925396,0.6345487
925397,0.61610633
925398,0.59238136
925399,0.59043765
925400,0.41298804
925401,0.07556785
925402,0.13012469
925403,0.27322468
925404,0.25762755
925405,0.48835695
925406,0.35868114
925407,0.41428638
925408,0.29118508
925409,0.42393515
925410,0.47366527
925411,0.53029215
925412,0.4528423
925413,0.52191293
925414,0.47818574
925415,0.26088044
925416,0.23634769
925417,0.60900843
925418,0.8607658
925419,0.84341174
925420,0.89666647
925421,0.8476118
925422,0.9117654
925423,0.90903187
925424,0.9106132
925425,0.9202628
925426,0.9329014
925427,0.92428964
925428,0.91561246
925429,0.89243
925430,0.91744363
925431,0.90640706
925432,0.93468094
925433,0.92234606
925434,0.93524116
925435,0.9241572
925436,0.927527
925437,0.9200584
925438,0.9533263
925439,0.9124467
925440,0.9312705
925441,0.9374943
925442,0.92525625
925443,0.9223137
925444,0.9319777
925445,0.9244691
925446,0.9289358
925447,0.9201434
925448,0.9504304
925449,0.9351182
925450,0.92327684
925451,0.9345601
925452,0.9188158
925453,0.9410923
925454,0.94593626
925455,0.9495582
925456,0.945367
925457,0.9166934
925458,0.9224369
925459,0.9342823
925460,0.93014556
925461,0.9296641
925462,0.95212245
925463,0.9335993
925464,0.9379615
925465,0.9317241
925466,0.9305009
925467,0.9482107
925468,0.93510437
925469,0.9208327
925470,0.92025554
925471,0.9195589
925472,0.9321433
925473,0.94072306
925474,0.964328
925475,0.9647271
925476,0.92501616
925477,0.9076267
925478,0.92371655
925479,0.92526656
925480,0.9354512
925481,0.9387129
925482,0.9535676
925483,0.9264832
925484,0.9119451
925485,0.9477599
925486,0.9365592
925487,0.93623567
925488,0.9358178
925489,0.9248128
925490,0.9203224
925491,0.93770313
925492,0.9372249
925493,0.9509251
925494,0.92440504
925495,0.91542375
925496,0.91566205
925497,0.94547766
925498,0.935914
925499,0.9323883
925500,0.93584055
925501,0.9420017
925502,0.95362735
925503,0.9334396
925504,0.9381686
925505,0.9309341
925506,0.9297026
925507,0.9266298
925508,0.9448713
925509,0.93297535
925510,0.8947119
925511,0.9205732
925512,0.9343816
925513,0.9345799
925514,0.94656247
925515,0.936667
925516,0.9206435
925517,0.9405172
925518,0.931447
925519,0.93108255
925520,0.9159525
925521,0.93115824
925522,0.91938204
925523,0.93791294
925524,0.9198614
925525,0.92952275
925526,0.93329775
925527,0.9177806
925528,0.93838406
925529,0.9293786
925530,0.94137037
925531,0.92436063
925532,0.91706157
925533,0.9256928
925534,0.9189152
925535,0.9298551
925536,0.9543141
925537,0.9492282
925538,0.9017245
925539,0.9333003
925540,0.93508995
925541,0.93975335
925542,0.9573032
925543,0.94548416
925544,0.921943
925545,0.92736715
925546,0.9452103
925547,0.9259395
925548,0.9493869
925549,0.95361274
925550,0.94071156
925551,0.9239229
925552,0.9347335
925553,0.92690295
925554,0.9267683
925555,0.9160667
925556,0.9346595
925557,0.92851055
925558,0.93525386
925559,0.92179346
925560,0.9351077
925561,0.9358488
925562,0.8610453
925563,0.9554826
925564,0.91673756
925565,0.925987
925566,0.9188953
925567,0.9308215
925568,0.93925244
925569,0.9275422
925570,0.93721455
925571,0.92612064
925572,0.92492926
925573,0.9315939
925574,0.9297557
925575,0.95508
925576,0.9240408
925577,0.92544466
925578,0.9199786
925579,0.93210775
925580,0.9238734
925581,0.9262
925582,0.9378182
925583,0.90649074
925584,0.93501556
925585,0.9227345
925586,0.93501556
925587,0.9414933
925588,0.93017197
925589,0.9409524
925590,0.92150605
925591,0.8514841
925592,0.08166808
925593,0.09098141
925594,0.07475429
925595,0.09448501
925596,0.03991488
925597,0.04476887
925598,0.037820548
925599,0.037207875
925600,0.0405647
925601,0.3243199
925602,0.23761517
925603,0.22962943
925604,0.41477767
925605,0.22754459
925606,0.21734032
925607,0.15392368
925608,0.010473053
925609,0.048271667
925610,0.06862796
925611,0.0743371
925612,0.072023
925613,0.074437305
925614,0.08424213
925615,0.2958837
925616,0.34466177
925617,0.34026316
925618,0.14468712
925619,0.22693159
925620,0.16824587
925621,0.13606144
925622,0.049872015
925623,0.102145836
925624,0.089751795
925625,0.10792472
925626,0.09378812
925627,0.0880242
925628,0.10301912
925629,0.08724004
925630,0.041212324
925631,0.1158206
925632,0.060270116
925633,0.28786865
925634,0.09062278
925635,0.4605183
925636,0.65646285
925637,0.63075155
925638,0.67421883
925639,0.76357305
925640,0.7864674
925641,0.7933511
925642,0.81137246
925643,0.852139
925644,0.8071594
925645,0.7665524
925646,0.79119676
925647,0.8346457
925648,0.79580384
925649,0.75898117
925650,0.8353278
925651,0.6038876
925652,0.74213725
925653,0.7197504
925654,0.70545584
925655,0.7998013
925656,0.7227139
925657,0.7647404
925658,0.82097745
925659,0.52207404
925660,0.7473711
925661,0.7628932
925662,0.796373
925663,0.5939926
925664,0.82070434
925665,0.69825155
925666,0.72883904
925667,0.6209807
925668,0.3779534
925669,0.34116873
925670,0.26051742
925671,0.29031733
925672,0.26665613
925673,0.2582098
925674,0.2650298
925675,0.21446916
925676,0.31876317
925677,0.06859214
925678,0.6953272
925679,0.63571316
925680,0.6520024
925681,0.62799317
925682,0.6443525
925683,0.75063115
925684,0.7615783
925685,0.69596744
925686,0.6820688
925687,0.7439738
925688,0.72679424
925689,0.5472895
925690,0.6130134
925691,0.6402778
925692,0.42463782
925693,0.7233647
925694,0.5941128
925695,0.29634085
925696,0.16890481
925697,0.117158175
925698,0.024300821
925699,0.050912492
925700,0.0603366
925701,0.15005165
925702,0.18181567
925703,0.045389786
925704,0.041347515
925705,0.059400495
925706,0.03187994
925707,0.09637707
925708,0.093537316
925709,0.35480717
925710,0.22008623
925711,0.24854258
925712,0.13820668
925713,0.13067707
925714,0.13483787
925715,0.14646016
925716,0.10341446
925717,0.024290072
925718,0.09575954
925719,0.28857625
925720,0.4330535
925721,0.51889664
925722,0.6302234
925723,0.6607542
925724,0.66096175
925725,0.6531793
925726,0.6472873
925727,0.66684896
925728,0.5382424
925729,0.46760327
925730,0.24869896
925731,0.34484822
925732,0.027649257
925733,0.3641736
925734,0.3907135
925735,0.28863344
925736,0.3046831
925737,0.2525165
925738,0.23790164
925739,0.36984515
925740,0.30360112
925741,0.38148585
925742,0.4016366
925743,0.24250992
925744,0.19543171
925745,0.16849943
925746,0.12951969
925747,0.0313058
925748,0.18206002
925749,0.17193775
925750,0.15809155
925751,0.10885429
925752,0.17324682
925753,0.16805075
925754,0.32834417
925755,0.38777888
925756,0.2688589
925757,0.027623482
925758,0.10434246
925759,0.104269154
925760,0.13338055
925761,0.13953383
925762,0.092942245
925763,0.09232225
925764,0.15869096
925765,0.14837463
925766,0.21477975
925767,0.19364183
925768,0.026134785
925769,0.4630092
925770,0.53259957
925771,0.5671444
925772,0.50942296
925773,0.55130553
925774,0.6151248
925775,0.5758913
925776,0.6392341
925777,0.6035338
925778,0.5854345
925779,0.6269686
925780,0.61825377
925781,0.6445351
925782,0.63204926
925783,0.19842513
925784,0.03234668
925785,0.36525792
925786,0.50309
925787,0.5035545
925788,0.5170129
925789,0.5277601
925790,0.5517142
925791,0.56187963
925792,0.53755194
925793,0.6247652
925794,0.51400083
925795,0.40543988
925796,0.5539799
925797,0.3895622
925798,0.047031265
925799,0.29253098
925800,0.18708383
925801,0.17995758
925802,0.67550653
925803,0.66739863
925804,0.6636984
925805,0.75812256
925806,0.7748378
925807,0.7681315
925808,0.7978364
925809,0.7122825
925810,0.77815187
925811,0.78686845
925812,0.84973556
925813,0.7276521
925814,0.7562999
925815,0.699467
925816,0.7819036
925817,0.7168324
925818,0.69176126
925819,0.839252
925820,0.717806
925821,0.775324
925822,0.7526182
925823,0.76854473
925824,0.64546937
925825,0.8324131
925826,0.76534784
925827,0.43594542
925828,0.11716939
925829,0.23416495
925830,0.19742197
925831,0.38205117
925832,0.12517367
925833,0.23870333
925834,0.28672937
925835,0.2724286
925836,0.18553053
925837,0.25230002
925838,0.34442085
925839,0.4080736
925840,0.4009965
925841,0.27660203
925842,0.024654528
925843,0.02654366
925844,0.03785341
925845,0.025989523
925846,0.025578687
925847,0.028500756
925848,0.0280333
925849,0.025321567
925850,0.04981196
925851,0.11844247
925852,0.39046887
925853,0.4036568
925854,0.37263
925855,0.19098069
925856,0.17906055
925857,0.22487225
925858,0.29268745
925859,0.36324298
925860,0.26687708
925861,0.16502032
925862,0.2718963
925863,0.3405339
925864,0.153058
925865,0.13286263
925866,0.0830849
925867,0.08592513
925868,0.061550774
925869,0.3697338
925870,0.29271758
925871,0.26450104
925872,0.25905108
925873,0.21260531
925874,0.017973892
925875,0.028705398
925876,0.03390701
925877,0.03153981
925878,0.03533282
925879,0.03600896
925880,0.03513514
925881,0.029635414
925882,0.11818217
925883,0.04860476
925884,0.050637845
925885,0.040662885
925886,0.014018811
925887,0.0458359
925888,0.052469544
925889,0.057065956
925890,0.078927465
925891,0.019893838
925892,0.3916398
925893,0.43356532
925894,0.29731786
925895,0.3142618
925896,0.20249593
925897,0.3169693
925898,0.27509066
925899,0.3092564
925900,0.26396164
925901,0.3200536
925902,0.39765966
925903,0.58654076
925904,0.5703029
925905,0.5701061
925906,0.57245487
925907,0.57243866
925908,0.5616924
925909,0.5560523
925910,0.4129782
925911,0.38239527
925912,0.5368262
925913,0.38121414
925914,0.041872695
925915,0.11365867
925916,0.13914427
925917,0.2999394
925918,0.09452789
925919,0.08775558
925920,0.09692177
925921,0.12431466
925922,0.07489006
925923,0.23741095
925924,0.181912
925925,0.28099808
925926,0.079799905
925927,0.05635541
925928,0.2303209
925929,0.23675707
925930,0.19857219
925931,0.12618732
925932,0.10523654
925933,0.022236735
925934,0.050592694
925935,0.1049492
925936,0.053862862
925937,0.098349676
925938,0.0141470125
925939,0.015677506
925940,0.016166298
925941,0.014586499
925942,0.01147421
925943,0.01579997
925944,0.12616536
925945,0.025391854
925946,0.07818493
925947,0.03223901
925948,0.06311458
925949,0.036047895
925950,0.0438445
925951,0.15742806
925952,0.1514578
925953,0.14782411
925954,0.13177438
925955,0.009020744
925956,0.01630361
925957,0.01567031
925958,0.011745132
925959,0.011039737
925960,0.01602169
925961,0.010927186
925962,0.014106092
925963,0.012640936
925964,0.040381696
925965,0.046675295
925966,0.037576642
925967,0.056071773
925968,0.046894707
925969,0.039958544
925970,0.037219226
925971,0.006213582
925972,0.009221822
925973,0.009158145
925974,0.009184633
925975,0.016109297
925976,0.012027194
925977,0.016093032
925978,0.022105763
925979,0.08438095
925980,0.005823633
925981,0.01861193
925982,0.023883088
925983,0.028722418
925984,0.020951713
925985,0.028577829
925986,0.046563108
925987,0.32474923
925988,0.29022387
925989,0.33088732
925990,0.4234685
925991,0.35128245
925992,0.36225075
925993,0.16555247
925994,0.16526456
925995,0.13898095
925996,0.12472077
925997,0.107182
925998,0.112357266
925999,0.36918062
926000,0.076353654
926001,0.21959056
926002,0.19287989
926003,0.1998874
926004,0.17294586
926005,0.09758309
926006,0.02829898
926007,0.055795036
926008,0.053350504
926009,0.2184422
926010,0.05100235
926011,0.12844689
926012,0.21526715
926013,0.13748637
926014,0.178861
926015,0.15322112
926016,0.35358262
926017,0.29190052
926018,0.36211482
926019,0.27213052
926020,0.20672126
926021,0.16277231
926022,0.13296157
926023,0.030216297
926024,0.08813206
926025,0.13741364
926026,0.03572321
926027,0.06627064
926028,0.08452173
926029,0.54470664
926030,0.75037205
926031,0.7595535
926032,0.818286
926033,0.826838
926034,0.8038765
926035,0.8020037
926036,0.7774951
926037,0.7596192
926038,0.61651355
926039,0.7267886
926040,0.7550557
926041,0.6443734
926042,0.7348747
926043,0.6881805
926044,0.70828635
926045,0.7136532
926046,0.74032605
926047,0.6846216
926048,0.6908539
926049,0.706217
926050,0.70336926
926051,0.66923755
926052,0.6481419
926053,0.54967564
926054,0.7176241
926055,0.661422
926056,0.4199548
926057,0.12798926
926058,0.028987728
926059,0.1426972
926060,0.05194786
926061,0.08956153
926062,0.62672746
926063,0.49138936
926064,0.5997532
926065,0.63920563
926066,0.72737527
926067,0.65322083
926068,0.688259
926069,0.70477116
926070,0.6732107
926071,0.620565
926072,0.6085242
926073,0.60279775
926074,0.6717823
926075,0.6025106
926076,0.63558567
926077,0.37063557
926078,0.04094237
926079,0.0768528
926080,0.06681962
926081,0.07727184
926082,0.074168906
926083,0.057827756
926084,0.07455556
926085,0.19849855
926086,0.06815975
926087,0.016438674
926088,0.026015835
926089,0.02745437
926090,0.024607634
926091,0.026895596
926092,0.030487532
926093,0.026453186
926094,0.02299873
926095,0.25432152
926096,0.010711363
926097,0.031151839
926098,0.025393542
926099,0.02559576
926100,0.028986683
926101,0.034499746
926102,0.026004678
926103,0.104963936
926104,0.16316658
926105,0.12702546
926106,0.09303728
926107,0.06928903
926108,0.07108705
926109,0.14798684
926110,0.082467526
926111,0.05417501
926112,0.007965808
926113,0.021187298
926114,0.026004799
926115,0.020117735
926116,0.02032084
926117,0.014799
926118,0.017524328
926119,0.032372244
926120,0.030476013
926121,0.037518043
926122,0.04317391
926123,0.016667478
926124,0.027460787
926125,0.045683082
926126,0.041812968
926127,0.040189493
926128,0.02944028
926129,0.038733613
926130,0.026377136
926131,0.028110513
926132,0.039926197
926133,0.051343404
926134,0.052179646
926135,0.033391558
926136,0.013421756
926137,0.08064366
926138,0.044055745
926139,0.12226489
926140,0.032963004
926141,0.05479016
926142,0.060316317
926143,0.100156255
926144,0.043281924
926145,0.07558797
926146,0.023056176
926147,0.05592956
926148,0.018437637
926149,0.24786381
926150,0.2665879
926151,0.2700121
926152,0.2717616
926153,0.2051671
926154,0.3928718
926155,0.08085832
926156,0.45092183
926157,0.20564689
926158,0.20402265
926159,0.07891701
926160,0.27714613
926161,0.3265134
926162,0.21443662
926163,0.029440647
926164,0.3225315
926165,0.19664256
926166,0.3391817
926167,0.2481027
926168,0.32560876
926169,0.15592377
926170,0.14123788
926171,0.32635248
926172,0.1628846
926173,0.25715172
926174,0.1988682
926175,0.22381425
926176,0.43826157
926177,0.39159167
926178,0.38044187
926179,0.3775875
926180,0.5221573
926181,0.4173824
926182,0.41729766
926183,0.48814353
926184,0.43399596
926185,0.41531432
926186,0.44072184
926187,0.44704452
926188,0.45936164
926189,0.5955213
926190,0.42748672
926191,0.31065044
926192,0.053443335
926193,0.17128766
926194,0.16543244
926195,0.38302043
926196,0.20003296
926197,0.17160065
926198,0.23891509
926199,0.18406147
926200,0.2768025
926201,0.2423812
926202,0.17708734
926203,0.16679509
926204,0.19693306
926205,0.13769305
926206,0.06325257
926207,0.15890177
926208,0.18484344
926209,0.12884705
926210,0.19052523
926211,0.35941795
926212,0.2630447
926213,0.39021805
926214,0.43916738
926215,0.099549726
926216,0.5506505
926217,0.5974079
926218,0.6878906
926219,0.74856365
926220,0.76628965
926221,0.7486879
926222,0.7421382
926223,0.7706193
926224,0.75975996
926225,0.8397975
926226,0.7750604
926227,0.851312
926228,0.7772494
926229,0.8338318
926230,0.8742738
926231,0.8017505
926232,0.8045225
926233,0.7823845
926234,0.78755313
926235,0.73714936
926236,0.7812464
926237,0.8993015
926238,0.8680641
926239,0.88922375
926240,0.8834187
926241,0.87164
926242,0.8742867
926243,0.88113874
926244,0.866805
926245,0.85124654
926246,0.83336234
926247,0.8694912
926248,0.86743194
926249,0.85787123
926250,0.87158024
926251,0.84116805
926252,0.82817316
926253,0.20763421
926254,0.19741465
926255,0.25731495
926256,0.2632795
926257,0.20804869
926258,0.34145182
926259,0.32675245
926260,0.434279
926261,0.23675077
926262,0.34620154
926263,0.2990516
926264,0.41235423
926265,0.36570835
926266,0.27815923
926267,0.082030475
926268,0.5637338
926269,0.6238704
926270,0.6750698
926271,0.6686974
926272,0.7264231
926273,0.7351126
926274,0.68997484
926275,0.81791484
926276,0.77025306
926277,0.7928965
926278,0.8165543
926279,0.8175208
926280,0.80257684
926281,0.8026679
926282,0.790063
926283,0.8154156
926284,0.773388
926285,0.8240988
926286,0.8372973
926287,0.8101389
926288,0.7884495
926289,0.84692097
926290,0.7977117
926291,0.79422396
926292,0.8527992
926293,0.8102233
926294,0.8091271
926295,0.7806023
926296,0.8391715
926297,0.77237326
926298,0.8972846
926299,0.83595496
926300,0.8265485
926301,0.75410885
926302,0.7333184
926303,0.85667896
926304,0.67729217
926305,0.015625574
926306,0.21336837
926307,0.24659635
926308,0.2077238
926309,0.34372792
926310,0.24760279
926311,0.21123712
926312,0.33223143
926313,0.27121675
926314,0.15036903
926315,0.3772934
926316,0.023165446
926317,0.36879998
926318,0.41378677
926319,0.45173505
926320,0.4640954
926321,0.45201552
926322,0.4596382
926323,0.4445199
926324,0.43858644
926325,0.4421156
926326,0.5351175
926327,0.08448011
926328,0.41236445
926329,0.51019514
926330,0.537965
926331,0.4698119
926332,0.35718453
926333,0.19733055
926334,0.22843683
926335,0.4756184
926336,0.365108
926337,0.19126546
926338,0.04033476
926339,0.07210903
926340,0.06592814
926341,0.0119768875
926342,0.03649883
926343,0.03666375
926344,0.027258303
926345,0.055410985
926346,0.034075007
926347,0.037879575
926348,0.039977632
926349,0.101936765
926350,0.20356317
926351,0.24757838
926352,0.23347954
926353,0.3322015
926354,0.12881711
926355,0.23235771
926356,0.14721167
926357,0.23291785
926358,0.016884856
926359,0.030861586
926360,0.031088617
926361,0.02681022
926362,0.03231187
926363,0.3528184
926364,0.48561034
926365,0.43117243
926366,0.47795057
926367,0.61016726
926368,0.6187833
926369,0.41795722
926370,0.5203961
926371,0.61263865
926372,0.3927621
926373,0.6821756
926374,0.6249809
926375,0.3496746
926376,0.35148078
926377,0.6377237
926378,0.6026996
926379,0.6349832
926380,0.61744356
926381,0.5921538
926382,0.24551752
926383,0.027529666
926384,0.048937157
926385,0.04400915
926386,0.044475578
926387,0.04921097
926388,0.046524163
926389,0.18006691
926390,0.5195991
926391,0.4121609
926392,0.20467988
926393,0.5711232
926394,0.49392745
926395,0.5188351
926396,0.47245055
926397,0.33625433
926398,0.20036802
926399,0.5530652
926400,0.32677597
926401,0.03152896
926402,0.039583676
926403,0.57505846
926404,0.38339698
926405,0.61542743
926406,0.6393921
926407,0.73237365
926408,0.60832924
926409,0.7564966
926410,0.76865745
926411,0.6922052
926412,0.7773648
926413,0.75670433
926414,0.54509234
926415,0.5440164
926416,0.7798116
926417,0.48986885
926418,0.76617646
926419,0.77677566
926420,0.77966297
926421,0.7861222
926422,0.6775197
926423,0.6485052
926424,0.7859625
926425,0.71306384
926426,0.75105214
926427,0.69517577
926428,0.73799837
926429,0.7425384
926430,0.63898456
926431,0.7396932
926432,0.5574781
926433,0.2891488
926434,0.51254517
926435,0.33654004
926436,0.4333691
926437,0.47831336
926438,0.27268305
926439,0.24401182
926440,0.107237
926441,0.49429727
926442,0.5584364
926443,0.5718967
926444,0.5909647
926445,0.6001941
926446,0.6611064
926447,0.63278186
926448,0.67389184
926449,0.6370289
926450,0.5469722
926451,0.46845183
926452,0.5989409
926453,0.32378826
926454,0.4039184
926455,0.055997666
926456,0.08767019
926457,0.091097064
926458,0.030798834
926459,0.173841
926460,0.2058595
926461,0.13826752
926462,0.13884468
926463,0.15909776
926464,0.12561683
926465,0.14963481
926466,0.040218104
926467,0.17878717
926468,0.18775192
926469,0.22982885
926470,0.26831192
926471,0.30790094
926472,0.27893955
926473,0.29816392
926474,0.29254416
926475,0.28520364
926476,0.26601386
926477,0.3706299
926478,0.25210375
926479,0.25312716
926480,0.23732996
926481,0.1849394
926482,0.07210317
926483,0.18923657
926484,0.19267873
926485,0.21939597
926486,0.22863168
926487,0.21899119
926488,0.15837958
926489,0.20708428
926490,0.17679861
926491,0.19455267
926492,0.14932719
926493,0.053538308
926494,0.24252921
926495,0.3582296
926496,0.15712014
926497,0.08568482
926498,0.24307923
926499,0.35706782
926500,0.33550683
926501,0.016482145
926502,0.07367537
926503,0.024807818
926504,0.24225515
926505,0.31324604
926506,0.28503767
926507,0.29651996
926508,0.30949062
926509,0.3678841
926510,0.29039302
926511,0.243379
926512,0.19642861
926513,0.21285185
926514,0.22617556
926515,0.4814682
926516,0.41269258
926517,0.5625806
926518,0.46617597
926519,0.47419125
926520,0.5777127
926521,0.57975864
926522,0.54449797
926523,0.57975864
926524,0.5792237
926525,0.5764026
926526,0.53273475
926527,0.35837168
926528,0.025951521
926529,0.26220432
926530,0.14542285
926531,0.16531591
926532,0.2457165
926533,0.24644525
926534,0.35366368
926535,0.15813228
926536,0.24580635
926537,0.2370923
926538,0.1994648
926539,0.17220436
926540,0.31627873
926541,0.6616476
926542,0.6137564
926543,0.6917428
926544,0.7329583
926545,0.77345777
926546,0.7982797
926547,0.72292364
926548,0.67537403
926549,0.70521873
926550,0.64994603
926551,0.6943407
926552,0.6989188
926553,0.6743716
926554,0.6718239
926555,0.7017551
926556,0.6643276
926557,0.6861167
926558,0.6871643
926559,0.7493787
926560,0.65663254
926561,0.7342022
926562,0.47435442
926563,0.02848343
926564,0.17245856
926565,0.28754708
926566,0.16060513
926567,0.16082372
926568,0.13307734
926569,0.13922592
926570,0.061224245
926571,0.28411463
926572,0.24109529
926573,0.26494876
926574,0.2697955
926575,0.20520018
926576,0.022976948
926577,0.19402479
926578,0.3893476
926579,0.77019936
926580,0.7770069
926581,0.6891212
926582,0.8329282
926583,0.810268
926584,0.8222706
926585,0.84970266
926586,0.85855097
926587,0.85913956
926588,0.87043995
926589,0.8617066
926590,0.85447043
926591,0.8599153
926592,0.8608722
926593,0.8574756
926594,0.8487562
926595,0.849633
926596,0.84880024
926597,0.87559295
926598,0.88364017
926599,0.79835284
926600,0.88116235
926601,0.8756592
926602,0.87981504
926603,0.83234936
926604,0.8067915
926605,0.8370689
926606,0.8034458
926607,0.8686564
926608,0.8377006
926609,0.86813015
926610,0.8450304
926611,0.7321427
926612,0.046287946
926613,0.30163485
926614,0.27436942
926615,0.243889
926616,0.3669669
926617,0.31222093
926618,0.26156536
926619,0.3102334
926620,0.2414537
926621,0.28761867
926622,0.19244884
926623,0.3778233
926624,0.1551975
926625,0.13796471
926626,0.13710542
926627,0.13508594
926628,0.15597685
926629,0.14764465
926630,0.13038787
926631,0.14160505
926632,0.16369458
926633,0.13258865
926634,0.014057949
926635,0.028547311
926636,0.037600826
926637,0.028889295
926638,0.031816855
926639,0.038936723
926640,0.037425242
926641,0.02577718
926642,0.010594014
926643,0.02770355
926644,0.017612753
926645,0.0248306
926646,0.017980382
926647,0.020334657
926648,0.13578881
926649,0.15889102
926650,0.02403716
926651,0.042434692
926652,0.04179578
926653,0.037574857
926654,0.050810013
926655,0.030441625
926656,0.024629857
926657,0.022160746
926658,0.028128022
926659,0.024329834
926660,0.037653983
926661,0.0584197
926662,0.033545226
926663,0.091816984
926664,0.029594447
926665,0.051260207
926666,0.059860554
926667,0.037723515
926668,0.26433262
926669,0.012205166
926670,0.029243063
926671,0.03725382
926672,0.018123657
926673,0.018345948
926674,0.02981623
926675,0.031620506
926676,0.027962966
926677,0.016514301
926678,0.015310431
926679,0.04509962
926680,0.070676245
926681,0.1086474
926682,0.060883306
926683,0.057882443
926684,0.059858963
926685,0.059494793
926686,0.058823504
926687,0.47400957
926688,0.5029691
926689,0.46703073
926690,0.5173002
926691,0.39859995
926692,0.16268735
926693,0.13514298
926694,0.16104819
926695,0.08796728
926696,0.27331567
926697,0.35840648
926698,0.29349265
926699,0.37351996
926700,0.22428113
926701,0.20227957
926702,0.19436063
926703,0.18517724
926704,0.1886428
926705,0.016306425
926706,0.039345287
926707,0.068046845
926708,0.04019871
926709,0.040871024
926710,0.042521786
926711,0.035759997
926712,0.188581
926713,0.037296195
926714,0.07354524
926715,0.095159486
926716,0.080352046
926717,0.08031859
926718,0.020194214
926719,0.11996767
926720,0.14401844
926721,0.1193326
926722,0.34732285
926723,0.3404424
926724,0.16357338
926725,0.12558392
926726,0.07753213
926727,0.070229106
926728,0.07234181
926729,0.07561645
926730,0.10130157
926731,0.28952903
926732,0.30086344
926733,0.28736457
926734,0.32676426
926735,0.28035492
926736,0.46318513
926737,0.29671744
926738,0.26844618
926739,0.43303034
926740,0.3099943
926741,0.106476866
926742,0.060812086
926743,0.093186
926744,0.08703766
926745,0.06467867
926746,0.028731113
926747,0.14795364
926748,0.121810704
926749,0.12350076
926750,0.19591422
926751,0.027500702
926752,0.1981326
926753,0.22625147
926754,0.45019704
926755,0.41780764
926756,0.40432584
926757,0.288687
926758,0.22564837
926759,0.5629761
926760,0.29592088
926761,0.5890379
926762,0.39280644
926763,0.15548277
926764,0.36600444
926765,0.42626402
926766,0.2701633
926767,0.22736803
926768,0.010939722
926769,0.036086123
926770,0.029317053
926771,0.029138243
926772,0.11775267
926773,0.096248694
926774,0.4216999
926775,0.20883763
926776,0.019589772
926777,0.09370916
926778,0.07512046
926779,0.088507816
926780,0.019678378
926781,0.019847691
926782,0.03744723
926783,0.025308589
926784,0.3017418
926785,0.3129504
926786,0.3093423
926787,0.34693006
926788,0.31131423
926789,0.3792247
926790,0.16906776
926791,0.39293444
926792,0.3807191
926793,0.28271216
926794,0.080809444
926795,0.13396853
926796,0.13299008
926797,0.1388194
926798,0.13471602
926799,0.13722238
926800,0.13669373
926801,0.14630994
926802,0.20746711
926803,0.17657962
926804,0.14514941
926805,0.013697606
926806,0.021092528
926807,0.023097795
926808,0.019823069
926809,0.021691032
926810,0.0109037
926811,0.02023247
926812,0.021689177
926813,0.021570956
926814,0.03174672
926815,0.35474008
926816,0.26947805
926817,0.053643778
926818,0.24436356
926819,0.2579336
926820,0.25339475
926821,0.25921878
926822,0.26332074
926823,0.21246423
926824,0.3409699
926825,0.0063962284
926826,0.026069729
926827,0.022221465
926828,0.02193597
926829,0.03207848
926830,0.034346573
926831,0.037752017
926832,0.049629513
926833,0.17359443
926834,0.33158532
926835,0.23114373
926836,0.4159961
926837,0.43060958
926838,0.4844525
926839,0.30791393
926840,0.47047612
926841,0.4635968
926842,0.28505874
926843,0.03565327
926844,0.14997277
926845,0.5818938
926846,0.37616515
926847,0.45203194
926848,0.46452454
926849,0.39091185
926850,0.40671152
926851,0.39247018
926852,0.44798946
926853,0.42631426
926854,0.46952516
926855,0.48522922
926856,0.36403012
926857,0.3694398
926858,0.07051205
926859,0.35358164
926860,0.4135668
926861,0.13437667
926862,0.2343672
926863,0.21044807
926864,0.22685118
926865,0.22249699
926866,0.22843373
926867,0.24587275
926868,0.23933692
926869,0.23973906
926870,0.18118311
926871,0.016642792
926872,0.08767095
926873,0.08036461
926874,0.13728853
926875,0.07011261
926876,0.21012397
926877,0.27917767
926878,0.5236438
926879,0.5217042
926880,0.41118917
926881,0.44375077
926882,0.4047118
926883,0.30576667
926884,0.2860295
926885,0.3655471
926886,0.20243387
926887,0.12925585
926888,0.030612934
926889,0.016675726
926890,0.023664068
926891,0.04558361
926892,0.16919185
926893,0.1627304
926894,0.13248742
926895,0.15182559
926896,0.008127357
926897,0.009963654
926898,0.013501324
926899,0.010675526
926900,0.012952878
926901,0.014858707
926902,0.014629445
926903,0.17080481
926904,0.0072098323
926905,0.014564185
926906,0.015115963
926907,0.011952367
926908,0.014555852
926909,0.014583387
926910,0.011194882
926911,0.35310635
926912,0.0062177735
926913,0.014400814
926914,0.020010192
926915,0.011981227
926916,0.011460545
926917,0.016196132
926918,0.011743986
926919,0.21924987
926920,0.16810665
926921,0.22868744
926922,0.27788323
926923,0.22703493
926924,0.2196803
926925,0.21519285
926926,0.25752637
926927,0.20353186
926928,0.17134239
926929,0.12817317
926930,0.35117787
926931,0.113798015
926932,0.114924856
926933,0.12025081
926934,0.09037285
926935,0.011100584
926936,0.022387097
926937,0.054233328
926938,0.030240754
926939,0.023841474
926940,0.017304618
926941,0.013569768
926942,0.017620865
926943,0.029541755
926944,0.033359773
926945,0.030227458
926946,0.18619488
926947,0.3327098
926948,0.25756845
926949,0.14051877
926950,0.420798
926951,0.27219036
926952,0.22563973
926953,0.20362861
926954,0.21431789
926955,0.011770347
926956,0.031590573
926957,0.035559308
926958,0.036474213
926959,0.03454284
926960,0.030886676
926961,0.028306065
926962,0.00858536
926963,0.012867102
926964,0.017700324
926965,0.01347763
926966,0.014468813
926967,0.15640955
926968,0.4548449
926969,0.50285226
926970,0.54124784
926971,0.54483485
926972,0.6087166
926973,0.6129724
926974,0.6061755
926975,0.57106817
926976,0.54643774
926977,0.5758933
926978,0.6007155
926979,0.55622184
926980,0.5233415
926981,0.53663594
926982,0.557692
926983,0.6321533
926984,0.62545156
926985,0.56803864
926986,0.49535495
926987,0.41640845
926988,0.012043983
926989,0.08266291
926990,0.08580586
926991,0.11645112
926992,0.026034031
926993,0.014444058
926994,0.020543734
926995,0.011170839
926996,0.0121903885
926997,0.016933588
926998,0.037322294
926999,0.078092426
927000,0.3870213
927001,0.37538093
927002,0.348914
927003,0.30363292
927004,0.020155555
927005,0.034232438
927006,0.042510033
927007,0.02916964
927008,0.024889046
927009,0.024035968
927010,0.15808323
927011,0.12528113
927012,0.1080958
927013,0.0931422
927014,0.097106256
927015,0.096022174
927016,0.108603574
927017,0.098688446
927018,0.090707794
927019,0.095376834
927020,0.23552486
927021,0.121935494
927022,0.21507527
927023,0.23917632
927024,0.020349361
927025,0.09262793
927026,0.11145123
927027,0.0938437
927028,0.1269326
927029,0.15737191
927030,0.13557397
927031,0.110958755
927032,0.07607093
927033,0.046844415
927034,0.07250354
927035,0.012323285
927036,0.03676901
927037,0.040984463
927038,0.035262898
927039,0.0354043
927040,0.014354688
927041,0.06938509
927042,0.06803361
927043,0.09287264
927044,0.28464973
927045,0.29776517
927046,0.083800316
927047,0.011942848
927048,0.035242956
927049,0.035691604
927050,0.02627443
927051,0.033935804
927052,0.025625126
927053,0.032801848
927054,0.015199059
927055,0.043819696
927056,0.040840756
927057,0.040952705
927058,0.04987726
927059,0.09672731
927060,0.04411171
927061,0.012564345
927062,0.027354138
927063,0.026844444
927064,0.03395136
927065,0.030601619
927066,0.032771423
927067,0.014268138
927068,0.060440294
927069,0.53807926
927070,0.2694313
927071,0.24879856
927072,0.2506879
927073,0.26446164
927074,0.19360413
927075,0.19041327
927076,0.21009934
927077,0.12848054
927078,0.048117395
927079,0.33027557
927080,0.3117959
927081,0.18657653
927082,0.44823813
927083,0.308286
927084,0.2587585
927085,0.40590987
927086,0.40988243
927087,0.28762826
927088,0.39842492
927089,0.39567214
927090,0.4730001
927091,0.30898714
927092,0.02742935
927093,0.091881
927094,0.09057982
927095,0.09278663
927096,0.09458014
927097,0.0816089
927098,0.09295244
927099,0.073749214
927100,0.038036846
927101,0.123304956
927102,0.14302787
927103,0.19274956
927104,0.24084881
927105,0.29934615
927106,0.03517986
927107,0.05380717
927108,0.055605393
927109,0.052699856
927110,0.06332186
927111,0.059084643
927112,0.05599828
927113,0.08302752
927114,0.07864618
927115,0.07204566
927116,0.052069012
927117,0.036244035
927118,0.0474254
927119,0.049097195
927120,0.03536822
927121,0.014418272
927122,0.0735271
927123,0.110657826
927124,0.07589001
927125,0.114350826
927126,0.10045703
927127,0.19452514
927128,0.12842809
927129,0.15337697
927130,0.06850785
927131,0.16859576
927132,0.18717562
927133,0.28326836
927134,0.27799347
927135,0.20345835
927136,0.015330946
927137,0.03749383
927138,0.03251282
927139,0.030211095
927140,0.5635349
927141,0.49508837
927142,0.5433773
927143,0.49146065
927144,0.5914372
927145,0.5143621
927146,0.67260593
927147,0.6169306
927148,0.7097988
927149,0.5503677
927150,0.6422696
927151,0.6232571
927152,0.49834445
927153,0.2972461
927154,0.015287687
927155,0.027837733
927156,0.029852219
927157,0.031703603
927158,0.03500206
927159,0.029526632
927160,0.02920997
927161,0.054832153
927162,0.4680352
927163,0.5317446
927164,0.6526565
927165,0.66831785
927166,0.5700822
927167,0.58510727
927168,0.58651096
927169,0.6284968
927170,0.60368997
927171,0.5422528
927172,0.6452921
927173,0.4848517
927174,0.5667864
927175,0.58962685
927176,0.64919174
927177,0.65177304
927178,0.2674483
927179,0.62198526
927180,0.6162412
927181,0.5123003
927182,0.5196471
927183,0.015976062
927184,0.14547583
927185,0.12485888
927186,0.085151345
927187,0.07027593
927188,0.07043171
927189,0.062097624
927190,0.07475009
927191,0.1289241
927192,0.16198519
927193,0.29095483
927194,0.052511815
927195,0.24000092
927196,0.038018417
927197,0.3022708
927198,0.40110758
927199,0.3108521
927200,0.6676062
927201,0.44709328
927202,0.5725
927203,0.71358603
927204,0.4122585
927205,0.63473606
927206,0.5614176
927207,0.7398721
927208,0.6380775
927209,0.68523425
927210,0.51853144
927211,0.658977
927212,0.4962859
927213,0.5874956
927214,0.5305452
927215,0.66438234
927216,0.7328585
927217,0.69256854
927218,0.44215003
927219,0.060024284
927220,0.14374481
927221,0.26887813
927222,0.17769498
927223,0.0902554
927224,0.0892983
927225,0.0729704
927226,0.07761819
927227,0.0863174
927228,0.013571765
927229,0.030747036
927230,0.023179982
927231,0.028043969
927232,0.024060998
927233,0.02585832
927234,0.2786646
927235,0.35813245
927236,0.12430387
927237,0.1872521
927238,0.15865506
927239,0.13363956
927240,0.017163046
927241,0.0596833
927242,0.06503498
927243,0.061251573
927244,0.05910875
927245,0.019519823
927246,0.049190033
927247,0.06409712
927248,0.065611035
927249,0.06637881
927250,0.049881555
927251,0.0678246
927252,0.057148058
927253,0.0627627
927254,0.16860282
927255,0.1444676
927256,0.038345926
927257,0.086385705
927258,0.08459921
927259,0.08837994
927260,0.1516035
927261,0.08296785
927262,0.11885124
927263,0.1753369
927264,0.1503063
927265,0.20497517
927266,0.14121501
927267,0.23382285
927268,0.31888786
927269,0.13501288
927270,0.14167738
927271,0.08056055
927272,0.6263756
927273,0.71384585
927274,0.63625735
927275,0.6260218
927276,0.6882398
927277,0.68658066
927278,0.69409627
927279,0.68168217
927280,0.6501987
927281,0.6721718
927282,0.6876749
927283,0.68005955
927284,0.68880826
927285,0.6914636
927286,0.6754945
927287,0.61269736
927288,0.6698452
927289,0.6361387
927290,0.6641207
927291,0.6497966
927292,0.5742781
927293,0.6266859
927294,0.45771366
927295,0.015332285
927296,0.09946438
927297,0.07178126
927298,0.06263869
927299,0.1110803
927300,0.08342385
927301,0.051766176
927302,0.0767289
927303,0.14945903
927304,0.057201505
927305,0.08519855
927306,0.38227475
927307,0.47812447
927308,0.47859803
927309,0.47767434
927310,0.4273099
927311,0.46714973
927312,0.46297997
927313,0.45561853
927314,0.47276235
927315,0.47134838
927316,0.42684603
927317,0.44457126
927318,0.42874864
927319,0.0114646675
927320,0.023528408
927321,0.022864558
927322,0.025761625
927323,0.024620965
927324,0.02280417
927325,0.018913599
927326,0.048213203
927327,0.33280197
927328,0.2721958
927329,0.27844644
927330,0.009323049
927331,0.032596655
927332,0.0293959
927333,0.03094665
927334,0.03276571
927335,0.034176856
927336,0.022053558
927337,0.013231859
927338,0.058606848
927339,0.053163502
927340,0.044873003
927341,0.029993705
927342,0.05306436
927343,0.043636505
927344,0.04164095
927345,0.054380346
927346,0.0763602
927347,0.015238336
927348,0.10263715
927349,0.1380964
927350,0.118348874
927351,0.12554814
927352,0.12106709
927353,0.11043358
927354,0.10462649
927355,0.22491343
927356,0.3175412
927357,0.1697064
927358,0.509384
927359,0.16764738
927360,0.29557577
927361,0.16211112
927362,0.16222128
927363,0.12002172
927364,0.066628814
927365,0.1549889
927366,0.04154717
927367,0.048332684
927368,0.040917896
927369,0.050012916
927370,0.020607738
927371,0.04616842
927372,0.16341853
927373,0.029064154
927374,0.032685734
927375,0.036773518
927376,0.043158595
927377,0.040924642
927378,0.058315102
927379,0.04539735
927380,0.033154447
927381,0.03688595
927382,0.15639526
927383,0.12212295
927384,0.02106029
927385,0.040682476
927386,0.040791184
927387,0.0736255
927388,0.06795678
927389,0.040702272
927390,0.053621776
927391,0.045553934
927392,0.042749293
927393,0.13002537
927394,0.051832717
927395,0.10044324
927396,0.02094886
927397,0.086915255
927398,0.092816785
927399,0.13778284
927400,0.13680834
927401,0.19411251
927402,0.09503033
927403,0.10262763
927404,0.08957924
927405,0.17631826
927406,0.12124294
927407,0.09209992
927408,0.011237623
927409,0.0552108
927410,0.057350162
927411,0.06976399
927412,0.0542408
927413,0.05392963
927414,0.04715846
927415,0.047740046
927416,0.05268278
927417,0.06126405
927418,0.17502259
927419,0.05962222
927420,0.05720417
927421,0.05052809
927422,0.21710779
927423,0.22815041
927424,0.24117814
927425,0.1965221
927426,0.2403693
927427,0.23589608
927428,0.1710164
927429,0.032651838
927430,0.054969795
927431,0.05187895
927432,0.038525928
927433,0.037409436
927434,0.0430578
927435,0.101655446
927436,0.06134104
927437,0.03433683
927438,0.45033827
927439,0.45526963
927440,0.556966
927441,0.46002856
927442,0.55690414
927443,0.56427395
927444,0.54324555
927445,0.45253232
927446,0.61864763
927447,0.63810754
927448,0.31499615
927449,0.60152197
927450,0.22416031
927451,0.009875933
927452,0.06597555
927453,0.22489835
927454,0.07186615
927455,0.2147451
927456,0.2244237
927457,0.1402261
927458,0.13568951
927459,0.15686592
927460,0.09074097
927461,0.14883584
927462,0.13700831
927463,0.08631116
927464,0.011755441
927465,0.03351796
927466,0.028792532
927467,0.027771622
927468,0.03692898
927469,0.035460096
927470,0.028063102
927471,0.008469912
927472,0.049182374
927473,0.056720424
927474,0.0494438
927475,0.054344893
927476,0.056108538
927477,0.0685075
927478,0.19278982
927479,0.26373428
927480,0.060988095
927481,0.11607295
927482,0.08864237
927483,0.104857035
927484,0.11712279
927485,0.10893361
927486,0.130814
927487,0.14503333
927488,0.10541946
927489,0.07886603
927490,0.09900991
927491,0.12673303
927492,0.20808432
927493,0.18507019
927494,0.21081173
927495,0.20296122
927496,0.21159373
927497,0.14211658
927498,0.058098916
927499,0.34001058
927500,0.3409286
927501,0.19265339
927502,0.2656852
927503,0.43364125
927504,0.40136933
927505,0.40329358
927506,0.41365692
927507,0.4396496
927508,0.13310876
927509,0.54386187
927510,0.14877002
927511,0.30022472
927512,0.26904818
927513,0.56337607
927514,0.4781416
927515,0.6805377
927516,0.6969188
927517,0.7037145
927518,0.69664776
927519,0.6579226
927520,0.39469978
927521,0.13620394
927522,0.021745147
927523,0.27173346
927524,0.09960813
927525,0.17390051
927526,0.11410268
927527,0.13441674
927528,0.1399899
927529,0.25523403
927530,0.25601622
927531,0.09723713
927532,0.09194733
927533,0.28350955
927534,0.43335322
927535,0.3744184
927536,0.21944518
927537,0.08869771
927538,0.22066179
927539,0.2267846
927540,0.027844004
927541,0.28313446
927542,0.13615258
927543,0.10341954
927544,0.09177139
927545,0.11684433
927546,0.095388465
927547,0.1390001
927548,0.029039312
927549,0.056650963
927550,0.05645426
927551,0.032459058
927552,0.056727815
927553,0.05790884
927554,0.05926455
927555,0.11834134
927556,0.029942146
927557,0.008195527
927558,0.01752574
927559,0.031129532
927560,0.03453175
927561,0.041627795
927562,0.030571774
927563,0.02874564
927564,0.03567436
927565,0.016122779
927566,0.007991366
927567,0.021335833
927568,0.017194774
927569,0.023230849
927570,0.017549427
927571,0.02021728
927572,0.01946375
927573,0.017051997
927574,0.024404742
927575,0.026226703
927576,0.027663663
927577,0.021942042
927578,0.026883893
927579,0.02526963
927580,0.087586574
927581,0.15140569
927582,0.10447523
927583,0.060234573
927584,0.017667646
927585,0.14788403
927586,0.061698455
927587,0.24120533
927588,0.13097343
927589,0.2895469
927590,0.20836583
927591,0.16933392
927592,0.22496939
927593,0.14459124
927594,0.074145086
927595,0.12568405
927596,0.012361212
927597,0.07414102
927598,0.08683074
927599,0.09879872
927600,0.07115681
927601,0.021913176
927602,0.14656897
927603,0.2351122
927604,0.09688284
927605,0.07992594
927606,0.08033388
927607,0.12464674
927608,0.08646168
927609,0.486132
927610,0.18702607
927611,0.18671338
927612,0.17230532
927613,0.1298346
927614,0.029684143
927615,0.068758875
927616,0.07006223
927617,0.06772069
927618,0.070615016
927619,0.088062614
927620,0.0681678
927621,0.05798641
927622,0.05729423
927623,0.04823094
927624,0.14946893
927625,0.49653798
927626,0.75008816
927627,0.6909971
927628,0.79772824
927629,0.78185105
927630,0.79851454
927631,0.77991366
927632,0.7913335
927633,0.77939576
927634,0.76185536
927635,0.7341783
927636,0.76671165
927637,0.73074746
927638,0.7951064
927639,0.73396856
927640,0.80907667
927641,0.7387566
927642,0.6953443
927643,0.6982373
927644,0.76405245
927645,0.42819887
927646,0.012907775
927647,0.07872377
927648,0.093114585
927649,0.0798182
927650,0.08679225
927651,0.0987229
927652,0.13736665
927653,0.031075595
927654,0.04728377
927655,0.05042657
927656,0.048518267
927657,0.050014716
927658,0.047543995
927659,0.029160582
927660,0.08280681
927661,0.17491499
927662,0.012992247
927663,0.058513947
927664,0.062044464
927665,0.049543694
927666,0.044354927
927667,0.050492104
927668,0.17405269
927669,0.18992692
927670,0.17405269
927671,0.12960194
927672,0.05232927
927673,0.18781434
927674,0.2426355
927675,0.0099272095
927676,0.039757323
927677,0.029972736
927678,0.023945084
927679,0.01977719
927680,0.018266246
927681,0.031098777
927682,0.026222438
927683,0.0244954
927684,0.06382904
927685,0.009716291
927686,0.021361247
927687,0.02729798
927688,0.035075005
927689,0.04306668
927690,0.031307906
927691,0.03702313
927692,0.03444483
927693,0.025577879
927694,0.13910465
927695,0.16312748
927696,0.16283166
927697,0.23032632
927698,0.3293419
927699,0.4455567
927700,0.2405331
927701,0.17015074
927702,0.13271515
927703,0.059586383
927704,0.017714439
927705,0.06795354
927706,0.031957913
927707,0.06932477
927708,0.09423485
927709,0.10637699
927710,0.064482614
927711,0.097317465
927712,0.13793097
927713,0.10207575
927714,0.106489435
927715,0.01632459
927716,0.3186384
927717,0.37914845
927718,0.3109506
927719,0.22204176
927720,0.25860012
927721,0.3114539
927722,0.25296217
927723,0.32547426
927724,0.36276367
927725,0.22508377
927726,0.088457555
927727,0.022749655
927728,0.100521594
927729,0.11612908
927730,0.12944914
927731,0.12046738
927732,0.10302311
927733,0.4426807
927734,0.1281428
927735,0.058970146
927736,0.15180895
927737,0.36060393
927738,0.11964828
927739,0.11103856
927740,0.11046298
927741,0.09241735
927742,0.07698982
927743,0.58838797
927744,0.64736474
927745,0.8036976
927746,0.7340659
927747,0.6357383
927748,0.7778533
927749,0.7643334
927750,0.84484595
927751,0.87183064
927752,0.8249722
927753,0.87686235
927754,0.8387649
927755,0.85552377
927756,0.8763782
927757,0.8527957
927758,0.8848354
927759,0.8152215
927760,0.8040447
927761,0.8232379
927762,0.8263602
927763,0.8211487
927764,0.8867727
927765,0.79853606
927766,0.7721751
927767,0.81111217
927768,0.79496294
927769,0.8031913
927770,0.88381
927771,0.80663306
927772,0.76127726
927773,0.8149753
927774,0.78646934
927775,0.7645438
927776,0.804142
927777,0.70660824
927778,0.67196035
927779,0.7674172
927780,0.6783906
927781,0.6561372
927782,0.68483776
927783,0.4950363
927784,0.07204367
927785,0.015878463
927786,0.040536538
927787,0.03890579
927788,0.037337136
927789,0.038354516
927790,0.035394054
927791,0.11023889
927792,0.11357563
927793,0.14140132
927794,0.0988216
927795,0.08737658
927796,0.07701261
927797,0.030443508
927798,0.13096623
927799,0.012291075
927800,0.029817384
927801,0.026914733
927802,0.028623275
927803,0.029436909
927804,0.02640005
927805,0.39536822
927806,0.48028138
927807,0.36625803
927808,0.48625597
927809,0.54518837
927810,0.35367805
927811,0.47009847
927812,0.5850833
927813,0.45800716
927814,0.4311744
927815,0.54539376
927816,0.44207674
927817,0.4737621
927818,0.5252868
927819,0.48166975
927820,0.47373673
927821,0.5386039
927822,0.5810348
927823,0.5587349
927824,0.55307764
927825,0.41313204
927826,0.011694167
927827,0.038478713
927828,0.036985867
927829,0.034433935
927830,0.036886252
927831,0.038648013
927832,0.034735616
927833,0.037139215
927834,0.14138925
927835,0.37870938
927836,0.5194769
927837,0.5650168
927838,0.55424714
927839,0.64143944
927840,0.679131
927841,0.6730992
927842,0.6935683
927843,0.71353155
927844,0.45138854
927845,0.71176577
927846,0.7084448
927847,0.7466609
927848,0.7003553
927849,0.47921923
927850,0.60527414
927851,0.5965443
927852,0.6100216
927853,0.5861686
927854,0.5246515
927855,0.62243533
927856,0.61704075
927857,0.6206114
927858,0.6006207
927859,0.6647459
927860,0.3236602
927861,0.01302589
927862,0.071118414
927863,0.036912404
927864,0.094119444
927865,0.061786342
927866,0.13121092
927867,0.19885659
927868,0.07750654
927869,0.110676415
927870,0.11286946
927871,0.104484685
927872,0.13068476
927873,0.122208394
927874,0.09532773
927875,0.009979207
927876,0.025334401
927877,0.025786906
927878,0.027467864
927879,0.024148537
927880,0.02311206
927881,0.02849893
927882,0.014301388
927883,0.108983144
927884,0.067802556
927885,0.065653846
927886,0.067655295
927887,0.069427796
927888,0.060637616
927889,0.044334266
927890,0.13612244
927891,0.01062657
927892,0.022326201
927893,0.01637032
927894,0.02663865
927895,0.019700002
927896,0.017765066
927897,0.019302463
927898,0.026462782
927899,0.023080135
927900,0.012403618
927901,0.037239607
927902,0.042344302
927903,0.036540013
927904,0.039584737
927905,0.04081664
927906,0.039168127
927907,0.04557718
927908,0.01780299
927909,0.07512874
927910,0.10625781
927911,0.041100934
927912,0.17696744
927913,0.10369801
927914,0.11609621
927915,0.1307797
927916,0.14465778
927917,0.18369256
927918,0.102436945
927919,0.1125986
927920,0.011764918
927921,0.08275189
927922,0.100191474
927923,0.09883742
927924,0.09196429
927925,0.08076801
927926,0.016962666
927927,0.30636
927928,0.1471785
927929,0.38123396
927930,0.43990624
927931,0.4130847
927932,0.39468986
927933,0.479431
927934,0.2936892
927935,0.52426255
927936,0.21581033
927937,0.37573305
927938,0.20725656
927939,0.41903073
927940,0.11928499
927941,0.043222036
927942,0.10084716
927943,0.20283107
927944,0.23504385
927945,0.18081316
927946,0.11849371
927947,0.17396934
927948,0.1006419
927949,0.25439537
927950,0.17708078
927951,0.15265173
927952,0.13156606
927953,0.1358539
927954,0.14705618
927955,0.14392246
927956,0.15420957
927957,0.15557426
927958,0.09719763
927959,0.19121183
927960,0.017657412
927961,0.11691685
927962,0.23025936
927963,0.13907635
927964,0.17692283
927965,0.14874503
927966,0.19554764
927967,0.14442703
927968,0.16673687
927969,0.1426294
927970,0.15934123
927971,0.11590986
927972,0.03868694
927973,0.30141923
927974,0.5956604
927975,0.60831374
927976,0.5874948
927977,0.5775402
927978,0.55076206
927979,0.67952484
927980,0.66405725
927981,0.6841197
927982,0.5780217
927983,0.65638167
927984,0.68540376
927985,0.6336725
927986,0.66716844
927987,0.61598116
927988,0.41266936
927989,0.09501961
927990,0.11936396
927991,0.12069338
927992,0.120220035
927993,0.06593598
927994,0.11379217
927995,0.012962063
927996,0.028773384
927997,0.038270783
927998,0.027376674
927999,0.029486934
928000,0.03001748
928001,0.025917456
928002,0.00845905
928003,0.022344172
928004,0.028179739
928005,0.031770684
928006,0.037312403
928007,0.023713542
928008,0.04017742
928009,0.021344844
928010,0.10303326
928011,0.042611703
928012,0.07850693
928013,0.070152156
928014,0.048596337
928015,0.03900011
928016,0.033403
928017,0.009816553
928018,0.026245136
928019,0.054194074
928020,0.029643524
928021,0.030950585
928022,0.023390984
928023,0.010083511
928024,0.020133557
928025,0.03389793
928026,0.021370668
928027,0.027457496
928028,0.04676037
928029,0.029200723
928030,0.027293455
928031,0.011272046
928032,0.04599338
928033,0.032921594
928034,0.041432597
928035,0.04144633
928036,0.03617755
928037,0.045281872
928038,0.046685744
928039,0.03449155
928040,0.024412476
928041,0.086442925
928042,0.08744041
928043,0.09294034
928044,0.007067194
928045,0.023454115
928046,0.021010373
928047,0.027602816
928048,0.021076286
928049,0.022833938
928050,0.02041007
928051,0.1838023
928052,0.13436985
928053,0.12149498
928054,0.09385698
928055,0.12626307
928056,0.11701551
928057,0.16300876
928058,0.07885812
928059,0.07846322
928060,0.041540053
928061,0.03193101
928062,0.03153955
928063,0.008517044
928064,0.02463456
928065,0.0206173
928066,0.026845504
928067,0.022702882
928068,0.01946385
928069,0.022182593
928070,0.011556483
928071,0.13910963
928072,0.13613057
928073,0.31919992
928074,0.1001584
928075,0.11519384
928076,0.096672416
928077,0.16040242
928078,0.3193289
928079,0.105472624
928080,0.07725177
928081,0.017969172
928082,0.0647924
928083,0.07911887
928084,0.06968143
928085,0.10045091
928086,0.075637996
928087,0.11486398
928088,0.14686756
928089,0.105539225
928090,0.115262456
928091,0.008574911
928092,0.021566523
928093,0.02232171
928094,0.021407813
928095,0.02497005
928096,0.022096807
928097,0.033198237
928098,0.012561299
928099,0.042359773
928100,0.05464138
928101,0.043956216
928102,0.048003793
928103,0.047053613
928104,0.06104919
928105,0.009903766
928106,0.036366362
928107,0.027990216
928108,0.03164772
928109,0.024620181
928110,0.026730372
928111,0.021611707
928112,0.020680616
928113,0.014846705
928114,0.07265601
928115,0.086976506
928116,0.084478684
928117,0.08851801
928118,0.111902215
928119,0.015320333
928120,0.058468137
928121,0.050144877
928122,0.049127728
928123,0.05972505
928124,0.08247306
928125,0.011218889
928126,0.03100146
928127,0.034255445
928128,0.03231277
928129,0.028325858
928130,0.030753475
928131,0.027877763
928132,0.024730278
928133,0.034666214
928134,0.4891352
928135,0.59732735
928136,0.62853056
928137,0.638932
928138,0.13774648
928139,0.53774357
928140,0.30952996
928141,0.31536448
928142,0.4892964
928143,0.171853
928144,0.45915458
928145,0.4111062
928146,0.39212722
928147,0.19963619
928148,0.01380719
928149,0.09982287
928150,0.024532136
928151,0.08327065
928152,0.23856018
928153,0.12182266
928154,0.17662215
928155,0.13711402
928156,0.017797753
928157,0.24404387
928158,0.2085169
928159,0.36450338
928160,0.41514745
928161,0.4011655
928162,0.22559486
928163,0.2917082
928164,0.4216609
928165,0.32877132
928166,0.3667035
928167,0.3379873
928168,0.25131425
928169,0.4392958
928170,0.33602583
928171,0.10100974
928172,0.0917884
928173,0.10812734
928174,0.08849125
928175,0.16326608
928176,0.19880609
928177,0.16799727
928178,0.13099457
928179,0.027859427
928180,0.1833282
928181,0.15230702
928182,0.20613635
928183,0.2301462
928184,0.15834793
928185,0.14979361
928186,0.21217005
928187,0.19603395
928188,0.15670036
928189,0.15008818
928190,0.15260282
928191,0.028814776
928192,0.06518491
928193,0.07177564
928194,0.06833833
928195,0.06261964
928196,0.07005215
928197,0.07846411
928198,0.06622112
928199,0.07775078
928200,0.022901008
928201,0.070362166
928202,0.094932556
928203,0.1359392
928204,0.108988106
928205,0.11502479
928206,0.122010976
928207,0.12031436
928208,0.16472849
928209,0.15324704
928210,0.0993099
928211,0.26314738
928212,0.18971758
928213,0.28662097
928214,0.39533833
928215,0.15923032
928216,0.21803091
928217,0.30680948
928218,0.15521316
928219,0.16549951
928220,0.15861444
928221,0.12390924
928222,0.016858976
928223,0.048586074
928224,0.047810588
928225,0.043763246
928226,0.046163015
928227,0.05267559
928228,0.04167528
928229,0.053578723
928230,0.23534857
928231,0.4052985
928232,0.16605815
928233,0.44231975
928234,0.20412558
928235,0.3043503
928236,0.29635885
928237,0.22190791
928238,0.17620169
928239,0.19357257
928240,0.17485069
928241,0.15576296
928242,0.010203544
928243,0.0380656
928244,0.055600256
928245,0.048677787
928246,0.064567134
928247,0.05803739
928248,0.049520828
928249,0.18510756
928250,0.1836159
928251,0.036317248
928252,0.13764401
928253,0.10505611
928254,0.085248634
928255,0.15099452
928256,0.0467832
928257,0.27595544
928258,0.39280823
928259,0.30411652
928260,0.3116694
928261,0.2911537
928262,0.2648494
928263,0.30916056
928264,0.33481073
928265,0.35888252
928266,0.42873046
928267,0.5471595
928268,0.51501065
928269,0.4582449
928270,0.472311
928271,0.44857398
928272,0.3292534
928273,0.35691914
928274,0.012251265
928275,0.064490154
928276,0.05789737
928277,0.032737833
928278,0.026434949
928279,0.032294687
928280,0.047379386
928281,0.025462864
928282,0.026720993
928283,0.04431129
928284,0.025087694
928285,0.057249717
928286,0.08219858
928287,0.08103353
928288,0.15361755
928289,0.08640587
928290,0.0840633
928291,0.074616924
928292,0.08776266
928293,0.11257507
928294,0.061881065
928295,0.0075433953
928296,0.026410956
928297,0.023954803
928298,0.027601525
928299,0.023668598
928300,0.017799279
928301,0.029324261
928302,0.015346077
928303,0.12391437
928304,0.10901026
928305,0.12912588
928306,0.024972185
928307,0.07885094
928308,0.079885975
928309,0.070004664
928310,0.077812985
928311,0.012202907
928312,0.020332279
928313,0.026938278
928314,0.042734902
928315,0.03898737
928316,0.03044655
928317,0.027213138
928318,0.021842789
928319,0.018768353
928320,0.11051425
928321,0.023064936
928322,0.061740372
928323,0.06334058
928324,0.04163218
928325,0.05124625
928326,0.26382723
928327,0.25192395
928328,0.16607685
928329,0.3128094
928330,0.3053563
928331,0.31455678
928332,0.3567767
928333,0.3706438
928334,0.39448914
928335,0.3879088
928336,0.14085759
928337,0.35125816
928338,0.09362506
928339,0.12433486
928340,0.021498103
928341,0.26657665
928342,0.5273458
928343,0.66956073
928344,0.5658904
928345,0.6889018
928346,0.57222825
928347,0.6839058
928348,0.61739
928349,0.6375465
928350,0.7059984
928351,0.6772129
928352,0.6243748
928353,0.6693468
928354,0.54505163
928355,0.3438868
928356,0.02351738
928357,0.2427846
928358,0.28007057
928359,0.022082895
928360,0.037562236
928361,0.04784931
928362,0.034134563
928363,0.0492291
928364,0.034806322
928365,0.036212265
928366,0.030757006
928367,0.3998689
928368,0.029444382
928369,0.09454189
928370,0.08895765
928371,0.06037062
928372,0.009946707
928373,0.025991902
928374,0.025538513
928375,0.026944809
928376,0.022871738
928377,0.012820181
928378,0.040941127
928379,0.044037063
928380,0.043873042
928381,0.10976111
928382,0.23157375
928383,0.26874828
928384,0.26967505
928385,0.22111668
928386,0.23874284
928387,0.20874664
928388,0.06051445
928389,0.5456973
928390,0.6917351
928391,0.71126896
928392,0.7011422
928393,0.71273786
928394,0.68802387
928395,0.73415744
928396,0.7076863
928397,0.71555007
928398,0.7337637
928399,0.6996846
928400,0.66569716
928401,0.38447306
928402,0.08416237
928403,0.17859718
928404,0.07769184
928405,0.12060409
928406,0.080415204
928407,0.09827
928408,0.074044265
928409,0.17167304
928410,0.12652598
928411,0.11157293
928412,0.08701298
928413,0.01429548
928414,0.029593818
928415,0.028213881
928416,0.035490576
928417,0.03658365
928418,0.026722178
928419,0.03580831
928420,0.047221556
928421,0.02354947
928422,0.037405778
928423,0.038384434
928424,0.039329883
928425,0.033900306
928426,0.037334934
928427,0.03702139
928428,0.052089762
928429,0.30116782
928430,0.01936707
928431,0.028996034
928432,0.03126741
928433,0.022504862
928434,0.023844661
928435,0.031911343
928436,0.032765456
928437,0.026679222
928438,0.3399011
928439,0.2108554
928440,0.20627247
928441,0.20446375
928442,0.1480648
928443,0.19195862
928444,0.17107774
928445,0.14231981
928446,0.03407285
928447,0.051813923
928448,0.042586327
928449,0.016937463
928450,0.02772743
928451,0.026627926
928452,0.026268873
928453,0.026679909
928454,0.017159708
928455,0.07230914
928456,0.07957644
928457,0.06748723
928458,0.06982797
928459,0.06750219
928460,0.07684732
928461,0.06775938
928462,0.052818324
928463,0.04935305
928464,0.054267015
928465,0.049797967
928466,0.023666063
928467,0.08092763
928468,0.051911805
928469,0.056054525
928470,0.048854668
928471,0.07914128
928472,0.062614635
928473,0.037388954
928474,0.07410484
928475,0.016793236
928476,0.040828194
928477,0.040882777
928478,0.040026832
928479,0.032984223
928480,0.036821257
928481,0.039380122
928482,0.03560926
928483,0.11996784
928484,0.17635168
928485,0.15580733
928486,0.117865175
928487,0.041921657
928488,0.15531969
928489,0.18312739
928490,0.24925147
928491,0.20168391
928492,0.19984114
928493,0.21871904
928494,0.17548679
928495,0.43859282
928496,0.22126627
928497,0.30735618
928498,0.2890212
928499,0.13705118
928500,0.010211227
928501,0.023421682
928502,0.026484894
928503,0.026184341
928504,0.022125393
928505,0.022825714
928506,0.024722952
928507,0.024840413
928508,0.027322864
928509,0.14321475
928510,0.11039827
928511,0.08421548
928512,0.0503248
928513,0.052833498
928514,0.06167251
928515,0.06204376
928516,0.095710754
928517,0.10646332
928518,0.059693817
928519,0.047012907
928520,0.2297977
928521,0.14107826
928522,0.09755887
928523,0.069509804
928524,0.07940894
928525,0.0108845765
928526,0.030758327
928527,0.027315306
928528,0.023876876
928529,0.021984272
928530,0.03618259
928531,0.01603555
928532,0.12300621
928533,0.09842192
928534,0.1182774
928535,0.0831856
928536,0.12708963
928537,0.031427044
928538,0.09036739
928539,0.10527596
928540,0.09765584
928541,0.11943921
928542,0.11219658
928543,0.13043195
928544,0.087581955
928545,0.09449017
928546,0.02495708
928547,0.039303854
928548,0.031835914
928549,0.03907819
928550,0.035958786
928551,0.025815658
928552,0.03407205
928553,0.22104634
928554,0.24629672
928555,0.3250958
928556,0.36121398
928557,0.4001031
928558,0.42181003
928559,0.34019002
928560,0.39983594
928561,0.30123365
928562,0.3425438
928563,0.3056518
928564,0.1941384
928565,0.19345355
928566,0.3172548
928567,0.26215386
928568,0.20908162
928569,0.16461608
928570,0.020013155
928571,0.070065394
928572,0.0832481
928573,0.037105158
928574,0.11293547
928575,0.12376096
928576,0.12038944
928577,0.032758504
928578,0.3170311
928579,0.12165937
928580,0.12833041
928581,0.13886058
928582,0.12543045
928583,0.09076891
928584,0.01298955
928585,0.046274368
928586,0.043635033
928587,0.03979691
928588,0.037100043
928589,0.030410819
928590,0.037471753
928591,0.063148834
928592,0.039940257
928593,0.009782435
928594,0.015540956
928595,0.023168843
928596,0.027601
928597,0.013966915
928598,0.019926582
928599,0.023843374
928600,0.017642785
928601,0.039573435
928602,0.00972212
928603,0.060275696
928604,0.024608355
928605,0.03001535
928606,0.036817223
928607,0.027499653
928608,0.041827664
928609,0.038394324
928610,0.025277695
928611,0.031684827
928612,0.022349121
928613,0.033511825
928614,0.040774066
928615,0.030840224
928616,0.03238304
928617,0.026472926
928618,0.014636891
928619,0.06875199
928620,0.16426562
928621,0.18474428
928622,0.16799027
928623,0.29574636
928624,0.27614194
928625,0.083481535
928626,0.23765881
928627,0.07769875
928628,0.22493714
928629,0.114901826
928630,0.09359785
928631,0.026310949
928632,0.016402679
928633,0.06591332
928634,0.06715356
928635,0.10059927
928636,0.18634444
928637,0.5391972
928638,0.6626854
928639,0.6401881
928640,0.5803706
928641,0.68207955
928642,0.6872742
928643,0.67918175
928644,0.63338584
928645,0.6412993
928646,0.6466729
928647,0.59810984
928648,0.37150025
928649,0.16514255
928650,0.17448866
928651,0.15660398
928652,0.167558
928653,0.13989955
928654,0.06297268
928655,0.15863423
928656,0.043663196
928657,0.04147742
928658,0.04398132
928659,0.0358798
928660,0.19395712
928661,0.11892468
928662,0.11032889
928663,0.09024875
928664,0.055802394
928665,0.16648477
928666,0.19049479
928667,0.21248105
928668,0.14267462
928669,0.020430524
928670,0.03237827
928671,0.035416856
928672,0.05367212
928673,0.038948413
928674,0.049078688
928675,0.050370593
928676,0.048983227
928677,0.05438856
928678,0.08598328
928679,0.07068738
928680,0.08183659
928681,0.09009856
928682,0.06255949
928683,0.08589343
928684,0.10267754
928685,0.096987605
928686,0.017526915
928687,0.03091793
928688,0.031683445
928689,0.037666254
928690,0.03963415
928691,0.048826102
928692,0.037008956
928693,0.03773166
928694,0.0089530805
928695,0.030373808
928696,0.02705241
928697,0.029943565
928698,0.027372375
928699,0.034150735
928700,0.024128653
928701,0.01235221
928702,0.0234665
928703,0.027768647
928704,0.035011243
928705,0.044516146
928706,0.035145167
928707,0.027274502
928708,0.02321792
928709,0.015704837
928710,0.043764427
928711,0.04352423
928712,0.042248454
928713,0.012886231
928714,0.021396417
928715,0.029851368
928716,0.026212314
928717,0.02649947
928718,0.022070209
928719,0.025437266
928720,0.013711127
928721,0.038372897
928722,0.043439783
928723,0.033808447
928724,0.03722544
928725,0.036666967
928726,0.04960035
928727,0.05227223
928728,0.014386372
928729,0.19582662
928730,0.2565172
928731,0.2955134
928732,0.25276008
928733,0.2740139
928734,0.42125866
928735,0.32934558
928736,0.23435773
928737,0.28775117
928738,0.34023222
928739,0.31934375
928740,0.2968692
928741,0.08215126
928742,0.05874268
928743,0.053963374
928744,0.043257672
928745,0.019411128
928746,0.32524025
928747,0.34915012
928748,0.45575613
928749,0.38093197
928750,0.4727502
928751,0.40828037
928752,0.41440648
928753,0.3386211
928754,0.43964317
928755,0.43998408
928756,0.42884517
928757,0.33617598
928758,0.43677446
928759,0.2901661
928760,0.04564549
928761,0.16997564
928762,0.13801473
928763,0.13830388
928764,0.13349923
928765,0.15653092
928766,0.13496035
928767,0.14064208
928768,0.13788998
928769,0.026742702
928770,0.061822392
928771,0.046609405
928772,0.06433227
928773,0.05632415
928774,0.05205241
928775,0.13071525
928776,0.09064506
928777,0.120344795
928778,0.47355455
928779,0.47245315
928780,0.4075233
928781,0.48538926
928782,0.47100022
928783,0.409748
928784,0.46963963
928785,0.47880706
928786,0.37683636
928787,0.3505207
928788,0.014544707
928789,0.037668094
928790,0.03864818
928791,0.037463214
928792,0.044081036
928793,0.04452482
928794,0.05325778
928795,0.14014368
928796,0.04999307
928797,0.04717594
928798,0.069946356
928799,0.07994262
928800,0.11882902
928801,0.07158107
928802,0.18795788
928803,0.011971906
928804,0.012017237
928805,0.015634289
928806,0.014807909
928807,0.013554432
928808,0.01853738
928809,0.015955858
928810,0.07809786
928811,0.11723287
928812,0.14643411
928813,0.12281839
928814,0.10497281
928815,0.005821883
928816,0.016141426
928817,0.014449808
928818,0.01176066
928819,0.014545294
928820,0.017135317
928821,0.016470933
928822,0.005733339
928823,0.021498946
928824,0.011253657
928825,0.013066276
928826,0.014479214
928827,0.0188322
928828,0.023210878
928829,0.011242907
928830,0.016370168
928831,0.25006878
928832,0.00853856
928833,0.01569136
928834,0.012591374
928835,0.010123667
928836,0.013217733
928837,0.014332564
928838,0.015693791
928839,0.015631825
928840,0.2247336
928841,0.008967346
928842,0.015222101
928843,0.013696799
928844,0.013111859
928845,0.02602372
928846,0.053800214
928847,0.123594694
928848,0.13059933
928849,0.1275831
928850,0.11952191
928851,0.015410979
928852,0.05809042
928853,0.09631745
928854,0.047165785
928855,0.07486398
928856,0.05697553
928857,0.07130943
928858,0.447101
928859,0.8097495
928860,0.630412
928861,0.73731613
928862,0.7945616
928863,0.7867061
928864,0.7959925
928865,0.79244375
928866,0.813555
928867,0.79756135
928868,0.8227778
928869,0.81471187
928870,0.8090206
928871,0.83312756
928872,0.787555
928873,0.79988474
928874,0.7995187
928875,0.7495399
928876,0.8286344
928877,0.8149698
928878,0.7745811
928879,0.79099524
928880,0.7925349
928881,0.8157923
928882,0.79388875
928883,0.7850303
928884,0.7989608
928885,0.8183643
928886,0.82754755
928887,0.81926554
928888,0.80164206
928889,0.8147071
928890,0.75213104
928891,0.8126899
928892,0.70609784
928893,0.5705723
928894,0.019675126
928895,0.049062554
928896,0.24296862
928897,0.054184698
928898,0.059017256
928899,0.095667906
928900,0.11433624
928901,0.28944603
928902,0.30887455
928903,0.25834015
928904,0.25558397
928905,0.07843169
928906,0.4689539
928907,0.48337156
928908,0.64757216
928909,0.73235226
928910,0.8083526
928911,0.7833013
928912,0.8669512
928913,0.8583838
928914,0.8506735
928915,0.82712823
928916,0.80361974
928917,0.8359139
928918,0.83462775
928919,0.8134417
928920,0.7976152
928921,0.7903508
928922,0.8291153
928923,0.82693785
928924,0.8389137
928925,0.8122429
928926,0.820162
928927,0.8102083
928928,0.7865784
928929,0.81199193
928930,0.76352954
928931,0.8002077
928932,0.8074427
928933,0.79524463
928934,0.85269344
928935,0.8663804
928936,0.85729647
928937,0.83344847
928938,0.8452668
928939,0.81983095
928940,0.6649313
928941,0.059299536
928942,0.067517884
928943,0.06967308
928944,0.06304629
928945,0.09364865
928946,0.065791264
928947,0.057455566
928948,0.11027628
928949,0.12217022
928950,0.30724442
928951,0.20968471
928952,0.1831888
928953,0.17702249
928954,0.2109397
928955,0.15018514
928956,0.10086364
928957,0.018437982
928958,0.03825948
928959,0.039222732
928960,0.039477546
928961,0.019418772
928962,0.030779013
928963,0.027592245
928964,0.024343267
928965,0.029562565
928966,0.02880601
928967,0.020123085
928968,0.028616507
928969,0.26028883
928970,0.17708649
928971,0.22749157
928972,0.20887111
928973,0.18367209
928974,0.19552773
928975,0.19755842
928976,0.22754899
928977,0.16298102
928978,0.0997453
928979,0.17072369
928980,0.010799024
928981,0.031079704
928982,0.03243143
928983,0.027302938
928984,0.025033602
928985,0.02607153
928986,0.021693038
928987,0.018941
928988,0.08368048
928989,0.08119535
928990,0.07395185
928991,0.07879052
928992,0.00908051
928993,0.02420096
928994,0.024566168
928995,0.024386464
928996,0.022003176
928997,0.020297416
928998,0.023876302
928999,0.023659328
929000,0.012229531
929001,0.08282586
929002,0.08078
929003,0.078214966
929004,0.07923716
929005,0.07223578
929006,0.08300972
929007,0.11071807
929008,0.26108384
929009,0.11042374
929010,0.42800498
929011,0.39727187
929012,0.3870691
929013,0.2703173
929014,0.258741
929015,0.24789517
929016,0.24297799
929017,0.19260415
929018,0.19080716
929019,0.1598188
929020,0.05391648
929021,0.18158141
929022,0.18294582
929023,0.18749128
929024,0.18936233
929025,0.18826486
929026,0.20924933
929027,0.16565017
929028,0.09881661
929029,0.3129437
929030,0.1453274
929031,0.19545098
929032,0.24478756
929033,0.3252583
929034,0.3220956
929035,0.3135005
929036,0.2688478
929037,0.15695034
929038,0.2433599
929039,0.18614359
929040,0.20406306
929041,0.1890047
929042,0.12909642
929043,0.041248795
929044,0.10377277
929045,0.11795672
929046,0.10495711
929047,0.2407327
929048,0.19084331
929049,0.110224426
929050,0.07739645
929051,0.15881367
929052,0.16426277
929053,0.036736254
929054,0.04100947
929055,0.043578167
929056,0.050712354
929057,0.041709527
929058,0.042382788
929059,0.041474015
929060,0.08100262
929061,0.066063136
929062,0.060231004
929063,0.060613327
929064,0.05813981
929065,0.061932784
929066,0.1156758
929067,0.057149597
929068,0.015880974
929069,0.053352453
929070,0.05179314
929071,0.046448544
929072,0.046973318
929073,0.0582309
929074,0.06275445
929075,0.039551158
929076,0.22280158
929077,0.18074921
929078,0.043065745
929079,0.10366067
929080,0.06882473
929081,0.08283711
929082,0.0516
929083,0.15969226
929084,0.15927403
929085,0.1947881
929086,0.20674282
929087,0.20396505
929088,0.2176664
929089,0.21658842
929090,0.20486315
929091,0.20552471
929092,0.29495466
929093,0.29517585
929094,0.18272305
929095,0.24006677
929096,0.19722289
929097,0.101550005
929098,0.10407097
929099,0.097358584
929100,0.093985856
929101,0.09165274
929102,0.14262259
929103,0.15864131
929104,0.082330056
929105,0.11227314
929106,0.019865477
929107,0.12004071
929108,0.16168049
929109,0.2972793
929110,0.3277933
929111,0.17487808
929112,0.15328543
929113,0.010128877
929114,0.03777994
929115,0.02021928
929116,0.020628246
929117,0.04781007
929118,0.04196223
929119,0.019983606
929120,0.020698678
929121,0.025754755
929122,0.08014793
929123,0.017191399
929124,0.015934391
929125,0.04506462
929126,0.04633746
929127,0.07509605
929128,0.1488881
929129,0.18540289
929130,0.14444904
929131,0.1345146
929132,0.12178012
929133,0.17723471
929134,0.15547563
929135,0.013167879
929136,0.09943039
929137,0.09414563
929138,0.18125655
929139,0.23422419
929140,0.14556104
929141,0.13901374
929142,0.115564555
929143,0.07989853
929144,0.017110152
929145,0.042553365
929146,0.03348398
929147,0.03766157
929148,0.038955465
929149,0.034911767
929150,0.038530935
929151,0.037654728
929152,0.05025502
929153,0.011253307
929154,0.028097386
929155,0.028725991
929156,0.02582667
929157,0.025248338
929158,0.024805577
929159,0.026257891
929160,0.02518188
929161,0.26557904
929162,0.45170513
929163,0.4645295
929164,0.47565004
929165,0.39531186
929166,0.59573466
929167,0.51727915
929168,0.30581847
929169,0.57493293
929170,0.38294983
929171,0.5662779
929172,0.53407234
929173,0.23626283
929174,0.2683238
929175,0.13762018
929176,0.018189883
929177,0.14157686
929178,0.14949104
929179,0.14030477
929180,0.07225604
929181,0.16341314
929182,0.11191049
929183,0.14556515
929184,0.18180235
929185,0.12477116
929186,0.058007207
929187,0.049162947
929188,0.0377105
929189,0.04891849
929190,0.12127392
929191,0.21416862
929192,0.1220187
929193,0.15141687
929194,0.045878723
929195,0.0779857
929196,0.014114164
929197,0.04857737
929198,0.0572085
929199,0.051642783
929200,0.015958246
929201,0.059939027
929202,0.06293344
929203,0.04573175
929204,0.05583058
929205,0.062575184
929206,0.22008607
929207,0.15269725
929208,0.13581282
929209,0.11024742
929210,0.2077256
929211,0.2075758
929212,0.24063063
929213,0.2704044
929214,0.0697811
929215,0.16790642
929216,0.16001038
929217,0.18999429
929218,0.94360596
929219,0.1841457
929220,0.18264909
929221,0.20358624
929222,0.13760614
929223,0.21748085
929224,0.18506561
929225,0.11022824
929226,0.098591805
929227,0.017006772
929228,0.044127602
929229,0.045704477
929230,0.03903307
929231,0.04618516
929232,0.040663525
929233,0.042239975
929234,0.034974664
929235,0.0118117565
929236,0.042295504
929237,0.041164275
929238,0.036541834
929239,0.040283203
929240,0.051605962
929241,0.04159577
929242,0.04481654
929243,0.41373166
929244,0.29644805
929245,0.30297258
929246,0.43031788
929247,0.52671206
929248,0.35288665
929249,0.2851937
929250,0.28219232
929251,0.018265534
929252,0.07205446
929253,0.5208835
929254,0.60958326
929255,0.33846238
929256,0.5240824
929257,0.42471263
929258,0.31589738
929259,0.2559955
929260,0.07634791
929261,0.047803048
929262,0.28985113
929263,0.2563057
929264,0.2478592
929265,0.39600804
929266,0.3177978
929267,0.13785096
929268,0.12052462
929269,0.1624964
929270,0.014469862
929271,0.049912058
929272,0.030492388
929273,0.031835105
929274,0.037930176
929275,0.03351376
929276,0.119610555
929277,0.11407181
929278,0.15238596
929279,0.12105557
929280,0.19129947
929281,0.15363044
929282,0.1403551
929283,0.09337766
929284,0.07763751
929285,0.03303147
929286,0.02699708
929287,0.051657986
929288,0.077090845
929289,0.0773403
929290,0.0648357
929291,0.07127768
929292,0.073035665
929293,0.07288885
929294,0.054031845
929295,0.019733757
929296,0.06506604
929297,0.06686989
929298,0.06643572
929299,0.06648299
929300,0.1069928
929301,0.25874838
929302,0.108074315
929303,0.17764202
929304,0.16085525
929305,0.12826972
929306,0.12648849
929307,0.12933832
929308,0.14238487
929309,0.14845999
929310,0.15375876
929311,0.17922337
929312,0.1192389
929313,0.12651865
929314,0.089469716
929315,0.2540881
929316,0.30851167
929317,0.13143483
929318,0.07889582
929319,0.17280272
929320,0.6552378
929321,0.7163917
929322,0.6840682
929323,0.5395146
929324,0.7538787
929325,0.72328866
929326,0.7016667
929327,0.75309926
929328,0.7461989
929329,0.74023545
929330,0.70996135
929331,0.67090476
929332,0.558085
929333,0.05327834
929334,0.046322297
929335,0.04583002
929336,0.04989072
929337,0.05660002
929338,0.054666154
929339,0.04782535
929340,0.050882652
929341,0.039543197
929342,0.055951156
929343,0.27374282
929344,0.41183817
929345,0.48202744
929346,0.4516948
929347,0.43672028
929348,0.20424539
929349,0.018600812
929350,0.06791989
929351,0.12799293
929352,0.07649476
929353,0.08983713
929354,0.06691202
929355,0.057191815
929356,0.10051661
929357,0.059096217
929358,0.055134382
929359,0.10905682
929360,0.06107502
929361,0.04802832
929362,0.01360374
929363,0.077961564
929364,0.070769936
929365,0.066168725
929366,0.049327314
929367,0.04862813
929368,0.050646905
929369,0.050109833
929370,0.060611498
929371,0.058546923
929372,0.15008987
929373,0.017374948
929374,0.09520652
929375,0.05295983
929376,0.117358245
929377,0.049653694
929378,0.052259743
929379,0.052595936
929380,0.0603853
929381,0.064463146
929382,0.17628598
929383,0.05844198
929384,0.16025707
929385,0.05093434
929386,0.14492841
929387,0.034861166
929388,0.06720155
929389,0.06783588
929390,0.27068725
929391,0.06465085
929392,0.17802799
929393,0.1554005
929394,0.1320345
929395,0.12156109
929396,0.21107455
929397,0.23518424
929398,0.2688149
929399,0.21709391
929400,0.08061285
929401,0.074152976
929402,0.16741972
929403,0.12528853
929404,0.07714755
929405,0.028410045
929406,0.10830384
929407,0.08224271
929408,0.08112273
929409,0.18558256
929410,0.23785605
929411,0.1362404
929412,0.26721293
929413,0.13378754
929414,0.0939807
929415,0.079968564
929416,0.0824089
929417,0.13398829
929418,0.13134614
929419,0.038817562
929420,0.032337148
929421,0.037724536
929422,0.03226406
929423,0.007119541
929424,0.017551746
929425,0.016516756
929426,0.014516494
929427,0.014400429
929428,0.014434389
929429,0.015235746
929430,0.51354665
929431,0.34443137
929432,0.29015362
929433,0.009607865
929434,0.019088706
929435,0.017182628
929436,0.017899843
929437,0.020459536
929438,0.36924422
929439,0.091894865
929440,0.5362145
929441,0.61804944
929442,0.81520945
929443,0.8344273
929444,0.7929435
929445,0.80604666
929446,0.8485406
929447,0.8636409
929448,0.8067873
929449,0.89756763
929450,0.81792617
929451,0.8136213
929452,0.7852753
929453,0.834651
929454,0.7960369
929455,0.8387179
929456,0.82532597
929457,0.8014632
929458,0.8056064
929459,0.8129473
929460,0.81359744
929461,0.82243794
929462,0.77308303
929463,0.7938146
929464,0.75252265
929465,0.33062908
929466,0.008402868
929467,0.018732764
929468,0.0200778
929469,0.022010554
929470,0.020569852
929471,0.018928213
929472,0.023390293
929473,0.0178739
929474,0.028292278
929475,0.043199167
929476,0.30738842
929477,0.30228716
929478,0.3157883
929479,0.33459294
929480,0.27878127
929481,0.34629098
929482,0.3408262
929483,0.20780797
929484,0.30488887
929485,0.34235346
929486,0.28864074
929487,0.10737428
929488,0.145975
929489,0.124099195
929490,0.0063271592
929491,0.012316659
929492,0.012798186
929493,0.010277542
929494,0.012248634
929495,0.011485709
929496,0.05261035
929497,0.30440998
929498,0.39347342
929499,0.28031477
929500,0.344666
929501,0.30194807
929502,0.34631956
929503,0.43500414
929504,0.37560147
929505,0.33445752
929506,0.21991038
929507,0.37198728
929508,0.26791242
929509,0.03552579
929510,0.038627326
929511,0.031937208
929512,0.031269055
929513,0.03849375
929514,0.091482304
929515,0.011060638
929516,0.01882308
929517,0.015273307
929518,0.032435022
929519,0.01472649
929520,0.014580324
929521,0.0152856335
929522,0.016381904
929523,0.043888487
929524,0.3687125
929525,0.42842317
929526,0.37414682
929527,0.38704038
929528,0.29573447
929529,0.38950554
929530,0.36716226
929531,0.4739319
929532,0.2905673
929533,0.03436167
929534,0.045682333
929535,0.042789802
929536,0.04504504
929537,0.07335134
929538,0.048106506
929539,0.06288398
929540,0.062527776
929541,0.048906565
929542,0.036152918
929543,0.0072893845
929544,0.014819016
929545,0.012042881
929546,0.01608839
929547,0.018967897
929548,0.012949909
929549,0.012490482
929550,0.017459605
929551,0.10839747
929552,0.01636058
929553,0.09001203
929554,0.07149135
929555,0.06913474
929556,0.0843668
929557,0.07816917
929558,0.07676063
929559,0.06947644
929560,0.008217987
929561,0.021484055
929562,0.039805695
929563,0.032909315
929564,0.033449218
929565,0.026872205
929566,0.23494716
929567,0.19723625
929568,0.21253008
929569,0.26679954
929570,0.28062713
929571,0.32307547
929572,0.2940539
929573,0.23075655
929574,0.13848574
929575,0.044790633
929576,0.041906606
929577,0.04112931
929578,0.038277127
929579,0.04226482
929580,0.04345941
929581,0.045629196
929582,0.25986427
929583,0.24598972
929584,0.37971392
929585,0.23514153
929586,0.4477045
929587,0.6231186
929588,0.723177
929589,0.53886986
929590,0.38215384
929591,0.27022773
929592,0.65123534
929593,0.61446255
929594,0.30306244
929595,0.19161658
929596,0.41136912
929597,0.5872388
929598,0.5556145
929599,0.2945931
929600,0.018453
929601,0.10756636
929602,0.104018554
929603,0.012943042
929604,0.02753315
929605,0.03630035
929606,0.046949938
929607,0.030718155
929608,0.03185387
929609,0.031173736
929610,0.0108977575
929611,0.14986463
929612,0.03872335
929613,0.037198387
929614,0.034851104
929615,0.034163535
929616,0.016852813
929617,0.03320094
929618,0.043624055
929619,0.035040572
929620,0.0356535
929621,0.043756686
929622,0.08637093
929623,0.022993384
929624,0.063115865
929625,0.034601513
929626,0.02609474
929627,0.2559771
929628,0.12897603
929629,0.13576905
929630,0.11557486
929631,0.12829946
929632,0.12417779
929633,0.054081243
929634,0.033401437
929635,0.28767198
929636,0.25328892
929637,0.01984342
929638,0.11505916
929639,0.11404698
929640,0.11776984
929641,0.12407545
929642,0.13445337
929643,0.11604301
929644,0.020859206
929645,0.05092244
929646,0.04576562
929647,0.054458942
929648,0.4635598
929649,0.56684524
929650,0.5332724
929651,0.538882
929652,0.5318094
929653,0.58471084
929654,0.5349664
929655,0.5398936
929656,0.5290452
929657,0.43012688
929658,0.028790519
929659,0.6296309
929660,0.68587774
929661,0.71052456
929662,0.7325662
929663,0.7228759
929664,0.6022419
929665,0.7250171
929666,0.6147339
929667,0.69011176
929668,0.70547396
929669,0.64335626
929670,0.6134786
929671,0.7043578
929672,0.42173636
929673,0.29451117
929674,0.42346382
929675,0.24341984
929676,0.29349864
929677,0.16450627
929678,0.108179614
929679,0.13368249
929680,0.108513504
929681,0.16283034
929682,0.23277664
929683,0.099355094
929684,0.08414433
929685,0.06558121
929686,0.014571331
929687,0.04991554
929688,0.053877577
929689,0.060694955
929690,0.060460884
929691,0.07731168
929692,0.06651701
929693,0.09304436
929694,0.08155043
929695,0.09660785
929696,0.13527802
929697,0.051648155
929698,0.1853324
929699,0.13417947
929700,0.014000894
929701,0.029657422
929702,0.021503871
929703,0.029661663
929704,0.120689966
929705,0.106021844
929706,0.11657826
929707,0.109744675
929708,0.10775296
929709,0.2933468
929710,0.37337318
929711,0.3434972
929712,0.38947415
929713,0.34618738
929714,0.30767918
929715,0.01632768
929716,0.20895398
929717,0.11675091
929718,0.11888088
929719,0.118855536
929720,0.08753839
929721,0.097378016
929722,0.13696401
929723,0.15549989
929724,0.10558859
929725,0.10353869
929726,0.09005798
929727,0.06405341
929728,0.048709802
929729,0.46685928
929730,0.5094719
929731,0.7209355
929732,0.7034303
929733,0.6921042
929734,0.6358679
929735,0.6332292
929736,0.72715795
929737,0.72269213
929738,0.73615116
929739,0.67912006
929740,0.7145062
929741,0.719434
929742,0.7246289
929743,0.6914404
929744,0.6275565
929745,0.7386817
929746,0.6258123
929747,0.66090554
929748,0.73540515
929749,0.66270846
929750,0.7147288
929751,0.6880955
929752,0.7231514
929753,0.7514016
929754,0.56873554
929755,0.43016508
929756,0.09695975
929757,0.015452274
929758,0.053400017
929759,0.061210655
929760,0.06031894
929761,0.05502543
929762,0.050892003
929763,0.13293807
929764,0.06607727
929765,0.12276156
929766,0.055737164
929767,0.04527206
929768,0.067519024
929769,0.21189852
929770,0.18743527
929771,0.47125763
929772,0.4565549
929773,0.4988787
929774,0.4237336
929775,0.4117265
929776,0.43800136
929777,0.46664146
929778,0.43719557
929779,0.27899438
929780,0.019452317
929781,0.040847592
929782,0.036794603
929783,0.03290933
929784,0.03263094
929785,0.124346696
929786,0.9839663
929787,0.03141839
929788,0.014776478
929789,0.3160891
929790,0.27739584
929791,0.34102792
929792,0.2455708
929793,0.30943897
929794,0.3465375
929795,0.3933515
929796,0.39088315
929797,0.4205094
929798,0.40718132
929799,0.2473757
929800,0.11020288
929801,0.04309719
929802,0.02162094
929803,0.06841124
929804,0.06420152
929805,0.05721821
929806,0.050935864
929807,0.06501515
929808,0.99487585
929809,0.051751763
929810,0.11157107
929811,0.1308002
929812,0.06969433
929813,0.08173092
929814,0.052674938
929815,0.028490018
929816,0.07378434
929817,0.18713142
929818,0.311894
929819,0.15909497
929820,0.08421278
929821,0.1039084
929822,0.088347994
929823,0.08142927
929824,0.014071239
929825,0.032924995
929826,0.08672797
929827,0.3155744
929828,0.022478271
929829,0.097543925
929830,0.31903115
929831,0.052278478
929832,0.039347813
929833,0.03683427
929834,0.027581746
929835,0.028530082
929836,0.013584156
929837,0.13738626
929838,0.111211985
929839,0.13646166
929840,0.18931594
929841,0.009351918
929842,0.04517882
929843,0.029716741
929844,0.058453932
929845,0.02970876
929846,0.041653957
929847,0.04606921
929848,0.025731416
929849,0.084332794
929850,0.10517634
929851,0.067123644
929852,0.09591954
929853,0.09470625
929854,0.090477824
929855,0.07188261
929856,0.072248355
929857,0.08008487
929858,0.011417796
929859,0.016079493
929860,0.020088676
929861,0.02303323
929862,0.0144095
929863,0.01614732
929864,0.019349424
929865,0.47970757
929866,0.4817561
929867,0.5975622
929868,0.5703616
929869,0.4884883
929870,0.029463314
929871,0.09660207
929872,0.055108998
929873,0.13612153
929874,0.11211482
929875,0.21038775
929876,0.19282448
929877,0.13213207
929878,0.13024412
929879,0.014250278
929880,0.13551775
929881,0.17164
929882,0.1508993
929883,0.16162477
929884,0.1362286
929885,0.15556428
929886,0.17566195
929887,0.14357555
929888,0.011439291
929889,0.04025955
929890,0.026962938
929891,0.048259445
929892,0.067878366
929893,0.5289466
929894,0.54523164
929895,0.5992969
929896,0.5733728
929897,0.6375667
929898,0.4877166
929899,0.6199887
929900,0.63979226
929901,0.6185143
929902,0.60954064
929903,0.63269067
929904,0.6210151
929905,0.59397846
929906,0.42944506
929907,0.029469213
929908,0.07208959
929909,0.43039957
929910,0.049009025
929911,0.039680354
929912,0.048511345
929913,0.04180618
929914,0.18326667
929915,0.1063633
929916,0.009097826
929917,0.025096163
929918,0.030560639
929919,0.047286045
929920,0.029283527
929921,0.02037559
929922,0.08580097
929923,0.39293164
929924,0.1813185
929925,0.19900945
929926,0.1786519
929927,0.12106232
929928,0.03798027
929929,0.108572766
929930,0.09611719
929931,0.069686994
929932,0.11827239
929933,0.09612964
929934,0.01693243
929935,0.02255521
929936,0.022989934
929937,0.02271538
929938,0.033477135
929939,0.020833723
929940,0.04022315
929941,0.093410015
929942,0.013081474
929943,0.027097724
929944,0.08114036
929945,0.07130189
929946,0.06333133
929947,0.047511294
929948,0.08917568
929949,0.0586839
929950,0.04270849
929951,0.035205986
929952,0.03959305
929953,0.047440145
929954,0.048157487
929955,0.047711782
929956,0.050582528
929957,0.054860163
929958,0.026538616
929959,0.008780342
929960,0.0405121
929961,0.030240217
929962,0.02713779
929963,0.02910166
929964,0.026505703
929965,0.007923261
929966,0.02156266
929967,0.02241362
929968,0.023923023
929969,0.026447335
929970,0.023597686
929971,0.018240115
929972,0.012472092
929973,0.023492787
929974,0.030881248
929975,0.040289868
929976,0.024708983
929977,0.026224641
929978,0.025267286
929979,0.00826188
929980,0.026560595
929981,0.022739979
929982,0.023779513
929983,0.021577269
929984,0.02452047
929985,0.0223109
929986,0.023850322
929987,0.012349254
929988,0.025687998
929989,0.026939847
929990,0.027037455
929991,0.033453852
929992,0.022985186
929993,0.006841555
929994,0.018861433
929995,0.022898182
929996,0.027218409
929997,0.02938647
929998,0.019189578
929999,0.009967959
930000,0.022936208
930001,0.025371194
930002,0.026038673
930003,0.025568267
930004,0.023780577
930005,0.012144109
930006,0.016502813
930007,0.01757177
930008,0.034274023
930009,0.03117146
930010,0.026068354
930011,0.024117766
930012,0.27828774
930013,0.1958214
930014,0.21924579
930015,0.23435
930016,0.14454186
930017,0.010949089
930018,0.034234248
930019,0.034018237
930020,0.0415649
930021,0.036320563
930022,0.035750546
930023,0.03631982
930024,0.03542233
930025,0.008238977
930026,0.025215067
930027,0.026853701
930028,0.017830033
930029,0.025034841
930030,0.02866285
930031,0.02851945
930032,0.029134648
930033,0.17574638
930034,0.010005954
930035,0.038171016
930036,0.04907866
930037,0.051118772
930038,0.04125172
930039,0.0398713
930040,0.08045803
930041,0.06907344
930042,0.047651634
930043,0.02479172
930044,0.21816947
930045,0.25537497
930046,0.21632358
930047,0.15511833
930048,0.2865416
930049,0.27662882
930050,0.24656515
930051,0.3833823
930052,0.2543761
930053,0.442572
930054,0.01269943
930055,0.03944402
930056,0.045072697
930057,0.037841897
930058,0.08509138
930059,0.0430397
930060,0.010540662
930061,0.033744015
930062,0.0673413
930063,0.05186679
930064,0.023305656
930065,0.042939715
930066,0.056679722
930067,0.04909567
930068,0.04723039
930069,0.05630616
930070,0.046172272
930071,0.047505822
930072,0.042937424
930073,0.22439653
930074,0.20763353
930075,0.1888043
930076,0.29612783
930077,0.32890397
930078,0.39208895
930079,0.71657246
930080,0.41841924
930081,0.473176
930082,0.20252192
930083,0.6873528
930084,0.6369747
930085,0.62457705
930086,0.5164925
930087,0.64938337
930088,0.4647404
930089,0.49861345
930090,0.48336405
930091,0.5247657
930092,0.4001641
930093,0.4041119
930094,0.32486418
930095,0.04966804
930096,0.41971824
930097,0.377607
930098,0.23973216
930099,0.7100925
930100,0.7167452
930101,0.77609
930102,0.7960303
930103,0.74272704
930104,0.6926982
930105,0.78266704
930106,0.8096624
930107,0.8885729
930108,0.8363049
930109,0.8160088
930110,0.8403829
930111,0.8154396
930112,0.8099576
930113,0.806489
930114,0.89155436
930115,0.8316767
930116,0.8918443
930117,0.82770175
930118,0.8893766
930119,0.77845097
930120,0.74581045
930121,0.81884193
930122,0.77482563
930123,0.79306215
930124,0.83543026
930125,0.7971363
930126,0.7881442
930127,0.83858275
930128,0.8024843
930129,0.8213549
930130,0.8072323
930131,0.6937633
930132,0.7779175
930133,0.74976456
930134,0.72808146
930135,0.76875186
930136,0.77824247
930137,0.7712844
930138,0.66420895
930139,0.7930569
930140,0.59805596
930141,0.30642837
930142,0.14640391
930143,0.15310308
930144,0.1072564
930145,0.06620263
930146,0.16044922
930147,0.19757347
930148,0.2278871
930149,0.1989132
930150,0.17909251
930151,0.17153715
930152,0.1478557
930153,0.55803645
930154,0.6395826
930155,0.698194
930156,0.720519
930157,0.72179514
930158,0.7253376
930159,0.6833485
930160,0.726159
930161,0.71394
930162,0.72736275
930163,0.6507787
930164,0.62104326
930165,0.6781787
930166,0.7382853
930167,0.7167041
930168,0.67898536
930169,0.76131177
930170,0.6906327
930171,0.7433617
930172,0.5859946
930173,0.5356078
930174,0.2902931
930175,0.01604918
930176,0.05355119
930177,0.05248332
930178,0.044249862
930179,0.04452326
930180,0.046285428
930181,0.05417716
930182,0.04287138
930183,0.05579534
930184,0.04237738
930185,0.022765912
930186,0.06421329
930187,0.033706814
930188,0.077021286
930189,0.03978942
930190,0.04392952
930191,0.0581863
930192,0.05223748
930193,0.056531604
930194,0.056689836
930195,0.28900024
930196,0.42299208
930197,0.21179186
930198,0.29996082
930199,0.35757965
930200,0.23218644
930201,0.1533536
930202,0.115398034
930203,0.022163918
930204,0.07922822
930205,0.090731926
930206,0.07288088
930207,0.08119749
930208,0.082308546
930209,0.08994529
930210,0.06630637
930211,0.30090258
930212,0.20148885
930213,0.072632484
930214,0.0133555
930215,0.049497392
930216,0.06460836
930217,0.049696445
930218,0.057633072
930219,0.05173285
930220,0.06639626
930221,0.042114407
930222,0.4074029
930223,0.56311214
930224,0.40143248
930225,0.54678696
930226,0.43753663
930227,0.37561384
930228,0.5635285
930229,0.5915498
930230,0.59397537
930231,0.59402835
930232,0.6124909
930233,0.6058542
930234,0.49483293
930235,0.30742016
930236,0.35672274
930237,0.46141076
930238,0.4645919
930239,0.68150806
930240,0.7259652
930241,0.4163685
930242,0.013845837
930243,0.046561807
930244,0.052670937
930245,0.049828302
930246,0.052644107
930247,0.05196627
930248,0.046154324
930249,0.0431096
930250,0.043208007
930251,0.03599405
930252,0.094190165
930253,0.0786749
930254,0.17662635
930255,0.06971727
930256,0.061808966
930257,0.059792306
930258,0.07102942
930259,0.061624363
930260,0.14351241
930261,0.27019295
930262,0.18742347
930263,0.07361199
930264,0.54152787
930265,0.5637042
930266,0.4394427
930267,0.5658376
930268,0.62970096
930269,0.39880463
930270,0.40333351
930271,0.38693628
930272,0.013048917
930273,0.03518917
930274,0.032453433
930275,0.03334295
930276,0.039772965
930277,0.028911049
930278,0.03419903
930279,0.032811917
930280,0.013147286
930281,0.033530403
930282,0.031560186
930283,0.025751637
930284,0.038036585
930285,0.028422218
930286,0.009632065
930287,0.07008082
930288,0.06584776
930289,0.076863974
930290,0.09925029
930291,0.08902199
930292,0.08438196
930293,0.35736656
930294,0.18358386
930295,0.26429817
930296,0.33587575
930297,0.3651218
930298,0.18315364
930299,0.18906465
930300,0.35158622
930301,0.15738435
930302,0.20183598
930303,0.16979088
930304,0.01409534
930305,0.10900604
930306,0.09340383
930307,0.1067808
930308,0.068286866
930309,0.111095406
930310,0.018850928
930311,0.05936704
930312,0.14687768
930313,0.1261151
930314,0.04925037
930315,0.18033177
930316,0.08039019
930317,0.07281736
930318,0.06467248
930319,0.1925824
930320,0.052198786
930321,0.055873614
930322,0.106771946
930323,0.018165672
930324,0.08335563
930325,0.081640065
930326,0.0727306
930327,0.08560605
930328,0.12597068
930329,0.35223612
930330,0.39240882
930331,0.26740032
930332,0.046225823
930333,0.14954068
930334,0.25653434
930335,0.20544408
930336,0.2111779
930337,0.14449716
930338,0.21414706
930339,0.25978443
930340,0.22488958
930341,0.41976026
930342,0.29934046
930343,0.15088814
930344,0.1235007
930345,0.12589714
930346,0.12614852
930347,0.12560725
930348,0.12094076
930349,0.04215057
930350,0.10133296
930351,0.113341615
930352,0.12137389
930353,0.14996438
930354,0.11327256
930355,0.11694347
930356,0.06610476
930357,0.18714938
930358,0.18360251
930359,0.14563246
930360,0.12630452
930361,0.20200306
930362,0.18638362
930363,0.15360986
930364,0.15734904
930365,0.22987808
930366,0.26213446
930367,0.19275495
930368,0.21618956
930369,0.38848975
930370,0.25882584
930371,0.23688737
930372,0.04757156
930373,0.055695996
930374,0.059496913
930375,0.17632371
930376,0.05195926
930377,0.047692962
930378,0.050132077
930379,0.060363315
930380,0.063357696
930381,0.037685968
930382,0.6440972
930383,0.80353516
930384,0.88482815
930385,0.89985424
930386,0.9267086
930387,0.91902375
930388,0.93415517
930389,0.9372916
930390,0.94696593
930391,0.94596523
930392,0.93869287
930393,0.9316059
930394,0.9407776
930395,0.9418071
930396,0.9420776
930397,0.9386594
930398,0.93873274
930399,0.9422179
930400,0.9446164
930401,0.94308263
930402,0.9447049
930403,0.94793695
930404,0.937823
930405,0.9478747
930406,0.9282021
930407,0.947811
930408,0.93002367
930409,0.94697356
930410,0.95220554
930411,0.9418556
930412,0.9549396
930413,0.9499341
930414,0.9473
930415,0.9424963
930416,0.947585
930417,0.9485652
930418,0.951989
930419,0.94296414
930420,0.95177996
930421,0.9413502
930422,0.95103836
930423,0.95033693
930424,0.9453801
930425,0.94971657
930426,0.93828875
930427,0.9448544
930428,0.9401791
930429,0.9496675
930430,0.94789195
930431,0.9486754
930432,0.9422205
930433,0.95354164
930434,0.9409209
930435,0.94240415
930436,0.9565546
930437,0.944704
930438,0.96070266
930439,0.9543707
930440,0.9527004
930441,0.95628124
930442,0.94659793
930443,0.9445101
930444,0.94266194
930445,0.9492937
930446,0.94341475
930447,0.9439007
930448,0.93383
930449,0.9391425
930450,0.9439007
930451,0.9528982
930452,0.95688957
930453,0.94912094
930454,0.9364443
930455,0.9425393
930456,0.9440524
930457,0.9477289
930458,0.94561946
930459,0.9383161
930460,0.9413025
930461,0.94736314
930462,0.9451696
930463,0.95034105
930464,0.941407
930465,0.94812787
930466,0.9454338
930467,0.93967885
930468,0.94430935
930469,0.954384
930470,0.94873077
930471,0.9446957
930472,0.9522741
930473,0.9500921
930474,0.95179456
930475,0.95169574
930476,0.95179456
930477,0.9500092
930478,0.9500921
930479,0.92534727
930480,0.9310249
930481,0.925199
930482,0.93774635
930483,0.9398733
930484,0.92987955
930485,0.9307342
930486,0.92179304
930487,0.90851223
930488,0.9315974
930489,0.9319114
930490,0.9403786
930491,0.9424333
930492,0.93970287
930493,0.9323691
930494,0.9207733
930495,0.93279594
930496,0.9398893
930497,0.93742114
930498,0.8249492
930499,0.010427304
930500,0.032275997
930501,0.02950093
930502,0.030874548
930503,0.032172296
930504,0.032944564
930505,0.036466297
930506,0.031775195
930507,0.020819196
930508,0.36775565
930509,0.7857519
930510,0.83912414
930511,0.8788174
930512,0.8285412
930513,0.8871734
930514,0.88995534
930515,0.88091236
930516,0.9031778
930517,0.89223075
930518,0.8778158
930519,0.911214
930520,0.90159786
930521,0.8916031
930522,0.90932363
930523,0.8796013
930524,0.908318
930525,0.9082208
930526,0.9021752
930527,0.9053767
930528,0.9137159
930529,0.8929928
930530,0.91630805
930531,0.9003793
930532,0.9159957
930533,0.90070754
930534,0.90175223
930535,0.90768117
930536,0.9162141
930537,0.9045048
930538,0.9042128
930539,0.8975007
930540,0.89896023
930541,0.8881147
930542,0.90074116
930543,0.86146575
930544,0.8705201
930545,0.8533127
930546,0.87782454
930547,0.87128335
930548,0.8629365
930549,0.8206958
930550,0.878911
930551,0.87922627
930552,0.8938183
930553,0.8588195
930554,0.87956023
930555,0.8151591
930556,0.9068915
930557,0.74745625
930558,0.0909272
930559,0.094835624
930560,0.09594164
930561,0.08475811
930562,0.084902614
930563,0.083345
930564,0.08104759
930565,0.07357847
930566,0.013574626
930567,0.06829004
930568,0.058038577
930569,0.068186775
930570,0.05921439
930571,0.074153975
930572,0.1197184
930573,0.5001377
930574,0.72763145
930575,0.6087133
930576,0.7329832
930577,0.74309134
930578,0.7747314
930579,0.72932523
930580,0.72142184
930581,0.71832156
930582,0.61833215
930583,0.7419588
930584,0.7438272
930585,0.69492495
930586,0.6905419
930587,0.7418556
930588,0.7769081
930589,0.74677
930590,0.75400037
930591,0.7351375
930592,0.6440389
930593,0.71682614
930594,0.73696184
930595,0.71491706
930596,0.6249977
930597,0.45540628
930598,0.020247368
930599,0.062204644
930600,0.06293062
930601,0.07461462
930602,0.2493122
930603,0.07107751
930604,0.0695185
930605,0.06656836
930606,0.19023429
930607,0.14528179
930608,0.22282442
930609,0.07868807
930610,0.12229304
930611,0.12335979
930612,0.08914683
930613,0.06679027
930614,0.04155232
930615,0.042305578
930616,0.18764059
930617,0.35654977
930618,0.18171695
930619,0.16172564
930620,0.19773388
930621,0.19851899
930622,0.1260618
930623,0.2083255
930624,0.15899846
930625,0.17166644
930626,0.13911462
930627,0.13912301
930628,0.14506395
930629,0.15967023
930630,0.11440918
930631,0.019161476
930632,0.060540237
930633,0.049291853
930634,0.019522853
930635,0.04633984
930636,0.041107275
930637,0.033758726
930638,0.04257708
930639,0.032749478
930640,0.028584912
930641,0.015341092
930642,0.03832349
930643,0.04632169
930644,0.054294445
930645,0.048667446
930646,0.032899193
930647,0.17892633
930648,0.09471251
930649,0.02422274
930650,0.06715234
930651,0.082734644
930652,0.083387196
930653,0.21665409
930654,0.034229748
930655,0.079726994
930656,0.052973207
930657,0.035339266
930658,0.31080723
930659,0.34580973
930660,0.3673479
930661,0.2598536
930662,0.37668595
930663,0.34947425
930664,0.33039886
930665,0.35769808
930666,0.345801
930667,0.33779952
930668,0.09025042
930669,0.097703375
930670,0.08010609
930671,0.14169373
930672,0.15295398
930673,0.18605115
930674,0.14165655
930675,0.14054537
930676,0.15294003
930677,0.06590506
930678,0.045335043
930679,0.055695303
930680,0.06227958
930681,0.05571829
930682,0.07106791
930683,0.049460433
930684,0.06906651
930685,0.044866566
930686,0.008554573
930687,0.026324011
930688,0.020908587
930689,0.021528322
930690,0.02126556
930691,0.021576185
930692,0.15272397
930693,0.2580524
930694,0.008979384
930695,0.026799256
930696,0.022718837
930697,0.02691798
930698,0.030189676
930699,0.02650013
930700,0.024009991
930701,0.028500233
930702,0.015204849
930703,0.033842977
930704,0.031141361
930705,0.033215124
930706,0.037133195
930707,0.0312662
930708,0.050397318
930709,0.029059447
930710,0.9738138
930711,0.03489919
930712,0.033043027
930713,0.02351117
930714,0.01413041
930715,0.033110708
930716,0.03182953
930717,0.026754236
930718,0.02350573
930719,0.026502527
930720,0.026862673
930721,0.024065478
930722,0.007254679
930723,0.020325396
930724,0.025598215
930725,0.04296439
930726,0.018914798
930727,0.013822495
930728,0.024629973
930729,0.05771806
930730,0.25561598
930731,0.08246781
930732,0.12013971
930733,0.08983448
930734,0.08337095
930735,0.118101105
930736,0.12369497
930737,0.17377257
930738,0.08419542
930739,0.012746599
930740,0.06885433
930741,0.06603214
930742,0.072697386
930743,0.101281255
930744,0.01241396
930745,0.02927802
930746,0.027175268
930747,0.046616685
930748,0.031002985
930749,0.027797021
930750,0.026429616
930751,0.022584006
930752,0.02234445
930753,0.011631623
930754,0.03541753
930755,0.03570955
930756,0.03378763
930757,0.034313962
930758,0.01182725
930759,0.023493245
930760,0.01859351
930761,0.020643266
930762,0.021106863
930763,0.020343669
930764,0.022749422
930765,0.010932821
930766,0.028428769
930767,0.033701852
930768,0.03295243
930769,0.028890647
930770,0.040631644
930771,0.029408047
930772,0.011447792
930773,0.021639245
930774,0.02245965
930775,0.022949079
930776,0.02684261
930777,0.026364973
930778,0.022761246
930779,0.014546518
930780,0.051702376
930781,0.059398126
930782,0.009963527
930783,0.086011104
930784,0.07298198
930785,0.12610413
930786,0.22300358
930787,0.24356674
930788,0.2031115
930789,0.2770851
930790,0.25245473
930791,0.16376528
930792,0.047498476
930793,0.12829812
930794,0.14348312
930795,0.22161153
930796,0.0990168
930797,0.10105052
930798,0.24933738
930799,0.08359514
930800,0.0840067
930801,0.13702838
930802,0.24689956
930803,0.1474792
930804,0.13472591
930805,0.11598096
930806,0.22887792
930807,0.13494907
930808,0.08405063
930809,0.37528053
930810,0.41977134
930811,0.38660836
930812,0.54350394
930813,0.51870304
930814,0.47603732
930815,0.01131998
930816,0.028074568
930817,0.049999334
930818,0.028614148
930819,0.05207347
930820,0.030134168
930821,0.04238861
930822,0.025011163
930823,0.036210667
930824,0.38378927
930825,0.62532824
930826,0.57543874
930827,0.6945449
930828,0.64727783
930829,0.6112095
930830,0.6782463
930831,0.75094223
930832,0.74479395
930833,0.787634
930834,0.65838444
930835,0.72052324
930836,0.6834821
930837,0.7671325
930838,0.7034953
930839,0.65589046
930840,0.66398877
930841,0.71730167
930842,0.6201227
930843,0.7139325
930844,0.76328117
930845,0.70046467
930846,0.5256932
930847,0.23768212
930848,0.010310076
930849,0.025757257
930850,0.026998965
930851,0.02686619
930852,0.030753035
930853,0.029994793
930854,0.027146095
930855,0.024810709
930856,0.048289195
930857,0.5543268
930858,0.66506106
930859,0.69308573
930860,0.62007225
930861,0.63196665
930862,0.6616793
930863,0.7661813
930864,0.7051925
930865,0.7169324
930866,0.51845574
930867,0.63298094
930868,0.5240356
930869,0.62621534
930870,0.62863487
930871,0.6309698
930872,0.6945126
930873,0.61898506
930874,0.63567597
930875,0.61278987
930876,0.4436067
930877,0.028003795
930878,0.16897364
930879,0.1748461
930880,0.096128374
930881,0.18042895
930882,0.38439137
930883,0.20617971
930884,0.14005706
930885,0.175863
930886,0.12608685
930887,0.115241185
930888,0.1192429
930889,0.07494721
930890,0.6231778
930891,0.6256553
930892,0.59551984
930893,0.48593643
930894,0.6480379
930895,0.5470185
930896,0.6736508
930897,0.44991028
930898,0.4344458
930899,0.5099345
930900,0.60832685
930901,0.6331982
930902,0.6071662
930903,0.626553
930904,0.540879
930905,0.6508864
930906,0.5520301
930907,0.6007181
930908,0.46389794
930909,0.022510013
930910,0.24368091
930911,0.40617466
930912,0.33623695
930913,0.42452496
930914,0.32721472
930915,0.32530165
930916,0.34627756
930917,0.45573422
930918,0.5437675
930919,0.53664833
930920,0.13853867
930921,0.25544953
930922,0.16356234
930923,0.38580173
930924,0.22242586
930925,0.24977703
930926,0.122475594
930927,0.47449508
930928,0.42318934
930929,0.4952299
930930,0.34084925
930931,0.39216128
930932,0.41526064
930933,0.38258407
930934,0.01984163
930935,0.123068966
930936,0.11173076
930937,0.10209422
930938,0.04672158
930939,0.044723146
930940,0.095013626
930941,0.04417525
930942,0.117737256
930943,0.10296986
930944,0.07270848
930945,0.06609298
930946,0.05778925
930947,0.061413743
930948,0.06142252
930949,0.068626314
930950,0.0701779
930951,0.053750146
930952,0.012340145
930953,0.030050937
930954,0.01754392
930955,0.017202301
930956,0.031522904
930957,0.020960733
930958,0.016450591
930959,0.021544198
930960,0.018941175
930961,0.010421313
930962,0.036763858
930963,0.039157253
930964,0.035952255
930965,0.038917135
930966,0.0435011
930967,0.036946043
930968,0.038259752
930969,0.1470095
930970,0.30475336
930971,0.14593185
930972,0.123757295
930973,0.120025426
930974,0.14777268
930975,0.07143452
930976,0.010068923
930977,0.039299913
930978,0.018403692
930979,0.04862342
930980,0.027526153
930981,0.016317718
930982,0.022167241
930983,0.024171513
930984,0.013839705
930985,0.010979676
930986,0.054850373
930987,0.056678638
930988,0.05322608
930989,0.05957852
930990,0.056521542
930991,0.06620275
930992,0.017237801
930993,0.067496166
930994,0.047559753
930995,0.04771575
930996,0.069372825
930997,0.045816686
930998,0.049607962
930999,0.045369923
931000,0.04840691
931001,0.04721668
931002,0.037734255
931003,0.008778893
931004,0.029728552
931005,0.016558852
931006,0.021784194
931007,0.023797233
931008,0.02571166
931009,0.023871768
931010,0.021831209
931011,0.077946804
931012,0.010183275
931013,0.025562162
931014,0.02852496
931015,0.022043116
931016,0.0238567
931017,0.021526614
931018,0.014282089
931019,0.033090524
931020,0.029704219
931021,0.033735894
931022,0.035771992
931023,0.033465944
931024,0.05847016
931025,0.020449217
931026,0.07252839
931027,0.07241193
931028,0.10996919
931029,0.07611638
931030,0.09851843
931031,0.011240002
931032,0.020000124
931033,0.028256997
931034,0.034868192
931035,0.040023517
931036,0.027512934
931037,0.025121573
931038,0.02748321
931039,0.021648105
931040,0.029326783
931041,0.08807215
931042,0.13037094
931043,0.08507564
931044,0.09201888
931045,0.0988095
931046,0.16526067
931047,0.15855871
931048,0.12328311
931049,0.13152526
931050,0.00899251
931051,0.025364503
931052,0.021947844
931053,0.019557705
931054,0.020250192
931055,0.020706557
931056,0.021781573
931057,0.07241366
931058,0.3943428
931059,0.2406528
931060,0.40199926
931061,0.27502686
931062,0.2200835
931063,0.19323108
931064,0.23519886
931065,0.025665216
931066,0.040970895
931067,0.039309446
931068,0.040539697
931069,0.038146675
931070,0.03946743
931071,0.51999575
931072,0.70867354
931073,0.77488714
931074,0.8005147
931075,0.8379412
931076,0.83772
931077,0.8678461
931078,0.8563168
931079,0.84059733
931080,0.8525617
931081,0.8083313
931082,0.84446305
931083,0.7831107
931084,0.815899
931085,0.8233968
931086,0.8486299
931087,0.8162646
931088,0.81316054
931089,0.83620185
931090,0.81792444
931091,0.8107058
931092,0.82937247
931093,0.8579921
931094,0.8703134
931095,0.87645733
931096,0.87317973
931097,0.87452936
931098,0.8408296
931099,0.44364178
931100,0.018757384
931101,0.058369722
931102,0.05047822
931103,0.047167193
931104,0.046529494
931105,0.04621717
931106,0.04411892
931107,0.02956749
931108,0.012415533
931109,0.028556788
931110,0.026071368
931111,0.032864083
931112,0.05153913
931113,0.0307096
931114,0.030076444
931115,0.1638565
931116,0.02274435
931117,0.030578203
931118,0.031481173
931119,0.033601232
931120,0.030128714
931121,0.030298695
931122,0.023386274
931123,0.053917628
931124,0.059135847
931125,0.05654839
931126,0.056823753
931127,0.11827425
931128,0.033391025
931129,0.037210427
931130,0.3230788
931131,0.35318264
931132,0.3364278
931133,0.29975072
931134,0.22935691
931135,0.26366147
931136,0.3942445
931137,0.44396055
931138,0.5089312
931139,0.22255965
931140,0.011389519
931141,0.043340087
931142,0.034013867
931143,0.03585315
931144,0.028673304
931145,0.021893492
931146,0.030524196
931147,0.031366214
931148,0.030596444
931149,0.16559802
931150,0.011484755
931151,0.03022855
931152,0.029611753
931153,0.029712437
931154,0.041710243
931155,0.05172313
931156,0.03831172
931157,0.031602465
931158,0.48047924
931159,0.69920164
931160,0.69330937
931161,0.65244144
931162,0.77816445
931163,0.62870234
931164,0.65918165
931165,0.75271064
931166,0.7095736
931167,0.6400067
931168,0.6415342
931169,0.74459976
931170,0.6865713
931171,0.6097586
931172,0.4977112
931173,0.032036483
931174,0.042008717
931175,0.029024333
931176,0.02369251
931177,0.0485348
931178,0.054186508
931179,0.052017353
931180,0.041694302
931181,0.030754749
931182,0.029201495
931183,0.04065445
931184,0.02753251
931185,0.03139044
931186,0.00562869
931187,0.04749259
931188,0.045852736
931189,0.026515923
931190,0.020468876
931191,0.037596773
931192,0.011433457
931193,0.01778982
931194,0.02510048
931195,0.02236795
931196,0.016840816
931197,0.016149009
931198,0.010437563
931199,0.030586403
931200,0.026760083
931201,0.02133161
931202,0.02196117
931203,0.02495535
931204,0.29574713
931205,0.18641761
931206,0.09199432
931207,0.019766789
931208,0.033284113
931209,0.018852953
931210,0.048165444
931211,0.036998183
931212,0.023404801
931213,0.041565962
931214,0.15907486
931215,0.011814613
931216,0.042683776
931217,0.052579947
931218,0.124695614
931219,0.18591867
931220,0.45212656
931221,0.3003314
931222,0.41865706
931223,0.5543499
931224,0.6353742
931225,0.6717379
931226,0.67268336
931227,0.59796953
931228,0.5726035
931229,0.5864646
931230,0.55618215
931231,0.62306327
931232,0.57049954
931233,0.5463954
931234,0.41039225
931235,0.58888197
931236,0.60649025
931237,0.24653675
931238,0.03478178
931239,0.116935894
931240,0.11300673
931241,0.09649107
931242,0.23215602
931243,0.07361969
931244,0.057165068
931245,0.061635
931246,0.05291862
931247,0.052752297
931248,0.29048416
931249,0.3199584
931250,0.26976302
931251,0.29341263
931252,0.23985209
931253,0.17388637
931254,0.012326175
931255,0.07707341
931256,0.064031646
931257,0.13367666
931258,0.037907545
931259,0.03682289
931260,0.04076219
931261,0.042636182
931262,0.008439778
931263,0.05283517
931264,0.042867817
931265,0.038574707
931266,0.055383626
931267,0.23692842
931268,0.019198963
931269,0.05631997
931270,0.045151047
931271,0.048917986
931272,0.04442304
931273,0.035408817
931274,0.014399833
931275,0.03829952
931276,0.04891811
931277,0.04991257
931278,0.03429855
931279,0.04006188
931280,0.013776246
931281,0.096189834
931282,0.08398603
931283,0.07492464
931284,0.078107014
931285,0.17879102
931286,0.27017576
931287,0.20207639
931288,0.038166694
931289,0.27137354
931290,0.3982058
931291,0.21452153
931292,0.385386
931293,0.29353434
931294,0.31731793
931295,0.24430531
931296,0.24666068
931297,0.40580764
931298,0.40455046
931299,0.27021208
931300,0.45298293
931301,0.26523083
931302,0.19221942
931303,0.031875495
931304,0.2166964
931305,0.18661763
931306,0.2611252
931307,0.20228596
931308,0.1479535
931309,0.16969825
931310,0.17681684
931311,0.14676465
931312,0.12803376
931313,0.12699634
931314,0.1333757
931315,0.100262865
931316,0.073837735
931317,0.009003058
931318,0.02846619
931319,0.025966376
931320,0.026445331
931321,0.023638865
931322,0.029109199
931323,0.029165778
931324,0.020094784
931325,0.2199394
931326,0.40509138
931327,0.14518204
931328,0.2825177
931329,0.15901934
931330,0.4039345
931331,0.46965298
931332,0.5031553
931333,0.45436478
931334,0.44141462
931335,0.56244755
931336,0.5117105
931337,0.2672826
931338,0.47577706
931339,0.4542457
931340,0.4644033
931341,0.37414166
931342,0.22323199
931343,0.013436109
931344,0.029576944
931345,0.025147779
931346,0.017573565
931347,0.019422999
931348,0.028015446
931349,0.022331527
931350,0.024595624
931351,0.026448846
931352,0.020771192
931353,0.14667943
931354,0.1590448
931355,0.17208694
931356,0.15059203
931357,0.11894686
931358,0.40461966
931359,0.009068414
931360,0.019724825
931361,0.020394735
931362,0.018112428
931363,0.019759059
931364,0.016094891
931365,0.016493937
931366,0.10815516
931367,0.200094
931368,0.1685106
931369,0.18135174
931370,0.13767888
931371,0.009585453
931372,0.022313574
931373,0.023126189
931374,0.02421517
931375,0.021493752
931376,0.020319464
931377,0.023739962
931378,0.020946598
931379,0.23072177
931380,0.12874992
931381,0.1207079
931382,0.13688944
931383,0.1029462
931384,0.07986616
931385,0.270677
931386,0.008868068
931387,0.019160539
931388,0.02921434
931389,0.018136151
931390,0.025730269
931391,0.024097875
931392,0.020586358
931393,0.10180135
931394,0.009447247
931395,0.021551346
931396,0.022018187
931397,0.020772599
931398,0.021952933
931399,0.023667492
931400,0.023919731
931401,0.033633012
931402,0.01092967
931403,0.021117793
931404,0.021636162
931405,0.030154467
931406,0.036621135
931407,0.043587916
931408,0.029592816
931409,0.028289415
931410,0.025283005
931411,0.009108707
931412,0.021207718
931413,0.024546208
931414,0.022159701
931415,0.02169289
931416,0.018703857
931417,0.1820793
931418,0.01607447
931419,0.03725133
931420,0.03806574
931421,0.031763118
931422,0.037904482
931423,0.039418317
931424,0.026762562
931425,0.0125674745
931426,0.08467214
931427,0.07459955
931428,0.08159082
931429,0.08312916
931430,0.15120688
931431,0.10659352
931432,0.16943675
931433,0.13352545
931434,0.09330845
931435,0.102512114
931436,0.20431916
931437,0.094230436
931438,0.10070383
931439,0.118147835
931440,0.064950295
931441,0.012306813
931442,0.05421588
931443,0.07159495
931444,0.063231535
931445,0.05901834
931446,0.05308249
931447,0.74134564
931448,0.79018366
931449,0.71886843
931450,0.92063266
931451,0.89982975
931452,0.9140421
931453,0.92453545
931454,0.9292805
931455,0.9182358
931456,0.9367395
931457,0.93533695
931458,0.95269674
931459,0.96411186
931460,0.9562832
931461,0.95792174
931462,0.9543104
931463,0.9301595
931464,0.9311404
931465,0.92581064
931466,0.9095782
931467,0.885431
931468,0.9302286
931469,0.94132495
931470,0.927615
931471,0.93055326
931472,0.9399282
931473,0.91994554
931474,0.9228109
931475,0.935402
931476,0.9351897
931477,0.9170442
931478,0.9277935
931479,0.9148891
931480,0.93074846
931481,0.9423775
931482,0.92282087
931483,0.9380432
931484,0.9182377
931485,0.93658096
931486,0.92191684
931487,0.9322165
931488,0.91359824
931489,0.9286429
931490,0.91784304
931491,0.9178806
931492,0.934683
931493,0.930551
931494,0.89327574
931495,0.9380063
931496,0.92747307
931497,0.918433
931498,0.91315687
931499,0.9187705
931500,0.9216727
931501,0.93310237
931502,0.9462941
931503,0.9345604
931504,0.924895
931505,0.91985685
931506,0.929701
931507,0.92947257
931508,0.9223003
931509,0.90564173
931510,0.9006293
931511,0.9139441
931512,0.9258933
931513,0.91742724
931514,0.91901326
931515,0.90673316
931516,0.91802645
931517,0.9116532
931518,0.9252544
931519,0.918674
931520,0.9049315
931521,0.93593043
931522,0.9163473
931523,0.9050864
931524,0.92424524
931525,0.85574865
931526,0.928489
931527,0.9201791
931528,0.905664
931529,0.9172499
931530,0.9285567
931531,0.8797073
931532,0.9129765
931533,0.88343996
931534,0.939467
931535,0.91269827
931536,0.9187965
931537,0.93825746
931538,0.9021206
931539,0.9340308
931540,0.9172197
931541,0.9029717
931542,0.92010266
931543,0.93326294
931544,0.8804828
931545,0.8744711
931546,0.87357146
931547,0.8654385
931548,0.88577366
931549,0.9061261
931550,0.8970927
931551,0.8923623
931552,0.9045034
931553,0.90166956
931554,0.8846669
931555,0.90463763
931556,0.86775595
931557,0.8966644
931558,0.8953586
931559,0.8825924
931560,0.8892148
931561,0.86887646
931562,0.8845694
931563,0.8832099
931564,0.8757625
931565,0.8708552
931566,0.73124534
931567,0.22998336
931568,0.13950275
931569,0.10002897
931570,0.19241887
931571,0.023426816
931572,0.074423194
931573,0.06422848
931574,0.062237136
931575,0.060543366
931576,0.08376137
931577,0.058653746
931578,0.079612516
931579,0.069279484
931580,0.32066935
931581,0.20388788
931582,0.014891687
931583,0.17911673
931584,0.09104589
931585,0.16647932
931586,0.15763392
931587,0.1401106
931588,0.10668378
931589,0.18933764
931590,0.16242296
931591,0.12806353
931592,0.16603245
931593,0.2758192
931594,0.3229696
931595,0.2735511
931596,0.31005883
931597,0.30504143
931598,0.21800537
931599,0.014915832
931600,0.060215868
931601,0.061476853
931602,0.046243403
931603,0.050175305
931604,0.062699266
931605,0.070054755
931606,0.06845735
931607,0.057353854
931608,0.059267983
931609,0.33333966
931610,0.027892746
931611,0.116839595
931612,0.24687198
931613,0.29581043
931614,0.23904982
931615,0.41323575
931616,0.4222305
931617,0.31855896
931618,0.2924058
931619,0.31453922
931620,0.24295007
931621,0.1677471
931622,0.30284363
931623,0.21578705
931624,0.2684632
931625,0.25970802
931626,0.2615046
931627,0.36944553
931628,0.15723814
931629,0.1452252
931630,0.51864743
931631,0.67641646
931632,0.4417004
931633,0.6757081
931634,0.544853
931635,0.57033265
931636,0.36132577
931637,0.31274056
931638,0.43024927
931639,0.4328145
931640,0.24626404
931641,0.24475548
931642,0.29726258
931643,0.012541187
931644,0.054676343
931645,0.04488441
931646,0.06240812
931647,0.05102691
931648,0.054474767
931649,0.056118146
931650,0.051244013
931651,0.030272134
931652,0.3823105
931653,0.3810247
931654,0.3919089
931655,0.5752589
931656,0.43550926
931657,0.64767075
931658,0.60237944
931659,0.47225517
931660,0.60026026
931661,0.6097417
931662,0.52246904
931663,0.56887734
931664,0.24402672
931665,0.03133391
931666,0.20438734
931667,0.044012267
931668,0.036096275
931669,0.1569861
931670,0.3441236
931671,0.26740536
931672,0.2963794
931673,0.35780323
931674,0.30421123
931675,0.15756036
931676,0.02251038
931677,0.15171193
931678,0.22317086
931679,0.28882042
931680,0.1551784
931681,0.23439811
931682,0.1919838
931683,0.15086979
931684,0.14966357
931685,0.3094492
931686,0.124173805
931687,0.01795695
931688,0.17053804
931689,0.14901865
931690,0.016472448
931691,0.07873108
931692,0.08991758
931693,0.08671933
931694,0.09176801
931695,0.11007679
931696,0.3609566
931697,0.5600083
931698,0.6110575
931699,0.54860324
931700,0.5958128
931701,0.5678705
931702,0.6204694
931703,0.6461842
931704,0.5519554
931705,0.5569063
931706,0.5854286
931707,0.56991166
931708,0.4274633
931709,0.09873111
931710,0.09995061
931711,0.12951647
931712,0.53289527
931713,0.6203984
931714,0.5600895
931715,0.57318324
931716,0.54462326
931717,0.5429839
931718,0.5796346
931719,0.56356853
931720,0.7165638
931721,0.62156373
931722,0.7438032
931723,0.65799516
931724,0.6524464
931725,0.6615269
931726,0.39360917
931727,0.048626762
931728,0.40951738
931729,0.29308748
931730,0.279975
931731,0.3910317
931732,0.40812418
931733,0.45259288
931734,0.23562153
931735,0.034125794
931736,0.032807574
931737,0.05870375
931738,0.05943995
931739,0.013909349
931740,0.019334415
931741,0.020805772
931742,0.013797311
931743,0.04264678
931744,0.016838219
931745,0.016359951
931746,0.021618893
931747,0.012759338
931748,0.02821654
931749,0.03193445
931750,0.05650284
931751,0.06239436
931752,0.06875537
931753,0.01888156
931754,0.045497272
931755,0.039580412
931756,0.04113293
931757,0.037266355
931758,0.056527533
931759,0.04503628
931760,0.09451289
931761,0.014947374
931762,0.050564487
931763,0.10394596
931764,0.03149248
931765,0.02654293
931766,0.017062128
931767,0.036777016
931768,0.026453774
931769,0.16109954
931770,0.29421052
931771,0.14146896
931772,0.09589403
931773,0.2640223
931774,0.39367756
931775,0.22200458
931776,0.21757406
931777,0.20869948
931778,0.019721912
931779,0.07322654
931780,0.08313228
931781,0.111872196
931782,0.38660586
931783,0.21036008
931784,0.14382769
931785,0.14106783
931786,0.13984697
931787,0.15493947
931788,0.1247931
931789,0.08212125
931790,0.4272264
931791,0.62506586
931792,0.6839202
931793,0.57504064
931794,0.4566901
931795,0.5935515
931796,0.639827
931797,0.73026794
931798,0.66274166
931799,0.6443501
931800,0.69279844
931801,0.64248025
931802,0.6612462
931803,0.6305621
931804,0.73072165
931805,0.6696946
931806,0.70990354
931807,0.6969578
931808,0.4954275
931809,0.14733833
931810,0.14510493
931811,0.25351503
931812,0.19561626
931813,0.1961494
931814,0.18610415
931815,0.19647318
931816,0.010841099
931817,0.027839074
931818,0.033934295
931819,0.029157538
931820,0.030374385
931821,0.029348299
931822,0.034164723
931823,0.025068691
931824,0.34260958
931825,0.6872489
931826,0.6846809
931827,0.79834706
931828,0.8187687
931829,0.8256156
931830,0.80139357
931831,0.8237224
931832,0.8264947
931833,0.8214896
931834,0.82724106
931835,0.8677191
931836,0.8136272
931837,0.815801
931838,0.87504643
931839,0.8393658
931840,0.8338708
931841,0.9160493
931842,0.85088515
931843,0.86684877
931844,0.89045095
931845,0.8445422
931846,0.85697407
931847,0.8703025
931848,0.8250808
931849,0.87518525
931850,0.83915466
931851,0.84718984
931852,0.8236247
931853,0.85175836
931854,0.8504998
931855,0.85567003
931856,0.8148803
931857,0.8097212
931858,0.8127766
931859,0.78496104
931860,0.77064675
931861,0.7337609
931862,0.8167493
931863,0.7998839
931864,0.74995065
931865,0.76005894
931866,0.75793725
931867,0.763451
931868,0.33774588
931869,0.22512142
931870,0.0100318
931871,0.028410466
931872,0.02697125
931873,0.0261024
931874,0.022601131
931875,0.028128216
931876,0.02719264
931877,0.028562656
931878,0.060312953
931879,0.1446361
931880,0.11925846
931881,0.06721117
931882,0.08830042
931883,0.09392285
931884,0.09638933
931885,0.071103424
931886,0.093215704
931887,0.09227323
931888,0.009691108
931889,0.026490979
931890,0.029652169
931891,0.025733266
931892,0.025424857
931893,0.029345931
931894,0.023132982
931895,0.044635117
931896,0.066186845
931897,0.012845474
931898,0.03100901
931899,0.035115242
931900,0.030161021
931901,0.024951946
931902,0.024206592
931903,0.02657833
931904,0.02051304
931905,0.06942621
931906,0.07310401
931907,0.057652213
931908,0.069348216
931909,0.05051057
931910,0.05883965
931911,0.052761786
931912,0.07592612
931913,0.012956018
931914,0.07175616
931915,0.026542183
931916,0.055542473
931917,0.119906075
931918,0.059757728
931919,0.024460383
931920,0.022781858
931921,0.09336026
931922,0.05894992
931923,0.20270947
931924,0.020354025
931925,0.046387
931926,0.06305361
931927,0.057137832
931928,0.067392305
931929,0.05603124
931930,0.07203058
931931,0.060640156
931932,0.057065163
931933,0.06503283
931934,0.0144208735
931935,0.0699906
931936,0.07069274
931937,0.07878279
931938,0.09335456
931939,0.096744284
931940,0.3620174
931941,0.3890227
931942,0.37640187
931943,0.40867642
931944,0.45167658
931945,0.38487405
931946,0.1567418
931947,0.020033775
931948,0.07721592
931949,0.063959084
931950,0.055424176
931951,0.092580065
931952,0.05216057
931953,0.06440044
931954,0.072170086
931955,0.05850869
931956,0.059833072
931957,0.057953756
931958,0.01538107
931959,0.09094965
931960,0.08858794
931961,0.09316567
931962,0.14460407
931963,0.0959822
931964,0.09686184
931965,0.37802222
931966,0.1770242
931967,0.23088734
931968,0.108994834
931969,0.1074562
931970,0.2243131
931971,0.11482268
931972,0.04030772
931973,0.11248218
931974,0.20469841
931975,0.16935594
931976,0.1075385
931977,0.11285369
931978,0.10980571
931979,0.17245187
931980,0.1521401
931981,0.109280474
931982,0.12064507
931983,0.22662711
931984,0.21216722
931985,0.09103032
931986,0.044447914
931987,0.12165099
931988,0.1930251
931989,0.20359161
931990,0.1317362
931991,0.4968559
931992,0.3971732
931993,0.44871166
931994,0.20065771
931995,0.4603411
931996,0.18931961
931997,0.28101897
931998,0.5203508
931999,0.31617004
932000,0.52499676
932001,0.1852863
932002,0.38365483
932003,0.052625086
932004,0.13870679
932005,0.23511392
932006,0.14385019
932007,0.05988662
932008,0.0520111
932009,0.31271508
932010,0.1657093
932011,0.11392956
932012,0.2862908
932013,0.37648323
932014,0.11296482
932015,0.24156708
932016,0.29565355
932017,0.17999952
932018,0.35455805
932019,0.27922297
932020,0.28266335
932021,0.28602213
932022,0.29930323
932023,0.2954689
932024,0.24977835
932025,0.25493369
932026,0.21132524
932027,0.4330571
932028,0.5345906
932029,0.6213599
932030,0.6487902
932031,0.6655017
932032,0.66052616
932033,0.5621386
932034,0.6839045
932035,0.49942797
932036,0.635171
932037,0.5132528
932038,0.51733935
932039,0.4346654
932040,0.58686537
932041,0.5788714
932042,0.030689767
932043,0.10212807
932044,0.096568815
932045,0.5814935
932046,0.531132
932047,0.60218424
932048,0.657222
932049,0.5563184
932050,0.5400104
932051,0.5855456
932052,0.5668928
932053,0.51156414
932054,0.45939663
932055,0.48996985
932056,0.49224356
932057,0.46909267
932058,0.09594952
932059,0.09223903
932060,0.11681344
932061,0.09115206
932062,0.0980836
932063,0.069418676
932064,0.27150893
932065,0.20908168
932066,0.27817464
932067,0.27026725
932068,0.1714313
932069,0.2835678
932070,0.17876033
932071,0.18287292
932072,0.27969944
932073,0.2133766
932074,0.24515861
932075,0.053762287
932076,0.56325513
932077,0.5128103
932078,0.6092871
932079,0.65862286
932080,0.46607324
932081,0.3662665
932082,0.43229476
932083,0.54980147
932084,0.32066438
932085,0.38741526
932086,0.5017303
932087,0.36785614
932088,0.51213104
932089,0.30646017
932090,0.029147586
932091,0.24020483
932092,0.26616216
932093,0.24217072
932094,0.24469778
932095,0.21995695
932096,0.22052057
932097,0.22568387
932098,0.17175345
932099,0.28711915
932100,0.038941152
932101,0.052361473
932102,0.15094204
932103,0.17508352
932104,0.18093222
932105,0.16259779
932106,0.18792167
932107,0.16863306
932108,0.17284161
932109,0.1727858
932110,0.15165329
932111,0.06474845
932112,0.2725664
932113,0.3093047
932114,0.0359752
932115,0.27022487
932116,0.102481805
932117,0.19295952
932118,0.10944029
932119,0.08032958
932120,0.1622489
932121,0.08548704
932122,0.053605955
932123,0.014103757
932124,0.37072703
932125,0.3065798
932126,0.23226291
932127,0.33313903
932128,0.34613937
932129,0.12430411
932130,0.069201715
932131,0.065088205
932132,0.055825427
932133,0.060772423
932134,0.053671658
932135,0.11163225
932136,0.075444214
932137,0.051671784
932138,0.04028526
932139,0.04108192
932140,0.083290614
932141,0.045385696
932142,0.044014256
932143,0.41343102
932144,0.23015125
932145,0.39583313
932146,0.16411383
932147,0.12974331
932148,0.026967522
932149,0.08002606
932150,0.0641781
932151,0.10622736
932152,0.06937017
932153,0.07847268
932154,0.077998884
932155,0.08186549
932156,0.088342756
932157,0.085919425
932158,0.10802498
932159,0.26232406
932160,0.30395982
932161,0.26252222
932162,0.2820549
932163,0.3281028
932164,0.05107056
932165,0.051815644
932166,0.040063236
932167,0.03548173
932168,0.051258836
932169,0.03161538
932170,0.07702958
932171,0.02700525
932172,0.20237915
932173,0.18600613
932174,0.015630078
932175,0.041772995
932176,0.0471851
932177,0.06098098
932178,0.04254209
932179,0.04657347
932180,0.04875151
932181,0.053222004
932182,0.0456381
932183,0.060997356
932184,0.05225189
932185,0.3747823
932186,0.20239504
932187,0.21045943
932188,0.29850703
932189,0.21179174
932190,0.11712991
932191,0.21130872
932192,0.24346857
932193,0.18102454
932194,0.26545113
932195,0.331244
932196,0.40175495
932197,0.24944818
932198,0.04722836
932199,0.046026647
932200,0.35559335
932201,0.37100255
932202,0.45448688
932203,0.576707
932204,0.6222827
932205,0.62557966
932206,0.6284077
932207,0.6772602
932208,0.5450192
932209,0.69752675
932210,0.69524735
932211,0.67485386
932212,0.72787285
932213,0.72384214
932214,0.6270795
932215,0.5122679
932216,0.6539689
932217,0.6019699
932218,0.69235873
932219,0.5042075
932220,0.5686343
932221,0.3567454
932222,0.09098894
932223,0.064039975
932224,0.10392953
932225,0.112284355
932226,0.2505427
932227,0.17922404
932228,0.09321735
932229,0.07603984
932230,0.20619173
932231,0.25603124
932232,0.25437352
932233,0.31313103
932234,0.25242355
932235,0.14987734
932236,0.12776005
932237,0.12383221
932238,0.124429576
932239,0.09550157
932240,0.028879778
932241,0.09226898
932242,0.07921236
932243,0.107041806
932244,0.094585314
932245,0.2408164
932246,0.22747894
932247,0.17400293
932248,0.12670587
932249,0.4534928
932250,0.1377292
932251,0.31058046
932252,0.15225084
932253,0.14187509
932254,0.1352875
932255,0.13215132
932256,0.10649859
932257,0.017858673
932258,0.07489248
932259,0.40421346
932260,0.55418307
932261,0.6011998
932262,0.5484682
932263,0.5922265
932264,0.60079116
932265,0.59263694
932266,0.54905164
932267,0.53707105
932268,0.51923543
932269,0.55408263
932270,0.47141314
932271,0.21869217
932272,0.22883925
932273,0.31799516
932274,0.43325558
932275,0.29717326
932276,0.043338526
932277,0.45232847
932278,0.5241486
932279,0.62817025
932280,0.5773334
932281,0.5844822
932282,0.61127734
932283,0.60652685
932284,0.6058297
932285,0.60471404
932286,0.6018125
932287,0.60362136
932288,0.6198276
932289,0.6057777
932290,0.56651413
932291,0.5972111
932292,0.5427754
932293,0.6362185
932294,0.43308604
932295,0.36447647
932296,0.4481359
932297,0.5163794
932298,0.2747752
932299,0.105151474
932300,0.14678647
932301,0.05743052
932302,0.059951365
932303,0.045855165
932304,0.046646014
932305,0.03990291
932306,0.020917887
932307,0.21485777
932308,0.18142821
932309,0.21049151
932310,0.25037277
932311,0.19684057
932312,0.18747306
932313,0.17354812
932314,0.16754796
932315,0.07193886
932316,0.46932992
932317,0.506769
932318,0.488022
932319,0.46810973
932320,0.48886868
932321,0.42579284
932322,0.42049044
932323,0.43864796
932324,0.439597
932325,0.39213702
932326,0.11404169
932327,0.56822664
932328,0.48068038
932329,0.6895723
932330,0.7897416
932331,0.69878393
932332,0.7771278
932333,0.7962223
932334,0.7351655
932335,0.8076254
932336,0.8233027
932337,0.87061185
932338,0.8027499
932339,0.7922314
932340,0.81970096
932341,0.8937224
932342,0.82949036
932343,0.80463576
932344,0.8488929
932345,0.8316015
932346,0.8375073
932347,0.88914675
932348,0.8273707
932349,0.906074
932350,0.89123106
932351,0.8051424
932352,0.9059979
932353,0.83397967
932354,0.85560745
932355,0.8532685
932356,0.8652488
932357,0.8691956
932358,0.845005
932359,0.50532025
932360,0.85123366
932361,0.86236054
932362,0.46184453
932363,0.04514924
932364,0.081743784
932365,0.065755785
932366,0.21895278
932367,0.32461542
932368,0.4868084
932369,0.42221448
932370,0.4469236
932371,0.44421422
932372,0.5842348
932373,0.5403315
932374,0.45946893
932375,0.46843132
932376,0.4307568
932377,0.270957
932378,0.08901717
932379,0.08089061
932380,0.6582303
932381,0.5921064
932382,0.69932115
932383,0.7686193
932384,0.65047413
932385,0.64863247
932386,0.64519364
932387,0.7213156
932388,0.68712676
932389,0.6557191
932390,0.74184775
932391,0.679627
932392,0.6537093
932393,0.5858434
932394,0.69986916
932395,0.76975924
932396,0.7400769
932397,0.7565953
932398,0.7565953
932399,0.71755695
932400,0.7835049
932401,0.54080224
932402,0.047292504
932403,0.1122354
932404,0.09390739
932405,0.061040577
932406,0.316141
932407,0.6017755
932408,0.7212005
932409,0.6652985
932410,0.63246745
932411,0.754232
932412,0.69329244
932413,0.74345607
932414,0.70493996
932415,0.7445828
932416,0.68978304
932417,0.6754712
932418,0.66336685
932419,0.53277767
932420,0.5558121
932421,0.6202296
932422,0.74422276
932423,0.6324557
932424,0.6040397
932425,0.4973313
932426,0.6525914
932427,0.5971608
932428,0.6687498
932429,0.58489347
932430,0.438567
932431,0.03462627
932432,0.074768394
932433,0.07604194
932434,0.09086897
932435,0.05350472
932436,0.038731214
932437,0.08057839
932438,0.36057478
932439,0.33713907
932440,0.35538366
932441,0.37672818
932442,0.3455569
932443,0.33776662
932444,0.4227355
932445,0.3345905
932446,0.34826744
932447,0.4199561
932448,0.3493456
932449,0.25486785
932450,0.119765095
932451,0.10531113
932452,0.020038605
932453,0.04966944
932454,0.04888482
932455,0.039897278
932456,0.034439433
932457,0.038752172
932458,0.039619684
932459,0.037742075
932460,0.023119915
932461,0.19399379
932462,0.24686244
932463,0.21912476
932464,0.058007613
932465,0.10482904
932466,0.1722594
932467,0.10880385
932468,0.1755839
932469,0.13315748
932470,0.17559974
932471,0.2907462
932472,0.13213234
932473,0.1509505
932474,0.1147975
932475,0.12098268
932476,0.011013036
932477,0.02555548
932478,0.025332483
932479,0.03046258
932480,0.02927907
932481,0.025408998
932482,0.022022104
932483,0.019842664
932484,0.08917229
932485,0.14274693
932486,0.16753435
932487,0.10987714
932488,0.34285334
932489,0.10421003
932490,0.27592748
932491,0.094892
932492,0.10321675
932493,0.1405011
932494,0.090438865
932495,0.055806745
932496,0.060719367
932497,0.07249591
932498,0.041793354
932499,0.013078279
932500,0.04446972
932501,0.03848244
932502,0.042841744
932503,0.036653433
932504,0.028788742
932505,0.013089005
932506,0.04977538
932507,0.041368555
932508,0.28502178
932509,0.11477374
932510,0.12490084
932511,0.08270803
932512,0.08075743
932513,0.09239856
932514,0.06513152
932515,0.018705284
932516,0.08543302
932517,0.044167224
932518,0.041728392
932519,0.04448569
932520,0.035890356
932521,0.011621683
932522,0.03185307
932523,0.028270042
932524,0.027218541
932525,0.028881652
932526,0.036514033
932527,0.017803663
932528,0.013572124
932529,0.09395996
932530,0.09075845
932531,0.081236936
932532,0.06835625
932533,0.07977172
932534,0.018982321
932535,0.09122221
932536,0.10814988
932537,0.09778046
932538,0.09821827
932539,0.09603987
932540,0.061280504
932541,0.124603316
932542,0.39553705
932543,0.26397112
932544,0.22768378
932545,0.40508357
932546,0.34386978
932547,0.5481395
932548,0.3899841
932549,0.38226774
932550,0.30640528
932551,0.28047097
932552,0.3350294
932553,0.31310245
932554,0.30258015
932555,0.22338502
932556,0.4335208
932557,0.5220698
932558,0.5587542
932559,0.502614
932560,0.402201
932561,0.5330676
932562,0.47421762
932563,0.38276434
932564,0.4084078
932565,0.072016306
932566,0.45854157
932567,0.56170344
932568,0.608954
932569,0.6540325
932570,0.65309477
932571,0.6257115
932572,0.6874599
932573,0.70656073
932574,0.6248878
932575,0.72812754
932576,0.73607916
932577,0.7410608
932578,0.6652046
932579,0.69707066
932580,0.66358894
932581,0.70973194
932582,0.64954776
932583,0.6828318
932584,0.7011041
932585,0.68182206
932586,0.6717563
932587,0.6494627
932588,0.7367758
932589,0.6475892
932590,0.65754426
932591,0.66818166
932592,0.7396395
932593,0.35436463
932594,0.025116472
932595,0.2613477
932596,0.29952618
932597,0.29032892
932598,0.23609789
932599,0.25251645
932600,0.26117256
932601,0.30716783
932602,0.32570755
932603,0.28395325
932604,0.28153706
932605,0.043848965
932606,0.06962533
932607,0.06626808
932608,0.08125643
932609,0.071497075
932610,0.06201147
932611,0.064185426
932612,0.118437834
932613,0.060464397
932614,0.07443208
932615,0.057507765
932616,0.25147888
932617,0.30281457
932618,0.23854363
932619,0.2871406
932620,0.30863166
932621,0.29089785
932622,0.22338483
932623,0.24910636
932624,0.23106995
932625,0.20175265
932626,0.1577992
932627,0.01821041
932628,0.025547674
932629,0.026343439
932630,0.022879178
932631,0.028039562
932632,0.024812827
932633,0.03170591
932634,0.027829718
932635,0.027672451
932636,0.033671267
932637,0.21751747
932638,0.043091908
932639,0.25480536
932640,0.3358756
932641,0.332099
932642,0.33698788
932643,0.42063147
932644,0.35871607
932645,0.28792372
932646,0.32738745
932647,0.2996401
932648,0.39385706
932649,0.011403412
932650,0.053776514
932651,0.05117922
932652,0.051871248
932653,0.052306306
932654,0.07186583
932655,0.049987037
932656,0.23190503
932657,0.20773819
932658,0.19080874
932659,0.19203757
932660,0.26083338
932661,0.32781142
932662,0.21397908
932663,0.019682325
932664,0.21364734
932665,0.3990656
932666,0.28846207
932667,0.34473106
932668,0.4217669
932669,0.33765927
932670,0.29742914
932671,0.33062595
932672,0.4573952
932673,0.2490948
932674,0.13359793
932675,0.021563832
932676,0.12751408
932677,0.12918384
932678,0.059488665
932679,0.45580605
932680,0.57121664
932681,0.5078441
932682,0.40931317
932683,0.39014065
932684,0.3905221
932685,0.42373034
932686,0.4605077
932687,0.28748733
932688,0.06869307
932689,0.09842052
932690,0.031961445
932691,0.096081816
932692,0.13228215
932693,0.119133875
932694,0.11206588
932695,0.1397373
932696,0.15765558
932697,0.1271521
932698,0.18113174
932699,0.10251137
932700,0.14640437
932701,0.2594055
932702,0.06187983
932703,0.52308345
932704,0.4482047
932705,0.54957205
932706,0.4717647
932707,0.55258167
932708,0.59568703
932709,0.5081112
932710,0.546716
932711,0.5442841
932712,0.5340319
932713,0.5139535
932714,0.41834462
932715,0.4388499
932716,0.37626147
932717,0.24207373
932718,0.22525774
932719,0.24140882
932720,0.34534398
932721,0.20692292
932722,0.17186785
932723,0.14792252
932724,0.19528067
932725,0.36163655
932726,0.15389255
932727,0.037681572
932728,0.56476635
932729,0.5274018
932730,0.35615733
932731,0.5001679
932732,0.5389768
932733,0.61740756
932734,0.6089402
932735,0.44100076
932736,0.67151886
932737,0.61667293
932738,0.5902967
932739,0.64674485
932740,0.523506
932741,0.5986311
932742,0.5712196
932743,0.48805317
932744,0.60240465
932745,0.35684392
932746,0.11622938
932747,0.2683918
932748,0.28178963
932749,0.2595329
932750,0.24712859
932751,0.17522457
932752,0.026889294
932753,0.10636174
932754,0.09859424
932755,0.06439667
932756,0.07363395
932757,0.047041707
932758,0.053321313
932759,0.06747314
932760,0.052737944
932761,0.04774549
932762,0.050029613
932763,0.055775758
932764,0.07326556
932765,0.03416377
932766,0.050234083
932767,0.15363742
932768,0.011882624
932769,0.07699373
932770,0.066123955
932771,0.07009187
932772,0.08146346
932773,0.0786711
932774,0.06329978
932775,0.009468734
932776,0.018644316
932777,0.014982807
932778,0.012919397
932779,0.010884145
932780,0.010422838
932781,0.017651126
932782,0.010702221
932783,0.1365928
932784,0.008197557
932785,0.04860166
932786,0.015186367
932787,0.016542407
932788,0.023023032
932789,0.015598343
932790,0.02441361
932791,0.07491403
932792,0.032460943
932793,0.028273381
932794,0.26189947
932795,0.34431973
932796,0.26322615
932797,0.23328449
932798,0.2308886
932799,0.2951543
932800,0.4036961
932801,0.18826196
932802,0.0146419555
932803,0.030883774
932804,0.035238687
932805,0.031041851
932806,0.5350067
932807,0.636965
932808,0.6811964
932809,0.706081
932810,0.7118582
932811,0.6928417
932812,0.70285505
932813,0.6692393
932814,0.708353
932815,0.715246
932816,0.6769143
932817,0.7281689
932818,0.64801073
932819,0.63743716
932820,0.65569645
932821,0.70522624
932822,0.6346093
932823,0.6184538
932824,0.6586217
932825,0.5947884
932826,0.55292016
932827,0.42748517
932828,0.1744213
932829,0.16022
932830,0.17250957
932831,0.98451936
932832,0.25346467
932833,0.45504957
932834,0.19323248
932835,0.20375639
932836,0.15777485
932837,0.15522453
932838,0.06813468
932839,0.31483024
932840,0.54291993
932841,0.2647061
932842,0.4286629
932843,0.43232277
932844,0.24901828
932845,0.46208787
932846,0.35133418
932847,0.010729052
932848,0.03087409
932849,0.029848082
932850,0.034325805
932851,0.040309813
932852,0.035391938
932853,0.028790833
932854,0.026734507
932855,0.09944816
932856,0.55162627
932857,0.63587105
932858,0.69186133
932859,0.75873053
932860,0.6594222
932861,0.6288497
932862,0.65500724
932863,0.724411
932864,0.66678727
932865,0.63849574
932866,0.64530283
932867,0.6285674
932868,0.64076626
932869,0.65529937
932870,0.64562845
932871,0.6371047
932872,0.61426413
932873,0.6291298
932874,0.62564623
932875,0.6215102
932876,0.66422755
932877,0.6889337
932878,0.66571933
932879,0.64940745
932880,0.231735
932881,0.0127008
932882,0.08232231
932883,0.07918496
932884,0.10856531
932885,0.11023444
932886,0.048713673
932887,0.2096295
932888,0.19639291
932889,0.23938334
932890,0.19594024
932891,0.13128491
932892,0.12754536
932893,0.027401581
932894,0.08986411
932895,0.08851836
932896,0.13913795
932897,0.059963495
932898,0.053285774
932899,0.055156045
932900,0.056258533
932901,0.04980547
932902,0.013947248
932903,0.07157022
932904,0.057984978
932905,0.06361799
932906,0.055766508
932907,0.057311255
932908,0.054668915
932909,0.060101613
932910,0.048387006
932911,0.053347975
932912,0.044241887
932913,0.39524713
932914,0.35663345
932915,0.3280334
932916,0.2783154
932917,0.31897408
932918,0.34688485
932919,0.33377418
932920,0.289023
932921,0.015449171
932922,0.055307202
932923,0.0931689
932924,0.058151383
932925,0.06654719
932926,0.056727
932927,0.058031067
932928,0.11980678
932929,0.27752426
932930,0.33615762
932931,0.43727612
932932,0.2663834
932933,0.36498412
932934,0.40181953
932935,0.314913
932936,0.4078258
932937,0.33054477
932938,0.27997553
932939,0.02261044
932940,0.06167803
932941,0.074701145
932942,0.08087526
932943,0.019712277
932944,0.18752237
932945,0.1117062
932946,0.103378825
932947,0.6696632
932948,0.6501543
932949,0.68924016
932950,0.7941751
932951,0.78748894
932952,0.68612456
932953,0.68984246
932954,0.71080005
932955,0.7224767
932956,0.70359784
932957,0.60513747
932958,0.7168316
932959,0.60987985
932960,0.6933724
932961,0.6974752
932962,0.69529885
932963,0.7424476
932964,0.5275023
932965,0.13019419
932966,0.66902184
932967,0.69084996
932968,0.82658464
932969,0.83592945
932970,0.85707134
932971,0.8478138
932972,0.8456213
932973,0.875258
932974,0.867874
932975,0.87658966
932976,0.9022369
932977,0.84086686
932978,0.87499934
932979,0.9002927
932980,0.89852947
932981,0.873943
932982,0.87312573
932983,0.8934815
932984,0.8597227
932985,0.8594712
932986,0.8620059
932987,0.8630991
932988,0.917691
932989,0.89577925
932990,0.8311051
932991,0.8067989
932992,0.90601057
932993,0.9072827
932994,0.90842754
932995,0.8638473
932996,0.90732944
932997,0.9145438
932998,0.8336666
932999,0.8230503
933000,0.8629972
933001,0.7155322
933002,0.8646878
933003,0.70507437
933004,0.79181254
933005,0.83503133
933006,0.8401268
933007,0.83400214
933008,0.84584206
933009,0.7765345
933010,0.57446325
933011,0.12818916
933012,0.18762523
933013,0.14255717
933014,0.1776638
933015,0.10045955
933016,0.50119746
933017,0.4494412
933018,0.55358523
933019,0.41891974
933020,0.44488096
933021,0.4302318
933022,0.06151127
933023,0.08658019
933024,0.07417064
933025,0.07606154
933026,0.4624802
933027,0.530866
933028,0.5441456
933029,0.549597
933030,0.54590774
933031,0.5660198
933032,0.5457775
933033,0.46629676
933034,0.58133465
933035,0.4664343
933036,0.2247105
933037,0.14150429
933038,0.14971243
933039,0.14175123
933040,0.09322181
933041,0.040993962
933042,0.026460536
933043,0.08925951
933044,0.07898579
933045,0.07240874
933046,0.082838506
933047,0.10264611
933048,0.09300164
933049,0.093911044
933050,0.09602977
933051,0.17876633
933052,0.10193009
933053,0.09719235
933054,0.16047248
933055,0.038403597
933056,0.16240905
933057,0.18935204
933058,0.10833688
933059,0.10438753
933060,0.21245295
933061,0.11014099
933062,0.25851953
933063,0.11314661
933064,0.23725595
933065,0.10556448
933066,0.32881406
933067,0.5514667
933068,0.4760266
933069,0.5789193
933070,0.62748945
933071,0.6700134
933072,0.52983606
933073,0.6429135
933074,0.67815125
933075,0.45577866
933076,0.6246295
933077,0.6645655
933078,0.43816108
933079,0.66329414
933080,0.54097253
933081,0.68861854
933082,0.6149082
933083,0.6416515
933084,0.50593376
933085,0.012674267
933086,0.031864893
933087,0.026631907
933088,0.026735635
933089,0.022640824
933090,0.040422633
933091,0.029709391
933092,0.21805166
933093,0.1207806
933094,0.59860605
933095,0.53044415
933096,0.52352905
933097,0.6832186
933098,0.6751532
933099,0.7397328
933100,0.7192531
933101,0.69549847
933102,0.58073664
933103,0.73459923
933104,0.69923675
933105,0.7375352
933106,0.6890717
933107,0.7012097
933108,0.6380879
933109,0.53218174
933110,0.74475056
933111,0.6641883
933112,0.6152941
933113,0.67032075
933114,0.6596945
933115,0.67755514
933116,0.5676015
933117,0.6781208
933118,0.6948896
933119,0.50433177
933120,0.64794147
933121,0.41230208
933122,0.0076677976
933123,0.019903854
933124,0.0350752
933125,0.025807811
933126,0.023126658
933127,0.025895853
933128,0.024120342
933129,0.064784124
933130,0.053449884
933131,0.056133434
933132,0.052574974
933133,0.18122259
933134,0.1426687
933135,0.10454625
933136,0.06791054
933137,0.0927443
933138,0.0988706
933139,0.09887351
933140,0.06887022
933141,0.24852054
933142,0.63275486
933143,0.6289025
933144,0.65601444
933145,0.7352053
933146,0.7872773
933147,0.68700135
933148,0.66404223
933149,0.7520013
933150,0.6455565
933151,0.67654824
933152,0.77141064
933153,0.7869545
933154,0.72287196
933155,0.75749964
933156,0.7764755
933157,0.8023703
933158,0.6436785
933159,0.684971
933160,0.76685673
933161,0.75523055
933162,0.75045913
933163,0.6951785
933164,0.7265051
933165,0.6726399
933166,0.724634
933167,0.6793012
933168,0.64716494
933169,0.7950302
933170,0.70090353
933171,0.5654802
933172,0.67856395
933173,0.7796747
933174,0.6865857
933175,0.49253842
933176,0.009484629
933177,0.017586034
933178,0.020585468
933179,0.017137686
933180,0.022650978
933181,0.015073457
933182,0.017372759
933183,0.0743322
933184,0.045990877
933185,0.04517483
933186,0.04643235
933187,0.052713618
933188,0.054456092
933189,0.04530191
933190,0.041142307
933191,0.018091504
933192,0.055516765
933193,0.059237648
933194,0.057310108
933195,0.08085989
933196,0.08008082
933197,0.053676747
933198,0.056005795
933199,0.05859672
933200,0.060093746
933201,0.058456104
933202,0.16304503
933203,0.16982852
933204,0.18224193
933205,0.15839334
933206,0.10781287
933207,0.14973752
933208,0.12386966
933209,0.015746921
933210,0.032257713
933211,0.03545558
933212,0.028486123
933213,0.060667776
933214,0.028213313
933215,0.03292202
933216,0.013310623
933217,0.034879617
933218,0.032333426
933219,0.044476867
933220,0.03216045
933221,0.029460674
933222,0.036446128
933223,0.028063303
933224,0.03687077
933225,0.013566462
933226,0.049570497
933227,0.055899303
933228,0.062111124
933229,0.049656723
933230,0.06046243
933231,0.042112753
933232,0.022263557
933233,0.044805855
933234,0.061944198
933235,0.048155256
933236,0.04637581
933237,0.061961085
933238,0.014305105
933239,0.027328575
933240,0.033184405
933241,0.036010202
933242,0.037403915
933243,0.03536397
933244,0.048095018
933245,0.035740912
933246,0.012630502
933247,0.064636365
933248,0.12453246
933249,0.053965017
933250,0.055785414
933251,0.04787481
933252,0.06466847
933253,0.058811363
933254,0.010083891
933255,0.054465838
933256,0.066042274
933257,0.05813619
933258,0.03821587
933259,0.05355027
933260,0.017986316
933261,0.12984437
933262,0.06506779
933263,0.121883
933264,0.085125536
933265,0.06787111
933266,0.055199165
933267,0.055153817
933268,0.09628236
933269,0.010598823
933270,0.14203423
933271,0.12043262
933272,0.15572526
933273,0.14491035
933274,0.12969035
933275,0.1035344
933276,0.18669653
933277,0.14226443
933278,0.2522602
933279,0.08360077
933280,0.02590517
933281,0.23171696
933282,0.18771529
933283,0.26156121
933284,0.17640711
933285,0.21460587
933286,0.17093435
933287,0.26114446
933288,0.16236293
933289,0.17666908
933290,0.10950646
933291,0.1127279
933292,0.059408583
933293,0.0243551
933294,0.036611013
933295,0.042886943
933296,0.030532643
933297,0.039203376
933298,0.040986236
933299,0.033588253
933300,0.03532127
933301,0.030808393
933302,0.01652989
933303,0.035683688
933304,0.03269384
933305,0.030369297
933306,0.027917353
933307,0.036373474
933308,0.03141493
933309,0.03436929
933310,0.033150643
933311,0.035704613
933312,0.027003443
933313,0.025977654
933314,0.027249712
933315,0.02623392
933316,0.019178057
933317,0.024526099
933318,0.018853173
933319,0.056930065
933320,0.15534869
933321,0.05048367
933322,0.06676057
933323,0.05867483
933324,0.10448054
933325,0.113325976
933326,0.056370564
933327,0.09687581
933328,0.06497746
933329,0.1285626
933330,0.16022076
933331,0.006412374
933332,0.012973507
933333,0.016114196
933334,0.011308549
933335,0.012255369
933336,0.010481972
933337,0.012842844
933338,0.1069933
933339,0.031935733
933340,0.07986933
933341,0.081525505
933342,0.07990694
933343,0.06445436
933344,0.0113678165
933345,0.013480319
933346,0.030916365
933347,0.019404404
933348,0.021994056
933349,0.036545217
933350,0.037441976
933351,0.022721294
933352,0.0135658635
933353,0.016666947
933354,0.007251884
933355,0.014864934
933356,0.01149568
933357,0.0120264115
933358,0.0131624015
933359,0.010474828
933360,0.11974666
933361,0.09978631
933362,0.06869498
933363,0.14348264
933364,0.19849455
933365,0.27464157
933366,0.20633961
933367,0.17629898
933368,0.15481357
933369,0.1300501
933370,0.0157711
933371,0.027888639
933372,0.053512774
933373,0.051725235
933374,0.041320693
933375,0.055906415
933376,0.045668624
933377,0.029106868
933378,0.03255943
933379,0.05681229
933380,0.055366736
933381,0.043176427
933382,0.034116685
933383,0.050958704
933384,0.06412438
933385,0.049869407
933386,0.058031775
933387,0.0769877
933388,0.05342877
933389,0.05411927
933390,0.06302119
933391,0.041633006
933392,0.028186427
933393,0.09171793
933394,0.067173526
933395,0.09235686
933396,0.061645035
933397,0.09517583
933398,0.09995365
933399,0.13228741
933400,0.069923714
933401,0.012574139
933402,0.104925245
933403,0.08376419
933404,0.080361255
933405,0.06376683
933406,0.07329786
933407,0.058950614
933408,0.32675755
933409,0.21594802
933410,0.20197912
933411,0.02160882
933412,0.064694025
933413,0.07433522
933414,0.06545459
933415,0.06653311
933416,0.06781704
933417,0.07895668
933418,0.07743644
933419,0.3006069
933420,0.13341215
933421,0.015449888
933422,0.073457986
933423,0.09407031
933424,0.09859741
933425,0.065963775
933426,0.093667515
933427,0.06998036
933428,0.09898803
933429,0.08195745
933430,0.10740293
933431,0.032264084
933432,0.1875542
933433,0.037231166
933434,0.15779321
933435,0.22540976
933436,0.14787346
933437,0.2561817
933438,0.25193092
933439,0.2528363
933440,0.24589132
933441,0.2230439
933442,0.2260477
933443,0.15096283
933444,0.22338295
933445,0.050516937
933446,0.62497264
933447,0.048871297
933448,0.11674253
933449,0.17674461
933450,0.21754062
933451,0.20280322
933452,0.091547795
933453,0.031912383
933454,0.14739865
933455,0.07956659
933456,0.06850633
933457,0.07230007
933458,0.058996458
933459,0.07235035
933460,0.03202239
933461,0.28015387
933462,0.24126102
933463,0.22458108
933464,0.5226982
933465,0.5217954
933466,0.535254
933467,0.2127458
933468,0.5797947
933469,0.3721721
933470,0.60424155
933471,0.6349883
933472,0.4304398
933473,0.66897124
933474,0.34160388
933475,0.27343458
933476,0.12862113
933477,0.026042217
933478,0.04020409
933479,0.036795713
933480,0.041525055
933481,0.034132354
933482,0.06647391
933483,0.044706605
933484,0.026692376
933485,0.13313815
933486,0.21623874
933487,0.12283226
933488,0.3261637
933489,0.16041031
933490,0.21378449
933491,0.15658218
933492,0.24043104
933493,0.075866334
933494,0.009703385
933495,0.024810962
933496,0.02644847
933497,0.02406663
933498,0.024425032
933499,0.02405642
933500,0.025376
933501,0.042523485
933502,0.012771958
933503,0.04041003
933504,0.02425669
933505,0.02925015
933506,0.024370229
933507,0.037542272
933508,0.025209261
933509,0.03120351
933510,0.05083816
933511,0.037039574
933512,0.02922741
933513,0.01866231
933514,0.12974465
933515,0.11855127
933516,0.12701622
933517,0.08819482
933518,0.10800042
933519,0.10763529
933520,0.13178001
933521,0.22285412
933522,0.10486684
933523,0.14331353
933524,0.18491551
933525,0.008752629
933526,0.018473424
933527,0.03216023
933528,0.017816978
933529,0.029006062
933530,0.06471143
933531,0.021723421
933532,0.024298122
933533,0.044243623
933534,0.022451846
933535,0.021725306
933536,0.031905305
933537,0.046401728
933538,0.04735458
933539,0.042240143
933540,0.041965842
933541,0.014030178
933542,0.09386156
933543,0.08270637
933544,0.021745412
933545,0.024352992
933546,0.028867839
933547,0.12891582
933548,0.023170728
933549,0.05381042
933550,0.024659848
933551,0.03256871
933552,0.009428212
933553,0.031398807
933554,0.032541476
933555,0.050628472
933556,0.05593548
933557,0.0381532
933558,0.030776752
933559,0.0067023993
933560,0.02338922
933561,0.018827192
933562,0.018335594
933563,0.013714216
933564,0.014943969
933565,0.04173553
933566,0.015476364
933567,0.013282765
933568,0.009814649
933569,0.058019746
933570,0.052224983
933571,0.057379592
933572,0.06573557
933573,0.008208125
933574,0.03238359
933575,0.041548178
933576,0.03487543
933577,0.07161719
933578,0.035242245
933579,0.023465049
933580,0.06706643
933581,0.024284983
933582,0.01987594
933583,0.01550688
933584,0.0877985
933585,0.35490534
933586,0.3200191
933587,0.4370154
933588,0.28020608
933589,0.22767118
933590,0.27952504
933591,0.18444495
933592,0.0344809
933593,0.17485246
933594,0.14609593
933595,0.19773991
933596,0.14030336
933597,0.12258922
933598,0.35138607
933599,0.1728163
933600,0.20484252
933601,0.31337774
933602,0.18633331
933603,0.13229483
933604,0.102658615
933605,0.027518842
933606,0.096493565
933607,0.09772894
933608,0.08512404
933609,0.09158097
933610,0.08749394
933611,0.08810191
933612,0.08004553
933613,0.57980305
933614,0.6699899
933615,0.60169697
933616,0.13356747
933617,0.13790405
933618,0.13375631
933619,0.13845886
933620,0.120603785
933621,0.11650264
933622,0.26236114
933623,0.2602336
933624,0.3636338
933625,0.21525021
933626,0.17634164
933627,0.38239416
933628,0.23369975
933629,0.24782158
933630,0.21626012
933631,0.13609348
933632,0.53599393
933633,0.49678898
933634,0.55725956
933635,0.59414506
933636,0.66818506
933637,0.6700399
933638,0.60605067
933639,0.69010043
933640,0.6371664
933641,0.55318874
933642,0.5559207
933643,0.76017034
933644,0.44858992
933645,0.4646694
933646,0.2732184
933647,0.31549752
933648,0.3536368
933649,0.22450075
933650,0.04698061
933651,0.08090481
933652,0.09465229
933653,0.09926246
933654,0.029752046
933655,0.1620863
933656,0.145633
933657,0.11549668
933658,0.093805484
933659,0.04221487
933660,0.053766217
933661,0.041336913
933662,0.025024818
933663,0.017971199
933664,0.04203136
933665,0.056245055
933666,0.05424551
933667,0.05398753
933668,0.0248202
933669,0.27844965
933670,0.21275017
933671,0.11621607
933672,0.1161639
933673,0.19769514
933674,0.15010212
933675,0.17651768
933676,0.13187233
933677,0.18173473
933678,0.14196962
933679,0.137932
933680,0.16361408
933681,0.28396422
933682,0.3460993
933683,0.33371323
933684,0.30857942
933685,0.3813371
933686,0.453419
933687,0.4299478
933688,0.04928224
933689,0.088093445
933690,0.106903985
933691,0.07348874
933692,0.044011325
933693,0.396571
933694,0.37936217
933695,0.39835227
933696,0.40516895
933697,0.41779464
933698,0.4102502
933699,0.36866722
933700,0.5238335
933701,0.42906234
933702,0.45774624
933703,0.43411908
933704,0.28296947
933705,0.043581057
933706,0.222757
933707,0.1838666
933708,0.2083763
933709,0.07246552
933710,0.08080711
933711,0.0753474
933712,0.06487691
933713,0.08099462
933714,0.05611435
933715,0.059434026
933716,0.06995721
933717,0.21597604
933718,0.36748254
933719,0.18572593
933720,0.30785483
933721,0.26658863
933722,0.033629045
933723,0.0431235
933724,0.032452
933725,0.04457265
933726,0.035181805
933727,0.035919636
933728,0.03782073
933729,0.016125796
933730,0.20361273
933731,0.2763921
933732,0.33424333
933733,0.28123
933734,0.24918847
933735,0.011891316
933736,0.05315321
933737,0.035711024
933738,0.03526257
933739,0.04983086
933740,0.04146248
933741,0.052312426
933742,0.082124
933743,0.08780787
933744,0.08847547
933745,0.082085066
933746,0.10357067
933747,0.07634249
933748,0.13972029
933749,0.103345856
933750,0.081890926
933751,0.06642967
933752,0.06881136
933753,0.07439175
933754,0.08349549
933755,0.0795652
933756,0.043615617
933757,0.074069835
933758,0.0913648
933759,0.09949781
933760,0.08452345
933761,0.01163534
933762,0.03835468
933763,0.029330416
933764,0.041558072
933765,0.034434367
933766,0.034676287
933767,0.045021344
933768,0.04730298
933769,0.0323434
933770,0.038738362
933771,0.019408373
933772,0.13232647
933773,0.17979953
933774,0.107232906
933775,0.00977446
933776,0.019684363
933777,0.01936023
933778,0.01976517
933779,0.022795169
933780,0.019494455
933781,0.021105608
933782,0.023728184
933783,0.020386977
933784,0.0065506124
933785,0.0167717
933786,0.015225133
933787,0.016188543
933788,0.016191702
933789,0.019116864
933790,0.022048607
933791,0.018185614
933792,0.01071721
933793,0.019111473
933794,0.02252501
933795,0.021175345
933796,0.021689197
933797,0.021966891
933798,0.023001121
933799,0.02597079
933800,0.020413578
933801,0.21742332
933802,0.009510669
933803,0.017835135
933804,0.017964467
933805,0.024071082
933806,0.020441659
933807,0.019916443
933808,0.02102896
933809,0.028903332
933810,0.43069825
933811,0.46853
933812,0.5124008
933813,0.53372157
933814,0.57714176
933815,0.5266223
933816,0.4827189
933817,0.33316234
933818,0.021287862
933819,0.02632736
933820,0.025168614
933821,0.025025405
933822,0.025077907
933823,0.057633914
933824,0.033787943
933825,0.033263974
933826,0.026219089
933827,0.27413702
933828,0.22450006
933829,0.24395956
933830,0.3880143
933831,0.27508798
933832,0.5046569
933833,0.35729796
933834,0.21940155
933835,0.47390053
933836,0.21743248
933837,0.5381153
933838,0.32973456
933839,0.28420338
933840,0.14495732
933841,0.17411062
933842,0.17461167
933843,0.08805838
933844,0.18050334
933845,0.648995
933846,0.7332303
933847,0.86866397
933848,0.85334635
933849,0.81139964
933850,0.8866791
933851,0.89532876
933852,0.91146076
933853,0.81754637
933854,0.86805135
933855,0.8313049
933856,0.905092
933857,0.8338292
933858,0.8335082
933859,0.8380699
933860,0.8545896
933861,0.8881251
933862,0.87872005
933863,0.88721573
933864,0.8627596
933865,0.875707
933866,0.9037787
933867,0.8746075
933868,0.86978173
933869,0.8807925
933870,0.8793964
933871,0.85647637
933872,0.84838295
933873,0.868863
933874,0.90832585
933875,0.8163425
933876,0.830458
933877,0.8024392
933878,0.701169
933879,0.026852697
933880,0.052239474
933881,0.056301765
933882,0.033658516
933883,0.204224
933884,0.29193306
933885,0.12886384
933886,0.100584686
933887,0.11275566
933888,0.114331394
933889,0.1284904
933890,0.3454785
933891,0.17102164
933892,0.11636578
933893,0.14973103
933894,0.21153025
933895,0.11558593
933896,0.038660556
933897,0.057134096
933898,0.09131696
933899,0.04821931
933900,0.22479956
933901,0.30371863
933902,0.34853023
933903,0.13085307
933904,0.47494683
933905,0.19868603
933906,0.4286612
933907,0.38962322
933908,0.151911
933909,0.20295501
933910,0.31784043
933911,0.44518524
933912,0.42225564
933913,0.33072302
933914,0.31327078
933915,0.22743209
933916,0.21758117
933917,0.44051254
933918,0.4096716
933919,0.02922583
933920,0.09663012
933921,0.1063352
933922,0.09706655
933923,0.11690015
933924,0.11913852
933925,0.08857717
933926,0.113026135
933927,0.12379119
933928,0.06820011
933929,0.3934995
933930,0.5111862
933931,0.1992391
933932,0.01974756
933933,0.117337644
933934,0.3117433
933935,0.55933475
933936,0.49000537
933937,0.36476168
933938,0.50195175
933939,0.5278765
933940,0.27882695
933941,0.38995332
933942,0.5528701
933943,0.20172697
933944,0.31735334
933945,0.1369465
933946,0.25339216
933947,0.16201021
933948,0.038293984
933949,0.21759325
933950,0.43802208
933951,0.417935
933952,0.5732588
933953,0.6828649
933954,0.6027287
933955,0.62143683
933956,0.6045071
933957,0.69831944
933958,0.6854608
933959,0.5841001
933960,0.5789465
933961,0.63972026
933962,0.6757903
933963,0.5525449
933964,0.59548694
933965,0.60888153
933966,0.72120184
933967,0.6655613
933968,0.6818416
933969,0.6569494
933970,0.44193944
933971,0.023758866
933972,0.14596604
933973,0.13599198
933974,0.13796821
933975,0.19882253
933976,0.1750332
933977,0.13001512
933978,0.15188347
933979,0.147187
933980,0.12692592
933981,0.04328684
933982,0.062382296
933983,0.084093206
933984,0.07053005
933985,0.059219368
933986,0.065391704
933987,0.07222571
933988,0.07942189
933989,0.04382885
933990,0.21360745
933991,0.5309794
933992,0.61653936
933993,0.44276276
933994,0.61911035
933995,0.52540857
933996,0.64898527
933997,0.5941814
933998,0.57082754
933999,0.6584168
934000,0.6402405
934001,0.51843345
934002,0.64540595
934003,0.6005786
934004,0.55449235
934005,0.55270416
934006,0.60580534
934007,0.61909604
934008,0.40444568
934009,0.011170313
934010,0.030654345
934011,0.03245303
934012,0.033976786
934013,0.03451539
934014,0.03083689
934015,0.031630967
934016,0.03776675
934017,0.01967634
934018,0.057511404
934019,0.16510089
934020,0.07308126
934021,0.16205657
934022,0.22801897
934023,0.04312962
934024,0.11053783
934025,0.090798706
934026,0.13248768
934027,0.08212823
934028,0.16750379
934029,0.0100491475
934030,0.04705462
934031,0.031487368
934032,0.030820057
934033,0.027505618
934034,0.024297029
934035,0.023839133
934036,0.020797124
934037,0.0091153765
934038,0.019393332
934039,0.018732492
934040,0.019562507
934041,0.027536565
934042,0.02363355
934043,0.019991541
934044,0.017314149
934045,0.015560577
934046,0.04998532
934047,0.040360536
934048,0.04243356
934049,0.04393551
934050,0.04414208
934051,0.042808026
934052,0.043929532
934053,0.073048145
934054,0.0693132
934055,0.008700303
934056,0.019373389
934057,0.023215711
934058,0.022257963
934059,0.020347528
934060,0.019577181
934061,0.023743859
934062,0.016576054
934063,0.01766378
934064,0.06802769
934065,0.07698839
934066,0.07454339
934067,0.09233528
934068,0.077932
934069,0.07971589
934070,0.069645606
934071,0.0082343845
934072,0.020422976
934073,0.017692316
934074,0.020774053
934075,0.014394366
934076,0.018877635
934077,0.020095648
934078,0.0092608575
934079,0.020336742
934080,0.020525841
934081,0.02420752
934082,0.02126729
934083,0.023223082
934084,0.02249483
934085,0.0154342735
934086,0.023836693
934087,0.028588507
934088,0.022155842
934089,0.021353109
934090,0.022728933
934091,0.022342142
934092,0.023911284
934093,0.014961534
934094,0.07415758
934095,0.103850335
934096,0.057593163
934097,0.093182676
934098,0.06625518
934099,0.058015015
934100,0.088068016
934101,0.092557155
934102,0.20511751
934103,0.2636181
934104,0.25451237
934105,0.18510033
934106,0.1690688
934107,0.03647825
934108,0.14641957
934109,0.39274856
934110,0.19463298
934111,0.18562041
934112,0.26050657
934113,0.2062395
934114,0.37256837
934115,0.16799869
934116,0.2915881
934117,0.070066996
934118,0.5182686
934119,0.6283095
934120,0.60099655
934121,0.6647672
934122,0.7064148
934123,0.6767594
934124,0.6604988
934125,0.7037756
934126,0.64145887
934127,0.7015532
934128,0.5412343
934129,0.6941577
934130,0.63164675
934131,0.6923493
934132,0.36390328
934133,0.07474097
934134,0.14451057
934135,0.18017998
934136,0.09721746
934137,0.2704913
934138,0.24624708
934139,0.28447238
934140,0.29396605
934141,0.3613215
934142,0.19357517
934143,0.35629162
934144,0.11418643
934145,0.050978087
934146,0.08815628
934147,0.0824797
934148,0.10472414
934149,0.05891438
934150,0.2563488
934151,0.47515926
934152,0.50936997
934153,0.5796571
934154,0.55719525
934155,0.5838467
934156,0.6330028
934157,0.6545053
934158,0.6721063
934159,0.59086907
934160,0.63295346
934161,0.62381667
934162,0.6131094
934163,0.5501267
934164,0.55516666
934165,0.5640969
934166,0.3956806
934167,0.010342784
934168,0.025260517
934169,0.019480664
934170,0.026584895
934171,0.027841344
934172,0.020009786
934173,0.08407347
934174,0.03459027
934175,0.48199123
934176,0.34584096
934177,0.60259736
934178,0.48604804
934179,0.45351955
934180,0.49038705
934181,0.51176226
934182,0.5013809
934183,0.21912907
934184,0.4366795
934185,0.4753153
934186,0.27549633
934187,0.01913236
934188,0.05513832
934189,0.048001207
934190,0.040822007
934191,0.056574117
934192,0.04196681
934193,0.04530373
934194,0.03095645
934195,0.19440973
934196,0.118553065
934197,0.07619262
934198,0.010933651
934199,0.025793076
934200,0.025591485
934201,0.027991194
934202,0.02763648
934203,0.023598487
934204,0.04200514
934205,0.08983452
934206,0.044916496
934207,0.089025326
934208,0.040952686
934209,0.027147857
934210,0.034503553
934211,0.036562435
934212,0.04280832
934213,0.030256327
934214,0.07500511
934215,0.093302794
934216,0.010279594
934217,0.02309929
934218,0.02314865
934219,0.025410883
934220,0.027033886
934221,0.022875728
934222,0.024601277
934223,0.019911965
934224,0.051497877
934225,0.08215109
934226,0.055669907
934227,0.041671596
934228,0.1505077
934229,0.099252604
934230,0.16598617
934231,0.1454184
934232,0.10698558
934233,0.12100985
934234,0.08953395
934235,0.020979788
934236,0.024246538
934237,0.02079186
934238,0.025530651
934239,0.018078065
934240,0.025778905
934241,0.017363416
934242,0.015706988
934243,0.087653086
934244,0.09564775
934245,0.08262956
934246,0.08519597
934247,0.080674335
934248,0.07714702
934249,0.10760518
934250,0.014432699
934251,0.029014956
934252,0.023983987
934253,0.024780743
934254,0.026747314
934255,0.02823329
934256,0.019965587
934257,0.008881864
934258,0.027892208
934259,0.028371094
934260,0.024400827
934261,0.02249825
934262,0.024117282
934263,0.022059893
934264,0.060511574
934265,0.042461373
934266,0.011606161
934267,0.02933906
934268,0.046470538
934269,0.022663653
934270,0.020834435
934271,0.024719521
934272,0.025742335
934273,0.022158962
934274,0.012047092
934275,0.033014342
934276,0.036555544
934277,0.036382515
934278,0.03469241
934279,0.03913384
934280,0.026876949
934281,0.007631138
934282,0.021070842
934283,0.018530848
934284,0.023395926
934285,0.01987149
934286,0.022943744
934287,0.019627362
934288,0.011362186
934289,0.037841942
934290,0.037343826
934291,0.030302504
934292,0.034833796
934293,0.03408921
934294,0.035180945
934295,0.009014407
934296,0.02483313
934297,0.022142205
934298,0.021790989
934299,0.029424118
934300,0.029402297
934301,0.025385672
934302,0.023531059
934303,0.22041424
934304,0.34175614
934305,0.26841003
934306,0.012976797
934307,0.037108757
934308,0.038348485
934309,0.037100278
934310,0.044182044
934311,0.040148154
934312,0.03676487
934313,0.31020084
934314,0.19935755
934315,0.16493513
934316,0.17270522
934317,0.12067521
934318,0.0076958695
934319,0.024868697
934320,0.026835974
934321,0.026394978
934322,0.0297154
934323,0.024481893
934324,0.02359033
934325,0.02012575
934326,0.039307464
934327,0.30120572
934328,0.23245272
934329,0.2007299
934330,0.42817312
934331,0.37942564
934332,0.18923363
934333,0.015148538
934334,0.061641477
934335,0.06343877
934336,0.054881502
934337,0.059357964
934338,0.08234598
934339,0.10703646
934340,0.10334402
934341,0.13889347
934342,0.10594153
934343,0.109253556
934344,0.16302375
934345,0.01354586
934346,0.13351774
934347,0.13925754
934348,0.10635154
934349,0.11393117
934350,0.1294897
934351,0.28695732
934352,0.26556423
934353,0.14067546
934354,0.15667835
934355,0.16278666
934356,0.15688379
934357,0.028850004
934358,0.06912506
934359,0.03293192
934360,0.14019759
934361,0.04053746
934362,0.14154801
934363,0.21023661
934364,0.033259865
934365,0.020966608
934366,0.057628136
934367,0.5189431
934368,0.46686688
934369,0.35835013
934370,0.5067463
934371,0.2395572
934372,0.48022264
934373,0.5739113
934374,0.5280765
934375,0.5982633
934376,0.40619564
934377,0.24497704
934378,0.012543822
934379,0.06147808
934380,0.08239384
934381,0.15262662
934382,0.11598602
934383,0.18047255
934384,0.24628885
934385,0.17252903
934386,0.30733126
934387,0.36822486
934388,0.2571768
934389,0.024808824
934390,0.07164306
934391,0.27781013
934392,0.055666696
934393,0.059494752
934394,0.30015543
934395,0.23134094
934396,0.15238467
934397,0.04373305
934398,0.10946648
934399,0.09423373
934400,0.15968277
934401,0.21670748
934402,0.20901793
934403,0.1342576
934404,0.20578124
934405,0.20788465
934406,0.2149392
934407,0.17270447
934408,0.41721416
934409,0.022242652
934410,0.1012258
934411,0.115084164
934412,0.14647673
934413,0.19753003
934414,0.33015335
934415,0.22126973
934416,0.15433441
934417,0.33153176
934418,0.46822032
934419,0.18931897
934420,0.35154143
934421,0.327111
934422,0.33893272
934423,0.4199311
934424,0.28804123
934425,0.2258148
934426,0.029052423
934427,0.084939934
934428,0.07871224
934429,0.06344107
934430,0.081267
934431,0.0868524
934432,0.0683725
934433,0.018080465
934434,0.08580147
934435,0.100950465
934436,0.19055824
934437,0.18837143
934438,0.17053565
934439,0.04840811
934440,0.39522392
934441,0.3146534
934442,0.39973277
934443,0.4981832
934444,0.3713642
934445,0.32395658
934446,0.50718504
934447,0.36184752
934448,0.31821436
934449,0.4772027
934450,0.24966209
934451,0.15213965
934452,0.20503055
934453,0.24705392
934454,0.18675433
934455,0.055942506
934456,0.21127027
934457,0.17140652
934458,0.18381298
934459,0.2904506
934460,0.17764711
934461,0.19358005
934462,0.22863278
934463,0.26961887
934464,0.24435234
934465,0.079186015
934466,0.4875702
934467,0.69076616
934468,0.7301879
934469,0.8166317
934470,0.8450523
934471,0.8573752
934472,0.87871844
934473,0.8959601
934474,0.88782233
934475,0.86635286
934476,0.8670127
934477,0.8871054
934478,0.88689214
934479,0.895452
934480,0.9157748
934481,0.91263986
934482,0.89659697
934483,0.8932383
934484,0.9131886
934485,0.91935873
934486,0.92180216
934487,0.8631424
934488,0.9207149
934489,0.9292325
934490,0.92228395
934491,0.87564975
934492,0.9313897
934493,0.9051856
934494,0.93101376
934495,0.87844807
934496,0.9232395
934497,0.8694812
934498,0.89156336
934499,0.8971179
934500,0.88977
934501,0.85623974
934502,0.8851944
934503,0.89188385
934504,0.88077015
934505,0.8561207
934506,0.89093006
934507,0.85216725
934508,0.88232034
934509,0.8479078
934510,0.86951375
934511,0.8815356
934512,0.8746779
934513,0.8537731
934514,0.88038206
934515,0.86994785
934516,0.8745213
934517,0.847442
934518,0.8715282
934519,0.91847456
934520,0.85532004
934521,0.92051226
934522,0.92080784
934523,0.918145
934524,0.9210875
934525,0.90623933
934526,0.9185069
934527,0.9155836
934528,0.90553916
934529,0.8573676
934530,0.9106271
934531,0.76625
934532,0.9116109
934533,0.854724
934534,0.7918859
934535,0.91477394
934536,0.90541434
934537,0.8231245
934538,0.742235
934539,0.10400252
934540,0.08567491
934541,0.11541703
934542,0.099440336
934543,0.09100253
934544,0.123780146
934545,0.07286179
934546,0.2575275
934547,0.97380304
934548,0.14291874
934549,0.16453966
934550,0.133154
934551,0.14932843
934552,0.08437365
934553,0.23878914
934554,0.17353377
934555,0.13182408
934556,0.13656272
934557,0.09276781
934558,0.03663752
934559,0.014508679
934560,0.043879654
934561,0.036692567
934562,0.045667514
934563,0.036947623
934564,0.038296226
934565,0.04008958
934566,0.04369872
934567,0.053042646
934568,0.020760013
934569,0.047246248
934570,0.050405707
934571,0.04822099
934572,0.049312994
934573,0.052256837
934574,0.04989715
934575,0.05927916
934576,0.045261048
934577,0.018973581
934578,0.07202098
934579,0.08046513
934580,0.07509876
934581,0.09863398
934582,0.13168426
934583,0.10194231
934584,0.087255225
934585,0.0626521
934586,0.020736687
934587,0.07335983
934588,0.101677
934589,0.5532408
934590,0.75665015
934591,0.70255005
934592,0.7024023
934593,0.7145657
934594,0.71179026
934595,0.7409774
934596,0.7277483
934597,0.7850703
934598,0.6554377
934599,0.7196859
934600,0.70465004
934601,0.6526355
934602,0.49529937
934603,0.16953994
934604,0.45506114
934605,0.50329393
934606,0.54205877
934607,0.5656938
934608,0.5656938
934609,0.56573725
934610,0.56713873
934611,0.56713873
934612,0.56713873
934613,0.5691639
934614,0.40247047
934615,0.4562841
934616,0.38522702
934617,0.48074687
934618,0.46293357
934619,0.39851585
934620,0.4658125
934621,0.27888408
934622,0.26356348
934623,0.2893413
934624,0.2698491
934625,0.22051907
934626,0.02375023
934627,0.09820122
934628,0.10044091
934629,0.101195656
934630,0.1159199
934631,0.19395731
934632,0.29511768
934633,0.4950321
934634,0.82261944
934635,0.74493474
934636,0.7203286
934637,0.7714389
934638,0.78372467
934639,0.7403496
934640,0.78333414
934641,0.7963678
934642,0.7851139
934643,0.7724206
934644,0.780215
934645,0.6550373
934646,0.73528963
934647,0.6872203
934648,0.7732302
934649,0.78677356
934650,0.7571363
934651,0.7296247
934652,0.81079394
934653,0.7568779
934654,0.7680197
934655,0.5102115
934656,0.25884974
934657,0.34540197
934658,0.308033
934659,0.13345842
934660,0.13061088
934661,0.14187844
934662,0.12323262
934663,0.12865819
934664,0.089154266
934665,0.03293542
934666,0.13170409
934667,0.13218527
934668,0.12847012
934669,0.1625401
934670,0.14671594
934671,0.12005091
934672,0.09589785
934673,0.014417927
934674,0.09886251
934675,0.10629504
934676,0.10110763
934677,0.09870557
934678,0.10570779
934679,0.10066415
934680,0.09721479
934681,0.2065083
934682,0.34104463
934683,0.26052788
934684,0.2736064
934685,0.13907143
934686,0.18769859
934687,0.124726124
934688,0.11486063
934689,0.13384293
934690,0.13037668
934691,0.20902525
934692,0.24158177
934693,0.18704283
934694,0.17180245
934695,0.18154314
934696,0.14430563
934697,0.17245765
934698,0.10982795
934699,0.011944997
934700,0.03294835
934701,0.034576856
934702,0.03621422
934703,0.037946362
934704,0.040907662
934705,0.03464244
934706,0.02668223
934707,0.25326252
934708,0.23161337
934709,0.18412767
934710,0.29159266
934711,0.31847334
934712,0.15307169
934713,0.08144683
934714,0.09806271
934715,0.012366685
934716,0.03700414
934717,0.044890694
934718,0.035200745
934719,0.03134389
934720,0.032998834
934721,0.037722334
934722,0.03099962
934723,0.12647822
934724,0.023155687
934725,0.032685515
934726,0.028867766
934727,0.033470564
934728,0.026579114
934729,0.027127942
934730,0.030178951
934731,0.028304491
934732,0.057833146
934733,0.04034136
934734,0.04068424
934735,0.029019658
934736,0.01145529
934737,0.11625054
934738,0.052158836
934739,0.11036556
934740,0.09288151
934741,0.10256967
934742,0.091922015
934743,0.1135829
934744,0.33787185
934745,0.16290472
934746,0.027938
934747,0.2354796
934748,0.18028693
934749,0.21562962
934750,0.15325312
934751,0.16391115
934752,0.20223989
934753,0.20387349
934754,0.1354971
934755,0.07110881
934756,0.20014697
934757,0.26389742
934758,0.370658
934759,0.15379888
934760,0.20191424
934761,0.21224838
934762,0.13259327
934763,0.3924608
934764,0.5170186
934765,0.5909467
934766,0.45278886
934767,0.5876279
934768,0.49080893
934769,0.5259144
934770,0.37305576
934771,0.43381625
934772,0.49663275
934773,0.35122943
934774,0.46042964
934775,0.2737673
934776,0.026432574
934777,0.025337454
934778,0.15750577
934779,0.6260387
934780,0.5694883
934781,0.27504623
934782,0.30657578
934783,0.43797112
934784,0.42413974
934785,0.28588888
934786,0.12567756
934787,0.09422423
934788,0.51823336
934789,0.6036385
934790,0.45672482
934791,0.4459001
934792,0.47327703
934793,0.20400073
934794,0.114730604
934795,0.23746993
934796,0.36900938
934797,0.28997913
934798,0.2390241
934799,0.25776553
934800,0.21518199
934801,0.06450513
934802,0.025002215
934803,0.069574535
934804,0.05889848
934805,0.06772215
934806,0.03526854
934807,0.2441718
934808,0.19579531
934809,0.21606117
934810,0.22475271
934811,0.22582647
934812,0.19691579
934813,0.15138221
934814,0.013585607
934815,0.013311062
934816,0.022844063
934817,0.024774058
934818,0.028756853
934819,0.023048911
934820,0.018675094
934821,0.022041848
934822,0.015138498
934823,0.41739044
934824,0.010996574
934825,0.021032108
934826,0.016345732
934827,0.017601462
934828,0.017387547
934829,0.012127428
934830,0.018690385
934831,0.018686375
934832,0.015048579
934833,0.018658986
934834,0.019326143
934835,0.013940502
934836,0.00819462
934837,0.018308727
934838,0.013364237
934839,0.015795158
934840,0.03177528
934841,0.016095579
934842,0.0113518955
934843,0.037141312
934844,0.035475433
934845,0.19883357
934846,0.08206039
934847,0.021300524
934848,0.033862133
934849,0.2874965
934850,0.46590194
934851,0.31768474
934852,0.21236052
934853,0.03039963
934854,0.17263629
934855,0.16615123
934856,0.1848175
934857,0.17039587
934858,0.17003162
934859,0.18111089
934860,0.18056996
934861,0.13094948
934862,0.066720165
934863,0.28614315
934864,0.43191046
934865,0.5587777
934866,0.5540764
934867,0.53493476
934868,0.49459732
934869,0.48889545
934870,0.48178074
934871,0.50103724
934872,0.56454396
934873,0.45860046
934874,0.3790567
934875,0.09439182
934876,0.26672396
934877,0.25706843
934878,0.2525056
934879,0.2522427
934880,0.2531937
934881,0.25782824
934882,0.2641183
934883,0.36368057
934884,0.19592914
934885,0.22126997
934886,0.21216989
934887,0.15809567
934888,0.11987384
934889,0.12592143
934890,0.11756835
934891,0.093290575
934892,0.0325727
934893,0.2504547
934894,0.23564436
934895,0.20402749
934896,0.2543031
934897,0.027865019
934898,0.07787408
934899,0.08245595
934900,0.06305358
934901,0.06655241
934902,0.031732474
934903,0.072774395
934904,0.06411384
934905,0.29970145
934906,0.3429301
934907,0.12378438
934908,0.19984548
934909,0.14028747
934910,0.050545294
934911,0.05285293
934912,0.2161642
934913,0.67745227
934914,0.76294285
934915,0.6394793
934916,0.6910144
934917,0.6681287
934918,0.6422713
934919,0.69068253
934920,0.56906474
934921,0.6042402
934922,0.50948864
934923,0.42789516
934924,0.04479452
934925,0.1958755
934926,0.09963773
934927,0.089214586
934928,0.057500966
934929,0.11217161
934930,0.0735226
934931,0.02203509
934932,0.05371057
934933,0.05267355
934934,0.041624513
934935,0.035676353
934936,0.29886812
934937,0.11824619
934938,0.16053583
934939,0.12927753
934940,0.1739073
934941,0.18968719
934942,0.10153881
934943,0.18148124
934944,0.09412335
934945,0.10472758
934946,0.21884717
934947,0.18537895
934948,0.12148235
934949,0.11454019
934950,0.20094788
934951,0.21141331
934952,0.2539489
934953,0.012829479
934954,0.037208684
934955,0.031476144
934956,0.0356033
934957,0.021618282
934958,0.023221571
934959,0.034415886
934960,0.038376715
934961,0.023300268
934962,0.08714918
934963,0.06908701
934964,0.08099271
934965,0.09389996
934966,0.088477686
934967,0.073358774
934968,0.012271079
934969,0.018546188
934970,0.048197042
934971,0.058376078
934972,0.01941103
934973,0.021177758
934974,0.019198975
934975,0.026339453
934976,0.022568202
934977,0.028982883
934978,0.013587409
934979,0.08747565
934980,0.07651377
934981,0.10524466
934982,0.17361699
934983,0.47723728
934984,0.015897922
934985,0.03564369
934986,0.115847945
934987,0.18940066
934988,0.03651404
934989,0.02340109
934990,0.036547817
934991,0.024161749
934992,0.028303884
934993,0.206516
934994,0.08652767
934995,0.020232806
934996,0.06757894
934997,0.0458915
934998,0.06917592
934999,0.10276425
935000,0.061027743
935001,0.043846387
935002,0.04420772
935003,0.039441835
935004,0.037992187
935005,0.013355765
935006,0.0402427
935007,0.05236333
935008,0.041590694
935009,0.06847367
935010,0.24093276
935011,0.15965934
935012,0.13925888
935013,0.16894017
935014,0.1174318
935015,0.15093517
935016,0.258707
935017,0.3823315
935018,0.5411562
935019,0.49854833
935020,0.5010896
935021,0.5662051
935022,0.5559989
935023,0.52723306
935024,0.67889315
935025,0.6904151
935026,0.6818196
935027,0.66707975
935028,0.6779891
935029,0.6309965
935030,0.5263512
935031,0.4216339
935032,0.40802464
935033,0.41609073
935034,0.49242595
935035,0.5649249
935036,0.42340645
935037,0.44402587
935038,0.31030867
935039,0.38431892
935040,0.31520018
935041,0.16796303
935042,0.17982659
935043,0.44879702
935044,0.520132
935045,0.49807635
935046,0.5472457
935047,0.54458934
935048,0.51196146
935049,0.5155064
935050,0.5311693
935051,0.53852016
935052,0.5172465
935053,0.4894458
935054,0.42270607
935055,0.08936533
935056,0.32975033
935057,0.40032908
935058,0.26300865
935059,0.27313274
935060,0.2128846
935061,0.29466254
935062,0.01937381
935063,0.18847644
935064,0.2868133
935065,0.22658135
935066,0.22207569
935067,0.2222238
935068,0.20002356
935069,0.190273
935070,0.026834013
935071,0.4310986
935072,0.48306483
935073,0.4917119
935074,0.4742516
935075,0.5682648
935076,0.5289759
935077,0.59504217
935078,0.556388
935079,0.52367705
935080,0.51036227
935081,0.52150047
935082,0.5185527
935083,0.5556259
935084,0.5630399
935085,0.5410436
935086,0.34707034
935087,0.10216888
935088,0.11066278
935089,0.044043224
935090,0.044204693
935091,0.036194164
935092,0.062476836
935093,0.48312435
935094,0.5065982
935095,0.42985728
935096,0.49725014
935097,0.44182152
935098,0.4757885
935099,0.40770897
935100,0.2729489
935101,0.16286556
935102,0.21705046
935103,0.21199724
935104,0.21778071
935105,0.22650106
935106,0.107536994
935107,0.018003015
935108,0.11816648
935109,0.15146545
935110,0.13769133
935111,0.17524336
935112,0.15186892
935113,0.1055638
935114,0.009308108
935115,0.016240014
935116,0.016865253
935117,0.015805317
935118,0.015964424
935119,0.014897145
935120,0.019158065
935121,0.016105337
935122,0.26152647
935123,0.17313291
935124,0.009851628
935125,0.02829561
935126,0.012853187
935127,0.01938719
935128,0.014573653
935129,0.020353593
935130,0.01701067
935131,0.017487079
935132,0.05458071
935133,0.09463931
935134,0.08310557
935135,0.074805625
935136,0.0812983
935137,0.107751235
935138,0.2414208
935139,0.18603383
935140,0.11626057
935141,0.015786229
935142,0.013095456
935143,0.0179146
935144,0.020874878
935145,0.019503517
935146,0.023519492
935147,0.04724749
935148,0.008826502
935149,0.014488742
935150,0.0135076
935151,0.012830567
935152,0.021108652
935153,0.026203906
935154,0.020878747
935155,0.018906716
935156,0.2638211
935157,0.022365673
935158,0.078644454
935159,0.032363933
935160,0.028306957
935161,0.37738326
935162,0.5740099
935163,0.44796228
935164,0.54443526
935165,0.44964126
935166,0.48952237
935167,0.5017677
935168,0.5225188
935169,0.5564978
935170,0.54530555
935171,0.5705777
935172,0.5630112
935173,0.5135429
935174,0.5136062
935175,0.009981958
935176,0.0121498145
935177,0.0087487
935178,0.0110955695
935179,0.012839907
935180,0.010970312
935181,0.033006147
935182,0.058513634
935183,0.14023593
935184,0.5525549
935185,0.59871143
935186,0.82558936
935187,0.67838407
935188,0.8377489
935189,0.8083861
935190,0.7697753
935191,0.7802416
935192,0.7421942
935193,0.81631184
935194,0.792535
935195,0.86733425
935196,0.7918646
935197,0.8513228
935198,0.835188
935199,0.78795195
935200,0.85908484
935201,0.89530075
935202,0.8163485
935203,0.81868315
935204,0.8200981
935205,0.8896387
935206,0.90526205
935207,0.8855984
935208,0.8064705
935209,0.81009334
935210,0.8994094
935211,0.7542939
935212,0.9107704
935213,0.80427825
935214,0.9129177
935215,0.7309233
935216,0.880373
935217,0.8213135
935218,0.67197996
935219,0.8524878
935220,0.6992074
935221,0.61028975
935222,0.6834148
935223,0.79982877
935224,0.8270077
935225,0.73358893
935226,0.84815985
935227,0.6336177
935228,0.51010877
935229,0.01087715
935230,0.028811393
935231,0.026166255
935232,0.026045572
935233,0.026301848
935234,0.02999514
935235,0.02663412
935236,0.025352435
935237,0.17273231
935238,0.024057152
935239,0.087998934
935240,0.23826177
935241,0.31079733
935242,0.25845647
935243,0.0731608
935244,0.55667096
935245,0.21255018
935246,0.25441375
935247,0.18241589
935248,0.25207147
935249,0.19053693
935250,0.2053218
935251,0.19834906
935252,0.22859265
935253,0.35401088
935254,0.15999413
935255,0.30113629
935256,0.39788678
935257,0.23604755
935258,0.43126038
935259,0.30782697
935260,0.28886655
935261,0.21328321
935262,0.03253717
935263,0.117202856
935264,0.17484608
935265,0.16057122
935266,0.15490395
935267,0.16318746
935268,0.03389497
935269,0.25244695
935270,0.32993555
935271,0.29632115
935272,0.2572122
935273,0.37822738
935274,0.2941468
935275,0.26408124
935276,0.34589252
935277,0.18604408
935278,0.36674273
935279,0.37209687
935280,0.40212697
935281,0.53669465
935282,0.49902713
935283,0.49535856
935284,0.6558576
935285,0.6321665
935286,0.13206594
935287,0.54937994
935288,0.6257948
935289,0.75970083
935290,0.7724178
935291,0.77624536
935292,0.8053179
935293,0.8598382
935294,0.8190979
935295,0.7999838
935296,0.7945288
935297,0.7538225
935298,0.7161335
935299,0.7618131
935300,0.74630976
935301,0.71573466
935302,0.7372381
935303,0.7737851
935304,0.7627822
935305,0.76763767
935306,0.55298203
935307,0.775918
935308,0.6811784
935309,0.7359909
935310,0.7021613
935311,0.69603336
935312,0.72867894
935313,0.7537418
935314,0.6925756
935315,0.5896179
935316,0.048724532
935317,0.4068049
935318,0.43746716
935319,0.48251432
935320,0.506641
935321,0.5453618
935322,0.63234127
935323,0.53541005
935324,0.39183414
935325,0.42390728
935326,0.49084777
935327,0.59791887
935328,0.63097787
935329,0.5588754
935330,0.52213246
935331,0.5743881
935332,0.534322
935333,0.4556415
935334,0.37106216
935335,0.11477878
935336,0.34501755
935337,0.33431852
935338,0.3305698
935339,0.3997562
935340,0.35509226
935341,0.3116352
935342,0.3896339
935343,0.45856208
935344,0.37938514
935345,0.3516715
935346,0.30379048
935347,0.0491711
935348,0.33352444
935349,0.44958043
935350,0.43105775
935351,0.27377087
935352,0.5463941
935353,0.61539936
935354,0.6257307
935355,0.5371101
935356,0.6526843
935357,0.56707764
935358,0.61210734
935359,0.6083614
935360,0.53441113
935361,0.5948125
935362,0.59063256
935363,0.5945657
935364,0.47279528
935365,0.06180828
935366,0.45396316
935367,0.4974313
935368,0.72028244
935369,0.7367474
935370,0.53677416
935371,0.66918534
935372,0.73503906
935373,0.816363
935374,0.80123836
935375,0.7833948
935376,0.84685016
935377,0.8153773
935378,0.81680065
935379,0.80934215
935380,0.82149756
935381,0.8143123
935382,0.8707586
935383,0.8313892
935384,0.81948227
935385,0.8249676
935386,0.7994121
935387,0.8206061
935388,0.8270835
935389,0.8435312
935390,0.8411064
935391,0.8228387
935392,0.83971083
935393,0.8299874
935394,0.8069249
935395,0.8053822
935396,0.7827472
935397,0.79150414
935398,0.7871062
935399,0.7694263
935400,0.7415543
935401,0.73768
935402,0.50833756
935403,0.20299658
935404,0.58281493
935405,0.68913877
935406,0.72146004
935407,0.77433056
935408,0.7232959
935409,0.80361044
935410,0.8480579
935411,0.8351505
935412,0.8183108
935413,0.7880622
935414,0.823079
935415,0.8710368
935416,0.8384555
935417,0.8419462
935418,0.8770491
935419,0.8863432
935420,0.85314554
935421,0.8716923
935422,0.8373767
935423,0.82654935
935424,0.81642616
935425,0.8317363
935426,0.8178998
935427,0.76300126
935428,0.80440855
935429,0.81794375
935430,0.8776136
935431,0.8061085
935432,0.8136934
935433,0.8364128
935434,0.77446246
935435,0.7721815
935436,0.7964326
935437,0.8056509
935438,0.785297
935439,0.76946187
935440,0.77210426
935441,0.75497615
935442,0.7719783
935443,0.7311679
935444,0.75340873
935445,0.84333116
935446,0.73796433
935447,0.5821267
935448,0.06328845
935449,0.30012858
935450,0.29450357
935451,0.27361143
935452,0.39956057
935453,0.2873683
935454,0.4366116
935455,0.33488384
935456,0.44791594
935457,0.31464696
935458,0.21747357
935459,0.44055882
935460,0.21248849
935461,0.090502016
935462,0.4124247
935463,0.41977268
935464,0.4757109
935465,0.37383014
935466,0.07509176
935467,0.071174525
935468,0.06283528
935469,0.05809434
935470,0.05980049
935471,0.21318534
935472,0.3596528
935473,0.24844593
935474,0.2611767
935475,0.9632983
935476,0.015414418
935477,0.04915466
935478,0.04279895
935479,0.051071193
935480,0.1668781
935481,0.045952097
935482,0.04774012
935483,0.041045934
935484,0.21767187
935485,0.30046478
935486,0.15534253
935487,0.14717542
935488,0.13510439
935489,0.12731051
935490,0.10926799
935491,0.28708947
935492,0.25170946
935493,0.121856086
935494,0.15512452
935495,0.23810877
935496,0.11200004
935497,0.08166889
935498,0.0701845
935499,0.056542967
935500,0.05534229
935501,0.05736814
935502,0.022005582
935503,0.11446479
935504,0.15997097
935505,0.011699134
935506,0.05577777
935507,0.056347206
935508,0.053656656
935509,0.05095741
935510,0.055247027
935511,0.05878931
935512,0.04907525
935513,0.058497213
935514,0.048632484
935515,0.08198356
935516,0.031476412
935517,0.07481967
935518,0.35887772
935519,0.4746074
935520,0.4136858
935521,0.30863675
935522,0.45900273
935523,0.2561126
935524,0.4525497
935525,0.30026254
935526,0.08831593
935527,0.06650017
935528,0.27036804
935529,0.22556697
935530,0.20557815
935531,0.019949758
935532,0.084077105
935533,0.07109406
935534,0.07024557
935535,0.07196584
935536,0.08227841
935537,0.081837505
935538,0.07787334
935539,0.055316422
935540,0.03986439
935541,0.01580089
935542,0.021257404
935543,0.010791615
935544,0.016589195
935545,0.011993217
935546,0.017587475
935547,0.010747348
935548,0.015169184
935549,0.40849438
935550,0.5907717
935551,0.5400932
935552,0.67933244
935553,0.6656668
935554,0.7210758
935555,0.59487414
935556,0.65051955
935557,0.66935974
935558,0.6215916
935559,0.6840862
935560,0.69145244
935561,0.6617728
935562,0.5903184
935563,0.70744365
935564,0.66950935
935565,0.71157527
935566,0.6656044
935567,0.71616566
935568,0.66595966
935569,0.63839483
935570,0.69283736
935571,0.41658762
935572,0.0072411094
935573,0.013667592
935574,0.011480074
935575,0.008842749
935576,0.012583491
935577,0.018191012
935578,0.008216797
935579,0.013105264
935580,0.0440922
935581,0.04799979
935582,0.041012265
935583,0.057317596
935584,0.17378026
935585,0.21817897
935586,0.21992627
935587,0.25647742
935588,0.15986055
935589,0.14705256
935590,0.13473246
935591,0.13793091
935592,0.15095903
935593,0.14953882
935594,0.10427161
935595,0.007217335
935596,0.010899202
935597,0.00851685
935598,0.012231247
935599,0.013381771
935600,0.009264634
935601,0.017340032
935602,0.013942495
935603,0.0105559165
935604,0.035867985
935605,0.028241636
935606,0.027438503
935607,0.024454007
935608,0.029016513
935609,0.018305626
935610,0.036791377
935611,0.038989298
935612,0.038025845
935613,0.033847958
935614,0.009135702
935615,0.0122037055
935616,0.008693581
935617,0.018989403
935618,0.016732499
935619,0.04036926
935620,0.014123642
935621,0.012386288
935622,0.012506377
935623,0.017010296
935624,0.032373693
935625,0.026466077
935626,0.25400612
935627,0.24147706
935628,0.21309194
935629,0.14115779
935630,0.019612504
935631,0.050624643
935632,0.05019566
935633,0.04781449
935634,0.049425215
935635,0.049091674
935636,0.05143484
935637,0.03933635
935638,0.0055481857
935639,0.009188813
935640,0.007461925
935641,0.012230895
935642,0.011320215
935643,0.010970597
935644,0.014195055
935645,0.020799464
935646,0.017067038
935647,0.05990855
935648,0.05758889
935649,0.07112291
935650,0.18960263
935651,0.18036473
935652,0.13511649
935653,0.1567515
935654,0.18872425
935655,0.16616236
935656,0.14810054
935657,0.011842173
935658,0.030194586
935659,0.026594948
935660,0.030174926
935661,0.030732851
935662,0.027330404
935663,0.028866336
935664,0.02483306
935665,0.007284849
935666,0.013963002
935667,0.020633083
935668,0.022216301
935669,0.03583387
935670,0.01541449
935671,0.013977491
935672,0.01563404
935673,0.06456611
935674,0.10759444
935675,0.021383367
935676,0.045966156
935677,0.041536245
935678,0.035406854
935679,0.032317836
935680,0.0441915
935681,0.09597357
935682,0.01374481
935683,0.02886183
935684,0.025955115
935685,0.075408995
935686,0.15869491
935687,0.15538435
935688,0.13901922
935689,0.11675737
935690,0.15156521
935691,0.22210045
935692,0.107997
935693,0.22416084
935694,0.12309206
935695,0.15502803
935696,0.09070113
935697,0.089651205
935698,0.07301554
935699,0.032179974
935700,0.1142724
935701,0.2784608
935702,0.16610156
935703,0.27722967
935704,0.1930201
935705,0.20493358
935706,0.016159376
935707,0.02856271
935708,0.026643058
935709,0.02724228
935710,0.032206435
935711,0.04912167
935712,0.010547975
935713,0.08076483
935714,0.0631681
935715,0.067186736
935716,0.05563354
935717,0.07358242
935718,0.08283244
935719,0.02531144
935720,0.07958265
935721,0.092926055
935722,0.08429513
935723,0.2006956
935724,0.08893838
935725,0.061130222
935726,0.011959368
935727,0.010035329
935728,0.01601367
935729,0.015327384
935730,0.011749295
935731,0.03048425
935732,0.009744273
935733,0.063465975
935734,0.01608735
935735,0.0152889
935736,0.06250792
935737,0.0644683
935738,0.06662029
935739,0.2668711
935740,0.23673312
935741,0.007146726
935742,0.017364262
935743,0.0099379765
935744,0.01635759
935745,0.013736383
935746,0.0150818555
935747,0.020752743
935748,0.45593813
935749,0.53789395
935750,0.39771017
935751,0.58271796
935752,0.6018341
935753,0.62827826
935754,0.659902
935755,0.5755398
935756,0.50058585
935757,0.579022
935758,0.38286322
935759,0.19139235
935760,0.4328207
935761,0.5840666
935762,0.56778824
935763,0.44002137
935764,0.5898779
935765,0.49867707
935766,0.6442579
935767,0.36141542
935768,0.39864898
935769,0.6474277
935770,0.60825694
935771,0.42376253
935772,0.006184013
935773,0.0086458735
935774,0.009331725
935775,0.0081312675
935776,0.016960613
935777,0.012883944
935778,0.009801631
935779,0.010137994
935780,0.034489274
935781,0.22632338
935782,0.49339446
935783,0.4146881
935784,0.6162983
935785,0.6279417
935786,0.5794778
935787,0.526324
935788,0.57093024
935789,0.6271136
935790,0.5886446
935791,0.6636496
935792,0.5706085
935793,0.5756064
935794,0.5364895
935795,0.6245328
935796,0.63237154
935797,0.60902137
935798,0.48118457
935799,0.010628883
935800,0.010004276
935801,0.010476449
935802,0.016803442
935803,0.02364839
935804,0.016485346
935805,0.026892742
935806,0.015915485
935807,0.021462068
935808,0.020285694
935809,0.03986378
935810,0.3639405
935811,0.6040202
935812,0.5146426
935813,0.4630599
935814,0.49844927
935815,0.45784667
935816,0.50132364
935817,0.46939433
935818,0.47577906
935819,0.49036998
935820,0.41177565
935821,0.26891428
935822,0.00585692
935823,0.015094864
935824,0.010974478
935825,0.007715434
935826,0.009310083
935827,0.019219035
935828,0.009006203
935829,0.014415772
935830,0.57902056
935831,0.70532787
935832,0.7877635
935833,0.70222914
935834,0.77562743
935835,0.780686
935836,0.73775023
935837,0.7086406
935838,0.7976813
935839,0.7925278
935840,0.81802773
935841,0.7764218
935842,0.80296046
935843,0.70867276
935844,0.7899099
935845,0.70714545
935846,0.68116844
935847,0.6922212
935848,0.64010394
935849,0.7096979
935850,0.6683046
935851,0.7940625
935852,0.51178294
935853,0.101463936
935854,0.30606383
935855,0.31282607
935856,0.28544265
935857,0.010503597
935858,0.01680925
935859,0.012193202
935860,0.012314112
935861,0.030039374
935862,0.022746364
935863,0.14029844
935864,0.20978409
935865,0.19518925
935866,0.20345923
935867,0.22865446
935868,0.15326102
935869,0.20957744
935870,0.26872787
935871,0.15122157
935872,0.1592452
935873,0.15241188
935874,0.14323618
935875,0.10753859
935876,0.10762003
935877,0.10140346
935878,0.08756387
935879,0.06960278
935880,0.062006924
935881,0.013760092
935882,0.059053544
935883,0.029098406
935884,0.046072636
935885,0.035295215
935886,0.035172246
935887,0.08215897
935888,0.018231766
935889,0.0572717
935890,0.05486532
935891,0.07222033
935892,0.020013582
935893,0.03881523
935894,0.04390005
935895,0.15753907
935896,0.1417713
935897,0.13585484
935898,0.23910858
935899,0.13620687
935900,0.09820818
935901,0.09433846
935902,0.20391354
935903,0.05510645
935904,0.03871641
935905,0.04389558
935906,0.048760373
935907,0.044423357
935908,0.03748889
935909,0.044100773
935910,0.032546505
935911,0.072609186
935912,0.017763875
935913,0.047690578
935914,0.061278723
935915,0.10740709
935916,0.58912843
935917,0.71483874
935918,0.7296944
935919,0.5691431
935920,0.62234414
935921,0.6865722
935922,0.5938834
935923,0.60790247
935924,0.6580262
935925,0.5968447
935926,0.65199554
935927,0.40709627
935928,0.05404937
935929,0.04880851
935930,0.055095136
935931,0.052489813
935932,0.057814337
935933,0.03892923
935934,0.01574412
935935,0.12428366
935936,0.12901504
935937,0.14258245
935938,0.13923325
935939,0.1424225
935940,0.14276057
935941,0.12929586
935942,0.27433717
935943,0.35886154
935944,0.26632807
935945,0.333062
935946,0.3610715
935947,0.2909786
935948,0.2701427
935949,0.36608297
935950,0.38529152
935951,0.47696215
935952,0.3950683
935953,0.54180646
935954,0.38479683
935955,0.5929758
935956,0.41962188
935957,0.27443856
935958,0.2677022
935959,0.26681337
935960,0.23507664
935961,0.24753787
935962,0.2514961
935963,0.3268293
935964,0.2285395
935965,0.10281854
935966,0.17875357
935967,0.0254198
935968,0.036435172
935969,0.040638782
935970,0.037274167
935971,0.053495076
935972,0.042402085
935973,0.053613663
935974,0.03156421
935975,0.009403511
935976,0.057030432
935977,0.053582713
935978,0.06426524
935979,0.064344324
935980,0.066453345
935981,0.08136184
935982,0.038733985
935983,0.025608387
935984,0.032727122
935985,0.034731586
935986,0.049171936
935987,0.007256389
935988,0.02309398
935989,0.024507385
935990,0.023489514
935991,0.026649112
935992,0.019872855
935993,0.028749382
935994,0.23405118
935995,0.19018477
935996,0.46574765
935997,0.3571775
935998,0.24734125
935999,0.019811593
936000,0.2732382
936001,0.36114657
936002,0.38505352
936003,0.39067194
936004,0.29593927
936005,0.22252575
936006,0.2660574
936007,0.2268494
936008,0.22867247
936009,0.24273531
936010,0.034054697
936011,0.10806358
936012,0.23638804
936013,0.13846721
936014,0.22227123
936015,0.119356744
936016,0.14511965
936017,0.14609
936018,0.031112589
936019,0.43401176
936020,0.5604127
936021,0.571803
936022,0.6931642
936023,0.5689307
936024,0.56646067
936025,0.6131588
936026,0.5481589
936027,0.55055374
936028,0.5092457
936029,0.43982464
936030,0.045750976
936031,0.40553096
936032,0.51804507
936033,0.5466058
936034,0.550931
936035,0.51215965
936036,0.51513726
936037,0.49844098
936038,0.5793434
936039,0.55649173
936040,0.5797328
936041,0.56700194
936042,0.5761587
936043,0.5531889
936044,0.39394486
936045,0.09746581
936046,0.17202054
936047,0.14365321
936048,0.20167612
936049,0.20998734
936050,0.25524575
936051,0.22145371
936052,0.23125967
936053,0.15565187
936054,0.084598854
936055,0.22423083
936056,0.25367436
936057,0.23094386
936058,0.09822902
936059,0.24264538
936060,0.37179568
936061,0.22142845
936062,0.28769517
936063,0.22374044
936064,0.26671514
936065,0.19533399
936066,0.04414018
936067,0.5174328
936068,0.37127128
936069,0.53097844
936070,0.5124655
936071,0.46308583
936072,0.4035035
936073,0.6749036
936074,0.6176955
936075,0.5947589
936076,0.4071505
936077,0.09923621
936078,0.13269635
936079,0.43241432
936080,0.10894464
936081,0.577459
936082,0.57397664
936083,0.134744
936084,0.26839033
936085,0.21531548
936086,0.15215953
936087,0.13087457
936088,0.17757785
936089,0.348875
936090,0.31237605
936091,0.30576348
936092,0.024636814
936093,0.083985314
936094,0.22595017
936095,0.22523822
936096,0.09052855
936097,0.088303894
936098,0.2416297
936099,0.104623705
936100,0.19923753
936101,0.09903976
936102,0.13798012
936103,0.01917843
936104,0.05291322
936105,0.051868644
936106,0.043370113
936107,0.030803319
936108,0.042786393
936109,0.041397914
936110,0.031540222
936111,0.40448293
936112,0.5476038
936113,0.54047483
936114,0.5669256
936115,0.60944515
936116,0.54105103
936117,0.6579913
936118,0.69125485
936119,0.5693378
936120,0.49310467
936121,0.56926876
936122,0.5582466
936123,0.6306893
936124,0.5724707
936125,0.36198485
936126,0.016084217
936127,0.096729994
936128,0.12112056
936129,0.0344168
936130,0.46672308
936131,0.58179253
936132,0.5287006
936133,0.5174414
936134,0.5830726
936135,0.56223524
936136,0.5436061
936137,0.5545516
936138,0.5405077
936139,0.5188381
936140,0.4856672
936141,0.5965411
936142,0.48597282
936143,0.5696806
936144,0.6275887
936145,0.38454545
936146,0.24302775
936147,0.14781402
936148,0.1626253
936149,0.04971356
936150,0.360648
936151,0.32367414
936152,0.42719442
936153,0.39640367
936154,0.37143743
936155,0.4120615
936156,0.3814626
936157,0.52061856
936158,0.39746016
936159,0.3650346
936160,0.33078745
936161,0.04019652
936162,0.2671559
936163,0.30386788
936164,0.31646433
936165,0.31510213
936166,0.23518756
936167,0.21716784
936168,0.22347625
936169,0.1738086
936170,0.30000818
936171,0.14624897
936172,0.10162435
936173,0.26441294
936174,0.17856629
936175,0.06493453
936176,0.46650577
936177,0.5298674
936178,0.5363056
936179,0.5867146
936180,0.58119154
936181,0.42995122
936182,0.5510139
936183,0.6188237
936184,0.761167
936185,0.6706376
936186,0.63773155
936187,0.62396634
936188,0.672266
936189,0.5944945
936190,0.73400444
936191,0.7395063
936192,0.35484028
936193,0.09103164
936194,0.103695035
936195,0.09849546
936196,0.18387689
936197,0.25370228
936198,0.27694306
936199,0.15238796
936200,0.13531989
936201,0.13767055
936202,0.13600919
936203,0.121326976
936204,0.16155879
936205,0.11243728
936206,0.1015765
936207,0.09124786
936208,0.09006429
936209,0.080277145
936210,0.117715806
936211,0.36707664
936212,0.25062123
936213,0.33615208
936214,0.3901864
936215,0.33093604
936216,0.34003502
936217,0.37960923
936218,0.2492039
936219,0.22541393
936220,0.079976596
936221,0.27550682
936222,0.23546351
936223,0.08619499
936224,0.25350344
936225,0.17464197
936226,0.17211284
936227,0.16720493
936228,0.1995416
936229,0.36600143
936230,0.3096809
936231,0.32155317
936232,0.47409245
936233,0.5454738
936234,0.44558153
936235,0.42262855
936236,0.43854445
936237,0.5824728
936238,0.40574625
936239,0.41218987
936240,0.38412502
936241,0.3544155
936242,0.077803455
936243,0.2057715
936244,0.3594378
936245,0.2027167
936246,0.1943622
936247,0.060493782
936248,0.20091131
936249,0.11784857
936250,0.5072049
936251,0.23070589
936252,0.26864567
936253,0.2568829
936254,0.25387964
936255,0.028306335
936256,0.03350562
936257,0.04760779
936258,0.036016535
936259,0.073097974
936260,0.028771106
936261,0.028040554
936262,0.02967243
936263,0.0352543
936264,0.019836321
936265,0.032147765
936266,0.01205403
936267,0.044037607
936268,0.04964844
936269,0.03898811
936270,0.040745396
936271,0.03653333
936272,0.024391742
936273,0.052097496
936274,0.15451822
936275,0.5367027
936276,0.6066506
936277,0.7153409
936278,0.7127542
936279,0.7128934
936280,0.75922656
936281,0.728581
936282,0.6938678
936283,0.66429687
936284,0.71711373
936285,0.6537848
936286,0.76771057
936287,0.5903672
936288,0.75841403
936289,0.6573051
936290,0.6124319
936291,0.6647795
936292,0.6009023
936293,0.36917394
936294,0.1393988
936295,0.26425683
936296,0.120451
936297,0.12641993
936298,0.12986456
936299,0.14118388
936300,0.12910435
936301,0.032091655
936302,0.23256999
936303,0.26857024
936304,0.044672687
936305,0.1375963
936306,0.170008
936307,0.13634332
936308,0.12903063
936309,0.16429725
936310,0.34217954
936311,0.085000865
936312,0.2800802
936313,0.25959507
936314,0.24621645
936315,0.18237203
936316,0.042154603
936317,0.13890542
936318,0.15605812
936319,0.096150465
936320,0.13102248
936321,0.15281707
936322,0.14292113
936323,0.11397371
936324,0.033701014
936325,0.18891035
936326,0.12914923
936327,0.18919276
936328,0.25767976
936329,0.2633083
936330,0.3137659
936331,0.15101631
936332,0.14808455
936333,0.13963394
936334,0.14486764
936335,0.08260878
936336,0.39887804
936337,0.34247392
936338,0.39129215
936339,0.5443829
936340,0.49442613
936341,0.49041757
936342,0.23024045
936343,0.341607
936344,0.338994
936345,0.29766402
936346,0.3370543
936347,0.23545112
936348,0.17461345
936349,0.15346394
936350,0.3409608
936351,0.9545209
936352,0.18994626
936353,0.2437133
936354,0.26195216
936355,0.1879739
936356,0.011073544
936357,0.05692275
936358,0.04606367
936359,0.041361675
936360,0.040878385
936361,0.044461496
936362,0.04421943
936363,0.037524402
936364,0.12624039
936365,0.14947888
936366,0.19704643
936367,0.30766734
936368,0.24711007
936369,0.26965845
936370,0.025161028
936371,0.97698694
936372,0.11678486
936373,0.11514037
936374,0.24353342
936375,0.14614145
936376,0.08108929
936377,0.17236806
936378,0.09197492
936379,0.08012633
936380,0.023588495
936381,0.06845147
936382,0.26243725
936383,0.2552724
936384,0.22074513
936385,0.28990182
936386,0.40570962
936387,0.40210524
936388,0.3454257
936389,0.12602432
936390,0.29723012
936391,0.3976844
936392,0.1872166
936393,0.08296637
936394,0.32220933
936395,0.2636552
936396,0.2837717
936397,0.25255707
936398,0.2749562
936399,0.26409057
936400,0.18408203
936401,0.15772353
936402,0.14432773
936403,0.13999818
936404,0.013790623
936405,0.036312554
936406,0.039086107
936407,0.04305367
936408,0.037546787
936409,0.045220923
936410,0.046324607
936411,0.03936476
936412,0.014085601
936413,0.03952131
936414,0.04510681
936415,0.057552256
936416,0.040009383
936417,0.07857778
936418,0.030216452
936419,0.038193088
936420,0.03739992
936421,0.3464636
936422,0.34657714
936423,0.3380312
936424,0.33725402
936425,0.33861396
936426,0.3136887
936427,0.26720646
936428,0.25423822
936429,0.2676819
936430,0.2875706
936431,0.1946222
936432,0.18985021
936433,0.19541207
936434,0.26149505
936435,0.20471947
936436,0.219512
936437,0.03304636
936438,0.074371725
936439,0.032432627
936440,0.03941484
936441,0.032041002
936442,0.04470303
936443,0.037535243
936444,0.01748164
936445,0.03988807
936446,0.036382306
936447,0.03740658
936448,0.044124033
936449,0.035712987
936450,0.041544724
936451,0.04255385
936452,0.016839648
936453,0.030258741
936454,0.030971827
936455,0.027045986
936456,0.030829096
936457,0.02069872
936458,0.046932496
936459,0.09352573
936460,0.07121392
936461,0.07457716
936462,0.042024326
936463,0.050167833
936464,0.04505453
936465,0.04296287
936466,0.043344636
936467,0.053423073
936468,0.04371341
936469,0.057963688
936470,0.018454753
936471,0.052360076
936472,0.057253137
936473,0.051721867
936474,0.042641547
936475,0.066752665
936476,0.052443825
936477,0.043361586
936478,0.21786429
936479,0.32359642
936480,0.13404547
936481,0.14653009
936482,0.1536553
936483,0.14194648
936484,0.08720885
936485,0.019833717
936486,0.051197726
936487,0.16806655
936488,0.16623063
936489,0.04375595
936490,0.0444748
936491,0.312631
936492,0.0113963615
936493,0.06276525
936494,0.059901584
936495,0.05952208
936496,0.055049088
936497,0.058685903
936498,0.022789326
936499,0.10225416
936500,0.034602802
936501,0.035353396
936502,0.03972862
936503,0.037102103
936504,0.044449493
936505,0.033217046
936506,0.046074722
936507,0.049229823
936508,0.052597966
936509,0.03464859
936510,0.019301483
936511,0.13705632
936512,0.14855829
936513,0.14073627
936514,0.13808076
936515,0.16092972
936516,0.16614664
936517,0.17163025
936518,0.037426952
936519,0.1165115
936520,0.3278616
936521,0.34251344
936522,0.2932729
936523,0.01902928
936524,0.04497875
936525,0.047863673
936526,0.044281445
936527,0.0445377
936528,0.045779094
936529,0.03536771
936530,0.05285602
936531,0.49272537
936532,0.39988086
936533,0.61346155
936534,0.6948548
936535,0.70693207
936536,0.7160083
936537,0.7111878
936538,0.741799
936539,0.7239448
936540,0.7037258
936541,0.6985913
936542,0.6778152
936543,0.72355056
936544,0.45952767
936545,0.18423758
936546,0.21877176
936547,0.11774936
936548,0.03652854
936549,0.03556814
936550,0.031022165
936551,0.016394973
936552,0.034266558
936553,0.032724157
936554,0.028753249
936555,0.25679728
936556,0.37055314
936557,0.16861686
936558,0.020509351
936559,0.084633246
936560,0.10991248
936561,0.10624968
936562,0.04608605
936563,0.035720877
936564,0.028820269
936565,0.014420305
936566,0.032738175
936567,0.03209938
936568,0.031886708
936569,0.05576831
936570,0.31051725
936571,0.1997828
936572,0.07122159
936573,0.17311484
936574,0.14548354
936575,0.15481561
936576,0.1760096
936577,0.38006267
936578,0.5319985
936579,0.20306988
936580,0.2720891
936581,0.1688189
936582,0.15982406
936583,0.16946356
936584,0.24655938
936585,0.17147164
936586,0.11071716
936587,0.17533696
936588,0.14990118
936589,0.14017798
936590,0.05561299
936591,0.22214878
936592,0.22047168
936593,0.21712938
936594,0.21792465
936595,0.18663657
936596,0.033555925
936597,0.10326395
936598,0.10956274
936599,0.078385584
936600,0.015432862
936601,0.09708199
936602,0.083875164
936603,0.0857749
936604,0.10146066
936605,0.07414301
936606,0.091098286
936607,0.081731476
936608,0.056297973
936609,0.344217
936610,0.34184504
936611,0.19164668
936612,0.23514263
936613,0.24657924
936614,0.27501875
936615,0.17966221
936616,0.36175087
936617,0.35955974
936618,0.22088718
936619,0.13165578
936620,0.020561151
936621,0.15657648
936622,0.1552456
936623,0.020766672
936624,0.021645304
936625,0.020517144
936626,0.2975124
936627,0.3394882
936628,0.26296383
936629,0.28150827
936630,0.017532993
936631,0.021768698
936632,0.019849857
936633,0.018185103
936634,0.07285826
936635,0.27840546
936636,0.18910831
936637,0.011704057
936638,0.022908673
936639,0.020003665
936640,0.021305053
936641,0.026691223
936642,0.021327535
936643,0.015490328
936644,0.020970035
936645,0.02068973
936646,0.021612192
936647,0.019310521
936648,0.06563811
936649,0.14258386
936650,0.45624688
936651,0.33026645
936652,0.40911904
936653,0.37559423
936654,0.3847929
936655,0.4613884
936656,0.557356
936657,0.40859082
936658,0.30579954
936659,0.022179734
936660,0.04810058
936661,0.04490462
936662,0.047185656
936663,0.04445778
936664,0.03678069
936665,0.032720268
936666,0.22249646
936667,0.63396347
936668,0.67155534
936669,0.6827355
936670,0.77048373
936671,0.71774495
936672,0.78904283
936673,0.75873256
936674,0.7607932
936675,0.71257794
936676,0.66638124
936677,0.6434642
936678,0.6550128
936679,0.733258
936680,0.68730587
936681,0.7444502
936682,0.7321767
936683,0.3397197
936684,0.012793958
936685,0.032401025
936686,0.035431284
936687,0.038313203
936688,0.034183748
936689,0.026377643
936690,0.023434877
936691,0.054246817
936692,0.06042806
936693,0.02400331
936694,0.10084962
936695,0.101227954
936696,0.14834127
936697,0.24121304
936698,0.13865705
936699,0.064433314
936700,0.0746569
936701,0.13347311
936702,0.10623214
936703,0.27755073
936704,0.20224121
936705,0.015481031
936706,0.13141455
936707,0.31646675
936708,0.097295724
936709,0.18708427
936710,0.22846073
936711,0.33824688
936712,0.25130844
936713,0.18658726
936714,0.23314543
936715,0.28169933
936716,0.068329066
936717,0.045042504
936718,0.023472039
936719,0.07361085
936720,0.13117786
936721,0.27887014
936722,0.40296626
936723,0.11665326
936724,0.1601055
936725,0.2535312
936726,0.31355384
936727,0.31656864
936728,0.09753857
936729,0.11221596
936730,0.1392431
936731,0.37102148
936732,0.22881643
936733,0.033025973
936734,0.12360429
936735,0.0803367
936736,0.087848
936737,0.10741356
936738,0.12839408
936739,0.075876065
936740,0.09065116
936741,0.14542478
936742,0.09548131
936743,0.07502423
936744,0.1482267
936745,0.03695414
936746,0.11732073
936747,0.14373927
936748,0.24074256
936749,0.27626818
936750,0.22761609
936751,0.190363
936752,0.17082968
936753,0.17321807
936754,0.18176636
936755,0.18027341
936756,0.25533286
936757,0.2956132
936758,0.21327354
936759,0.22364984
936760,0.19705237
936761,0.17491792
936762,0.1819739
936763,0.17941013
936764,0.15759555
936765,0.04907129
936766,0.22428569
936767,0.20674343
936768,0.3025929
936769,0.22412293
936770,0.37599188
936771,0.2190985
936772,0.2640304
936773,0.23824431
936774,0.1598773
936775,0.014966876
936776,0.12099633
936777,0.101434685
936778,0.0819079
936779,0.063506775
936780,0.06277753
936781,0.023317657
936782,0.028885376
936783,0.028923608
936784,0.029951325
936785,0.028724682
936786,0.035235215
936787,0.025278846
936788,0.012913221
936789,0.025073202
936790,0.025211293
936791,0.027503105
936792,0.0345756
936793,0.025527064
936794,0.023529302
936795,0.010572588
936796,0.02638029
936797,0.036496356
936798,0.03372231
936799,0.028183103
936800,0.32843757
936801,0.18043873
936802,0.010140798
936803,0.035460237
936804,0.02943133
936805,0.034572396
936806,0.029795982
936807,0.04353356
936808,0.031178283
936809,0.20280118
936810,0.03811823
936811,0.0931169
936812,0.106828965
936813,0.11000996
936814,0.012257262
936815,0.060725734
936816,0.035041664
936817,0.041616924
936818,0.037369214
936819,0.03538704
936820,0.04337058
936821,0.041229997
936822,0.01346514
936823,0.037827656
936824,0.04101533
936825,0.034489956
936826,0.03801113
936827,0.04023252
936828,0.03632286
936829,0.029863287
936830,0.010979785
936831,0.034983147
936832,0.039975453
936833,0.037085522
936834,0.034752823
936835,0.039880723
936836,0.034065012
936837,0.02354311
936838,0.21352196
936839,0.1845544
936840,0.17798291
936841,0.123815574
936842,0.018960945
936843,0.08703001
936844,0.08305606
936845,0.07124025
936846,0.10431662
936847,0.38746643
936848,0.14100008
936849,0.12260644
936850,0.11387051
936851,0.12018183
936852,0.14931002
936853,0.14299424
936854,0.13166228
936855,0.13221613
936856,0.09746495
936857,0.23256631
936858,0.0108843
936859,0.028864222
936860,0.02691627
936861,0.036139853
936862,0.033462718
936863,0.031604048
936864,0.034083553
936865,0.03685425
936866,0.028426286
936867,0.25075036
936868,0.24607317
936869,0.14205804
936870,0.22123724
936871,0.091027774
936872,0.10732175
936873,0.08151395
936874,0.10904477
936875,0.24084005
936876,0.21737064
936877,0.30436623
936878,0.231162
936879,0.23274207
936880,0.21672791
936881,0.1577564
936882,0.5074959
936883,0.65208995
936884,0.6412598
936885,0.7608338
936886,0.7813754
936887,0.86114836
936888,0.88014615
936889,0.82198036
936890,0.8832909
936891,0.82270104
936892,0.81637365
936893,0.9004341
936894,0.88504297
936895,0.89557993
936896,0.8113906
936897,0.80094963
936898,0.8526667
936899,0.88323236
936900,0.8262109
936901,0.83828324
936902,0.8067063
936903,0.8617478
936904,0.8503132
936905,0.84642076
936906,0.78135973
936907,0.7735912
936908,0.74154425
936909,0.35768253
936910,0.01784964
936911,0.07282839
936912,0.08125292
936913,0.077172205
936914,0.08231838
936915,0.08155899
936916,0.2229978
936917,0.024343098
936918,0.062588416
936919,0.06675363
936920,0.06595103
936921,0.063145235
936922,0.067103155
936923,0.051840756
936924,0.07019824
936925,0.050767176
936926,0.03118649
936927,0.047226686
936928,0.057295546
936929,0.06103631
936930,0.059732776
936931,0.18572351
936932,0.011038555
936933,0.029816905
936934,0.027822986
936935,0.035132453
936936,0.01942544
936937,0.024915718
936938,0.02559531
936939,0.024448456
936940,0.21053967
936941,0.013021269
936942,0.025594054
936943,0.055111118
936944,0.05210501
936945,0.024039738
936946,0.02381741
936947,0.029569026
936948,0.03018046
936949,0.06145705
936950,0.028320726
936951,0.101488024
936952,0.087164864
936953,0.01448346
936954,0.04366258
936955,0.04557664
936956,0.033213455
936957,0.15864345
936958,0.14958708
936959,0.062162045
936960,0.22698165
936961,0.10793356
936962,0.03594927
936963,0.06528659
936964,0.11877453
936965,0.010356235
936966,0.02838975
936967,0.033216294
936968,0.029753396
936969,0.027886657
936970,0.028472453
936971,0.025992507
936972,0.2997694
936973,0.008800134
936974,0.02600512
936975,0.020737292
936976,0.028016452
936977,0.028850352
936978,0.018412089
936979,0.025081024
936980,0.026235286
936981,0.015573504
936982,0.007045714
936983,0.017963821
936984,0.018545236
936985,0.02088466
936986,0.014416951
936987,0.013813853
936988,0.014652567
936989,0.007432498
936990,0.02157675
936991,0.028716108
936992,0.025455186
936993,0.022362435
936994,0.026014892
936995,0.025664577
936996,0.044540033
936997,0.02387359
936998,0.007741188
936999,0.021519734
937000,0.05900959
937001,0.043775845
937002,0.018445013
937003,0.02422015
937004,0.024079453
937005,0.025668088
937006,0.016811015
937007,0.010988875
937008,0.018501354
937009,0.02267963
937010,0.016125252
937011,0.025567899
937012,0.03302705
937013,0.014630106
937014,0.29787436
937015,0.41215488
937016,0.33101064
937017,0.32056534
937018,0.33266094
937019,0.30802464
937020,0.34040958
937021,0.2651367
937022,0.008292328
937023,0.023842169
937024,0.015730804
937025,0.028468248
937026,0.024238735
937027,0.014616899
937028,0.07719231
937029,0.06510559
937030,0.053110518
937031,0.046607222
937032,0.01674446
937033,0.06742204
937034,0.100569144
937035,0.115877375
937036,0.13638887
937037,0.11027212
937038,0.07875182
937039,0.10149955
937040,0.030852027
937041,0.060494173
937042,0.05324649
937043,0.33038354
937044,0.2502121
937045,0.22407867
937046,0.24656089
937047,0.14785382
937048,0.26525286
937049,0.20566173
937050,0.22164898
937051,0.2312837
937052,0.19761023
937053,0.2342404
937054,0.271808
937055,0.13399814
937056,0.06980437
937057,0.07330931
937058,0.24081457
937059,0.19107552
937060,0.1082016
937061,0.1930941
937062,0.084983155
937063,0.010433269
937064,0.04214201
937065,0.16281304
937066,0.039165333
937067,0.030999506
937068,0.07759673
937069,0.053838313
937070,0.042455148
937071,0.29614207
937072,0.0107675195
937073,0.048964217
937074,0.02541631
937075,0.033988666
937076,0.05107593
937077,0.040207837
937078,0.05192401
937079,0.039314568
937080,0.023559405
937081,0.015278925
937082,0.043902934
937083,0.05429556
937084,0.040776268
937085,0.04713534
937086,0.15830357
937087,0.28192988
937088,0.23173083
937089,0.25713828
937090,0.15494682
937091,0.05675723
937092,0.15347718
937093,0.15319584
937094,0.15041694
937095,0.15228261
937096,0.14803296
937097,0.22951736
937098,0.20874865
937099,0.24217732
937100,0.3017544
937101,0.22153346
937102,0.21922088
937103,0.22272076
937104,0.26038262
937105,0.2107399
937106,0.19397809
937107,0.18283185
937108,0.14729631
937109,0.14456713
937110,0.1422385
937111,0.10666064
937112,0.02353802
937113,0.11243283
937114,0.17535003
937115,0.17303884
937116,0.014639801
937117,0.04130547
937118,0.050301112
937119,0.0533592
937120,0.022440765
937121,0.029827759
937122,0.05468599
937123,0.031545088
937124,0.047655087
937125,0.009386301
937126,0.035437774
937127,0.033177085
937128,0.043430008
937129,0.02529811
937130,0.032969054
937131,0.022741504
937132,0.047937546
937133,0.029261464
937134,0.028612666
937135,0.05137118
937136,0.050992955
937137,0.119738646
937138,0.13581222
937139,0.29949528
937140,0.23635799
937141,0.3068629
937142,0.24870114
937143,0.25808027
937144,0.16345918
937145,0.14633402
937146,0.20347412
937147,0.1890919
937148,0.20065123
937149,0.13567887
937150,0.14200307
937151,0.25882888
937152,0.01640848
937153,0.06416586
937154,0.055913664
937155,0.064034306
937156,0.06580072
937157,0.24433361
937158,0.2037151
937159,0.22292322
937160,0.34161618
937161,0.3521133
937162,0.17530423
937163,0.036745165
937164,0.47800994
937165,0.59488434
937166,0.6347615
937167,0.67127144
937168,0.6786126
937169,0.688594
937170,0.67761075
937171,0.7157315
937172,0.7146163
937173,0.71913415
937174,0.7047816
937175,0.64839625
937176,0.55487734
937177,0.5664661
937178,0.57067513
937179,0.5831153
937180,0.25949487
937181,0.079402834
937182,0.09202517
937183,0.09746883
937184,0.07461462
937185,0.074806176
937186,0.06850112
937187,0.05812427
937188,0.12929387
937189,0.016183266
937190,0.04019777
937191,0.035930034
937192,0.039881002
937193,0.04435994
937194,0.04746099
937195,0.060896557
937196,0.03377193
937197,0.032694202
937198,0.03153099
937199,0.29076412
937200,0.32060516
937201,0.30301434
937202,0.20425592
937203,0.16967414
937204,0.113685876
937205,0.109493285
937206,0.06816327
937207,0.014838841
937208,0.044586
937209,0.041919846
937210,0.049835708
937211,0.05215055
937212,0.044718377
937213,0.14526083
937214,0.13311207
937215,0.14102422
937216,0.010498191
937217,0.05037757
937218,0.047822952
937219,0.046395987
937220,0.04982432
937221,0.04791957
937222,0.046460416
937223,0.056005713
937224,0.1319577
937225,0.1699621
937226,0.11567462
937227,0.09494188
937228,0.18668889
937229,0.1984326
937230,0.09981137
937231,0.15695703
937232,0.16021596
937233,0.18583885
937234,0.31566072
937235,0.26855806
937236,0.3899991
937237,0.28158233
937238,0.31627434
937239,0.3158182
937240,0.19840151
937241,0.2432268
937242,0.23587038
937243,0.06254102
937244,0.22133446
937245,0.28686652
937246,0.35312706
937247,0.012061771
937248,0.10674731
937249,0.11956222
937250,0.14326906
937251,0.33428377
937252,0.10617039
937253,0.10462792
937254,0.013420481
937255,0.030025728
937256,0.033609945
937257,0.03194933
937258,0.036902666
937259,0.046266194
937260,0.05144366
937261,0.044574652
937262,0.03890202
937263,0.62734765
937264,0.71242136
937265,0.6712174
937266,0.81177753
937267,0.8012794
937268,0.79899573
937269,0.7676765
937270,0.8280557
937271,0.8069026
937272,0.77140695
937273,0.80808365
937274,0.8148204
937275,0.8008127
937276,0.834688
937277,0.7858345
937278,0.8354031
937279,0.8424553
937280,0.82152444
937281,0.84104836
937282,0.78079057
937283,0.78978485
937284,0.77930564
937285,0.8350561
937286,0.7658887
937287,0.8072718
937288,0.8011928
937289,0.78418654
937290,0.796707
937291,0.7868409
937292,0.7704035
937293,0.7335159
937294,0.7756487
937295,0.7543232
937296,0.60467416
937297,0.043240704
937298,0.076819465
937299,0.09240752
937300,0.022658184
937301,0.040649846
937302,0.027463054
937303,0.041670248
937304,0.035037447
937305,0.072310515
937306,0.04511908
937307,0.114954315
937308,0.23651575
937309,0.22978514
937310,0.05201029
937311,0.016076092
937312,0.06945338
937313,0.05246325
937314,0.05399724
937315,0.04966056
937316,0.048545215
937317,0.044045817
937318,0.12384096
937319,0.19826932
937320,0.03049496
937321,0.047064446
937322,0.048044283
937323,0.068440236
937324,0.030217033
937325,0.14393586
937326,0.18154065
937327,0.22566235
937328,0.10644655
937329,0.18514635
937330,0.076280385
937331,0.16682807
937332,0.11600729
937333,0.077866174
937334,0.107588165
937335,0.009878623
937336,0.0460607
937337,0.032725763
937338,0.03238735
937339,0.03228355
937340,0.026341192
937341,0.15073185
937342,0.014662456
937343,0.043853123
937344,0.048815913
937345,0.040864028
937346,0.046252623
937347,0.042646725
937348,0.042190265
937349,0.07349916
937350,0.020592978
937351,0.027196998
937352,0.024604497
937353,0.036206216
937354,0.027420614
937355,0.020340517
937356,0.0836118
937357,0.07432598
937358,0.09049152
937359,0.085134394
937360,0.08289279
937361,0.09268289
937362,0.0661636
937363,0.12469554
937364,0.13138159
937365,0.12565792
937366,0.060301233
937367,0.24354547
937368,0.35203743
937369,0.26116565
937370,0.23533708
937371,0.25246108
937372,0.123188086
937373,0.09745342
937374,0.22397019
937375,0.15185882
937376,0.14455429
937377,0.14958149
937378,0.23841129
937379,0.13838834
937380,0.11162115
937381,0.04186879
937382,0.22714181
937383,0.18204172
937384,0.09866213
937385,0.02029343
937386,0.051158577
937387,0.053136207
937388,0.05473376
937389,0.048273552
937390,0.051344533
937391,0.059312675
937392,0.055070378
937393,0.04663065
937394,0.037713777
937395,0.11782177
937396,0.14353344
937397,0.022215033
937398,0.057690516
937399,0.059463322
937400,0.05944344
937401,0.066389844
937402,0.048344746
937403,0.051985443
937404,0.042267937
937405,0.011612539
937406,0.071720645
937407,0.062614776
937408,0.064695686
937409,0.043737534
937410,0.32585937
937411,0.370685
937412,0.35696557
937413,0.2502006
937414,0.0664559
937415,0.034350567
937416,0.32227612
937417,0.5822433
937418,0.54523563
937419,0.5442284
937420,0.6086055
937421,0.66543967
937422,0.4272319
937423,0.6120492
937424,0.55860275
937425,0.56333303
937426,0.42118633
937427,0.61992747
937428,0.3361537
937429,0.45716807
937430,0.414232
937431,0.27774483
937432,0.18140928
937433,0.17312986
937434,0.1751517
937435,0.1093842
937436,0.15641622
937437,0.05852988
937438,0.06599703
937439,0.07535439
937440,0.071365334
937441,0.079698615
937442,0.07281743
937443,0.061785977
937444,0.068082
937445,0.052166678
937446,0.19269247
937447,0.15274718
937448,0.123301424
937449,0.12886411
937450,0.12349625
937451,0.093684435
937452,0.04281474
937453,0.51006377
937454,0.6834556
937455,0.7015317
937456,0.74377114
937457,0.7461305
937458,0.7893452
937459,0.700499
937460,0.7231731
937461,0.7144345
937462,0.6977213
937463,0.7233433
937464,0.71527827
937465,0.72962576
937466,0.7098885
937467,0.66956294
937468,0.69462806
937469,0.69821703
937470,0.3887585
937471,0.1565147
937472,0.02250157
937473,0.04352126
937474,0.048269708
937475,0.05442103
937476,0.009735686
937477,0.03041763
937478,0.032129567
937479,0.03336997
937480,0.035371736
937481,0.03269979
937482,0.03359278
937483,0.023465984
937484,0.008583031
937485,0.02776024
937486,0.02421358
937487,0.024885679
937488,0.026490971
937489,0.024775794
937490,0.02070908
937491,0.017278675
937492,0.251963
937493,0.25248712
937494,0.17078243
937495,0.26106963
937496,0.01483004
937497,0.024950141
937498,0.026126174
937499,0.03224727
937500,0.052209638
937501,0.038868237
937502,0.06340446
937503,0.036384773
937504,0.034293734
937505,0.0339745
937506,0.30251995
937507,0.30107427
937508,0.3024112
937509,0.25311348
937510,0.008360762
937511,0.014264222
937512,0.018997932
937513,0.013379952
937514,0.027240139
937515,0.026069218
937516,0.019938534
937517,0.020796502
937518,0.058189683
937519,0.08660968
937520,0.10642986
937521,0.10944564
937522,0.09072272
937523,0.046209175
937524,0.045404933
937525,0.0463241
937526,0.042458195
937527,0.12354608
937528,0.13051191
937529,0.08449097
937530,0.07500066
937531,0.09682042
937532,0.09464754
937533,0.083106
937534,0.009964331
937535,0.020792685
937536,0.016244045
937537,0.014507322
937538,0.028116245
937539,0.0286993
937540,0.021216292
937541,0.014820993
937542,0.13492624
937543,0.037680473
937544,0.05191466
937545,0.040746167
937546,0.009001149
937547,0.04123639
937548,0.075659424
937549,0.044120606
937550,0.08232665
937551,0.05046326
937552,0.03846358
937553,0.03836132
937554,0.0619372
937555,0.078025974
937556,0.061358605
937557,0.0667951
937558,0.015647093
937559,0.04240202
937560,0.050658815
937561,0.062273137
937562,0.29547635
937563,0.25075158
937564,0.22885258
937565,0.15400599
937566,0.12381984
937567,0.5496181
937568,0.59557503
937569,0.5694061
937570,0.6570938
937571,0.598839
937572,0.70508814
937573,0.65035975
937574,0.7216659
937575,0.6515444
937576,0.6252446
937577,0.61916846
937578,0.69174033
937579,0.6207147
937580,0.6992147
937581,0.6419795
937582,0.61816585
937583,0.428509
937584,0.093594536
937585,0.28094807
937586,0.394507
937587,0.25595796
937588,0.36297703
937589,0.40549845
937590,0.2981437
937591,0.5070859
937592,0.36789778
937593,0.40046832
937594,0.36566806
937595,0.22953358
937596,0.10290426
937597,0.10337953
937598,0.36312824
937599,0.3773474
937600,0.41096896
937601,0.4474813
937602,0.5129136
937603,0.46669772
937604,0.47365072
937605,0.43939155
937606,0.22816852
937607,0.12319133
937608,0.253723
937609,0.31476873
937610,0.5193115
937611,0.5855768
937612,0.4672807
937613,0.513658
937614,0.5224806
937615,0.4837176
937616,0.50247043
937617,0.4884573
937618,0.5129881
937619,0.48232993
937620,0.38564348
937621,0.36693165
937622,0.5658228
937623,0.52473646
937624,0.49369448
937625,0.47675896
937626,0.5930014
937627,0.51091385
937628,0.3871299
937629,0.52107424
937630,0.48787418
937631,0.32153672
937632,0.03126348
937633,0.06393432
937634,0.06864997
937635,0.04282508
937636,0.034042653
937637,0.2862638
937638,0.25241184
937639,0.2306637
937640,0.20599025
937641,0.24963427
937642,0.2445785
937643,0.32148272
937644,0.13063866
937645,0.09976259
937646,0.111550495
937647,0.12547438
937648,0.1300194
937649,0.076592036
937650,0.08647663
937651,0.06620998
937652,0.08372559
937653,0.08213971
937654,0.016711222
937655,0.08824202
937656,0.076564625
937657,0.086432375
937658,0.08636606
937659,0.07530611
937660,0.04564394
937661,0.086616464
937662,0.08621725
937663,0.08467295
937664,0.25030693
937665,0.29943022
937666,0.060067322
937667,0.05581162
937668,0.050275356
937669,0.0490934
937670,0.06349847
937671,0.052813962
937672,0.050823342
937673,0.29460856
937674,0.08378705
937675,0.07648399
937676,0.06383326
937677,0.027233027
937678,0.056447044
937679,0.07673346
937680,0.05765971
937681,0.29512495
937682,0.33185282
937683,0.42696026
937684,0.361326
937685,0.35763666
937686,0.27765307
937687,0.028317245
937688,0.14778434
937689,0.1592048
937690,0.16271104
937691,0.3151149
937692,0.37232178
937693,0.3491569
937694,0.24806747
937695,0.037815016
937696,0.11692438
937697,0.06222299
937698,0.096403085
937699,0.092893936
937700,0.061615072
937701,0.06763826
937702,0.2884396
937703,0.5641836
937704,0.68193495
937705,0.6816916
937706,0.6980696
937707,0.6828377
937708,0.74334264
937709,0.7239991
937710,0.7221819
937711,0.73763174
937712,0.71971035
937713,0.72629315
937714,0.7281609
937715,0.71382654
937716,0.7155391
937717,0.72601235
937718,0.780871
937719,0.6990327
937720,0.67757696
937721,0.70845103
937722,0.67344785
937723,0.72024703
937724,0.7279278
937725,0.70931965
937726,0.7378369
937727,0.6974281
937728,0.7002572
937729,0.7023616
937730,0.69417346
937731,0.5435145
937732,0.21060476
937733,0.06012302
937734,0.5225686
937735,0.48350462
937736,0.53405607
937737,0.58052516
937738,0.3420605
937739,0.46217376
937740,0.4697494
937741,0.4520037
937742,0.4582976
937743,0.41974017
937744,0.49648097
937745,0.48228073
937746,0.42457518
937747,0.42947954
937748,0.24917868
937749,0.045822844
937750,0.40774757
937751,0.18369442
937752,0.18872993
937753,0.46476692
937754,0.05248295
937755,0.32604092
937756,0.17054206
937757,0.2253586
937758,0.30362892
937759,0.26377466
937760,0.27890643
937761,0.26310351
937762,0.31664136
937763,0.19121674
937764,0.31060275
937765,0.5302158
937766,0.5183375
937767,0.48831305
937768,0.49671146
937769,0.54620665
937770,0.53842795
937771,0.49899364
937772,0.22065027
937773,0.31813702
937774,0.3666733
937775,0.28736413
937776,0.3037614
937777,0.027367836
937778,0.23535046
937779,0.29280105
937780,0.27000445
937781,0.35228887
937782,0.1606566
937783,0.21057113
937784,0.16430148
937785,0.2696072
937786,0.29271486
937787,0.44187403
937788,0.32663828
937789,0.02763195
937790,0.4390503
937791,0.48856816
937792,0.5487641
937793,0.55076766
937794,0.57846874
937795,0.6548003
937796,0.59433
937797,0.6507418
937798,0.5315493
937799,0.56166685
937800,0.5951584
937801,0.55472887
937802,0.52079487
937803,0.53051704
937804,0.6025447
937805,0.53507376
937806,0.36297628
937807,0.12611374
937808,0.6100292
937809,0.70543724
937810,0.7893653
937811,0.8651289
937812,0.8378973
937813,0.8736148
937814,0.8776378
937815,0.8447668
937816,0.82513016
937817,0.85744315
937818,0.9179108
937819,0.8836182
937820,0.8996127
937821,0.8987868
937822,0.876647
937823,0.87099576
937824,0.89546627
937825,0.8685307
937826,0.840707
937827,0.88843703
937828,0.8596178
937829,0.88313156
937830,0.86111176
937831,0.8846547
937832,0.8542422
937833,0.85517323
937834,0.8841072
937835,0.89755476
937836,0.87935734
937837,0.8835212
937838,0.881257
937839,0.8894841
937840,0.77053905
937841,0.7079692
937842,0.46464214
937843,0.36468554
937844,0.60632443
937845,0.47226527
937846,0.47098884
937847,0.48311144
937848,0.43552536
937849,0.6078204
937850,0.40517884
937851,0.44283053
937852,0.4819009
937853,0.5401118
937854,0.31799334
937855,0.021999056
937856,0.1840131
937857,0.19159286
937858,0.22715019
937859,0.21173207
937860,0.042595316
937861,0.45504406
937862,0.6623465
937863,0.63569385
937864,0.6638741
937865,0.65273476
937866,0.7069969
937867,0.6245694
937868,0.67862326
937869,0.69810545
937870,0.61517286
937871,0.6201874
937872,0.62881464
937873,0.6514659
937874,0.58727026
937875,0.67905277
937876,0.6264578
937877,0.58162004
937878,0.61299396
937879,0.5590521
937880,0.3631152
937881,0.18111984
937882,0.35592964
937883,0.60367346
937884,0.6214938
937885,0.69800824
937886,0.59410787
937887,0.5776269
937888,0.60988057
937889,0.6944876
937890,0.6246419
937891,0.7192448
937892,0.6125494
937893,0.497464
937894,0.6213866
937895,0.6397496
937896,0.7211623
937897,0.59115434
937898,0.68926615
937899,0.7130742
937900,0.54713345
937901,0.5889122
937902,0.53718865
937903,0.30580994
937904,0.064872876
937905,0.3133074
937906,0.32316068
937907,0.28252757
937908,0.34926373
937909,0.37116507
937910,0.28484303
937911,0.29243165
937912,0.24732427
937913,0.23451568
937914,0.046868242
937915,0.06693242
937916,0.06561965
937917,0.06447949
937918,0.06924507
937919,0.050046273
937920,0.01254368
937921,0.06647893
937922,0.0616013
937923,0.06013606
937924,0.0658837
937925,0.13861077
937926,0.15286642
937927,0.27848813
937928,0.17113785
937929,0.13483351
937930,0.011409946
937931,0.040959105
937932,0.040033486
937933,0.039225385
937934,0.040144507
937935,0.04097173
937936,0.05176241
937937,0.041642588
937938,0.01549827
937939,0.10876823
937940,0.13704355
937941,0.077782586
937942,0.045642383
937943,0.043433294
937944,0.05089494
937945,0.04821887
937946,0.28504473
937947,0.29261667
937948,0.2357223
937949,0.20925735
937950,0.010824696
937951,0.04216634
937952,0.02381233
937953,0.022452176
937954,0.032029305
937955,0.022263922
937956,0.027140845
937957,0.022958975
937958,0.22309406
937959,0.009353606
937960,0.026839979
937961,0.024653107
937962,0.030936439
937963,0.02981859
937964,0.015070696
937965,0.05195774
937966,0.059135325
937967,0.036645956
937968,0.07842663
937969,0.041346967
937970,0.041667618
937971,0.048793413
937972,0.048351403
937973,0.030080438
937974,0.22477861
937975,0.11989264
937976,0.1081339
937977,0.09495868
937978,0.085496716
937979,0.014603156
937980,0.02183925
937981,0.028882546
937982,0.030025236
937983,0.034091827
937984,0.025993768
937985,0.024097448
937986,0.029978227
937987,0.24986048
937988,0.108942546
937989,0.015561031
937990,0.03576673
937991,0.028398558
937992,0.025822502
937993,0.029860057
937994,0.05507838
937995,0.085516125
937996,0.010635052
937997,0.027345749
937998,0.031405136
937999,0.051020354
938000,0.03322748
938001,0.03800684
938002,0.26470944
938003,0.31023687
938004,0.23501644
938005,0.35293937
938006,0.18344918
938007,0.011494964
938008,0.050846186
938009,0.03365225
938010,0.03819562
938011,0.031725295
938012,0.024756081
938013,0.24937473
938014,0.031007994
938015,0.2870314
938016,0.26829517
938017,0.31598508
938018,0.22616377
938019,0.36518234
938020,0.27070454
938021,0.16622846
938022,0.4145311
938023,0.6269058
938024,0.5537368
938025,0.53039145
938026,0.6019311
938027,0.504123
938028,0.52538466
938029,0.6180403
938030,0.4712374
938031,0.4905669
938032,0.47955528
938033,0.22521274
938034,0.22784449
938035,0.16331518
938036,0.028910307
938037,0.2504646
938038,0.32135394
938039,0.12634206
938040,0.43593037
938041,0.2856262
938042,0.26921368
938043,0.2999121
938044,0.3082722
938045,0.32346222
938046,0.31635144
938047,0.3117857
938048,0.20099303
938049,0.17046405
938050,0.14224331
938051,0.03502468
938052,0.5573813
938053,0.6100175
938054,0.598366
938055,0.67910665
938056,0.6069942
938057,0.59670436
938058,0.6268715
938059,0.55608237
938060,0.6261802
938061,0.57742375
938062,0.67006254
938063,0.7706587
938064,0.4963315
938065,0.20333154
938066,0.2596293
938067,0.24174498
938068,0.2863894
938069,0.22663485
938070,0.047262285
938071,0.109443866
938072,0.14702962
938073,0.10897753
938074,0.40702382
938075,0.5142528
938076,0.47321358
938077,0.58896357
938078,0.39336544
938079,0.42280984
938080,0.4214511
938081,0.37178248
938082,0.3784054
938083,0.2873752
938084,0.023344338
938085,0.35533527
938086,0.38685733
938087,0.3134516
938088,0.3340339
938089,0.3836381
938090,0.32960102
938091,0.22630802
938092,0.20671201
938093,0.038341433
938094,0.13374226
938095,0.16547807
938096,0.13561413
938097,0.07854633
938098,0.034932926
938099,0.042380825
938100,0.031652275
938101,0.040195968
938102,0.27541748
938103,0.059588663
938104,0.06046119
938105,0.050147578
938106,0.046675656
938107,0.025888756
938108,0.024906069
938109,0.014021078
938110,0.041841414
938111,0.050175216
938112,0.18553308
938113,0.12951057
938114,0.11218916
938115,0.115784764
938116,0.013578438
938117,0.01186282
938118,0.017265368
938119,0.017818738
938120,0.016383441
938121,0.016814735
938122,0.031338643
938123,0.0808975
938124,0.05773077
938125,0.008283388
938126,0.0146343205
938127,0.0143385865
938128,0.023169339
938129,0.026793392
938130,0.054975018
938131,0.025077008
938132,0.025684241
938133,0.027277015
938134,0.019038498
938135,0.009748101
938136,0.020130072
938137,0.018085921
938138,0.02017031
938139,0.019018672
938140,0.02092332
938141,0.25857702
938142,0.38172093
938143,0.19919604
938144,0.1064846
938145,0.095566556
938146,0.0861867
938147,0.08513443
938148,0.03467674
938149,0.030382179
938150,0.10010108
938151,0.14426658
938152,0.09650076
938153,0.04109752
938154,0.056048706
938155,0.19439153
938156,0.19151293
938157,0.25688112
938158,0.15159908
938159,0.15536499
938160,0.38891947
938161,0.17157307
938162,0.32862175
938163,0.25057295
938164,0.24863268
938165,0.16413476
938166,0.026194982
938167,0.2546613
938168,0.22088279
938169,0.23646502
938170,0.22770165
938171,0.24380572
938172,0.19204822
938173,0.08334613
938174,0.06855526
938175,0.07200364
938176,0.06396148
938177,0.03695173
938178,0.037684802
938179,0.06699352
938180,0.043545395
938181,0.047090787
938182,0.11422105
938183,0.2740054
938184,0.48011568
938185,0.5111192
938186,0.39212862
938187,0.4685048
938188,0.3849005
938189,0.5681692
938190,0.3972148
938191,0.5264152
938192,0.48702115
938193,0.36840275
938194,0.02261726
938195,0.22007439
938196,0.37860292
938197,0.27530804
938198,0.24599706
938199,0.256105
938200,0.32807314
938201,0.47405237
938202,0.27346832
938203,0.2785994
938204,0.3927193
938205,0.23204939
938206,0.19458923
938207,0.10106978
938208,0.16450047
938209,0.08348301
938210,0.08758708
938211,0.094763525
938212,0.013491624
938213,0.037683412
938214,0.035229415
938215,0.045714274
938216,0.054277945
938217,0.051538836
938218,0.044853274
938219,0.05842031
938220,0.11467609
938221,0.113923684
938222,0.08369795
938223,0.02048408
938224,0.03502353
938225,0.033753626
938226,0.03295042
938227,0.03654238
938228,0.0360044
938229,0.02689438
938230,0.04507364
938231,0.20677775
938232,0.099188626
938233,0.09399765
938234,0.01893064
938235,0.08161585
938236,0.077005796
938237,0.08299994
938238,0.07918793
938239,0.08491818
938240,0.10305838
938241,0.037787497
938242,0.101241186
938243,0.09453779
938244,0.052000966
938245,0.256903
938246,0.04187471
938247,0.14300479
938248,0.11180267
938249,0.09290754
938250,0.017489094
938251,0.119413726
938252,0.29915264
938253,0.11416905
938254,0.10090613
938255,0.101211466
938256,0.27220088
938257,0.17447826
938258,0.17031921
938259,0.17156284
938260,0.17652
938261,0.1749952
938262,0.42560655
938263,0.41378918
938264,0.51393765
938265,0.32340038
938266,0.52495587
938267,0.40494964
938268,0.39548802
938269,0.24273121
938270,0.05932658
938271,0.38349402
938272,0.3958837
938273,0.4951713
938274,0.33033556
938275,0.40403038
938276,0.41563055
938277,0.5661652
938278,0.40546653
938279,0.4139726
938280,0.3433127
938281,0.30147672
938282,0.40622255
938283,0.33555123
938284,0.2909431
938285,0.29805723
938286,0.41933027
938287,0.3468723
938288,0.47825283
938289,0.5625334
938290,0.6051947
938291,0.5384901
938292,0.62757736
938293,0.424676
938294,0.4620602
938295,0.54528886
938296,0.5677139
938297,0.6165142
938298,0.51666
938299,0.3943154
938300,0.4414568
938301,0.42773452
938302,0.38007376
938303,0.5686457
938304,0.38870597
938305,0.028814256
938306,0.27695617
938307,0.06711176
938308,0.044821713
938309,0.1262627
938310,0.5801285
938311,0.46379617
938312,0.7204798
938313,0.6966756
938314,0.7201119
938315,0.73015183
938316,0.75345176
938317,0.72780377
938318,0.7426294
938319,0.7041942
938320,0.744659
938321,0.74391747
938322,0.7276407
938323,0.7487315
938324,0.61818224
938325,0.5087396
938326,0.073840044
938327,0.056178242
938328,0.19274417
938329,0.052945934
938330,0.18478088
938331,0.04056533
938332,0.017118774
938333,0.060231876
938334,0.05219105
938335,0.053488072
938336,0.061642796
938337,0.05453549
938338,0.015770307
938339,0.104511164
938340,0.10869416
938341,0.09859041
938342,0.1001278
938343,0.112290636
938344,0.12891543
938345,0.017161123
938346,0.048226636
938347,0.053800076
938348,0.04378717
938349,0.024311408
938350,0.051422816
938351,0.047730595
938352,0.055840284
938353,0.0464135
938354,0.09194763
938355,0.018266331
938356,0.11147074
938357,0.057768185
938358,0.078545034
938359,0.07148399
938360,0.022997852
938361,0.37532464
938362,0.42790258
938363,0.4853676
938364,0.23213892
938365,0.29734495
938366,0.2975446
938367,0.30108383
938368,0.29706365
938369,0.2946658
938370,0.32528403
938371,0.29648957
938372,0.24553704
938373,0.2133972
938374,0.28262243
938375,0.024450054
938376,0.08194165
938377,0.09378291
938378,0.16286421
938379,0.12235363
938380,0.073421344
938381,0.1251275
938382,0.06838271
938383,0.3640659
938384,0.028645469
938385,0.054025747
938386,0.05057875
938387,0.017861824
938388,0.070787765
938389,0.10090328
938390,0.08918972
938391,0.63897127
938392,0.6019845
938393,0.7030209
938394,0.7486026
938395,0.75090426
938396,0.7278503
938397,0.58646494
938398,0.6157624
938399,0.6925314
938400,0.6350763
938401,0.6815575
938402,0.63150036
938403,0.6842316
938404,0.6075131
938405,0.6599774
938406,0.52157897
938407,0.54474324
938408,0.5213839
938409,0.26541522
938410,0.13384667
938411,0.35140753
938412,0.32985398
938413,0.2646607
938414,0.28038377
938415,0.19546957
938416,0.33502474
938417,0.29008558
938418,0.36425683
938419,0.44185424
938420,0.45566463
938421,0.47450307
938422,0.33269355
938423,0.3101188
938424,0.28094953
938425,0.043976463
938426,0.17698355
938427,0.1252358
938428,0.14368352
938429,0.1369598
938430,0.19354913
938431,0.15277198
938432,0.14806339
938433,0.16216476
938434,0.104149446
938435,0.068186544
938436,0.07454199
938437,0.27441537
938438,0.1499879
938439,0.1623388
938440,0.10486003
938441,0.03406473
938442,0.09421033
938443,0.2145115
938444,0.11166637
938445,0.1024649
938446,0.09913531
938447,0.061193854
938448,0.072958544
938449,0.048008256
938450,0.055541884
938451,0.14814138
938452,0.049846787
938453,0.11276116
938454,0.16315405
938455,0.3227251
938456,0.4868504
938457,0.4010374
938458,0.4915991
938459,0.47691068
938460,0.35411537
938461,0.4618361
938462,0.46563798
938463,0.18838234
938464,0.33621806
938465,0.3420207
938466,0.32174987
938467,0.58415294
938468,0.07897739
938469,0.111711286
938470,0.17671007
938471,0.02269653
938472,0.05680749
938473,0.060246218
938474,0.048974875
938475,0.2580996
938476,0.30076295
938477,0.017422972
938478,0.04878006
938479,0.048100617
938480,0.046110887
938481,0.065336995
938482,0.023612512
938483,0.11558245
938484,0.109388016
938485,0.124151945
938486,0.10770087
938487,0.113209516
938488,0.024490252
938489,0.09898726
938490,0.104702905
938491,0.080994815
938492,0.08173865
938493,0.07960988
938494,0.044661354
938495,0.14669797
938496,0.14541408
938497,0.10734028
938498,0.02117002
938499,0.23373283
938500,0.37134606
938501,0.24894145
938502,0.33498856
938503,0.30132318
938504,0.3258435
938505,0.22609618
938506,0.0400041
938507,0.6564349
938508,0.60263085
938509,0.68934005
938510,0.7706518
938511,0.7600851
938512,0.7751686
938513,0.74835557
938514,0.7579598
938515,0.77479845
938516,0.7364282
938517,0.75004715
938518,0.76022255
938519,0.7481544
938520,0.75568634
938521,0.72407246
938522,0.7598599
938523,0.81073016
938524,0.745459
938525,0.76392317
938526,0.7958472
938527,0.8176943
938528,0.8135502
938529,0.7862506
938530,0.73770285
938531,0.7121172
938532,0.75237364
938533,0.7658732
938534,0.4243747
938535,0.24786113
938536,0.24635983
938537,0.24900045
938538,0.1421454
938539,0.10604533
938540,0.33957943
938541,0.022293791
938542,0.08690977
938543,0.08725754
938544,0.05483778
938545,0.06001791
938546,0.04175871
938547,0.08036963
938548,0.02638351
938549,0.03738387
938550,0.026303876
938551,0.027885752
938552,0.09308799
938553,0.0861849
938554,0.09497442
938555,0.009313127
938556,0.0152427945
938557,0.013586437
938558,0.014246232
938559,0.010784394
938560,0.0152716655
938561,0.016427886
938562,0.015633168
938563,0.052067105
938564,0.006927902
938565,0.014373922
938566,0.014890877
938567,0.0141568845
938568,0.019992536
938569,0.026195029
938570,0.02046239
938571,0.017548013
938572,0.0135646
938573,0.028345346
938574,0.021762043
938575,0.25026307
938576,0.22585025
938577,0.14288092
938578,0.054720353
938579,0.427762
938580,0.20739211
938581,0.28585705
938582,0.28708935
938583,0.37951568
938584,0.34422144
938585,0.34057003
938586,0.3081635
938587,0.13478582
938588,0.5478476
938589,0.61836743
938590,0.64178556
938591,0.5082801
938592,0.60611224
938593,0.62786335
938594,0.56968635
938595,0.6219543
938596,0.52364963
938597,0.6318212
938598,0.57723325
938599,0.5705384
938600,0.42297193
938601,0.027958902
938602,0.27431878
938603,0.18330516
938604,0.17926794
938605,0.19703335
938606,0.18637353
938607,0.2656168
938608,0.16529873
938609,0.022366699
938610,0.08845215
938611,0.08229186
938612,0.08381037
938613,0.065720834
938614,0.03803558
938615,0.46479324
938616,0.5608618
938617,0.49285877
938618,0.6592662
938619,0.5881098
938620,0.6568535
938621,0.698397
938622,0.6863017
938623,0.6466891
938624,0.693192
938625,0.638544
938626,0.6882265
938627,0.6545158
938628,0.5467507
938629,0.69596785
938630,0.6608614
938631,0.6634616
938632,0.6687586
938633,0.6163916
938634,0.6014705
938635,0.47518086
938636,0.035128642
938637,0.610524
938638,0.6399375
938639,0.63672763
938640,0.6708459
938641,0.6749564
938642,0.6475793
938643,0.67769045
938644,0.684292
938645,0.7107974
938646,0.70325685
938647,0.6996024
938648,0.68437195
938649,0.69924706
938650,0.699811
938651,0.6565978
938652,0.70085406
938653,0.6821218
938654,0.6364525
938655,0.710987
938656,0.6953413
938657,0.72050196
938658,0.708513
938659,0.5259112
938660,0.22500725
938661,0.166425
938662,0.22296071
938663,0.19802153
938664,0.054441903
938665,0.29362288
938666,0.41424438
938667,0.35850048
938668,0.39081487
938669,0.29165772
938670,0.36003542
938671,0.27762008
938672,0.33320212
938673,0.38579354
938674,0.42827713
938675,0.25864708
938676,0.37160283
938677,0.32093632
938678,0.03297325
938679,0.07418449
938680,0.06626656
938681,0.0493063
938682,0.1416627
938683,0.37364885
938684,0.33984062
938685,0.45881644
938686,0.57461476
938687,0.5780237
938688,0.6246003
938689,0.5798102
938690,0.58674014
938691,0.30982697
938692,0.7056517
938693,0.668683
938694,0.7002043
938695,0.7127732
938696,0.6420334
938697,0.61622036
938698,0.5263549
938699,0.2992089
938700,0.17064707
938701,0.024612354
938702,0.09619723
938703,0.106833674
938704,0.09187023
938705,0.026613666
938706,0.038636517
938707,0.032557648
938708,0.037492827
938709,0.034156643
938710,0.042238746
938711,0.01779141
938712,0.040096864
938713,0.42121035
938714,0.36045083
938715,0.33453655
938716,0.40311474
938717,0.2719286
938718,0.3927761
938719,0.39562392
938720,0.401593
938721,0.30707997
938722,0.36189577
938723,0.41175422
938724,0.4484022
938725,0.3867245
938726,0.3867245
938727,0.2550594
938728,0.18187441
938729,0.353386
938730,0.34105757
938731,0.35984632
938732,0.34852403
938733,0.34711722
938734,0.3698842
938735,0.42821306
938736,0.35692856
938737,0.4073452
938738,0.2862384
938739,0.0668284
938740,0.3899873
938741,0.46859103
938742,0.52864605
938743,0.60007167
938744,0.5560802
938745,0.63688076
938746,0.65206337
938747,0.6472786
938748,0.65449095
938749,0.6156757
938750,0.64623404
938751,0.66071695
938752,0.6699726
938753,0.665854
938754,0.603808
938755,0.7132681
938756,0.6853408
938757,0.6751023
938758,0.7307421
938759,0.6431327
938760,0.65947896
938761,0.6069999
938762,0.65312386
938763,0.61759526
938764,0.64434683
938765,0.64044565
938766,0.2560254
938767,0.20009412
938768,0.043429855
938769,0.15310952
938770,0.17586377
938771,0.16961016
938772,0.24727385
938773,0.28129134
938774,0.30160528
938775,0.26389632
938776,0.16398054
938777,0.64879024
938778,0.07458337
938779,0.067070715
938780,0.07562468
938781,0.07415633
938782,0.3336593
938783,0.20248558
938784,0.14788464
938785,0.19407773
938786,0.08318431
938787,0.018893786
938788,0.09097947
938789,0.057567827
938790,0.08039197
938791,0.11777971
938792,0.20647678
938793,0.2541563
938794,0.18324351
938795,0.21124117
938796,0.14472297
938797,0.104537524
938798,0.25897476
938799,0.53876644
938800,0.6834522
938801,0.68309677
938802,0.7018576
938803,0.6621149
938804,0.6451366
938805,0.63302183
938806,0.7574479
938807,0.74766874
938808,0.6457586
938809,0.6767281
938810,0.730034
938811,0.6629354
938812,0.68889785
938813,0.6198874
938814,0.69155884
938815,0.65449196
938816,0.7203725
938817,0.58771396
938818,0.7023412
938819,0.4400495
938820,0.17287944
938821,0.1667567
938822,0.11346226
938823,0.060621478
938824,0.57713926
938825,0.5758303
938826,0.65962696
938827,0.77162987
938828,0.73728997
938829,0.7955647
938830,0.62474436
938831,0.6658676
938832,0.6336339
938833,0.55111307
938834,0.4574426
938835,0.75406706
938836,0.58384293
938837,0.531428
938838,0.6059824
938839,0.6282417
938840,0.53522646
938841,0.76316506
938842,0.24856743
938843,0.28769416
938844,0.28600368
938845,0.091012605
938846,0.017965578
938847,0.047725752
938848,0.04035865
938849,0.054076657
938850,0.040173642
938851,0.035465807
938852,0.040937547
938853,0.04141408
938854,0.03619992
938855,0.05296076
938856,0.21639733
938857,0.03467512
938858,0.04826366
938859,0.04005308
938860,0.044217892
938861,0.03740285
938862,0.043813653
938863,0.037125558
938864,0.013510696
938865,0.055994526
938866,0.056417797
938867,0.06297561
938868,0.08019026
938869,0.010439563
938870,0.025801789
938871,0.026976094
938872,0.024722941
938873,0.025456885
938874,0.0329788
938875,0.034166798
938876,0.1584956
938877,0.23608686
938878,0.28516844
938879,0.09723726
938880,0.10929742
938881,0.103663795
938882,0.10139601
938883,0.0979411
938884,0.09645204
938885,0.07997307
938886,0.21211074
938887,0.31877777
938888,0.21590263
938889,0.22111349
938890,0.12295052
938891,0.25942466
938892,0.18431967
938893,0.14749905
938894,0.17267215
938895,0.015516738
938896,0.027072493
938897,0.022773096
938898,0.023541974
938899,0.02259316
938900,0.02598013
938901,0.02786002
938902,0.01992561
938903,0.06886705
938904,0.026161358
938905,0.032040257
938906,0.031404912
938907,0.030346463
938908,0.033412557
938909,0.027618974
938910,0.031884987
938911,0.016503438
938912,0.047759224
938913,0.069380686
938914,0.32138658
938915,0.021147626
938916,0.07500879
938917,0.07506165
938918,0.06666703
938919,0.060390614
938920,0.075588204
938921,0.16410275
938922,0.22038336
938923,0.068551816
938924,0.084290974
938925,0.09055473
938926,0.074984446
938927,0.06599373
938928,0.07618391
938929,0.054742295
938930,0.12181425
938931,0.28240332
938932,0.45243108
938933,0.28764114
938934,0.28139466
938935,0.30038017
938936,0.28304252
938937,0.28777477
938938,0.23257214
938939,0.012581009
938940,0.03087803
938941,0.03616984
938942,0.033552036
938943,0.050513268
938944,0.03330524
938945,0.025631957
938946,0.025341002
938947,0.1048448
938948,0.023726583
938949,0.17507777
938950,0.20841892
938951,0.011036733
938952,0.05329704
938953,0.056854226
938954,0.052415933
938955,0.0532905
938956,0.07708928
938957,0.011368658
938958,0.018070728
938959,0.015059651
938960,0.014731569
938961,0.016768461
938962,0.012336845
938963,0.008993929
938964,0.020090865
938965,0.013326896
938966,0.015543173
938967,0.013374848
938968,0.014324677
938969,0.010954182
938970,0.015354755
938971,0.01796717
938972,0.015672518
938973,0.01674852
938974,0.018017428
938975,0.017464474
938976,0.53788126
938977,0.005324861
938978,0.013648956
938979,0.015022069
938980,0.014384315
938981,0.015881883
938982,0.011489548
938983,0.013445992
938984,0.017124278
938985,0.019344222
938986,0.011949349
938987,0.012544065
938988,0.010973116
938989,0.014943962
938990,0.14877632
938991,0.117075294
938992,0.10748097
938993,0.09779659
938994,0.061034508
938995,0.0071708127
938996,0.042768948
938997,0.02678706
938998,0.02935269
938999,0.039095074
939000,0.02015206
939001,0.028128153
939002,0.029486476
939003,0.036767937
939004,0.09998947
939005,0.09261338
939006,0.08582404
939007,0.0943981
939008,0.19367208
939009,0.21613455
939010,0.06828538
939011,0.09781012
939012,0.06196386
939013,0.016617589
939014,0.02953502
939015,0.021779109
939016,0.02499997
939017,0.022403253
939018,0.024579255
939019,0.10778031
939020,0.09610729
939021,0.073445186
939022,0.26386374
939023,0.2353875
939024,0.20136817
939025,0.011849105
939026,0.045474574
939027,0.043592628
939028,0.016566541
939029,0.018597396
939030,0.017945096
939031,0.016897913
939032,0.059914425
939033,0.018092383
939034,0.019469984
939035,0.030823532
939036,0.025371682
939037,0.045282204
939038,0.056906123
939039,0.041750293
939040,0.040909942
939041,0.034327332
939042,0.005352504
939043,0.007096569
939044,0.007628141
939045,0.012135412
939046,0.007435144
939047,0.02402541
939048,0.013651249
939049,0.01087574
939050,0.014435568
939051,0.020190015
939052,0.046559054
939053,0.048159074
939054,0.043509454
939055,0.009564976
939056,0.013043797
939057,0.0154026905
939058,0.017893858
939059,0.010929072
939060,0.024723034
939061,0.021479279
939062,0.011620428
939063,0.016073791
939064,0.014822823
939065,0.116576344
939066,0.07220592
939067,0.25267583
939068,0.0066425377
939069,0.009931147
939070,0.011671681
939071,0.010779212
939072,0.010054291
939073,0.011097835
939074,0.010165944
939075,0.18268102
939076,0.00926519
939077,0.025977304
939078,0.029194467
939079,0.027710505
939080,0.023668366
939081,0.025659533
939082,0.021220854
939083,0.25305998
939084,0.2822569
939085,0.22339897
939086,0.1602729
939087,0.01563986
939088,0.11469695
939089,0.028436555
939090,0.023158604
939091,0.100022085
939092,0.26814085
939093,0.0443876
939094,0.112423524
939095,0.17889182
939096,0.16532701
939097,0.04186796
939098,0.445954
939099,0.5715941
939100,0.6149954
939101,0.60796154
939102,0.62950724
939103,0.6858205
939104,0.6747539
939105,0.5846389
939106,0.46304733
939107,0.41224942
939108,0.6422432
939109,0.6438887
939110,0.64147544
939111,0.64465183
939112,0.6956997
939113,0.6366274
939114,0.6906651
939115,0.38643005
939116,0.24364942
939117,0.16109672
939118,0.047879916
939119,0.27244377
939120,0.101145186
939121,0.26153904
939122,0.20090196
939123,0.2589186
939124,0.23970273
939125,0.07695205
939126,0.096188344
939127,0.065046676
939128,0.3405809
939129,0.12766483
939130,0.19013678
939131,0.19780841
939132,0.15919988
939133,0.1468317
939134,0.12631676
939135,0.01580559
939136,0.08975813
939137,0.06660558
939138,0.033417154
939139,0.10013208
939140,0.0884181
939141,0.08932407
939142,0.023870707
939143,0.14586033
939144,0.033450477
939145,0.09773827
939146,0.043493137
939147,0.11080097
939148,0.18467502
939149,0.119727105
939150,0.043785237
939151,0.1815781
939152,0.042547796
939153,0.045438137
939154,0.039237913
939155,0.0132955825
939156,0.06655294
939157,0.05765509
939158,0.0711806
939159,0.14226848
939160,0.035162695
939161,0.03189298
939162,0.10761188
939163,0.07627358
939164,0.090159625
939165,0.049267635
939166,0.013447504
939167,0.031664435
939168,0.033974282
939169,0.03405538
939170,0.058242496
939171,0.03038384
939172,0.13152388
939173,0.1538735
939174,0.0076940632
939175,0.020826723
939176,0.02154439
939177,0.025199594
939178,0.057173
939179,0.020065922
939180,0.015836671
939181,0.014554032
939182,0.01777984
939183,0.02612307
939184,0.25824684
939185,0.11922976
939186,0.2664286
939187,0.08249235
939188,0.105571665
939189,0.12396148
939190,0.19896787
939191,0.2914169
939192,0.019735122
939193,0.034407888
939194,0.024293035
939195,0.022766342
939196,0.027019233
939197,0.017424507
939198,0.051371172
939199,0.03714337
939200,0.025879834
939201,0.19257873
939202,0.1603073
939203,0.12402053
939204,0.020534486
939205,0.31805623
939206,0.32726908
939207,0.32788882
939208,0.17462799
939209,0.2834617
939210,0.1527488
939211,0.17069487
939212,0.18393362
939213,0.20655324
939214,0.15249489
939215,0.016162584
939216,0.02390321
939217,0.029317826
939218,0.035112225
939219,0.0430043
939220,0.101297796
939221,0.039185483
939222,0.053887762
939223,0.059093513
939224,0.039626233
939225,0.03532203
939226,0.10931501
939227,0.123160206
939228,0.017713675
939229,0.073969774
939230,0.07313541
939231,0.05852372
939232,0.2159241
939233,0.18807103
939234,0.19039902
939235,0.32307434
939236,0.31935772
939237,0.30311283
939238,0.10486228
939239,0.012762154
939240,0.0233758
939241,0.01909088
939242,0.01907744
939243,0.019142987
939244,0.019546315
939245,0.0146690095
939246,0.090171926
939247,0.098566465
939248,0.09802871
939249,0.23535068
939250,0.11353614
939251,0.023135763
939252,0.110890664
939253,0.08632118
939254,0.13068953
939255,0.10320709
939256,0.06260299
939257,0.080521055
939258,0.078351855
939259,0.08891365
939260,0.05182216
939261,0.023576297
939262,0.089119576
939263,0.07368188
939264,0.10299006
939265,0.107281335
939266,0.07896614
939267,0.08514414
939268,0.063011855
939269,0.080922395
939270,0.1008091
939271,0.01580373
939272,0.07692645
939273,0.43240902
939274,0.3887717
939275,0.39885172
939276,0.4915042
939277,0.3346825
939278,0.32398927
939279,0.399732
939280,0.41601825
939281,0.399675
939282,0.09314071
939283,0.47991252
939284,0.68071175
939285,0.8290967
939286,0.77237374
939287,0.8502357
939288,0.84143746
939289,0.87140316
939290,0.8788946
939291,0.8704514
939292,0.83355224
939293,0.83638984
939294,0.77709806
939295,0.8277355
939296,0.79712254
939297,0.8561192
939298,0.8340562
939299,0.89083314
939300,0.8887398
939301,0.8743761
939302,0.8915253
939303,0.8638972
939304,0.8996879
939305,0.8883832
939306,0.81004757
939307,0.8120929
939308,0.79958713
939309,0.7895656
939310,0.7553491
939311,0.826892
939312,0.7560102
939313,0.8352124
939314,0.7889192
939315,0.8258471
939316,0.84551245
939317,0.78001
939318,0.7604448
939319,0.75998527
939320,0.7905773
939321,0.7710302
939322,0.78994304
939323,0.76757616
939324,0.759698
939325,0.7095234
939326,0.7459627
939327,0.8458793
939328,0.70399565
939329,0.7724867
939330,0.8109036
939331,0.7848972
939332,0.79079884
939333,0.71406704
939334,0.79790115
939335,0.7204363
939336,0.7688916
939337,0.77920145
939338,0.8278983
939339,0.76272494
939340,0.31414273
939341,0.3288278
939342,0.32921305
939343,0.32508603
939344,0.22818828
939345,0.24164917
939346,0.19280896
939347,0.04472841
939348,0.30366114
939349,0.31438115
939350,0.38589022
939351,0.46860278
939352,0.4583001
939353,0.46058232
939354,0.4882715
939355,0.4354976
939356,0.6110729
939357,0.44286382
939358,0.53134507
939359,0.46924362
939360,0.47170895
939361,0.42343962
939362,0.52503854
939363,0.5736193
939364,0.6146261
939365,0.43394482
939366,0.5264889
939367,0.47259653
939368,0.13774972
939369,0.19926973
939370,0.029093375
939371,0.33393708
939372,0.3602583
939373,0.6450743
939374,0.5887529
939375,0.59890264
939376,0.646303
939377,0.6891671
939378,0.69543856
939379,0.7673256
939380,0.5363881
939381,0.7086912
939382,0.5875029
939383,0.7132988
939384,0.63322127
939385,0.6743915
939386,0.7012984
939387,0.5904484
939388,0.6982297
939389,0.617663
939390,0.6025314
939391,0.65577275
939392,0.6004323
939393,0.6554663
939394,0.63404995
939395,0.6240613
939396,0.6150628
939397,0.25571418
939398,0.21317989
939399,0.14125307
939400,0.12269641
939401,0.042601112
939402,0.41468418
939403,0.5844922
939404,0.4220983
939405,0.63201535
939406,0.61695576
939407,0.5413566
939408,0.62224174
939409,0.255026
939410,0.44587725
939411,0.5995423
939412,0.57423204
939413,0.267674
939414,0.27074262
939415,0.5594764
939416,0.5155671
939417,0.5690961
939418,0.31670368
939419,0.20087563
939420,0.1823595
939421,0.11270351
939422,0.083660334
939423,0.22560628
939424,0.342454
939425,0.30263254
939426,0.233582
939427,0.20568384
939428,0.1653893
939429,0.16855507
939430,0.09786484
939431,0.028024044
939432,0.060434394
939433,0.07200713
939434,0.073614754
939435,0.17573941
939436,0.056568757
939437,0.017972823
939438,0.05684393
939439,0.07368628
939440,0.079825364
939441,0.07879854
939442,0.07162196
939443,0.08246763
939444,0.075476564
939445,0.063352354
939446,0.020916885
939447,0.039944913
939448,0.039291333
939449,0.027567431
939450,0.041074555
939451,0.034686174
939452,0.041879904
939453,0.043765314
939454,0.23876293
939455,0.17021386
939456,0.20181592
939457,0.24942139
939458,0.25695443
939459,0.2776276
939460,0.28682497
939461,0.1851464
939462,0.16900685
939463,0.019060304
939464,0.11614445
939465,0.11358662
939466,0.119426645
939467,0.11952788
939468,0.137554
939469,0.30417454
939470,0.13627388
939471,0.07655739
939472,0.012203562
939473,0.033182055
939474,0.03183182
939475,0.02922787
939476,0.032616477
939477,0.035506036
939478,0.025078867
939479,0.025808472
939480,0.022518948
939481,0.072767735
939482,0.07019444
939483,0.012043364
939484,0.018737197
939485,0.018726313
939486,0.01711408
939487,0.035877477
939488,0.031254817
939489,0.06640373
939490,0.023466848
939491,0.034283046
939492,0.24616766
939493,0.094434
939494,0.054963823
939495,0.06009617
939496,0.057862096
939497,0.40967554
939498,0.58864766
939499,0.4189619
939500,0.64822125
939501,0.6373964
939502,0.6870994
939503,0.74403554
939504,0.7405323
939505,0.6989783
939506,0.75592506
939507,0.72681123
939508,0.76912785
939509,0.7512312
939510,0.72153115
939511,0.75034493
939512,0.67571354
939513,0.7758336
939514,0.7800004
939515,0.7096357
939516,0.7118541
939517,0.6449005
939518,0.66724586
939519,0.64874446
939520,0.6350204
939521,0.6145319
939522,0.7440956
939523,0.74177396
939524,0.6088532
939525,0.6913091
939526,0.65970427
939527,0.018606309
939528,0.047799435
939529,0.045206256
939530,0.040755562
939531,0.049807493
939532,0.04922268
939533,0.045173995
939534,0.06735878
939535,0.018281065
939536,0.03824936
939537,0.035969544
939538,0.038882088
939539,0.048437815
939540,0.060263295
939541,0.108817354
939542,0.051922426
939543,0.05997139
939544,0.57612103
939545,0.5362353
939546,0.7321477
939547,0.61891013
939548,0.64783895
939549,0.74043936
939550,0.72641057
939551,0.77339464
939552,0.7176683
939553,0.55920416
939554,0.7592267
939555,0.5888548
939556,0.83090544
939557,0.7728473
939558,0.51331395
939559,0.84642994
939560,0.8641001
939561,0.70774114
939562,0.78302217
939563,0.73690957
939564,0.60282534
939565,0.6001647
939566,0.58564335
939567,0.56727713
939568,0.5806916
939569,0.5501435
939570,0.4962836
939571,0.022828013
939572,0.10313585
939573,0.21115842
939574,0.30146393
939575,0.2929945
939576,0.30429155
939577,0.2571706
939578,0.14295433
939579,0.2758349
939580,0.19342712
939581,0.30465996
939582,0.424176
939583,0.25318086
939584,0.096813396
939585,0.014807812
939586,0.041005194
939587,0.04280483
939588,0.042571396
939589,0.05059066
939590,0.044607073
939591,0.030346993
939592,0.14314733
939593,0.34757596
939594,0.47265857
939595,0.2906111
939596,0.41148224
939597,0.374759
939598,0.327728
939599,0.34170976
939600,0.33008626
939601,0.33692896
939602,0.3316686
939603,0.43559468
939604,0.14629218
939605,0.22767532
939606,0.017888805
939607,0.046151154
939608,0.045859147
939609,0.047006447
939610,0.04366229
939611,0.043225624
939612,0.04615595
939613,0.05596405
939614,0.019868802
939615,0.063196056
939616,0.074462555
939617,0.05344004
939618,0.05100297
939619,0.057786874
939620,0.055525232
939621,0.06165026
939622,0.022166857
939623,0.21904245
939624,0.22759452
939625,0.2508749
939626,0.29833314
939627,0.34726182
939628,0.34648463
939629,0.33919123
939630,0.2539617
939631,0.35334796
939632,0.36506918
939633,0.3497957
939634,0.24014652
939635,0.018595485
939636,0.22369106
939637,0.1883765
939638,0.18675064
939639,0.27776098
939640,0.20153129
939641,0.12557657
939642,0.15418914
939643,0.23336315
939644,0.26294735
939645,0.09957921
939646,0.041179784
939647,0.082881205
939648,0.06399474
939649,0.09720198
939650,0.07158247
939651,0.21644913
939652,0.41820136
939653,0.24046876
939654,0.42497316
939655,0.22541955
939656,0.20458175
939657,0.35673907
939658,0.18092735
939659,0.17843923
939660,0.1637078
939661,0.13364694
939662,0.018249087
939663,0.081682034
939664,0.10885893
939665,0.06939088
939666,0.067338936
939667,0.068384185
939668,0.07742493
939669,0.30807462
939670,0.34327593
939671,0.43305475
939672,0.24149878
939673,0.36685273
939674,0.26001433
939675,0.32097033
939676,0.3136775
939677,0.19296265
939678,0.019473111
939679,0.13755342
939680,0.14882968
939681,0.13047624
939682,0.1370622
939683,0.14703405
939684,0.137079
939685,0.03256814
939686,0.14456761
939687,0.21114044
939688,0.3532811
939689,0.14540367
939690,0.13492636
939691,0.33678028
939692,0.3949897
939693,0.26070884
939694,0.26158613
939695,0.16916704
939696,0.26303104
939697,0.03300679
939698,0.19398737
939699,0.27625993
939700,0.20281279
939701,0.11803984
939702,0.33964005
939703,0.21840443
939704,0.24787581
939705,0.19137579
939706,0.21938106
939707,0.25370222
939708,0.14992389
939709,0.027145693
939710,0.17341948
939711,0.025723804
939712,0.34652516
939713,0.37447298
939714,0.3934698
939715,0.45854878
939716,0.4318437
939717,0.350227
939718,0.39595845
939719,0.43584168
939720,0.42142722
939721,0.5109757
939722,0.22388382
939723,0.17516819
939724,0.23124498
939725,0.19082665
939726,0.10763199
939727,0.21702243
939728,0.2853541
939729,0.036630254
939730,0.06999978
939731,0.108051516
939732,0.06458145
939733,0.08835435
939734,0.071885966
939735,0.16031565
939736,0.07956661
939737,0.07099018
939738,0.09610735
939739,0.07014025
939740,0.013351931
939741,0.093761355
939742,0.09433302
939743,0.13008642
939744,0.09509396
939745,0.17018712
939746,0.39325908
939747,0.31219104
939748,0.3653316
939749,0.34273732
939750,0.26067597
939751,0.19271061
939752,0.015994018
939753,0.17253524
939754,0.19808632
939755,0.13096301
939756,0.16979241
939757,0.45005378
939758,0.21017945
939759,0.12481483
939760,0.1502442
939761,0.10313431
939762,0.01925712
939763,0.045195844
939764,0.029154649
939765,0.036632206
939766,0.042664208
939767,0.03959346
939768,0.037625708
939769,0.022616053
939770,0.12176702
939771,0.23087275
939772,0.14875335
939773,0.1275434
939774,0.12001323
939775,0.12314201
939776,0.12907809
939777,0.12753938
939778,0.085390285
939779,0.013066455
939780,0.07098992
939781,0.07444593
939782,0.064774744
939783,0.09612284
939784,0.11225411
939785,0.23848818
939786,0.18030821
939787,0.19950424
939788,0.16751015
939789,0.065346956
939790,0.09950522
939791,0.13128786
939792,0.14600247
939793,0.13838492
939794,0.09010883
939795,0.1557854
939796,0.13573882
939797,0.1501939
939798,0.17344014
939799,0.15663075
939800,0.149657
939801,0.12653658
939802,0.5623942
939803,0.5423597
939804,0.5631351
939805,0.5142642
939806,0.48106608
939807,0.61266875
939808,0.4495674
939809,0.49083066
939810,0.5405666
939811,0.51748693
939812,0.6526672
939813,0.68231153
939814,0.6097824
939815,0.33812195
939816,0.1682871
939817,0.21024832
939818,0.18349232
939819,0.20368288
939820,0.16429341
939821,0.15160821
939822,0.03815894
939823,0.12884378
939824,0.14114682
939825,0.14677817
939826,0.09389078
939827,0.09892163
939828,0.101633124
939829,0.14046562
939830,0.11379944
939831,0.1637347
939832,0.17765073
939833,0.020372007
939834,0.33434933
939835,0.19759545
939836,0.24163163
939837,0.16060905
939838,0.18464951
939839,0.37932464
939840,0.1950242
939841,0.31278285
939842,0.29492274
939843,0.17647204
939844,0.21462902
939845,0.22222194
939846,0.1135106
939847,0.08283666
939848,0.060370296
939849,0.19766137
939850,0.07377689
939851,0.041593347
939852,0.121464126
939853,0.098763674
939854,0.0816585
939855,0.0136952605
939856,0.033356346
939857,0.029554673
939858,0.028732171
939859,0.028323878
939860,0.031371143
939861,0.029966068
939862,0.18092662
939863,0.10272344
939864,0.02920615
939865,0.08337125
939866,0.10214828
939867,0.11409051
939868,0.12918651
939869,0.11903426
939870,0.103142515
939871,0.20119433
939872,0.3035868
939873,0.2551074
939874,0.027046373
939875,0.066581056
939876,0.078481495
939877,0.049518637
939878,0.05136399
939879,0.01260475
939880,0.027454052
939881,0.027141983
939882,0.03126142
939883,0.030796288
939884,0.033659596
939885,0.028285798
939886,0.014061095
939887,0.043441676
939888,0.042861078
939889,0.037972167
939890,0.04201987
939891,0.04051616
939892,0.033506617
939893,0.036757108
939894,0.09767999
939895,0.1385258
939896,0.11609641
939897,0.12000738
939898,0.11760768
939899,0.01598818
939900,0.11353182
939901,0.10741464
939902,0.27091804
939903,0.190856
939904,0.41354364
939905,0.46464428
939906,0.4820793
939907,0.2494364
939908,0.26641107
939909,0.20237191
939910,0.01761277
939911,0.05840939
939912,0.08505677
939913,0.011753143
939914,0.02864343
939915,0.032781523
939916,0.028455919
939917,0.030266004
939918,0.021997131
939919,0.27187604
939920,0.16802374
939921,0.044863574
939922,0.5059558
939923,0.5535328
939924,0.5969827
939925,0.6224035
939926,0.5602919
939927,0.5843914
939928,0.555795
939929,0.5670396
939930,0.5713012
939931,0.55397844
939932,0.58340174
939933,0.43387464
939934,0.028449995
939935,0.05779956
939936,0.05139821
939937,0.05862561
939938,0.063158646
939939,0.057953987
939940,0.059866205
939941,0.019368963
939942,0.051975198
939943,0.03840602
939944,0.046765085
939945,0.043500863
939946,0.048129726
939947,0.06056127
939948,0.09178188
939949,0.09398687
939950,0.1931707
939951,0.019432247
939952,0.042370643
939953,0.042542562
939954,0.0604069
939955,0.033729654
939956,0.0443828
939957,0.19408001
939958,0.04895466
939959,0.025812829
939960,0.35306036
939961,0.41348627
939962,0.53575665
939963,0.468297
939964,0.57481754
939965,0.4405597
939966,0.42952916
939967,0.36623466
939968,0.47510976
939969,0.4708323
939970,0.54687375
939971,0.35980546
939972,0.21927346
939973,0.25573105
939974,0.39155608
939975,0.2350428
939976,0.27936855
939977,0.17923912
939978,0.019181361
939979,0.07876936
939980,0.09628342
939981,0.06557148
939982,0.23210618
939983,0.099826455
939984,0.11805808
939985,0.10450843
939986,0.06501169
939987,0.18575977
939988,0.019047625
939989,0.06738294
939990,0.06668935
939991,0.05961471
939992,0.045778137
939993,0.059407704
939994,0.07535891
939995,0.07379094
939996,0.05436793
939997,0.42700547
939998,0.43991247
939999,0.44913444
940000,0.31705064
940001,0.31097502
940002,0.59892786
940003,0.3749315
940004,0.5442295
940005,0.5612148
940006,0.30264395
940007,0.010340867
940008,0.0223123
940009,0.026877828
940010,0.02625051
940011,0.03645085
940012,0.025426054
940013,0.03752936
940014,0.025175447
940015,0.0136947585
940016,0.021257756
940017,0.03348103
940018,0.021837594
940019,0.024792826
940020,0.026126739
940021,0.0257014
940022,0.022594946
940023,0.012205994
940024,0.02232537
940025,0.022127131
940026,0.028636457
940027,0.024523202
940028,0.02434137
940029,0.024684926
940030,0.021782512
940031,0.013249078
940032,0.07363113
940033,0.044865318
940034,0.03963841
940035,0.05091101
940036,0.07501299
940037,0.06475475
940038,0.049434178
940039,0.071452715
940040,0.034813587
940041,0.22359079
940042,0.19193488
940043,0.19304352
940044,0.013414647
940045,0.034806665
940046,0.026863048
940047,0.032228097
940048,0.023320265
940049,0.024144366
940050,0.026198236
940051,0.023059048
940052,0.077890195
940053,0.11899434
940054,0.18947993
940055,0.197189
940056,0.20437737
940057,0.1775508
940058,0.14659761
940059,0.28437385
940060,0.27963236
940061,0.18988512
940062,0.19279353
940063,0.103693195
940064,0.2732234
940065,0.018072102
940066,0.027378641
940067,0.027830802
940068,0.056666605
940069,0.027335307
940070,0.034498326
940071,0.04127931
940072,0.046471573
940073,0.031508736
940074,0.2856002
940075,0.019338515
940076,0.057087015
940077,0.057442192
940078,0.05302696
940079,0.06130969
940080,0.05586754
940081,0.056878224
940082,0.058267508
940083,0.042386707
940084,0.37025002
940085,0.2877921
940086,0.2906901
940087,0.26156956
940088,0.18896902
940089,0.028072823
940090,0.11788924
940091,0.012270622
940092,0.025083018
940093,0.02481926
940094,0.029084334
940095,0.033741433
940096,0.02972499
940097,0.023515748
940098,0.020101555
940099,0.08194624
940100,0.06789538
940101,0.08162448
940102,0.09021943
940103,0.086860366
940104,0.07850557
940105,0.07561118
940106,0.08996894
940107,0.1657497
940108,0.16701645
940109,0.20517378
940110,0.45421952
940111,0.5487472
940112,0.6491188
940113,0.6780802
940114,0.7354165
940115,0.7356023
940116,0.6257062
940117,0.6941463
940118,0.65315413
940119,0.7290346
940120,0.7094783
940121,0.7112184
940122,0.69742084
940123,0.7197504
940124,0.7214849
940125,0.69722533
940126,0.7433123
940127,0.71044415
940128,0.6849335
940129,0.67891
940130,0.6810551
940131,0.71582
940132,0.41023195
940133,0.014454359
940134,0.036196824
940135,0.033316363
940136,0.038199477
940137,0.036628447
940138,0.04500474
940139,0.037669405
940140,0.038983725
940141,0.04186947
940142,0.3590011
940143,0.40431303
940144,0.28532067
940145,0.17507894
940146,0.31269458
940147,0.418214
940148,0.26010874
940149,0.12787017
940150,0.35151064
940151,0.17280109
940152,0.3089308
940153,0.18999167
940154,0.3668033
940155,0.30471224
940156,0.2711968
940157,0.3377723
940158,0.16783443
940159,0.026240207
940160,0.12554367
940161,0.11895873
940162,0.11778698
940163,0.10394139
940164,0.13164704
940165,0.10863195
940166,0.13473715
940167,0.1117834
940168,0.16426659
940169,0.014216744
940170,0.03420117
940171,0.043066975
940172,0.04082862
940173,0.041576196
940174,0.047649406
940175,0.0443417
940176,0.044375546
940177,0.029346814
940178,0.08701569
940179,0.10790104
940180,0.11083621
940181,0.08969541
940182,0.07687075
940183,0.07258986
940184,0.08238148
940185,0.093841955
940186,0.23863205
940187,0.082432896
940188,0.02810228
940189,0.05006348
940190,0.06296088
940191,0.050120004
940192,0.050380558
940193,0.042675402
940194,0.017747551
940195,0.065014206
940196,0.06877871
940197,0.09288558
940198,0.07489774
940199,0.074965775
940200,0.24794593
940201,0.018794827
940202,0.049293246
940203,0.05227426
940204,0.05287396
940205,0.049232904
940206,0.047982655
940207,0.051216986
940208,0.03913685
940209,0.022488981
940210,0.11188293
940211,0.14877768
940212,0.1168193
940213,0.4514486
940214,0.4263908
940215,0.65969074
940216,0.72924596
940217,0.75214034
940218,0.78490126
940219,0.71626335
940220,0.7566765
940221,0.789849
940222,0.7371275
940223,0.7721104
940224,0.7751586
940225,0.79609203
940226,0.7900739
940227,0.743774
940228,0.7501438
940229,0.75263727
940230,0.7195904
940231,0.7113326
940232,0.68860745
940233,0.7350366
940234,0.74956405
940235,0.69418466
940236,0.7230933
940237,0.30258325
940238,0.011643689
940239,0.020378485
940240,0.029503517
940241,0.02519905
940242,0.037446696
940243,0.029440492
940244,0.030745937
940245,0.02809528
940246,0.018293642
940247,0.1647287
940248,0.4543841
940249,0.16411124
940250,0.16147768
940251,0.016497914
940252,0.059129443
940253,0.12042295
940254,0.15885292
940255,0.089084454
940256,0.035985094
940257,0.034526154
940258,0.0465704
940259,0.051952403
940260,0.14834483
940261,0.054219496
940262,0.24444154
940263,0.3081355
940264,0.60064965
940265,0.5012138
940266,0.62443274
940267,0.553468
940268,0.49341235
940269,0.5646537
940270,0.56830025
940271,0.6068424
940272,0.45546883
940273,0.7728778
940274,0.5394069
940275,0.7358471
940276,0.4871402
940277,0.50243694
940278,0.5685092
940279,0.53320897
940280,0.51498705
940281,0.41771263
940282,0.44251546
940283,0.434642
940284,0.016776552
940285,0.028959455
940286,0.0217199
940287,0.024197465
940288,0.025496196
940289,0.019779671
940290,0.11651598
940291,0.094211556
940292,0.4843334
940293,0.5748386
940294,0.6639356
940295,0.29381642
940296,0.60875326
940297,0.52114165
940298,0.5369098
940299,0.51552236
940300,0.38811448
940301,0.51563627
940302,0.20334102
940303,0.58881253
940304,0.36998776
940305,0.26521835
940306,0.009181913
940307,0.021886911
940308,0.029121252
940309,0.03161114
940310,0.03226354
940311,0.022471106
940312,0.028915854
940313,0.11105819
940314,0.12833288
940315,0.09906809
940316,0.10354715
940317,0.10565961
940318,0.105652444
940319,0.10454864
940320,0.093532465
940321,0.01812211
940322,0.037424427
940323,0.029564472
940324,0.03279544
940325,0.037043188
940326,0.022841083
940327,0.025036309
940328,0.027455375
940329,0.06816545
940330,0.07300592
940331,0.08296283
940332,0.06687558
940333,0.27840227
940334,0.3307421
940335,0.30253273
940336,0.31812432
940337,0.2350742
940338,0.2080211
940339,0.22275007
940340,0.18480307
940341,0.010219969
940342,0.028810553
940343,0.01849581
940344,0.03053931
940345,0.027089233
940346,0.03272544
940347,0.025753936
940348,0.029909547
940349,0.023145784
940350,0.042602543
940351,0.040483437
940352,0.09363243
940353,0.05883248
940354,0.40834936
940355,0.43366322
940356,0.6621557
940357,0.6217255
940358,0.6669136
940359,0.6749974
940360,0.7461486
940361,0.61569124
940362,0.6880641
940363,0.65556294
940364,0.6758203
940365,0.6807255
940366,0.6788064
940367,0.69054693
940368,0.47322828
940369,0.79242915
940370,0.73760337
940371,0.6890968
940372,0.79183215
940373,0.66375464
940374,0.7064768
940375,0.6595695
940376,0.6300101
940377,0.62320226
940378,0.6526435
940379,0.5206671
940380,0.2281187
940381,0.03435721
940382,0.031313885
940383,0.02752898
940384,0.023801154
940385,0.061880182
940386,0.05825364
940387,0.064850055
940388,0.41844663
940389,0.5190101
940390,0.5055261
940391,0.6016537
940392,0.73802865
940393,0.65862733
940394,0.59621733
940395,0.6979729
940396,0.57371515
940397,0.6215225
940398,0.6151166
940399,0.62673783
940400,0.57638943
940401,0.6298149
940402,0.50181687
940403,0.3271794
940404,0.02001079
940405,0.09210493
940406,0.08508973
940407,0.09369578
940408,0.09490643
940409,0.13990627
940410,0.12810378
940411,0.10678493
940412,0.015220299
940413,0.05437683
940414,0.05436417
940415,0.06603167
940416,0.0655178
940417,0.07369612
940418,0.069987826
940419,0.023882015
940420,0.23676199
940421,0.30785283
940422,0.28969726
940423,0.27270547
940424,0.26264822
940425,0.26550218
940426,0.1854275
940427,0.20768358
940428,0.32496014
940429,0.31471652
940430,0.29263723
940431,0.29370737
940432,0.25168628
940433,0.3981078
940434,0.16185649
940435,0.24752353
940436,0.22547829
940437,0.14335798
940438,0.36391583
940439,0.40921465
940440,0.27938545
940441,0.30109844
940442,0.39470172
940443,0.42392868
940444,0.27937493
940445,0.33143646
940446,0.24381599
940447,0.077891104
940448,0.22533163
940449,0.31274316
940450,0.24730188
940451,0.21336086
940452,0.2605901
940453,0.43572894
940454,0.27398077
940455,0.3402922
940456,0.3929822
940457,0.21904658
940458,0.21714364
940459,0.02257152
940460,0.05880319
940461,0.29729104
940462,0.19610892
940463,0.07323141
940464,0.022233637
940465,0.022854805
940466,0.09580921
940467,0.08303413
940468,0.09394428
940469,0.060281176
940470,0.010308743
940471,0.017784454
940472,0.023175946
940473,0.015088458
940474,0.0191731
940475,0.018569527
940476,0.019196013
940477,0.017446628
940478,0.035439424
940479,0.20891114
940480,0.018886728
940481,0.02657
940482,0.019988697
940483,0.020772584
940484,0.23995994
940485,0.28366393
940486,0.030740747
940487,0.13002507
940488,0.056357868
940489,0.1211554
940490,0.9794056
940491,0.28144574
940492,0.074307986
940493,0.04574169
940494,0.012993427
940495,0.025253527
940496,0.039435256
940497,0.080473
940498,0.34649742
940499,0.51340747
940500,0.26283807
940501,0.37400475
940502,0.41735885
940503,0.50361645
940504,0.5378659
940505,0.49164844
940506,0.26559407
940507,0.30947694
940508,0.0741354
940509,0.07684218
940510,0.076353505
940511,0.016499043
940512,0.06506987
940513,0.11035763
940514,0.014762469
940515,0.067153856
940516,0.09710006
940517,0.08216972
940518,0.071756795
940519,0.0723395
940520,0.08536909
940521,0.071860634
940522,0.024067253
940523,0.087590955
940524,0.086387634
940525,0.11465423
940526,0.06640796
940527,0.06349704
940528,0.06938468
940529,0.0923144
940530,0.10608025
940531,0.14379092
940532,0.10417136
940533,0.103260875
940534,0.0699203
940535,0.07757522
940536,0.1035883
940537,0.013947701
940538,0.11849904
940539,0.15914899
940540,0.02439455
940541,0.06125026
940542,0.049582854
940543,0.04824645
940544,0.04935391
940545,0.04786464
940546,0.0402133
940547,0.0817986
940548,0.21887513
940549,0.029749362
940550,0.054310266
940551,0.052855257
940552,0.07509484
940553,0.06925138
940554,0.08221463
940555,0.07807094
940556,0.044224914
940557,0.3077734
940558,0.46374905
940559,0.6093751
940560,0.697511
940561,0.7074858
940562,0.7598261
940563,0.74327016
940564,0.7473946
940565,0.78368497
940566,0.79926
940567,0.80056614
940568,0.7709853
940569,0.7916949
940570,0.8046933
940571,0.79860634
940572,0.74505913
940573,0.8135076
940574,0.81784797
940575,0.8149094
940576,0.80378306
940577,0.7664432
940578,0.78584504
940579,0.82414424
940580,0.79869276
940581,0.79045403
940582,0.79509324
940583,0.72683793
940584,0.79760486
940585,0.7804627
940586,0.75939894
940587,0.7552192
940588,0.8118353
940589,0.74180704
940590,0.77453417
940591,0.6858799
940592,0.039875116
940593,0.0790708
940594,0.077485725
940595,0.07875756
940596,0.55117935
940597,0.507551
940598,0.5785881
940599,0.603218
940600,0.59699965
940601,0.7027279
940602,0.75120556
940603,0.6878988
940604,0.6182838
940605,0.6243856
940606,0.74943125
940607,0.63773817
940608,0.5988895
940609,0.66157645
940610,0.6399213
940611,0.6234991
940612,0.7241133
940613,0.7079118
940614,0.69965214
940615,0.7077665
940616,0.7003446
940617,0.66979384
940618,0.54688287
940619,0.73023653
940620,0.7160568
940621,0.5926327
940622,0.72118074
940623,0.62417674
940624,0.53992593
940625,0.3845303
940626,0.06537559
940627,0.18431261
940628,0.12111826
940629,0.16400345
940630,0.12965381
940631,0.15721528
940632,0.12449227
940633,0.23129784
940634,0.09717319
940635,0.15659979
940636,0.24077345
940637,0.18459065
940638,0.019847862
940639,0.04730562
940640,0.053197715
940641,0.044968788
940642,0.03978072
940643,0.046245568
940644,0.04513523
940645,0.11393263
940646,0.017966243
940647,0.278799
940648,0.09964517
940649,0.12965636
940650,0.26048765
940651,0.2689619
940652,0.25542653
940653,0.31835273
940654,0.20678367
940655,0.036501035
940656,0.0853453
940657,0.05634679
940658,0.044438466
940659,0.04581427
940660,0.047146033
940661,0.07154869
940662,0.051669292
940663,0.094734564
940664,0.011074871
940665,0.019359551
940666,0.020495484
940667,0.01857294
940668,0.020520546
940669,0.024424732
940670,0.021383375
940671,0.010916147
940672,0.039622452
940673,0.022466712
940674,0.026002426
940675,0.024079334
940676,0.028371861
940677,0.04061399
940678,0.044164095
940679,0.042620078
940680,0.37180686
940681,0.31706378
940682,0.3427742
940683,0.26387325
940684,0.29015434
940685,0.358676
940686,0.012079951
940687,0.03173902
940688,0.027653417
940689,0.028139148
940690,0.02950448
940691,0.03315084
940692,0.03151177
940693,0.027412461
940694,0.19295928
940695,0.16735364
940696,0.30623075
940697,0.29562306
940698,0.20484442
940699,0.2575886
940700,0.5728823
940701,0.6210342
940702,0.6744181
940703,0.5857049
940704,0.60518014
940705,0.6061721
940706,0.623858
940707,0.535057
940708,0.52036875
940709,0.52479583
940710,0.5604434
940711,0.43844643
940712,0.014909004
940713,0.02143212
940714,0.030005306
940715,0.024523916
940716,0.18877834
940717,0.03847525
940718,0.3761889
940719,0.5838191
940720,0.61821264
940721,0.41501513
940722,0.6189952
940723,0.41766855
940724,0.6513246
940725,0.6811355
940726,0.598692
940727,0.5659442
940728,0.63669693
940729,0.5643179
940730,0.46623862
940731,0.5779656
940732,0.6009241
940733,0.5615773
940734,0.44288704
940735,0.042212524
940736,0.23805119
940737,0.10423432
940738,0.12718762
940739,0.115902275
940740,0.11473931
940741,0.058177926
940742,0.19382052
940743,0.18841532
940744,0.18243754
940745,0.18243754
940746,0.1796501
940747,0.13473216
940748,0.1433138
940749,0.15386124
940750,0.14866546
940751,0.13269126
940752,0.12866116
940753,0.13925056
940754,0.100526206
940755,0.035990782
940756,0.54872364
940757,0.46344435
940758,0.49607557
940759,0.3280243
940760,0.4584461
940761,0.4780667
940762,0.5571722
940763,0.54962695
940764,0.54256886
940765,0.06446766
940766,0.03114743
940767,0.11475524
940768,0.1248805
940769,0.08206835
940770,0.13265845
940771,0.08386613
940772,0.08275339
940773,0.070706524
940774,0.014942145
940775,0.09510725
940776,0.09893249
940777,0.09880371
940778,0.120136335
940779,0.18876773
940780,0.22979186
940781,0.12429577
940782,0.14112525
940783,0.072466716
940784,0.11605449
940785,0.054395813
940786,0.049788237
940787,0.032811396
940788,0.13244534
940789,0.12624736
940790,0.012877561
940791,0.04226788
940792,0.036282144
940793,0.034901876
940794,0.03617917
940795,0.036884632
940796,0.037014317
940797,0.03845459
940798,0.034723714
940799,0.4348153
940800,0.18330392
940801,0.18495184
940802,0.30726418
940803,0.17541426
940804,0.30269623
940805,0.010174545
940806,0.025925355
940807,0.037558876
940808,0.044141136
940809,0.028037118
940810,0.4170644
940811,0.6211996
940812,0.6974519
940813,0.7131495
940814,0.71598566
940815,0.70399517
940816,0.74046564
940817,0.72809535
940818,0.75366986
940819,0.68573934
940820,0.7616391
940821,0.5797782
940822,0.6404077
940823,0.54538435
940824,0.419464
940825,0.023091618
940826,0.04167355
940827,0.04950409
940828,0.051968243
940829,0.036756247
940830,0.077076435
940831,0.16316397
940832,0.2946561
940833,0.29533643
940834,0.25641707
940835,0.5246068
940836,0.36019707
940837,0.5276694
940838,0.2542639
940839,0.29722944
940840,0.2102129
940841,0.28728232
940842,0.22613068
940843,0.013816094
940844,0.09056208
940845,0.09315444
940846,0.08308025
940847,0.10571531
940848,0.3599034
940849,0.530439
940850,0.5570715
940851,0.49137232
940852,0.49783668
940853,0.4866474
940854,0.5194713
940855,0.5065583
940856,0.3983221
940857,0.5625433
940858,0.36236715
940859,0.034554284
940860,0.16839384
940861,0.16646715
940862,0.13512823
940863,0.18055016
940864,0.22226042
940865,0.2936863
940866,0.2649808
940867,0.3132095
940868,0.28069922
940869,0.26720387
940870,0.2633146
940871,0.32065842
940872,0.27181345
940873,0.21618463
940874,0.022465607
940875,0.2685473
940876,0.30501533
940877,0.2357551
940878,0.22946641
940879,0.20079558
940880,0.20383665
940881,0.24067584
940882,0.2698038
940883,0.19101119
940884,0.29956004
940885,0.1090275
940886,0.019620853
940887,0.1730286
940888,0.20278232
940889,0.23368244
940890,0.19472516
940891,0.18822865
940892,0.24599247
940893,0.17878895
940894,0.2156349
940895,0.11755919
940896,0.15008783
940897,0.16703427
940898,0.35824344
940899,0.01444414
940900,0.069757506
940901,0.05856018
940902,0.0667668
940903,0.045095976
940904,0.057485994
940905,0.049585864
940906,0.020629913
940907,0.049506936
940908,0.05243113
940909,0.050060604
940910,0.055413757
940911,0.05017899
940912,0.055627543
940913,0.22824469
940914,0.2533295
940915,0.17177433
940916,0.010870488
940917,0.048213977
940918,0.05291718
940919,0.04867802
940920,0.054420944
940921,0.060783774
940922,0.05000972
940923,0.041578557
940924,0.50436646
940925,0.7286012
940926,0.6762495
940927,0.6423516
940928,0.67804337
940929,0.6365098
940930,0.67447007
940931,0.659801
940932,0.741776
940933,0.75172657
940934,0.70636827
940935,0.64803916
940936,0.63395506
940937,0.63465697
940938,0.7029171
940939,0.65956837
940940,0.7356069
940941,0.7038233
940942,0.638452
940943,0.7234062
940944,0.34354305
940945,0.034668833
940946,0.16461843
940947,0.1237812
940948,0.11468736
940949,0.21421307
940950,0.14130966
940951,0.0143026775
940952,0.03846609
940953,0.039970495
940954,0.040966004
940955,0.036968496
940956,0.040034994
940957,0.040947493
940958,0.055147525
940959,0.17054799
940960,0.20080191
940961,0.055074196
940962,0.13303125
940963,0.27810624
940964,0.16992004
940965,0.011836683
940966,0.045700215
940967,0.06495189
940968,0.05003366
940969,0.031357862
940970,0.052405525
940971,0.049843196
940972,0.12061577
940973,0.08382758
940974,0.07793272
940975,0.0809199
940976,0.08070271
940977,0.07912003
940978,0.089483894
940979,0.08748029
940980,0.06826673
940981,0.023465274
940982,0.1934891
940983,0.15087453
940984,0.27587703
940985,0.27180004
940986,0.2589753
940987,0.16972469
940988,0.17806607
940989,0.24597248
940990,0.17387703
940991,0.19218996
940992,0.0133131975
940993,0.0695688
940994,0.07126282
940995,0.08878263
940996,0.08630887
940997,0.0878618
940998,0.08925228
940999,0.08655797
941000,0.09771928
941001,0.46387255
941002,0.09241062
941003,0.27307343
941004,0.1661793
941005,0.061406765
941006,0.22817208
941007,0.22530444
941008,0.1340086
941009,0.2303363
941010,0.11013484
941011,0.015457623
941012,0.030020932
941013,0.029297384
941014,0.16017202
941015,0.116108306
941016,0.11598815
941017,0.11534114
941018,0.09701342
941019,0.092116706
941020,0.3535886
941021,0.48216486
941022,0.5563058
941023,0.5196611
941024,0.53602654
941025,0.52955437
941026,0.5102555
941027,0.41151556
941028,0.017822878
941029,0.1017986
941030,0.094690315
941031,0.11328119
941032,0.09689571
941033,0.09977442
941034,0.10320875
941035,0.10690602
941036,0.1067926
941037,0.11792392
941038,0.11114117
941039,0.3810928
941040,0.3337497
941041,0.17456003
941042,0.19228013
941043,0.17483601
941044,0.025714153
941045,0.49643537
941046,0.5575549
941047,0.5235236
941048,0.5269998
941049,0.5041409
941050,0.538099
941051,0.5423003
941052,0.570225
941053,0.4975085
941054,0.50450283
941055,0.4578849
941056,0.31472453
941057,0.2242161
941058,0.05273498
941059,0.29914358
941060,0.32043314
941061,0.08318085
941062,0.24820453
941063,0.24460839
941064,0.24101323
941065,0.2471774
941066,0.36575803
941067,0.2571385
941068,0.23047014
941069,0.2138161
941070,0.5011664
941071,0.61109716
941072,0.63015
941073,0.6367738
941074,0.62822944
941075,0.57694733
941076,0.6834152
941077,0.622501
941078,0.6520398
941079,0.6238454
941080,0.61139077
941081,0.64207107
941082,0.65839785
941083,0.65634453
941084,0.6831182
941085,0.38596314
941086,0.15348548
941087,0.6948206
941088,0.7667553
941089,0.7886278
941090,0.7941071
941091,0.8962684
941092,0.87831706
941093,0.87601334
941094,0.8691998
941095,0.8342629
941096,0.8944539
941097,0.8750635
941098,0.87494135
941099,0.87360907
941100,0.897962
941101,0.85154414
941102,0.85044503
941103,0.8306906
941104,0.85277534
941105,0.8422114
941106,0.8340167
941107,0.84971696
941108,0.9140491
941109,0.88760525
941110,0.84471536
941111,0.8768569
941112,0.8427113
941113,0.8522236
941114,0.84639627
941115,0.91237056
941116,0.8797507
941117,0.8361724
941118,0.7673787
941119,0.81512755
941120,0.9059741
941121,0.8037846
941122,0.84162664
941123,0.82931703
941124,0.8189628
941125,0.84388566
941126,0.8175863
941127,0.41200054
941128,0.05188634
941129,0.14405936
941130,0.16762885
941131,0.1449168
941132,0.14164968
941133,0.09855054
941134,0.041464366
941135,0.16194034
941136,0.13508725
941137,0.14024729
941138,0.026770966
941139,0.34882253
941140,0.34978408
941141,0.45004335
941142,0.64079523
941143,0.6350713
941144,0.42477044
941145,0.6800644
941146,0.59005696
941147,0.49705487
941148,0.42332748
941149,0.57414085
941150,0.58684796
941151,0.55812615
941152,0.49049258
941153,0.27638176
941154,0.22807606
941155,0.15944508
941156,0.23296984
941157,0.109968886
941158,0.033114783
941159,0.5001929
941160,0.519184
941161,0.5657026
941162,0.6135951
941163,0.5916216
941164,0.5919716
941165,0.59742653
941166,0.64562327
941167,0.5241722
941168,0.5885124
941169,0.57509756
941170,0.3422151
941171,0.04976427
941172,0.1402496
941173,0.21269609
941174,0.15079246
941175,0.17349738
941176,0.110389955
941177,0.13328253
941178,0.122005664
941179,0.119040675
941180,0.07843836
941181,0.1563264
941182,0.19669643
941183,0.19522044
941184,0.16149715
941185,0.17045678
941186,0.15363863
941187,0.14232375
941188,0.010121436
941189,0.027638575
941190,0.029327912
941191,0.02616515
941192,0.047737613
941193,0.01911252
941194,0.031200383
941195,0.020427352
941196,0.03305292
941197,0.051615544
941198,0.01212267
941199,0.024725448
941200,0.024888873
941201,0.024463478
941202,0.015476488
941203,0.024832739
941204,0.025504073
941205,0.02278484
941206,0.00949436
941207,0.022917157
941208,0.018969622
941209,0.018086066
941210,0.029648088
941211,0.034786534
941212,0.042946603
941213,0.029746128
941214,0.024119668
941215,0.010890184
941216,0.0151367765
941217,0.018072411
941218,0.020913403
941219,0.018735167
941220,0.01686002
941221,0.10313372
941222,0.2686845
941223,0.45386624
941224,0.49968573
941225,0.5023574
941226,0.504671
941227,0.5565446
941228,0.61431104
941229,0.6097801
941230,0.49911335
941231,0.5028851
941232,0.38802198
941233,0.01827487
941234,0.050323553
941235,0.059889596
941236,0.06164617
941237,0.047493044
941238,0.0494894
941239,0.045564413
941240,0.28380123
941241,0.29719144
941242,0.30364096
941243,0.3229194
941244,0.3252039
941245,0.32266107
941246,0.31066296
941247,0.2476595
941248,0.29042378
941249,0.09314539
941250,0.057090428
941251,0.63516986
941252,0.7055653
941253,0.7830872
941254,0.79421675
941255,0.8067997
941256,0.783795
941257,0.80992335
941258,0.8022265
941259,0.80252516
941260,0.810968
941261,0.8626204
941262,0.8478598
941263,0.84482527
941264,0.8298104
941265,0.8376235
941266,0.80802244
941267,0.8181505
941268,0.8268028
941269,0.8182181
941270,0.8231723
941271,0.80556184
941272,0.8061184
941273,0.80132896
941274,0.79573977
941275,0.7853162
941276,0.78283715
941277,0.78723073
941278,0.7867399
941279,0.81884575
941280,0.7829413
941281,0.8113382
941282,0.7774362
941283,0.60183567
941284,0.05509723
941285,0.27689466
941286,0.28671753
941287,0.30097717
941288,0.29150572
941289,0.3625809
941290,0.3061175
941291,0.23086518
941292,0.121765666
941293,0.10265261
941294,0.10698321
941295,0.09813803
941296,0.09536869
941297,0.059780356
941298,0.23915674
941299,0.23527844
941300,0.21059866
941301,0.16373833
941302,0.21972854
941303,0.20459262
941304,0.17477953
941305,0.017840715
941306,0.08661315
941307,0.15940237
941308,0.11835069
941309,0.11928975
941310,0.13045728
941311,0.4698217
941312,0.6242957
941313,0.74418974
941314,0.67064524
941315,0.7833148
941316,0.7357579
941317,0.7181732
941318,0.77004904
941319,0.6657828
941320,0.69034374
941321,0.7713513
941322,0.7591753
941323,0.6715697
941324,0.43534094
941325,0.7056337
941326,0.75553966
941327,0.7251552
941328,0.33661026
941329,0.52896357
941330,0.5031265
941331,0.5271863
941332,0.36415857
941333,0.50691813
941334,0.40460378
941335,0.31028518
941336,0.05248115
941337,0.2180018
941338,0.22725295
941339,0.2447409
941340,0.25570396
941341,0.23373851
941342,0.28196764
941343,0.24526301
941344,0.24470207
941345,0.22013466
941346,0.054209635
941347,0.0828372
941348,0.03900657
941349,0.036624476
941350,0.08947344
941351,0.05691741
941352,0.087355025
941353,0.077174544
941354,0.038986735
941355,0.15320826
941356,0.09277574
941357,0.05293293
941358,0.14972448
941359,0.24426499
941360,0.24583007
941361,0.38217792
941362,0.28827655
941363,0.3128964
941364,0.11087353
941365,0.2321745
941366,0.22986108
941367,0.31709868
941368,0.4985897
941369,0.39475468
941370,0.23364504
941371,0.31707633
941372,0.009315437
941373,0.0101265395
941374,0.01543405
941375,0.012786059
941376,0.013393366
941377,0.013031648
941378,0.011826738
941379,0.014739834
941380,0.025045726
941381,0.1856727
941382,0.15504357
941383,0.11544306
941384,0.06843119
941385,0.007178999
941386,0.011712787
941387,0.010847875
941388,0.009370884
941389,0.013696039
941390,0.01047422
941391,0.024215158
941392,0.057286154
941393,0.06224157
941394,0.06514493
941395,0.061224308
941396,0.055309583
941397,0.05893716
941398,0.01135089
941399,0.016128369
941400,0.021923108
941401,0.020784168
941402,0.012636135
941403,0.01660283
941404,0.01887633
941405,0.01701505
941406,0.048445377
941407,0.0646342
941408,0.02000917
941409,0.041352697
941410,0.050239433
941411,0.040695533
941412,0.0055442406
941413,0.010696789
941414,0.009976348
941415,0.010299581
941416,0.014203418
941417,0.018771142
941418,0.011211781
941419,0.08216968
941420,0.011420643
941421,0.011243712
941422,0.010366038
941423,0.008367985
941424,0.012414282
941425,0.012518722
941426,0.010396082
941427,0.009783437
941428,0.025376482
941429,0.022195624
941430,0.021601059
941431,0.022728764
941432,0.025668435
941433,0.022289049
941434,0.021886814
941435,0.56070703
941436,0.6716756
941437,0.66678566
941438,0.71086663
941439,0.7574999
941440,0.82450396
941441,0.6861382
941442,0.72659415
941443,0.678974
941444,0.69464374
941445,0.57738006
941446,0.7223309
941447,0.59075737
941448,0.67829674
941449,0.74340284
941450,0.6994835
941451,0.6701057
941452,0.69010234
941453,0.63008267
941454,0.32844612
941455,0.12373988
941456,0.22474931
941457,0.2138372
941458,0.22222006
941459,0.20591378
941460,0.21565685
941461,0.10015928
941462,0.18703082
941463,0.028496921
941464,0.03998958
941465,0.29971313
941466,0.2756098
941467,0.26980847
941468,0.29787725
941469,0.2631258
941470,0.2604021
941471,0.035941117
941472,0.04037652
941473,0.018545466
941474,0.022571173
941475,0.039979633
941476,0.020529091
941477,0.016168233
941478,0.083195746
941479,0.28093553
941480,0.26667118
941481,0.16544993
941482,0.1487995
941483,0.19226685
941484,0.1693422
941485,0.14094026
941486,0.017641695
941487,0.037624147
941488,0.042657793
941489,0.038347244
941490,0.03902995
941491,0.01058556
941492,0.102897696
941493,0.12130583
941494,0.25997716
941495,0.2676985
941496,0.11656004
941497,0.20256537
941498,0.16077188
941499,0.10525198
941500,0.1327959
941501,0.12378872
941502,0.16907254
941503,0.07836764
941504,0.10914743
941505,0.017042888
941506,0.044973005
941507,0.039682675
941508,0.037113782
941509,0.050866283
941510,0.059395622
941511,0.04584075
941512,0.17453541
941513,0.019268956
941514,0.057283998
941515,0.08697984
941516,0.30774873
941517,0.25659615
941518,0.28869453
941519,0.48830447
941520,0.41019732
941521,0.37477967
941522,0.38139448
941523,0.39405113
941524,0.042159572
941525,0.4171842
941526,0.4770075
941527,0.60675496
941528,0.4691528
941529,0.40143713
941530,0.4253275
941531,0.28301653
941532,0.45347145
941533,0.44306293
941534,0.44371632
941535,0.17451261
941536,0.44889238
941537,0.33127996
941538,0.5365102
941539,0.40384436
941540,0.30447572
941541,0.14688613
941542,0.45214802
941543,0.28111166
941544,0.4808291
941545,0.3675263
941546,0.33968818
941547,0.33525345
941548,0.21479821
941549,0.06490961
941550,0.56194925
941551,0.686065
941552,0.74652445
941553,0.7961167
941554,0.77435446
941555,0.7880509
941556,0.79112375
941557,0.74957514
941558,0.59672135
941559,0.75810486
941560,0.7514097
941561,0.6974736
941562,0.7813724
941563,0.77470124
941564,0.7561811
941565,0.756639
941566,0.49721926
941567,0.54752725
941568,0.17033598
941569,0.0957466
941570,0.2757545
941571,0.55488867
941572,0.44560072
941573,0.5512486
941574,0.5665284
941575,0.38234392
941576,0.5832567
941577,0.6753708
941578,0.57366955
941579,0.59305286
941580,0.56396323
941581,0.5181377
941582,0.571444
941583,0.6511048
941584,0.72615474
941585,0.35306025
941586,0.64871407
941587,0.6892577
941588,0.38929582
941589,0.3508105
941590,0.4791926
941591,0.5447413
941592,0.4371461
941593,0.13331011
941594,0.022246499
941595,0.32986373
941596,0.33165184
941597,0.25361457
941598,0.2949206
941599,0.34513572
941600,0.22664206
941601,0.17204455
941602,0.2328887
941603,0.33153978
941604,0.28557336
941605,0.27327368
941606,0.3047774
941607,0.10699374
941608,0.11320485
941609,0.0930538
941610,0.10651679
941611,0.08904147
941612,0.03680549
941613,0.16273898
941614,0.102518804
941615,0.16168433
941616,0.21401799
941617,0.025529174
941618,0.06168334
941619,0.11654724
941620,0.6383416
941621,0.7471453
941622,0.7270635
941623,0.8299311
941624,0.8112171
941625,0.8229075
941626,0.78154945
941627,0.77461463
941628,0.8125376
941629,0.8053071
941630,0.6079472
941631,0.8178857
941632,0.8244907
941633,0.8051533
941634,0.83636075
941635,0.81300056
941636,0.7772802
941637,0.8105272
941638,0.7801192
941639,0.7854673
941640,0.7881431
941641,0.8363975
941642,0.836069
941643,0.8136543
941644,0.8196104
941645,0.7114511
941646,0.7633154
941647,0.7304835
941648,0.81240284
941649,0.75516254
941650,0.7431864
941651,0.7904662
941652,0.5744698
941653,0.010653104
941654,0.07530047
941655,0.107074425
941656,0.057022814
941657,0.07563468
941658,0.0380698
941659,0.24171124
941660,0.20150086
941661,0.17274885
941662,0.15354474
941663,0.23464234
941664,0.16207957
941665,0.21621507
941666,0.24258128
941667,0.13138095
941668,0.18535444
941669,0.2596198
941670,0.12358474
941671,0.0133270975
941672,0.061960623
941673,0.08479632
941674,0.086722456
941675,0.12874983
941676,0.05104375
941677,0.04057977
941678,0.038186733
941679,0.04618167
941680,0.034881487
941681,0.14061862
941682,0.024374567
941683,0.058408786
941684,0.05370858
941685,0.06576185
941686,0.05045039
941687,0.05590333
941688,0.036739577
941689,0.27600026
941690,0.32057983
941691,0.24361283
941692,0.2905823
941693,0.18923059
941694,0.124164835
941695,0.024018591
941696,0.12543339
941697,0.119052
941698,0.11670474
941699,0.098016426
941700,0.19586433
941701,0.24818696
941702,0.22332907
941703,0.39180356
941704,0.23090433
941705,0.14313298
941706,0.035137054
941707,0.19064268
941708,0.09273268
941709,0.0763371
941710,0.1729858
941711,0.20844312
941712,0.1487745
941713,0.027045095
941714,0.11360787
941715,0.11863617
941716,0.08805101
941717,0.10460736
941718,0.10775387
941719,0.4273373
941720,0.60711396
941721,0.60511416
941722,0.5091003
941723,0.56442946
941724,0.587495
941725,0.6019711
941726,0.57372487
941727,0.58209807
941728,0.5077513
941729,0.53749055
941730,0.5096743
941731,0.37000102
941732,0.022676501
941733,0.38987884
941734,0.39881632
941735,0.4521443
941736,0.42798182
941737,0.3391226
941738,0.3517472
941739,0.44852865
941740,0.4874714
941741,0.4683607
941742,0.6416553
941743,0.58389485
941744,0.49968025
941745,0.42587733
941746,0.2602095
941747,0.3164424
941748,0.022328537
941749,0.61961
941750,0.6964221
941751,0.74113274
941752,0.7497176
941753,0.7194021
941754,0.6858794
941755,0.6936989
941756,0.679615
941757,0.66495675
941758,0.65488666
941759,0.68019885
941760,0.64761186
941761,0.7075484
941762,0.6839173
941763,0.74874014
941764,0.45970345
941765,0.038772196
941766,0.17201369
941767,0.1883787
941768,0.18658462
941769,0.16868006
941770,0.13096394
941771,0.114622876
941772,0.104442306
941773,0.097880915
941774,0.11307745
941775,0.0980322
941776,0.09439038
941777,0.02671535
941778,0.021671083
941779,0.021058185
941780,0.037100773
941781,0.034342825
941782,0.052249216
941783,0.022993447
941784,0.2188397
941785,0.06790305
941786,0.055512536
941787,0.054771595
941788,0.048891768
941789,0.04476728
941790,0.009145372
941791,0.018819503
941792,0.019234573
941793,0.017699692
941794,0.015629293
941795,0.020452064
941796,0.019769752
941797,0.016787693
941798,0.025534779
941799,0.5154282
941800,0.7657173
941801,0.796519
941802,0.8649454
941803,0.8718669
941804,0.8765072
941805,0.8821465
941806,0.8929079
941807,0.90039295
941808,0.89931875
941809,0.90563285
941810,0.91477185
941811,0.9109428
941812,0.91058475
941813,0.91062546
941814,0.90724707
941815,0.90666884
941816,0.9158956
941817,0.90973634
941818,0.90889174
941819,0.9044994
941820,0.9028709
941821,0.9029148
941822,0.90015006
941823,0.9148506
941824,0.8971646
941825,0.9046948
941826,0.88763267
941827,0.8832029
941828,0.87494195
941829,0.9225406
941830,0.90898085
941831,0.9247103
941832,0.88871336
941833,0.88505036
941834,0.8478993
941835,0.8473302
941836,0.88897073
941837,0.8403471
941838,0.83538693
941839,0.8216023
941840,0.86181843
941841,0.81498605
941842,0.8094166
941843,0.8118002
941844,0.8115908
941845,0.8116673
941846,0.50047255
941847,0.010636216
941848,0.02242058
941849,0.036749788
941850,0.17732419
941851,0.60878634
941852,0.7036736
941853,0.6831557
941854,0.6906955
941855,0.68061286
941856,0.67475235
941857,0.6742469
941858,0.6742469
941859,0.6718075
941860,0.6631308
941861,0.6424208
941862,0.637831
941863,0.63796073
941864,0.63796073
941865,0.33363914
941866,0.393987
941867,0.058589846
941868,0.058447123
941869,0.063075416
941870,0.059572257
941871,0.03055949
941872,0.039666347
941873,0.03143146
941874,0.029001307
941875,0.030389272
941876,0.02149345
941877,0.027583139
941878,0.018512353
941879,0.011737005
941880,0.024624038
941881,0.04733731
941882,0.019244844
941883,0.017961785
941884,0.017049743
941885,0.023389546
941886,0.028640682
941887,0.022076333
941888,0.07155544
941889,0.18699448
941890,0.23740433
941891,0.4341739
941892,0.41713467
941893,0.40951434
941894,0.24620418
941895,0.34697255
941896,0.29743534
941897,0.20267239
941898,0.1826377
941899,0.19854562
941900,0.13615182
941901,0.5095634
941902,0.61349386
941903,0.6129742
941904,0.6374725
941905,0.6207068
941906,0.62781286
941907,0.6520357
941908,0.67324024
941909,0.6243489
941910,0.58358413
941911,0.65402347
941912,0.62083703
941913,0.6393394
941914,0.6392619
941915,0.6160726
941916,0.45977697
941917,0.051205806
941918,0.49066478
941919,0.54645014
941920,0.5618588
941921,0.65423286
941922,0.6253839
941923,0.6744711
941924,0.6369017
941925,0.60718614
941926,0.57668656
941927,0.57478476
941928,0.6555859
941929,0.65481323
941930,0.56442213
941931,0.5788636
941932,0.5850806
941933,0.64670354
941934,0.6134113
941935,0.6134724
941936,0.61563
941937,0.57083255
941938,0.6038887
941939,0.66262585
941940,0.56416553
941941,0.2956459
941942,0.5703221
941943,0.6442337
941944,0.6603371
941945,0.657281
941946,0.6927095
941947,0.67767495
941948,0.6751182
941949,0.6618247
941950,0.63637
941951,0.5990653
941952,0.6146809
941953,0.3948798
941954,0.2554004
941955,0.20298214
941956,0.5508388
941957,0.6808659
941958,0.7653107
941959,0.7509614
941960,0.806154
941961,0.80231684
941962,0.7566077
941963,0.7929536
941964,0.74777853
941965,0.8284988
941966,0.78867465
941967,0.8119209
941968,0.85652804
941969,0.8156968
941970,0.7931524
941971,0.85570294
941972,0.8646514
941973,0.86127424
941974,0.7616986
941975,0.8224581
941976,0.8642988
941977,0.8602475
941978,0.74653375
941979,0.75255203
941980,0.5894005
941981,0.8453712
941982,0.58278257
941983,0.8561982
941984,0.8487958
941985,0.84172106
941986,0.86831546
941987,0.7776478
941988,0.6719756
941989,0.07737023
941990,0.14649765
941991,0.117910296
941992,0.14769658
941993,0.078887105
941994,0.08125404
941995,0.07316344
941996,0.06670129
941997,0.06361838
941998,0.016190281
941999,0.16919743
942000,0.14488964
942001,0.11226233
942002,0.10076826
942003,0.10139873
942004,0.074590854
942005,0.14163981
942006,0.10070286
942007,0.13084707
942008,0.25860843
942009,0.10483102
942010,0.2932494
942011,0.34738606
942012,0.15436876
942013,0.16654626
942014,0.0921271
942015,0.18546213
942016,0.27486446
942017,0.13884844
942018,0.0983653
942019,0.21888801
942020,0.15307982
942021,0.087039255
942022,0.019249912
942023,0.043605868
942024,0.044827983
942025,0.04495228
942026,0.0480094
942027,0.042432774
942028,0.080516234
942029,0.088099994
942030,0.07580164
942031,0.01897632
942032,0.13246767
942033,0.1301974
942034,0.102645956
942035,0.1311795
942036,0.12750429
942037,0.11873032
942038,0.108724505
942039,0.19150653
942040,0.1323908
942041,0.037083052
942042,0.03393496
942043,0.043776583
942044,0.04452296
942045,0.039082587
942046,0.03786982
942047,0.03892348
942048,0.03244193
942049,0.041695457
942050,0.0893431
942051,0.11909887
942052,0.090308316
942053,0.09453577
942054,0.022984084
942055,0.056498386
942056,0.08612192
942057,0.08006837
942058,0.049168937
942059,0.06999411
942060,0.10022544
942061,0.09938719
942062,0.07857862
942063,0.010338339
942064,0.026907621
942065,0.028433742
942066,0.03860885
942067,0.032224223
942068,0.030262472
942069,0.037569005
942070,0.024971107
942071,0.054848853
942072,0.010223225
942073,0.0272691
942074,0.038387734
942075,0.026342025
942076,0.022977259
942077,0.009809799
942078,0.027831402
942079,0.029548235
942080,0.03467299
942081,0.027425306
942082,0.028366603
942083,0.058598366
942084,0.029897569
942085,0.009840267
942086,0.025164444
942087,0.029346127
942088,0.031502042
942089,0.05431598
942090,0.0840107
942091,0.009283118
942092,0.025804551
942093,0.024805155
942094,0.022065615
942095,0.026406411
942096,0.019833114
942097,0.019648127
942098,0.07763333
942099,0.066799335
942100,0.08102449
942101,0.06387365
942102,0.07136873
942103,0.17082508
942104,0.09501668
942105,0.13761795
942106,0.073101304
942107,0.018999217
942108,0.19597568
942109,0.204329
942110,0.18257499
942111,0.21642779
942112,0.24791738
942113,0.23842208
942114,0.28592855
942115,0.29613557
942116,0.18157545
942117,0.52282584
942118,0.015798345
942119,0.038236722
942120,0.0524058
942121,0.04112755
942122,0.04463845
942123,0.05053106
942124,0.053008743
942125,0.03400378
942126,0.015095738
942127,0.061106853
942128,0.058821578
942129,0.04924421
942130,0.04756387
942131,0.050823584
942132,0.052007228
942133,0.032124545
942134,0.035065114
942135,0.009926662
942136,0.042163085
942137,0.05097155
942138,0.05070135
942139,0.05169846
942140,0.053469487
942141,0.052754182
942142,0.077995844
942143,0.071264625
942144,0.040622324
942145,0.064056784
942146,0.07511837
942147,0.10714379
942148,0.06026615
942149,0.07532519
942150,0.0847185
942151,0.08649982
942152,0.19954805
942153,0.03791052
942154,0.09822344
942155,0.09860913
942156,0.088966586
942157,0.11687224
942158,0.09107197
942159,0.028497843
942160,0.13350892
942161,0.27820975
942162,0.21549676
942163,0.12148678
942164,0.024756946
942165,0.13124324
942166,0.12896648
942167,0.12378245
942168,0.119961
942169,0.1422926
942170,0.09202162
942171,0.42390755
942172,0.12056345
942173,0.2174328
942174,0.31590995
942175,0.114010274
942176,0.070714295
942177,0.06204882
942178,0.012116722
942179,0.025224485
942180,0.028918829
942181,0.02532611
942182,0.03250253
942183,0.032118157
942184,0.026384007
942185,0.02646279
942186,0.0118304165
942187,0.024043972
942188,0.034064934
942189,0.025133014
942190,0.026265934
942191,0.029700816
942192,0.030556628
942193,0.049812365
942194,0.028740283
942195,0.009294083
942196,0.020373002
942197,0.020688057
942198,0.022011735
942199,0.018870715
942200,0.020885548
942201,0.023476345
942202,0.023203483
942203,0.019181017
942204,0.08330073
942205,0.02744497
942206,0.34120643
942207,0.24857159
942208,0.1953322
942209,0.1641234
942210,0.012767245
942211,0.026469836
942212,0.025230207
942213,0.025755553
942214,0.04103259
942215,0.050849054
942216,0.07622406
942217,0.045864407
942218,0.034067553
942219,0.082108766
942220,0.12020234
942221,0.011883016
942222,0.020273907
942223,0.031190539
942224,0.029639995
942225,0.040246435
942226,0.022475414
942227,0.035329636
942228,0.028618403
942229,0.07266827
942230,0.010459552
942231,0.056411374
942232,0.047530722
942233,0.050009537
942234,0.083872795
942235,0.061112836
942236,0.058275513
942237,0.057381205
942238,0.04595126
942239,0.04765239
942240,0.017246673
942241,0.023950828
942242,0.017065773
942243,0.018307138
942244,0.015456593
942245,0.25636882
942246,0.24958524
942247,0.16603112
942248,0.17732185
942249,0.13753797
942250,0.016975224
942251,0.020084182
942252,0.0148385195
942253,0.016304588
942254,0.01738916
942255,0.13004903
942256,0.09609586
942257,0.08933788
942258,0.09410813
942259,0.06394949
942260,0.055382714
942261,0.07203895
942262,0.07183151
942263,0.031156141
942264,0.05675502
942265,0.065886505
942266,0.10882364
942267,0.056289613
942268,0.055651873
942269,0.07128724
942270,0.060634427
942271,0.009198278
942272,0.014865458
942273,0.011196023
942274,0.015575507
942275,0.017872158
942276,0.015332436
942277,0.018872702
942278,0.01162799
942279,0.03500731
942280,0.09743861
942281,0.05133369
942282,0.044158872
942283,0.039674386
942284,0.03464924
942285,0.062290892
942286,0.07078519
942287,0.08672244
942288,0.01880715
942289,0.040291525
942290,0.03850772
942291,0.043021817
942292,0.04204822
942293,0.04103469
942294,0.041487437
942295,0.007993718
942296,0.010580388
942297,0.00986643
942298,0.01455975
942299,0.017909307
942300,0.023801547
942301,0.015222616
942302,0.013328653
942303,0.014187918
942304,0.009291998
942305,0.018036788
942306,0.017437762
942307,0.019480623
942308,0.018203834
942309,0.02158997
942310,0.019361109
942311,0.011466991
942312,0.04492254
942313,0.030914316
942314,0.06579839
942315,0.031066293
942316,0.041866466
942317,0.036379866
942318,0.032909997
942319,0.0056298035
942320,0.011080992
942321,0.012652578
942322,0.011138635
942323,0.011423028
942324,0.011261426
942325,0.0076636444
942326,0.053834412
942327,0.046190295
942328,0.054576024
942329,0.053169504
942330,0.07249988
942331,0.06396563
942332,0.06312139
942333,0.016311167
942334,0.028841294
942335,0.030716859
942336,0.037476484
942337,0.028359022
942338,0.036078464
942339,0.04203517
942340,0.027719995
942341,0.01028318
942342,0.019157294
942343,0.020180114
942344,0.015967092
942345,0.01919175
942346,0.019977238
942347,0.015104361
942348,0.014287661
942349,0.04086974
942350,0.0456901
942351,0.039178643
942352,0.045867234
942353,0.038097914
942354,0.043770753
942355,0.08058673
942356,0.00813927
942357,0.022263156
942358,0.01397673
942359,0.016471503
942360,0.023714093
942361,0.09111254
942362,0.09466473
942363,0.05824635
942364,0.066315815
942365,0.19511344
942366,0.21679279
942367,0.20704392
942368,0.33387926
942369,0.16452463
942370,0.013293093
942371,0.04698685
942372,0.037624553
942373,0.03620932
942374,0.03297188
942375,0.030771092
942376,0.011699525
942377,0.029905058
942378,0.037032593
942379,0.029982409
942380,0.03550855
942381,0.029258436
942382,0.22033907
942383,0.020090146
942384,0.055613678
942385,0.062243275
942386,0.052951913
942387,0.05590288
942388,0.07718057
942389,0.09265622
942390,0.05310174
942391,0.07797956
942392,0.06929959
942393,0.025847787
942394,0.08640553
942395,0.07803659
942396,0.09348533
942397,0.087766424
942398,0.08695437
942399,0.09932943
942400,0.077191524
942401,0.06048305
942402,0.019038267
942403,0.050215945
942404,0.049872883
942405,0.045421883
942406,0.049590718
942407,0.054316275
942408,0.05593361
942409,0.047361523
942410,0.22288674
942411,0.23291197
942412,0.29224718
942413,0.20890997
942414,0.21593545
942415,0.21375807
942416,0.20860538
942417,0.21756427
942418,0.41852796
942419,0.067798294
942420,0.07219295
942421,0.18107097
942422,0.04399612
942423,0.10750862
942424,0.106454894
942425,0.3192861
942426,0.312501
942427,0.30597878
942428,0.36596438
942429,0.35288885
942430,0.29420188
942431,0.3131281
942432,0.32829905
942433,0.29194227
942434,0.35212454
942435,0.2543723
942436,0.0148319835
942437,0.044933703
942438,0.04064592
942439,0.041267145
942440,0.04164424
942441,0.05797887
942442,0.058505327
942443,0.076925956
942444,0.033996858
942445,0.018188339
942446,0.3009804
942447,0.30795828
942448,0.4666817
942449,0.14132397
942450,0.20825061
942451,0.2963647
942452,0.19941653
942453,0.31209332
942454,0.26006895
942455,0.24157871
942456,0.13110957
942457,0.22587425
942458,0.13645333
942459,0.30696416
942460,0.07334141
942461,0.054877892
942462,0.27608335
942463,0.036959678
942464,0.36437908
942465,0.52030134
942466,0.49726334
942467,0.6766574
942468,0.58068943
942469,0.5569075
942470,0.63290274
942471,0.640809
942472,0.66255677
942473,0.6659264
942474,0.59177387
942475,0.6928424
942476,0.65209633
942477,0.6143179
942478,0.64771265
942479,0.43895456
942480,0.041204136
942481,0.17067154
942482,0.26133075
942483,0.27186823
942484,0.15574381
942485,0.24721895
942486,0.16648082
942487,0.3204648
942488,0.16105135
942489,0.1574265
942490,0.27663195
942491,0.18420385
942492,0.012331163
942493,0.043739907
942494,0.040741015
942495,0.03798533
942496,0.029965598
942497,0.034682993
942498,0.031131107
942499,0.07006252
942500,0.13226037
942501,0.11635413
942502,0.029321525
942503,0.113248765
942504,0.1313674
942505,0.124660745
942506,0.14158115
942507,0.13078696
942508,0.08720232
942509,0.2170096
942510,0.24895065
942511,0.27552992
942512,0.30943117
942513,0.07756865
942514,0.22734742
942515,0.27381194
942516,0.30608752
942517,0.016978536
942518,0.0679884
942519,0.038838293
942520,0.03476083
942521,0.043748
942522,0.0376107
942523,0.03644653
942524,0.0437105
942525,0.44763565
942526,0.52596426
942527,0.7187265
942528,0.7077588
942529,0.71411955
942530,0.73086405
942531,0.65235347
942532,0.58505064
942533,0.44082755
942534,0.48876902
942535,0.2749779
942536,0.32676482
942537,0.35169873
942538,0.3653966
942539,0.4942206
942540,0.4511282
942541,0.3031352
942542,0.42101908
942543,0.24484159
942544,0.024136588
942545,0.21775173
942546,0.15594043
942547,0.01378709
942548,0.052255895
942549,0.110142596
942550,0.0663464
942551,0.07027006
942552,0.06105871
942553,0.15491208
942554,0.081090696
942555,0.04845448
942556,0.06672564
942557,0.07585263
942558,0.07108071
942559,0.07038856
942560,0.057053488
942561,0.067934334
942562,0.22798347
942563,0.22288977
942564,0.39301494
942565,0.31547436
942566,0.2651991
942567,0.429245
942568,0.41439325
942569,0.33970386
942570,0.35560295
942571,0.3358027
942572,0.31771895
942573,0.40350798
942574,0.17495956
942575,0.18612304
942576,0.047928806
942577,0.5314653
942578,0.39054933
942579,0.50771725
942580,0.52287537
942581,0.48824173
942582,0.60242546
942583,0.4904569
942584,0.48753822
942585,0.31823632
942586,0.57971513
942587,0.49909607
942588,0.54059416
942589,0.54059416
942590,0.54059416
942591,0.50982934
942592,0.38484058
942593,0.31102094
942594,0.61897904
942595,0.6871238
942596,0.641911
942597,0.52051526
942598,0.55304384
942599,0.6197519
942600,0.6031471
942601,0.51446396
942602,0.6128469
942603,0.6578392
942604,0.48467335
942605,0.5192
942606,0.5940618
942607,0.6315613
942608,0.62945944
942609,0.5936771
942610,0.5220462
942611,0.3724928
942612,0.044771265
942613,0.2064764
942614,0.17161693
942615,0.14614138
942616,0.14031874
942617,0.18663761
942618,0.12263493
942619,0.17110232
942620,0.1868243
942621,0.19045621
942622,0.20737296
942623,0.14220095
942624,0.014919205
942625,0.052989487
942626,0.06364916
942627,0.05361659
942628,0.04452999
942629,0.049723014
942630,0.061754074
942631,0.018521033
942632,0.12208294
942633,0.13903628
942634,0.14743116
942635,0.23273595
942636,0.14941141
942637,0.2878088
942638,0.26189783
942639,0.3942711
942640,0.2553336
942641,0.029412102
942642,0.049708355
942643,0.050708704
942644,0.051639978
942645,0.04912014
942646,0.046909895
942647,0.04369561
942648,0.011476395
942649,0.029614666
942650,0.030717827
942651,0.03418096
942652,0.032274507
942653,0.033315755
942654,0.01897098
942655,0.07434662
942656,0.10897611
942657,0.32544392
942658,0.34579828
942659,0.34844714
942660,0.33147073
942661,0.41498706
942662,0.359576
942663,0.37456334
942664,0.43489635
942665,0.41530666
942666,0.32524523
942667,0.29908678
942668,0.28771192
942669,0.40831867
942670,0.2549501
942671,0.13354489
942672,0.5876502
942673,0.6542221
942674,0.7461143
942675,0.7698221
942676,0.76892936
942677,0.78738576
942678,0.8198579
942679,0.7917477
942680,0.7921051
942681,0.8038285
942682,0.7592889
942683,0.8330784
942684,0.8198362
942685,0.78575605
942686,0.80366826
942687,0.8163049
942688,0.8314753
942689,0.8302715
942690,0.8251678
942691,0.8269771
942692,0.815196
942693,0.7966437
942694,0.84180164
942695,0.83010435
942696,0.7974112
942697,0.83500016
942698,0.83952296
942699,0.80509055
942700,0.80745536
942701,0.82470006
942702,0.83230186
942703,0.82785267
942704,0.8095985
942705,0.77446604
942706,0.75183547
942707,0.7691714
942708,0.75446457
942709,0.81670403
942710,0.7938281
942711,0.7991461
942712,0.7503778
942713,0.75434196
942714,0.86237746
942715,0.8837715
942716,0.8328445
942717,0.824433
942718,0.87764233
942719,0.86127985
942720,0.8688891
942721,0.7853465
942722,0.75427157
942723,0.8790499
942724,0.8246072
942725,0.8860371
942726,0.8774576
942727,0.8834724
942728,0.8356241
942729,0.8880924
942730,0.8731323
942731,0.75865
942732,0.02322282
942733,0.24894795
942734,0.28216976
942735,0.31631503
942736,0.33037814
942737,0.2865632
942738,0.1282922
942739,0.32234085
942740,0.2772393
942741,0.30718228
942742,0.25561982
942743,0.21239416
942744,0.09647368
942745,0.2341767
942746,0.32613185
942747,0.24685152
942748,0.40192372
942749,0.37319127
942750,0.17062879
942751,0.39804843
942752,0.35260472
942753,0.40364397
942754,0.37685674
942755,0.24893749
942756,0.16876076
942757,0.07749503
942758,0.06090374
942759,0.014848527
942760,0.23476177
942761,0.4410186
942762,0.30990043
942763,0.26306757
942764,0.29751322
942765,0.29575205
942766,0.29801682
942767,0.33904013
942768,0.16782607
942769,0.27737665
942770,0.37473467
942771,0.024628455
942772,0.1760003
942773,0.18918033
942774,0.17128736
942775,0.18538716
942776,0.025179585
942777,0.074224584
942778,0.03316483
942779,0.0282053
942780,0.035875905
942781,0.32054648
942782,0.42051214
942783,0.2741839
942784,0.32436275
942785,0.20365374
942786,0.4696743
942787,0.3412206
942788,0.3535406
942789,0.33572003
942790,0.24197535
942791,0.03409836
942792,0.03735036
942793,0.03999493
942794,0.030417398
942795,0.09371499
942796,0.035774846
942797,0.26423278
942798,0.19670276
942799,0.10691658
942800,0.106672026
942801,0.2571883
942802,0.11091466
942803,0.13685372
942804,0.09792075
942805,0.12407656
942806,0.11279185
942807,0.22892788
942808,0.015546347
942809,0.060218975
942810,0.037960168
942811,0.10036065
942812,0.14336807
942813,0.22074266
942814,0.13514055
942815,0.098166354
942816,0.14339443
942817,0.19124174
942818,0.1716423
942819,0.020596245
942820,0.07494295
942821,0.08728662
942822,0.08894841
942823,0.24507545
942824,0.099609114
942825,0.082374886
942826,0.18131569
942827,0.32533738
942828,0.17753781
942829,0.3073869
942830,0.16792335
942831,0.14732958
942832,0.08872633
942833,0.06216001
942834,0.14371844
942835,0.26795462
942836,0.4157693
942837,0.23672941
942838,0.27771524
942839,0.017047219
942840,0.06139316
942841,0.051351245
942842,0.064727575
942843,0.21324763
942844,0.14689077
942845,0.09786311
942846,0.20222472
942847,0.03530192
942848,0.07956015
942849,0.06078018
942850,0.015766222
942851,0.041113704
942852,0.03768036
942853,0.035216637
942854,0.0517972
942855,0.037179504
942856,0.038183074
942857,0.028169783
942858,0.026678242
942859,0.0681805
942860,0.2085954
942861,0.08407005
942862,0.07313121
942863,0.058156177
942864,0.009596228
942865,0.029357187
942866,0.03213445
942867,0.028847728
942868,0.028953966
942869,0.02961333
942870,0.03252898
942871,0.033464663
942872,0.025489654
942873,0.34064084
942874,0.5952047
942875,0.71686
942876,0.6540432
942877,0.6242342
942878,0.6795159
942879,0.6998835
942880,0.74134856
942881,0.84777105
942882,0.7722568
942883,0.8467049
942884,0.8517144
942885,0.70747346
942886,0.79438883
942887,0.7901017
942888,0.70665777
942889,0.834747
942890,0.8364111
942891,0.6013153
942892,0.24697317
942893,0.12634832
942894,0.12378181
942895,0.14593458
942896,0.108726375
942897,0.029938262
942898,0.14600848
942899,0.115354225
942900,0.11235503
942901,0.1246516
942902,0.12431737
942903,0.009505509
942904,0.039290514
942905,0.038409557
942906,0.02265057
942907,0.025523901
942908,0.021886503
942909,0.03239187
942910,0.022275673
942911,0.022357035
942912,0.027598375
942913,0.26155597
942914,0.18414997
942915,0.16756345
942916,0.11163842
942917,0.088093586
942918,0.12139643
942919,0.0074279155
942920,0.030407563
942921,0.02288848
942922,0.02409594
942923,0.036059156
942924,0.029482212
942925,0.048149195
942926,0.023390545
942927,0.057816282
942928,0.023710512
942929,0.040786535
942930,0.09333221
942931,0.11790615
942932,0.04805389
942933,0.07799579
942934,0.10111772
942935,0.08192332
942936,0.06512589
942937,0.07348922
942938,0.063275345
942939,0.06329595
942940,0.063513525
942941,0.06186811
942942,0.20498164
942943,0.0301622
942944,0.047170375
942945,0.04234173
942946,0.04245228
942947,0.048825186
942948,0.040264137
942949,0.0095205745
942950,0.040613126
942951,0.044511974
942952,0.035903838
942953,0.062684305
942954,0.03149269
942955,0.044339597
942956,0.058952834
942957,0.042956397
942958,0.046169903
942959,0.04736117
942960,0.49804118
942961,0.09747553
942962,0.0128216725
942963,0.03179273
942964,0.032051727
942965,0.0318497
942966,0.031720813
942967,0.034645837
942968,0.026473552
942969,0.010778256
942970,0.05367034
942971,0.07458331
942972,0.0711501
942973,0.10192163
942974,0.36201674
942975,0.07227243
942976,0.06496256
942977,0.056292467
942978,0.06317536
942979,0.07302404
942980,0.07444992
942981,0.09675914
942982,0.15766716
942983,0.14582905
942984,0.14938474
942985,0.1423932
942986,0.108159035
942987,0.008932846
942988,0.03534886
942989,0.036400005
942990,0.034952905
942991,0.03571439
942992,0.03247895
942993,0.03242781
942994,0.029117638
942995,0.053503934
942996,0.0600511
942997,0.28974155
942998,0.43340826
942999,0.44704795
943000,0.34341353
943001,0.2944094
943002,0.3878285
943003,0.27322784
943004,0.35051015
943005,0.33632678
943006,0.41410035
943007,0.43776843
943008,0.4087811
943009,0.3256269
943010,0.21034645
943011,0.19205585
943012,0.38612318
943013,0.13243105
943014,0.021581842
943015,0.036293283
943016,0.03831575
943017,0.03698884
943018,0.036443617
943019,0.04143651
943020,0.049801253
943021,0.03292694
943022,0.03646721
943023,0.13883995
943024,0.11402023
943025,0.0948016
943026,0.2339311
943027,0.116446935
943028,0.15218489
943029,0.17306887
943030,0.096235424
943031,0.15180628
943032,0.01812469
943033,0.077861555
943034,0.081843875
943035,0.13090187
943036,0.020717282
943037,0.06649522
943038,0.05351974
943039,0.054917328
943040,0.055036068
943041,0.06898427
943042,0.08717373
943043,0.046159316
943044,0.025225723
943045,0.09590504
943046,0.04807274
943047,0.07394995
943048,0.056650575
943049,0.035096016
943050,0.09575951
943051,0.099982485
943052,0.06836769
943053,0.078821264
943054,0.08998775
943055,0.17095686
943056,0.10673771
943057,0.13687937
943058,0.08005016
943059,0.07420934
943060,0.5197311
943061,0.69830495
943062,0.7010117
943063,0.68305296
943064,0.7028476
943065,0.6706177
943066,0.60892373
943067,0.58712614
943068,0.6667357
943069,0.67824167
943070,0.5278959
943071,0.13627623
943072,0.020255258
943073,0.05507336
943074,0.061705433
943075,0.05776555
943076,0.045876574
943077,0.119966574
943078,0.069374055
943079,0.16402473
943080,0.1596461
943081,0.14774562
943082,0.18324633
943083,0.16276714
943084,0.17137465
943085,0.16484977
943086,0.19168822
943087,0.22298893
943088,0.14465334
943089,0.032583725
943090,0.034578923
943091,0.032023173
943092,0.025369124
943093,0.3115434
943094,0.5298523
943095,0.60846955
943096,0.6229711
943097,0.6479332
943098,0.6666028
943099,0.7193565
943100,0.7027756
943101,0.7020835
943102,0.7115477
943103,0.7149684
943104,0.7146411
943105,0.6921166
943106,0.7157669
943107,0.70581996
943108,0.83494127
943109,0.6703781
943110,0.7952116
943111,0.8093633
943112,0.7423036
943113,0.7591265
943114,0.71428263
943115,0.74584955
943116,0.6331897
943117,0.7312759
943118,0.2885461
943119,0.011282072
943120,0.03521781
943121,0.07191502
943122,0.056626566
943123,0.048711088
943124,0.03381625
943125,0.02916886
943126,0.027140018
943127,0.039501984
943128,0.088284016
943129,0.07925078
943130,0.2021005
943131,0.12564963
943132,0.20499814
943133,0.16364022
943134,0.12205108
943135,0.11432241
943136,0.08108176
943137,0.07274104
943138,0.07992472
943139,0.014796136
943140,0.02978643
943141,0.026013086
943142,0.034433503
943143,0.02527299
943144,0.024831127
943145,0.029972266
943146,0.024319364
943147,0.018727848
943148,0.12406872
943149,0.21784511
943150,0.1294224
943151,0.2469006
943152,0.16088322
943153,0.13100982
943154,0.12351472
943155,0.08909947
943156,0.12841092
943157,0.21452928
943158,0.24172607
943159,0.055587817
943160,0.018362146
943161,0.13558826
943162,0.042940665
943163,0.12041033
943164,0.10539428
943165,0.16690592
943166,0.068482235
943167,0.10084014
943168,0.12533186
943169,0.08093531
943170,0.18922776
943171,0.071650945
943172,0.016264608
943173,0.029374072
943174,0.03253379
943175,0.029092697
943176,0.03157497
943177,0.046303164
943178,0.033722643
943179,0.038207963
943180,0.025272867
943181,0.01085284
943182,0.032130513
943183,0.036777243
943184,0.03067539
943185,0.03369839
943186,0.034718066
943187,0.033257235
943188,0.02798047
943189,0.015869368
943190,0.021908538
943191,0.022366444
943192,0.021812785
943193,0.02248265
943194,0.02130914
943195,0.021810628
943196,0.02145732
943197,0.020980828
943198,0.21530057
943199,0.24777456
943200,0.14511974
943201,0.10183473
943202,0.11966598
943203,0.2031965
943204,0.17317356
943205,0.09840504
943206,0.009915443
943207,0.025183987
943208,0.026034465
943209,0.025405463
943210,0.026330423
943211,0.026812995
943212,0.032482717
943213,0.023469241
943214,0.008228961
943215,0.062777355
943216,0.04110814
943217,0.043565895
943218,0.041693453
943219,0.06684645
943220,0.018514177
943221,0.039109543
943222,0.043213204
943223,0.03502227
943224,0.047151122
943225,0.044965796
943226,0.045912623
943227,0.05246974
943228,0.04305312
943229,0.010977382
943230,0.024718866
943231,0.027726492
943232,0.02396213
943233,0.026311975
943234,0.026757134
943235,0.025861071
943236,0.017524328
943237,0.063737795
943238,0.06649624
943239,0.065639235
943240,0.08485871
943241,0.07610964
943242,0.07715209
943243,0.07881637
943244,0.010011141
943245,0.027156474
943246,0.026385592
943247,0.02744947
943248,0.027237998
943249,0.033856068
943250,0.034361545
943251,0.024271874
943252,0.009634785
943253,0.022907797
943254,0.027537063
943255,0.03205588
943256,0.02509341
943257,0.027526248
943258,0.02389042
943259,0.2531993
943260,0.010237918
943261,0.035532776
943262,0.032462794
943263,0.04806577
943264,0.026903668
943265,0.029557625
943266,0.028394355
943267,0.027370274
943268,0.018504836
943269,0.030222133
943270,0.023335919
943271,0.029491318
943272,0.024610529
943273,0.026768928
943274,0.024386391
943275,0.06017204
943276,0.24893516
943277,0.2801045
943278,0.35900503
943279,0.22051686
943280,0.12584391
943281,0.04047978
943282,0.15010625
943283,0.1296336
943284,0.09691177
943285,0.058731817
943286,0.5329291
943287,0.6524215
943288,0.7012654
943289,0.7423854
943290,0.7454607
943291,0.7231122
943292,0.74957544
943293,0.706221
943294,0.76162875
943295,0.75356656
943296,0.720554
943297,0.6825158
943298,0.73052883
943299,0.7026965
943300,0.7069155
943301,0.68147093
943302,0.67454726
943303,0.7200434
943304,0.45766786
943305,0.16161127
943306,0.11689553
943307,0.1279821
943308,0.11957637
943309,0.24451992
943310,0.15024433
943311,0.345251
943312,0.049864493
943313,0.1206411
943314,0.10687177
943315,0.12543964
943316,0.11541087
943317,0.19434422
943318,0.2345284
943319,0.3180519
943320,0.34890354
943321,0.3606833
943322,0.3606833
943323,0.37045896
943324,0.3615963
943325,0.3508755
943326,0.36034107
943327,0.36295858
943328,0.36021549
943329,0.25240546
943330,0.2120068
943331,0.22155271
943332,0.1898339
943333,0.21041073
943334,0.11644639
943335,0.08164262
943336,0.07283409
943337,0.060600456
943338,0.03345551
943339,0.11765614
943340,0.1114719
943341,0.11182578
943342,0.016970858
943343,0.1189453
943344,0.26041493
943345,0.3053459
943346,0.20171855
943347,0.02580834
943348,0.03753878
943349,0.03899733
943350,0.04482988
943351,0.038475435
943352,0.041914925
943353,0.045907892
943354,0.037479974
943355,0.044265684
943356,0.32691705
943357,0.20316331
943358,0.2184866
943359,0.2056298
943360,0.3314031
943361,0.29470247
943362,0.014291052
943363,0.029020194
943364,0.03156742
943365,0.025449958
943366,0.031405427
943367,0.0388024
943368,0.032921467
943369,0.033517126
943370,0.016090753
943371,0.024311434
943372,0.024470102
943373,0.024739774
943374,0.022240095
943375,0.028190274
943376,0.025358792
943377,0.02493182
943378,0.25897956
943379,0.1414416
943380,0.01252608
943381,0.022098526
943382,0.022144508
943383,0.023306545
943384,0.024653485
943385,0.02527937
943386,0.027939854
943387,0.033294164
943388,0.035968486
943389,0.1790675
943390,0.17467846
943391,0.15167964
943392,0.16139399
943393,0.16479594
943394,0.1615315
943395,0.25984553
943396,0.2915917
943397,0.11727494
943398,0.25140467
943399,0.1878799
943400,0.24709368
943401,0.20401871
943402,0.17692709
943403,0.1640765
943404,0.110000186
943405,0.012372621
943406,0.053292535
943407,0.08030364
943408,0.0402296
943409,0.12830172
943410,0.032547865
943411,0.032398984
943412,0.03392996
943413,0.03566135
943414,0.031707425
943415,0.081741214
943416,0.044362944
943417,0.01589147
943418,0.098348446
943419,0.056712966
943420,0.060957454
943421,0.061476458
943422,0.07827113
943423,0.075680904
943424,0.072558664
943425,0.078572154
943426,0.08641111
943427,0.06549566
943428,0.26573917
943429,0.048722886
943430,0.08372464
943431,0.07022674
943432,0.024542663
943433,0.18723461
943434,0.20253353
943435,0.3335098
943436,0.31285557
943437,0.38870707
943438,0.22422192
943439,0.35449046
943440,0.3715518
943441,0.26434168
943442,0.24632594
943443,0.23980689
943444,0.2271395
943445,0.33521536
943446,0.20899233
943447,0.031339113
943448,0.09755958
943449,0.09822378
943450,0.1454635
943451,0.12518224
943452,0.08880856
943453,0.11139222
943454,0.11562754
943455,0.11334317
943456,0.113802634
943457,0.11213381
943458,0.09442954
943459,0.11166104
943460,0.20224632
943461,0.16642417
943462,0.14255816
943463,0.13649257
943464,0.15589271
943465,0.18552668
943466,0.12746263
943467,0.13579684
943468,0.026594348
943469,0.23246175
943470,0.010808992
943471,0.034740515
943472,0.09034173
943473,0.042962667
943474,0.21256919
943475,0.1127145
943476,0.08258246
943477,0.042212278
943478,0.09637386
943479,0.06256857
943480,0.093657196
943481,0.011423184
943482,0.09426928
943483,0.06482827
943484,0.036412913
943485,0.089258365
943486,0.06622734
943487,0.21541934
943488,0.18228401
943489,0.2078674
943490,0.03983305
943491,0.19801196
943492,0.3042678
943493,0.27364132
943494,0.21209407
943495,0.02611892
943496,0.04047584
943497,0.030550236
943498,0.034126993
943499,0.03262501
943500,0.026397858
943501,0.26122904
943502,0.09829403
943503,0.09788427
943504,0.014675702
943505,0.03260172
943506,0.027441857
943507,0.028950334
943508,0.04988793
943509,0.14626406
943510,0.13791724
943511,0.016961616
943512,0.03999969
943513,0.033841718
943514,0.032495145
943515,0.13752446
943516,0.1374804
943517,0.02465564
943518,0.4080599
943519,0.3434019
943520,0.35577118
943521,0.27853984
943522,0.26829353
943523,0.1992467
943524,0.34011462
943525,0.084828556
943526,0.01818696
943527,0.027528668
943528,0.029596051
943529,0.030796384
943530,0.027534682
943531,0.029911036
943532,0.032258242
943533,0.02666444
943534,0.015452792
943535,0.2975768
943536,0.28507277
943537,0.15997943
943538,0.3204326
943539,0.16627522
943540,0.14665252
943541,0.21339375
943542,0.13507782
943543,0.13280402
943544,0.027608732
943545,0.10722458
943546,0.12771
943547,0.11007245
943548,0.10129374
943549,0.18337317
943550,0.18546584
943551,0.1705242
943552,0.19956946
943553,0.17233352
943554,0.30966318
943555,0.012867969
943556,0.07619871
943557,0.115453586
943558,0.096651725
943559,0.08682359
943560,0.08991822
943561,0.08551446
943562,0.080039896
943563,0.056164503
943564,0.078919716
943565,0.028044026
943566,0.11402622
943567,0.109959684
943568,0.116038
943569,0.11218873
943570,0.11692368
943571,0.073888175
943572,0.103142984
943573,0.10684953
943574,0.15414986
943575,0.13377255
943576,0.1291491
943577,0.10962095
943578,0.0127160195
943579,0.1190867
943580,0.12296743
943581,0.16026793
943582,0.15561746
943583,0.12004858
943584,0.014171193
943585,0.09047583
943586,0.094661966
943587,0.09257508
943588,0.10303622
943589,0.081951104
943590,0.046066046
943591,0.04066466
943592,0.03667234
943593,0.035950575
943594,0.011755132
943595,0.031721547
943596,0.03277857
943597,0.038204443
943598,0.20995376
943599,0.16780037
943600,0.12800305
943601,0.13478081
943602,0.07876433
943603,0.03960819
943604,0.0469359
943605,0.03675329
943606,0.0672859
943607,0.040072747
943608,0.03762715
943609,0.013645714
943610,0.034109198
943611,0.035622954
943612,0.04068498
943613,0.042409852
943614,0.055882525
943615,0.04300746
943616,0.030396312
943617,0.012286531
943618,0.027989067
943619,0.02554171
943620,0.026700012
943621,0.024529602
943622,0.027270405
943623,0.032137245
943624,0.028279914
943625,0.012170227
943626,0.023362078
943627,0.02289991
943628,0.02629053
943629,0.02497556
943630,0.032309778
943631,0.026199872
943632,0.027183356
943633,0.056474175
943634,0.05181999
943635,0.044587653
943636,0.047006875
943637,0.038877383
943638,0.015800096
943639,0.023418723
943640,0.02428436
943641,0.027829727
943642,0.024388285
943643,0.031093325
943644,0.028005542
943645,0.025230836
943646,0.015207342
943647,0.03849435
943648,0.017188804
943649,0.026407788
943650,0.02843922
943651,0.025031867
943652,0.02614353
943653,0.02586864
943654,0.03966823
943655,0.03466778
943656,0.021936987
943657,0.06028827
943658,0.050348833
943659,0.05768268
943660,0.22986543
943661,0.4175584
943662,0.25575373
943663,0.36756855
943664,0.53913665
943665,0.22871758
943666,0.42744312
943667,0.2751994
943668,0.30235678
943669,0.22505628
943670,0.16007523
943671,0.01839844
943672,0.04995584
943673,0.06312991
943674,0.051393807
943675,0.059307054
943676,0.057473283
943677,0.054706506
943678,0.06552244
943679,0.020675985
943680,0.18740022
943681,0.4599088
943682,0.34599525
943683,0.336755
943684,0.27835336
943685,0.3831486
943686,0.37747434
943687,0.29383245
943688,0.43362534
943689,0.25918198
943690,0.18767773
943691,0.16705911
943692,0.14085324
943693,0.150472
943694,0.15133399
943695,0.14307469
943696,0.06285625
943697,0.056815587
943698,0.053916395
943699,0.048591796
943700,0.40120187
943701,0.27469337
943702,0.22068632
943703,0.1715656
943704,0.15297721
943705,0.010287175
943706,0.050494127
943707,0.033875372
943708,0.06521253
943709,0.034921788
943710,0.038281806
943711,0.03379371
943712,0.017549032
943713,0.04142522
943714,0.03078474
943715,0.06881031
943716,0.4109163
943717,0.35680842
943718,0.2909904
943719,0.5362293
943720,0.40806225
943721,0.4508416
943722,0.4913342
943723,0.5977251
943724,0.39190298
943725,0.48603007
943726,0.365151
943727,0.2479139
943728,0.0225869
943729,0.039791487
943730,0.026727756
943731,0.019016568
943732,0.03556461
943733,0.03273334
943734,0.03108585
943735,0.029190088
943736,0.025391782
943737,0.025359329
943738,0.02509772
943739,0.024299545
943740,0.52483904
943741,0.63088375
943742,0.63892174
943743,0.65574896
943744,0.6274866
943745,0.6981297
943746,0.7444856
943747,0.6567698
943748,0.55563337
943749,0.47865233
943750,0.3469401
943751,0.14989063
943752,0.11556343
943753,0.11215405
943754,0.14057706
943755,0.121535756
943756,0.014138583
943757,0.046097748
943758,0.035138037
943759,0.04639487
943760,0.03620898
943761,0.40087909
943762,0.41480377
943763,0.46931323
943764,0.30703947
943765,0.41282785
943766,0.43463546
943767,0.49117047
943768,0.4318116
943769,0.3675639
943770,0.3604372
943771,0.39462817
943772,0.42283
943773,0.4869628
943774,0.38940248
943775,0.20362115
943776,0.010391094
943777,0.026885925
943778,0.027232269
943779,0.026725078
943780,0.028758768
943781,0.027624918
943782,0.048394438
943783,0.025287412
943784,0.02998476
943785,0.04576534
943786,0.2939815
943787,0.029725526
943788,0.0950103
943789,0.09602373
943790,0.34378347
943791,0.11977658
943792,0.07148315
943793,0.095965736
943794,0.073701024
943795,0.0064395485
943796,0.02026014
943797,0.043943685
943798,0.01850173
943799,0.0146328695
943800,0.024621258
943801,0.017507121
943802,0.31996164
943803,0.33144754
943804,0.26907298
943805,0.35700703
943806,0.35071954
943807,0.22456291
943808,0.23264329
943809,0.1014694
943810,0.18205762
943811,0.14228691
943812,0.034221087
943813,0.039993886
943814,0.039792556
943815,0.035740722
943816,0.02671382
943817,0.24082856
943818,0.15297504
943819,0.25226903
943820,0.24187835
943821,0.47627312
943822,0.3636085
943823,0.46118015
943824,0.4591097
943825,0.28031874
943826,0.42835003
943827,0.3047927
943828,0.40738186
943829,0.40582493
943830,0.35994077
943831,0.31687182
943832,0.01428133
943833,0.038655914
943834,0.082672656
943835,0.051663887
943836,0.043887313
943837,0.032181855
943838,0.02592854
943839,0.032751873
943840,0.13089529
943841,0.021781731
943842,0.020187506
943843,0.10491598
943844,0.015930923
943845,0.10387308
943846,0.03985069
943847,0.036518857
943848,0.036965985
943849,0.03996924
943850,0.03694138
943851,0.040828492
943852,0.2523437
943853,0.577209
943854,0.65872556
943855,0.67075473
943856,0.6770177
943857,0.74334115
943858,0.74712735
943859,0.720931
943860,0.69582224
943861,0.6432659
943862,0.7081299
943863,0.7002541
943864,0.7014584
943865,0.63996524
943866,0.49635008
943867,0.532167
943868,0.679948
943869,0.6600514
943870,0.67875504
943871,0.70351404
943872,0.64830583
943873,0.41737205
943874,0.0116049675
943875,0.02037819
943876,0.015597141
943877,0.014585252
943878,0.0320006
943879,0.027247248
943880,0.046585668
943881,0.017785322
943882,0.028254433
943883,0.23531075
943884,0.012858027
943885,0.04175495
943886,0.04877312
943887,0.04047799
943888,0.043780994
943889,0.03834296
943890,0.04248119
943891,0.0069552963
943892,0.017258324
943893,0.019692585
943894,0.018362343
943895,0.021334173
943896,0.018572504
943897,0.016332181
943898,0.06320542
943899,0.04089741
943900,0.028704347
943901,0.020382697
943902,0.07703122
943903,0.010868125
943904,0.016128672
943905,0.024763232
943906,0.021081988
943907,0.034772255
943908,0.025115129
943909,0.027072925
943910,0.024009103
943911,0.0155966645
943912,0.18942113
943913,0.017692655
943914,0.031521942
943915,0.04748187
943916,0.04531342
943917,0.09164933
943918,0.08530106
943919,0.09809437
943920,0.055393394
943921,0.06465219
943922,0.09206043
943923,0.2673147
943924,0.21554962
943925,0.313233
943926,0.15851432
943927,0.281385
943928,0.22541286
943929,0.011832139
943930,0.027389886
943931,0.049064126
943932,0.03890348
943933,0.02120814
943934,0.023338398
943935,0.029103007
943936,0.03368605
943937,0.072286494
943938,0.025470562
943939,0.012642157
943940,0.05827976
943941,0.07813942
943942,0.06727746
943943,0.07891095
943944,0.069135495
943945,0.06906095
943946,0.10314181
943947,0.092306525
943948,0.021977223
943949,0.07038082
943950,0.071821064
943951,0.065446004
943952,0.065194614
943953,0.071894765
943954,0.06721749
943955,0.06467141
943956,0.05172308
943957,0.012087408
943958,0.041673016
943959,0.031633317
943960,0.034942195
943961,0.04021682
943962,0.03215074
943963,0.01614475
943964,0.2017305
943965,0.14363238
943966,0.13662218
943967,0.1979677
943968,0.35789806
943969,0.35781074
943970,0.20500557
943971,0.35366315
943972,0.1832814
943973,0.037317403
943974,0.17670193
943975,0.374041
943976,0.49216548
943977,0.5684393
943978,0.6510743
943979,0.63582116
943980,0.5189107
943981,0.6320786
943982,0.6233202
943983,0.52424794
943984,0.42345473
943985,0.4406075
943986,0.4163324
943987,0.33658427
943988,0.084603325
943989,0.08735205
943990,0.08891262
943991,0.066819444
943992,0.063699864
943993,0.0771364
943994,0.10529633
943995,0.07104871
943996,0.29024923
943997,0.2911141
943998,0.29889578
943999,0.28020853
944000,0.26343304
944001,0.24834205
944002,0.24315739
944003,0.3417169
944004,0.16351329
944005,0.09978822
944006,0.07798403
944007,0.013286372
944008,0.12460201
944009,0.12953566
944010,0.15625206
944011,0.15107699
944012,0.20503254
944013,0.22434105
944014,0.17560416
944015,0.065299965
944016,0.15324505
944017,0.1756837
944018,0.0483261
944019,0.02026886
944020,0.11763536
944021,0.01853121
944022,0.045528367
944023,0.048060544
944024,0.06541134
944025,0.06889947
944026,0.056237295
944027,0.04870511
944028,0.014654192
944029,0.06335624
944030,0.029063867
944031,0.034889396
944032,0.02471894
944033,0.047036435
944034,0.047863062
944035,0.039067548
944036,0.07277453
944037,0.033557262
944038,0.0137831215
944039,0.07870334
944040,0.07732342
944041,0.085453294
944042,0.080315284
944043,0.011774019
944044,0.020975353
944045,0.020321595
944046,0.034107838
944047,0.021751544
944048,0.022582557
944049,0.024911785
944050,0.023794789
944051,0.022693738
944052,0.015244447
944053,0.03258343
944054,0.05325768
944055,0.03210582
944056,0.047713485
944057,0.035359647
944058,0.037252653
944059,0.041903034
944060,0.034917433
944061,0.04365091
944062,0.042010937
944063,0.032417774
944064,0.21388632
944065,0.13777713
944066,0.10131
944067,0.16425467
944068,0.15975794
944069,0.16214176
944070,0.1567603
944071,0.19276251
944072,0.1177251
944073,0.35786158
944074,0.32872248
944075,0.33512104
944076,0.33703408
944077,0.34177846
944078,0.32029834
944079,0.21363272
944080,0.2858313
944081,0.31098545
944082,0.2559199
944083,0.19431214
944084,0.022828342
944085,0.07170282
944086,0.18970396
944087,0.18859452
944088,0.08163185
944089,0.092181474
944090,0.3060128
944091,0.26665202
944092,0.1700101
944093,0.29987743
944094,0.29481152
944095,0.37539423
944096,0.38594475
944097,0.46637848
944098,0.32850298
944099,0.43748397
944100,0.41948727
944101,0.41151127
944102,0.31031296
944103,0.3267154
944104,0.14687175
944105,0.15444213
944106,0.17561169
944107,0.16247152
944108,0.13107865
944109,0.07485686
944110,0.20435262
944111,0.16113941
944112,0.19363214
944113,0.34262055
944114,0.26992458
944115,0.3878161
944116,0.2760661
944117,0.3878161
944118,0.16588886
944119,0.30147594
944120,0.17053786
944121,0.05252922
944122,0.07481899
944123,0.10388929
944124,0.023697821
944125,0.10845892
944126,0.14019169
944127,0.013526739
944128,0.021278754
944129,0.05327829
944130,0.020437172
944131,0.038900875
944132,0.036779035
944133,0.011755663
944134,0.13339554
944135,0.18392715
944136,0.08420601
944137,0.050508283
944138,0.06495244
944139,0.117026925
944140,0.06453454
944141,0.093376726
944142,0.08868717
944143,0.37745845
944144,0.1903688
944145,0.26511478
944146,0.25036427
944147,0.27172545
944148,0.013830414
944149,0.12386665
944150,0.044517916
944151,0.029893834
944152,0.02805708
944153,0.031054884
944154,0.00903483
944155,0.0328204
944156,0.03529758
944157,0.0353522
944158,0.034380063
944159,0.03718524
944160,0.03157186
944161,0.027014202
944162,0.012855558
944163,0.037750207
944164,0.06781193
944165,0.115407
944166,0.030958151
944167,0.04121174
944168,0.078170955
944169,0.15099859
944170,0.032152202
944171,0.10867555
944172,0.19269235
944173,0.18707533
944174,0.12260719
944175,0.113083705
944176,0.124973275
944177,0.13251424
944178,0.20769483
944179,0.2189829
944180,0.1798845
944181,0.23181704
944182,0.20027038
944183,0.21576487
944184,0.22731367
944185,0.15353008
944186,0.022432378
944187,0.07995498
944188,0.06414668
944189,0.059344318
944190,0.0647181
944191,0.0753953
944192,0.073454216
944193,0.06531114
944194,0.057064548
944195,0.50657815
944196,0.6254451
944197,0.6145499
944198,0.6224834
944199,0.62192583
944200,0.62077487
944201,0.5806648
944202,0.5719838
944203,0.6154816
944204,0.58254015
944205,0.65653384
944206,0.5781923
944207,0.33526996
944208,0.018083649
944209,0.054722477
944210,0.05241277
944211,0.054886647
944212,0.043836262
944213,0.04634574
944214,0.05804774
944215,0.041039485
944216,0.080762334
944217,0.19756944
944218,0.14937145
944219,0.16125166
944220,0.22455871
944221,0.18687862
944222,0.14594509
944223,0.011294233
944224,0.08688701
944225,0.2605169
944226,0.09523709
944227,0.08976152
944228,0.09204127
944229,0.10359872
944230,0.2664245
944231,0.4320826
944232,0.37300798
944233,0.24788685
944234,0.2549687
944235,0.18759252
944236,0.08130376
944237,0.27731612
944238,0.029283129
944239,0.30429968
944240,0.4099641
944241,0.34463423
944242,0.4218031
944243,0.30769572
944244,0.34766716
944245,0.31396306
944246,0.40503356
944247,0.31924477
944248,0.3646976
944249,0.19500339
944250,0.12211453
944251,0.23663488
944252,0.23976822
944253,0.27337065
944254,0.24069613
944255,0.3058304
944256,0.2190891
944257,0.121459045
944258,0.08163467
944259,0.038131043
944260,0.032368734
944261,0.032470044
944262,0.03482672
944263,0.042055167
944264,0.07888219
944265,0.042915452
944266,0.015995668
944267,0.036497302
944268,0.038387794
944269,0.040401034
944270,0.0328047
944271,0.035504624
944272,0.034409232
944273,0.030258838
944274,0.0145617565
944275,0.035021376
944276,0.022117533
944277,0.06799151
944278,0.06640257
944279,0.05125446
944280,0.054517202
944281,0.05618131
944282,0.05726354
944283,0.015412602
944284,0.06917245
944285,0.07728016
944286,0.0804099
944287,0.03748364
944288,0.03756667
944289,0.031713814
944290,0.051540636
944291,0.05589383
944292,0.16749506
944293,0.013172335
944294,0.02753066
944295,0.03331781
944296,0.027351227
944297,0.029565368
944298,0.030279113
944299,0.31349573
944300,0.4595421
944301,0.06493083
944302,0.05157709
944303,0.034658644
944304,0.040368263
944305,0.036313504
944306,0.06830008
944307,0.07493955
944308,0.013818726
944309,0.037549973
944310,0.24635516
944311,0.523804
944312,0.43226326
944313,0.5621971
944314,0.5690255
944315,0.42953584
944316,0.57512355
944317,0.5449936
944318,0.47151783
944319,0.36466146
944320,0.21987219
944321,0.12303718
944322,0.10404472
944323,0.038839746
944324,0.4155733
944325,0.5052727
944326,0.37004507
944327,0.6665028
944328,0.6857237
944329,0.61530054
944330,0.67411566
944331,0.6372556
944332,0.63643926
944333,0.5696713
944334,0.3836682
944335,0.41784078
944336,0.20277455
944337,0.06244107
944338,0.07312682
944339,0.04419003
944340,0.026351677
944341,0.029090455
944342,0.02767732
944343,0.032370616
944344,0.365062
944345,0.25613418
944346,0.15997645
944347,0.013067334
944348,0.031649865
944349,0.027881429
944350,0.025406737
944351,0.033666063
944352,0.03130103
944353,0.035567224
944354,0.046048142
944355,0.03242808
944356,0.20186037
944357,0.14913805
944358,0.25495318
944359,0.028224839
944360,0.26844567
944361,0.26533702
944362,0.25743315
944363,0.20214248
944364,0.19972456
944365,0.21079929
944366,0.24017309
944367,0.2560278
944368,0.3233863
944369,0.02129548
944370,0.04466975
944371,0.04192379
944372,0.04293211
944373,0.040204827
944374,0.04668443
944375,0.04346178
944376,0.053054735
944377,0.04121888
944378,0.1470481
944379,0.25835457
944380,0.15815736
944381,0.13785903
944382,0.16855057
944383,0.24125111
944384,0.24071224
944385,0.15886371
944386,0.15113622
944387,0.10621519
944388,0.08639656
944389,0.12362566
944390,0.1168254
944391,0.037949312
944392,0.46148524
944393,0.5088956
944394,0.59609246
944395,0.5656977
944396,0.38050467
944397,0.5387208
944398,0.5848107
944399,0.4921057
944400,0.5557312
944401,0.40224597
944402,0.538239
944403,0.6584572
944404,0.570148
944405,0.41163704
944406,0.60998434
944407,0.4144174
944408,0.024641678
944409,0.27219313
944410,0.32256126
944411,0.40559343
944412,0.4942161
944413,0.33107093
944414,0.4344523
944415,0.39334634
944416,0.42875752
944417,0.3568211
944418,0.43245608
944419,0.51214474
944420,0.3666045
944421,0.43654898
944422,0.1750254
944423,0.21867456
944424,0.012355682
944425,0.04135797
944426,0.049566712
944427,0.046681117
944428,0.058184214
944429,0.04382797
944430,0.050727345
944431,0.2139565
944432,0.5754339
944433,0.70750165
944434,0.6452846
944435,0.6925903
944436,0.65296435
944437,0.5756019
944438,0.67019224
944439,0.55304396
944440,0.72993165
944441,0.56469226
944442,0.7598477
944443,0.5376078
944444,0.6329922
944445,0.47490898
944446,0.62411106
944447,0.7009803
944448,0.42097503
944449,0.73646516
944450,0.6872481
944451,0.721191
944452,0.4760797
944453,0.015884768
944454,0.10981024
944455,0.05146864
944456,0.057384584
944457,0.042141665
944458,0.051317956
944459,0.046284873
944460,0.013408932
944461,0.04221982
944462,0.04519325
944463,0.04296958
944464,0.03976955
944465,0.034121983
944466,0.040253572
944467,0.026867118
944468,0.10971981
944469,0.17653635
944470,0.18162481
944471,0.17596342
944472,0.1946202
944473,0.16710927
944474,0.1313054
944475,0.013025001
944476,0.027349668
944477,0.028780675
944478,0.030040355
944479,0.029822057
944480,0.03122682
944481,0.026998056
944482,0.009435492
944483,0.09253657
944484,0.08599056
944485,0.08443046
944486,0.08967034
944487,0.10061133
944488,0.10837317
944489,0.55748105
944490,0.6631788
944491,0.69504243
944492,0.7172869
944493,0.71051687
944494,0.7105125
944495,0.72129023
944496,0.75022197
944497,0.7509169
944498,0.7416929
944499,0.76061606
944500,0.7257403
944501,0.71716934
944502,0.787054
944503,0.7088934
944504,0.6730303
944505,0.7313244
944506,0.69671446
944507,0.69696885
944508,0.71153367
944509,0.7017805
944510,0.66816336
944511,0.67502594
944512,0.72224295
944513,0.66216415
944514,0.6418027
944515,0.6583518
944516,0.47882068
944517,0.021640997
944518,0.08869771
944519,0.19315918
944520,0.07901056
944521,0.06373521
944522,0.011358773
944523,0.03927431
944524,0.03884514
944525,0.028244052
944526,0.03458468
944527,0.2706545
944528,0.2510901
944529,0.07188972
944530,0.5862998
944531,0.48702464
944532,0.53018546
944533,0.6161995
944534,0.54056305
944535,0.5154847
944536,0.5288641
944537,0.48722765
944538,0.061936997
944539,0.055377018
944540,0.05204734
944541,0.052480794
944542,0.032139353
944543,0.043001905
944544,0.13786717
944545,0.038553093
944546,0.09116491
944547,0.20169891
944548,0.20758219
944549,0.051659223
944550,0.06257807
944551,0.13611251
944552,0.1448519
944553,0.10684757
944554,0.13604157
944555,0.17971176
944556,0.19074997
944557,0.1511955
944558,0.21251446
944559,0.03007296
944560,0.06319272
944561,0.06655633
944562,0.06149358
944563,0.29324463
944564,0.3766031
944565,0.19836119
944566,0.11669381
944567,0.092694096
944568,0.027770456
944569,0.09260392
944570,0.09530045
944571,0.19199124
944572,0.15317762
944573,0.12904437
944574,0.13465293
944575,0.22713186
944576,0.24828413
944577,0.35716856
944578,0.37347817
944579,0.19245493
944580,0.18254606
944581,0.11936373
944582,0.10708193
944583,0.09867744
944584,0.10377434
944585,0.08670833
944586,0.08795295
944587,0.12699477
944588,0.30120274
944589,0.2293923
944590,0.19822301
944591,0.07956812
944592,0.11979815
944593,0.14535928
944594,0.19534427
944595,0.13963298
944596,0.12283105
944597,0.08873628
944598,0.11277766
944599,0.17865033
944600,0.15075816
944601,0.010719941
944602,0.16730167
944603,0.06881284
944604,0.06936088
944605,0.06394085
944606,0.072374836
944607,0.07125992
944608,0.072662376
944609,0.062296335
944610,0.059874445
944611,0.02401245
944612,0.12227784
944613,0.13751653
944614,0.12945528
944615,0.13260232
944616,0.1341254
944617,0.17197417
944618,0.2612075
944619,0.16043478
944620,0.10519125
944621,0.115114614
944622,0.30495724
944623,0.3436308
944624,0.3171262
944625,0.32385528
944626,0.29252967
944627,0.22627935
944628,0.27885336
944629,0.23425326
944630,0.17694366
944631,0.17822446
944632,0.13902509
944633,0.16689096
944634,0.24188839
944635,0.16797617
944636,0.60446453
944637,0.6277645
944638,0.64158595
944639,0.6464841
944640,0.66706246
944641,0.6778864
944642,0.6701721
944643,0.6659756
944644,0.6225203
944645,0.6181842
944646,0.6105963
944647,0.6289735
944648,0.5981329
944649,0.5089485
944650,0.38701156
944651,0.11750731
944652,0.039353166
944653,0.07251633
944654,0.06610398
944655,0.06173492
944656,0.055517316
944657,0.05798111
944658,0.078043215
944659,0.33344257
944660,0.25359175
944661,0.25176173
944662,0.35678566
944663,0.29828018
944664,0.18245614
944665,0.32642627
944666,0.42677572
944667,0.033068035
944668,0.08423589
944669,0.08689104
944670,0.07583335
944671,0.16566844
944672,0.07648786
944673,0.02929893
944674,0.31628788
944675,0.098509565
944676,0.04677265
944677,0.10159924
944678,0.28623974
944679,0.21506152
944680,0.22728185
944681,0.014330738
944682,0.054083463
944683,0.016157245
944684,0.02963062
944685,0.028114818
944686,0.03665058
944687,0.023706898
944688,0.016717648
944689,0.016038183
944690,0.024528364
944691,0.06848719
944692,0.22514361
944693,0.20343205
944694,0.07428559
944695,0.15444309
944696,0.08163425
944697,0.07779501
944698,0.08513792
944699,0.072694674
944700,0.055970944
944701,0.06126506
944702,0.05992142
944703,0.058296636
944704,0.04557835
944705,0.03318323
944706,0.01640114
944707,0.01948564
944708,0.015980178
944709,0.0153328255
944710,0.0145788435
944711,0.14652245
944712,0.245801
944713,0.15055129
944714,0.38851956
944715,0.34139216
944716,0.013521587
944717,0.036010493
944718,0.03395531
944719,0.030799452
944720,0.046969317
944721,0.033444673
944722,0.03641225
944723,0.03139041
944724,0.035657328
944725,0.025609644
944726,0.018196361
944727,0.01602259
944728,0.017661605
944729,0.016976403
944730,0.02220228
944731,0.015955925
944732,0.07753038
944733,0.090314604
944734,0.085179284
944735,0.08337096
944736,0.08473167
944737,0.08263229
944738,0.09156217
944739,0.13808024
944740,0.033016603
944741,0.028971344
944742,0.023778876
944743,0.037110366
944744,0.031818826
944745,0.11658236
944746,0.016609518
944747,0.019525085
944748,0.02723317
944749,0.019819556
944750,0.024198504
944751,0.018943299
944752,0.28118864
944753,0.29543915
944754,0.12178017
944755,0.10264361
944756,0.079894885
944757,0.07893877
944758,0.060814768
944759,0.10850529
944760,0.10202889
944761,0.10665124
944762,0.09757071
944763,0.06828748
944764,0.05927395
944765,0.026736481
944766,0.03287686
944767,0.025237028
944768,0.029235058
944769,0.024332158
944770,0.013691686
944771,0.080072306
944772,0.050128512
944773,0.07150645
944774,0.01219519
944775,0.019094774
944776,0.018327737
944777,0.016717028
944778,0.011980815
944779,0.016397119
944780,0.021097478
944781,0.022168294
944782,0.020614807
944783,0.0068964306
944784,0.013944297
944785,0.012814215
944786,0.015898176
944787,0.015525642
944788,0.013723746
944789,0.014981033
944790,0.34704244
944791,0.41407508
944792,0.26529837
944793,0.29069492
944794,0.22323665
944795,0.011678548
944796,0.061308037
944797,0.31162828
944798,0.11705346
944799,0.12882067
944800,0.10105111
944801,0.10717821
944802,0.31166244
944803,0.27831256
944804,0.33078372
944805,0.19669944
944806,0.4997944
944807,0.64320594
944808,0.6834403
944809,0.68705505
944810,0.71872514
944811,0.6700251
944812,0.6922095
944813,0.6501808
944814,0.6821319
944815,0.67311174
944816,0.67948776
944817,0.6940596
944818,0.66919494
944819,0.6491643
944820,0.68454665
944821,0.5529077
944822,0.5901605
944823,0.5854399
944824,0.4116143
944825,0.035996705
944826,0.32692754
944827,0.33793366
944828,0.3660035
944829,0.49930757
944830,0.39038402
944831,0.3094783
944832,0.5079486
944833,0.3084165
944834,0.4574786
944835,0.3686514
944836,0.27478215
944837,0.52355343
944838,0.2922618
944839,0.027311232
944840,0.036231242
944841,0.03578883
944842,0.033569496
944843,0.43614614
944844,0.52654594
944845,0.588486
944846,0.54043853
944847,0.51687497
944848,0.55276644
944849,0.5137483
944850,0.45475918
944851,0.50718206
944852,0.561565
944853,0.254451
944854,0.021914424
944855,0.09665782
944856,0.0913669
944857,0.07875931
944858,0.03573256
944859,0.4375551
944860,0.5043977
944861,0.52339506
944862,0.5268223
944863,0.4978274
944864,0.33108217
944865,0.33178392
944866,0.38128102
944867,0.4734659
944868,0.42350978
944869,0.27138424
944870,0.35298193
944871,0.27429253
944872,0.2607169
944873,0.26341674
944874,0.31091395
944875,0.2982072
944876,0.28528354
944877,0.290065
944878,0.4997762
944879,0.4787135
944880,0.473157
944881,0.66962445
944882,0.6905334
944883,0.63573253
944884,0.4772676
944885,0.6784102
944886,0.67426777
944887,0.6756563
944888,0.61827445
944889,0.51389116
944890,0.3723426
944891,0.024018496
944892,0.061964147
944893,0.053349398
944894,0.051635027
944895,0.097893216
944896,0.056974363
944897,0.056125134
944898,0.059907053
944899,0.037787393
944900,0.0144698955
944901,0.035446048
944902,0.07134173
944903,0.055058107
944904,0.08770517
944905,0.053408682
944906,0.055071216
944907,0.11785763
944908,0.07116663
944909,0.054612666
944910,0.28551257
944911,0.23218764
944912,0.297207
944913,0.0103292735
944914,0.036172614
944915,0.06911591
944916,0.07815022
944917,0.034269415
944918,0.045129757
944919,0.039062098
944920,0.032043576
944921,0.03584528
944922,0.016254341
944923,0.043149833
944924,0.06369085
944925,0.01870089
944926,0.045251798
944927,0.048893757
944928,0.0526241
944929,0.054630063
944930,0.054170344
944931,0.03181848
944932,0.3578823
944933,0.3614088
944934,0.3248051
944935,0.3075778
944936,0.533042
944937,0.4535506
944938,0.5613816
944939,0.5520761
944940,0.42155588
944941,0.44694695
944942,0.49169287
944943,0.43142864
944944,0.44423968
944945,0.30334425
944946,0.067880265
944947,0.108008854
944948,0.08934058
944949,0.3247896
944950,0.30365196
944951,0.26315805
944952,0.37415347
944953,0.3149662
944954,0.3160998
944955,0.2615854
944956,0.24993758
944957,0.25178748
944958,0.20341559
944959,0.4472785
944960,0.5186829
944961,0.60670835
944962,0.6288739
944963,0.5292757
944964,0.57372916
944965,0.54132295
944966,0.64561814
944967,0.57965255
944968,0.61716175
944969,0.6196166
944970,0.5987885
944971,0.6104674
944972,0.6405249
944973,0.32742375
944974,0.061844617
944975,0.28360406
944976,0.3713579
944977,0.4084498
944978,0.34939748
944979,0.36061838
944980,0.38473314
944981,0.3976989
944982,0.3964752
944983,0.3734122
944984,0.3738145
944985,0.367255
944986,0.2567759
944987,0.14758493
944988,0.1377051
944989,0.10035768
944990,0.07258989
944991,0.011123387
944992,0.03096386
944993,0.03685499
944994,0.032189444
944995,0.031779774
944996,0.029964225
944997,0.27580887
944998,0.14291939
944999,0.061851162
945000,0.009754773
945001,0.044589624
945002,0.03449178
945003,0.028999811
945004,0.035316963
945005,0.039809246
945006,0.080320284
945007,0.10032641
945008,0.30704227
945009,0.17450556
945010,0.2719236
945011,0.24191138
945012,0.017460922
945013,0.043239817
945014,0.0378193
945015,0.037397247
945016,0.03821352
945017,0.04173354
945018,0.027824948
945019,0.09372105
945020,0.013631487
945021,0.06474032
945022,0.06496401
945023,0.07715893
945024,0.075668395
945025,0.19299015
945026,0.08958239
945027,0.05595847
945028,0.07183249
945029,0.07451926
945030,0.21212915
945031,0.4912227
945032,0.44628155
945033,0.56819093
945034,0.5522928
945035,0.60239
945036,0.6515982
945037,0.6242968
945038,0.5166099
945039,0.65648603
945040,0.6574919
945041,0.7141032
945042,0.6590197
945043,0.62837565
945044,0.41264945
945045,0.03784728
945046,0.08599462
945047,0.027840937
945048,0.13997644
945049,0.2203415
945050,0.1435251
945051,0.18374155
945052,0.24457256
945053,0.24847555
945054,0.053521425
945055,0.28362852
945056,0.114759624
945057,0.11225183
945058,0.11017153
945059,0.10011234
945060,0.128468
945061,0.110251
945062,0.08853313
945063,0.025438584
945064,0.111985214
945065,0.113636374
945066,0.08409093
945067,0.20837063
945068,0.48363686
945069,0.51581323
945070,0.2538716
945071,0.08138902
945072,0.46354663
945073,0.5490229
945074,0.6427706
945075,0.6826868
945076,0.70865005
945077,0.6556887
945078,0.6956579
945079,0.64886934
945080,0.69641674
945081,0.6917648
945082,0.6949712
945083,0.699323
945084,0.67735213
945085,0.6609311
945086,0.66051334
945087,0.68577605
945088,0.70124984
945089,0.66388845
945090,0.6905548
945091,0.67138875
945092,0.6849327
945093,0.66681665
945094,0.67106
945095,0.7252412
945096,0.45965657
945097,0.23110625
945098,0.29751393
945099,0.29888415
945100,0.22722408
945101,0.05340257
945102,0.120972574
945103,0.10652012
945104,0.056087688
945105,0.41037756
945106,0.423074
945107,0.34257415
945108,0.15082496
945109,0.14353943
945110,0.1632888
945111,0.051315103
945112,0.030139674
945113,0.09896365
945114,0.058193255
945115,0.12689222
945116,0.07382622
945117,0.09868013
945118,0.065777175
945119,0.17397326
945120,0.18442906
945121,0.17017072
945122,0.12034912
945123,0.14947712
945124,0.17536889
945125,0.10134881
945126,0.01731123
945127,0.07902703
945128,0.10081351
945129,0.107773
945130,0.06942419
945131,0.13489127
945132,0.09568769
945133,0.08067133
945134,0.10151626
945135,0.012303516
945136,0.029382333
945137,0.033623654
945138,0.030394828
945139,0.030785857
945140,0.044900067
945141,0.021664346
945142,0.015392778
945143,0.19704321
945144,0.15912625
945145,0.18593477
945146,0.21199898
945147,0.26261738
945148,0.3048007
945149,0.17804645
945150,0.2187987
945151,0.026541615
945152,0.109530784
945153,0.09663584
945154,0.14484856
945155,0.121225685
945156,0.121427275
945157,0.11858857
945158,0.08157663
945159,0.13141896
945160,0.41266292
945161,0.3404407
945162,0.39733106
945163,0.33793545
945164,0.44896522
945165,0.27423826
945166,0.1718923
945167,0.107492566
945168,0.34713715
945169,0.44955808
945170,0.49264377
945171,0.5242021
945172,0.70003635
945173,0.5249122
945174,0.63526344
945175,0.71864736
945176,0.55558866
945177,0.60312366
945178,0.5129031
945179,0.68459576
945180,0.64234746
945181,0.621947
945182,0.60417783
945183,0.58211905
945184,0.58241075
945185,0.77755165
945186,0.7991518
945187,0.7941824
945188,0.66769385
945189,0.23716737
945190,0.35936892
945191,0.14446045
945192,0.04858115
945193,0.24526252
945194,0.18812253
945195,0.16464378
945196,0.1559176
945197,0.3293497
945198,0.26281685
945199,0.3739088
945200,0.36566395
945201,0.25512502
945202,0.18850392
945203,0.2565069
945204,0.65233713
945205,0.7092301
945206,0.8066135
945207,0.7695509
945208,0.7979276
945209,0.8182637
945210,0.82850677
945211,0.8645625
945212,0.8534554
945213,0.8537438
945214,0.85128325
945215,0.84871465
945216,0.84877896
945217,0.84633607
945218,0.8441722
945219,0.8458793
945220,0.84566075
945221,0.8464177
945222,0.844456
945223,0.8424457
945224,0.8420157
945225,0.8420157
945226,0.8933462
945227,0.88518167
945228,0.85613644
945229,0.84982526
945230,0.8795219
945231,0.8440316
945232,0.83625686
945233,0.8338675
945234,0.88597137
945235,0.84683263
945236,0.8183129
945237,0.81650424
945238,0.83720475
945239,0.7821251
945240,0.7713735
945241,0.7915334
945242,0.71463335
945243,0.6867102
945244,0.03758316
945245,0.08845522
945246,0.20385379
945247,0.19137669
945248,0.61563367
945249,0.6618611
945250,0.7265883
945251,0.73655957
945252,0.74161005
945253,0.7557615
945254,0.7428718
945255,0.7957424
945256,0.6904027
945257,0.8166795
945258,0.7860999
945259,0.7248034
945260,0.7361201
945261,0.78553206
945262,0.7148914
945263,0.79993933
945264,0.7767606
945265,0.7288042
945266,0.7280002
945267,0.7112459
945268,0.78095835
945269,0.74857855
945270,0.6617461
945271,0.6650886
945272,0.761305
945273,0.778094
945274,0.74219245
945275,0.45488504
945276,0.28764835
945277,0.16009258
945278,0.12036227
945279,0.63760865
945280,0.35187757
945281,0.45403612
945282,0.6832494
945283,0.7259043
945284,0.7189675
945285,0.6365512
945286,0.67378503
945287,0.6727499
945288,0.69271237
945289,0.67106116
945290,0.63639474
945291,0.6494402
945292,0.4297138
945293,0.026052492
945294,0.088178314
945295,0.08496154
945296,0.08093903
945297,0.11125151
945298,0.12610157
945299,0.08375308
945300,0.21025695
945301,0.3554568
945302,0.39160952
945303,0.3174531
945304,0.18068229
945305,0.09908477
945306,0.079424754
945307,0.25412688
945308,0.17709324
945309,0.14400458
945310,0.101113535
945311,0.034074795
945312,0.23870616
945313,0.3407912
945314,0.27099785
945315,0.2538032
945316,0.2679052
945317,0.26310414
945318,0.290477
945319,0.26676562
945320,0.2197767
945321,0.25640616
945322,0.1745429
945323,0.13814598
945324,0.15220138
945325,0.115280084
945326,0.12759122
945327,0.11801439
945328,0.08281662
945329,0.018111514
945330,0.04757346
945331,0.05839969
945332,0.052622493
945333,0.0484252
945334,0.14308918
945335,0.13673243
945336,0.038686607
945337,0.020179303
945338,0.060888503
945339,0.045193702
945340,0.05029469
945341,0.039208576
945342,0.03264491
945343,0.2652275
945344,0.29648876
945345,0.17355041
945346,0.28933603
945347,0.28380704
945348,0.31787664
945349,0.2718586
945350,0.25446114
945351,0.3679202
945352,0.29571393
945353,0.15134819
945354,0.027040862
945355,0.056850158
945356,0.054030564
945357,0.057762854
945358,0.018668292
945359,0.061759062
945360,0.052041788
945361,0.0663552
945362,0.041872386
945363,0.4056122
945364,0.2465346
945365,0.36263922
945366,0.32117543
945367,0.2501996
945368,0.1669244
945369,0.15484525
945370,0.2762694
945371,0.28654355
945372,0.21092986
945373,0.23049715
945374,0.235096
945375,0.039005954
945376,0.08259296
945377,0.08329281
945378,0.08448401
945379,0.09669901
945380,0.08752718
945381,0.08230951
945382,0.094510034
945383,0.06550212
945384,0.43492973
945385,0.39554852
945386,0.30896756
945387,0.2728742
945388,0.3826808
945389,0.18055665
945390,0.052548517
945391,0.21738358
945392,0.057196774
945393,0.0665094
945394,0.060303397
945395,0.037820004
945396,0.19363879
945397,0.19730537
945398,0.16259545
945399,0.16312253
945400,0.14782672
945401,0.14954819
945402,0.14704025
945403,0.20844822
945404,0.20562854
945405,0.17915964
945406,0.015016878
945407,0.038008224
945408,0.03446648
945409,0.040497348
945410,0.046506397
945411,0.034436136
945412,0.029813843
945413,0.023141755
945414,0.082939364
945415,0.11028957
945416,0.054332577
945417,0.27818307
945418,0.2639696
945419,0.2486342
945420,0.20504014
945421,0.021912983
945422,0.10844285
945423,0.08030936
945424,0.15423706
945425,0.074560896
945426,0.11780502
945427,0.09763195
945428,0.08711922
945429,0.10180743
945430,0.08877656
945431,0.124468125
945432,0.06810593
945433,0.062740415
945434,0.05444237
945435,0.049272258
945436,0.04414041
945437,0.39938357
945438,0.09042284
945439,0.09116997
945440,0.0959018
945441,0.09102146
945442,0.111050345
945443,0.08798361
945444,0.10017392
945445,0.10553259
945446,0.16561007
945447,0.119351216
945448,0.14561369
945449,0.036514737
945450,0.030760944
945451,0.034303043
945452,0.02938734
945453,0.033636443
945454,0.07721791
945455,0.03987421
945456,0.04590948
945457,0.04909467
945458,0.15420781
945459,0.01043841
945460,0.041550957
945461,0.035460837
945462,0.030565247
945463,0.19559321
945464,0.122810476
945465,0.06589779
945466,0.3303219
945467,0.0115219345
945468,0.032607917
945469,0.027834198
945470,0.032144677
945471,0.0339966
945472,0.02952507
945473,0.017903984
945474,0.078063995
945475,0.11656844
945476,0.09055341
945477,0.014494552
945478,0.044216026
945479,0.039658338
945480,0.042823475
945481,0.036200278
945482,0.036083132
945483,0.015337851
945484,0.053397294
945485,0.21263118
945486,0.14473337
945487,0.29833904
945488,0.4281003
945489,0.48110354
945490,0.5035128
945491,0.4842739
945492,0.5207794
945493,0.551945
945494,0.5620343
945495,0.5678125
945496,0.6127783
945497,0.59392667
945498,0.56442404
945499,0.5691134
945500,0.46795332
945501,0.3554484
945502,0.15037772
945503,0.039405175
945504,0.15884332
945505,0.1809307
945506,0.17453368
945507,0.17636813
945508,0.25960708
945509,0.6631024
945510,0.38184598
945511,0.054846168
945512,0.28848
945513,0.3159079
945514,0.365206
945515,0.38068223
945516,0.2910642
945517,0.2925372
945518,0.29291895
945519,0.32567137
945520,0.28532672
945521,0.08218563
945522,0.18090804
945523,0.17764148
945524,0.16684006
945525,0.25656837
945526,0.12743871
945527,0.12883294
945528,0.097515255
945529,0.09323592
945530,0.1296004
945531,0.39670926
945532,0.40607208
945533,0.47467577
945534,0.49246514
945535,0.47271866
945536,0.46904904
945537,0.47608688
945538,0.34126624
945539,0.34160137
945540,0.25096086
945541,0.40113926
945542,0.26610553
945543,0.073948435
945544,0.045225564
945545,0.04014631
945546,0.104496635
945547,0.033000924
945548,0.028316598
945549,0.027422909
945550,0.027864514
945551,0.024473643
945552,0.011365581
945553,0.030066388
945554,0.02371198
945555,0.033666372
945556,0.3207325
945557,0.24673927
945558,0.2402061
945559,0.23574896
945560,0.13668892
945561,0.14277437
945562,0.225412
945563,0.1315424
945564,0.09599329
945565,0.3694038
945566,0.012319647
945567,0.035238698
945568,0.029392255
945569,0.026527854
945570,0.028525533
945571,0.03139924
945572,0.07676061
945573,0.044348713
945574,0.009993675
945575,0.028080989
945576,0.02951329
945577,0.026215114
945578,0.027930535
945579,0.029160473
945580,0.050049186
945581,0.16268496
945582,0.14817698
945583,0.17650622
945584,0.22274621
945585,0.19807169
945586,0.23755598
945587,0.18234578
945588,0.19366647
945589,0.26052666
945590,0.16890526
945591,0.026223216
945592,0.022444118
945593,0.020762956
945594,0.021252744
945595,0.01423102
945596,0.017873649
945597,0.016437773
945598,0.28295144
945599,0.0105705485
945600,0.034117315
945601,0.031703282
945602,0.029651672
945603,0.030392757
945604,0.02600658
945605,0.026642792
945606,0.36208704
945607,0.1856532
945608,0.3013744
945609,0.19275863
945610,0.2813246
945611,0.27202633
945612,0.15111884
945613,0.11270952
945614,0.15979004
945615,0.24004212
945616,0.21066222
945617,0.21608011
945618,0.2143745
945619,0.0113744475
945620,0.030769419
945621,0.03208086
945622,0.031934325
945623,0.033658385
945624,0.03710861
945625,0.032978874
945626,0.36585012
945627,0.3465036
945628,0.5360181
945629,0.43941435
945630,0.37247497
945631,0.4762625
945632,0.4423943
945633,0.47721958
945634,0.5093349
945635,0.43183282
945636,0.4745813
945637,0.30467185
945638,0.0117636155
945639,0.03012404
945640,0.027441984
945641,0.031840183
945642,0.03216671
945643,0.029405318
945644,0.0911722
945645,0.17598331
945646,0.24949248
945647,0.25230214
945648,0.21690287
945649,0.20480552
945650,0.39057088
945651,0.46664798
945652,0.3136947
945653,0.20731339
945654,0.30949393
945655,0.2034092
945656,0.212924
945657,0.22136348
945658,0.029538803
945659,0.24858211
945660,0.33756056
945661,0.42192355
945662,0.16406791
945663,0.18838188
945664,0.1707587
945665,0.23084639
945666,0.123007074
945667,0.15225965
945668,0.0145050725
945669,0.028130537
945670,0.034080837
945671,0.07810891
945672,0.029321538
945673,0.082472175
945674,0.18537146
945675,0.02270338
945676,0.08550762
945677,0.06461065
945678,0.01246753
945679,0.04433867
945680,0.050763384
945681,0.064071395
945682,0.102909505
945683,0.023785254
945684,0.26138347
945685,0.24137528
945686,0.12707107
945687,0.16558537
945688,0.14975742
945689,0.14652812
945690,0.37615553
945691,0.49627852
945692,0.6385095
945693,0.6852363
945694,0.69830465
945695,0.69871134
945696,0.7073821
945697,0.697269
945698,0.5896489
945699,0.49174994
945700,0.5268707
945701,0.5405687
945702,0.59994113
945703,0.6286368
945704,0.42654842
945705,0.6036912
945706,0.2019604
945707,0.089703016
945708,0.04143999
945709,0.037889358
945710,0.079683535
945711,0.025322296
945712,0.04150167
945713,0.028054966
945714,0.049069777
945715,0.13136557
945716,0.02135496
945717,0.02698097
945718,0.023968074
945719,0.3023067
945720,0.29075897
945721,0.27582604
945722,0.25043598
945723,0.25119564
945724,0.34566444
945725,0.47490945
945726,0.23019002
945727,0.40935168
945728,0.44537643
945729,0.3958396
945730,0.27951962
945731,0.22149965
945732,0.026581999
945733,0.11514599
945734,0.109643824
945735,0.096774876
945736,0.08186924
945737,0.023674533
945738,0.10540745
945739,0.10122418
945740,0.09671787
945741,0.19991918
945742,0.121639185
945743,0.11005523
945744,0.08629245
945745,0.045005716
945746,0.17962834
945747,0.109129414
945748,0.028971093
945749,0.0782647
945750,0.099547386
945751,0.09804801
945752,0.09778637
945753,0.16182742
945754,0.06573308
945755,0.07136511
945756,0.15261438
945757,0.04804495
945758,0.22048537
945759,0.09197909
945760,0.096668705
945761,0.065536544
945762,0.13806634
945763,0.11953919
945764,0.1302734
945765,0.064597525
945766,0.06181696
945767,0.09432665
945768,0.08105036
945769,0.09467104
945770,0.28570715
945771,0.2244827
945772,0.15070134
945773,0.17971593
945774,0.1343898
945775,0.21413948
945776,0.024053037
945777,0.21703081
945778,0.3535512
945779,0.3145751
945780,0.14534298
945781,0.15676118
945782,0.15828551
945783,0.5462396
945784,0.18943293
945785,0.19260761
945786,0.35212797
945787,0.36881754
945788,0.31591555
945789,0.37465248
945790,0.23023106
945791,0.0937413
945792,0.05072062
945793,0.06750161
945794,0.03409248
945795,0.056790806
945796,0.062930934
945797,0.04937529
945798,0.051654216
945799,0.019471567
945800,0.059010223
945801,0.04612612
945802,0.051091686
945803,0.044634994
945804,0.042845186
945805,0.040484585
945806,0.044527493
945807,0.07485843
945808,0.06853522
945809,0.08669166
945810,0.11360883
945811,0.068667896
945812,0.04160217
945813,0.034978297
945814,0.02510409
945815,0.0228506
945816,0.20604436
945817,0.019217616
945818,0.069477595
945819,0.07103154
945820,0.09061404
945821,0.056637313
945822,0.052844122
945823,0.07123542
945824,0.06561933
945825,0.032608557
945826,0.08415871
945827,0.08035442
945828,0.08859333
945829,0.06303804
945830,0.07225525
945831,0.087929785
945832,0.07300581
945833,0.01200782
945834,0.023824325
945835,0.021237781
945836,0.021394301
945837,0.01761858
945838,0.09318674
945839,0.40357095
945840,0.50032943
945841,0.6468824
945842,0.67959774
945843,0.7565145
945844,0.78323066
945845,0.7401203
945846,0.74908024
945847,0.73252785
945848,0.7467638
945849,0.71249074
945850,0.64078796
945851,0.7130027
945852,0.6971128
945853,0.69505
945854,0.7025145
945855,0.7001841
945856,0.67037135
945857,0.6978965
945858,0.6906642
945859,0.69885206
945860,0.6947254
945861,0.6680793
945862,0.6129435
945863,0.6353773
945864,0.57803416
945865,0.3975306
945866,0.018041197
945867,0.03836528
945868,0.04047929
945869,0.040997125
945870,0.046656467
945871,0.04815822
945872,0.038059473
945873,0.044857547
945874,0.03716985
945875,0.052400455
945876,0.07239379
945877,0.06961189
945878,0.07220186
945879,0.07552567
945880,0.10006786
945881,0.2639051
945882,0.27329642
945883,0.27452582
945884,0.24180411
945885,0.27614567
945886,0.22582594
945887,0.19088311
945888,0.015719172
945889,0.03436418
945890,0.03826613
945891,0.0440466
945892,0.059110615
945893,0.04192675
945894,0.043021142
945895,0.03760702
945896,0.042987585
945897,0.059499778
945898,0.07590752
945899,0.06043015
945900,0.033420164
945901,0.025265537
945902,0.025874527
945903,0.02400769
945904,0.025859328
945905,0.029455204
945906,0.031926338
945907,0.024829527
945908,0.030043542
945909,0.1328293
945910,0.13424328
945911,0.12870623
945912,0.13929982
945913,0.2625829
945914,0.014910685
945915,0.03141179
945916,0.03261864
945917,0.05804091
945918,0.038803536
945919,0.04739585
945920,0.034942374
945921,0.030648667
945922,0.028375313
945923,0.012671301
945924,0.027624086
945925,0.033320118
945926,0.035829578
945927,0.032263838
945928,0.035606984
945929,0.036880277
945930,0.041685577
945931,0.026221888
945932,0.179903
945933,0.013915138
945934,0.022185888
945935,0.026408644
945936,0.023675535
945937,0.022832293
945938,0.029048383
945939,0.0283298
945940,0.024210377
945941,0.020784197
945942,0.040634107
945943,0.05736661
945944,0.045240045
945945,0.057612963
945946,0.043174084
945947,0.051177345
945948,0.05551963
945949,0.068366416
945950,0.039141923
945951,0.017300103
945952,0.02461972
945953,0.03096541
945954,0.024835499
945955,0.024322547
945956,0.026918836
945957,0.026531596
945958,0.022626907
945959,0.43354866
945960,0.46330547
945961,0.6155525
945962,0.63159746
945963,0.65460896
945964,0.65460896
945965,0.65768427
945966,0.65716577
945967,0.6543277
945968,0.65670264
945969,0.6564604
945970,0.6564613
945971,0.6548892
945972,0.6548892
945973,0.6548892
945974,0.6534229
945975,0.64875287
945976,0.6480708
945977,0.54502827
945978,0.28003255
945979,0.016236037
945980,0.024879014
945981,0.029725762
945982,0.038267966
945983,0.030985128
945984,0.03538183
945985,0.036533475
945986,0.03251193
945987,0.030647151
945988,0.113274865
945989,0.50168806
945990,0.5786703
945991,0.7224933
945992,0.7886572
945993,0.71198446
945994,0.79563886
945995,0.8082453
945996,0.8343348
945997,0.81278825
945998,0.85413194
945999,0.78996885
946000,0.8408187
946001,0.8353578
946002,0.8257414
946003,0.85319334
946004,0.8395236
946005,0.815588
946006,0.7944758
946007,0.7859625
946008,0.8120102
946009,0.80343217
946010,0.79179597
946011,0.8326466
946012,0.79280484
946013,0.8383878
946014,0.84469485
946015,0.81375134
946016,0.80255044
946017,0.6343692
946018,0.8184759
946019,0.83407265
946020,0.8349736
946021,0.79468536
946022,0.7639494
946023,0.74365157
946024,0.8066767
946025,0.74459904
946026,0.73472536
946027,0.7370537
946028,0.66679686
946029,0.70701784
946030,0.6732318
946031,0.72815865
946032,0.593609
946033,0.016205007
946034,0.031073036
946035,0.04821272
946036,0.029709008
946037,0.025701387
946038,0.033011205
946039,0.028472506
946040,0.030815748
946041,0.030908786
946042,0.057520587
946043,0.30247876
946044,0.013700601
946045,0.026150778
946046,0.028926529
946047,0.028976204
946048,0.033764243
946049,0.029035697
946050,0.0356166
946051,0.031588953
946052,0.029859882
946053,0.014200481
946054,0.022322964
946055,0.025214275
946056,0.024720497
946057,0.02253839
946058,0.025373394
946059,0.033718675
946060,0.022105984
946061,0.021244328
946062,0.028333168
946063,0.02579803
946064,0.030607957
946065,0.029980382
946066,0.0365766
946067,0.030652387
946068,0.034279335
946069,0.0317649
946070,0.019064605
946071,0.030943604
946072,0.03151733
946073,0.02993431
946074,0.040772825
946075,0.038774114
946076,0.04200215
946077,0.032225247
946078,0.03189879
946079,0.016811842
946080,0.07108135
946081,0.06951153
946082,0.2692872
946083,0.26785013
946084,0.24116533
946085,0.18560925
946086,0.20104949
946087,0.2114385
946088,0.20035882
946089,0.18335819
946090,0.18015951
946091,0.22445306
946092,0.54016083
946093,0.48741454
946094,0.539771
946095,0.567806
946096,0.58389926
946097,0.5606383
946098,0.5797776
946099,0.48565444
946100,0.5255469
946101,0.36511305
946102,0.42686084
946103,0.52252686
946104,0.51974916
946105,0.42159477
946106,0.55906
946107,0.3734029
946108,0.54604894
946109,0.2748152
946110,0.042747788
946111,0.30572858
946112,0.47077215
946113,0.4105396
946114,0.46610847
946115,0.34174895
946116,0.33828905
946117,0.51657325
946118,0.46205524
946119,0.523467
946120,0.45441264
946121,0.45868653
946122,0.34036112
946123,0.22557007
946124,0.0680135
946125,0.23702689
946126,0.23486868
946127,0.21565035
946128,0.20213132
946129,0.0597405
946130,0.16355339
946131,0.30033648
946132,0.27139503
946133,0.4814749
946134,0.43225515
946135,0.21852873
946136,0.2352245
946137,0.030325437
946138,0.2973161
946139,0.3753272
946140,0.3224329
946141,0.3135914
946142,0.31849098
946143,0.35617942
946144,0.2896444
946145,0.35829264
946146,0.25330177
946147,0.37982866
946148,0.45990252
946149,0.3251922
946150,0.3700006
946151,0.28017733
946152,0.07421962
946153,0.6418616
946154,0.50077224
946155,0.71004367
946156,0.74588466
946157,0.80354315
946158,0.7743037
946159,0.7828586
946160,0.78062725
946161,0.8321675
946162,0.8117774
946163,0.8715319
946164,0.8719938
946165,0.8469271
946166,0.8530699
946167,0.802015
946168,0.7759716
946169,0.8660049
946170,0.7952414
946171,0.8605499
946172,0.7949701
946173,0.86691487
946174,0.8446538
946175,0.8217304
946176,0.80865073
946177,0.71034014
946178,0.36452407
946179,0.2268475
946180,0.19727628
946181,0.1694753
946182,0.26173726
946183,0.42959496
946184,0.33946997
946185,0.34834036
946186,0.27075443
946187,0.2715249
946188,0.23990417
946189,0.019989299
946190,0.13034324
946191,0.16698757
946192,0.12328713
946193,0.14250508
946194,0.12760967
946195,0.14073889
946196,0.31169897
946197,0.31907773
946198,0.027187556
946199,0.1682925
946200,0.24226528
946201,0.1779467
946202,0.1762753
946203,0.29840884
946204,0.2995666
946205,0.25447607
946206,0.15741152
946207,0.13510428
946208,0.15477934
946209,0.069040485
946210,0.13375686
946211,0.111808985
946212,0.11790938
946213,0.027948096
946214,0.5179244
946215,0.44182965
946216,0.52636135
946217,0.4918063
946218,0.37682107
946219,0.5704325
946220,0.61542034
946221,0.49662146
946222,0.44338775
946223,0.64566606
946224,0.5703328
946225,0.33297658
946226,0.5608793
946227,0.6086147
946228,0.35017678
946229,0.612316
946230,0.39177245
946231,0.1688141
946232,0.08836674
946233,0.07909669
946234,0.07480292
946235,0.11713606
946236,0.11116352
946237,0.1338448
946238,0.060245372
946239,0.09312629
946240,0.31259647
946241,0.056809455
946242,0.059298575
946243,0.056924336
946244,0.047806226
946245,0.012403933
946246,0.032096352
946247,0.03555523
946248,0.056981724
946249,0.029742172
946250,0.12728049
946251,0.029903684
946252,0.03735625
946253,0.029081095
946254,0.036845285
946255,0.19774102
946256,0.17622761
946257,0.24517243
946258,0.24897417
946259,0.18785466
946260,0.12586641
946261,0.16591819
946262,0.091921054
946263,0.02906929
946264,0.04873228
946265,0.045379385
946266,0.04459033
946267,0.048344567
946268,0.049187336
946269,0.038429596
946270,0.04417428
946271,0.057147853
946272,0.018463466
946273,0.0910032
946274,0.062038545
946275,0.08707858
946276,0.07365295
946277,0.33451742
946278,0.09029325
946279,0.32146227
946280,0.07378752
946281,0.16656515
946282,0.01840422
946283,0.030584114
946284,0.03617972
946285,0.032194436
946286,0.033253822
946287,0.081832826
946288,0.3919468
946289,0.40954772
946290,0.64564806
946291,0.6513641
946292,0.75342256
946293,0.6883971
946294,0.6879031
946295,0.70423776
946296,0.6355388
946297,0.7383159
946298,0.71749485
946299,0.7173435
946300,0.4961606
946301,0.77038074
946302,0.7076882
946303,0.7591392
946304,0.706483
946305,0.7494832
946306,0.7505412
946307,0.7520951
946308,0.71217096
946309,0.737657
946310,0.6057195
946311,0.7436407
946312,0.43129614
946313,0.2003115
946314,0.3886024
946315,0.27530017
946316,0.16152677
946317,0.18381259
946318,0.11987188
946319,0.124496855
946320,0.11709947
946321,0.11024976
946322,0.12222525
946323,0.0146751655
946324,0.107600465
946325,0.11436693
946326,0.1517711
946327,0.14388041
946328,0.106874615
946329,0.1153828
946330,0.15579695
946331,0.12778285
946332,0.11601199
946333,0.112420954
946334,0.15858416
946335,0.30798858
946336,0.25046226
946337,0.038756967
946338,0.3297607
946339,0.08276881
946340,0.07122662
946341,0.11011096
946342,0.09328566
946343,0.09933025
946344,0.084558
946345,0.19816113
946346,0.020955915
946347,0.039523814
946348,0.040132944
946349,0.123718865
946350,0.19567624
946351,0.16438212
946352,0.40933365
946353,0.50402707
946354,0.2980787
946355,0.26613167
946356,0.19952825
946357,0.11082599
946358,0.06836753
946359,0.20727892
946360,0.2651844
946361,0.24141191
946362,0.21580026
946363,0.25255275
946364,0.2730979
946365,0.2893229
946366,0.20435429
946367,0.21738894
946368,0.26510736
946369,0.27254584
946370,0.22664116
946371,0.3663889
946372,0.19976497
946373,0.05229138
946374,0.057779633
946375,0.32005984
946376,0.4396301
946377,0.57825744
946378,0.61278147
946379,0.70082366
946380,0.726649
946381,0.7268387
946382,0.60899234
946383,0.6428672
946384,0.6684462
946385,0.6403445
946386,0.67267305
946387,0.66539377
946388,0.6720337
946389,0.6762034
946390,0.7127807
946391,0.71922845
946392,0.26878014
946393,0.1175628
946394,0.21789688
946395,0.26939434
946396,0.118753225
946397,0.11029018
946398,0.094079755
946399,0.32685757
946400,0.2845173
946401,0.17685243
946402,0.1547993
946403,0.14690316
946404,0.027192669
946405,0.10622881
946406,0.45998785
946407,0.72976947
946408,0.75989825
946409,0.8346219
946410,0.8412231
946411,0.87266415
946412,0.8788902
946413,0.88774174
946414,0.8909172
946415,0.90117526
946416,0.86049014
946417,0.90177006
946418,0.8447785
946419,0.9084729
946420,0.8968744
946421,0.9163481
946422,0.8638368
946423,0.85305226
946424,0.8705534
946425,0.90524846
946426,0.91095865
946427,0.8739785
946428,0.8678158
946429,0.8585337
946430,0.86749715
946431,0.8795641
946432,0.86418235
946433,0.9329796
946434,0.9286967
946435,0.8704168
946436,0.9128631
946437,0.8788385
946438,0.88299084
946439,0.8630865
946440,0.8694332
946441,0.7873067
946442,0.8317583
946443,0.82292545
946444,0.8743505
946445,0.8032125
946446,0.7911323
946447,0.6193792
946448,0.6226455
946449,0.7553696
946450,0.65988505
946451,0.8176665
946452,0.81676
946453,0.84118634
946454,0.83105576
946455,0.8063936
946456,0.8290335
946457,0.8266321
946458,0.8326032
946459,0.8378342
946460,0.8325445
946461,0.81527096
946462,0.84922594
946463,0.8679684
946464,0.8024811
946465,0.89288574
946466,0.82294536
946467,0.8295117
946468,0.8039448
946469,0.8326845
946470,0.8113358
946471,0.81114584
946472,0.8052342
946473,0.8264195
946474,0.83534116
946475,0.8105292
946476,0.7973375
946477,0.8069167
946478,0.79851323
946479,0.8000502
946480,0.81027824
946481,0.8126422
946482,0.8275745
946483,0.7943601
946484,0.80010575
946485,0.7738442
946486,0.7872127
946487,0.7821528
946488,0.79750097
946489,0.7963301
946490,0.80428594
946491,0.6963256
946492,0.061167922
946493,0.26677778
946494,0.21907082
946495,0.22435461
946496,0.22641781
946497,0.22926143
946498,0.22007903
946499,0.15750535
946500,0.1442265
946501,0.2773355
946502,0.19578584
946503,0.17305563
946504,0.16683157
946505,0.17897768
946506,0.2061967
946507,0.15839072
946508,0.12760518
946509,0.22296095
946510,0.13682374
946511,0.15400319
946512,0.13576071
946513,0.15043533
946514,0.12823991
946515,0.27185988
946516,0.25541678
946517,0.22197515
946518,0.1255689
946519,0.020450545
946520,0.055409938
946521,0.05571803
946522,0.050292812
946523,0.054563392
946524,0.053792533
946525,0.08827359
946526,0.08473491
946527,0.053928364
946528,0.053444106
946529,0.042438656
946530,0.119459614
946531,0.14687575
946532,0.14142795
946533,0.1395513
946534,0.13788353
946535,0.14149962
946536,0.0632018
946537,0.024631908
946538,0.10369776
946539,0.13732906
946540,0.10656021
946541,0.022174185
946542,0.15671027
946543,0.13801408
946544,0.13891482
946545,0.19010222
946546,0.016141487
946547,0.046430834
946548,0.0496293
946549,0.039918296
946550,0.041311808
946551,0.037689343
946552,0.051687274
946553,0.041592263
946554,0.09576686
946555,0.18936841
946556,0.050378952
946557,0.017224057
946558,0.068689294
946559,0.06256816
946560,0.05702174
946561,0.10898736
946562,0.014454413
946563,0.075546384
946564,0.078261785
946565,0.07590018
946566,0.081077635
946567,0.07778181
946568,0.09216088
946569,0.08252661
946570,0.17494752
946571,0.21119797
946572,0.30317673
946573,0.16194016
946574,0.09194579
946575,0.019181924
946576,0.037069093
946577,0.037371162
946578,0.0325499
946579,0.036023736
946580,0.037706055
946581,0.036483355
946582,0.03447857
946583,0.019762233
946584,0.08740278
946585,0.0688396
946586,0.07455573
946587,0.07729281
946588,0.103091754
946589,0.17317909
946590,0.20524019
946591,0.17301959
946592,0.17797887
946593,0.23465131
946594,0.13262531
946595,0.018053712
946596,0.068230994
946597,0.06063456
946598,0.08722902
946599,0.08396432
946600,0.078999996
946601,0.038148284
946602,0.0797025
946603,0.06389933
946604,0.07461616
946605,0.2817999
946606,0.022742834
946607,0.17473686
946608,0.22555083
946609,0.25686368
946610,0.16905509
946611,0.5242523
946612,0.4197944
946613,0.48275086
946614,0.48266414
946615,0.6163894
946616,0.57410616
946617,0.5594378
946618,0.5554254
946619,0.30709293
946620,0.32084575
946621,0.25434065
946622,0.28484648
946623,0.23540525
946624,0.29376042
946625,0.23936768
946626,0.24451593
946627,0.23271534
946628,0.2479065
946629,0.30544272
946630,0.034534905
946631,0.08705816
946632,0.11096952
946633,0.08077016
946634,0.08454803
946635,0.10613536
946636,0.07814651
946637,0.19318338
946638,0.12905006
946639,0.23648995
946640,0.28118235
946641,0.13507348
946642,0.27086818
946643,0.21481292
946644,0.29235458
946645,0.10734745
946646,0.13646221
946647,0.13953297
946648,0.13842843
946649,0.14080293
946650,0.090745516
946651,0.018819936
946652,0.05031616
946653,0.07293937
946654,0.05917281
946655,0.050529413
946656,0.05263431
946657,0.12110472
946658,0.07306995
946659,0.10621093
946660,0.06813983
946661,0.05441685
946662,0.024793854
946663,0.036015738
946664,0.041115124
946665,0.04127881
946666,0.05515388
946667,0.04209303
946668,0.045655027
946669,0.04356018
946670,0.081841715
946671,0.039975267
946672,0.46868145
946673,0.52818936
946674,0.559965
946675,0.58242637
946676,0.5831259
946677,0.57460916
946678,0.4547804
946679,0.027539516
946680,0.050535113
946681,0.052106727
946682,0.056186255
946683,0.090907395
946684,0.054911524
946685,0.07764372
946686,0.121594094
946687,0.09246322
946688,0.05541739
946689,0.05443325
946690,0.16492587
946691,0.024513267
946692,0.102604456
946693,0.10759515
946694,0.10506873
946695,0.09894542
946696,0.35071918
946697,0.1572956
946698,0.11519899
946699,0.16476366
946700,0.18153971
946701,0.16902761
946702,0.18125816
946703,0.15583096
946704,0.13824679
946705,0.13263364
946706,0.27553982
946707,0.017019173
946708,0.036785327
946709,0.032426756
946710,0.037739042
946711,0.03263705
946712,0.037062526
946713,0.05183835
946714,0.061898123
946715,0.04663963
946716,0.026714116
946717,0.06323678
946718,0.09844594
946719,0.1807844
946720,0.11042332
946721,0.07091203
946722,0.07236123
946723,0.15355565
946724,0.22029947
946725,0.105392456
946726,0.11769486
946727,0.014305932
946728,0.0213614
946729,0.028093392
946730,0.025068294
946731,0.022639807
946732,0.028337842
946733,0.023688314
946734,0.031078458
946735,0.23362738
946736,0.15295391
946737,0.16878003
946738,0.0955357
946739,0.093838
946740,0.26788387
946741,0.33647814
946742,0.42866874
946743,0.45216316
946744,0.25327045
946745,0.18500909
946746,0.013410383
946747,0.06688022
946748,0.03107619
946749,0.028712597
946750,0.029626489
946751,0.039789
946752,0.034128465
946753,0.033681452
946754,0.037700415
946755,0.028580807
946756,0.027816093
946757,0.07194268
946758,0.064394206
946759,0.07409139
946760,0.10431981
946761,0.08699228
946762,0.09598485
946763,0.091277555
946764,0.08814339
946765,0.11419441
946766,0.10189477
946767,0.016288735
946768,0.035837173
946769,0.038328476
946770,0.034137953
946771,0.042749897
946772,0.029817665
946773,0.031645935
946774,0.15195143
946775,0.01226541
946776,0.042365897
946777,0.04420818
946778,0.049679186
946779,0.052306645
946780,0.051080506
946781,0.06390973
946782,0.07670563
946783,0.048044335
946784,0.119889505
946785,0.06990525
946786,0.008872546
946787,0.025137777
946788,0.031152342
946789,0.027707962
946790,0.026372286
946791,0.026201064
946792,0.02296364
946793,0.02361356
946794,0.008117162
946795,0.03382377
946796,0.02838453
946797,0.030032212
946798,0.031499535
946799,0.026316365
946800,0.020713726
946801,0.032366883
946802,0.03152931
946803,0.040471762
946804,0.04199835
946805,0.034851395
946806,0.033749133
946807,0.034058336
946808,0.035009816
946809,0.030314878
946810,0.009676694
946811,0.07509326
946812,0.08192526
946813,0.08607258
946814,0.12176781
946815,0.104375005
946816,0.07733924
946817,0.088691965
946818,0.123905465
946819,0.012475922
946820,0.03777007
946821,0.04597267
946822,0.03823665
946823,0.043517996
946824,0.036098376
946825,0.021974387
946826,0.024248784
946827,0.020619495
946828,0.009279789
946829,0.026520042
946830,0.046149127
946831,0.09768942
946832,0.029305087
946833,0.032961234
946834,0.044055436
946835,0.036294777
946836,0.03417337
946837,0.035476476
946838,0.011882662
946839,0.030098075
946840,0.025716897
946841,0.023672158
946842,0.030891925
946843,0.03314876
946844,0.0343696
946845,0.047437463
946846,0.02984646
946847,0.022257958
946848,0.069895014
946849,0.08136658
946850,0.08005447
946851,0.07237341
946852,0.109794624
946853,0.124187835
946854,0.21338391
946855,0.2792604
946856,0.17451966
946857,0.13692279
946858,0.0118644135
946859,0.06888087
946860,0.1129202
946861,0.32554108
946862,0.42250344
946863,0.54845095
946864,0.50966257
946865,0.42902693
946866,0.53100723
946867,0.5441349
946868,0.50512046
946869,0.55160505
946870,0.50869024
946871,0.50902396
946872,0.4789909
946873,0.43543977
946874,0.32459846
946875,0.28931513
946876,0.26335964
946877,0.19507372
946878,0.115934245
946879,0.1668696
946880,0.11803906
946881,0.11624321
946882,0.20077547
946883,0.13462038
946884,0.20628558
946885,0.009891089
946886,0.026639119
946887,0.023745803
946888,0.027712485
946889,0.024760798
946890,0.028212402
946891,0.020993935
946892,0.17668486
946893,0.11805894
946894,0.101198815
946895,0.06160868
946896,0.011213699
946897,0.025881464
946898,0.02602831
946899,0.044601984
946900,0.02047335
946901,0.029428223
946902,0.022185685
946903,0.025758058
946904,0.04152241
946905,0.07083939
946906,0.06940196
946907,0.06452012
946908,0.09058848
946909,0.08327288
946910,0.09578215
946911,0.016249845
946912,0.02828974
946913,0.03132558
946914,0.024186
946915,0.03187105
946916,0.030496122
946917,0.03816779
946918,0.23815548
946919,0.2598851
946920,0.27019188
946921,0.28996864
946922,0.31208488
946923,0.28179473
946924,0.25961417
946925,0.2870993
946926,0.27169162
946927,0.26952842
946928,0.22775935
946929,0.08160499
946930,0.060448725
946931,0.057439663
946932,0.057131946
946933,0.039922655
946934,0.020373305
946935,0.12182825
946936,0.061688807
946937,0.061303515
946938,0.07359178
946939,0.08348905
946940,0.18752754
946941,0.096345775
946942,0.12773854
946943,0.09337422
946944,0.12825377
946945,0.019901313
946946,0.15409364
946947,0.1411222
946948,0.13094904
946949,0.016540792
946950,0.054285493
946951,0.04397152
946952,0.04461688
946953,0.045337327
946954,0.04518185
946955,0.039081518
946956,0.009053844
946957,0.036807146
946958,0.03249336
946959,0.02344329
946960,0.028061332
946961,0.03972636
946962,0.017718688
946963,0.08165777
946964,0.118319735
946965,0.13783741
946966,0.18681887
946967,0.12631592
946968,0.16247012
946969,0.1310536
946970,0.13448982
946971,0.13042574
946972,0.17710826
946973,0.14703996
946974,0.16483468
946975,0.18028904
946976,0.13061285
946977,0.1510854
946978,0.15656418
946979,0.11703955
946980,0.2975211
946981,0.017733848
946982,0.083975464
946983,0.08124334
946984,0.06855657
946985,0.09341777
946986,0.08296809
946987,0.3241451
946988,0.2139466
946989,0.26080865
946990,0.39711866
946991,0.652207
946992,0.6402072
946993,0.63183856
946994,0.6252409
946995,0.6752726
946996,0.64094234
946997,0.6626256
946998,0.62718225
946999,0.64603776
947000,0.62905884
947001,0.6017337
947002,0.67828625
947003,0.67854995
947004,0.3949696
947005,0.31131965
947006,0.5395712
947007,0.3654408
947008,0.49571195
947009,0.4006532
947010,0.44459492
947011,0.44774938
947012,0.44329858
947013,0.4404165
947014,0.55181247
947015,0.34022093
947016,0.20418088
947017,0.22864623
947018,0.26000336
947019,0.21068151
947020,0.23006064
947021,0.2611531
947022,0.23518847
947023,0.3184228
947024,0.21347314
947025,0.12137981
947026,0.13471207
947027,0.09030156
947028,0.07971645
947029,0.014759654
947030,0.11804124
947031,0.097416535
947032,0.41401762
947033,0.36906675
947034,0.36238703
947035,0.3764566
947036,0.4068222
947037,0.5933023
947038,0.605079
947039,0.61431766
947040,0.5708981
947041,0.5026929
947042,0.47587585
947043,0.030032312
947044,0.032644458
947045,0.023902176
947046,0.028042125
947047,0.033439517
947048,0.03264855
947049,0.02316839
947050,0.050093118
947051,0.3775273
947052,0.38784304
947053,0.5093156
947054,0.44384927
947055,0.5066439
947056,0.44726372
947057,0.37876615
947058,0.4327331
947059,0.32653755
947060,0.3320326
947061,0.29516548
947062,0.57240254
947063,0.5629661
947064,0.012513134
947065,0.023441406
947066,0.02587925
947067,0.025570666
947068,0.026660115
947069,0.025088547
947070,0.03068998
947071,0.030487837
947072,0.050707866
947073,0.24800341
947074,0.18286872
947075,0.29258272
947076,0.007879517
947077,0.023632396
947078,0.02235277
947079,0.018370662
947080,0.022698032
947081,0.018921759
947082,0.07649421
947083,0.09713624
947084,0.063182384
947085,0.10590884
947086,0.09634976
947087,0.07741921
947088,0.26634467
947089,0.2503904
947090,0.1656196
947091,0.151383
947092,0.15985475
947093,0.19167434
947094,0.3831316
947095,0.52515626
947096,0.27185643
947097,0.27646992
947098,0.2122093
947099,0.012338361
947100,0.021806993
947101,0.02562351
947102,0.024459638
947103,0.01963179
947104,0.02282982
947105,0.037029635
947106,0.058231317
947107,0.05912324
947108,0.049755387
947109,0.02851124
947110,0.16874927
947111,0.033074293
947112,0.35183206
947113,0.46443298
947114,0.4889108
947115,0.44862157
947116,0.4786781
947117,0.62147063
947118,0.5854329
947119,0.60304433
947120,0.497811
947121,0.63200617
947122,0.62737024
947123,0.6251297
947124,0.5498827
947125,0.59417874
947126,0.65996325
947127,0.6673854
947128,0.634939
947129,0.551367
947130,0.39754754
947131,0.39372185
947132,0.015183758
947133,0.026288223
947134,0.029499205
947135,0.028771967
947136,0.027676115
947137,0.03673035
947138,0.059100382
947139,0.033879377
947140,0.0429355
947141,0.36983728
947142,0.2892515
947143,0.3726742
947144,0.30124223
947145,0.3616526
947146,0.29615423
947147,0.37761176
947148,0.3824244
947149,0.270159
947150,0.34710523
947151,0.29999608
947152,0.27033022
947153,0.008050723
947154,0.017109133
947155,0.016852006
947156,0.01537403
947157,0.016792573
947158,0.019700946
947159,0.030364132
947160,0.24615286
947161,0.19314542
947162,0.17518514
947163,0.1859111
947164,0.22367448
947165,0.21304958
947166,0.18962596
947167,0.28833672
947168,0.23849083
947169,0.12952897
947170,0.092699625
947171,0.0095279645
947172,0.026953919
947173,0.02601877
947174,0.021042636
947175,0.026007028
947176,0.025280602
947177,0.024267543
947178,0.16539966
947179,0.20019229
947180,0.1942608
947181,0.16008148
947182,0.15905349
947183,0.12818371
947184,0.1451259
947185,0.22750382
947186,0.17553507
947187,0.13016316
947188,0.027595416
947189,0.077032134
947190,0.07464531
947191,0.07512985
947192,0.07573953
947193,0.10328914
947194,0.044019833
947195,0.012670758
947196,0.04736987
947197,0.04969384
947198,0.06478108
947199,0.04325505
947200,0.055108715
947201,0.05748434
947202,0.075666174
947203,0.037920423
947204,0.03305198
947205,0.036690384
947206,0.02418974
947207,0.03506931
947208,0.31676474
947209,0.41337568
947210,0.34702474
947211,0.43590564
947212,0.33594877
947213,0.37000185
947214,0.32544342
947215,0.3414054
947216,0.5421236
947217,0.59451425
947218,0.030404069
947219,0.055937417
947220,0.17146386
947221,0.20116234
947222,0.06928439
947223,0.0689213
947224,0.0812274
947225,0.08652332
947226,0.074441165
947227,0.020153316
947228,0.080628835
947229,0.42577583
947230,0.52861017
947231,0.65858686
947232,0.7458452
947233,0.7765764
947234,0.764684
947235,0.7842281
947236,0.736649
947237,0.8095558
947238,0.750202
947239,0.77905476
947240,0.874076
947241,0.88989633
947242,0.7718805
947243,0.79750067
947244,0.8314316
947245,0.8183063
947246,0.84217924
947247,0.84259933
947248,0.72302955
947249,0.8537363
947250,0.7097523
947251,0.7243488
947252,0.81067383
947253,0.67515194
947254,0.6166552
947255,0.66101074
947256,0.46895096
947257,0.15925756
947258,0.16745158
947259,0.1301589
947260,0.15779087
947261,0.08801998
947262,0.10116963
947263,0.10220291
947264,0.05121614
947265,0.18221799
947266,0.22217222
947267,0.20525123
947268,0.18143317
947269,0.08641399
947270,0.07664161
947271,0.1688295
947272,0.3474482
947273,0.3065875
947274,0.2366686
947275,0.2165482
947276,0.30464724
947277,0.36320785
947278,0.21470551
947279,0.19399345
947280,0.19732061
947281,0.32117096
947282,0.26838395
947283,0.46739084
947284,0.2730119
947285,0.26651952
947286,0.17862776
947287,0.02608421
947288,0.04426075
947289,0.030128246
947290,0.026392985
947291,0.027237626
947292,0.029452967
947293,0.022107206
947294,0.07092549
947295,0.012112151
947296,0.026655741
947297,0.031279404
947298,0.030370852
947299,0.029084092
947300,0.053925958
947301,0.023521552
947302,0.029581303
947303,0.07664311
947304,0.13245252
947305,0.17122757
947306,0.15523864
947307,0.15301844
947308,0.14184098
947309,0.24891776
947310,0.14091891
947311,0.23430258
947312,0.026705587
947313,0.07487007
947314,0.08021937
947315,0.06629514
947316,0.08095081
947317,0.06623818
947318,0.07385379
947319,0.13964562
947320,0.13733444
947321,0.03896606
947322,0.54185754
947323,0.54078597
947324,0.58684623
947325,0.69157803
947326,0.62831557
947327,0.6707713
947328,0.67819035
947329,0.52052796
947330,0.647385
947331,0.7034346
947332,0.635983
947333,0.6347132
947334,0.6240703
947335,0.6852431
947336,0.6833467
947337,0.42684695
947338,0.07075699
947339,0.04998843
947340,0.07094526
947341,0.1078227
947342,0.08118711
947343,0.16550368
947344,0.06544244
947345,0.08402994
947346,0.06446465
947347,0.014517755
947348,0.057096757
947349,0.07486262
947350,0.073833495
947351,0.047930166
947352,0.08821771
947353,0.045453675
947354,0.016265295
947355,0.05769618
947356,0.047917094
947357,0.061474834
947358,0.082998775
947359,0.052961245
947360,0.055241417
947361,0.2241779
947362,0.17518659
947363,0.15174754
947364,0.14639229
947365,0.10347786
947366,0.016724115
947367,0.067337885
947368,0.0745784
947369,0.0552114
947370,0.1802368
947371,0.04409437
947372,0.08192447
947373,0.063041605
947374,0.022160916
947375,0.08886186
947376,0.08914524
947377,0.086066805
947378,0.09558474
947379,0.08557836
947380,0.17713594
947381,0.024200482
947382,0.20603107
947383,0.11027418
947384,0.11298535
947385,0.08314477
947386,0.107789084
947387,0.08079551
947388,0.15795273
947389,0.2780998
947390,0.14427221
947391,0.3357585
947392,0.26074725
947393,0.15689178
947394,0.017067438
947395,0.09152822
947396,0.09085175
947397,0.07294016
947398,0.06209111
947399,0.07783375
947400,0.09489307
947401,0.086074814
947402,0.10927536
947403,0.45964512
947404,0.5502389
947405,0.55012137
947406,0.6554589
947407,0.65821767
947408,0.54912657
947409,0.56057364
947410,0.46706843
947411,0.54695827
947412,0.49221045
947413,0.4549112
947414,0.39944375
947415,0.48000687
947416,0.21477477
947417,0.14264435
947418,0.15888186
947419,0.11594121
947420,0.13742092
947421,0.1080707
947422,0.11285794
947423,0.1132343
947424,0.07965269
947425,0.118981056
947426,0.5611336
947427,0.6332619
947428,0.6160712
947429,0.6493732
947430,0.6214426
947431,0.6120651
947432,0.6487726
947433,0.64916885
947434,0.6389574
947435,0.6289289
947436,0.611118
947437,0.59619176
947438,0.5951543
947439,0.60570836
947440,0.64002264
947441,0.6467507
947442,0.6546715
947443,0.5102089
947444,0.014683545
947445,0.034883842
947446,0.045224052
947447,0.04347097
947448,0.03836434
947449,0.035166472
947450,0.036860358
947451,0.039006695
947452,0.046617657
947453,0.045178603
947454,0.23731549
947455,0.053541582
947456,0.50781465
947457,0.6759958
947458,0.59905005
947459,0.6607698
947460,0.63475955
947461,0.6596454
947462,0.719808
947463,0.80161947
947464,0.68525505
947465,0.6492767
947466,0.6645596
947467,0.6605213
947468,0.63109887
947469,0.6932177
947470,0.6114381
947471,0.36451626
947472,0.02088618
947473,0.046919636
947474,0.04846224
947475,0.06982479
947476,0.16370496
947477,0.26163545
947478,0.2381025
947479,0.16505319
947480,0.10862847
947481,0.13808855
947482,0.15211722
947483,0.15202284
947484,0.12749046
947485,0.114735626
947486,0.0935622
947487,0.017101245
947488,0.093853064
947489,0.10230409
947490,0.099485785
947491,0.11264342
947492,0.22026932
947493,0.11315398
947494,0.5213323
947495,0.54105
947496,0.55165565
947497,0.5713766
947498,0.65434796
947499,0.5256342
947500,0.56741977
947501,0.47822818
947502,0.55319524
947503,0.41138995
947504,0.4662355
947505,0.47165105
947506,0.3553043
947507,0.47152644
947508,0.25947198
947509,0.06851497
947510,0.26026383
947511,0.32497662
947512,0.051583495
947513,0.3342635
947514,0.33582205
947515,0.40428242
947516,0.2970345
947517,0.2273304
947518,0.25166777
947519,0.4251438
947520,0.2762793
947521,0.4875206
947522,0.6693709
947523,0.62385124
947524,0.532269
947525,0.48750535
947526,0.41851562
947527,0.44931218
947528,0.033889513
947529,0.4452752
947530,0.35650143
947531,0.49463856
947532,0.47353184
947533,0.4822365
947534,0.4500442
947535,0.5034431
947536,0.48612905
947537,0.33170217
947538,0.3857008
947539,0.47387868
947540,0.43325943
947541,0.33305043
947542,0.28442296
947543,0.13848777
947544,0.42828086
947545,0.19800755
947546,0.15973306
947547,0.13255091
947548,0.07546527
947549,0.5059515
947550,0.57296956
947551,0.562753
947552,0.49651012
947553,0.53383064
947554,0.54671544
947555,0.58982784
947556,0.5685852
947557,0.60745084
947558,0.5914221
947559,0.595856
947560,0.2645243
947561,0.018903576
947562,0.14599206
947563,0.12669367
947564,0.12580521
947565,0.13141523
947566,0.12502179
947567,0.1348426
947568,0.1273338
947569,0.24699391
947570,0.23913576
947571,0.25391614
947572,0.16304389
947573,0.17499074
947574,0.18405634
947575,0.09115792
947576,0.070271336
947577,0.0118201915
947578,0.03018217
947579,0.033799976
947580,0.031965673
947581,0.03345262
947582,0.027040163
947583,0.027657643
947584,0.15703243
947585,0.01130355
947586,0.02175366
947587,0.031981695
947588,0.025775487
947589,0.023564566
947590,0.032693997
947591,0.042441536
947592,0.02681656
947593,0.24533267
947594,0.3442685
947595,0.2875386
947596,0.2054988
947597,0.3116447
947598,0.17391439
947599,0.012415299
947600,0.028172493
947601,0.027057119
947602,0.022019384
947603,0.027144302
947604,0.02732142
947605,0.028717736
947606,0.1529244
947607,0.2945164
947608,0.35025176
947609,0.36658287
947610,0.38969323
947611,0.41816944
947612,0.37050492
947613,0.34234506
947614,0.3969127
947615,0.4047977
947616,0.3773817
947617,0.3498298
947618,0.34542882
947619,0.32739753
947620,0.013131524
947621,0.023762533
947622,0.022938684
947623,0.026918337
947624,0.022609929
947625,0.031676937
947626,0.028265122
947627,0.42631435
947628,0.588297
947629,0.6310634
947630,0.63304603
947631,0.6561974
947632,0.7395072
947633,0.63076526
947634,0.73612505
947635,0.68727505
947636,0.7341874
947637,0.61831105
947638,0.6228418
947639,0.68224716
947640,0.73276466
947641,0.74018645
947642,0.69063187
947643,0.74502844
947644,0.62072116
947645,0.6579122
947646,0.6768575
947647,0.62882155
947648,0.71643645
947649,0.38171166
947650,0.04255205
947651,0.30474252
947652,0.37705782
947653,0.3495503
947654,0.2387958
947655,0.25317687
947656,0.3121608
947657,0.2729313
947658,0.31022096
947659,0.31105363
947660,0.36117578
947661,0.46994224
947662,0.51373416
947663,0.5413662
947664,0.51884776
947665,0.47895983
947666,0.388203
947667,0.0126938
947668,0.027713377
947669,0.03179819
947670,0.025964158
947671,0.03286174
947672,0.2438595
947673,0.1996941
947674,0.17895108
947675,0.15449773
947676,0.11478431
947677,0.08229151
947678,0.15166527
947679,0.25292155
947680,0.03366764
947681,0.42087847
947682,0.41674274
947683,0.44765443
947684,0.48722288
947685,0.45764104
947686,0.49461576
947687,0.46102712
947688,0.45925808
947689,0.4710126
947690,0.45968583
947691,0.5198448
947692,0.45729217
947693,0.42413092
947694,0.014584415
947695,0.034648955
947696,0.040411234
947697,0.03304611
947698,0.045973036
947699,0.045317
947700,0.040033687
947701,0.019712456
947702,0.054092634
947703,0.047321793
947704,0.070759684
947705,0.14575283
947706,0.17041986
947707,0.14866754
947708,0.05450169
947709,0.16034256
947710,0.043094084
947711,0.03811966
947712,0.4936967
947713,0.559358
947714,0.5617316
947715,0.5736554
947716,0.59334487
947717,0.5767352
947718,0.5735362
947719,0.55623776
947720,0.6126373
947721,0.54714113
947722,0.5498295
947723,0.54004794
947724,0.6244126
947725,0.5358756
947726,0.54536414
947727,0.5224045
947728,0.51728296
947729,0.567602
947730,0.3633484
947731,0.0109173525
947732,0.036944438
947733,0.027181827
947734,0.025746986
947735,0.032148253
947736,0.03397706
947737,0.028635403
947738,0.2006973
947739,0.15715069
947740,0.20407456
947741,0.015414316
947742,0.074083015
947743,0.19652252
947744,0.21471627
947745,0.052979596
947746,0.04942015
947747,0.057909623
947748,0.057097517
947749,0.051128265
947750,0.079078496
947751,0.042005554
947752,0.036599617
947753,0.36377728
947754,0.43340555
947755,0.28034943
947756,0.30766398
947757,0.035364
947758,0.03286187
947759,0.02972436
947760,0.03918323
947761,0.018765127
947762,0.14722987
947763,0.03394689
947764,0.12874152
947765,0.11127857
947766,0.32146055
947767,0.5223972
947768,0.4885783
947769,0.53231215
947770,0.57175714
947771,0.5401684
947772,0.62663877
947773,0.64851844
947774,0.6331998
947775,0.6083217
947776,0.5513357
947777,0.48374358
947778,0.55448914
947779,0.533653
947780,0.27628413
947781,0.31581956
947782,0.058945164
947783,0.13208339
947784,0.18515006
947785,0.017521473
947786,0.024811264
947787,0.024922622
947788,0.020578558
947789,0.010611386
947790,0.020855062
947791,0.022966646
947792,0.021937728
947793,0.021884222
947794,0.029631589
947795,0.009340135
947796,0.048609015
947797,0.044765096
947798,0.039701212
947799,0.04215209
947800,0.20738873
947801,0.115179576
947802,0.32726353
947803,0.11297116
947804,0.43327314
947805,0.6042847
947806,0.5714365
947807,0.6256024
947808,0.6192112
947809,0.6287384
947810,0.60796434
947811,0.63356537
947812,0.61181754
947813,0.5740052
947814,0.5778789
947815,0.5820151
947816,0.6003135
947817,0.465276
947818,0.041947458
947819,0.4753345
947820,0.451184
947821,0.5088193
947822,0.46647486
947823,0.5024498
947824,0.49829364
947825,0.38819063
947826,0.13418885
947827,0.107504964
947828,0.100675054
947829,0.1045825
947830,0.11665624
947831,0.09760909
947832,0.060243655
947833,0.055418447
947834,0.06360618
947835,0.03490677
947836,0.041516807
947837,0.055552267
947838,0.03154058
947839,0.022980925
947840,0.087579764
947841,0.08566701
947842,0.08808881
947843,0.083192095
947844,0.07570213
947845,0.0077209077
947846,0.01588959
947847,0.018176787
947848,0.017009037
947849,0.017841134
947850,0.016762722
947851,0.1049873
947852,0.18588102
947853,0.1210837
947854,0.11193208
947855,0.09477543
947856,0.08787162
947857,0.052241977
947858,0.012649903
947859,0.022868164
947860,0.02285011
947861,0.045569267
947862,0.047910154
947863,0.04737376
947864,0.26135308
947865,0.16247582
947866,0.014367134
947867,0.05351449
947868,0.060414225
947869,0.04445925
947870,0.073621094
947871,0.0065400675
947872,0.026845291
947873,0.036057234
947874,0.035604652
947875,0.029605253
947876,0.036095984
947877,0.36843315
947878,0.41180912
947879,0.43760777
947880,0.44492963
947881,0.44579118
947882,0.42219073
947883,0.4848503
947884,0.39691287
947885,0.29685706
947886,0.041296516
947887,0.22428961
947888,0.18645118
947889,0.184522
947890,0.19610451
947891,0.16574477
947892,0.21273759
947893,0.06570025
947894,0.05059477
947895,0.057677865
947896,0.05197118
947897,0.067477494
947898,0.04989337
947899,0.056899816
947900,0.057321902
947901,0.024549235
947902,0.06572422
947903,0.06911324
947904,0.065509245
947905,0.060259517
947906,0.062774226
947907,0.065695465
947908,0.08344043
947909,0.043667905
947910,0.45211068
947911,0.554807
947912,0.608305
947913,0.5975419
947914,0.60803926
947915,0.23920633
947916,0.3560062
947917,0.67072827
947918,0.6864667
947919,0.65565217
947920,0.63602555
947921,0.6023623
947922,0.62989813
947923,0.6175762
947924,0.38985607
947925,0.52712816
947926,0.3233976
947927,0.24661963
947928,0.022976186
947929,0.024678728
947930,0.022884935
947931,0.027753556
947932,0.020465132
947933,0.16442569
947934,0.008299173
947935,0.03538583
947936,0.027628323
947937,0.013453579
947938,0.015627738
947939,0.028439427
947940,0.014424854
947941,0.013881573
947942,0.05426966
947943,0.024072893
947944,0.0067998823
947945,0.008050651
947946,0.009006927
947947,0.011170829
947948,0.014563933
947949,0.013954463
947950,0.0100780055
947951,0.009051025
947952,0.3766391
947953,0.39543688
947954,0.483085
947955,0.4554816
947956,0.43571037
947957,0.006884749
947958,0.009411932
947959,0.011925328
947960,0.0071693026
947961,0.012232612
947962,0.011555067
947963,0.009145562
947964,0.009730833
947965,0.011461204
947966,0.09626491
947967,0.08012981
947968,0.005927233
947969,0.03428519
947970,0.011999422
947971,0.0104545485
947972,0.024134804
947973,0.013407803
947974,0.01720011
947975,0.019437212
947976,0.016612353
947977,0.010873611
947978,0.016178824
947979,0.06120451
947980,0.04021277
947981,0.04330243
947982,0.057392683
947983,0.040757313
947984,0.08499556
947985,0.009034928
947986,0.015825868
947987,0.017691603
947988,0.049684756
947989,0.03519116
947990,0.033206373
947991,0.026458073
947992,0.028462546
947993,0.016351836
947994,0.060090702
947995,0.01022836
947996,0.06289302
947997,0.30734983
947998,0.11058854
947999,0.07122812
948000,0.073488176
948001,0.07360357
948002,0.059983768
948003,0.2800327
948004,0.29842484
948005,0.035974614
948006,0.03864422
948007,0.03479065
948008,0.047991544
948009,0.06711155
948010,0.079685465
948011,0.026502559
948012,0.045032445
948013,0.04113725
948014,0.25845563
948015,0.27774668
948016,0.44841495
948017,0.46176338
948018,0.5363544
948019,0.6024629
948020,0.55328
948021,0.42149407
948022,0.020712683
948023,0.040709067
948024,0.031553585
948025,0.032432806
948026,0.033976052
948027,0.043492142
948028,0.033188682
948029,0.020929985
948030,0.061389737
948031,0.062587924
948032,0.064512596
948033,0.059972074
948034,0.05952146
948035,0.06315283
948036,0.059093382
948037,0.048512187
948038,0.018808
948039,0.029820837
948040,0.033421442
948041,0.044666395
948042,0.04078041
948043,0.038195744
948044,0.037667487
948045,0.031571753
948046,0.27521914
948047,0.14178465
948048,0.15881476
948049,0.16963668
948050,0.012611445
948051,0.07498001
948052,0.09055975
948053,0.079018764
948054,0.10163694
948055,0.09163938
948056,0.12793888
948057,0.010984196
948058,0.0610441
948059,0.030533511
948060,0.031866115
948061,0.031830933
948062,0.036879744
948063,0.047394324
948064,0.015268239
948065,0.03442927
948066,0.060826324
948067,0.038951494
948068,0.039248124
948069,0.042462032
948070,0.038381785
948071,0.03471503
948072,0.026477123
948073,0.050176967
948074,0.050887514
948075,0.072651625
948076,0.04728492
948077,0.055949327
948078,0.05207026
948079,0.054238487
948080,0.05933141
948081,0.016967684
948082,0.043142058
948083,0.06811322
948084,0.07152944
948085,0.04355005
948086,0.04147086
948087,0.047402266
948088,0.037994698
948089,0.019106321
948090,0.2721512
948091,0.4098298
948092,0.20615314
948093,0.22871736
948094,0.23425129
948095,0.14417575
948096,0.07949284
948097,0.05681352
948098,0.053603586
948099,0.13729028
948100,0.14730257
948101,0.080904506
948102,0.053186666
948103,0.04585513
948104,0.047926284
948105,0.019737175
948106,0.041745115
948107,0.05155923
948108,0.03818963
948109,0.039776176
948110,0.038217682
948111,0.11853258
948112,0.042717714
948113,0.023648102
948114,0.021145672
948115,0.020812534
948116,0.31611067
948117,0.5136993
948118,0.33067644
948119,0.37158075
948120,0.47781855
948121,0.46958274
948122,0.4387777
948123,0.33796388
948124,0.20312922
948125,0.009856504
948126,0.020983834
948127,0.017920332
948128,0.019678395
948129,0.019022316
948130,0.017743953
948131,0.06032789
948132,0.05882176
948133,0.059132125
948134,0.06005912
948135,0.036612466
948136,0.11729846
948137,0.37033334
948138,0.025144994
948139,0.04054429
948140,0.2890063
948141,0.19541322
948142,0.11212997
948143,0.046453014
948144,0.033553466
948145,0.046574403
948146,0.056988366
948147,0.044421967
948148,0.0594004
948149,0.22086479
948150,0.32462505
948151,0.1165609
948152,0.0393473
948153,0.021730218
948154,0.024573665
948155,0.065119274
948156,0.049122036
948157,0.023333594
948158,0.12590766
948159,0.13654782
948160,0.09825528
948161,0.13102311
948162,0.11869402
948163,0.12132168
948164,0.09959595
948165,0.12042156
948166,0.12936772
948167,0.011185339
948168,0.017322468
948169,0.026739955
948170,0.01953995
948171,0.022682874
948172,0.03869177
948173,0.08256631
948174,0.063566074
948175,0.09887402
948176,0.0170021
948177,0.03799318
948178,0.17770818
948179,0.07066557
948180,0.019342558
948181,0.028172804
948182,0.00974011
948183,0.014732061
948184,0.010310344
948185,0.011163236
948186,0.0096324375
948187,0.015453748
948188,0.018744146
948189,0.015030843
948190,0.010394909
948191,0.011460955
948192,0.0113844145
948193,0.013794327
948194,0.014494695
948195,0.012402099
948196,0.015873978
948197,0.0059441
948198,0.01363493
948199,0.013726767
948200,0.014436844
948201,0.012386602
948202,0.014257412
948203,0.014642043
948204,0.015852368
948205,0.021212416
948206,0.1578597
948207,0.027947456
948208,0.026362648
948209,0.027000267
948210,0.04781762
948211,0.043624308
948212,0.055820078
948213,0.24523568
948214,0.16276333
948215,0.42202845
948216,0.32158193
948217,0.2062752
948218,0.20981172
948219,0.20411359
948220,0.13681181
948221,0.18044837
948222,0.12153686
948223,0.0382152
948224,0.036444
948225,0.038369335
948226,0.03159543
948227,0.33072615
948228,0.10467812
948229,0.08126825
948230,0.2920428
948231,0.225455
948232,0.24150966
948233,0.20320342
948234,0.22859836
948235,0.22692893
948236,0.21456413
948237,0.18618141
948238,0.1635456
948239,0.017348224
948240,0.043898012
948241,0.072408855
948242,0.05407677
948243,0.057489477
948244,0.05074164
948245,0.04526122
948246,0.09714032
948247,0.06867819
948248,0.04515958
948249,0.043471925
948250,0.04880106
948251,0.07488036
948252,0.08332136
948253,0.057402395
948254,0.25444382
948255,0.01957358
948256,0.121038705
948257,0.12958172
948258,0.13455147
948259,0.12610641
948260,0.13110457
948261,0.18940447
948262,0.025763856
948263,0.07437104
948264,0.07939891
948265,0.07609992
948266,0.06865522
948267,0.14217544
948268,0.18684414
948269,0.1601908
948270,0.17069402
948271,0.22383407
948272,0.20269173
948273,0.28515032
948274,0.2550622
948275,0.2407124
948276,0.23937951
948277,0.16646764
948278,0.17283295
948279,0.014116691
948280,0.20043115
948281,0.042532075
948282,0.078596875
948283,0.044894338
948284,0.045744985
948285,0.047608808
948286,0.047189023
948287,0.26063928
948288,0.34790155
948289,0.16729145
948290,0.02755455
948291,0.18016322
948292,0.1622352
948293,0.05223343
948294,0.060416948
948295,0.062383868
948296,0.06656448
948297,0.21562141
948298,0.11755034
948299,0.13982138
948300,0.23829499
948301,0.13997623
948302,0.3710527
948303,0.30992845
948304,0.3256372
948305,0.31929532
948306,0.33291817
948307,0.012522777
948308,0.078324586
948309,0.054213043
948310,0.06674263
948311,0.084614664
948312,0.06696338
948313,0.08501206
948314,0.06113095
948315,0.09693989
948316,0.13230446
948317,0.05073631
948318,0.13499375
948319,0.15568423
948320,0.12847398
948321,0.24207664
948322,0.14956614
948323,0.1301157
948324,0.12007818
948325,0.1325793
948326,0.24826135
948327,0.27088875
948328,0.26232675
948329,0.30494544
948330,0.23452698
948331,0.24042872
948332,0.01877261
948333,0.059783947
948334,0.055957448
948335,0.06684251
948336,0.055561073
948337,0.011027083
948338,0.9232314
948339,0.06731019
948340,0.060719475
948341,0.065404646
948342,0.05980676
948343,0.07257776
948344,0.06395851
948345,0.22432284
948346,0.2182678
948347,0.159949
948348,0.13825554
948349,0.22086076
948350,0.18479292
948351,0.15561931
948352,0.21074098
948353,0.23854308
948354,0.19294849
948355,0.18285544
948356,0.15687375
948357,0.11069188
948358,0.08710107
948359,0.065691106
948360,0.05817573
948361,0.052547593
948362,0.039148256
948363,0.01581891
948364,0.03682161
948365,0.03674858
948366,0.043253172
948367,0.032476794
948368,0.04617133
948369,0.041639656
948370,0.22983395
948371,0.34167808
948372,0.13551608
948373,0.016783271
948374,0.18186736
948375,0.12764275
948376,0.15967081
948377,0.21362574
948378,0.1810299
948379,0.28866288
948380,0.19076453
948381,0.2288473
948382,0.18489976
948383,0.13748886
948384,0.07122255
948385,0.054121774
948386,0.05856265
948387,0.08921211
948388,0.034511384
948389,0.07280647
948390,0.18645251
948391,0.14584552
948392,0.15041031
948393,0.3365631
948394,0.14983843
948395,0.14363042
948396,0.10286987
948397,0.3323706
948398,0.2612687
948399,0.2416737
948400,0.060383074
948401,0.0808605
948402,0.026831703
948403,0.06016222
948404,0.050059333
948405,0.04901548
948406,0.252818
948407,0.14214894
948408,0.019700821
948409,0.09251936
948410,0.022375511
948411,0.05488524
948412,0.054828353
948413,0.057735175
948414,0.042740114
948415,0.058356885
948416,0.05482294
948417,0.055187665
948418,0.040130693
948419,0.038575448
948420,0.3108635
948421,0.33660373
948422,0.24766646
948423,0.27162153
948424,0.22710715
948425,0.13094313
948426,0.024342831
948427,0.16314061
948428,0.112852916
948429,0.13222705
948430,0.12244976
948431,0.12775062
948432,0.24627143
948433,0.26445425
948434,0.10983361
948435,0.09279362
948436,0.121245734
948437,0.12342188
948438,0.036185
948439,0.09128365
948440,0.035436343
948441,0.028237939
948442,0.035050314
948443,0.00916175
948444,0.015687855
948445,0.030138541
948446,0.011460388
948447,0.017735692
948448,0.013016429
948449,0.017957488
948450,0.014568784
948451,0.013084041
948452,0.019824227
948453,0.01521522
948454,0.017935906
948455,0.023414765
948456,0.013628929
948457,0.027331712
948458,0.017686144
948459,0.017081019
948460,0.023857262
948461,0.02677442
948462,0.054587156
948463,0.026966026
948464,0.02819638
948465,0.026050223
948466,0.17313102
948467,0.0083852215
948468,0.016021155
948469,0.012921787
948470,0.0132236
948471,0.013423738
948472,0.015719548
948473,0.07339731
948474,0.04805144
948475,0.043216217
948476,0.10889328
948477,0.06550156
948478,0.050993547
948479,0.21172023
948480,0.37662563
948481,0.20885235
948482,0.16017005
948483,0.017633839
948484,0.023050096
948485,0.018445037
948486,0.02248425
948487,0.026614798
948488,0.012972749
948489,0.038403746
948490,0.04590241
948491,0.035181027
948492,0.03584037
948493,0.010178493
948494,0.014520076
948495,0.018587071
948496,0.012708545
948497,0.015382521
948498,0.02372158
948499,0.015331572
948500,0.049410194
948501,0.03502236
948502,0.19770692
948503,0.058732416
948504,0.051905684
948505,0.40086767
948506,0.009983509
948507,0.034378983
948508,0.04093489
948509,0.033211242
948510,0.03687584
948511,0.031189507
948512,0.03896232
948513,0.0116578555
948514,0.047396388
948515,0.049310032
948516,0.06730033
948517,0.08315933
948518,0.07295372
948519,0.04915095
948520,0.08612363
948521,0.05690377
948522,0.049346082
948523,0.35435963
948524,0.78213745
948525,0.75584173
948526,0.8424549
948527,0.8612201
948528,0.8972159
948529,0.8887865
948530,0.8935994
948531,0.887517
948532,0.89191645
948533,0.9029022
948534,0.88150215
948535,0.84842736
948536,0.90492266
948537,0.8467653
948538,0.8995755
948539,0.87946695
948540,0.8827076
948541,0.8880408
948542,0.89487344
948543,0.89557916
948544,0.85063565
948545,0.63003266
948546,0.012351721
948547,0.03676538
948548,0.04276719
948549,0.03537547
948550,0.03554909
948551,0.037161928
948552,0.03359981
948553,0.03029499
948554,0.015911065
948555,0.03724957
948556,0.027748037
948557,0.053950597
948558,0.052787933
948559,0.041660164
948560,0.044958487
948561,0.010212881
948562,0.036076844
948563,0.04596351
948564,0.062043097
948565,0.040237408
948566,0.43128806
948567,0.5831604
948568,0.62331945
948569,0.5373415
948570,0.623529
948571,0.6841669
948572,0.62337
948573,0.6425824
948574,0.6481855
948575,0.6449856
948576,0.6582761
948577,0.6285409
948578,0.5870681
948579,0.63581395
948580,0.6305587
948581,0.60155743
948582,0.31883425
948583,0.018040242
948584,0.046108015
948585,0.06678905
948586,0.065268874
948587,0.06600561
948588,0.048670467
948589,0.49073648
948590,0.2903146
948591,0.21387611
948592,0.19808047
948593,0.20177488
948594,0.19883497
948595,0.19446796
948596,0.20964642
948597,0.13843746
948598,0.12753914
948599,0.05838214
948600,0.38018286
948601,0.018406298
948602,0.038593676
948603,0.04708145
948604,0.059434123
948605,0.0434153
948606,0.019225895
948607,0.091939226
948608,0.10005771
948609,0.16141307
948610,0.022748489
948611,0.09826679
948612,0.064460255
948613,0.11276508
948614,0.06676975
948615,0.074523345
948616,0.069369696
948617,0.10111384
948618,0.06592758
948619,0.2677641
948620,0.20148896
948621,0.013945346
948622,0.068189315
948623,0.093516976
948624,0.06989463
948625,0.06958701
948626,0.067476116
948627,0.06715328
948628,0.04965312
948629,0.0667755
948630,0.057434656
948631,0.050768644
948632,0.028271573
948633,0.0448176
948634,0.061234992
948635,0.032887764
948636,0.13211931
948637,0.1235857
948638,0.12403877
948639,0.093469195
948640,0.24366154
948641,0.26061937
948642,0.12037599
948643,0.13644601
948644,0.12611018
948645,0.022507206
948646,0.09734093
948647,0.07664109
948648,0.073151775
948649,0.10505843
948650,0.09975766
948651,0.08766119
948652,0.09391442
948653,0.071991056
948654,0.095767185
948655,0.02235998
948656,0.044013172
948657,0.06569364
948658,0.05279177
948659,0.056132827
948660,0.04290249
948661,0.15581669
948662,0.49398372
948663,0.65625936
948664,0.59576744
948665,0.6362675
948666,0.5613175
948667,0.6418422
948668,0.5060035
948669,0.624028
948670,0.55573833
948671,0.5131049
948672,0.07655572
948673,0.02119759
948674,0.06764531
948675,0.14351438
948676,0.1359507
948677,0.056565575
948678,0.02705209
948679,0.13745576
948680,0.2043658
948681,0.11850018
948682,0.6256168
948683,0.62498134
948684,0.75330037
948685,0.8230666
948686,0.8906239
948687,0.92022055
948688,0.87873745
948689,0.9080648
948690,0.8768553
948691,0.8956708
948692,0.9028611
948693,0.89000523
948694,0.8842219
948695,0.90035456
948696,0.8973301
948697,0.89448094
948698,0.89859194
948699,0.9162308
948700,0.82072425
948701,0.7930557
948702,0.83048165
948703,0.8382977
948704,0.8273006
948705,0.8518325
948706,0.8117392
948707,0.8167724
948708,0.8095446
948709,0.8083393
948710,0.82443506
948711,0.8429408
948712,0.83267355
948713,0.46688756
948714,0.34143114
948715,0.496107
948716,0.273624
948717,0.1810774
948718,0.1648994
948719,0.167309
948720,0.1354284
948721,0.01899154
948722,0.39512816
948723,0.42133263
948724,0.4074467
948725,0.5199839
948726,0.48523143
948727,0.42332652
948728,0.4523781
948729,0.4302889
948730,0.42239848
948731,0.42407134
948732,0.271544
948733,0.3513572
948734,0.2190787
948735,0.11472026
948736,0.10389448
948737,0.09284646
948738,0.08856398
948739,0.09659041
948740,0.08296847
948741,0.09194081
948742,0.025652837
948743,0.042062398
948744,0.04493416
948745,0.04826465
948746,0.07422105
948747,0.05826001
948748,0.051983763
948749,0.04340123
948750,0.027117444
948751,0.18552998
948752,0.21454214
948753,0.13835458
948754,0.0141262645
948755,0.03606139
948756,0.0382258
948757,0.040860962
948758,0.030121505
948759,0.034941938
948760,0.036801245
948761,0.035596155
948762,0.097959325
948763,0.09093339
948764,0.09013768
948765,0.08569792
948766,0.066063575
948767,0.015478043
948768,0.03947695
948769,0.0251928
948770,0.031625643
948771,0.033101212
948772,0.040665653
948773,0.030594876
948774,0.029686067
948775,0.017588183
948776,0.04720324
948777,0.04318413
948778,0.042628836
948779,0.046745755
948780,0.044056747
948781,0.047052726
948782,0.04034964
948783,0.20815524
948784,0.2311251
948785,0.2527858
948786,0.22326766
948787,0.60724247
948788,0.45938665
948789,0.6242356
948790,0.5679115
948791,0.56048787
948792,0.5237033
948793,0.59921336
948794,0.44729018
948795,0.015455576
948796,0.029340893
948797,0.021596989
948798,0.026304219
948799,0.028103799
948800,0.026747903
948801,0.028725024
948802,0.025947366
948803,0.014069552
948804,0.047162008
948805,0.064674355
948806,0.053385455
948807,0.06367524
948808,0.05460794
948809,0.05059298
948810,0.06036166
948811,0.04942173
948812,0.016889866
948813,0.02670637
948814,0.02797836
948815,0.030771585
948816,0.032353055
948817,0.030459214
948818,0.042130414
948819,0.036964193
948820,0.0354188
948821,0.013474442
948822,0.040085934
948823,0.059711095
948824,0.045473613
948825,0.046181418
948826,0.050047938
948827,0.04354021
948828,0.042548392
948829,0.01144094
948830,0.01857913
948831,0.025685882
948832,0.02217813
948833,0.021976447
948834,0.025353607
948835,0.027206177
948836,0.012439527
948837,0.061923638
948838,0.06427566
948839,0.06353162
948840,0.068144254
948841,0.101928316
948842,0.083571434
948843,0.013116277
948844,0.026229901
948845,0.041116778
948846,0.02963043
948847,0.025661824
948848,0.02717481
948849,0.033246312
948850,0.029767828
948851,0.013289291
948852,0.024653392
948853,0.028758276
948854,0.039386284
948855,0.02734086
948856,0.039978527
948857,0.0364218
948858,0.024974892
948859,0.089000404
948860,0.16783826
948861,0.17724693
948862,0.1930818
948863,0.25500152
948864,0.33093393
948865,0.32274035
948866,0.31822503
948867,0.30055356
948868,0.014551557
948869,0.047820468
948870,0.030764487
948871,0.035131685
948872,0.035311267
948873,0.03778339
948874,0.049387734
948875,0.037087504
948876,0.12305615
948877,0.01951636
948878,0.06665484
948879,0.07907717
948880,0.027000342
948881,0.08799326
948882,0.06776352
948883,0.060549106
948884,0.070200294
948885,0.06657317
948886,0.06513457
948887,0.12943925
948888,0.09411668
948889,0.10960962
948890,0.05722435
948891,0.11332976
948892,0.027920522
948893,0.06578606
948894,0.047197238
948895,0.06424786
948896,0.045615934
948897,0.046079006
948898,0.05846954
948899,0.05868826
948900,0.28979453
948901,0.18021499
948902,0.1470639
948903,0.056873813
948904,0.2422292
948905,0.3185259
948906,0.1620824
948907,0.17433923
948908,0.15963937
948909,0.19871126
948910,0.17693953
948911,0.32553694
948912,0.19143036
948913,0.14848942
948914,0.17035338
948915,0.16860187
948916,0.15383765
948917,0.13286063
948918,0.13199392
948919,0.14118066
948920,0.08186642
948921,0.016264502
948922,0.036377754
948923,0.04289728
948924,0.053858478
948925,0.035128735
948926,0.032320656
948927,0.047136836
948928,0.046578776
948929,0.0361078
948930,0.0122669935
948931,0.11447029
948932,0.098333776
948933,0.09875695
948934,0.083128065
948935,0.078139454
948936,0.08235229
948937,0.12841259
948938,0.2675028
948939,0.1220346
948940,0.19474494
948941,0.11081513
948942,0.13261032
948943,0.13115472
948944,0.045896027
948945,0.11202297
948946,0.18362273
948947,0.10025284
948948,0.09592574
948949,0.20695296
948950,0.19963583
948951,0.101047724
948952,0.090554625
948953,0.10283854
948954,0.014808486
948955,0.0960813
948956,0.09321483
948957,0.101651266
948958,0.09722009
948959,0.10162366
948960,0.10085148
948961,0.13174374
948962,0.16587862
948963,0.23443334
948964,0.32243308
948965,0.38316205
948966,0.20564173
948967,0.1347003
948968,0.023893489
948969,0.055139694
948970,0.0510464
948971,0.13943382
948972,0.053941138
948973,0.019374054
948974,0.056454133
948975,0.07336412
948976,0.05761834
948977,0.10401638
948978,0.100230835
948979,0.07324416
948980,0.15664582
948981,0.19037108
948982,0.15329872
948983,0.09692582
948984,0.11772686
948985,0.028411645
948986,0.11490318
948987,0.10886184
948988,0.0890861
948989,0.091243014
948990,0.10330581
948991,0.10238549
948992,0.071592644
948993,0.06193177
948994,0.16498008
948995,0.02759689
948996,0.21993598
948997,0.14847113
948998,0.1806578
948999,0.10606858
949000,0.18954018
949001,0.30862024
949002,0.23374167
949003,0.23241045
949004,0.24782024
949005,0.28869203
949006,0.4019731
949007,0.28939465
949008,0.3249401
949009,0.20067553
949010,0.08163342
949011,0.11670243
949012,0.1399515
949013,0.018345827
949014,0.24087746
949015,0.1801764
949016,0.24095178
949017,0.2770715
949018,0.268222
949019,0.2864592
949020,0.29577178
949021,0.29452983
949022,0.111383684
949023,0.43487182
949024,0.12908131
949025,0.15737261
949026,0.34253392
949027,0.21443789
949028,0.03273214
949029,0.10717716
949030,0.10892683
949031,0.106164806
949032,0.12423121
949033,0.11572034
949034,0.118871816
949035,0.12592773
949036,0.09833046
949037,0.0255776
949038,0.30191386
949039,0.34787136
949040,0.5674341
949041,0.42431593
949042,0.36440688
949043,0.41822773
949044,0.47197852
949045,0.30884913
949046,0.5874487
949047,0.48188102
949048,0.34943104
949049,0.4949707
949050,0.38327277
949051,0.5213241
949052,0.36505014
949053,0.50202006
949054,0.43375647
949055,0.37121966
949056,0.2208728
949057,0.118540555
949058,0.02484204
949059,0.13459085
949060,0.024308715
949061,0.063682504
949062,0.06498084
949063,0.07171992
949064,0.050719574
949065,0.13768977
949066,0.06810289
949067,0.05085865
949068,0.05719887
949069,0.01879112
949070,0.035349883
949071,0.033590373
949072,0.025376236
949073,0.059516743
949074,0.04635669
949075,0.049225394
949076,0.07923318
949077,0.05359277
949078,0.05620094
949079,0.050000273
949080,0.011953989
949081,0.03674806
949082,0.030251168
949083,0.04007382
949084,0.040054068
949085,0.036418624
949086,0.034739327
949087,0.016584218
949088,0.02821654
949089,0.032134917
949090,0.03238643
949091,0.06112411
949092,0.034683656
949093,0.039108574
949094,0.037572615
949095,0.008216192
949096,0.022479549
949097,0.020448258
949098,0.021234995
949099,0.022028325
949100,0.023292487
949101,0.017893774
949102,0.059363555
949103,0.042171914
949104,0.043528218
949105,0.045448374
949106,0.055417586
949107,0.07013814
949108,0.060010985
949109,0.06123695
949110,0.12145526
949111,0.11533259
949112,0.122266576
949113,0.08673758
949114,0.01291899
949115,0.057672087
949116,0.07166085
949117,0.25480214
949118,0.060674865
949119,0.20996346
949120,0.046060085
949121,0.048575874
949122,0.041217174
949123,0.036141198
949124,0.07495991
949125,0.07254785
949126,0.07625099
949127,0.12778537
949128,0.13200948
949129,0.17763336
949130,0.121774174
949131,0.1267255
949132,0.12241438
949133,0.23759067
949134,0.23416063
949135,0.110365905
949136,0.010007479
949137,0.054466885
949138,0.03406377
949139,0.040475696
949140,0.060678363
949141,0.04329886
949142,0.044164196
949143,0.030727467
949144,0.026399849
949145,0.14799915
949146,0.021234034
949147,0.2887151
949148,0.010784303
949149,0.02448346
949150,0.024704495
949151,0.023144985
949152,0.025094846
949153,0.020507095
949154,0.024295932
949155,0.024323948
949156,0.026007403
949157,0.008473417
949158,0.018040534
949159,0.018968873
949160,0.035260577
949161,0.022577612
949162,0.02367374
949163,0.023599414
949164,0.025690261
949165,0.2606979
949166,0.17861989
949167,0.00963236
949168,0.040376123
949169,0.05451714
949170,0.06216548
949171,0.11194822
949172,0.045523226
949173,0.10240269
949174,0.040141072
949175,0.048259705
949176,0.05646319
949177,0.109090336
949178,0.021253625
949179,0.04114667
949180,0.039546765
949181,0.071898855
949182,0.044684056
949183,0.21709487
949184,0.044612817
949185,0.075308934
949186,0.040482514
949187,0.04839211
949188,0.034343988
949189,0.26846337
949190,0.013260317
949191,0.033233374
949192,0.062271718
949193,0.028000193
949194,0.035727948
949195,0.03213064
949196,0.03743537
949197,0.037149414
949198,0.021830996
949199,0.03197334
949200,0.015200674
949201,0.07336069
949202,0.1944057
949203,0.075511545
949204,0.04496778
949205,0.06589543
949206,0.12553962
949207,0.28354555
949208,0.06579199
949209,0.051085293
949210,0.07221375
949211,0.05788789
949212,0.09270173
949213,0.013625346
949214,0.043996934
949215,0.039186638
949216,0.052494597
949217,0.045324955
949218,0.048554365
949219,0.035995953
949220,0.035602614
949221,0.04557267
949222,0.028321378
949223,0.013282597
949224,0.06323079
949225,0.06398257
949226,0.062492937
949227,0.06285684
949228,0.06051955
949229,0.035356443
949230,0.041577984
949231,0.04674871
949232,0.04447496
949233,0.14903545
949234,0.3175538
949235,0.29409352
949236,0.1656053
949237,0.35885537
949238,0.20107497
949239,0.28810248
949240,0.314747
949241,0.4755052
949242,0.36941305
949243,0.515545
949244,0.38673234
949245,0.37718114
949246,0.48864946
949247,0.41822657
949248,0.29281005
949249,0.044246223
949250,0.14067565
949251,0.14613879
949252,0.15212125
949253,0.17053738
949254,0.14351524
949255,0.14216517
949256,0.254781
949257,0.17244135
949258,0.1686526
949259,0.1406136
949260,0.15068258
949261,0.09397154
949262,0.258605
949263,0.18798733
949264,0.19386238
949265,0.19381334
949266,0.131103
949267,0.020154955
949268,0.10191128
949269,0.10765512
949270,0.11177973
949271,0.14939952
949272,0.17653759
949273,0.16203204
949274,0.20482972
949275,0.021575557
949276,0.093946636
949277,0.078826495
949278,0.0762998
949279,0.08427539
949280,0.09700027
949281,0.105312146
949282,0.08957463
949283,0.09968522
949284,0.13478112
949285,0.023348229
949286,0.13955416
949287,0.16564041
949288,0.1334058
949289,0.14723942
949290,0.16446921
949291,0.13045616
949292,0.12696171
949293,0.17417146
949294,0.16068769
949295,0.09386332
949296,0.021779679
949297,0.035173308
949298,0.03288284
949299,0.04321521
949300,0.035388675
949301,0.04684154
949302,0.038842943
949303,0.04028135
949304,0.13692719
949305,0.13925937
949306,0.13068439
949307,0.12558813
949308,0.015798671
949309,0.07708804
949310,0.078773364
949311,0.08735478
949312,0.0843964
949313,0.07521137
949314,0.08949986
949315,0.11382491
949316,0.019551873
949317,0.075568005
949318,0.061628565
949319,0.16870591
949320,0.13790734
949321,0.14464714
949322,0.13555616
949323,0.14090508
949324,0.11911595
949325,0.10465251
949326,0.010016459
949327,0.046673164
949328,0.035528857
949329,0.0315537
949330,0.03241517
949331,0.035996407
949332,0.032639094
949333,0.032527715
949334,0.17150962
949335,0.02491753
949336,0.02564444
949337,0.036422785
949338,0.37554705
949339,0.5296783
949340,0.6513472
949341,0.65979534
949342,0.6729747
949343,0.6758362
949344,0.7277051
949345,0.71233416
949346,0.6034349
949347,0.68268764
949348,0.6883998
949349,0.68338656
949350,0.6186154
949351,0.41081262
949352,0.040854283
949353,0.054928847
949354,0.067929216
949355,0.042316128
949356,0.062199164
949357,0.05795163
949358,0.07553093
949359,0.04716391
949360,0.012767827
949361,0.03749601
949362,0.07909672
949363,0.044930775
949364,0.039733145
949365,0.089511596
949366,0.039663333
949367,0.035549343
949368,0.06598058
949369,0.031065704
949370,0.26609474
949371,0.26135308
949372,0.3315132
949373,0.19020638
949374,0.11589679
949375,0.086625636
949376,0.008239144
949377,0.02230608
949378,0.025311965
949379,0.032419756
949380,0.03296421
949381,0.024124809
949382,0.025543211
949383,0.03409739
949384,0.015785072
949385,0.0327676
949386,0.033009227
949387,0.031797495
949388,0.033496547
949389,0.036145996
949390,0.033160172
949391,0.03659692
949392,0.033161167
949393,0.014605799
949394,0.029330803
949395,0.028129749
949396,0.041204993
949397,0.034197
949398,0.027323289
949399,0.053595133
949400,0.02262851
949401,0.012582822
949402,0.03650102
949403,0.036845233
949404,0.0492949
949405,0.03172463
949406,0.035522427
949407,0.059207864
949408,0.054026358
949409,0.035421595
949410,0.010360136
949411,0.026793784
949412,0.029340722
949413,0.029589476
949414,0.025860362
949415,0.02799669
949416,0.028324349
949417,0.022360856
949418,0.03012468
949419,0.008981103
949420,0.027357083
949421,0.023882367
949422,0.02841335
949423,0.027306527
949424,0.03038251
949425,0.024752581
949426,0.2930697
949427,0.17023611
949428,0.13777101
949429,0.018200366
949430,0.047023177
949431,0.038933925
949432,0.038869314
949433,0.041352175
949434,0.044720218
949435,0.043236878
949436,0.040746894
949437,0.018757932
949438,0.085270554
949439,0.22548848
949440,0.4904896
949441,0.56315804
949442,0.51295954
949443,0.48443466
949444,0.5217118
949445,0.45587322
949446,0.5538232
949447,0.4991066
949448,0.352243
949449,0.10642297
949450,0.21100792
949451,0.19792351
949452,0.19192696
949453,0.22690246
949454,0.18223825
949455,0.18649052
949456,0.22686249
949457,0.2214711
949458,0.21289776
949459,0.13821395
949460,0.012960208
949461,0.037206475
949462,0.042397577
949463,0.04797654
949464,0.052679278
949465,0.053387605
949466,0.055702314
949467,0.03916223
949468,0.052847464
949469,0.27561828
949470,0.24939357
949471,0.30896774
949472,0.30830216
949473,0.23903108
949474,0.2912904
949475,0.11868534
949476,0.20380887
949477,0.13408554
949478,0.1439287
949479,0.16057086
949480,0.14452355
949481,0.16145271
949482,0.014862176
949483,0.040826853
949484,0.052365627
949485,0.041711655
949486,0.041013587
949487,0.053517155
949488,0.03932198
949489,0.056836672
949490,0.06126877
949491,0.08119202
949492,0.0746075
949493,0.24969529
949494,0.39309877
949495,0.2471372
949496,0.21548073
949497,0.22343062
949498,0.2005305
949499,0.21852902
949500,0.33900943
949501,0.5879114
949502,0.47858313
949503,0.40211317
949504,0.49895975
949505,0.56016153
949506,0.55506176
949507,0.48253053
949508,0.49150026
949509,0.5477566
949510,0.6112892
949511,0.6234209
949512,0.5365524
949513,0.5454531
949514,0.588712
949515,0.5595033
949516,0.5788274
949517,0.6385988
949518,0.32844573
949519,0.22580743
949520,0.15848127
949521,0.09406766
949522,0.24798545
949523,0.023820244
949524,0.95319796
949525,0.16484836
949526,0.13536143
949527,0.28766254
949528,0.06939135
949529,0.30648598
949530,0.33143508
949531,0.3112213
949532,0.31546146
949533,0.29330087
949534,0.32671857
949535,0.2739036
949536,0.27586526
949537,0.34206328
949538,0.02104708
949539,0.25263593
949540,0.31260064
949541,0.07209155
949542,0.08310861
949543,0.059409756
949544,0.1832667
949545,0.0103316335
949546,0.03706282
949547,0.042170584
949548,0.042716183
949549,0.033188313
949550,0.039081577
949551,0.0418922
949552,0.04293363
949553,0.049210094
949554,0.050469708
949555,0.01067018
949556,0.041990533
949557,0.04966365
949558,0.08082765
949559,0.06868918
949560,0.080797635
949561,0.036467504
949562,0.010198416
949563,0.026751537
949564,0.041891944
949565,0.081819035
949566,0.051818527
949567,0.08125744
949568,0.09535594
949569,0.19264792
949570,0.11646305
949571,0.074384645
949572,0.017615963
949573,0.06300497
949574,0.05305806
949575,0.038910557
949576,0.04883982
949577,0.046021625
949578,0.049866572
949579,0.040844362
949580,0.042053107
949581,0.04184326
949582,0.042146113
949583,0.035273034
949584,0.0124870185
949585,0.035106555
949586,0.038291857
949587,0.03531364
949588,0.052569997
949589,0.031160252
949590,0.039858263
949591,0.03134035
949592,0.056363218
949593,0.043496255
949594,0.20992576
949595,0.36062068
949596,0.12881857
949597,0.018205393
949598,0.12503792
949599,0.050921217
949600,0.20579363
949601,0.15658231
949602,0.13455725
949603,0.0576803
949604,0.13109905
949605,0.09642575
949606,0.22841021
949607,0.26894653
949608,0.23276317
949609,0.017542843
949610,0.11050164
949611,0.09527638
949612,0.09805802
949613,0.07728847
949614,0.10019691
949615,0.10452246
949616,0.029642394
949617,0.08390943
949618,0.048653018
949619,0.0858368
949620,0.052413873
949621,0.06861289
949622,0.057374693
949623,0.1066043
949624,0.043738354
949625,0.03896338
949626,0.032656725
949627,0.44506547
949628,0.780025
949629,0.7617105
949630,0.78842306
949631,0.78125346
949632,0.78864956
949633,0.7498314
949634,0.76545686
949635,0.67968947
949636,0.7639989
949637,0.7717841
949638,0.7485781
949639,0.7384127
949640,0.7020857
949641,0.7405789
949642,0.72510684
949643,0.7948209
949644,0.70349485
949645,0.7584897
949646,0.7571566
949647,0.7109983
949648,0.6782581
949649,0.72163874
949650,0.64636505
949651,0.09503804
949652,0.014684966
949653,0.057006013
949654,0.053295553
949655,0.057264276
949656,0.052431554
949657,0.05291217
949658,0.060114693
949659,0.103698164
949660,0.42226344
949661,0.5049234
949662,0.5048421
949663,0.5951523
949664,0.5867407
949665,0.45751983
949666,0.49669632
949667,0.5078458
949668,0.5448264
949669,0.505498
949670,0.4918469
949671,0.47886372
949672,0.63565713
949673,0.49952444
949674,0.38520804
949675,0.026656143
949676,0.47481996
949677,0.56193906
949678,0.5355114
949679,0.5179498
949680,0.5208213
949681,0.5429182
949682,0.49388123
949683,0.44707128
949684,0.51392305
949685,0.5188051
949686,0.5063096
949687,0.5132779
949688,0.47262725
949689,0.2665808
949690,0.31900594
949691,0.04556208
949692,0.15390164
949693,0.13830148
949694,0.10445163
949695,0.02458472
949696,0.24588965
949697,0.22305761
949698,0.24641621
949699,0.21518938
949700,0.17071155
949701,0.20162807
949702,0.1528927
949703,0.1340973
949704,0.13525103
949705,0.12008088
949706,0.10450561
949707,0.06371567
949708,0.20216943
949709,0.3652887
949710,0.12788688
949711,0.11481442
949712,0.015515463
949713,0.039924957
949714,0.039783426
949715,0.03754039
949716,0.04012917
949717,0.03656845
949718,0.03969215
949719,0.03794707
949720,0.03573195
949721,0.024904644
949722,0.08297323
949723,0.07061368
949724,0.08408843
949725,0.08767644
949726,0.076721594
949727,0.0138329305
949728,0.03598285
949729,0.032500625
949730,0.052490268
949731,0.046920676
949732,0.060570955
949733,0.0477815
949734,0.034913454
949735,0.06307474
949736,0.045708593
949737,0.013841422
949738,0.033426356
949739,0.03786061
949740,0.033451755
949741,0.033141542
949742,0.031185864
949743,0.055801414
949744,0.032658804
949745,0.03138168
949746,0.029468562
949747,0.20655747
949748,0.015925676
949749,0.06866892
949750,0.09067292
949751,0.07160416
949752,0.069982335
949753,0.071556374
949754,0.078260034
949755,0.077816986
949756,0.06953082
949757,0.08325692
949758,0.37361658
949759,0.20740332
949760,0.36768433
949761,0.3085469
949762,0.42593044
949763,0.33870974
949764,0.12198977
949765,0.10462629
949766,0.08996869
949767,0.15564376
949768,0.5283217
949769,0.71460426
949770,0.5807632
949771,0.7343371
949772,0.5893444
949773,0.7163726
949774,0.6836531
949775,0.74600446
949776,0.5726963
949777,0.6151138
949778,0.6166402
949779,0.59959
949780,0.70393497
949781,0.61485153
949782,0.74921304
949783,0.68867314
949784,0.6310009
949785,0.658491
949786,0.73384464
949787,0.6684547
949788,0.64865893
949789,0.3900071
949790,0.019794716
949791,0.040107235
949792,0.031585466
949793,0.03936858
949794,0.04054747
949795,0.08922397
949796,0.17333077
949797,0.49623802
949798,0.65472156
949799,0.6743884
949800,0.5305354
949801,0.5670939
949802,0.5545014
949803,0.6071049
949804,0.6289428
949805,0.6542572
949806,0.6190194
949807,0.6040882
949808,0.64357
949809,0.47813734
949810,0.38569072
949811,0.032807
949812,0.064947285
949813,0.04962471
949814,0.047769807
949815,0.052047726
949816,0.1476692
949817,0.05038049
949818,0.053211454
949819,0.040839385
949820,0.2256439
949821,0.22533885
949822,0.19483493
949823,0.1429078
949824,0.011170286
949825,0.030936899
949826,0.029380245
949827,0.025971087
949828,0.032830156
949829,0.025959508
949830,0.025835292
949831,0.023808017
949832,0.03801787
949833,0.17335795
949834,0.14625506
949835,0.20206332
949836,0.1374177
949837,0.14302377
949838,0.10336194
949839,0.07565625
949840,0.14434664
949841,0.121901505
949842,0.16961691
949843,0.09757346
949844,0.14709428
949845,0.098514155
949846,0.10797199
949847,0.08203747
949848,0.0090574
949849,0.058144767
949850,0.05467841
949851,0.06573291
949852,0.059281036
949853,0.06333129
949854,0.05431469
949855,0.100346126
949856,0.15643325
949857,0.13768359
949858,0.1488703
949859,0.13041092
949860,0.1277887
949861,0.1254338
949862,0.0891009
949863,0.0072640744
949864,0.039044954
949865,0.019061066
949866,0.023882454
949867,0.020338163
949868,0.105722204
949869,0.022037417
949870,0.035508174
949871,0.03234219
949872,0.050220914
949873,0.035545312
949874,0.015204207
949875,0.052278675
949876,0.051023174
949877,0.06247977
949878,0.97871566
949879,0.06788841
949880,0.27652532
949881,0.11966762
949882,0.071466565
949883,0.1910874
949884,0.08341818
949885,0.04500361
949886,0.03645002
949887,0.037178095
949888,0.08540214
949889,0.1271847
949890,0.11372827
949891,0.12299466
949892,0.1085619
949893,0.113233246
949894,0.09888883
949895,0.12331196
949896,0.09497686
949897,0.07999737
949898,0.0122543005
949899,0.04312733
949900,0.057544734
949901,0.03680073
949902,0.022556314
949903,0.027891561
949904,0.025585981
949905,0.035455197
949906,0.121635996
949907,0.09365659
949908,0.13679314
949909,0.15876761
949910,0.09933897
949911,0.01449095
949912,0.02234182
949913,0.021728413
949914,0.020202637
949915,0.020135293
949916,0.025261134
949917,0.017863022
949918,0.018126732
949919,0.20416632
949920,0.18004365
949921,0.24051347
949922,0.40067834
949923,0.26923817
949924,0.3247107
949925,0.19195525
949926,0.15063657
949927,0.32885072
949928,0.28431505
949929,0.21631867
949930,0.01793274
949931,0.04789949
949932,0.047263347
949933,0.054505475
949934,0.09159258
949935,0.05293955
949936,0.05442461
949937,0.018279448
949938,0.041347448
949939,0.04434649
949940,0.039500266
949941,0.04268812
949942,0.03990094
949943,0.0394011
949944,0.043752447
949945,0.039150365
949946,0.018875806
949947,0.093547866
949948,0.09864479
949949,0.11318806
949950,0.09214638
949951,0.0898536
949952,0.026257154
949953,0.15527745
949954,0.17374845
949955,0.2978918
949956,0.31555402
949957,0.3966573
949958,0.27552965
949959,0.12006861
949960,0.3584999
949961,0.32617098
949962,0.19050227
949963,0.33129027
949964,0.21859871
949965,0.36894512
949966,0.19889234
949967,0.025558472
949968,0.12975939
949969,0.038448982
949970,0.052618727
949971,0.07160862
949972,0.04594892
949973,0.056939643
949974,0.065027684
949975,0.036090337
949976,0.15614988
949977,0.19304708
949978,0.17293426
949979,0.23715785
949980,0.17008293
949981,0.33773273
949982,0.39528587
949983,0.24145949
949984,0.20754178
949985,0.017424606
949986,0.06713596
949987,0.01770155
949988,0.099061176
949989,0.11363875
949990,0.12053933
949991,0.13060609
949992,0.16466112
949993,0.21834058
949994,0.097370714
949995,0.35956314
949996,0.57428974
949997,0.22694314
949998,0.03606415
949999,0.131309
950000,0.1615981
950001,0.123272866
950002,0.19917761
950003,0.1440769
950004,0.1541419
950005,0.16330157
950006,0.23981763
950007,0.29891276
950008,0.30310664
950009,0.21749072
950010,0.38594204
950011,0.36114976
950012,0.5404499
950013,0.34437084
950014,0.4226752
950015,0.31366533
950016,0.28887612
950017,0.29962233
950018,0.40035018
950019,0.22712752
950020,0.045021847
950021,0.15412006
950022,0.38653988
950023,0.2339002
950024,0.2805659
950025,0.30785507
950026,0.30661446
950027,0.3460527
950028,0.34070453
950029,0.3350991
950030,0.15043277
950031,0.1052895
950032,0.10483394
950033,0.02174316
950034,0.09774946
950035,0.07327847
950036,0.04334786
950037,0.41882285
950038,0.55383605
950039,0.54597044
950040,0.5376063
950041,0.47791976
950042,0.5608773
950043,0.5497133
950044,0.43821776
950045,0.7023745
950046,0.55136466
950047,0.59918195
950048,0.47949928
950049,0.6724817
950050,0.57624674
950051,0.63349277
950052,0.2813726
950053,0.07942383
950054,0.22440867
950055,0.20402491
950056,0.18165627
950057,0.17476797
950058,0.16901551
950059,0.23031716
950060,0.11924474
950061,0.034183323
950062,0.30519938
950063,0.052342646
950064,0.090873845
950065,0.18215714
950066,0.17097078
950067,0.26754647
950068,0.1759813
950069,0.23030192
950070,0.116535015
950071,0.11483094
950072,0.22895898
950073,0.12768258
950074,0.14282951
950075,0.28233442
950076,0.13326328
950077,0.08188348
950078,0.07555538
950079,0.15584975
950080,0.01710712
950081,0.079087295
950082,0.073285386
950083,0.07721989
950084,0.1105139
950085,0.09021088
950086,0.08808276
950087,0.09544004
950088,0.09941013
950089,0.15568948
950090,0.08224613
950091,0.016905345
950092,0.025736433
950093,0.02096455
950094,0.01293353
950095,0.0123075545
950096,0.016344605
950097,0.016088134
950098,0.017076751
950099,0.017298125
950100,0.016417155
950101,0.10288606
950102,0.010771568
950103,0.031070597
950104,0.03398199
950105,0.031358
950106,0.038943157
950107,0.032932915
950108,0.03476363
950109,0.052381553
950110,0.21794716
950111,0.07192434
950112,0.023137106
950113,0.039244007
950114,0.029933805
950115,0.038661994
950116,0.07084035
950117,0.16075967
950118,0.23011868
950119,0.20943335
950120,0.27018473
950121,0.25150594
950122,0.1855221
950123,0.19288285
950124,0.14898497
950125,0.0155601045
950126,0.017737329
950127,0.017522885
950128,0.012809234
950129,0.01953491
950130,0.029413015
950131,0.014422325
950132,0.015117411
950133,0.010557759
950134,0.010837203
950135,0.011157874
950136,0.017560037
950137,0.021308862
950138,0.2621784
950139,0.22385603
950140,0.21884586
950141,0.21249998
950142,0.19639488
950143,0.19392852
950144,0.21349353
950145,0.006117201
950146,0.016368924
950147,0.011673304
950148,0.012127788
950149,0.013184668
950150,0.013425475
950151,0.010718459
950152,0.008641894
950153,0.013782039
950154,0.016632361
950155,0.016881999
950156,0.020900251
950157,0.011119066
950158,0.018092664
950159,0.019400883
950160,0.014588686
950161,0.019133596
950162,0.019049505
950163,0.013688667
950164,0.15404038
950165,0.007093197
950166,0.026035618
950167,0.014154343
950168,0.012021931
950169,0.018402772
950170,0.012576384
950171,0.015661597
950172,0.03946339
950173,0.27929175
950174,0.3068192
950175,0.25127712
950176,0.27662793
950177,0.20183346
950178,0.2410773
950179,0.24506459
950180,0.2607013
950181,0.25599733
950182,0.007684654
950183,0.04206824
950184,0.034428414
950185,0.029849768
950186,0.030342953
950187,0.024833402
950188,0.031792797
950189,0.044665363
950190,0.03666687
950191,0.45936874
950192,0.5658364
950193,0.5985304
950194,0.67306685
950195,0.6411552
950196,0.6319682
950197,0.34065086
950198,0.6760295
950199,0.6560908
950200,0.5819725
950201,0.47168276
950202,0.5129662
950203,0.46262842
950204,0.52115023
950205,0.45649704
950206,0.4821396
950207,0.48294002
950208,0.3734086
950209,0.13114218
950210,0.12043287
950211,0.117585935
950212,0.037897553
950213,0.32634374
950214,0.4421623
950215,0.3833412
950216,0.3927607
950217,0.5138875
950218,0.3982845
950219,0.44556075
950220,0.4709209
950221,0.46129125
950222,0.51318157
950223,0.24814203
950224,0.022765998
950225,0.05099742
950226,0.042227924
950227,0.043535944
950228,0.057086654
950229,0.058262024
950230,0.061873537
950231,0.062409397
950232,0.063587315
950233,0.04609791
950234,0.19165091
950235,0.133966
950236,0.1637417
950237,0.15937336
950238,0.13709666
950239,0.08092898
950240,0.018214008
950241,0.05997132
950242,0.05946625
950243,0.06421911
950244,0.055157136
950245,0.24897441
950246,0.2316717
950247,0.20322205
950248,0.16821885
950249,0.18174468
950250,0.12294797
950251,0.03911489
950252,0.5440388
950253,0.6768715
950254,0.47767928
950255,0.57093275
950256,0.4999504
950257,0.42855757
950258,0.42889237
950259,0.4293379
950260,0.5720706
950261,0.024594668
950262,0.09632456
950263,0.0876955
950264,0.099489756
950265,0.08626432
950266,0.092774816
950267,0.093929626
950268,0.09610894
950269,0.15627265
950270,0.0869048
950271,0.10729634
950272,0.1005454
950273,0.25029227
950274,0.01915628
950275,0.07139569
950276,0.106512874
950277,0.09714596
950278,0.06431442
950279,0.06222938
950280,0.09224255
950281,0.07821903
950282,0.06979321
950283,0.051696483
950284,0.16193788
950285,0.12681526
950286,0.16802798
950287,0.091187224
950288,0.028839618
950289,0.382409
950290,0.44793472
950291,0.34342968
950292,0.4577892
950293,0.48899695
950294,0.36204034
950295,0.3942914
950296,0.2925546
950297,0.36559853
950298,0.3508727
950299,0.34100604
950300,0.3435386
950301,0.4548447
950302,0.23378515
950303,0.12335213
950304,0.04181633
950305,0.07158399
950306,0.082989395
950307,0.3545794
950308,0.5421568
950309,0.52768403
950310,0.5216883
950311,0.4976603
950312,0.39309573
950313,0.43614876
950314,0.47274634
950315,0.60487914
950316,0.651503
950317,0.6718473
950318,0.65271795
950319,0.6533215
950320,0.31785715
950321,0.31929758
950322,0.58801115
950323,0.5825873
950324,0.7255918
950325,0.68681234
950326,0.68723357
950327,0.77717507
950328,0.7092683
950329,0.7349603
950330,0.63154805
950331,0.62852186
950332,0.6569423
950333,0.75450665
950334,0.7605196
950335,0.77336097
950336,0.6791576
950337,0.7520616
950338,0.7443623
950339,0.7390638
950340,0.72040594
950341,0.72077346
950342,0.72750974
950343,0.73076934
950344,0.42516848
950345,0.2772733
950346,0.1058502
950347,0.09652026
950348,0.102725066
950349,0.08802362
950350,0.09972809
950351,0.09426812
950352,0.18375635
950353,0.085932285
950354,0.10321609
950355,0.28681982
950356,0.27878013
950357,0.30706385
950358,0.29618138
950359,0.05290094
950360,0.11727335
950361,0.11283975
950362,0.12755255
950363,0.13192387
950364,0.112956695
950365,0.12977985
950366,0.097105235
950367,0.27548122
950368,0.49390146
950369,0.60426
950370,0.8295157
950371,0.8650315
950372,0.82144713
950373,0.8280469
950374,0.8635574
950375,0.91451395
950376,0.86194354
950377,0.92368865
950378,0.92703694
950379,0.8924442
950380,0.88908786
950381,0.8821621
950382,0.8821695
950383,0.9332824
950384,0.895583
950385,0.90507257
950386,0.9040375
950387,0.89448327
950388,0.9124909
950389,0.93316716
950390,0.89007235
950391,0.9171337
950392,0.8824049
950393,0.936047
950394,0.9240225
950395,0.9347304
950396,0.93382555
950397,0.93989354
950398,0.9140136
950399,0.9319903
950400,0.9324477
950401,0.92984647
950402,0.93321925
950403,0.93166965
950404,0.92864376
950405,0.9311115
950406,0.9302434
950407,0.92820036
950408,0.9280729
950409,0.92898005
950410,0.9281856
950411,0.9247687
950412,0.9254603
950413,0.8778191
950414,0.92573553
950415,0.92256546
950416,0.91813445
950417,0.9224012
950418,0.91744965
950419,0.9095024
950420,0.88360685
950421,0.92339057
950422,0.9252884
950423,0.9243973
950424,0.9224879
950425,0.9239657
950426,0.9232516
950427,0.76428527
950428,0.18780974
950429,0.079966046
950430,0.053764928
950431,0.05235291
950432,0.0413991
950433,0.040181614
950434,0.05844289
950435,0.102474876
950436,0.104841605
950437,0.097079985
950438,0.04907128
950439,0.28369635
950440,0.14061466
950441,0.0117855435
950442,0.050379075
950443,0.043640245
950444,0.044118736
950445,0.043459237
950446,0.07824795
950447,0.28707394
950448,0.19800356
950449,0.2756677
950450,0.40834633
950451,0.24311748
950452,0.2964629
950453,0.2118484
950454,0.22920296
950455,0.312879
950456,0.028176956
950457,0.35196102
950458,0.41900468
950459,0.480798
950460,0.5514574
950461,0.5187823
950462,0.58346975
950463,0.6185217
950464,0.54727685
950465,0.61780405
950466,0.6399921
950467,0.6598782
950468,0.6130993
950469,0.6270805
950470,0.5119779
950471,0.6444877
950472,0.5924597
950473,0.6508702
950474,0.6149657
950475,0.6191036
950476,0.6204813
950477,0.3253053
950478,0.21692853
950479,0.09549997
950480,0.039884426
950481,0.20386286
950482,0.1243062
950483,0.123562545
950484,0.1455563
950485,0.1292786
950486,0.28013337
950487,0.19151734
950488,0.33006212
950489,0.07530518
950490,0.086241245
950491,0.08509721
950492,0.08876755
950493,0.07150552
950494,0.044503476
950495,0.03923778
950496,0.04084075
950497,0.047224678
950498,0.008714539
950499,0.069313586
950500,0.08941394
950501,0.07587124
950502,0.051816642
950503,0.0590824
950504,0.06996686
950505,0.03420194
950506,0.068996936
950507,0.078288935
950508,0.017130483
950509,0.041524164
950510,0.04038167
950511,0.03774811
950512,0.04993618
950513,0.15218385
950514,0.23018758
950515,0.37731194
950516,0.32927284
950517,0.38429078
950518,0.32987705
950519,0.31052208
950520,0.34206843
950521,0.22238386
950522,0.01587114
950523,0.1588574
950524,0.15991756
950525,0.15845427
950526,0.16199511
950527,0.16502792
950528,0.15129377
950529,0.28687498
950530,0.11855775
950531,0.14045699
950532,0.10351041
950533,0.103743725
950534,0.4755631
950535,0.6387868
950536,0.50771
950537,0.5580314
950538,0.30372536
950539,0.54149854
950540,0.58789617
950541,0.45838335
950542,0.6074358
950543,0.59479195
950544,0.42706016
950545,0.013913634
950546,0.058560383
950547,0.030608216
950548,0.0558455
950549,0.049727395
950550,0.036164768
950551,0.031066813
950552,0.0287924
950553,0.16549644
950554,0.1593554
950555,0.16024129
950556,0.1393299
950557,0.24815495
950558,0.27804834
950559,0.15825033
950560,0.31625918
950561,0.2307726
950562,0.024979953
950563,0.048511747
950564,0.039964363
950565,0.037024755
950566,0.045120347
950567,0.031201443
950568,0.039159354
950569,0.04254667
950570,0.02563188
950571,0.41903132
950572,0.39817882
950573,0.37635297
950574,0.35036227
950575,0.3881172
950576,0.39017862
950577,0.36862963
950578,0.34518117
950579,0.334293
950580,0.36691663
950581,0.35388216
950582,0.3776974
950583,0.021821873
950584,0.13983314
950585,0.14296104
950586,0.10883292
950587,0.1156438
950588,0.14931828
950589,0.06430904
950590,0.07359466
950591,0.076455936
950592,0.056903794
950593,0.02402818
950594,0.32687894
950595,0.3306037
950596,0.347727
950597,0.25922126
950598,0.045268144
950599,0.25642297
950600,0.23806088
950601,0.22129868
950602,0.21029408
950603,0.21214837
950604,0.21006958
950605,0.09878055
950606,0.08539439
950607,0.12548026
950608,0.06789628
950609,0.0792684
950610,0.0620579
950611,0.26631433
950612,0.033131782
950613,0.05027531
950614,0.06215861
950615,0.039520483
950616,0.042491984
950617,0.034718424
950618,0.1315525
950619,0.016555125
950620,0.049898345
950621,0.047105286
950622,0.01977199
950623,0.056248747
950624,0.05598674
950625,0.053621706
950626,0.35849866
950627,0.095347926
950628,0.109736025
950629,0.10967164
950630,0.49517044
950631,0.54955447
950632,0.6196884
950633,0.6523765
950634,0.6480645
950635,0.5252852
950636,0.661222
950637,0.37532848
950638,0.47319308
950639,0.54519486
950640,0.51372015
950641,0.5416859
950642,0.50745505
950643,0.4608978
950644,0.50586486
950645,0.543596
950646,0.51768154
950647,0.3981906
950648,0.4234449
950649,0.054481007
950650,0.5608988
950651,0.6328488
950652,0.6535514
950653,0.7137888
950654,0.73868144
950655,0.71635765
950656,0.772991
950657,0.6795553
950658,0.7501452
950659,0.68536675
950660,0.34913456
950661,0.54378843
950662,0.725136
950663,0.55926996
950664,0.73295784
950665,0.7199887
950666,0.45514518
950667,0.097439535
950668,0.26361814
950669,0.20455721
950670,0.24526174
950671,0.23306957
950672,0.20121424
950673,0.1986019
950674,0.05793509
950675,0.10443646
950676,0.09546037
950677,0.102141105
950678,0.10166427
950679,0.09141512
950680,0.11236356
950681,0.09194012
950682,0.026189795
950683,0.15219656
950684,0.18355529
950685,0.34857076
950686,0.06890495
950687,0.03061024
950688,0.039312318
950689,0.039203566
950690,0.023899412
950691,0.024871156
950692,0.02504112
950693,0.049916875
950694,0.046656914
950695,0.007498967
950696,0.013161454
950697,0.012433459
950698,0.01416072
950699,0.012918308
950700,0.014027507
950701,0.0116171865
950702,0.008570797
950703,0.011721224
950704,0.012144899
950705,0.011785509
950706,0.010314636
950707,0.015570851
950708,0.008811193
950709,0.022998527
950710,0.017814875
950711,0.017828904
950712,0.0465353
950713,0.16661887
950714,0.039452232
950715,0.15838565
950716,0.1337834
950717,0.014288722
950718,0.028872933
950719,0.02985039
950720,0.025762461
950721,0.023728156
950722,0.024011629
950723,0.020821583
950724,0.32567176
950725,0.45327827
950726,0.5340174
950727,0.48399353
950728,0.5119118
950729,0.51298654
950730,0.5311928
950731,0.49397054
950732,0.49385494
950733,0.48743427
950734,0.45106575
950735,0.47181985
950736,0.36371675
950737,0.1510969
950738,0.11237552
950739,0.14956409
950740,0.079286106
950741,0.07998349
950742,0.074569926
950743,0.070819415
950744,0.015394108
950745,0.047291514
950746,0.09033968
950747,0.043464646
950748,0.04808937
950749,0.05071192
950750,0.04441133
950751,0.046908647
950752,0.052078076
950753,0.033757016
950754,0.025473805
950755,0.09702677
950756,0.09158998
950757,0.14162922
950758,0.1658665
950759,0.13670804
950760,0.19721243
950761,0.2968352
950762,0.2968352
950763,0.14017151
950764,0.18510547
950765,0.018701931
950766,0.35282663
950767,0.20404936
950768,0.30436075
950769,0.151711
950770,0.23603638
950771,0.21014456
950772,0.19603778
950773,0.24508613
950774,0.17398234
950775,0.13623582
950776,0.23976894
950777,0.19319354
950778,0.17539804
950779,0.13378426
950780,0.014360992
950781,0.06565432
950782,0.0575806
950783,0.06720167
950784,0.071850725
950785,0.016206026
950786,0.16772759
950787,0.09858715
950788,0.13669857
950789,0.1538535
950790,0.26397452
950791,0.15643664
950792,0.24716716
950793,0.26939285
950794,0.27461663
950795,0.13337362
950796,0.11055682
950797,0.04535264
950798,0.057838324
950799,0.24545865
950800,0.39648396
950801,0.25724414
950802,0.21135728
950803,0.2613718
950804,0.18512115
950805,0.01949192
950806,0.14904885
950807,0.2352408
950808,0.09971131
950809,0.076717876
950810,0.10096126
950811,0.13037005
950812,0.017261056
950813,0.07529735
950814,0.04646228
950815,0.045511574
950816,0.047848288
950817,0.05188676
950818,0.13842504
950819,0.038207773
950820,0.19908161
950821,0.06406478
950822,0.06996891
950823,0.06344674
950824,0.034511853
950825,0.38467592
950826,0.47658116
950827,0.5004086
950828,0.45074064
950829,0.48101217
950830,0.52095544
950831,0.58452946
950832,0.38876706
950833,0.50406706
950834,0.48775178
950835,0.48049805
950836,0.3987965
950837,0.013575859
950838,0.040964462
950839,0.038848236
950840,0.036963277
950841,0.040098995
950842,0.03717882
950843,0.04166036
950844,0.037883606
950845,0.03734422
950846,0.17491582
950847,0.23512982
950848,0.13118172
950849,0.38834667
950850,0.32755795
950851,0.26727694
950852,0.36025462
950853,0.354827
950854,0.22651726
950855,0.28952992
950856,0.21511179
950857,0.014827726
950858,0.04870215
950859,0.06458465
950860,0.055965126
950861,0.04738387
950862,0.052819964
950863,0.053635985
950864,0.05183917
950865,0.049451116
950866,0.026450839
950867,0.10942432
950868,0.14547601
950869,0.15923446
950870,0.13662876
950871,0.106484905
950872,0.113371015
950873,0.18609956
950874,0.103451714
950875,0.16886543
950876,0.22058009
950877,0.013345111
950878,0.031377792
950879,0.039401036
950880,0.039630614
950881,0.04940287
950882,0.040346917
950883,0.054508217
950884,0.020445274
950885,0.09001867
950886,0.09294255
950887,0.03315257
950888,0.07185992
950889,0.116065696
950890,0.13244452
950891,0.101598956
950892,0.118110046
950893,0.13300513
950894,0.09067563
950895,0.10528604
950896,0.11893184
950897,0.12689903
950898,0.20760034
950899,0.086875424
950900,0.09979873
950901,0.06900051
950902,0.057562064
950903,0.051135056
950904,0.044965286
950905,0.014100031
950906,0.03323063
950907,0.03353413
950908,0.0366655
950909,0.034685105
950910,0.031376895
950911,0.034535367
950912,0.03517935
950913,0.011841107
950914,0.037876107
950915,0.027229358
950916,0.03272181
950917,0.025738364
950918,0.032206606
950919,0.02706694
950920,0.3053744
950921,0.012373916
950922,0.03207938
950923,0.027623413
950924,0.032642275
950925,0.043335415
950926,0.035416897
950927,0.02696171
950928,0.017333379
950929,0.036967963
950930,0.03996988
950931,0.03351006
950932,0.037245892
950933,0.03598267
950934,0.035065737
950935,0.02398017
950936,0.014729078
950937,0.07982626
950938,0.08624953
950939,0.008466532
950940,0.029107066
950941,0.028846106
950942,0.031096663
950943,0.031819735
950944,0.029149812
950945,0.030413335
950946,0.029261477
950947,0.36883295
950948,0.20552403
950949,0.29595497
950950,0.37942338
950951,0.2843927
950952,0.23339468
950953,0.011319216
950954,0.055542924
950955,0.05836003
950956,0.042257737
950957,0.04341943
950958,0.04282465
950959,0.049101938
950960,0.051142495
950961,0.05425926
950962,0.15146038
950963,0.2390327
950964,0.08865973
950965,0.032281086
950966,0.107030556
950967,0.20795329
950968,0.124632694
950969,0.14513534
950970,0.10864104
950971,0.124663934
950972,0.08630299
950973,0.06579222
950974,0.14417684
950975,0.34546566
950976,0.28965637
950977,0.3248207
950978,0.30896187
950979,0.37632197
950980,0.23808062
950981,0.016164077
950982,0.15740976
950983,0.17711298
950984,0.17871554
950985,0.2176121
950986,0.14852954
950987,0.16378234
950988,0.17649446
950989,0.22908643
950990,0.21661839
950991,0.20237286
950992,0.069554396
950993,0.30852464
950994,0.47753972
950995,0.6664058
950996,0.6604779
950997,0.61836225
950998,0.6815846
950999,0.68684506
951000,0.7328419
951001,0.67285705
951002,0.74639904
951003,0.7379763
951004,0.7248379
951005,0.6838858
951006,0.5873454
951007,0.7412712
951008,0.6409112
951009,0.73445255
951010,0.70741826
951011,0.7163005
951012,0.53079695
951013,0.15772735
951014,0.14677379
951015,0.24964204
951016,0.34489056
951017,0.15895295
951018,0.19476694
951019,0.05596715
951020,0.14112066
951021,0.19661264
951022,0.17321508
951023,0.16769682
951024,0.16896948
951025,0.16096863
951026,0.08689802
951027,0.42321452
951028,0.4958507
951029,0.61693126
951030,0.60378504
951031,0.6699489
951032,0.65351576
951033,0.62739486
951034,0.701328
951035,0.7041826
951036,0.68159336
951037,0.70662993
951038,0.6915621
951039,0.6740349
951040,0.63949025
951041,0.6892084
951042,0.69028217
951043,0.49586594
951044,0.17596067
951045,0.36767584
951046,0.6509579
951047,0.5041069
951048,0.4674557
951049,0.4841498
951050,0.5235049
951051,0.2732032
951052,0.3017387
951053,0.36012587
951054,0.44924614
951055,0.42681545
951056,0.4039222
951057,0.2361947
951058,0.08678706
951059,0.051065717
951060,0.015253657
951061,0.01990091
951062,0.02117255
951063,0.020449663
951064,0.01537652
951065,0.012992448
951066,0.008987824
951067,0.018667081
951068,0.024173094
951069,0.027714945
951070,0.019650497
951071,0.018866364
951072,0.01907381
951073,0.04479665
951074,0.02166094
951075,0.24532616
951076,0.23064503
951077,0.1870786
951078,0.0124292625
951079,0.06941712
951080,0.077820376
951081,0.11944572
951082,0.08851943
951083,0.11169383
951084,0.08051137
951085,0.08656521
951086,0.07378911
951087,0.06832131
951088,0.12731645
951089,0.12994432
951090,0.14236405
951091,0.12480329
951092,0.13604012
951093,0.13283816
951094,0.028716918
951095,0.04200098
951096,0.12105402
951097,0.07226566
951098,0.032444946
951099,0.036678705
951100,0.03270307
951101,0.022723073
951102,0.067480035
951103,0.0700908
951104,0.081720956
951105,0.14706662
951106,0.08926811
951107,0.06740352
951108,0.025233937
951109,0.020795075
951110,0.02186749
951111,0.023694048
951112,0.018079327
951113,0.2617703
951114,0.30009502
951115,0.20548826
951116,0.16864932
951117,0.14436229
951118,0.013454831
951119,0.101743095
951120,0.028211914
951121,0.0946358
951122,0.09125043
951123,0.08703192
951124,0.08502905
951125,0.06451513
951126,0.2702955
951127,0.3658621
951128,0.15220763
951129,0.16863945
951130,0.017638793
951131,0.07042681
951132,0.072327085
951133,0.07332831
951134,0.07199899
951135,0.07200112
951136,0.24159524
951137,0.013108841
951138,0.047477502
951139,0.048923943
951140,0.04447185
951141,0.042879187
951142,0.037692577
951143,0.038809594
951144,0.31376085
951145,0.25825688
951146,0.33413512
951147,0.2830326
951148,0.31920978
951149,0.4757729
951150,0.18533677
951151,0.37968665
951152,0.19205454
951153,0.25021142
951154,0.22042978
951155,0.29014668
951156,0.16682115
951157,0.26279324
951158,0.32754162
951159,0.18015628
951160,0.16085802
951161,0.14175084
951162,0.0128578385
951163,0.044076335
951164,0.045815594
951165,0.05005228
951166,0.045418605
951167,0.043765437
951168,0.04102945
951169,0.055461273
951170,0.10044107
951171,0.09808974
951172,0.01757839
951173,0.29095596
951174,0.29627743
951175,0.35284832
951176,0.46703324
951177,0.3862961
951178,0.55548936
951179,0.28541666
951180,0.3519215
951181,0.4371797
951182,0.46222657
951183,0.35626096
951184,0.035027526
951185,0.52673924
951186,0.6011258
951187,0.620193
951188,0.6725763
951189,0.5656691
951190,0.58404815
951191,0.5663026
951192,0.6161028
951193,0.6328356
951194,0.6447084
951195,0.43619186
951196,0.26157963
951197,0.20591779
951198,0.35645747
951199,0.4895225
951200,0.6552965
951201,0.53529924
951202,0.5510969
951203,0.58868074
951204,0.67080337
951205,0.6970398
951206,0.7428506
951207,0.6646603
951208,0.63469416
951209,0.6652851
951210,0.6891157
951211,0.6734733
951212,0.6344871
951213,0.6733392
951214,0.59565353
951215,0.54430705
951216,0.6817736
951217,0.6510304
951218,0.60113776
951219,0.598853
951220,0.30633464
951221,0.07683149
951222,0.2879854
951223,0.36587077
951224,0.35121244
951225,0.45085266
951226,0.44466364
951227,0.35184795
951228,0.25244367
951229,0.21334852
951230,0.2159036
951231,0.20727469
951232,0.18473704
951233,0.15703873
951234,0.15814379
951235,0.08986072
951236,0.13502286
951237,0.02927728
951238,0.029069405
951239,0.029094528
951240,0.05342181
951241,0.026213331
951242,0.044410583
951243,0.037156012
951244,0.03717392
951245,0.036397047
951246,0.041651208
951247,0.029401414
951248,0.13212141
951249,0.010818801
951250,0.027277565
951251,0.032384332
951252,0.03493569
951253,0.04024334
951254,0.03458145
951255,0.04434459
951256,0.22858901
951257,0.17140116
951258,0.119805776
951259,0.096632384
951260,0.19172621
951261,0.01622878
951262,0.046794765
951263,0.034418527
951264,0.03994686
951265,0.029927988
951266,0.02578575
951267,0.009960103
951268,0.029247152
951269,0.030133313
951270,0.024554979
951271,0.021387603
951272,0.014296569
951273,0.08210683
951274,0.07954664
951275,0.046638176
951276,0.11784743
951277,0.015469492
951278,0.060453147
951279,0.05513705
951280,0.034862775
951281,0.04538391
951282,0.032821104
951283,0.036228612
951284,0.055727378
951285,0.058537643
951286,0.042772636
951287,0.2976886
951288,0.020253547
951289,0.10142599
951290,0.06910449
951291,0.08662303
951292,0.055063933
951293,0.057663586
951294,0.06167142
951295,0.08216986
951296,0.04772637
951297,0.022197975
951298,0.022558967
951299,0.027811084
951300,0.06376381
951301,0.1627128
951302,0.019038847
951303,0.05642348
951304,0.034474477
951305,0.25991696
951306,0.026656639
951307,0.048080184
951308,0.03162975
951309,0.034756973
951310,0.068586536
951311,0.4265421
951312,0.54560333
951313,0.6148226
951314,0.57671046
951315,0.6114758
951316,0.5675261
951317,0.57862294
951318,0.61256534
951319,0.5583686
951320,0.51541126
951321,0.59461474
951322,0.5740523
951323,0.5879311
951324,0.5976088
951325,0.5872797
951326,0.59077
951327,0.7119101
951328,0.60341495
951329,0.28223732
951330,0.26358604
951331,0.16442356
951332,0.12539423
951333,0.13380553
951334,0.10377585
951335,0.14966942
951336,0.115961865
951337,0.08965292
951338,0.020931402
951339,0.3490206
951340,0.27587488
951341,0.41501862
951342,0.5397228
951343,0.48390839
951344,0.43402106
951345,0.42566478
951346,0.35774696
951347,0.3885109
951348,0.18218507
951349,0.01638083
951350,0.025022281
951351,0.030553127
951352,0.05186111
951353,0.054171104
951354,0.03816272
951355,0.027846565
951356,0.043024607
951357,0.061648928
951358,0.2703341
951359,0.23718432
951360,0.35381702
951361,0.22677839
951362,0.020698493
951363,0.09887192
951364,0.14615987
951365,0.091819845
951366,0.18885294
951367,0.07879462
951368,0.095407635
951369,0.14566258
951370,0.05754676
951371,0.053192254
951372,0.036535814
951373,0.045790624
951374,0.015408087
951375,0.019811843
951376,0.09376516
951377,0.033387024
951378,0.06289315
951379,0.03342406
951380,0.04145239
951381,0.047013327
951382,0.021674829
951383,0.046720106
951384,0.01845363
951385,0.034410756
951386,0.036454536
951387,0.049148366
951388,0.045560434
951389,0.048481066
951390,0.046617467
951391,0.030397387
951392,0.021431865
951393,0.06862815
951394,0.058531564
951395,0.06516841
951396,0.06461977
951397,0.06624756
951398,0.049762435
951399,0.018633207
951400,0.05178185
951401,0.062491477
951402,0.052960806
951403,0.058746558
951404,0.059145186
951405,0.064341955
951406,0.051583353
951407,0.039787807
951408,0.021550411
951409,0.07176249
951410,0.052230984
951411,0.14419799
951412,0.2678097
951413,0.29771572
951414,0.14467987
951415,0.11757894
951416,0.12994319
951417,0.112603605
951418,0.110356845
951419,0.14348978
951420,0.117446296
951421,0.022832895
951422,0.06896357
951423,0.08838038
951424,0.3274356
951425,0.28643477
951426,0.2555132
951427,0.33712876
951428,0.26190114
951429,0.25322706
951430,0.28588635
951431,0.24612516
951432,0.19544329
951433,0.17393732
951434,0.110324554
951435,0.06581058
951436,0.34560928
951437,0.37486076
951438,0.39662844
951439,0.19535576
951440,0.42660856
951441,0.523032
951442,0.49035838
951443,0.46337125
951444,0.48515856
951445,0.44080558
951446,0.41009134
951447,0.5294514
951448,0.47305092
951449,0.27565685
951450,0.041112162
951451,0.25268236
951452,0.29421622
951453,0.32301918
951454,0.2486405
951455,0.24211906
951456,0.2597805
951457,0.3258752
951458,0.36385295
951459,0.2680724
951460,0.29991284
951461,0.23500724
951462,0.015517819
951463,0.041967433
951464,0.043571766
951465,0.043393005
951466,0.032776836
951467,0.05139793
951468,0.043857906
951469,0.041567445
951470,0.03553237
951471,0.030646026
951472,0.077571996
951473,0.1314531
951474,0.16869947
951475,0.14908205
951476,0.14801413
951477,0.18416426
951478,0.06020006
951479,0.5510487
951480,0.6498067
951481,0.70683813
951482,0.6942516
951483,0.661964
951484,0.64167744
951485,0.6245963
951486,0.6814814
951487,0.6961479
951488,0.7770802
951489,0.70734346
951490,0.7570869
951491,0.59018314
951492,0.61754423
951493,0.7170708
951494,0.7277101
951495,0.7182724
951496,0.7292689
951497,0.71996665
951498,0.7418851
951499,0.7515227
951500,0.7087511
951501,0.7508311
951502,0.38705617
951503,0.24181269
951504,0.013150075
951505,0.05581124
951506,0.037409656
951507,0.049165763
951508,0.041052308
951509,0.06409415
951510,0.041813627
951511,0.061568957
951512,0.075385764
951513,0.038038548
951514,0.027663508
951515,0.06849811
951516,0.60523665
951517,0.65296465
951518,0.69295925
951519,0.8299206
951520,0.85127735
951521,0.789829
951522,0.8714707
951523,0.85836756
951524,0.89348835
951525,0.86630625
951526,0.86687446
951527,0.8643147
951528,0.82376015
951529,0.86344624
951530,0.85379565
951531,0.86644155
951532,0.8378753
951533,0.7978547
951534,0.71568054
951535,0.8638529
951536,0.863223
951537,0.863223
951538,0.867625
951539,0.86516094
951540,0.86516094
951541,0.86516094
951542,0.85533744
951543,0.85533744
951544,0.84100944
951545,0.8616785
951546,0.8616785
951547,0.8616785
951548,0.8531255
951549,0.8556742
951550,0.81622094
951551,0.8156305
951552,0.8127023
951553,0.8127023
951554,0.8127023
951555,0.79816043
951556,0.79708284
951557,0.79708284
951558,0.79708284
951559,0.79180795
951560,0.79180795
951561,0.79180795
951562,0.79180795
951563,0.7858104
951564,0.7858104
951565,0.78823847
951566,0.63561803
951567,0.037821624
951568,0.06862374
951569,0.056424852
951570,0.05457975
951571,0.07368883
951572,0.06385864
951573,0.08481934
951574,0.010903088
951575,0.03297141
951576,0.036392372
951577,0.031695575
951578,0.04223537
951579,0.03388547
951580,0.034038827
951581,0.035611175
951582,0.03275787
951583,0.028998192
951584,0.068128966
951585,0.07524632
951586,0.06681848
951587,0.0702058
951588,0.09764395
951589,0.07752124
951590,0.06936467
951591,0.054707408
951592,0.23156175
951593,0.59452975
951594,0.6363142
951595,0.69330186
951596,0.58363736
951597,0.50590116
951598,0.41601953
951599,0.62786615
951600,0.58670163
951601,0.6228779
951602,0.47530255
951603,0.38361508
951604,0.028093746
951605,0.22030824
951606,0.356784
951607,0.31443563
951608,0.3691032
951609,0.40250245
951610,0.31389192
951611,0.35591847
951612,0.16599216
951613,0.4360031
951614,0.35713825
951615,0.3406389
951616,0.2404037
951617,0.152432
951618,0.012032822
951619,0.036519695
951620,0.033093065
951621,0.030105677
951622,0.035215583
951623,0.030617332
951624,0.032162175
951625,0.0322671
951626,0.030320786
951627,0.08242937
951628,0.08119294
951629,0.0735031
951630,0.018585334
951631,0.027715007
951632,0.031699922
951633,0.020465514
951634,0.024604458
951635,0.028831286
951636,0.023063567
951637,0.020846918
951638,0.04434951
951639,0.040405735
951640,0.017823286
951641,0.2896175
951642,0.31213528
951643,0.31249744
951644,0.3755891
951645,0.3425726
951646,0.24668562
951647,0.28212473
951648,0.37965834
951649,0.38981372
951650,0.23241115
951651,0.18838477
951652,0.41542098
951653,0.32274562
951654,0.18543935
951655,0.42708343
951656,0.4141208
951657,0.24765214
951658,0.30381492
951659,0.43012074
951660,0.43689325
951661,0.37138855
951662,0.23522885
951663,0.20367667
951664,0.10374495
951665,0.10957476
951666,0.11277082
951667,0.09086952
951668,0.0979257
951669,0.11285464
951670,0.09171662
951671,0.089791484
951672,0.08113745
951673,0.06484791
951674,0.08837298
951675,0.08172811
951676,0.08205834
951677,0.1469841
951678,0.09456553
951679,0.14586754
951680,0.01729233
951681,0.056194223
951682,0.07814378
951683,0.08037162
951684,0.09705357
951685,0.054356545
951686,0.08988916
951687,0.05300388
951688,0.057858456
951689,0.058367014
951690,0.091670744
951691,0.024018278
951692,0.02738397
951693,0.028852824
951694,0.03920994
951695,0.037385702
951696,0.03360808
951697,0.055210453
951698,0.1516218
951699,0.14596617
951700,0.41185692
951701,0.16047315
951702,0.03556725
951703,0.04999895
951704,0.06004581
951705,0.059912596
951706,0.061067827
951707,0.081697896
951708,0.057607338
951709,0.07723748
951710,0.1258071
951711,0.035603683
951712,0.06576466
951713,0.026513718
951714,0.14233528
951715,0.117579356
951716,0.14225793
951717,0.1752027
951718,0.21638155
951719,0.16017455
951720,0.13664588
951721,0.07455548
951722,0.18958628
951723,0.13629602
951724,0.09150291
951725,0.017151635
951726,0.048291333
951727,0.037732527
951728,0.047111634
951729,0.04472146
951730,0.03897142
951731,0.04107541
951732,0.037657086
951733,0.25001767
951734,0.16271318
951735,0.16405693
951736,0.1452826
951737,0.01922893
951738,0.054999895
951739,0.16529198
951740,0.08237018
951741,0.08218893
951742,0.13014242
951743,0.055875365
951744,0.10335697
951745,0.0893413
951746,0.06510746
951747,0.07892568
951748,0.19341666
951749,0.19507545
951750,0.17088243
951751,0.16003379
951752,0.10747924
951753,0.023445059
951754,0.046672538
951755,0.04013122
951756,0.04977626
951757,0.046847556
951758,0.08398755
951759,0.05090791
951760,0.0505482
951761,0.027230443
951762,0.105658926
951763,0.13742521
951764,0.10668231
951765,0.10966724
951766,0.11707444
951767,0.19844219
951768,0.14653593
951769,0.13664488
951770,0.1474196
951771,0.13062373
951772,0.13717319
951773,0.12756036
951774,0.13079095
951775,0.08737048
951776,0.044500846
951777,0.061138436
951778,0.021223502
951779,0.118438154
951780,0.23244041
951781,0.33657628
951782,0.19575012
951783,0.123002365
951784,0.16650634
951785,0.14790517
951786,0.027577385
951787,0.044714835
951788,0.0377877
951789,0.045341495
951790,0.037854254
951791,0.042945664
951792,0.037442666
951793,0.020939782
951794,0.10324254
951795,0.18993632
951796,0.093328156
951797,0.11413651
951798,0.10792057
951799,0.12896827
951800,0.17700927
951801,0.121101335
951802,0.072497286
951803,0.1079359
951804,0.014317772
951805,0.19039269
951806,0.36117777
951807,0.11158679
951808,0.3826488
951809,0.07970085
951810,0.10273185
951811,0.22113442
951812,0.28287095
951813,0.10593851
951814,0.09613672
951815,0.2360994
951816,0.2806779
951817,0.2980022
951818,0.008371741
951819,0.032590535
951820,0.023669165
951821,0.01916748
951822,0.02217521
951823,0.021311903
951824,0.027987193
951825,0.032833677
951826,0.16444308
951827,0.3225246
951828,0.23050794
951829,0.17400813
951830,0.031081524
951831,0.022272525
951832,0.017128324
951833,0.019168928
951834,0.037164774
951835,0.0376587
951836,0.04575267
951837,0.025979042
951838,0.03711852
951839,0.0363005
951840,0.032733206
951841,0.17943317
951842,0.20449579
951843,0.1900604
951844,0.14369829
951845,0.008901682
951846,0.021008616
951847,0.0228294
951848,0.02384067
951849,0.021339322
951850,0.04510262
951851,0.015592588
951852,0.022187745
951853,0.052390326
951854,0.09269909
951855,0.110954285
951856,0.2908929
951857,0.12775698
951858,0.06963059
951859,0.010188064
951860,0.027412461
951861,0.022897638
951862,0.022655405
951863,0.022023287
951864,0.015905205
951865,0.022072276
951866,0.020737924
951867,0.04027667
951868,0.17649677
951869,0.052091092
951870,0.0115273995
951871,0.021993246
951872,0.022592744
951873,0.022818532
951874,0.03239202
951875,0.040779337
951876,0.030423885
951877,0.06406089
951878,0.017562274
951879,0.0971561
951880,0.28915215
951881,0.23662153
951882,0.15368837
951883,0.12457554
951884,0.11367225
951885,0.24053301
951886,0.23395902
951887,0.21326552
951888,0.1976083
951889,0.17663321
951890,0.14918186
951891,0.16140904
951892,0.14781708
951893,0.1415256
951894,0.085818306
951895,0.014107829
951896,0.04515442
951897,0.045718074
951898,0.036471415
951899,0.042545285
951900,0.04293122
951901,0.051936395
951902,0.03809533
951903,0.043648794
951904,0.03505669
951905,0.36178926
951906,0.33028495
951907,0.29077396
951908,0.3079408
951909,0.36902517
951910,0.3095629
951911,0.39185172
951912,0.38894317
951913,0.25083116
951914,0.01644752
951915,0.063892275
951916,0.09555182
951917,0.098467536
951918,0.096203916
951919,0.10559355
951920,0.2631146
951921,0.15718342
951922,0.038519677
951923,0.1927446
951924,0.03823984
951925,0.07623918
951926,0.07217145
951927,0.06720959
951928,0.062517114
951929,0.07140675
951930,0.07421843
951931,0.088707455
951932,0.24683237
951933,0.31054935
951934,0.29252252
951935,0.24428608
951936,0.20360766
951937,0.24766026
951938,0.16165407
951939,0.109112225
951940,0.106965534
951941,0.10504834
951942,0.069500856
951943,0.060866963
951944,0.018575115
951945,0.04420576
951946,0.118984364
951947,0.11479094
951948,0.11740666
951949,0.115480185
951950,0.046303272
951951,0.042123925
951952,0.35646108
951953,0.23470941
951954,0.23093802
951955,0.2935643
951956,0.17452043
951957,0.1727472
951958,0.2539921
951959,0.3084047
951960,0.28514287
951961,0.22558467
951962,0.09682557
951963,0.058781374
951964,0.013523724
951965,0.06750098
951966,0.050439987
951967,0.020831238
951968,0.092542276
951969,0.08837879
951970,0.10744603
951971,0.097671434
951972,0.12459689
951973,0.12512077
951974,0.12259159
951975,0.09736537
951976,0.12874767
951977,0.13526854
951978,0.20840742
951979,0.24452363
951980,0.19896798
951981,0.17876288
951982,0.13912176
951983,0.12680161
951984,0.013929081
951985,0.07113466
951986,0.059337728
951987,0.058435217
951988,0.5474942
951989,0.4920694
951990,0.56026065
951991,0.7058703
951992,0.60904235
951993,0.74178016
951994,0.6696947
951995,0.6764277
951996,0.68902296
951997,0.7526847
951998,0.72677565
951999,0.720073
952000,0.71718436
952001,0.68198097
952002,0.78244555
952003,0.77963614
952004,0.77859974
952005,0.75108254
952006,0.6920512
952007,0.6819576
952008,0.6858307
952009,0.74156
952010,0.7593213
952011,0.70423627
952012,0.67384297
952013,0.6793038
952014,0.68067837
952015,0.75781596
952016,0.70362324
952017,0.43293062
952018,0.1450654
952019,0.058608398
952020,0.049172763
952021,0.29040504
952022,0.1962162
952023,0.24252686
952024,0.23027098
952025,0.23036599
952026,0.17783831
952027,0.19253358
952028,0.052908767
952029,0.31448328
952030,0.35117528
952031,0.24431835
952032,0.33550087
952033,0.48412052
952034,0.5025293
952035,0.47278857
952036,0.28849772
952037,0.07859829
952038,0.12861438
952039,0.100124024
952040,0.11360974
952041,0.090510026
952042,0.14616878
952043,0.13716894
952044,0.033615272
952045,0.5048803
952046,0.6122115
952047,0.6450245
952048,0.5645347
952049,0.1899689
952050,0.62498224
952051,0.20537527
952052,0.2001149
952053,0.48036003
952054,0.4108342
952055,0.5009242
952056,0.11470501
952057,0.31167382
952058,0.14918634
952059,0.27088216
952060,0.39159566
952061,0.39308307
952062,0.19107112
952063,0.041740604
952064,0.09718887
952065,0.25835097
952066,0.5866877
952067,0.589299
952068,0.4716879
952069,0.5369297
952070,0.54164666
952071,0.4935473
952072,0.66473824
952073,0.59966576
952074,0.59312826
952075,0.5840815
952076,0.51891106
952077,0.6465451
952078,0.60311013
952079,0.6400572
952080,0.42054957
952081,0.21445969
952082,0.049433682
952083,0.13280281
952084,0.25564227
952085,0.16886973
952086,0.12090844
952087,0.026385954
952088,0.21196748
952089,0.3007571
952090,0.29726264
952091,0.36891305
952092,0.20519075
952093,0.26818964
952094,0.17542212
952095,0.17577031
952096,0.43071386
952097,0.047357418
952098,0.13549818
952099,0.15781902
952100,0.22424215
952101,0.11472573
952102,0.31217104
952103,0.35816476
952104,0.2596907
952105,0.28234592
952106,0.31708446
952107,0.34528983
952108,0.4293211
952109,0.38106555
952110,0.38119793
952111,0.45156473
952112,0.39325285
952113,0.32200876
952114,0.1413217
952115,0.043246575
952116,0.06682229
952117,0.07914015
952118,0.07452972
952119,0.06751152
952120,0.07628129
952121,0.067604735
952122,0.07249979
952123,0.05535205
952124,0.34993201
952125,0.5810519
952126,0.44141704
952127,0.45857522
952128,0.42531317
952129,0.40877196
952130,0.43914834
952131,0.4678398
952132,0.32286713
952133,0.020818891
952134,0.056567524
952135,0.05649724
952136,0.050073203
952137,0.049605094
952138,0.045642056
952139,0.062337026
952140,0.058252055
952141,0.04747041
952142,0.044371646
952143,0.056637418
952144,0.02647783
952145,0.057063863
952146,0.053371027
952147,0.0429174
952148,0.053610433
952149,0.046283703
952150,0.055198118
952151,0.083318286
952152,0.08096995
952153,0.08632032
952154,0.117896244
952155,0.07519587
952156,0.11347515
952157,0.066631734
952158,0.097431146
952159,0.06217844
952160,0.023212725
952161,0.06194389
952162,0.1463839
952163,0.091279864
952164,0.16152096
952165,0.14130366
952166,0.12523162
952167,0.2600315
952168,0.25962958
952169,0.23571819
952170,0.1880758
952171,0.11251096
952172,0.19480585
952173,0.16971585
952174,0.014866345
952175,0.027186623
952176,0.037671447
952177,0.032509357
952178,0.037686653
952179,0.046609435
952180,0.024838004
952181,0.009421673
952182,0.042026203
952183,0.05195597
952184,0.051577345
952185,0.04718106
952186,0.037183054
952187,0.08423589
952188,0.08579268
952189,0.08189786
952190,0.011630867
952191,0.050884176
952192,0.06825511
952193,0.051478233
952194,0.044160012
952195,0.060831893
952196,0.0817325
952197,0.045563437
952198,0.029601999
952199,0.09165651
952200,0.12987408
952201,0.15652883
952202,0.15023878
952203,0.15414521
952204,0.2779974
952205,0.2235053
952206,0.20035154
952207,0.26321572
952208,0.20469481
952209,0.2537167
952210,0.1514215
952211,0.1663327
952212,0.12642992
952213,0.4263304
952214,0.148498
952215,0.45229506
952216,0.45217386
952217,0.32968923
952218,0.40312678
952219,0.41324335
952220,0.42975703
952221,0.48546207
952222,0.26050842
952223,0.34002122
952224,0.23460002
952225,0.36140752
952226,0.21012612
952227,0.01962084
952228,0.1257244
952229,0.14353555
952230,0.13977896
952231,0.17769445
952232,0.13810024
952233,0.14856394
952234,0.14890274
952235,0.16546507
952236,0.025456809
952237,0.041262817
952238,0.074701674
952239,0.08206441
952240,0.059811268
952241,0.094559506
952242,0.12772433
952243,0.060774013
952244,0.06229532
952245,0.063472785
952246,0.013960495
952247,0.039570354
952248,0.03514015
952249,0.03467492
952250,0.039175987
952251,0.044891033
952252,0.038682565
952253,0.035570335
952254,0.09583652
952255,0.04953571
952256,0.17942955
952257,0.21339248
952258,0.18697861
952259,0.3921072
952260,0.043561406
952261,0.113393694
952262,0.08398968
952263,0.09591425
952264,0.21554285
952265,0.035699934
952266,0.13165797
952267,0.08787479
952268,0.16095346
952269,0.16783135
952270,0.13874784
952271,0.1594909
952272,0.14807501
952273,0.15805556
952274,0.14264753
952275,0.1380324
952276,0.08363109
952277,0.083961494
952278,0.08645718
952279,0.09502665
952280,0.06379989
952281,0.11263136
952282,0.13430399
952283,0.09177256
952284,0.030863713
952285,0.07091186
952286,0.036550965
952287,0.045931123
952288,0.050930265
952289,0.043381467
952290,0.017138282
952291,0.060384005
952292,0.09790313
952293,0.15864098
952294,0.11266082
952295,0.14282411
952296,0.020128299
952297,0.027169667
952298,0.016850734
952299,0.06249346
952300,0.056767296
952301,0.12280639
952302,0.13944325
952303,0.08953998
952304,0.08690871
952305,0.07980486
952306,0.07213279
952307,0.04160082
952308,0.04321736
952309,0.038395543
952310,0.02605973
952311,0.060508773
952312,0.058144767
952313,0.08486273
952314,0.07415834
952315,0.07328275
952316,0.06640863
952317,0.07300739
952318,0.06451367
952319,0.4947161
952320,0.5747721
952321,0.44336277
952322,0.6480676
952323,0.59598035
952324,0.6801737
952325,0.68817484
952326,0.5725721
952327,0.6680993
952328,0.6627839
952329,0.5614359
952330,0.5485692
952331,0.5189233
952332,0.56795657
952333,0.48074654
952334,0.4860307
952335,0.543108
952336,0.5391367
952337,0.2471223
952338,0.05052129
952339,0.10557211
952340,0.07810384
952341,0.097817466
952342,0.1379134
952343,0.08139009
952344,0.035622172
952345,0.019027326
952346,0.017515793
952347,0.018902224
952348,0.025101723
952349,0.027091797
952350,0.0070313276
952351,0.012187984
952352,0.012416006
952353,0.01286907
952354,0.012845377
952355,0.013893668
952356,0.19800155
952357,0.19228037
952358,0.14685887
952359,0.0074462863
952360,0.015954712
952361,0.014843191
952362,0.01462526
952363,0.028292025
952364,0.011424811
952365,0.017016206
952366,0.011787242
952367,0.60343975
952368,0.679586
952369,0.73889446
952370,0.7409092
952371,0.8079307
952372,0.796559
952373,0.8092958
952374,0.8000461
952375,0.7784324
952376,0.8696119
952377,0.8019787
952378,0.7829178
952379,0.797565
952380,0.78760517
952381,0.81245863
952382,0.7973623
952383,0.78877544
952384,0.76526964
952385,0.7699603
952386,0.78127885
952387,0.66500115
952388,0.37386754
952389,0.008462563
952390,0.0135465935
952391,0.01515186
952392,0.0131855365
952393,0.009480039
952394,0.0135850245
952395,0.014670815
952396,0.017974785
952397,0.011928514
952398,0.007819032
952399,0.010366557
952400,0.013190936
952401,0.018985992
952402,0.014298504
952403,0.01287873
952404,0.010617761
952405,0.010530378
952406,0.014030019
952407,0.04018779
952408,0.33386013
952409,0.3285913
952410,0.08247604
952411,0.087898836
952412,0.1301059
952413,0.077690184
952414,0.28669685
952415,0.38523516
952416,0.2445389
952417,0.21562713
952418,0.255918
952419,0.21782124
952420,0.20844766
952421,0.12638848
952422,0.028439214
952423,0.19351171
952424,0.19124256
952425,0.22014748
952426,0.27801573
952427,0.40916094
952428,0.23497333
952429,0.24451374
952430,0.025116587
952431,0.130933
952432,0.12940797
952433,0.12655646
952434,0.12633103
952435,0.11456481
952436,0.12323751
952437,0.12382943
952438,0.20059136
952439,0.39218587
952440,0.5037558
952441,0.5517651
952442,0.39330396
952443,0.2491701
952444,0.49465695
952445,0.4716412
952446,0.47955015
952447,0.5149177
952448,0.48120478
952449,0.49880397
952450,0.54418707
952451,0.3986142
952452,0.47087464
952453,0.29811096
952454,0.08141015
952455,0.12049191
952456,0.07066875
952457,0.08589605
952458,0.092118904
952459,0.27627844
952460,0.5105727
952461,0.3297217
952462,0.22076096
952463,0.22324406
952464,0.1998448
952465,0.39083505
952466,0.34421253
952467,0.3416873
952468,0.20030645
952469,0.02989851
952470,0.32464817
952471,0.20185898
952472,0.2060284
952473,0.26282102
952474,0.31848273
952475,0.21235739
952476,0.33543944
952477,0.32202223
952478,0.2847445
952479,0.32327762
952480,0.2927357
952481,0.21494089
952482,0.21033329
952483,0.52503556
952484,0.675674
952485,0.774948
952486,0.7184953
952487,0.6786838
952488,0.6765517
952489,0.6701943
952490,0.66417044
952491,0.76859176
952492,0.75330573
952493,0.76937807
952494,0.76173407
952495,0.73263603
952496,0.65341413
952497,0.6242879
952498,0.65852475
952499,0.5974152
952500,0.73686713
952501,0.4280081
952502,0.059594464
952503,0.016860005
952504,0.041767363
952505,0.042241927
952506,0.038142517
952507,0.03599524
952508,0.04033284
952509,0.042052504
952510,0.03152062
952511,0.14566872
952512,0.5574683
952513,0.69930923
952514,0.7732176
952515,0.8169581
952516,0.8344073
952517,0.83733875
952518,0.8722848
952519,0.8695181
952520,0.8584422
952521,0.86021733
952522,0.90792197
952523,0.8713129
952524,0.8677572
952525,0.8721178
952526,0.8538958
952527,0.8482983
952528,0.853104
952529,0.8765316
952530,0.8634298
952531,0.8772525
952532,0.83180743
952533,0.8782269
952534,0.85623413
952535,0.86775476
952536,0.83819336
952537,0.8530505
952538,0.83521575
952539,0.84261847
952540,0.894807
952541,0.86684793
952542,0.81543654
952543,0.868599
952544,0.85799164
952545,0.85201764
952546,0.8174126
952547,0.8161067
952548,0.79802734
952549,0.75351185
952550,0.88133645
952551,0.7836345
952552,0.81798637
952553,0.7690519
952554,0.72495836
952555,0.77010846
952556,0.82738924
952557,0.57155454
952558,0.41607442
952559,0.012321359
952560,0.031515684
952561,0.039962433
952562,0.031322904
952563,0.03753638
952564,0.034942772
952565,0.03226946
952566,0.027870798
952567,0.10149867
952568,0.17089757
952569,0.15500474
952570,0.03158664
952571,0.04232555
952572,0.03541701
952573,0.048259106
952574,0.026170203
952575,0.0566522
952576,0.045342032
952577,0.0457305
952578,0.057906456
952579,0.0667593
952580,0.07692023
952581,0.05969229
952582,0.043217972
952583,0.0114017995
952584,0.019630326
952585,0.023600755
952586,0.020738233
952587,0.019844005
952588,0.016563326
952589,0.01694531
952590,0.036460467
952591,0.03505337
952592,0.033694904
952593,0.03418464
952594,0.036936484
952595,0.033744834
952596,0.045195647
952597,0.020904101
952598,0.019981734
952599,0.024450025
952600,0.04728869
952601,0.021661349
952602,0.016286947
952603,0.027648425
952604,0.0951823
952605,0.10833187
952606,0.111000866
952607,0.078161135
952608,0.022749968
952609,0.05981801
952610,0.058360405
952611,0.067512505
952612,0.06359422
952613,0.059638865
952614,0.06514716
952615,0.06968198
952616,0.06935857
952617,0.057955537
952618,0.014776581
952619,0.05656662
952620,0.07635771
952621,0.07242471
952622,0.09521133
952623,0.22991455
952624,0.039725576
952625,0.09358925
952626,0.06506566
952627,0.060179222
952628,0.06505719
952629,0.08037192
952630,0.24464817
952631,0.28387588
952632,0.27939928
952633,0.26076633
952634,0.25825116
952635,0.43576404
952636,0.20810753
952637,0.30678242
952638,0.3009363
952639,0.34787962
952640,0.38783982
952641,0.28470248
952642,0.31034458
952643,0.3707601
952644,0.3234791
952645,0.24994011
952646,0.08360331
952647,0.015496394
952648,0.083144695
952649,0.14763899
952650,0.12905897
952651,0.071643025
952652,0.13652012
952653,0.09845043
952654,0.070474684
952655,0.1280312
952656,0.09236863
952657,0.06070676
952658,0.051027305
952659,0.049188815
952660,0.057416145
952661,0.043432415
952662,0.016556779
952663,0.09012061
952664,0.07015261
952665,0.031888314
952666,0.06033186
952667,0.09806049
952668,0.057967335
952669,0.13166536
952670,0.091750525
952671,0.10446316
952672,0.07123409
952673,0.12530309
952674,0.06725441
952675,0.014402032
952676,0.025828918
952677,0.03429893
952678,0.027650122
952679,0.03168179
952680,0.032984897
952681,0.039220497
952682,0.031200303
952683,0.029095571
952684,0.25201482
952685,0.25660753
952686,0.011659976
952687,0.024480417
952688,0.028052773
952689,0.030187696
952690,0.024267107
952691,0.035397753
952692,0.027214004
952693,0.028509906
952694,0.010917666
952695,0.030324904
952696,0.023135165
952697,0.02557047
952698,0.031925578
952699,0.0285597
952700,0.024039015
952701,0.022316342
952702,0.18323462
952703,0.013552437
952704,0.025854487
952705,0.026263366
952706,0.03130461
952707,0.031751968
952708,0.03012223
952709,0.036877476
952710,0.032184444
952711,0.035036664
952712,0.028592393
952713,0.06622377
952714,0.058930203
952715,0.058181327
952716,0.057806868
952717,0.06079269
952718,0.054560598
952719,0.058189936
952720,0.047183525
952721,0.085564636
952722,0.040618926
952723,0.022301262
952724,0.021110322
952725,0.021994056
952726,0.04138453
952727,0.03748988
952728,0.044983275
952729,0.014964023
952730,0.021286706
952731,0.020732433
952732,0.024879409
952733,0.02283895
952734,0.02445597
952735,0.032888975
952736,0.009802095
952737,0.0296824
952738,0.026904698
952739,0.027498387
952740,0.026991902
952741,0.028848594
952742,0.023432806
952743,0.013864927
952744,0.031046003
952745,0.030541154
952746,0.029734522
952747,0.032205507
952748,0.033181638
952749,0.019337267
952750,0.021272054
952751,0.021685954
952752,0.026881378
952753,0.0229888
952754,0.023553174
952755,0.30681098
952756,0.15347566
952757,0.20531484
952758,0.009552305
952759,0.026347436
952760,0.026249541
952761,0.029420162
952762,0.025627485
952763,0.027648322
952764,0.02855495
952765,0.024036298
952766,0.02259563
952767,0.04799966
952768,0.03929128
952769,0.050413474
952770,0.03953843
952771,0.056235004
952772,0.051774245
952773,0.050832912
952774,0.04244046
952775,0.10073616
952776,0.050702564
952777,0.15734445
952778,0.04787423
952779,0.063160285
952780,0.07776351
952781,0.009728053
952782,0.026309874
952783,0.02483745
952784,0.02846894
952785,0.025161501
952786,0.024307381
952787,0.02672335
952788,0.01941914
952789,0.3641385
952790,0.31032336
952791,0.24564576
952792,0.29143327
952793,0.21386977
952794,0.014123914
952795,0.03342864
952796,0.04218416
952797,0.037086226
952798,0.03051967
952799,0.034364086
952800,0.06542873
952801,0.051417857
952802,0.031207776
952803,0.030155247
952804,0.11506023
952805,0.12010797
952806,0.12199631
952807,0.12533812
952808,0.11877604
952809,0.011674305
952810,0.039217558
952811,0.04042379
952812,0.039576516
952813,0.03790777
952814,0.039988447
952815,0.03264608
952816,0.052435014
952817,0.20977557
952818,0.19500385
952819,0.2767396
952820,0.25541988
952821,0.18278833
952822,0.18491986
952823,0.16387744
952824,0.23284629
952825,0.20666106
952826,0.16727898
952827,0.018575767
952828,0.066373415
952829,0.052503858
952830,0.05840624
952831,0.08650439
952832,0.030830065
952833,0.09827997
952834,0.055316247
952835,0.36903068
952836,0.4706815
952837,0.51824766
952838,0.6233515
952839,0.62415045
952840,0.55786437
952841,0.67226696
952842,0.5754584
952843,0.6456394
952844,0.5100434
952845,0.46043488
952846,0.67921925
952847,0.49695238
952848,0.657945
952849,0.5726793
952850,0.580156
952851,0.69057834
952852,0.5510581
952853,0.54693896
952854,0.25154236
952855,0.011158179
952856,0.016824214
952857,0.022304287
952858,0.010622662
952859,0.01762543
952860,0.013531671
952861,0.017671958
952862,0.052583616
952863,0.27491772
952864,0.234831
952865,0.011161131
952866,0.026873957
952867,0.02437687
952868,0.014682931
952869,0.025890931
952870,0.023795065
952871,0.035150472
952872,0.02564375
952873,0.015276587
952874,0.013676478
952875,0.012082569
952876,0.038179763
952877,0.03696434
952878,0.033632036
952879,0.02982432
952880,0.030418547
952881,0.050259877
952882,0.03729514
952883,0.20327689
952884,0.44188398
952885,0.3941711
952886,0.32341895
952887,0.22305188
952888,0.29468963
952889,0.35500538
952890,0.3412311
952891,0.23831812
952892,0.027721293
952893,0.091871314
952894,0.12770046
952895,0.20305696
952896,0.09128743
952897,0.3827695
952898,0.26462555
952899,0.4248367
952900,0.20135537
952901,0.204381
952902,0.18993466
952903,0.16588128
952904,0.14719205
952905,0.15528879
952906,0.098319314
952907,0.057059392
952908,0.33023345
952909,0.38686314
952910,0.5202204
952911,0.58443505
952912,0.59479576
952913,0.55165964
952914,0.53206366
952915,0.5786314
952916,0.6975414
952917,0.7021555
952918,0.70725644
952919,0.6029314
952920,0.6446395
952921,0.6988072
952922,0.73035294
952923,0.7092683
952924,0.6647609
952925,0.6444549
952926,0.6444549
952927,0.6995057
952928,0.6748451
952929,0.43412358
952930,0.014368911
952931,0.08373702
952932,0.10411477
952933,0.10478493
952934,0.10477402
952935,0.08846881
952936,0.10374242
952937,0.131638
952938,0.12650047
952939,0.46464738
952940,0.23044431
952941,0.25414792
952942,0.22875291
952943,0.24954711
952944,0.1951359
952945,0.18706547
952946,0.11285646
952947,0.65428585
952948,0.6027411
952949,0.7351938
952950,0.81812906
952951,0.7910743
952952,0.8510378
952953,0.81108505
952954,0.79939866
952955,0.7806791
952956,0.85273725
952957,0.86568767
952958,0.8006568
952959,0.8683416
952960,0.84447926
952961,0.79086554
952962,0.8112822
952963,0.89019847
952964,0.84077144
952965,0.8560524
952966,0.83931035
952967,0.8355859
952968,0.87838155
952969,0.83551717
952970,0.83738047
952971,0.8225798
952972,0.83539206
952973,0.83725965
952974,0.8382172
952975,0.8285005
952976,0.8152012
952977,0.8277799
952978,0.8099872
952979,0.7747143
952980,0.65258944
952981,0.118327186
952982,0.10436811
952983,0.083104685
952984,0.09648226
952985,0.22684841
952986,0.09988876
952987,0.09813739
952988,0.06498304
952989,0.070969425
952990,0.06596935
952991,0.073974006
952992,0.076524906
952993,0.06348137
952994,0.043388028
952995,0.063105814
952996,0.06364042
952997,0.06275916
952998,0.06333713
952999,0.06837194
953000,0.07812453
953001,0.05064641
953002,0.012086674
953003,0.028809272
953004,0.027812218
953005,0.02860297
953006,0.05017035
953007,0.036005244
953008,0.030677253
953009,0.032983173
953010,0.040212095
953011,0.033448204
953012,0.02355851
953013,0.10096135
953014,0.13381945
953015,0.106163
953016,0.18726526
953017,0.19211783
953018,0.14710747
953019,0.17129059
953020,0.17265248
953021,0.106505655
953022,0.30936137
953023,0.048004463
953024,0.40566623
953025,0.4952845
953026,0.54793036
953027,0.5953189
953028,0.6374502
953029,0.65404093
953030,0.60669863
953031,0.6541913
953032,0.7094579
953033,0.67094254
953034,0.63704354
953035,0.68509793
953036,0.65781385
953037,0.5727943
953038,0.69167054
953039,0.5769095
953040,0.50837845
953041,0.65898824
953042,0.73763937
953043,0.6132048
953044,0.62288064
953045,0.5452885
953046,0.64175713
953047,0.5951036
953048,0.59161115
953049,0.53106934
953050,0.3479566
953051,0.033623453
953052,0.08677797
953053,0.092707954
953054,0.09089303
953055,0.095502354
953056,0.07739038
953057,0.09067065
953058,0.057161223
953059,0.23987132
953060,0.33118477
953061,0.44120744
953062,0.4387116
953063,0.32801372
953064,0.47486004
953065,0.31645033
953066,0.5085615
953067,0.37084797
953068,0.5691946
953069,0.5610879
953070,0.41141778
953071,0.41495216
953072,0.38068047
953073,0.32850567
953074,0.017834617
953075,0.060816694
953076,0.060383875
953077,0.055049885
953078,0.058837987
953079,0.07104702
953080,0.030560892
953081,0.24240535
953082,0.306079
953083,0.23353742
953084,0.335146
953085,0.39355856
953086,0.39334553
953087,0.43739542
953088,0.28933227
953089,0.5219847
953090,0.3530566
953091,0.38390547
953092,0.44272417
953093,0.4613165
953094,0.26336983
953095,0.28695163
953096,0.027096158
953097,0.14843641
953098,0.11261058
953099,0.12998778
953100,0.15034015
953101,0.11986135
953102,0.29875985
953103,0.21860152
953104,0.22562708
953105,0.17106964
953106,0.088205
953107,0.06076997
953108,0.060485113
953109,0.07111724
953110,0.058647152
953111,0.057810158
953112,0.23465803
953113,0.02289056
953114,0.061768275
953115,0.06613391
953116,0.053510576
953117,0.21316433
953118,0.25348848
953119,0.29207706
953120,0.27622226
953121,0.31963855
953122,0.24967365
953123,0.15728669
953124,0.1794326
953125,0.15384005
953126,0.15954308
953127,0.13051924
953128,0.13305321
953129,0.15568031
953130,0.1191604
953131,0.24221396
953132,0.18958582
953133,0.16176915
953134,0.17987567
953135,0.16365321
953136,0.17861176
953137,0.16645665
953138,0.123741664
953139,0.036130544
953140,0.073358335
953141,0.24923547
953142,0.109320216
953143,0.23842175
953144,0.2771052
953145,0.27418095
953146,0.19472022
953147,0.24318697
953148,0.18421239
953149,0.37381396
953150,0.124676794
953151,0.27390057
953152,0.2762424
953153,0.42656425
953154,0.32451183
953155,0.29562488
953156,0.0177485
953157,0.06122115
953158,0.0819771
953159,0.09388127
953160,0.09732748
953161,0.054783206
953162,0.05638904
953163,0.16091476
953164,0.0577676
953165,0.049259413
953166,0.13656895
953167,0.13871115
953168,0.124496326
953169,0.27936897
953170,0.12020569
953171,0.20323299
953172,0.13836063
953173,0.42077342
953174,0.51902425
953175,0.6063171
953176,0.70483196
953177,0.7073463
953178,0.79958725
953179,0.6875716
953180,0.7125044
953181,0.72852534
953182,0.784496
953183,0.7832845
953184,0.76253474
953185,0.7267695
953186,0.7018475
953187,0.7006774
953188,0.70049673
953189,0.7536845
953190,0.7525784
953191,0.69640124
953192,0.7117903
953193,0.6233539
953194,0.78585243
953195,0.6643825
953196,0.7146864
953197,0.7190878
953198,0.7449401
953199,0.758739
953200,0.7050541
953201,0.3545812
953202,0.021462072
953203,0.060758173
953204,0.0344071
953205,0.14812796
953206,0.14679207
953207,0.097976305
953208,0.18298881
953209,0.027096475
953210,0.16358325
953211,0.11112444
953212,0.17907856
953213,0.16118339
953214,0.18713613
953215,0.16470373
953216,0.11239339
953217,0.11762023
953218,0.110092536
953219,0.09333279
953220,0.3534535
953221,0.61520064
953222,0.6892818
953223,0.6734957
953224,0.71554303
953225,0.712111
953226,0.71926147
953227,0.7035588
953228,0.7210831
953229,0.71805656
953230,0.71866375
953231,0.73236614
953232,0.6491545
953233,0.686552
953234,0.6748166
953235,0.60968214
953236,0.66376966
953237,0.4159572
953238,0.065794386
953239,0.02790221
953240,0.0077222306
953241,0.011687787
953242,0.041082762
953243,0.019261727
953244,0.021920351
953245,0.012384292
953246,0.012819681
953247,0.013651267
953248,0.034434192
953249,0.023587799
953250,0.009238781
953251,0.01272988
953252,0.01624848
953253,0.014998573
953254,0.015784279
953255,0.015549121
953256,0.013608727
953257,0.01581854
953258,0.26574546
953259,0.22504406
953260,0.15289548
953261,0.007761017
953262,0.011882254
953263,0.023387853
953264,0.009736045
953265,0.013460631
953266,0.010097567
953267,0.014996698
953268,0.011273523
953269,0.029035704
953270,0.098611005
953271,0.09105339
953272,0.17568691
953273,0.08808086
953274,0.18084095
953275,0.09477373
953276,0.11496084
953277,0.0994637
953278,0.09461267
953279,0.1203084
953280,0.16994824
953281,0.00637919
953282,0.010694666
953283,0.0105019715
953284,0.010770872
953285,0.013235831
953286,0.011461198
953287,0.00926652
953288,0.00729983
953289,0.010811501
953290,0.012621485
953291,0.017520856
953292,0.020983549
953293,0.013975238
953294,0.01282157
953295,0.014399143
953296,0.025036342
953297,0.4622413
953298,0.36115104
953299,0.33716598
953300,0.39731985
953301,0.008195748
953302,0.009374059
953303,0.01245919
953304,0.009794114
953305,0.011452924
953306,0.01187946
953307,0.012687664
953308,0.0075811287
953309,0.011978293
953310,0.011964159
953311,0.0092457365
953312,0.012682503
953313,0.011759243
953314,0.009234688
953315,0.2799232
953316,0.42304754
953317,0.21532188
953318,0.0072733914
953319,0.020797895
953320,0.011881542
953321,0.0118032945
953322,0.015882695
953323,0.010764634
953324,0.014357321
953325,0.08562257
953326,0.4560464
953327,0.39432397
953328,0.5434305
953329,0.35792765
953330,0.47831336
953331,0.532335
953332,0.5502369
953333,0.6795579
953334,0.6230295
953335,0.46363503
953336,0.5077976
953337,0.30957013
953338,0.008953952
953339,0.026268981
953340,0.014946321
953341,0.013431028
953342,0.012824419
953343,0.009117944
953344,0.01259648
953345,0.01626547
953346,0.017871926
953347,0.06132256
953348,0.060347766
953349,0.048389804
953350,0.039930157
953351,0.0071095102
953352,0.01285934
953353,0.008713596
953354,0.009026202
953355,0.009089202
953356,0.01098357
953357,0.008503383
953358,0.0102006495
953359,0.009818951
953360,0.024042323
953361,0.023142532
953362,0.03032303
953363,0.027476698
953364,0.028056981
953365,0.013771452
953366,0.027476603
953367,0.024387684
953368,0.016896077
953369,0.052261896
953370,0.016330237
953371,0.029756613
953372,0.05653828
953373,0.02338897
953374,0.06615394
953375,0.023149032
953376,0.01338155
953377,0.05793447
953378,0.053600114
953379,0.051772382
953380,0.05211402
953381,0.058344226
953382,0.05529756
953383,0.24008562
953384,0.22753479
953385,0.16463168
953386,0.00760587
953387,0.01479082
953388,0.015112833
953389,0.01281129
953390,0.017535679
953391,0.013987188
953392,0.010850373
953393,0.025879588
953394,0.0160776
953395,0.23096526
953396,0.017648647
953397,0.05271995
953398,0.054278076
953399,0.045781545
953400,0.052019984
953401,0.051189106
953402,0.057846084
953403,0.038138144
953404,0.0118735
953405,0.010415251
953406,0.015035869
953407,0.010652893
953408,0.017242713
953409,0.016167132
953410,0.042442657
953411,0.02578554
953412,0.014363935
953413,0.03790696
953414,0.034581386
953415,0.036779948
953416,0.036777556
953417,0.04062619
953418,0.03590379
953419,0.028540263
953420,0.012632625
953421,0.029228201
953422,0.035973888
953423,0.030714396
953424,0.03151962
953425,0.027801726
953426,0.13224022
953427,0.1417785
953428,0.1318981
953429,0.10013975
953430,0.012408361
953431,0.12762418
953432,0.1321287
953433,0.13386084
953434,0.11449111
953435,0.35239056
953436,0.34079745
953437,0.10822434
953438,0.17374319
953439,0.025941888
953440,0.10368931
953441,0.07375424
953442,0.0911921
953443,0.21564408
953444,0.21414946
953445,0.18881704
953446,0.18212463
953447,0.18476884
953448,0.14041014
953449,0.04080165
953450,0.11283067
953451,0.11145681
953452,0.11591648
953453,0.12203784
953454,0.11995063
953455,0.12112124
953456,0.079255305
953457,0.026074152
953458,0.050042853
953459,0.051061396
953460,0.04861648
953461,0.051962066
953462,0.057959817
953463,0.056761924
953464,0.048597503
953465,0.22446546
953466,0.014633997
953467,0.038713112
953468,0.040166397
953469,0.043973383
953470,0.04658581
953471,0.044875834
953472,0.04514774
953473,0.049464133
953474,0.027512232
953475,0.08726984
953476,0.08736354
953477,0.12858607
953478,0.19866537
953479,0.12693943
953480,0.13069661
953481,0.118352935
953482,0.15034151
953483,0.11121116
953484,0.01272931
953485,0.036908675
953486,0.04567821
953487,0.037498016
953488,0.046980545
953489,0.045387555
953490,0.042398904
953491,0.11092546
953492,0.11667937
953493,0.10611753
953494,0.012376643
953495,0.035377186
953496,0.034072723
953497,0.028646043
953498,0.028498504
953499,0.02615107
953500,0.028064018
953501,0.029003905
953502,0.020414822
953503,0.24741046
953504,0.17699249
953505,0.2432762
953506,0.17663614
953507,0.25116655
953508,0.22050479
953509,0.36932045
953510,0.4268063
953511,0.4475982
953512,0.30476543
953513,0.0139919715
953514,0.07474072
953515,0.12653294
953516,0.13195558
953517,0.16827154
953518,0.105714254
953519,0.1123029
953520,0.05988717
953521,0.081832685
953522,0.14721075
953523,0.074825585
953524,0.016687967
953525,0.22081025
953526,0.289902
953527,0.26664385
953528,0.23580076
953529,0.21191588
953530,0.2329126
953531,0.27113122
953532,0.036208723
953533,0.051802527
953534,0.08115649
953535,0.043380685
953536,0.07795263
953537,0.08799015
953538,0.042641457
953539,0.06384467
953540,0.08745234
953541,0.055682603
953542,0.4496268
953543,0.5829029
953544,0.6086635
953545,0.71587336
953546,0.4887917
953547,0.3503993
953548,0.31007573
953549,0.47418267
953550,0.5952997
953551,0.54716456
953552,0.5513633
953553,0.62593174
953554,0.55061775
953555,0.4721902
953556,0.44290072
953557,0.56987894
953558,0.367679
953559,0.3364923
953560,0.44758636
953561,0.26089025
953562,0.2833343
953563,0.22709638
953564,0.37898213
953565,0.33474362
953566,0.29480746
953567,0.16028239
953568,0.15754873
953569,0.16738461
953570,0.15079449
953571,0.16870882
953572,0.18019313
953573,0.15579394
953574,0.14031024
953575,0.41129482
953576,0.47178048
953577,0.43145365
953578,0.4934508
953579,0.40376142
953580,0.47584334
953581,0.579563
953582,0.51168215
953583,0.49476478
953584,0.511088
953585,0.4701035
953586,0.039663132
953587,0.119426
953588,0.031500164
953589,0.33705416
953590,0.5652693
953591,0.39279673
953592,0.44441962
953593,0.4027058
953594,0.54391503
953595,0.42335647
953596,0.54446274
953597,0.45438084
953598,0.46549013
953599,0.20978469
953600,0.35079035
953601,0.18254144
953602,0.32726535
953603,0.37219235
953604,0.14997306
953605,0.054342993
953606,0.13295816
953607,0.21239206
953608,0.18461326
953609,0.15683109
953610,0.13676433
953611,0.14549656
953612,0.12588683
953613,0.018111847
953614,0.03988514
953615,0.0347795
953616,0.041982494
953617,0.032760136
953618,0.040621366
953619,0.042886052
953620,0.062554695
953621,0.033895496
953622,0.14855915
953623,0.19906212
953624,0.16706774
953625,0.16593097
953626,0.15066518
953627,0.20141926
953628,0.17739399
953629,0.16359809
953630,0.16901378
953631,0.17628975
953632,0.112031884
953633,0.012257493
953634,0.03205391
953635,0.034259457
953636,0.030232042
953637,0.03301632
953638,0.04565142
953639,0.043340374
953640,0.009745823
953641,0.023328537
953642,0.02613109
953643,0.027430134
953644,0.02668464
953645,0.019578792
953646,0.023644045
953647,0.031936374
953648,0.032601044
953649,0.08332845
953650,0.018357111
953651,0.05838316
953652,0.06965423
953653,0.07517915
953654,0.0772449
953655,0.019633979
953656,0.043692883
953657,0.04799229
953658,0.04353254
953659,0.04261153
953660,0.044070616
953661,0.044858824
953662,0.034353532
953663,0.019335369
953664,0.078797415
953665,0.06327742
953666,0.061197583
953667,0.07567308
953668,0.093172446
953669,0.07305155
953670,0.085492745
953671,0.05766015
953672,0.009412514
953673,0.016573668
953674,0.016958054
953675,0.018342191
953676,0.020036934
953677,0.021215405
953678,0.02004718
953679,0.019637214
953680,0.02525986
953681,0.042366765
953682,0.040996194
953683,0.044236615
953684,0.06338837
953685,0.04464091
953686,0.05170536
953687,0.038313776
953688,0.009439401
953689,0.029043507
953690,0.03207018
953691,0.02872381
953692,0.031327605
953693,0.035535432
953694,0.030697169
953695,0.024315214
953696,0.041253258
953697,0.28817585
953698,0.30345333
953699,0.17349698
953700,0.34243274
953701,0.16823219
953702,0.26755482
953703,0.09656302
953704,0.116446055
953705,0.12726465
953706,0.34630892
953707,0.3176178
953708,0.36262435
953709,0.12900285
953710,0.3336958
953711,0.21932125
953712,0.010504688
953713,0.02335549
953714,0.021900656
953715,0.03328916
953716,0.02034453
953717,0.017534906
953718,0.03130461
953719,0.020142594
953720,0.02320683
953721,0.015233756
953722,0.05070097
953723,0.048890986
953724,0.05741612
953725,0.05639677
953726,0.021241339
953727,0.08183192
953728,0.14926085
953729,0.11730172
953730,0.09718194
953731,0.13717812
953732,0.12633012
953733,0.12923804
953734,0.17221369
953735,0.07464751
953736,0.47173208
953737,0.5694075
953738,0.59759593
953739,0.616855
953740,0.65014404
953741,0.7257248
953742,0.6533213
953743,0.7742688
953744,0.5490077
953745,0.5714875
953746,0.6007578
953747,0.66148794
953748,0.6506997
953749,0.6355097
953750,0.6294396
953751,0.5721027
953752,0.64709777
953753,0.63458055
953754,0.64814544
953755,0.60833824
953756,0.29093716
953757,0.04711709
953758,0.30388665
953759,0.33475503
953760,0.3722697
953761,0.37633818
953762,0.45176718
953763,0.41259047
953764,0.43526652
953765,0.31492332
953766,0.32745734
953767,0.2819425
953768,0.4147187
953769,0.40355766
953770,0.39692634
953771,0.30439526
953772,0.29650384
953773,0.011627622
953774,0.034310564
953775,0.03125172
953776,0.0238266
953777,0.029837571
953778,0.027624154
953779,0.024515556
953780,0.038731314
953781,0.025490116
953782,0.24543566
953783,0.03907209
953784,0.19544959
953785,0.28045622
953786,0.2532555
953787,0.38456357
953788,0.15329528
953789,0.20060632
953790,0.14049366
953791,0.18633197
953792,0.18524049
953793,0.281174
953794,0.19903605
953795,0.20586851
953796,0.26078895
953797,0.14493074
953798,0.012476421
953799,0.04080641
953800,0.04341122
953801,0.044961285
953802,0.046809446
953803,0.037816506
953804,0.03908251
953805,0.034962177
953806,0.3410573
953807,0.51053005
953808,0.52256656
953809,0.37642747
953810,0.42962453
953811,0.2986997
953812,0.4778579
953813,0.37318462
953814,0.55238193
953815,0.4946237
953816,0.5538237
953817,0.48765334
953818,0.39073005
953819,0.27694553
953820,0.31234795
953821,0.38345188
953822,0.22960632
953823,0.11007426
953824,0.24053058
953825,0.25086492
953826,0.29845038
953827,0.30586937
953828,0.21981053
953829,0.014214399
953830,0.01798354
953831,0.014870339
953832,0.021226294
953833,0.019666757
953834,0.015845845
953835,0.017736739
953836,0.1605481
953837,0.10852778
953838,0.13664462
953839,0.2593343
953840,0.11586191
953841,0.18318336
953842,0.0065919044
953843,0.011509701
953844,0.0103071425
953845,0.010476949
953846,0.00975828
953847,0.010820903
953848,0.010664242
953849,0.04778647
953850,0.0054308698
953851,0.013215315
953852,0.015146369
953853,0.012804441
953854,0.011784238
953855,0.012699903
953856,0.012388539
953857,0.1367687
953858,0.07043065
953859,0.07797207
953860,0.07087465
953861,0.05193332
953862,0.008752141
953863,0.015740884
953864,0.011144413
953865,0.009179831
953866,0.014813175
953867,0.01835281
953868,0.017687693
953869,0.01463366
953870,0.028418478
953871,0.0553194
953872,0.07135843
953873,0.06419318
953874,0.057911374
953875,0.07287015
953876,0.06538022
953877,0.008567889
953878,0.018992892
953879,0.012442227
953880,0.010357775
953881,0.013883806
953882,0.21430764
953883,0.24632053
953884,0.26950178
953885,0.02231618
953886,0.016319532
953887,0.014776846
953888,0.014068164
953889,0.016681904
953890,0.017917857
953891,0.0102251265
953892,0.013788217
953893,0.018499233
953894,0.011859886
953895,0.016006194
953896,0.013786862
953897,0.015905257
953898,0.12567887
953899,0.084413946
953900,0.0070351204
953901,0.014729763
953902,0.016129814
953903,0.015602106
953904,0.01430245
953905,0.0141518945
953906,0.015903175
953907,0.020029584
953908,0.043860182
953909,0.05203019
953910,0.038309254
953911,0.03665505
953912,0.16148359
953913,0.31169307
953914,0.116932966
953915,0.16189405
953916,0.1470926
953917,0.14697814
953918,0.009038084
953919,0.024200397
953920,0.025995621
953921,0.020314168
953922,0.022546118
953923,0.025477564
953924,0.022857526
953925,0.019612554
953926,0.09015911
953927,0.18288997
953928,0.10647629
953929,0.20235737
953930,0.14138871
953931,0.13437325
953932,0.19073169
953933,0.14108133
953934,0.029254874
953935,0.08163145
953936,0.07930712
953937,0.12422682
953938,0.19241649
953939,0.21260305
953940,0.18367115
953941,0.08593329
953942,0.07183338
953943,0.017104363
953944,0.048579406
953945,0.053971026
953946,0.056914028
953947,0.054273367
953948,0.05172763
953949,0.058401342
953950,0.0606784
953951,0.0607019
953952,0.06372986
953953,0.0701298
953954,0.036336765
953955,0.3398416
953956,0.37603155
953957,0.531958
953958,0.253534
953959,0.2585516
953960,0.28245398
953961,0.36629012
953962,0.027577756
953963,0.15532632
953964,0.043316755
953965,0.18414254
953966,0.073108055
953967,0.0808888
953968,0.06900755
953969,0.038918708
953970,0.04196664
953971,0.08685197
953972,0.07125858
953973,0.41656068
953974,0.55703497
953975,0.68773335
953976,0.7131672
953977,0.7405062
953978,0.784124
953979,0.7601231
953980,0.74774563
953981,0.68910754
953982,0.76192194
953983,0.47767112
953984,0.766944
953985,0.75193757
953986,0.6762237
953987,0.76670635
953988,0.7021644
953989,0.7369957
953990,0.7754224
953991,0.74377173
953992,0.64339525
953993,0.68859684
953994,0.5925427
953995,0.33878714
953996,0.03947216
953997,0.13717748
953998,0.16372478
953999,0.09187878
954000,0.3032273
954001,0.08498126
954002,0.14384757
954003,0.084711485
954004,0.0636676
954005,0.054870386
954006,0.015384002
954007,0.12476664
954008,0.055200394
954009,0.04010393
954010,0.043862212
954011,0.04572935
954012,0.04104869
954013,0.012489088
954014,0.02969943
954015,0.04592076
954016,0.025652573
954017,0.04041312
954018,0.23019238
954019,0.42541972
954020,0.12871452
954021,0.01895624
954022,0.025706982
954023,0.03479864
954024,0.16652648
954025,0.17206629
954026,0.12437516
954027,0.033570364
954028,0.0853084
954029,0.2215361
954030,0.0689407
954031,0.09654311
954032,0.14234309
954033,0.10582514
954034,0.27421784
954035,0.49338925
954036,0.5612241
954037,0.5072913
954038,0.52836525
954039,0.62434554
954040,0.6991817
954041,0.60718685
954042,0.6163049
954043,0.5627495
954044,0.58148605
954045,0.6184208
954046,0.5918822
954047,0.5703329
954048,0.3953678
954049,0.02261697
954050,0.037485085
954051,0.03683193
954052,0.03395952
954053,0.037513748
954054,0.47187975
954055,0.5433519
954056,0.4976863
954057,0.512674
954058,0.5639047
954059,0.6006441
954060,0.59376794
954061,0.58805573
954062,0.65024453
954063,0.6025629
954064,0.42477793
954065,0.01067245
954066,0.045260653
954067,0.027789908
954068,0.022052638
954069,0.019424025
954070,0.18781377
954071,0.101563096
954072,0.16934954
954073,0.009438184
954074,0.035483126
954075,0.0357843
954076,0.034091387
954077,0.072137386
954078,0.048257597
954079,0.070412494
954080,0.076178856
954081,0.079078734
954082,0.06708559
954083,0.072098404
954084,0.06895873
954085,0.21930882
954086,0.16739014
954087,0.019360207
954088,0.052819803
954089,0.040283255
954090,0.047925923
954091,0.0470432
954092,0.04896443
954093,0.04250745
954094,0.05574972
954095,0.032477684
954096,0.048218668
954097,0.06824401
954098,0.017648688
954099,0.08118962
954100,0.086648576
954101,0.088749215
954102,0.0825058
954103,0.07941745
954104,0.07361914
954105,0.11641419
954106,0.023699416
954107,0.06826614
954108,0.07492151
954109,0.078685805
954110,0.09130934
954111,0.07156021
954112,0.0728653
954113,0.07292139
954114,0.04485304
954115,0.0769215
954116,0.2633117
954117,0.20495848
954118,0.15848501
954119,0.13891643
954120,0.13383326
954121,0.14028278
954122,0.16677123
954123,0.16266906
954124,0.036222693
954125,0.11612641
954126,0.13478248
954127,0.105245516
954128,0.12679064
954129,0.08689898
954130,0.27178392
954131,0.41889438
954132,0.36957514
954133,0.3455139
954134,0.20705807
954135,0.19041082
954136,0.11552611
954137,0.15647782
954138,0.16378477
954139,0.15818416
954140,0.55986243
954141,0.46887857
954142,0.34397888
954143,0.4927451
954144,0.50133795
954145,0.406217
954146,0.41459367
954147,0.5433751
954148,0.39394012
954149,0.4976177
954150,0.29694185
954151,0.25423747
954152,0.15008552
954153,0.30212775
954154,0.14339337
954155,0.14769028
954156,0.12420643
954157,0.08243847
954158,0.018349962
954159,0.20391811
954160,0.26022908
954161,0.2776758
954162,0.22716634
954163,0.2092485
954164,0.18997765
954165,0.3841759
954166,0.015088188
954167,0.070677534
954168,0.07577767
954169,0.064784884
954170,0.07029284
954171,0.18570973
954172,0.067648984
954173,0.0650627
954174,0.04830042
954175,0.0750904
954176,0.043534335
954177,0.038952887
954178,0.051539212
954179,0.052799378
954180,0.033936303
954181,0.039891195
954182,0.033309657
954183,0.07214393
954184,0.04917324
954185,0.06502927
954186,0.07534227
954187,0.109472886
954188,0.057000842
954189,0.04073245
954190,0.089893684
954191,0.04425579
954192,0.037491247
954193,0.03442
954194,0.04361228
954195,0.03496858
954196,0.008939889
954197,0.017864652
954198,0.016329134
954199,0.018060785
954200,0.016681606
954201,0.018281065
954202,0.017146895
954203,0.018039946
954204,0.23011316
954205,0.2913569
954206,0.20118006
954207,0.20787558
954208,0.24046688
954209,0.30992648
954210,0.18969746
954211,0.009044783
954212,0.02937472
954213,0.022777999
954214,0.028543172
954215,0.029641936
954216,0.033517566
954217,0.030035784
954218,0.1705333
954219,0.296744
954220,0.2410504
954221,0.20727384
954222,0.21126665
954223,0.082860716
954224,0.22944735
954225,0.07112028
954226,0.037876558
954227,0.006440699
954228,0.014582518
954229,0.012012566
954230,0.014869362
954231,0.015409619
954232,0.013030611
954233,0.013329254
954234,0.0065243286
954235,0.0153934
954236,0.013910716
954237,0.015037085
954238,0.014334995
954239,0.014327115
954240,0.013043262
954241,0.013160965
954242,0.0066545806
954243,0.011257972
954244,0.011775169
954245,0.011419841
954246,0.013102593
954247,0.013883115
954248,0.01306214
954249,0.19110568
954250,0.0077774264
954251,0.018820262
954252,0.010167239
954253,0.014066503
954254,0.009830311
954255,0.012562848
954256,0.011381479
954257,0.051242143
954258,0.06600276
954259,0.16879353
954260,0.057670236
954261,0.058603324
954262,0.007902037
954263,0.023205644
954264,0.018709062
954265,0.022532681
954266,0.026833896
954267,0.09861211
954268,0.11058539
954269,0.037853055
954270,0.26552778
954271,0.059696082
954272,0.15029524
954273,0.054657247
954274,0.052991357
954275,0.05560405
954276,0.08876825
954277,0.048508722
954278,0.32372618
954279,0.022246499
954280,0.056393143
954281,0.041550085
954282,0.054860383
954283,0.050798114
954284,0.05027956
954285,0.039804343
954286,0.049757607
954287,0.051525693
954288,0.04288637
954289,0.0110492
954290,0.026938103
954291,0.02889128
954292,0.036219124
954293,0.03239743
954294,0.02985828
954295,0.03327404
954296,0.026397036
954297,0.012230631
954298,0.07487846
954299,0.0948561
954300,0.08425554
954301,0.088627525
954302,0.07293017
954303,0.09734985
954304,0.073015876
954305,0.36608866
954306,0.38718402
954307,0.45329076
954308,0.4239911
954309,0.41608408
954310,0.5294737
954311,0.43904293
954312,0.5299037
954313,0.50668854
954314,0.42642254
954315,0.45509964
954316,0.47035447
954317,0.48981082
954318,0.17994924
954319,0.017220935
954320,0.06494701
954321,0.12464683
954322,0.011440547
954323,0.030521475
954324,0.031868372
954325,0.039552916
954326,0.034705214
954327,0.020001711
954328,0.12436498
954329,0.15985018
954330,0.26598692
954331,0.1215172
954332,0.20028575
954333,0.14047079
954334,0.123978816
954335,0.11733728
954336,0.03811049
954337,0.12841552
954338,0.13271625
954339,0.08512962
954340,0.065350756
954341,0.08401701
954342,0.08950485
954343,0.07467465
954344,0.07038132
954345,0.2933187
954346,0.021210704
954347,0.035850175
954348,0.025535995
954349,0.01837504
954350,0.04095503
954351,0.026917424
954352,0.028410276
954353,0.09607233
954354,0.054956403
954355,0.06646315
954356,0.055615596
954357,0.23745525
954358,0.21271147
954359,0.32346737
954360,0.3031734
954361,0.28953725
954362,0.28412333
954363,0.28084868
954364,0.18120258
954365,0.021869462
954366,0.05990121
954367,0.05004316
954368,0.04347576
954369,0.032434497
954370,0.027263658
954371,0.042609427
954372,0.030479921
954373,0.039528746
954374,0.11223938
954375,0.15083596
954376,0.46626422
954377,0.3852259
954378,0.41729012
954379,0.32707182
954380,0.32675627
954381,0.3213412
954382,0.36020327
954383,0.1300963
954384,0.21493313
954385,0.022280196
954386,0.06326275
954387,0.19850512
954388,0.1816951
954389,0.11875672
954390,0.1230798
954391,0.04557096
954392,0.18425724
954393,0.5005354
954394,0.7535916
954395,0.7489414
954396,0.80165327
954397,0.85641664
954398,0.86939985
954399,0.8973538
954400,0.8604341
954401,0.8599551
954402,0.87641567
954403,0.8717352
954404,0.8957522
954405,0.8946209
954406,0.8857298
954407,0.8824872
954408,0.9039484
954409,0.8969967
954410,0.8875361
954411,0.90305734
954412,0.8974986
954413,0.8936915
954414,0.8943628
954415,0.8905883
954416,0.90371394
954417,0.89461964
954418,0.8899283
954419,0.8954463
954420,0.9070424
954421,0.906829
954422,0.8946189
954423,0.9020622
954424,0.91930383
954425,0.8668666
954426,0.86172813
954427,0.88540053
954428,0.8481892
954429,0.83655757
954430,0.8590238
954431,0.8532566
954432,0.866337
954433,0.8400434
954434,0.91483045
954435,0.9026986
954436,0.88816214
954437,0.8705504
954438,0.90409654
954439,0.9107337
954440,0.8847315
954441,0.9074694
954442,0.89345014
954443,0.9056291
954444,0.8345327
954445,0.9136779
954446,0.89616615
954447,0.8711945
954448,0.8915896
954449,0.90801907
954450,0.89692926
954451,0.9046067
954452,0.90347296
954453,0.893216
954454,0.70209664
954455,0.74067736
954456,0.77395016
954457,0.81603247
954458,0.7870998
954459,0.81862515
954460,0.82122666
954461,0.7919202
954462,0.79943925
954463,0.6179125
954464,0.5664195
954465,0.05620018
954466,0.3548475
954467,0.5584236
954468,0.5786777
954469,0.55212486
954470,0.5580301
954471,0.61256963
954472,0.55235213
954473,0.5796432
954474,0.52490586
954475,0.5996434
954476,0.5477562
954477,0.52535427
954478,0.31226042
954479,0.1444562
954480,0.09738567
954481,0.093925126
954482,0.51435906
954483,0.35522062
954484,0.2674821
954485,0.024867311
954486,0.111365914
954487,0.098001175
954488,0.09773617
954489,0.10507579
954490,0.29851872
954491,0.1814391
954492,0.16758145
954493,0.14583106
954494,0.26559132
954495,0.2580425
954496,0.20552984
954497,0.22918597
954498,0.0845476
954499,0.30021
954500,0.20363963
954501,0.18763696
954502,0.2090324
954503,0.24604723
954504,0.015113515
954505,0.027878623
954506,0.038597997
954507,0.045883525
954508,0.040015914
954509,0.038501225
954510,0.040279873
954511,0.033701945
954512,0.3409184
954513,0.016505327
954514,0.036064386
954515,0.029841503
954516,0.027416702
954517,0.037536845
954518,0.025386143
954519,0.031768426
954520,0.029702885
954521,0.0155724315
954522,0.03998777
954523,0.033899814
954524,0.052619703
954525,0.04143733
954526,0.02976684
954527,0.03453932
954528,0.035403166
954529,0.050457735
954530,0.012700926
954531,0.029211836
954532,0.03083516
954533,0.02312855
954534,0.031464994
954535,0.025373558
954536,0.027671002
954537,0.03174853
954538,0.014547017
954539,0.03724916
954540,0.03193955
954541,0.029736923
954542,0.04165674
954543,0.035504524
954544,0.03858592
954545,0.034042746
954546,0.05083289
954547,0.04050229
954548,0.14792278
954549,0.16267507
954550,0.17444174
954551,0.20951976
954552,0.16963306
954553,0.17914565
954554,0.164124
954555,0.19603166
954556,0.2554525
954557,0.24036947
954558,0.05966535
954559,0.34303
954560,0.3495738
954561,0.28493714
954562,0.07641731
954563,0.19110242
954564,0.07142012
954565,0.09023295
954566,0.081710875
954567,0.098688066
954568,0.12096811
954569,0.27325574
954570,0.45956776
954571,0.33409923
954572,0.37793323
954573,0.2792936
954574,0.4212047
954575,0.25407016
954576,0.22788878
954577,0.03310712
954578,0.0470137
954579,0.064839885
954580,0.06696853
954581,0.067133784
954582,0.044051487
954583,0.07968532
954584,0.06869854
954585,0.05482341
954586,0.038678754
954587,0.018273849
954588,0.064079486
954589,0.06920651
954590,0.21197772
954591,0.23004572
954592,0.29695833
954593,0.3803575
954594,0.22753689
954595,0.16227314
954596,0.13125825
954597,0.059477758
954598,0.07302883
954599,0.08238746
954600,0.054856896
954601,0.07394762
954602,0.044276655
954603,0.118248135
954604,0.11705252
954605,0.010072551
954606,0.046383034
954607,0.10015969
954608,0.07492844
954609,0.11084062
954610,0.086605184
954611,0.32135147
954612,0.025198998
954613,0.07308761
954614,0.018470947
954615,0.036537487
954616,0.23913798
954617,0.24209851
954618,0.526234
954619,0.64624554
954620,0.7372646
954621,0.79355776
954622,0.80186576
954623,0.8049907
954624,0.7844264
954625,0.7963295
954626,0.7944745
954627,0.8106749
954628,0.7900644
954629,0.8068715
954630,0.78868145
954631,0.7891351
954632,0.77811337
954633,0.79020494
954634,0.75016665
954635,0.8069499
954636,0.7718599
954637,0.78134257
954638,0.79274064
954639,0.7693272
954640,0.7927786
954641,0.69569457
954642,0.7872248
954643,0.7537204
954644,0.7650169
954645,0.71698177
954646,0.7587356
954647,0.68850446
954648,0.76633596
954649,0.7277028
954650,0.54624534
954651,0.25046855
954652,0.10043441
954653,0.088737264
954654,0.115539886
954655,0.093896404
954656,0.08631142
954657,0.0966299
954658,0.084675685
954659,0.06389187
954660,0.03206311
954661,0.023249952
954662,0.031626515
954663,0.032684974
954664,0.025911946
954665,0.026046686
954666,0.02376082
954667,0.029022183
954668,0.024005037
954669,0.0522571
954670,0.017031636
954671,0.09293668
954672,0.05391665
954673,0.087638006
954674,0.025323665
954675,0.061059143
954676,0.03789154
954677,0.04267496
954678,0.011550427
954679,0.087095216
954680,0.213271
954681,0.24798636
954682,0.24791269
954683,0.038711496
954684,0.07280532
954685,0.04728946
954686,0.052428212
954687,0.057213802
954688,0.036230136
954689,0.022087522
954690,0.0419689
954691,0.043956127
954692,0.04723749
954693,0.041486394
954694,0.07436624
954695,0.06425528
954696,0.03798905
954697,0.18028769
954698,0.17360102
954699,0.1675936
954700,0.14176711
954701,0.22823009
954702,0.11890159
954703,0.14861134
954704,0.15001985
954705,0.016685376
954706,0.065988205
954707,0.061939858
954708,0.06254965
954709,0.052609805
954710,0.04729493
954711,0.017411752
954712,0.08814236
954713,0.04422189
954714,0.049135324
954715,0.045037042
954716,0.20341408
954717,0.12386779
954718,0.035937946
954719,0.31162238
954720,0.19442187
954721,0.21402179
954722,0.46831682
954723,0.49331075
954724,0.55272317
954725,0.57160926
954726,0.22858353
954727,0.38256916
954728,0.3434793
954729,0.42643103
954730,0.42403132
954731,0.4948146
954732,0.5179572
954733,0.5500074
954734,0.54784626
954735,0.22584085
954736,0.03381997
954737,0.06401496
954738,0.06256013
954739,0.05606498
954740,0.053547055
954741,0.048840884
954742,0.051093765
954743,0.16783008
954744,0.19973823
954745,0.17899773
954746,0.15171178
954747,0.1630262
954748,0.14988035
954749,0.09928329
954750,0.020832602
954751,0.038251083
954752,0.047081567
954753,0.04307861
954754,0.07566526
954755,0.08717724
954756,0.0408408
954757,0.062133096
954758,0.050257977
954759,0.052538536
954760,0.016591957
954761,0.073359616
954762,0.07884353
954763,0.104069255
954764,0.021300435
954765,0.054425646
954766,0.061492298
954767,0.15929076
954768,0.060178198
954769,0.06591435
954770,0.052681956
954771,0.05032819
954772,0.05554335
954773,0.014219792
954774,0.042366013
954775,0.042826697
954776,0.04147035
954777,0.32653826
954778,0.17547847
954779,0.23074223
954780,0.235997
954781,0.097987324
954782,0.03039022
954783,0.18556859
954784,0.20218179
954785,0.13937968
954786,0.23559125
954787,0.13701366
954788,0.14265043
954789,0.2714732
954790,0.1333107
954791,0.17595404
954792,0.23348936
954793,0.36956224
954794,0.33727157
954795,0.05706243
954796,0.10323538
954797,0.06766684
954798,0.16202357
954799,0.19085531
954800,0.1822307
954801,0.17659983
954802,0.12852688
954803,0.16394785
954804,0.169169
954805,0.16672052
954806,0.08420379
954807,0.08394154
954808,0.12843685
954809,0.13196196
954810,0.13190454
954811,0.12700346
954812,0.086870424
954813,0.29878017
954814,0.28224418
954815,0.28578228
954816,0.18948293
954817,0.29571795
954818,0.2190351
954819,0.32357287
954820,0.21852934
954821,0.27759793
954822,0.11983331
954823,0.062081125
954824,0.03267906
954825,0.044742633
954826,0.04585345
954827,0.03709728
954828,0.23578678
954829,0.22273211
954830,0.113373145
954831,0.116592236
954832,0.26460692
954833,0.19541855
954834,0.02145607
954835,0.098320015
954836,0.10556912
954837,0.098993465
954838,0.129147
954839,0.09766661
954840,0.09394143
954841,0.070977695
954842,0.01627902
954843,0.03834829
954844,0.048719328
954845,0.041175738
954846,0.040533118
954847,0.031311736
954848,0.04495349
954849,0.02747001
954850,0.036033507
954851,0.12741694
954852,0.12653412
954853,0.10135841
954854,0.1266129
954855,0.13171151
954856,0.13283461
954857,0.15302299
954858,0.020981973
954859,0.08649663
954860,0.059813112
954861,0.07522422
954862,0.06405274
954863,0.08102955
954864,0.08035356
954865,0.021881783
954866,0.06358302
954867,0.07642079
954868,0.06736685
954869,0.0645396
954870,0.06343242
954871,0.0688943
954872,0.050408766
954873,0.017268669
954874,0.028831206
954875,0.034792427
954876,0.03956261
954877,0.034303375
954878,0.033985894
954879,0.028633345
954880,0.029922528
954881,0.2860595
954882,0.5002668
954883,0.5649657
954884,0.55348843
954885,0.5634166
954886,0.71508384
954887,0.5903551
954888,0.7347021
954889,0.6067213
954890,0.69244474
954891,0.59626806
954892,0.6840226
954893,0.5769916
954894,0.52230924
954895,0.6896574
954896,0.56664836
954897,0.64994776
954898,0.44433996
954899,0.5653021
954900,0.6357129
954901,0.25234884
954902,0.030140387
954903,0.16699699
954904,0.022839118
954905,0.050758157
954906,0.04282404
954907,0.050314795
954908,0.051939327
954909,0.06111471
954910,0.1926678
954911,0.2305644
954912,0.20158179
954913,0.38573313
954914,0.13687536
954915,0.07819759
954916,0.21556425
954917,0.2896407
954918,0.09456902
954919,0.040940985
954920,0.054946862
954921,0.040940374
954922,0.023298591
954923,0.037992686
954924,0.03452126
954925,0.03435858
954926,0.038627148
954927,0.018928908
954928,0.048144
954929,0.044186223
954930,0.06693011
954931,0.0714856
954932,0.08074227
954933,0.06900222
954934,0.058103677
954935,0.04131838
954936,0.012981306
954937,0.021788655
954938,0.02457653
954939,0.09058797
954940,0.03480706
954941,0.041453518
954942,0.023651212
954943,0.023095302
954944,0.02447892
954945,0.06460914
954946,0.22385436
954947,0.26660356
954948,0.43317354
954949,0.43040884
954950,0.43115222
954951,0.43277833
954952,0.43277833
954953,0.4275161
954954,0.41733006
954955,0.3582384
954956,0.34674692
954957,0.13109595
954958,0.012145563
954959,0.0470022
954960,0.023420932
954961,0.04055584
954962,0.030580565
954963,0.03408738
954964,0.029237965
954965,0.027440146
954966,0.02932621
954967,0.01921384
954968,0.08675094
954969,0.1075962
954970,0.26654413
954971,0.13908601
954972,0.13032238
954973,0.14425996
954974,0.1438954
954975,0.13531043
954976,0.13167731
954977,0.16952962
954978,0.12598532
954979,0.100095905
954980,0.011031779
954981,0.029650431
954982,0.054801222
954983,0.023569949
954984,0.033159126
954985,0.026032759
954986,0.03292174
954987,0.024902051
954988,0.38492066
954989,0.027408274
954990,0.031967457
954991,0.030115215
954992,0.033096727
954993,0.03181247
954994,0.035026297
954995,0.031712044
954996,0.029837053
954997,0.013743839
954998,0.073378906
954999,0.064513326
955000,0.104689315
955001,0.59731245
955002,0.8121345
955003,0.73716944
955004,0.77987146
955005,0.7900105
955006,0.79346365
955007,0.8075453
955008,0.78287965
955009,0.8128642
955010,0.8125399
955011,0.80033475
955012,0.8032715
955013,0.80329955
955014,0.5651879
955015,0.82922274
955016,0.820595
955017,0.78944945
955018,0.7920484
955019,0.58225924
955020,0.76399124
955021,0.7800061
955022,0.4023945
955023,0.053344306
955024,0.037763163
955025,0.036960427
955026,0.23362449
955027,0.06513115
955028,0.08894968
955029,0.09177054
955030,0.13487248
955031,0.10483646
955032,0.09844226
955033,0.20433006
955034,0.14831178
955035,0.17896624
955036,0.033619717
955037,0.07772656
955038,0.09264758
955039,0.18376806
955040,0.1247133
955041,0.13844584
955042,0.1358731
955043,0.099190235
955044,0.22215995
955045,0.28174725
955046,0.116572835
955047,0.2542638
955048,0.13631256
955049,0.10745663
955050,0.21014692
955051,0.39616564
955052,0.1819119
955053,0.025017472
955054,0.06503298
955055,0.056642883
955056,0.06458084
955057,0.06590068
955058,0.05364228
955059,0.040735055
955060,0.3629179
955061,0.040690023
955062,0.09062842
955063,0.09350481
955064,0.28113618
955065,0.5664298
955066,0.38024884
955067,0.40843213
955068,0.33586085
955069,0.2197767
955070,0.3248469
955071,0.4231172
955072,0.38045466
955073,0.52444553
955074,0.4229702
955075,0.30797568
955076,0.03267058
955077,0.27300873
955078,0.30510423
955079,0.2818707
955080,0.26580977
955081,0.36651784
955082,0.27456418
955083,0.30950832
955084,0.015260318
955085,0.04311303
955086,0.04278479
955087,0.038506415
955088,0.03576553
955089,0.03378689
955090,0.03165776
955091,0.04379525
955092,0.059039887
955093,0.32779372
955094,0.42254907
955095,0.50411755
955096,0.5625751
955097,0.6384366
955098,0.6596986
955099,0.63437754
955100,0.66631854
955101,0.67120725
955102,0.7342767
955103,0.65221155
955104,0.67515665
955105,0.64891046
955106,0.612879
955107,0.65858275
955108,0.62244105
955109,0.6370611
955110,0.63568443
955111,0.63568443
955112,0.625828
955113,0.68047696
955114,0.75267047
955115,0.71020913
955116,0.7337663
955117,0.60430163
955118,0.6995756
955119,0.65730476
955120,0.38210347
955121,0.0140744345
955122,0.03521768
955123,0.03694004
955124,0.02641058
955125,0.033988763
955126,0.025765957
955127,0.030575186
955128,0.13062604
955129,0.08670369
955130,0.14496
955131,0.13819063
955132,0.378043
955133,0.33267516
955134,0.32036552
955135,0.42306563
955136,0.43098733
955137,0.44717026
955138,0.4270134
955139,0.46119082
955140,0.39745894
955141,0.3417658
955142,0.33732307
955143,0.118554085
955144,0.40911776
955145,0.19237137
955146,0.017924184
955147,0.035531804
955148,0.039084505
955149,0.031397205
955150,0.040299196
955151,0.049123302
955152,0.033605423
955153,0.05280267
955154,0.03251025
955155,0.026307106
955156,0.09193435
955157,0.09037893
955158,0.29749388
955159,0.09981662
955160,0.14284824
955161,0.4361756
955162,0.20083588
955163,0.09296057
955164,0.092773326
955165,0.098329276
955166,0.29129216
955167,0.0296697
955168,0.037596937
955169,0.03968885
955170,0.05533069
955171,0.03722978
955172,0.036048375
955173,0.062112883
955174,0.026437353
955175,0.01701894
955176,0.04325553
955177,0.048446853
955178,0.057444233
955179,0.05477963
955180,0.047045607
955181,0.029906621
955182,0.097932994
955183,0.10554828
955184,0.17236081
955185,0.18945155
955186,0.2607273
955187,0.19761
955188,0.28829578
955189,0.15283686
955190,0.08647192
955191,0.10769523
955192,0.14311652
955193,0.010551181
955194,0.020125633
955195,0.032192837
955196,0.04021438
955197,0.0170388
955198,0.022542
955199,0.02126107
955200,0.025210965
955201,0.021430656
955202,0.15551138
955203,0.034942273
955204,0.08972948
955205,0.10700777
955206,0.09599247
955207,0.0128432065
955208,0.024141222
955209,0.02957323
955210,0.023795625
955211,0.048606105
955212,0.03126751
955213,0.053114895
955214,0.022124073
955215,0.02878862
955216,0.02690729
955217,0.021795994
955218,0.04035518
955219,0.038665425
955220,0.02643642
955221,0.029175853
955222,0.06379375
955223,0.3252342
955224,0.4397398
955225,0.44088206
955226,0.54059833
955227,0.56587756
955228,0.63358045
955229,0.5380318
955230,0.5787521
955231,0.5644561
955232,0.5574938
955233,0.55119634
955234,0.42866486
955235,0.60694206
955236,0.6075806
955237,0.62791127
955238,0.6260989
955239,0.58848447
955240,0.46783066
955241,0.16418658
955242,0.18224008
955243,0.31455776
955244,0.14930199
955245,0.18514761
955246,0.1773042
955247,0.1498167
955248,0.16731426
955249,0.22450602
955250,0.19468418
955251,0.12949908
955252,0.16575436
955253,0.16322172
955254,0.018004159
955255,0.0915556
955256,0.14934601
955257,0.16554447
955258,0.17360486
955259,0.015551106
955260,0.071985304
955261,0.040558018
955262,0.5837457
955263,0.604622
955264,0.51934785
955265,0.5858678
955266,0.47983176
955267,0.56683016
955268,0.571534
955269,0.5861997
955270,0.4849533
955271,0.49792245
955272,0.3308536
955273,0.07947905
955274,0.2213982
955275,0.22027507
955276,0.18823555
955277,0.253733
955278,0.2470006
955279,0.21395709
955280,0.19784273
955281,0.1739591
955282,0.13586487
955283,0.10543178
955284,0.17478052
955285,0.1569038
955286,0.18159895
955287,0.18586795
955288,0.16947956
955289,0.15286326
955290,0.15394478
955291,0.08694527
955292,0.014599493
955293,0.0721459
955294,0.13001831
955295,0.0804396
955296,0.16574737
955297,0.17210379
955298,0.14871249
955299,0.19182883
955300,0.21955243
955301,0.18380624
955302,0.118619
955303,0.0144763775
955304,0.1011473
955305,0.086314075
955306,0.08396422
955307,0.089448236
955308,0.083304614
955309,0.1188801
955310,0.2753955
955311,0.35608035
955312,0.28117442
955313,0.21091607
955314,0.16469318
955315,0.010303962
955316,0.03066143
955317,0.026281053
955318,0.022356328
955319,0.016210588
955320,0.02083892
955321,0.027961722
955322,0.022612339
955323,0.010410161
955324,0.017695498
955325,0.019539263
955326,0.017584296
955327,0.022965765
955328,0.022846848
955329,0.030210814
955330,0.018932711
955331,0.14699528
955332,0.10971557
955333,0.10343596
955334,0.12178416
955335,0.1472341
955336,0.11297947
955337,0.098807804
955338,0.1220206
955339,0.1534949
955340,0.09874675
955341,0.12565419
955342,0.16249032
955343,0.12940757
955344,0.11704082
955345,0.030149389
955346,0.13109295
955347,0.18251185
955348,0.1526569
955349,0.16113588
955350,0.15635963
955351,0.14974241
955352,0.32929614
955353,0.37633
955354,0.17645311
955355,0.14890958
955356,0.0140307
955357,0.07635436
955358,0.099389
955359,0.067374386
955360,0.07157873
955361,0.07385947
955362,0.073679715
955363,0.09567925
955364,0.16236214
955365,0.07406681
955366,0.46018866
955367,0.5093385
955368,0.6693436
955369,0.5684953
955370,0.65773
955371,0.56855977
955372,0.5730494
955373,0.5658002
955374,0.6683084
955375,0.6691857
955376,0.6954747
955377,0.6801645
955378,0.6433809
955379,0.6241081
955380,0.51690376
955381,0.42841128
955382,0.64018464
955383,0.5921187
955384,0.62569183
955385,0.3455704
955386,0.023230031
955387,0.0756121
955388,0.0853708
955389,0.0705857
955390,0.07028983
955391,0.06833365
955392,0.9559371
955393,0.080696106
955394,0.11113648
955395,0.15571292
955396,0.3316953
955397,0.40530708
955398,0.33463284
955399,0.33029863
955400,0.24412246
955401,0.040456876
955402,0.3530153
955403,0.29270983
955404,0.311902
955405,0.38142994
955406,0.32014114
955407,0.3648193
955408,0.3116754
955409,0.40473136
955410,0.22825359
955411,0.2395153
955412,0.019920576
955413,0.13416986
955414,0.1422573
955415,0.13867551
955416,0.26905185
955417,0.21631578
955418,0.18866198
955419,0.13719946
955420,0.18563959
955421,0.09300228
955422,0.06430324
955423,0.013278341
955424,0.03489537
955425,0.02714905
955426,0.07138627
955427,0.06546969
955428,0.033120494
955429,0.06284604
955430,0.06258711
955431,0.067205824
955432,0.056220002
955433,0.028451443
955434,0.023848701
955435,0.008857735
955436,0.025730712
955437,0.03251049
955438,0.02877801
955439,0.016746366
955440,0.015322087
955441,0.033485867
955442,0.015725017
955443,0.01877153
955444,0.019009218
955445,0.010994121
955446,0.0229285
955447,0.020668697
955448,0.021273468
955449,0.038718194
955450,0.026866334
955451,0.05207139
955452,0.04162845
955453,0.020457538
955454,0.017806325
955455,0.05911067
955456,0.015183863
955457,0.05095411
955458,0.05569099
955459,0.089394905
955460,0.19546762
955461,0.20139699
955462,0.1319017
955463,0.27461553
955464,0.31096548
955465,0.22886278
955466,0.14151682
955467,0.103106126
955468,0.026782347
955469,0.080951944
955470,0.095495254
955471,0.10033584
955472,0.07182235
955473,0.08772673
955474,0.02730169
955475,0.2157564
955476,0.025333844
955477,0.062632546
955478,0.0645484
955479,0.054085642
955480,0.19844377
955481,0.07563473
955482,0.09295148
955483,0.09128139
955484,0.051059674
955485,0.027016971
955486,0.333804
955487,0.4873276
955488,0.46167022
955489,0.47291267
955490,0.4570062
955491,0.5014372
955492,0.5363571
955493,0.53121156
955494,0.5004874
955495,0.48354355
955496,0.59897524
955497,0.6578734
955498,0.5110083
955499,0.6730866
955500,0.67097574
955501,0.6032687
955502,0.6660567
955503,0.6063158
955504,0.42689344
955505,0.016123459
955506,0.09985257
955507,0.08285306
955508,0.084384136
955509,0.1510524
955510,0.098610565
955511,0.11360843
955512,0.09694565
955513,0.0705062
955514,0.19829448
955515,0.07838628
955516,0.17739362
955517,0.072978996
955518,0.037758503
955519,0.058981106
955520,0.039625052
955521,0.042901695
955522,0.034139987
955523,0.033112027
955524,0.026206285
955525,0.024881069
955526,0.008238015
955527,0.018882452
955528,0.02333898
955529,0.015264971
955530,0.020197006
955531,0.019616185
955532,0.018368151
955533,0.0153599465
955534,0.27667534
955535,0.22310235
955536,0.14301515
955537,0.102046736
955538,0.13454515
955539,0.21008924
955540,0.14362593
955541,0.23592694
955542,0.010049105
955543,0.02193716
955544,0.09412973
955545,0.04105297
955546,0.018040575
955547,0.036114473
955548,0.025961462
955549,0.022833059
955550,0.015189905
955551,0.05135373
955552,0.06384331
955553,0.008048649
955554,0.022409579
955555,0.020998003
955556,0.018967869
955557,0.01927189
955558,0.012384297
955559,0.01514112
955560,0.11792765
955561,0.06235093
955562,0.06301194
955563,0.06181274
955564,0.059437208
955565,0.07233313
955566,0.07338421
955567,0.062044807
955568,0.008289728
955569,0.019199273
955570,0.024613477
955571,0.09591701
955572,0.083682746
955573,0.019572677
955574,0.017631121
955575,0.017165644
955576,0.033289477
955577,0.03430544
955578,0.035487182
955579,0.040027145
955580,0.044002492
955581,0.051295035
955582,0.041868992
955583,0.009830344
955584,0.03732131
955585,0.02839023
955586,0.023018934
955587,0.024684375
955588,0.023191707
955589,0.024323808
955590,0.020368548
955591,0.034740876
955592,0.046948336
955593,0.049550246
955594,0.047785707
955595,0.046656903
955596,0.058994353
955597,0.04232355
955598,0.016428726
955599,0.059654742
955600,0.06281941
955601,0.07180394
955602,0.068387635
955603,0.05010974
955604,0.06078259
955605,0.14324461
955606,0.3275892
955607,0.28797716
955608,0.25285423
955609,0.023483748
955610,0.21941313
955611,0.15283914
955612,0.35005015
955613,0.18480648
955614,0.40894035
955615,0.10714041
955616,0.079402834
955617,0.47224602
955618,0.43980923
955619,0.45382223
955620,0.51641136
955621,0.4488903
955622,0.43530682
955623,0.58269197
955624,0.4502596
955625,0.41243994
955626,0.44135517
955627,0.2940167
955628,0.041891664
955629,0.40827304
955630,0.5810118
955631,0.62522084
955632,0.018184176
955633,0.085858
955634,0.13490355
955635,0.09323846
955636,0.10364005
955637,0.0786302
955638,0.12410417
955639,0.01504976
955640,0.16058077
955641,0.16020074
955642,0.17273666
955643,0.15383603
955644,0.191707
955645,0.14068966
955646,0.15241897
955647,0.11723606
955648,0.019282915
955649,0.5229406
955650,0.6013113
955651,0.6094167
955652,0.6874013
955653,0.66221493
955654,0.7629896
955655,0.6255902
955656,0.64188814
955657,0.6750495
955658,0.62311435
955659,0.59464115
955660,0.5815529
955661,0.54575807
955662,0.040430736
955663,0.14444067
955664,0.14670022
955665,0.23995626
955666,0.01776108
955667,0.082485914
955668,0.07622523
955669,0.09890436
955670,0.08400654
955671,0.083124
955672,0.083674446
955673,0.14603102
955674,0.2183437
955675,0.17895725
955676,0.18000259
955677,0.0903864
955678,0.025016436
955679,0.063123845
955680,0.11383685
955681,0.09554421
955682,0.09570378
955683,0.06484912
955684,0.06372185
955685,0.0640483
955686,0.08738523
955687,0.06813865
955688,0.06112535
955689,0.05095084
955690,0.25325346
955691,0.35245398
955692,0.34758395
955693,0.31889123
955694,0.3313964
955695,0.3309053
955696,0.23032695
955697,0.0294991
955698,0.25365004
955699,0.47918096
955700,0.34744444
955701,0.35163507
955702,0.34738412
955703,0.35708344
955704,0.5305009
955705,0.3613477
955706,0.25874427
955707,0.30624247
955708,0.38451216
955709,0.41868138
955710,0.36281374
955711,0.51120406
955712,0.36414245
955713,0.060695495
955714,0.043468412
955715,0.043738823
955716,0.044907287
955717,0.091667585
955718,0.059169687
955719,0.07536025
955720,0.05499941
955721,0.03617001
955722,0.45428994
955723,0.42926037
955724,0.6215857
955725,0.634054
955726,0.7384959
955727,0.62793887
955728,0.68650246
955729,0.6661977
955730,0.7337979
955731,0.6745198
955732,0.653355
955733,0.6573117
955734,0.6924641
955735,0.41042104
955736,0.18844464
955737,0.17067932
955738,0.09858948
955739,0.08976027
955740,0.082443215
955741,0.08384069
955742,0.081065595
955743,0.09532167
955744,0.0715112
955745,0.13101573
955746,0.4576108
955747,0.57288194
955748,0.58645356
955749,0.50084835
955750,0.5116821
955751,0.5349698
955752,0.52688956
955753,0.48878878
955754,0.6165931
955755,0.59165317
955756,0.41518077
955757,0.5715322
955758,0.55547094
955759,0.5631308
955760,0.5961536
955761,0.4255427
955762,0.21292783
955763,0.24336064
955764,0.010378985
955765,0.040882315
955766,0.033067457
955767,0.057057735
955768,0.033574138
955769,0.033620104
955770,0.04133203
955771,0.035164803
955772,0.030565796
955773,0.010694918
955774,0.020210689
955775,0.019546205
955776,0.043919753
955777,0.018545788
955778,0.058763828
955779,0.04233303
955780,0.022140812
955781,0.017451689
955782,0.044515576
955783,0.033770215
955784,0.048265
955785,0.18851021
955786,0.029180378
955787,0.19504975
955788,0.18924578
955789,0.013057867
955790,0.028593771
955791,0.037218936
955792,0.03814131
955793,0.038325187
955794,0.036485676
955795,0.08212436
955796,0.035654195
955797,0.011919025
955798,0.028394157
955799,0.03315246
955800,0.028832301
955801,0.015182353
955802,0.015580971
955803,0.016938424
955804,0.037658114
955805,0.058725074
955806,0.04202566
955807,0.015433164
955808,0.016223049
955809,0.05621695
955810,0.056742575
955811,0.055885956
955812,0.07960692
955813,0.015824012
955814,0.123555705
955815,0.06753624
955816,0.06139984
955817,0.112890944
955818,0.078773536
955819,0.14741471
955820,0.078348085
955821,0.08233571
955822,0.06140577
955823,0.11075605
955824,0.07738136
955825,0.67988735
955826,0.7140004
955827,0.6962219
955828,0.7146559
955829,0.7457762
955830,0.7044526
955831,0.73256624
955832,0.72636205
955833,0.7276206
955834,0.7286971
955835,0.7668563
955836,0.7306018
955837,0.71272165
955838,0.71697086
955839,0.7375912
955840,0.6705476
955841,0.75586504
955842,0.4721706
955843,0.06748847
955844,0.18939188
955845,0.189848
955846,0.16501333
955847,0.18742433
955848,0.18502194
955849,0.120895974
955850,0.21268487
955851,0.15707368
955852,0.14699958
955853,0.13564235
955854,0.09202692
955855,0.029273989
955856,0.15475251
955857,0.15231593
955858,0.10865972
955859,0.22537148
955860,0.3667623
955861,0.36676386
955862,0.2638345
955863,0.021538107
955864,0.0759611
955865,0.07295651
955866,0.02504734
955867,0.2649152
955868,0.17863823
955869,0.14228237
955870,0.19905423
955871,0.2006672
955872,0.117638074
955873,0.094191775
955874,0.01894192
955875,0.093907066
955876,0.031688813
955877,0.032229368
955878,0.03434393
955879,0.03586644
955880,0.030994458
955881,0.055972908
955882,0.04840509
955883,0.031341095
955884,0.038642645
955885,0.028567076
955886,0.043375753
955887,0.38791037
955888,0.5075776
955889,0.42092526
955890,0.4880673
955891,0.2484586
955892,0.02082872
955893,0.0655522
955894,0.076458916
955895,0.10791437
955896,0.017000698
955897,0.24597804
955898,0.32932994
955899,0.31133953
955900,0.36295792
955901,0.3906317
955902,0.3980569
955903,0.31155518
955904,0.37324095
955905,0.3993721
955906,0.35766813
955907,0.4376134
955908,0.25993648
955909,0.20354612
955910,0.43102497
955911,0.42584231
955912,0.4088082
955913,0.40565836
955914,0.43550426
955915,0.47004756
955916,0.4329547
955917,0.43741554
955918,0.4704548
955919,0.4421683
955920,0.3453527
955921,0.38258865
955922,0.33106816
955923,0.4343326
955924,0.28028545
955925,0.034639623
955926,0.20323513
955927,0.18668224
955928,0.31411284
955929,0.30847195
955930,0.12306709
955931,0.33960792
955932,0.2694447
955933,0.36623755
955934,0.12322428
955935,0.45611128
955936,0.2191168
955937,0.029049816
955938,0.3220861
955939,0.4170337
955940,0.37326512
955941,0.474399
955942,0.46416047
955943,0.3989106
955944,0.13372813
955945,0.41314515
955946,0.45992345
955947,0.50320596
955948,0.46938097
955949,0.38619387
955950,0.45505434
955951,0.5524408
955952,0.5880234
955953,0.5800282
955954,0.36205098
955955,0.34963703
955956,0.56794834
955957,0.24003531
955958,0.40620926
955959,0.42624554
955960,0.57227856
955961,0.55181265
955962,0.36402044
955963,0.3349545
955964,0.20277637
955965,0.1880184
955966,0.27989244
955967,0.046741113
955968,0.19781174
955969,0.2818289
955970,0.25270453
955971,0.26937997
955972,0.19255713
955973,0.32541177
955974,0.18587455
955975,0.24315536
955976,0.054830994
955977,0.04816257
955978,0.042744346
955979,0.1554343
955980,0.0348189
955981,0.169285
955982,0.34359032
955983,0.035920355
955984,0.29561874
955985,0.12900905
955986,0.14739658
955987,0.23567735
955988,0.41045338
955989,0.4019056
955990,0.4316421
955991,0.2416292
955992,0.43334973
955993,0.38755953
955994,0.40082675
955995,0.2888416
955996,0.049583238
955997,0.03988491
955998,0.34628874
955999,0.1073655
956000,0.27002862
956001,0.14591673
956002,0.2125714
956003,0.107099615
956004,0.075522095
956005,0.012564446
956006,0.028436005
956007,0.031104194
956008,0.029402452
956009,0.02927493
956010,0.027289176
956011,0.03160428
956012,0.02594525
956013,0.031050945
956014,0.051834706
956015,0.05026284
956016,0.054153856
956017,0.05845001
956018,0.051704925
956019,0.05699873
956020,0.06100362
956021,0.020340804
956022,0.03567531
956023,0.2757999
956024,0.5406784
956025,0.2559943
956026,0.528562
956027,0.39167848
956028,0.528562
956029,0.536963
956030,0.21751851
956031,0.5078818
956032,0.27131492
956033,0.15013345
956034,0.014323277
956035,0.073870264
956036,0.05913438
956037,0.055758685
956038,0.052019
956039,0.04823805
956040,0.05393014
956041,0.046155516
956042,0.051490154
956043,0.013018138
956044,0.055882096
956045,0.03494393
956046,0.20278007
956047,0.03563222
956048,0.03476303
956049,0.030547455
956050,0.0397024
956051,0.04086766
956052,0.01554486
956053,0.03190216
956054,0.026961623
956055,0.026709706
956056,0.027876645
956057,0.0236062
956058,0.030277722
956059,0.030739991
956060,0.009690293
956061,0.033931036
956062,0.020126648
956063,0.030908652
956064,0.022537587
956065,0.020417579
956066,0.034966215
956067,0.017600836
956068,0.08767078
956069,0.042595997
956070,0.065832324
956071,0.12088195
956072,0.12021998
956073,0.054335505
956074,0.12921792
956075,0.057195257
956076,0.06976421
956077,0.11665094
956078,0.00848459
956079,0.02833666
956080,0.027768485
956081,0.024345284
956082,0.03066691
956083,0.027957672
956084,0.03201941
956085,0.024031399
956086,0.028702399
956087,0.023124611
956088,0.02500503
956089,0.025482263
956090,0.024096692
956091,0.02425072
956092,0.023908757
956093,0.018486584
956094,0.0335936
956095,0.03155316
956096,0.029190425
956097,0.030343901
956098,0.029230226
956099,0.027378121
956100,0.009222554
956101,0.07191193
956102,0.0701298
956103,0.070466086
956104,0.067664035
956105,0.07093
956106,0.074736506
956107,0.3119242
956108,0.013339662
956109,0.030123267
956110,0.040835872
956111,0.037952654
956112,0.028497726
956113,0.045392502
956114,0.040930934
956115,0.03206582
956116,0.044326216
956117,0.049604006
956118,0.010817953
956119,0.028541945
956120,0.026228532
956121,0.02704056
956122,0.02786352
956123,0.030503301
956124,0.035053022
956125,0.023861632
956126,0.102216154
956127,0.14395747
956128,0.15727547
956129,0.13760233
956130,0.15243982
956131,0.08033272
956132,0.017672544
956133,0.034437936
956134,0.02781169
956135,0.04138053
956136,0.035805024
956137,0.04064527
956138,0.035681445
956139,0.038932234
956140,0.026334321
956141,0.24108301
956142,0.02095523
956143,0.07074879
956144,0.07725704
956145,0.0922842
956146,0.014384052
956147,0.029960878
956148,0.02026744
956149,0.027455453
956150,0.022067193
956151,0.026623119
956152,0.025753492
956153,0.33474243
956154,0.16175658
956155,0.14285016
956156,0.0257732
956157,0.044986166
956158,0.03418627
956159,0.038820248
956160,0.04707809
956161,0.048499357
956162,0.026676571
956163,0.13478164
956164,0.13790381
956165,0.13004881
956166,0.13446961
956167,0.07852856
956168,0.26533934
956169,0.09551731
956170,0.062087197
956171,0.038664103
956172,0.07528141
956173,0.0904079
956174,0.08787082
956175,0.25034064
956176,0.32123527
956177,0.22810835
956178,0.36183128
956179,0.20778081
956180,0.1822653
956181,0.13839059
956182,0.5600234
956183,0.29697716
956184,0.21022618
956185,0.018850937
956186,0.10702647
956187,0.09442136
956188,0.14815171
956189,0.35635954
956190,0.3530034
956191,0.3659764
956192,0.44227687
956193,0.6201612
956194,0.37307912
956195,0.30890194
956196,0.2515117
956197,0.2882503
956198,0.03895207
956199,0.34668446
956200,0.34560505
956201,0.31901324
956202,0.21957831
956203,0.50847274
956204,0.5895291
956205,0.9887975
956206,0.71106195
956207,0.75561816
956208,0.9906867
956209,0.73363656
956210,0.74714583
956211,0.6673816
956212,0.68237877
956213,0.6752831
956214,0.98988974
956215,0.73838586
956216,0.7243818
956217,0.8034555
956218,0.98978174
956219,0.98870254
956220,0.66096514
956221,0.69613236
956222,0.7823084
956223,0.6798362
956224,0.69282174
956225,0.6185457
956226,0.6071124
956227,0.9860823
956228,0.97994965
956229,0.082630105
956230,0.09413032
956231,0.072696745
956232,0.091782235
956233,0.08902937
956234,0.08626588
956235,0.0884204
956236,0.016146993
956237,0.08486334
956238,0.10912142
956239,0.15387087
956240,0.17642106
956241,0.016430203
956242,0.031980623
956243,0.033494595
956244,0.06875489
956245,0.028600188
956246,0.9852201
956247,0.02391694
956248,0.05055809
956249,0.11184522
956250,0.38715792
956251,0.6275107
956252,0.63595974
956253,0.7156456
956254,0.56895816
956255,0.7024767
956256,0.6383452
956257,0.7177953
956258,0.5831027
956259,0.6777472
956260,0.70676625
956261,0.6012602
956262,0.6571553
956263,0.49093738
956264,0.31810042
956265,0.35299125
956266,0.14271992
956267,0.16085973
956268,0.3068246
956269,0.21029398
956270,0.025350038
956271,0.018180799
956272,0.11990593
956273,0.085923836
956274,0.10092878
956275,0.10887825
956276,0.073336795
956277,0.06738907
956278,0.1257477
956279,0.122410394
956280,0.14029834
956281,0.106969185
956282,0.32349303
956283,0.5586468
956284,0.5629675
956285,0.6176225
956286,0.60924536
956287,0.61809987
956288,0.620946
956289,0.60257614
956290,0.57123494
956291,0.6047345
956292,0.5609132
956293,0.45789406
956294,0.011158278
956295,0.03599293
956296,0.037685025
956297,0.04092321
956298,0.038720787
956299,0.03724751
956300,0.03986036
956301,0.03796999
956302,0.034088217
956303,0.42758942
956304,0.388146
956305,0.5493834
956306,0.5860103
956307,0.38400427
956308,0.38283163
956309,0.50963056
956310,0.49654692
956311,0.61083996
956312,0.33927312
956313,0.45487928
956314,0.3142159
956315,0.37380663
956316,0.23335806
956317,0.3642234
956318,0.20022747
956319,0.33389542
956320,0.29517838
956321,0.1635873
956322,0.13229506
956323,0.27600446
956324,0.2703056
956325,0.16849604
956326,0.25477406
956327,0.2530978
956328,0.2238926
956329,0.12342197
956330,0.093774766
956331,0.019397486
956332,0.19032723
956333,0.2277613
956334,0.23804606
956335,0.17479897
956336,0.24550226
956337,0.20817764
956338,0.08907775
956339,0.28536034
956340,0.09564897
956341,0.14861771
956342,0.26693514
956343,0.08350372
956344,0.025394106
956345,0.09688363
956346,0.15750523
956347,0.16016807
956348,0.16511282
956349,0.15641117
956350,0.14024465
956351,0.10969742
956352,0.11113754
956353,0.113768645
956354,0.11652359
956355,0.031293567
956356,0.05562049
956357,0.051245205
956358,0.047572486
956359,0.07947914
956360,0.07343302
956361,0.07253394
956362,0.063680895
956363,0.023051886
956364,0.07518528
956365,0.08016081
956366,0.076899804
956367,0.08219515
956368,0.079876095
956369,0.06450484
956370,0.015881764
956371,0.09928629
956372,0.094812885
956373,0.10823982
956374,0.117256984
956375,0.04284198
956376,0.07440794
956377,0.29508054
956378,0.26783544
956379,0.18436196
956380,0.18526386
956381,0.24851324
956382,0.35593605
956383,0.5561352
956384,0.5265792
956385,0.6392769
956386,0.53346103
956387,0.64131916
956388,0.5411959
956389,0.52836025
956390,0.53066784
956391,0.6437077
956392,0.70142525
956393,0.5718192
956394,0.5188172
956395,0.5278139
956396,0.55509573
956397,0.43516645
956398,0.24242575
956399,0.15880816
956400,0.19171457
956401,0.15744448
956402,0.17224702
956403,0.02563529
956404,0.14392155
956405,0.15641671
956406,0.034639843
956407,0.06506633
956408,0.09197944
956409,0.06840676
956410,0.08733389
956411,0.13579768
956412,0.05989274
956413,0.08287877
956414,0.06552845
956415,0.1462279
956416,0.04705189
956417,0.064378075
956418,0.27002555
956419,0.17565483
956420,0.3187566
956421,0.20439799
956422,0.1839592
956423,0.35433498
956424,0.27449158
956425,0.19038828
956426,0.4429902
956427,0.24077742
956428,0.24761547
956429,0.28876856
956430,0.26454237
956431,0.25702706
956432,0.26678985
956433,0.016130988
956434,0.06990926
956435,0.066769674
956436,0.09438361
956437,0.06480386
956438,0.06676825
956439,0.057226185
956440,0.067283176
956441,0.05897093
956442,0.101365186
956443,0.04802596
956444,0.045679215
956445,0.07052327
956446,0.40510383
956447,0.55334795
956448,0.62979543
956449,0.5888729
956450,0.6510429
956451,0.6509185
956452,0.7140392
956453,0.64535296
956454,0.66514134
956455,0.65475804
956456,0.6384238
956457,0.64949036
956458,0.6311327
956459,0.38686833
956460,0.24993782
956461,0.124158986
956462,0.020868285
956463,0.06629931
956464,0.14222406
956465,0.25820103
956466,0.102384835
956467,0.086334534
956468,0.1216865
956469,0.43749353
956470,0.5453569
956471,0.58889973
956472,0.37335157
956473,0.42918298
956474,0.3664393
956475,0.55953103
956476,0.42418227
956477,0.53767073
956478,0.13001223
956479,0.08132743
956480,0.049276814
956481,0.043736458
956482,0.0469653
956483,0.0447916
956484,0.02574591
956485,0.15633588
956486,0.15647933
956487,0.09554574
956488,0.17845602
956489,0.2121154
956490,0.17742611
956491,0.16074634
956492,0.11551858
956493,0.011069879
956494,0.024958597
956495,0.04470632
956496,0.047391515
956497,0.023950774
956498,0.02067937
956499,0.0152434595
956500,0.24216472
956501,0.16216888
956502,0.19225301
956503,0.24283636
956504,0.009267379
956505,0.023315199
956506,0.02307965
956507,0.050222836
956508,0.04842165
956509,0.043913655
956510,0.04143982
956511,0.010782991
956512,0.029001275
956513,0.06602928
956514,0.073878765
956515,0.16929315
956516,0.16514173
956517,0.15805192
956518,0.08388565
956519,0.14679796
956520,0.17684308
956521,0.17322418
956522,0.12024811
956523,0.08767584
956524,0.0799534
956525,0.017168427
956526,0.03622113
956527,0.027765473
956528,0.026555864
956529,0.035048936
956530,0.06254371
956531,0.044883583
956532,0.036375497
956533,0.27100796
956534,0.025853233
956535,0.04118885
956536,0.045842145
956537,0.041877292
956538,0.03890076
956539,0.040221177
956540,0.03812996
956541,0.048001382
956542,0.03849505
956543,0.03288342
956544,0.12697099
956545,0.12656587
956546,0.121092916
956547,0.015977321
956548,0.08210235
956549,0.21712866
956550,0.23245452
956551,0.3905898
956552,0.16350614
956553,0.10321938
956554,0.1292932
956555,0.09714774
956556,0.14760311
956557,0.05867218
956558,0.09896042
956559,0.03380691
956560,0.14582464
956561,0.14239249
956562,0.33102295
956563,0.09749637
956564,0.10441011
956565,0.103986606
956566,0.10866787
956567,0.10610903
956568,0.085959025
956569,0.015922949
956570,0.04159864
956571,0.046468202
956572,0.04363263
956573,0.049483486
956574,0.041529477
956575,0.020601548
956576,0.090992466
956577,0.09019989
956578,0.09644657
956579,0.19984357
956580,0.13653998
956581,0.17903122
956582,0.11681996
956583,0.033777725
956584,0.06724633
956585,0.076360956
956586,0.086666256
956587,0.08631515
956588,0.09355749
956589,0.119447954
956590,0.07806119
956591,0.350862
956592,0.34149665
956593,0.3354283
956594,0.30691597
956595,0.3084824
956596,0.2883931
956597,0.33826965
956598,0.23336497
956599,0.042852458
956600,0.122382306
956601,0.027983913
956602,0.11519782
956603,0.15040295
956604,0.15441212
956605,0.15462023
956606,0.19709781
956607,0.08577611
956608,0.12146234
956609,0.24224569
956610,0.3583169
956611,0.1793905
956612,0.15664932
956613,0.14416997
956614,0.018461151
956615,0.25049317
956616,0.37762856
956617,0.5085768
956618,0.40692002
956619,0.3387197
956620,0.5960753
956621,0.33961773
956622,0.3730744
956623,0.3906889
956624,0.49195257
956625,0.5397821
956626,0.27019155
956627,0.43051982
956628,0.55104196
956629,0.51315045
956630,0.5133612
956631,0.5186212
956632,0.6327091
956633,0.40993196
956634,0.5982556
956635,0.61870235
956636,0.69744027
956637,0.4794001
956638,0.5278098
956639,0.01348635
956640,0.43625084
956641,0.24507478
956642,0.22949763
956643,0.4968762
956644,0.452344
956645,0.24333726
956646,0.14924142
956647,0.09189714
956648,0.12434512
956649,0.037208233
956650,0.429049
956651,0.46012414
956652,0.53139144
956653,0.4602197
956654,0.48066434
956655,0.47592568
956656,0.4621668
956657,0.47241154
956658,0.53465813
956659,0.48928806
956660,0.36555746
956661,0.48207825
956662,0.34699824
956663,0.58753175
956664,0.5412114
956665,0.16454905
956666,0.15640232
956667,0.18077557
956668,0.16657229
956669,0.17095895
956670,0.035716992
956671,0.39592728
956672,0.33647686
956673,0.3716441
956674,0.3433639
956675,0.37063268
956676,0.27606177
956677,0.07618758
956678,0.06332284
956679,0.045030937
956680,0.062450398
956681,0.049691625
956682,0.08331801
956683,0.0124955345
956684,0.05091199
956685,0.062001057
956686,0.035635576
956687,0.034869812
956688,0.035799596
956689,0.035788476
956690,0.047989268
956691,0.037032805
956692,0.06296605
956693,0.01113772
956694,0.032295953
956695,0.032563914
956696,0.024749579
956697,0.02565525
956698,0.046149556
956699,0.029483726
956700,0.023233252
956701,0.05863378
956702,0.045876555
956703,0.19152148
956704,0.18902558
956705,0.028599527
956706,0.07629866
956707,0.06081292
956708,0.051608417
956709,0.019283751
956710,0.15147707
956711,0.1338422
956712,0.17517842
956713,0.113269396
956714,0.122944005
956715,0.060697723
956716,0.0566471
956717,0.12706037
956718,0.075946204
956719,0.052370265
956720,0.07886582
956721,0.059740704
956722,0.058309488
956723,0.105548985
956724,0.041825008
956725,0.023094282
956726,0.1144223
956727,0.12451832
956728,0.142241
956729,0.12998638
956730,0.10014274
956731,0.21912643
956732,0.2975534
956733,0.022952452
956734,0.091014676
956735,0.10800775
956736,0.11135042
956737,0.09401302
956738,0.08841114
956739,0.48047146
956740,0.65589285
956741,0.7757465
956742,0.7808188
956743,0.80911183
956744,0.85047543
956745,0.8115361
956746,0.81419605
956747,0.7439586
956748,0.85862833
956749,0.8271398
956750,0.86951286
956751,0.79288805
956752,0.7726393
956753,0.83831054
956754,0.8841142
956755,0.7696264
956756,0.8035884
956757,0.8028114
956758,0.72046536
956759,0.79140216
956760,0.77572495
956761,0.82435334
956762,0.7915282
956763,0.76505446
956764,0.78464484
956765,0.81077737
956766,0.85535306
956767,0.7725057
956768,0.8069873
956769,0.78058076
956770,0.633345
956771,0.086430155
956772,0.21314919
956773,0.3446435
956774,0.18606073
956775,0.16258627
956776,0.10528604
956777,0.17426465
956778,0.03862026
956779,0.05824324
956780,0.0486704
956781,0.42767596
956782,0.63232946
956783,0.6948289
956784,0.6204871
956785,0.692517
956786,0.711903
956787,0.6723191
956788,0.52564716
956789,0.6639479
956790,0.6998302
956791,0.6957852
956792,0.7310978
956793,0.69821835
956794,0.67614657
956795,0.7367498
956796,0.7050798
956797,0.70620954
956798,0.697632
956799,0.7091119
956800,0.66613036
956801,0.66016495
956802,0.6184598
956803,0.7692411
956804,0.48859742
956805,0.21844928
956806,0.19670996
956807,0.19912103
956808,0.24786311
956809,0.21361887
956810,0.058658365
956811,0.05921673
956812,0.06501212
956813,0.34435862
956814,0.48571062
956815,0.4936271
956816,0.46922004
956817,0.47299585
956818,0.49292666
956819,0.062784046
956820,0.5767319
956821,0.7027503
956822,0.6004037
956823,0.7411422
956824,0.6886066
956825,0.7379049
956826,0.7375168
956827,0.5936629
956828,0.5058095
956829,0.551005
956830,0.6075364
956831,0.4171075
956832,0.5557162
956833,0.49504718
956834,0.5549544
956835,0.59971
956836,0.65139484
956837,0.48993728
956838,0.583055
956839,0.41088787
956840,0.028874997
956841,0.14865682
956842,0.14542738
956843,0.1693855
956844,0.16884235
956845,0.07532073
956846,0.044653505
956847,0.41984627
956848,0.4668116
956849,0.45946273
956850,0.54609954
956851,0.519112
956852,0.5055886
956853,0.5286172
956854,0.6055785
956855,0.5427677
956856,0.500265
956857,0.5390785
956858,0.5496499
956859,0.5916677
956860,0.52484727
956861,0.5253337
956862,0.4063822
956863,0.051446896
956864,0.16690387
956865,0.14577448
956866,0.1528959
956867,0.14588374
956868,0.11349112
956869,0.039294593
956870,0.3885061
956871,0.41812208
956872,0.41589957
956873,0.44615206
956874,0.41660058
956875,0.38653126
956876,0.4526221
956877,0.42345363
956878,0.4268678
956879,0.41780344
956880,0.41741022
956881,0.30286634
956882,0.029413534
956883,0.10638586
956884,0.09336003
956885,0.14442186
956886,0.04146938
956887,0.25763804
956888,0.28193015
956889,0.25884974
956890,0.24656811
956891,0.2883263
956892,0.27998698
956893,0.26348692
956894,0.19696245
956895,0.051993854
956896,0.06297522
956897,0.064204454
956898,0.06162128
956899,0.046153042
956900,0.06158734
956901,0.06679513
956902,0.04617617
956903,0.044635583
956904,0.6053474
956905,0.63005954
956906,0.71263695
956907,0.7047794
956908,0.6854135
956909,0.7242386
956910,0.72498834
956911,0.7239781
956912,0.6859276
956913,0.7003119
956914,0.6655306
956915,0.70494026
956916,0.46742338
956917,0.017506152
956918,0.088166066
956919,0.0701327
956920,0.068909355
956921,0.061260622
956922,0.05945368
956923,0.12161343
956924,0.079203665
956925,0.050481714
956926,0.07426796
956927,0.047442336
956928,0.19148546
956929,0.19082884
956930,0.22759284
956931,0.25711852
956932,0.23993318
956933,0.1666902
956934,0.12804475
956935,0.14595866
956936,0.07694727
956937,0.027675249
956938,0.14523491
956939,0.019209146
956940,0.07712021
956941,0.10633269
956942,0.12016368
956943,0.103512496
956944,0.06356777
956945,0.2518602
956946,0.23569363
956947,0.26521116
956948,0.31400278
956949,0.21451817
956950,0.29503107
956951,0.28811714
956952,0.29132044
956953,0.27331707
956954,0.05846929
956955,0.12741333
956956,0.13705051
956957,0.12227168
956958,0.1366179
956959,0.19191362
956960,0.117453
956961,0.14180024
956962,0.5400068
956963,0.6291338
956964,0.6559591
956965,0.74818736
956966,0.6557853
956967,0.7811978
956968,0.7503367
956969,0.73055494
956970,0.65358603
956971,0.6515493
956972,0.683284
956973,0.6482302
956974,0.7648428
956975,0.754937
956976,0.7765784
956977,0.6590273
956978,0.7685114
956979,0.72362834
956980,0.73599154
956981,0.7179324
956982,0.7150039
956983,0.7167823
956984,0.7187085
956985,0.70448303
956986,0.7899646
956987,0.22200486
956988,0.2601902
956989,0.13467902
956990,0.116108
956991,0.17516157
956992,0.11113834
956993,0.11086373
956994,0.09840041
956995,0.07765772
956996,0.17246713
956997,0.018215833
956998,0.031454105
956999,0.03132493
957000,0.036941014
957001,0.03185804
957002,0.04666454
957003,0.03561205
957004,0.031697996
957005,0.08981479
957006,0.42436808
957007,0.32309797
957008,0.20876898
957009,0.01438112
957010,0.0299608
957011,0.03381295
957012,0.039882172
957013,0.028150732
957014,0.037680835
957015,0.03378648
957016,0.020693831
957017,0.037075043
957018,0.03396321
957019,0.032077283
957020,0.031093879
957021,0.04307757
957022,0.039959755
957023,0.029508987
957024,0.019682167
957025,0.06158089
957026,0.03447623
957027,0.03983928
957028,0.09820117
957029,0.17438659
957030,0.1687145
957031,0.17829515
957032,0.14879206
957033,0.12931359
957034,0.22345765
957035,0.17991708
957036,0.103773594
957037,0.21873249
957038,0.04587512
957039,0.117741674
957040,0.17233913
957041,0.07441512
957042,0.1852085
957043,0.24960954
957044,0.12541734
957045,0.14087969
957046,0.14277668
957047,0.09653967
957048,0.031667724
957049,0.031382278
957050,0.06749691
957051,0.06438167
957052,0.02609013
957053,0.20479567
957054,0.048369743
957055,0.060865924
957056,0.051430244
957057,0.0489463
957058,0.054794
957059,0.043215916
957060,0.050368164
957061,0.054130502
957062,0.013236224
957063,0.053216077
957064,0.03668671
957065,0.03756898
957066,0.039371863
957067,0.03887923
957068,0.37071797
957069,0.04528018
957070,0.10227935
957071,0.014836296
957072,0.22990853
957073,0.2327884
957074,0.109199435
957075,0.3019275
957076,0.27547893
957077,0.2675658
957078,0.20063855
957079,0.093977064
957080,0.2798201
957081,0.2621019
957082,0.26158863
957083,0.27883425
957084,0.20675325
957085,0.037448328
957086,0.018726114
957087,0.046482235
957088,0.03572499
957089,0.034881353
957090,0.035082333
957091,0.047797184
957092,0.037125014
957093,0.054664344
957094,0.036357105
957095,0.015614803
957096,0.059853192
957097,0.05953594
957098,0.048311103
957099,0.0629739
957100,0.061995324
957101,0.09096977
957102,0.0589218
957103,0.23955241
957104,0.14722244
957105,0.03250557
957106,0.059462015
957107,0.08220333
957108,0.05271081
957109,0.06570814
957110,0.07652678
957111,0.08173103
957112,0.075904675
957113,0.0630085
957114,0.057564687
957115,0.2729479
957116,0.18952596
957117,0.16883726
957118,0.163243
957119,0.10734274
957120,0.009196583
957121,0.033195537
957122,0.031985443
957123,0.06388751
957124,0.052194986
957125,0.04815374
957126,0.048162702
957127,0.10109172
957128,0.07445194
957129,0.067917384
957130,0.019882726
957131,0.039644275
957132,0.052761175
957133,0.047720376
957134,0.047495805
957135,0.037661087
957136,0.046552982
957137,0.04802446
957138,0.05798412
957139,0.03325633
957140,0.3345753
957141,0.5203664
957142,0.3394317
957143,0.4550958
957144,0.494672
957145,0.45647788
957146,0.36166206
957147,0.01819736
957148,0.1561542
957149,0.123153076
957150,0.20925643
957151,0.12919177
957152,0.24371393
957153,0.22548556
957154,0.3136662
957155,0.113540016
957156,0.27669367
957157,0.17832553
957158,0.26276314
957159,0.26651284
957160,0.017991116
957161,0.07035927
957162,0.06790148
957163,0.056513354
957164,0.0990712
957165,0.022934247
957166,0.47136077
957167,0.5358891
957168,0.5441577
957169,0.48004326
957170,0.6114393
957171,0.679435
957172,0.49659207
957173,0.6725634
957174,0.52611935
957175,0.6556174
957176,0.40434772
957177,0.5636283
957178,0.5883453
957179,0.4192044
957180,0.33288625
957181,0.5337382
957182,0.49675545
957183,0.6208947
957184,0.6645124
957185,0.5974758
957186,0.71051806
957187,0.74197525
957188,0.73021847
957189,0.7019408
957190,0.6770557
957191,0.729086
957192,0.6815936
957193,0.66645837
957194,0.6472079
957195,0.69129604
957196,0.6946101
957197,0.6204108
957198,0.62206197
957199,0.59613305
957200,0.6339107
957201,0.5662224
957202,0.7092857
957203,0.7128244
957204,0.65669566
957205,0.7610592
957206,0.66855186
957207,0.668943
957208,0.36746204
957209,0.093714505
957210,0.42731678
957211,0.41812572
957212,0.4080106
957213,0.4407189
957214,0.3365012
957215,0.32538745
957216,0.27862832
957217,0.12943839
957218,0.081847444
957219,0.08623055
957220,0.03923036
957221,0.14316785
957222,0.1326059
957223,0.14986603
957224,0.15979257
957225,0.07176058
957226,0.20220603
957227,0.3125006
957228,0.43581748
957229,0.48539883
957230,0.34919757
957231,0.13859542
957232,0.384179
957233,0.277592
957234,0.18551558
957235,0.17827718
957236,0.16917735
957237,0.14660722
957238,0.15815368
957239,0.08861844
957240,0.11618779
957241,0.19562796
957242,0.12983418
957243,0.02542962
957244,0.047055133
957245,0.042477913
957246,0.051073145
957247,0.13903464
957248,0.0699237
957249,0.11731318
957250,0.20502132
957251,0.13451833
957252,0.106859386
957253,0.1510561
957254,0.25510892
957255,0.18661009
957256,0.21458147
957257,0.16510059
957258,0.19392656
957259,0.122855864
957260,0.041059893
957261,0.30055752
957262,0.49078172
957263,0.4837221
957264,0.397099
957265,0.13246432
957266,0.1606412
957267,0.12428572
957268,0.08956054
957269,0.06960872
957270,0.04386923
957271,0.17353044
957272,0.11579423
957273,0.14379443
957274,0.1547028
957275,0.16292587
957276,0.15722191
957277,0.07498441
957278,0.022594055
957279,0.118072085
957280,0.03510434
957281,0.026386028
957282,0.2597464
957283,0.10190743
957284,0.32345277
957285,0.18273056
957286,0.265469
957287,0.3324644
957288,0.26834857
957289,0.0982776
957290,0.22210899
957291,0.44813454
957292,0.2917232
957293,0.13845342
957294,0.10345899
957295,0.3177096
957296,0.1854857
957297,0.013654075
957298,0.037150554
957299,0.0417321
957300,0.041024588
957301,0.034154486
957302,0.07389953
957303,0.04487465
957304,0.04054827
957305,0.03585699
957306,0.14310193
957307,0.012950367
957308,0.11437881
957309,0.03488741
957310,0.22486839
957311,0.38031846
957312,0.2742166
957313,0.03898508
957314,0.3352581
957315,0.45534492
957316,0.49411896
957317,0.48191202
957318,0.5145496
957319,0.5851327
957320,0.6302207
957321,0.5683162
957322,0.5825839
957323,0.5509484
957324,0.6197085
957325,0.52844626
957326,0.45045242
957327,0.58598447
957328,0.48934
957329,0.47838178
957330,0.5527374
957331,0.603847
957332,0.55285096
957333,0.48472595
957334,0.18035775
957335,0.27685007
957336,0.011287706
957337,0.03493029
957338,0.02823877
957339,0.032957926
957340,0.037321903
957341,0.02806416
957342,0.021995995
957343,0.096182235
957344,0.12345388
957345,0.44066277
957346,0.5511029
957347,0.5975661
957348,0.53592336
957349,0.5145152
957350,0.73168486
957351,0.6676041
957352,0.6993071
957353,0.54345036
957354,0.56231344
957355,0.5611783
957356,0.6988547
957357,0.7136627
957358,0.73101836
957359,0.56756634
957360,0.7105635
957361,0.68639195
957362,0.68848765
957363,0.6675457
957364,0.66578305
957365,0.6767109
957366,0.67510325
957367,0.68481666
957368,0.56149685
957369,0.010504494
957370,0.037330665
957371,0.033814073
957372,0.03972215
957373,0.03172277
957374,0.036462385
957375,0.028637126
957376,0.036368243
957377,0.032375596
957378,0.011530861
957379,0.026350476
957380,0.03108765
957381,0.0278729
957382,0.025235854
957383,0.026404217
957384,0.025877077
957385,0.019375037
957386,0.2838654
957387,0.00635021
957388,0.026344623
957389,0.034772273
957390,0.026476411
957391,0.023912242
957392,0.02895404
957393,0.019470084
957394,0.025482561
957395,0.011128297
957396,0.034430914
957397,0.042814318
957398,0.03274408
957399,0.03572582
957400,0.040941976
957401,0.03827194
957402,0.055794433
957403,0.038960714
957404,0.4524924
957405,0.45508948
957406,0.51660836
957407,0.5123293
957408,0.5768545
957409,0.6080172
957410,0.60843104
957411,0.61465746
957412,0.6720387
957413,0.5755893
957414,0.6235342
957415,0.6614979
957416,0.6376051
957417,0.63585305
957418,0.73537064
957419,0.6099677
957420,0.5977112
957421,0.5997943
957422,0.3050155
957423,0.057678975
957424,0.013477675
957425,0.085578196
957426,0.0887325
957427,0.061191566
957428,0.089034475
957429,0.07485432
957430,0.09485759
957431,0.08954521
957432,0.05930476
957433,0.052687634
957434,0.045052823
957435,0.092540115
957436,0.08066276
957437,0.08192676
957438,0.026257789
957439,0.03732275
957440,0.0330555
957441,0.03562866
957442,0.036566265
957443,0.05402782
957444,0.014899231
957445,0.03688319
957446,0.060764894
957447,0.041534916
957448,0.061840374
957449,0.051382508
957450,0.043787852
957451,0.1113199
957452,0.047287967
957453,0.04295319
957454,0.029801076
957455,0.060648497
957456,0.048535448
957457,0.058105692
957458,0.06188525
957459,0.08082351
957460,0.084800735
957461,0.05482321
957462,0.044477046
957463,0.11679634
957464,0.015340336
957465,0.050454937
957466,0.044439472
957467,0.07221533
957468,0.07914474
957469,0.039811417
957470,0.04828032
957471,0.05234359
957472,0.044838212
957473,0.057212215
957474,0.017220901
957475,0.04398008
957476,0.041389894
957477,0.031922102
957478,0.031844664
957479,0.031860467
957480,0.03416783
957481,0.028867893
957482,0.12125529
957483,0.019415485
957484,0.05504884
957485,0.06993854
957486,0.24335481
957487,0.1492798
957488,0.103797495
957489,0.05928382
957490,0.14048839
957491,0.17550337
957492,0.17474477
957493,0.13027328
957494,0.022630775
957495,0.06625318
957496,0.055250037
957497,0.055514038
957498,0.050694484
957499,0.059370648
957500,0.079742074
957501,0.062021725
957502,0.0753946
957503,0.045908935
957504,0.012671874
957505,0.047146443
957506,0.045472153
957507,0.053139854
957508,0.041751675
957509,0.04852737
957510,0.04298578
957511,0.047755133
957512,0.04361426
957513,0.022062028
957514,0.057284597
957515,0.09308216
957516,0.052542977
957517,0.064439684
957518,0.059149984
957519,0.060209174
957520,0.057146177
957521,0.0520154
957522,0.014105421
957523,0.050654754
957524,0.049345385
957525,0.051746592
957526,0.050221596
957527,0.04772769
957528,0.049843512
957529,0.055026088
957530,0.04029288
957531,0.051166117
957532,0.029630627
957533,0.19364008
957534,0.15928523
957535,0.22269346
957536,0.18349484
957537,0.16882443
957538,0.17410532
957539,0.21065854
957540,0.18343112
957541,0.11675342
957542,0.54209375
957543,0.6833806
957544,0.77975476
957545,0.780462
957546,0.75332063
957547,0.80381227
957548,0.8451848
957549,0.80005693
957550,0.81616044
957551,0.83067703
957552,0.79018444
957553,0.83353865
957554,0.81986576
957555,0.8259188
957556,0.8271929
957557,0.8277207
957558,0.83268017
957559,0.86519045
957560,0.8370411
957561,0.82646024
957562,0.82569236
957563,0.82569236
957564,0.8260743
957565,0.8301651
957566,0.8301651
957567,0.8310551
957568,0.8299318
957569,0.8299318
957570,0.83178294
957571,0.8644528
957572,0.8311602
957573,0.8311602
957574,0.818035
957575,0.8080775
957576,0.794091
957577,0.7825594
957578,0.77965534
957579,0.7850766
957580,0.78337395
957581,0.79224104
957582,0.79224104
957583,0.81960803
957584,0.7811754
957585,0.7793438
957586,0.76664966
957587,0.76664966
957588,0.7793438
957589,0.77012676
957590,0.7677622
957591,0.77012676
957592,0.8037725
957593,0.77012676
957594,0.77012676
957595,0.7568342
957596,0.77021945
957597,0.7592752
957598,0.7764427
957599,0.77319646
957600,0.7502473
957601,0.7503411
957602,0.6587523
957603,0.3305846
957604,0.47579756
957605,0.73530114
957606,0.7764
957607,0.86649436
957608,0.8509841
957609,0.86445326
957610,0.87959707
957611,0.8842766
957612,0.89432335
957613,0.90818214
957614,0.90228784
957615,0.9131619
957616,0.916325
957617,0.91382235
957618,0.9156312
957619,0.9145197
957620,0.91462344
957621,0.92136395
957622,0.91874534
957623,0.92136395
957624,0.91856104
957625,0.92059755
957626,0.9208747
957627,0.92056096
957628,0.92139494
957629,0.9241912
957630,0.92489874
957631,0.94316995
957632,0.92489874
957633,0.92493486
957634,0.92493486
957635,0.938315
957636,0.9424145
957637,0.9215901
957638,0.9215901
957639,0.9184377
957640,0.94742864
957641,0.9184099
957642,0.94321316
957643,0.92648786
957644,0.9174187
957645,0.93294173
957646,0.9323337
957647,0.9174187
957648,0.91836345
957649,0.9126673
957650,0.92433244
957651,0.9126673
957652,0.91149056
957653,0.9156154
957654,0.92284954
957655,0.9109405
957656,0.9109405
957657,0.9109405
957658,0.92416805
957659,0.9441014
957660,0.9098477
957661,0.9098477
957662,0.91032267
957663,0.91032267
957664,0.92557853
957665,0.91032267
957666,0.9064438
957667,0.9064438
957668,0.9064438
957669,0.9064438
957670,0.9064438
957671,0.90471333
957672,0.9064438
957673,0.9059733
957674,0.9212737
957675,0.9064438
957676,0.91033
957677,0.91033
957678,0.9064438
957679,0.91568714
957680,0.923376
957681,0.92843974
957682,0.9064438
957683,0.9097107
957684,0.9097107
957685,0.9064438
957686,0.9064438
957687,0.9064438
957688,0.9064438
957689,0.9064438
957690,0.9064438
957691,0.9071887
957692,0.9097107
957693,0.87073076
957694,0.2431007
957695,0.1555151
957696,0.16470046
957697,0.14637424
957698,0.19721605
957699,0.18040588
957700,0.11263286
957701,0.020091183
957702,0.08429248
957703,0.08800764
957704,0.07600451
957705,0.090957075
957706,0.096008934
957707,0.14031665
957708,0.23370995
957709,0.25677833
957710,0.24817327
957711,0.23836677
957712,0.21419972
957713,0.35759026
957714,0.23583788
957715,0.20032921
957716,0.026226826
957717,0.20459262
957718,0.32487723
957719,0.07259042
957720,0.06742625
957721,0.05511354
957722,0.015218464
957723,0.06041907
957724,0.054262463
957725,0.06238214
957726,0.056623522
957727,0.065887526
957728,0.062691994
957729,0.22128658
957730,0.1719131
957731,0.1037861
957732,0.11407378
957733,0.1059949
957734,0.13830915
957735,0.2046168
957736,0.19792704
957737,0.12530197
957738,0.010957494
957739,0.037993573
957740,0.04136347
957741,0.067502186
957742,0.05313107
957743,0.038452093
957744,0.03918577
957745,0.04079826
957746,0.042200584
957747,0.010063744
957748,0.03136014
957749,0.037684537
957750,0.056093577
957751,0.031638112
957752,0.01667345
957753,0.01670652
957754,0.0160447
957755,0.018130835
957756,0.0063495957
957757,0.015920706
957758,0.01580559
957759,0.027198821
957760,0.01887998
957761,0.018898917
957762,0.016877662
957763,0.017876621
957764,0.025321664
957765,0.006362271
957766,0.03651067
957767,0.0207571
957768,0.02452101
957769,0.05570017
957770,0.048955124
957771,0.024322918
957772,0.025232472
957773,0.026255805
957774,0.22925211
957775,0.11208821
957776,0.10440208
957777,0.12004775
957778,0.12251205
957779,0.081134796
957780,0.009800039
957781,0.03009511
957782,0.031105567
957783,0.029344048
957784,0.04800109
957785,0.04244857
957786,0.03009642
957787,0.14978725
957788,0.021842882
957789,0.021110239
957790,0.01773158
957791,0.04399889
957792,0.049228027
957793,0.05516037
957794,0.053089183
957795,0.05592966
957796,0.04582243
957797,0.04445608
957798,0.0114763025
957799,0.045502212
957800,0.03507628
957801,0.02681335
957802,0.068338566
957803,0.035838533
957804,0.033963054
957805,0.035203636
957806,0.051651083
957807,0.01762207
957808,0.52903414
957809,0.56974155
957810,0.65902966
957811,0.6339969
957812,0.5627472
957813,0.70477736
957814,0.64507556
957815,0.6508613
957816,0.6652924
957817,0.66460425
957818,0.6850451
957819,0.61170983
957820,0.56118536
957821,0.5579244
957822,0.67594045
957823,0.60316545
957824,0.45548773
957825,0.053395372
957826,0.059665706
957827,0.04232633
957828,0.04472457
957829,0.04246724
957830,0.046881497
957831,0.07914436
957832,0.044949662
957833,0.040363703
957834,0.011005601
957835,0.037227187
957836,0.060529526
957837,0.036638014
957838,0.039443333
957839,0.038222976
957840,0.04504637
957841,0.104313105
957842,0.03852956
957843,0.030584939
957844,0.0967888
957845,0.30190527
957846,0.18188937
957847,0.016231118
957848,0.042656984
957849,0.033317998
957850,0.036602512
957851,0.031707592
957852,0.038401227
957853,0.038175326
957854,0.029521067
957855,0.008419113
957856,0.06548134
957857,0.07557633
957858,0.11205502
957859,0.02484866
957860,0.06668512
957861,0.056989387
957862,0.06963302
957863,0.05351904
957864,0.06942986
957865,0.059551105
957866,0.19745511
957867,0.28957722
957868,0.29023486
957869,0.19003417
957870,0.18374704
957871,0.26009342
957872,0.29319996
957873,0.2207664
957874,0.18774281
957875,0.23216967
957876,0.10170034
957877,0.22724314
957878,0.3990884
957879,0.22052349
957880,0.20407073
957881,0.15677805
957882,0.21419334
957883,0.17976478
957884,0.16471273
957885,0.14978813
957886,0.08708078
957887,0.03491999
957888,0.13358729
957889,0.13031708
957890,0.17558053
957891,0.12615342
957892,0.12967192
957893,0.15677379
957894,0.1678726
957895,0.19154091
957896,0.1463169
957897,0.10446632
957898,0.104685165
957899,0.06160112
957900,0.05954972
957901,0.081117064
957902,0.06092963
957903,0.021197556
957904,0.044319663
957905,0.043067515
957906,0.032816812
957907,0.0436236
957908,0.042237498
957909,0.043560162
957910,0.03450401
957911,0.034840666
957912,0.030840905
957913,0.34229282
957914,0.37881798
957915,0.27415365
957916,0.26840466
957917,0.41041017
957918,0.31183824
957919,0.39750406
957920,0.377752
957921,0.4390164
957922,0.3874049
957923,0.29308894
957924,0.33971706
957925,0.027190419
957926,0.014783276
957927,0.029269807
957928,0.039088376
957929,0.06321129
957930,0.24687532
957931,0.03576142
957932,0.09581317
957933,0.044577386
957934,0.04426505
957935,0.030271463
957936,0.021428356
957937,0.28274018
957938,0.33661556
957939,0.2602894
957940,0.33680987
957941,0.2998478
957942,0.30017683
957943,0.36689332
957944,0.35342735
957945,0.30560324
957946,0.22882657
957947,0.19936132
957948,0.015688526
957949,0.07611428
957950,0.07483687
957951,0.021178456
957952,0.18900788
957953,0.22837833
957954,0.16288926
957955,0.22601107
957956,0.18409923
957957,0.19010827
957958,0.18983671
957959,0.32703573
957960,0.18856063
957961,0.12663017
957962,0.035615
957963,0.059893165
957964,0.08513826
957965,0.05999932
957966,0.062827215
957967,0.17779012
957968,0.106654495
957969,0.07892156
957970,0.108439505
957971,0.10428646
957972,0.08091896
957973,0.01151346
957974,0.032030188
957975,0.03204004
957976,0.032762773
957977,0.033478815
957978,0.034831993
957979,0.057320207
957980,0.032458667
957981,0.019134872
957982,0.031013552
957983,0.13546875
957984,0.06565471
957985,0.03127394
957986,0.038760662
957987,0.012114262
957988,0.048361804
957989,0.061236493
957990,0.066784814
957991,0.06387597
957992,0.07082991
957993,0.07368597
957994,0.37669364
957995,0.38515097
957996,0.5344463
957997,0.985999
957998,0.987783
957999,0.5150668
958000,0.98274094
958001,0.9848186
958002,0.4311856
958003,0.44722298
958004,0.530028
958005,0.4693204
958006,0.46302268
958007,0.46683657
958008,0.4663089
958009,0.4950554
958010,0.4526678
958011,0.5034682
958012,0.4947029
958013,0.50002605
958014,0.47206563
958015,0.35971552
958016,0.15393424
958017,0.27164716
958018,0.31638587
958019,0.27155373
958020,0.9804571
958021,0.98095775
958022,0.9809857
958023,0.32879877
958024,0.25114983
958025,0.2643771
958026,0.28700823
958027,0.15975735
958028,0.1306619
958029,0.106872834
958030,0.027076473
958031,0.16143738
958032,0.1455608
958033,0.13286465
958034,0.19417721
958035,0.14018448
958036,0.15341364
958037,0.19348992
958038,0.14998136
958039,0.13982104
958040,0.19359697
958041,0.19876884
958042,0.16091846
958043,0.14108372
958044,0.116878144
958045,0.07969473
958046,0.08112039
958047,0.08915198
958048,0.2968754
958049,0.014048104
958050,0.033014912
958051,0.020766692
958052,0.019439107
958053,0.019841945
958054,0.037976287
958055,0.037217382
958056,0.05201955
958057,0.018558534
958058,0.013034752
958059,0.026547618
958060,0.027925035
958061,0.026132012
958062,0.024168596
958063,0.02841252
958064,0.026605016
958065,0.020762363
958066,0.010969862
958067,0.051960867
958068,0.07083971
958069,0.08825677
958070,0.13820197
958071,0.19275434
958072,0.1838854
958073,0.20123883
958074,0.16944687
958075,0.18986875
958076,0.17016983
958077,0.19838327
958078,0.014122992
958079,0.18542649
958080,0.20570016
958081,0.15237613
958082,0.14670579
958083,0.22456409
958084,0.17045534
958085,0.10047295
958086,0.12974848
958087,0.23117036
958088,0.10836768
958089,0.29965642
958090,0.16056119
958091,0.109204166
958092,0.0467968
958093,0.04840474
958094,0.04814655
958095,0.051759288
958096,0.040751282
958097,0.049606062
958098,0.047557417
958099,0.047680996
958100,0.04046962
958101,0.037398122
958102,0.016026575
958103,0.11193218
958104,0.08680186
958105,0.13527893
958106,0.09589024
958107,0.0740485
958108,0.070020005
958109,0.07805251
958110,0.079492666
958111,0.14236662
958112,0.17399327
958113,0.23847297
958114,0.3430541
958115,0.36310574
958116,0.5039044
958117,0.41253203
958118,0.42059985
958119,0.39596787
958120,0.41189
958121,0.22688735
958122,0.23374967
958123,0.1886527
958124,0.2542409
958125,0.14767699
958126,0.032691598
958127,0.053087704
958128,0.04918847
958129,0.31283292
958130,0.2443996
958131,0.10165607
958132,0.30385557
958133,0.083294325
958134,0.013632929
958135,0.041988086
958136,0.03814139
958137,0.036959093
958138,0.041008055
958139,0.042637613
958140,0.034903746
958141,0.040686533
958142,0.03222063
958143,0.19642681
958144,0.1577381
958145,0.13079152
958146,0.09508649
958147,0.07421931
958148,0.08723765
958149,0.1271443
958150,0.08869963
958151,0.121021174
958152,0.12553121
958153,0.10548901
958154,0.11562532
958155,0.124014884
958156,0.063932195
958157,0.009685814
958158,0.029740624
958159,0.023275185
958160,0.026899895
958161,0.028367905
958162,0.029723786
958163,0.029314198
958164,0.03228603
958165,0.016958794
958166,0.058627136
958167,0.03475237
958168,0.06162494
958169,0.035076044
958170,0.052984454
958171,0.036369823
958172,0.02772047
958173,0.14063121
958174,0.14742988
958175,0.18469127
958176,0.18903182
958177,0.18123278
958178,0.2556892
958179,0.147571
958180,0.12693097
958181,0.030861631
958182,0.1939248
958183,0.056629546
958184,0.2254367
958185,0.15125635
958186,0.29522905
958187,0.10011786
958188,0.055088107
958189,0.12307198
958190,0.04789341
958191,0.0814339
958192,0.10380031
958193,0.011629474
958194,0.073540986
958195,0.074279666
958196,0.06064605
958197,0.061030384
958198,0.09142525
958199,0.011079117
958200,0.036973413
958201,0.028244177
958202,0.027850097
958203,0.029812515
958204,0.02662988
958205,0.032720767
958206,0.05050684
958207,0.026016835
958208,0.032859877
958209,0.13585241
958210,0.012963923
958211,0.05487808
958212,0.036614634
958213,0.057726968
958214,0.042216856
958215,0.057226237
958216,0.052218042
958217,0.043325808
958218,0.0461426
958219,0.06433832
958220,0.0073216385
958221,0.022707883
958222,0.020715533
958223,0.022328876
958224,0.02462301
958225,0.019340875
958226,0.017711883
958227,0.13818279
958228,0.014158509
958229,0.09357015
958230,0.040259697
958231,0.043415803
958232,0.08216519
958233,0.07349569
958234,0.16483748
958235,0.12444232
958236,0.08835295
958237,0.09187091
958238,0.04931311
958239,0.010584827
958240,0.020124795
958241,0.045500327
958242,0.03379318
958243,0.028534634
958244,0.033797313
958245,0.026887907
958246,0.02659222
958247,0.02450529
958248,0.015688408
958249,0.11966816
958250,0.06395857
958251,0.15426129
958252,0.13889512
958253,0.14516497
958254,0.05206381
958255,0.052490257
958256,0.054411598
958257,0.13768049
958258,0.058431387
958259,0.086507104
958260,0.012210445
958261,0.02757404
958262,0.018569289
958263,0.03369411
958264,0.015160993
958265,0.032342512
958266,0.28806326
958267,0.36389133
958268,0.41271472
958269,0.42809215
958270,0.25280827
958271,0.26981786
958272,0.38222936
958273,0.41070056
958274,0.19096482
958275,0.42851558
958276,0.27645168
958277,0.27455127
958278,0.32727706
958279,0.2088831
958280,0.018900482
958281,0.02769009
958282,0.04794972
958283,0.029498903
958284,0.03168362
958285,0.030232534
958286,0.03846816
958287,0.020319581
958288,0.06367221
958289,0.053808406
958290,0.05166949
958291,0.05524836
958292,0.053696852
958293,0.05449431
958294,0.04806948
958295,0.013203529
958296,0.022171851
958297,0.02122918
958298,0.019520827
958299,0.016519282
958300,0.027886357
958301,0.026075
958302,0.028774796
958303,0.02880345
958304,0.02603128
958305,0.015399785
958306,0.03833824
958307,0.038583584
958308,0.03580437
958309,0.038245577
958310,0.03459709
958311,0.03876539
958312,0.0332642
958313,0.016768727
958314,0.10813859
958315,0.10567142
958316,0.1087301
958317,0.09845816
958318,0.010757122
958319,0.028298087
958320,0.029667934
958321,0.04588605
958322,0.03380518
958323,0.028044906
958324,0.048964866
958325,0.029196605
958326,0.02412089
958327,0.23057249
958328,0.10647798
958329,0.11483962
958330,0.08896017
958331,0.06842302
958332,0.057668768
958333,0.016659407
958334,0.042107094
958335,0.119788796
958336,0.14647259
958337,0.119316086
958338,0.043263424
958339,0.14385279
958340,0.09318532
958341,0.044501707
958342,0.15640067
958343,0.09622469
958344,0.0169277
958345,0.034350906
958346,0.036416017
958347,0.032150287
958348,0.044392224
958349,0.04107505
958350,0.043040443
958351,0.010302256
958352,0.027089344
958353,0.028561398
958354,0.026115555
958355,0.025020093
958356,0.02612408
958357,0.015085284
958358,0.03537668
958359,0.034208473
958360,0.035437655
958361,0.04022231
958362,0.038813606
958363,0.031846687
958364,0.035627138
958365,0.011316176
958366,0.037484698
958367,0.034608133
958368,0.03818196
958369,0.04965552
958370,0.037145156
958371,0.03642298
958372,0.02857597
958373,0.012124064
958374,0.039090604
958375,0.029753232
958376,0.09841708
958377,0.04014549
958378,0.04546795
958379,0.041500807
958380,0.28218287
958381,0.5967757
958382,0.734001
958383,0.7272141
958384,0.75663424
958385,0.6846997
958386,0.7285662
958387,0.6137754
958388,0.68134624
958389,0.6207845
958390,0.7234029
958391,0.73648113
958392,0.6022011
958393,0.34791276
958394,0.014691874
958395,0.024512937
958396,0.03579559
958397,0.034967165
958398,0.03208403
958399,0.027561354
958400,0.027504623
958401,0.020966502
958402,0.03197695
958403,0.038968872
958404,0.0431102
958405,0.043125547
958406,0.017412942
958407,0.06654928
958408,0.060456086
958409,0.04067348
958410,0.11596098
958411,0.09348676
958412,0.17962179
958413,0.08817016
958414,0.10986611
958415,0.10413354
958416,0.13526462
958417,0.104490265
958418,0.07572683
958419,0.17051281
958420,0.25380933
958421,0.019205213
958422,0.064018354
958423,0.022311796
958424,0.08251212
958425,0.086320445
958426,0.08371083
958427,0.08472282
958428,0.111361004
958429,0.088483356
958430,0.08247849
958431,0.07667977
958432,0.11825323
958433,0.16401918
958434,0.18403542
958435,0.11549623
958436,0.03572886
958437,0.05908618
958438,0.053215723
958439,0.045822337
958440,0.023790458
958441,0.061477154
958442,0.10035114
958443,0.038774
958444,0.05606671
958445,0.053576943
958446,0.069780655
958447,0.05780181
958448,0.044910643
958449,0.009625457
958450,0.10888477
958451,0.044199396
958452,0.03616639
958453,0.055851776
958454,0.03564809
958455,0.021290854
958456,0.020309357
958457,0.033480465
958458,0.040051043
958459,0.23646168
958460,0.2836875
958461,0.21817988
958462,0.21084003
958463,0.20874578
958464,0.25174642
958465,0.31875432
958466,0.27501488
958467,0.22942065
958468,0.21136844
958469,0.014801956
958470,0.07800085
958471,0.18874261
958472,0.09302121
958473,0.19330184
958474,0.058884874
958475,0.27380806
958476,0.1476471
958477,0.10716395
958478,0.10228235
958479,0.022516115
958480,0.06068627
958481,0.05311228
958482,0.062498696
958483,0.060931854
958484,0.0726569
958485,0.06202942
958486,0.023215996
958487,0.04916699
958488,0.057991147
958489,0.063176446
958490,0.042271204
958491,0.05523654
958492,0.061882686
958493,0.059433967
958494,0.05482812
958495,0.02048654
958496,0.07390989
958497,0.03916277
958498,0.045231733
958499,0.043366816
958500,0.043160338
958501,0.048963197
958502,0.03879038
958503,0.041504934
958504,0.014891618
958505,0.030583525
958506,0.03288765
958507,0.03453974
958508,0.0378363
958509,0.040958006
958510,0.038367838
958511,0.041836053
958512,0.018710151
958513,0.050309222
958514,0.056541204
958515,0.016153054
958516,0.029556448
958517,0.05780181
958518,0.03069489
958519,0.04446516
958520,0.04477838
958521,0.041585166
958522,0.039205126
958523,0.02957297
958524,0.26674938
958525,0.30298376
958526,0.116087586
958527,0.08648066
958528,0.09089611
958529,0.08071768
958530,0.01658029
958531,0.030082135
958532,0.02476663
958533,0.031128878
958534,0.029381981
958535,0.031525604
958536,0.03158302
958537,0.031848516
958538,0.02764727
958539,0.042997677
958540,0.027181882
958541,0.023805523
958542,0.023331378
958543,0.026117902
958544,0.015250333
958545,0.06298039
958546,0.06354897
958547,0.07363848
958548,0.068492316
958549,0.0663178
958550,0.070114106
958551,0.020885048
958552,0.034716837
958553,0.031006396
958554,0.03611776
958555,0.043650236
958556,0.034312427
958557,0.022986123
958558,0.103252314
958559,0.11219465
958560,0.10041479
958561,0.11689081
958562,0.20205317
958563,0.27070847
958564,0.27633652
958565,0.25722146
958566,0.3361362
958567,0.14438502
958568,0.21995322
958569,0.3553318
958570,0.21889208
958571,0.20055647
958572,0.18224314
958573,0.1378036
958574,0.20126772
958575,0.027313398
958576,0.053780448
958577,0.03941703
958578,0.034991365
958579,0.041608833
958580,0.03697749
958581,0.03736613
958582,0.038552802
958583,0.048583377
958584,0.026935877
958585,0.1347973
958586,0.11168064
958587,0.12720548
958588,0.010498766
958589,0.09960409
958590,0.086634085
958591,0.10986331
958592,0.2856259
958593,0.32843596
958594,0.2856871
958595,0.33858874
958596,0.14743349
958597,0.03777441
958598,0.17712004
958599,0.22651407
958600,0.28871703
958601,0.23839991
958602,0.20511559
958603,0.18947975
958604,0.21039972
958605,0.15541975
958606,0.1860622
958607,0.18545316
958608,0.15950087
958609,0.49478915
958610,0.34613788
958611,0.63698626
958612,0.32204485
958613,0.41490445
958614,0.45331222
958615,0.47134933
958616,0.42083782
958617,0.28631788
958618,0.20192544
958619,0.5182599
958620,0.6599743
958621,0.68370396
958622,0.58628917
958623,0.57428193
958624,0.61659515
958625,0.6354249
958626,0.5316399
958627,0.60048145
958628,0.6157122
958629,0.6406902
958630,0.48072484
958631,0.38844657
958632,0.58911675
958633,0.30697784
958634,0.03917816
958635,0.08851819
958636,0.049556796
958637,0.08172619
958638,0.047424473
958639,0.10781454
958640,0.016637245
958641,0.03716355
958642,0.036174532
958643,0.037715916
958644,0.036730397
958645,0.0443909
958646,0.040142596
958647,0.045726154
958648,0.15202689
958649,0.4732099
958650,0.52583176
958651,0.6965208
958652,0.70475054
958653,0.601074
958654,0.59305066
958655,0.58996797
958656,0.66460854
958657,0.5987006
958658,0.6584474
958659,0.6387139
958660,0.59391636
958661,0.59456635
958662,0.63647896
958663,0.6721066
958664,0.6021333
958665,0.64088064
958666,0.5798752
958667,0.6233356
958668,0.3301588
958669,0.019335933
958670,0.0537432
958671,0.11707295
958672,0.095388874
958673,0.054224465
958674,0.06463746
958675,0.24617732
958676,0.2849193
958677,0.19528088
958678,0.21869312
958679,0.1662876
958680,0.39073047
958681,0.19050057
958682,0.04235686
958683,0.22167592
958684,0.26691058
958685,0.1912931
958686,0.24418238
958687,0.19484846
958688,0.19172068
958689,0.24478552
958690,0.2958685
958691,0.25875857
958692,0.17961873
958693,0.024903428
958694,0.17878897
958695,0.2640829
958696,0.10407684
958697,0.22942501
958698,0.22303736
958699,0.2411035
958700,0.3809333
958701,0.3702233
958702,0.3702233
958703,0.3715849
958704,0.36770162
958705,0.22570102
958706,0.016395895
958707,0.2447134
958708,0.20577429
958709,0.21578763
958710,0.4043674
958711,0.24882771
958712,0.28068337
958713,0.3220769
958714,0.24750443
958715,0.20745203
958716,0.08754965
958717,0.13003242
958718,0.11132055
958719,0.10823125
958720,0.108011335
958721,0.118365265
958722,0.015411993
958723,0.03490797
958724,0.042779177
958725,0.033739064
958726,0.04057576
958727,0.035312746
958728,0.052405737
958729,0.026655583
958730,0.03379456
958731,0.11834646
958732,0.18924157
958733,0.2441382
958734,0.17239638
958735,0.19842874
958736,0.28803867
958737,0.1590603
958738,0.22472548
958739,0.27446014
958740,0.14329796
958741,0.14016417
958742,0.11598068
958743,0.0077592917
958744,0.015645301
958745,0.021426484
958746,0.02300701
958747,0.021524137
958748,0.022220211
958749,0.01680196
958750,0.02022361
958751,0.05291045
958752,0.058176264
958753,0.05575217
958754,0.0762435
958755,0.068524756
958756,0.075071044
958757,0.062929995
958758,0.04984781
958759,0.04681365
958760,0.3739893
958761,0.42342988
958762,0.38129982
958763,0.47065666
958764,0.4998296
958765,0.6204479
958766,0.5194391
958767,0.5613045
958768,0.550154
958769,0.4159527
958770,0.5397936
958771,0.46127474
958772,0.5371185
958773,0.35203746
958774,0.16757701
958775,0.11963508
958776,0.5273902
958777,0.37516698
958778,0.57470936
958779,0.6852601
958780,0.66290534
958781,0.7000838
958782,0.6867451
958783,0.71667343
958784,0.755717
958785,0.7542001
958786,0.7030298
958787,0.74126506
958788,0.7771884
958789,0.72713345
958790,0.7659174
958791,0.7586866
958792,0.73687494
958793,0.7203039
958794,0.7926146
958795,0.7068725
958796,0.71933454
958797,0.4831446
958798,0.2479719
958799,0.26719993
958800,0.17715769
958801,0.59627986
958802,0.5551842
958803,0.5170889
958804,0.47213688
958805,0.4887949
958806,0.52547556
958807,0.49180964
958808,0.5598056
958809,0.48634732
958810,0.53005904
958811,0.46953064
958812,0.5641032
958813,0.38163233
958814,0.19018327
958815,0.088106856
958816,0.51574963
958817,0.64337444
958818,0.6442926
958819,0.63802505
958820,0.4588628
958821,0.59520894
958822,0.5940044
958823,0.6196083
958824,0.62170774
958825,0.5331387
958826,0.5806943
958827,0.30642232
958828,0.028806431
958829,0.4989655
958830,0.5913835
958831,0.62407833
958832,0.5718351
958833,0.6351696
958834,0.5608236
958835,0.6002255
958836,0.58672124
958837,0.599579
958838,0.64207244
958839,0.5535805
958840,0.35439458
958841,0.4504836
958842,0.5086644
958843,0.48469624
958844,0.2036726
958845,0.19605806
958846,0.13997911
958847,0.10009789
958848,0.09002784
958849,0.12473316
958850,0.08156349
958851,0.16516386
958852,0.21847022
958853,0.030838562
958854,0.07162494
958855,0.16441086
958856,0.48039305
958857,0.6257094
958858,0.6685067
958859,0.7662699
958860,0.75041085
958861,0.76911676
958862,0.780466
958863,0.82264733
958864,0.7838787
958865,0.77216077
958866,0.7215426
958867,0.77973896
958868,0.7777792
958869,0.77706486
958870,0.79045707
958871,0.74939126
958872,0.80799454
958873,0.7379851
958874,0.7233813
958875,0.7536676
958876,0.7870144
958877,0.7842022
958878,0.77720857
958879,0.81521803
958880,0.7402844
958881,0.70622545
958882,0.7199171
958883,0.18265891
958884,0.258379
958885,0.15665789
958886,0.14719447
958887,0.13909502
958888,0.14450678
958889,0.13071208
958890,0.11618917
958891,0.13896221
958892,0.5104824
958893,0.7307934
958894,0.670848
958895,0.707078
958896,0.69919574
958897,0.716525
958898,0.70874274
958899,0.64480644
958900,0.64125794
958901,0.72814226
958902,0.7737892
958903,0.7298016
958904,0.64046705
958905,0.66565734
958906,0.6308807
958907,0.55902547
958908,0.7528684
958909,0.7284789
958910,0.6963806
958911,0.6774355
958912,0.7032875
958913,0.58933413
958914,0.7005109
958915,0.37583974
958916,0.61503446
958917,0.5984369
958918,0.6643204
958919,0.79099447
958920,0.5641338
958921,0.606553
958922,0.6120467
958923,0.6436989
958924,0.64040416
958925,0.6685065
958926,0.7105396
958927,0.5447991
958928,0.35724795
958929,0.62600994
958930,0.6813417
958931,0.39055446
958932,0.06787981
958933,0.28016776
958934,0.23156781
958935,0.24461444
958936,0.21926585
958937,0.19482666
958938,0.0827804
958939,0.18850575
958940,0.12907079
958941,0.22752783
958942,0.11516862
958943,0.12426124
958944,0.1309304
958945,0.17266738
958946,0.09337452
958947,0.12414646
958948,0.21780884
958949,0.10271874
958950,0.09741278
958951,0.07951425
958952,0.012930371
958953,0.031144425
958954,0.024282752
958955,0.023433782
958956,0.0265568
958957,0.023889713
958958,0.11405986
958959,0.5416931
958960,0.63905996
958961,0.6828792
958962,0.6528302
958963,0.6501307
958964,0.67766774
958965,0.58184886
958966,0.69995713
958967,0.65581256
958968,0.6034974
958969,0.6486953
958970,0.7433877
958971,0.571513
958972,0.03261933
958973,0.108171195
958974,0.2078118
958975,0.22916834
958976,0.21361601
958977,0.13920611
958978,0.03199003
958979,0.07005842
958980,0.06660498
958981,0.063114464
958982,0.074002676
958983,0.067106746
958984,0.067248575
958985,0.07801476
958986,0.06647495
958987,0.07017672
958988,0.03028216
958989,0.1977508
958990,0.17282605
958991,0.088174805
958992,0.2853406
958993,0.22685653
958994,0.14648972
958995,0.23990065
958996,0.22738527
958997,0.26358205
958998,0.3297651
958999,0.15875398
959000,0.17251785
959001,0.15688889
959002,0.07325436
959003,0.015615543
959004,0.03996161
959005,0.04127205
959006,0.03554145
959007,0.032250933
959008,0.030475998
959009,0.02713081
959010,0.016151054
959011,0.03531749
959012,0.03642582
959013,0.03709694
959014,0.03370756
959015,0.03023967
959016,0.036939472
959017,0.049880095
959018,0.011754511
959019,0.052555747
959020,0.06571537
959021,0.0756344
959022,0.038827118
959023,0.041252974
959024,0.047262583
959025,0.03816207
959026,0.12415346
959027,0.0099066375
959028,0.02834941
959029,0.030251112
959030,0.04599592
959031,0.024242824
959032,0.037913177
959033,0.048455887
959034,0.012498501
959035,0.03135375
959036,0.117957026
959037,0.061881643
959038,0.059475467
959039,0.039405003
959040,0.09066586
959041,0.056213014
959042,0.10042103
959043,0.101867266
959044,0.107408606
959045,0.105980225
959046,0.11401025
959047,0.27909383
959048,0.1221588
959049,0.040550508
959050,0.06862553
959051,0.26614153
959052,0.044218816
959053,0.07500659
959054,0.13474713
959055,0.101139955
959056,0.17190203
959057,0.027792506
959058,0.12745024
959059,0.071819365
959060,0.05820082
959061,0.11716382
959062,0.27619967
959063,0.31791586
959064,0.3251849
959065,0.398015
959066,0.24361467
959067,0.056276727
959068,0.03379156
959069,0.03909691
959070,0.40928984
959071,0.60554034
959072,0.44779015
959073,0.53466105
959074,0.5767922
959075,0.5435114
959076,0.6469777
959077,0.6060889
959078,0.5657993
959079,0.61102086
959080,0.617332
959081,0.6960488
959082,0.5112841
959083,0.5858599
959084,0.6960891
959085,0.74696296
959086,0.66840214
959087,0.590716
959088,0.64338756
959089,0.34272745
959090,0.014776914
959091,0.030601613
959092,0.06110875
959093,0.07083299
959094,0.06036223
959095,0.03315728
959096,0.046399657
959097,0.1913853
959098,0.17248656
959099,0.216693
959100,0.18223149
959101,0.1591155
959102,0.1749367
959103,0.12850481
959104,0.10359906
959105,0.095243394
959106,0.1001396
959107,0.17124546
959108,0.1304336
959109,0.011170681
959110,0.052095298
959111,0.048854046
959112,0.048103232
959113,0.069405615
959114,0.04096677
959115,0.034251057
959116,0.15225652
959117,0.062459584
959118,0.15828027
959119,0.3596191
959120,0.22648777
959121,0.1773741
959122,0.15432727
959123,0.20606747
959124,0.16837464
959125,0.15218893
959126,0.11800714
959127,0.21144052
959128,0.15490666
959129,0.19463919
959130,0.17916366
959131,0.2036745
959132,0.3174879
959133,0.28147054
959134,0.018505104
959135,0.07095241
959136,0.08604713
959137,0.079244085
959138,0.07984629
959139,0.06677168
959140,0.32214108
959141,0.24311
959142,0.09470509
959143,0.24388468
959144,0.2118075
959145,0.2845868
959146,0.37929556
959147,0.43889868
959148,0.43346074
959149,0.29629034
959150,0.32658163
959151,0.23843688
959152,0.3105903
959153,0.28015456
959154,0.09649268
959155,0.3019395
959156,0.33253208
959157,0.18905875
959158,0.09534184
959159,0.02113386
959160,0.33719757
959161,0.32509646
959162,0.42626616
959163,0.49491608
959164,0.4329411
959165,0.40516078
959166,0.40214083
959167,0.53779507
959168,0.44041294
959169,0.4143724
959170,0.48948622
959171,0.5004837
959172,0.43352455
959173,0.11399084
959174,0.22897357
959175,0.037851978
959176,0.12141114
959177,0.10208792
959178,0.10874234
959179,0.12738763
959180,0.12083992
959181,0.11245598
959182,0.042460248
959183,0.11972044
959184,0.044564225
959185,0.29192838
959186,0.44497347
959187,0.53294
959188,0.46295938
959189,0.5321918
959190,0.4952769
959191,0.66018146
959192,0.600303
959193,0.52751267
959194,0.59831345
959195,0.3502692
959196,0.4637495
959197,0.46769744
959198,0.574063
959199,0.42831442
959200,0.65435904
959201,0.64311135
959202,0.5518595
959203,0.2949972
959204,0.10394088
959205,0.3590113
959206,0.4653141
959207,0.4995925
959208,0.25579175
959209,0.48776194
959210,0.36402783
959211,0.52856994
959212,0.52776384
959213,0.5042134
959214,0.36026356
959215,0.24969761
959216,0.20423424
959217,0.1126527
959218,0.09420958
959219,0.08091703
959220,0.10309165
959221,0.08897569
959222,0.079088405
959223,0.05766641
959224,0.059516486
959225,0.29851615
959226,0.5612219
959227,0.53772104
959228,0.54391295
959229,0.5340657
959230,0.5152753
959231,0.6426201
959232,0.6091314
959233,0.6023482
959234,0.5139597
959235,0.574764
959236,0.4727268
959237,0.5049941
959238,0.5095316
959239,0.59842604
959240,0.602291
959241,0.6797484
959242,0.6406111
959243,0.34852275
959244,0.22011594
959245,0.18817881
959246,0.3183824
959247,0.15533441
959248,0.16409487
959249,0.10629056
959250,0.046170786
959251,0.13271728
959252,0.26846632
959253,0.44027883
959254,0.2583242
959255,0.36357647
959256,0.32200268
959257,0.41547978
959258,0.11940807
959259,0.41458964
959260,0.4423382
959261,0.24521165
959262,0.28522334
959263,0.02026585
959264,0.06670281
959265,0.0764658
959266,0.023210207
959267,0.052047223
959268,0.060931638
959269,0.050325766
959270,0.06802681
959271,0.05204942
959272,0.056520276
959273,0.042773604
959274,0.019631132
959275,0.06962999
959276,0.056449026
959277,0.07081041
959278,0.056113817
959279,0.15398625
959280,0.15591788
959281,0.08369393
959282,0.040621072
959283,0.06468604
959284,0.05813619
959285,0.045920823
959286,0.050251737
959287,0.16964093
959288,0.29107478
959289,0.17139299
959290,0.1184697
959291,0.2475523
959292,0.2227169
959293,0.1884966
959294,0.19352432
959295,0.18539928
959296,0.12551335
959297,0.062371317
959298,0.19651306
959299,0.05143683
959300,0.142396
959301,0.17112201
959302,0.1664567
959303,0.17587861
959304,0.2073873
959305,0.36838797
959306,0.14218
959307,0.02607069
959308,0.08384422
959309,0.29917875
959310,0.12686531
959311,0.029683499
959312,0.0667193
959313,0.069341876
959314,0.06601839
959315,0.05858712
959316,0.095945425
959317,0.07883139
959318,0.11605862
959319,0.066059515
959320,0.068075106
959321,0.054017805
959322,0.095607735
959323,0.2584543
959324,0.3372321
959325,0.4430987
959326,0.18564159
959327,0.3249118
959328,0.2777338
959329,0.123141356
959330,0.43588728
959331,0.3404475
959332,0.37157527
959333,0.27334863
959334,0.24708678
959335,0.23664118
959336,0.19580425
959337,0.24040642
959338,0.15654595
959339,0.1889836
959340,0.013824224
959341,0.018845765
959342,0.039046165
959343,0.022160672
959344,0.06358673
959345,0.02221556
959346,0.03676523
959347,0.047154754
959348,0.018905126
959349,0.017312396
959350,0.015659032
959351,0.023650192
959352,0.061320692
959353,0.055869035
959354,0.05409457
959355,0.056004915
959356,0.06308894
959357,0.044944987
959358,0.03838404
959359,0.3035077
959360,0.2764511
959361,0.3743497
959362,0.17728943
959363,0.26392677
959364,0.25022727
959365,0.28001744
959366,0.07257296
959367,0.17355523
959368,0.23630491
959369,0.21120556
959370,0.40991905
959371,0.3028939
959372,0.24221323
959373,0.39376333
959374,0.16914606
959375,0.23461181
959376,0.20535818
959377,0.010815592
959378,0.052996475
959379,0.049349245
959380,0.04642228
959381,0.054368325
959382,0.04543663
959383,0.06606284
959384,0.014297617
959385,0.036956936
959386,0.026520649
959387,0.03056653
959388,0.033458754
959389,0.028961278
959390,0.027005881
959391,0.025052544
959392,0.090731576
959393,0.031316783
959394,0.09284463
959395,0.11598672
959396,0.14491148
959397,0.1271116
959398,0.16262086
959399,0.08798746
959400,0.09407963
959401,0.15255666
959402,0.12890206
959403,0.065529
959404,0.31975028
959405,0.475178
959406,0.5226822
959407,0.5132501
959408,0.5744509
959409,0.6758626
959410,0.72391045
959411,0.69708455
959412,0.7237892
959413,0.7297579
959414,0.6112938
959415,0.73542356
959416,0.61232555
959417,0.7338598
959418,0.73062634
959419,0.73117495
959420,0.73247856
959421,0.7413203
959422,0.7268437
959423,0.71203923
959424,0.6346787
959425,0.5363548
959426,0.45339504
959427,0.20914748
959428,0.3715953
959429,0.38244867
959430,0.37377292
959431,0.42177975
959432,0.34945264
959433,0.3513253
959434,0.36415988
959435,0.38794407
959436,0.30847186
959437,0.45097032
959438,0.5260005
959439,0.4587922
959440,0.57521576
959441,0.59586376
959442,0.56717587
959443,0.5900147
959444,0.5039672
959445,0.6132981
959446,0.56009674
959447,0.522043
959448,0.49888965
959449,0.50606966
959450,0.52370167
959451,0.40501598
959452,0.23682341
959453,0.32090393
959454,0.3275198
959455,0.43996093
959456,0.3525427
959457,0.3115726
959458,0.1656305
959459,0.21999802
959460,0.53396726
959461,0.51259285
959462,0.68126553
959463,0.6384994
959464,0.7419223
959465,0.7393847
959466,0.78627634
959467,0.76788515
959468,0.7606448
959469,0.76774496
959470,0.6939594
959471,0.7241206
959472,0.75872767
959473,0.7593385
959474,0.66535556
959475,0.68719506
959476,0.66796327
959477,0.7422508
959478,0.732677
959479,0.76476806
959480,0.7004813
959481,0.6822185
959482,0.7551729
959483,0.6630418
959484,0.7333862
959485,0.6782575
959486,0.69541895
959487,0.72208846
959488,0.7168698
959489,0.7223287
959490,0.7056364
959491,0.3061358
959492,0.022326551
959493,0.27828327
959494,0.14131533
959495,0.121358074
959496,0.14341111
959497,0.10588868
959498,0.099451296
959499,0.10378723
959500,0.1726472
959501,0.121059895
959502,0.10920637
959503,0.14697383
959504,0.14411333
959505,0.046607856
959506,0.3434124
959507,0.32014117
959508,0.43685007
959509,0.41932118
959510,0.29975384
959511,0.39109188
959512,0.38380986
959513,0.18741703
959514,0.20618173
959515,0.21445763
959516,0.19499981
959517,0.0955946
959518,0.08036323
959519,0.25536665
959520,0.1682705
959521,0.040054243
959522,0.17443928
959523,0.39059204
959524,0.20657367
959525,0.21887691
959526,0.22403541
959527,0.36397845
959528,0.28822687
959529,0.18890168
959530,0.3144354
959531,0.29718247
959532,0.17569084
959533,0.18017961
959534,0.16085805
959535,0.21380372
959536,0.4273335
959537,0.46264163
959538,0.38392258
959539,0.48225972
959540,0.418742
959541,0.51488614
959542,0.460554
959543,0.46033666
959544,0.499151
959545,0.4129147
959546,0.179469
959547,0.1356459
959548,0.118627034
959549,0.117669
959550,0.16030881
959551,0.096201055
959552,0.22386858
959553,0.1528869
959554,0.11853285
959555,0.019467926
959556,0.046568286
959557,0.03941163
959558,0.04933189
959559,0.038863577
959560,0.05364471
959561,0.052747894
959562,0.04677903
959563,0.02047818
959564,0.05803519
959565,0.034418326
959566,0.054964766
959567,0.0710154
959568,0.068950854
959569,0.08382632
959570,0.049128197
959571,0.06283282
959572,0.014325385
959573,0.05032373
959574,0.040009886
959575,0.06932656
959576,0.042928558
959577,0.04122833
959578,0.040285435
959579,0.044441685
959580,0.0395497
959581,0.017724391
959582,0.06681656
959583,0.074721605
959584,0.072049506
959585,0.09052304
959586,0.015998438
959587,0.06489311
959588,0.053703044
959589,0.058289696
959590,0.070570685
959591,0.18317889
959592,0.1540006
959593,0.18158627
959594,0.21993768
959595,0.25013426
959596,0.16477378
959597,0.030581506
959598,0.13995467
959599,0.12362426
959600,0.12884861
959601,0.15663445
959602,0.111578695
959603,0.23948944
959604,0.37100735
959605,0.259919
959606,0.037859123
959607,0.21645164
959608,0.38873154
959609,0.41517434
959610,0.50350595
959611,0.49488583
959612,0.49261993
959613,0.57187736
959614,0.41150296
959615,0.4135699
959616,0.46141744
959617,0.5380753
959618,0.45237526
959619,0.53185725
959620,0.4507856
959621,0.5246855
959622,0.48468736
959623,0.23643868
959624,0.034842975
959625,0.3150135
959626,0.068453275
959627,0.08172636
959628,0.067878895
959629,0.0565719
959630,0.018650053
959631,0.058206532
959632,0.04964581
959633,0.058373176
959634,0.058130223
959635,0.059497718
959636,0.051983654
959637,0.03504643
959638,0.01571446
959639,0.043624215
959640,0.09963842
959641,0.05830864
959642,0.13928713
959643,0.055121373
959644,0.05294603
959645,0.06605825
959646,0.08758529
959647,0.06508715
959648,0.25120053
959649,0.33551672
959650,0.30229944
959651,0.17161399
959652,0.040490877
959653,0.044247635
959654,0.027203023
959655,0.08219708
959656,0.115889706
959657,0.08905143
959658,0.08621045
959659,0.088169836
959660,0.06111221
959661,0.06754277
959662,0.037353326
959663,0.17518552
959664,0.036064204
959665,0.038132567
959666,0.03962099
959667,0.009954622
959668,0.15313283
959669,0.16780683
959670,0.16564682
959671,0.14862016
959672,0.12273784
959673,0.2516137
959674,0.10806728
959675,0.046910822
959676,0.03627656
959677,0.03551705
959678,0.03112774
959679,0.029232195
959680,0.026219374
959681,0.018612357
959682,0.057769366
959683,0.05285953
959684,0.03996054
959685,0.056155503
959686,0.03656526
959687,0.10755075
959688,0.05944199
959689,0.047474623
959690,0.023329306
959691,0.01182066
959692,0.038267568
959693,0.025413109
959694,0.025520924
959695,0.019449867
959696,0.017763484
959697,0.017292371
959698,0.03296244
959699,0.026091238
959700,0.21862131
959701,0.0090089785
959702,0.019852608
959703,0.0324251
959704,0.023423828
959705,0.024270728
959706,0.023308972
959707,0.021468202
959708,0.021759728
959709,0.17386335
959710,0.10451171
959711,0.009612021
959712,0.023920428
959713,0.04748943
959714,0.020891184
959715,0.028277129
959716,0.021273402
959717,0.027781537
959718,0.018873475
959719,0.2859891
959720,0.31391466
959721,0.2813228
959722,0.30213457
959723,0.2628659
959724,0.063950635
959725,0.010873457
959726,0.027407315
959727,0.02263305
959728,0.026822504
959729,0.03046399
959730,0.025449043
959731,0.018790284
959732,0.09705363
959733,0.09739798
959734,0.09434101
959735,0.09807521
959736,0.09808074
959737,0.087617666
959738,0.093884595
959739,0.0694944
959740,0.011355015
959741,0.026823692
959742,0.035090532
959743,0.045527484
959744,0.045521993
959745,0.033570364
959746,0.031968396
959747,0.034166325
959748,0.045862287
959749,0.01935674
959750,0.070385255
959751,0.06858151
959752,0.07406681
959753,0.096887894
959754,0.075575925
959755,0.052401133
959756,0.3880792
959757,0.36877576
959758,0.29818824
959759,0.013491337
959760,0.022951255
959761,0.023220247
959762,0.022546433
959763,0.02594439
959764,0.025213854
959765,0.019711552
959766,0.32922253
959767,0.23103385
959768,0.27140513
959769,0.3528008
959770,0.27353144
959771,0.52791923
959772,0.43408722
959773,0.55587006
959774,0.2602093
959775,0.028207958
959776,0.10340047
959777,0.124679774
959778,0.12570731
959779,0.10237742
959780,0.09000661
959781,0.2697685
959782,0.18283866
959783,0.2022196
959784,0.17413056
959785,0.3253572
959786,0.11687453
959787,0.116154894
959788,0.129418
959789,0.074532785
959790,0.06900926
959791,0.36524227
959792,0.24505498
959793,0.20633325
959794,0.38276175
959795,0.10480309
959796,0.17648664
959797,0.15928337
959798,0.18056658
959799,0.1711659
959800,0.14099517
959801,0.22141378
959802,0.29855067
959803,0.31975493
959804,0.2633831
959805,0.019418726
959806,0.07210436
959807,0.03688336
959808,0.040096175
959809,0.06596161
959810,0.055219308
959811,0.05827393
959812,0.29894772
959813,0.48919567
959814,0.45837635
959815,0.56688166
959816,0.5652298
959817,0.66859055
959818,0.6426108
959819,0.64371175
959820,0.6030576
959821,0.6001844
959822,0.654816
959823,0.35968646
959824,0.65488815
959825,0.577183
959826,0.40067172
959827,0.5151765
959828,0.5852071
959829,0.60235214
959830,0.25950903
959831,0.026673822
959832,0.21832347
959833,0.2694733
959834,0.23674376
959835,0.23611341
959836,0.18622355
959837,0.20603353
959838,0.2410907
959839,0.18526798
959840,0.023998586
959841,0.10812506
959842,0.097493894
959843,0.33721858
959844,0.11638503
959845,0.11928742
959846,0.09931043
959847,0.1175743
959848,0.12636666
959849,0.5162218
959850,0.7868098
959851,0.80295575
959852,0.84891915
959853,0.8353342
959854,0.8757686
959855,0.8921998
959856,0.90813607
959857,0.89562356
959858,0.89620274
959859,0.8886562
959860,0.89355284
959861,0.87944525
959862,0.8823408
959863,0.8902991
959864,0.91273016
959865,0.90673894
959866,0.8712098
959867,0.9085037
959868,0.88101584
959869,0.862932
959870,0.8721799
959871,0.8816638
959872,0.8764746
959873,0.8693895
959874,0.88217527
959875,0.86374986
959876,0.870225
959877,0.87035835
959878,0.8624041
959879,0.8661109
959880,0.85984975
959881,0.8589809
959882,0.8727669
959883,0.85339344
959884,0.86147106
959885,0.8419303
959886,0.8556652
959887,0.8521247
959888,0.84293646
959889,0.84900284
959890,0.86849725
959891,0.86372095
959892,0.84306824
959893,0.83520794
959894,0.8621263
959895,0.8464699
959896,0.83478755
959897,0.8557641
959898,0.82866174
959899,0.85982513
959900,0.8372638
959901,0.84219116
959902,0.81696236
959903,0.83567476
959904,0.84995276
959905,0.82763964
959906,0.8426959
959907,0.8328505
959908,0.8182973
959909,0.8186499
959910,0.81961167
959911,0.8042474
959912,0.8137532
959913,0.8112462
959914,0.8122308
959915,0.78437865
959916,0.8322033
959917,0.8181749
959918,0.83938015
959919,0.79042625
959920,0.8337635
959921,0.79930145
959922,0.8397958
959923,0.80427736
959924,0.65977585
959925,0.1801328
959926,0.12964909
959927,0.12330253
959928,0.15561612
959929,0.124127254
959930,0.28014377
959931,0.12733802
959932,0.15034352
959933,0.07686393
959934,0.011509695
959935,0.03072465
959936,0.035225615
959937,0.05159662
959938,0.07425308
959939,0.047285993
959940,0.032438777
959941,0.031021556
959942,0.029034834
959943,0.021696588
959944,0.046159245
959945,0.043435007
959946,0.061506394
959947,0.06391398
959948,0.06140091
959949,0.34682432
959950,0.17804334
959951,0.19211747
959952,0.21593888
959953,0.23125626
959954,0.0937427
959955,0.06276989
959956,0.30870914
959957,0.018818105
959958,0.019157909
959959,0.042114586
959960,0.01841714
959961,0.018922685
959962,0.04374009
959963,0.042449925
959964,0.024635008
959965,0.026960371
959966,0.021917235
959967,0.021396147
959968,0.018192349
959969,0.00838795
959970,0.013199188
959971,0.011870632
959972,0.021542555
959973,0.014508324
959974,0.012066955
959975,0.014854679
959976,0.022219166
959977,0.01745563
959978,0.014204727
959979,0.20614716
959980,0.010608182
959981,0.013302854
959982,0.03939012
959983,0.016030613
959984,0.017048297
959985,0.023258822
959986,0.016075443
959987,0.013471095
959988,0.04012602
959989,0.047674727
959990,0.08732562
959991,0.052804936
959992,0.06652095
959993,0.374692
959994,0.36817577
959995,0.41814086
959996,0.4358318
959997,0.31281278
959998,0.41749826
959999,0.4662584
960000,0.5899189
960001,0.24678926
960002,0.014032349
960003,0.03944625
960004,0.03896514
960005,0.041235194
960006,0.03212933
960007,0.03576216
960008,0.04025908
960009,0.035695508
960010,0.030296775
960011,0.009951536
960012,0.024151215
960013,0.022997493
960014,0.02235651
960015,0.02345808
960016,0.022711873
960017,0.018279366
960018,0.08664503
960019,0.117937185
960020,0.072298616
960021,0.21614732
960022,0.22927482
960023,0.26223508
960024,0.22619061
960025,0.22693911
960026,0.21088551
960027,0.18701966
960028,0.010878541
960029,0.025366118
960030,0.027049016
960031,0.026291471
960032,0.026047703
960033,0.02772707
960034,0.026407741
960035,0.021565456
960036,0.035698522
960037,0.22650108
960038,0.012192587
960039,0.0643982
960040,0.06264753
960041,0.06599355
960042,0.097684816
960043,0.35660538
960044,0.54214096
960045,0.40519026
960046,0.28089562
960047,0.5803047
960048,0.4621699
960049,0.31972378
960050,0.33792725
960051,0.36925936
960052,0.25561056
960053,0.029578004
960054,0.06626549
960055,0.0879401
960056,0.063563704
960057,0.052942228
960058,0.4187853
960059,0.49371436
960060,0.43483627
960061,0.4077618
960062,0.46761683
960063,0.5312136
960064,0.5303279
960065,0.6280009
960066,0.6550547
960067,0.5791998
960068,0.6400267
960069,0.69566536
960070,0.67900234
960071,0.6436975
960072,0.5856917
960073,0.6421105
960074,0.6113301
960075,0.36577514
960076,0.0850188
960077,0.16648732
960078,0.16235062
960079,0.16965798
960080,0.17377526
960081,0.14221324
960082,0.14555031
960083,0.6108326
960084,0.64543194
960085,0.6528861
960086,0.7142417
960087,0.6446771
960088,0.66673166
960089,0.67051005
960090,0.6957725
960091,0.6812095
960092,0.6876049
960093,0.6483755
960094,0.6460275
960095,0.6330706
960096,0.6773338
960097,0.51062
960098,0.1138149
960099,0.42611516
960100,0.08777994
960101,0.06959903
960102,0.06965951
960103,0.06014113
960104,0.059431776
960105,0.17155929
960106,0.28994346
960107,0.18835638
960108,0.16542827
960109,0.14732972
960110,0.116412595
960111,0.24157654
960112,0.22358713
960113,0.17914061
960114,0.13202189
960115,0.1322745
960116,0.12388658
960117,0.081021704
960118,0.29510692
960119,0.26407993
960120,0.28131595
960121,0.31327862
960122,0.2738698
960123,0.26691508
960124,0.2696508
960125,0.2563156
960126,0.22696921
960127,0.01813187
960128,0.1923801
960129,0.17356907
960130,0.20491824
960131,0.22808938
960132,0.2285547
960133,0.24150003
960134,0.21713154
960135,0.20164505
960136,0.19129337
960137,0.108976156
960138,0.08579829
960139,0.020811437
960140,0.25588876
960141,0.30064464
960142,0.19451702
960143,0.1998091
960144,0.38684577
960145,0.3189024
960146,0.16534021
960147,0.23706418
960148,0.20599218
960149,0.122923404
960150,0.17603152
960151,0.10588897
960152,0.074796095
960153,0.10570751
960154,0.30432263
960155,0.23451728
960156,0.37535563
960157,0.22669433
960158,0.035886426
960159,0.092203006
960160,0.07339506
960161,0.058763053
960162,0.057713613
960163,0.061351936
960164,0.087245695
960165,0.044145297
960166,0.044395022
960167,0.070929036
960168,0.02570075
960169,0.03322549
960170,0.031452775
960171,0.023464957
960172,0.01604988
960173,0.046721786
960174,0.014405505
960175,0.03978812
960176,0.030060075
960177,0.027239393
960178,0.030247537
960179,0.040877495
960180,0.028413882
960181,0.23603323
960182,0.009215337
960183,0.020370886
960184,0.020932911
960185,0.02223768
960186,0.021062713
960187,0.04115384
960188,0.01604327
960189,0.021904124
960190,0.012815313
960191,0.05699176
960192,0.041129414
960193,0.050582368
960194,0.035798714
960195,0.020698963
960196,0.039815526
960197,0.03180176
960198,0.050118834
960199,0.09576716
960200,0.32153338
960201,0.012622672
960202,0.062091842
960203,0.040215455
960204,0.025735367
960205,0.04792063
960206,0.034931313
960207,0.058961723
960208,0.033015203
960209,0.017729007
960210,0.014433818
960211,0.05291689
960212,0.05839054
960213,0.0144269075
960214,0.03105984
960215,0.022578787
960216,0.019920394
960217,0.016854139
960218,0.016786695
960219,0.029256133
960220,0.015692554
960221,0.25686726
960222,0.13198715
960223,0.0130511215
960224,0.0529289
960225,0.0927773
960226,0.041582674
960227,0.0489377
960228,0.04114668
960229,0.050191663
960230,0.0075172377
960231,0.019762298
960232,0.015195233
960233,0.017947206
960234,0.01845147
960235,0.021142844
960236,0.01900207
960237,0.010697925
960238,0.06776401
960239,0.039884675
960240,0.039217893
960241,0.0138841
960242,0.021610865
960243,0.01790146
960244,0.01893968
960245,0.022756102
960246,0.023026722
960247,0.016607579
960248,0.11888135
960249,0.025151761
960250,0.028904134
960251,0.030915717
960252,0.033561926
960253,0.026507191
960254,0.044112068
960255,0.029701263
960256,0.023130817
960257,0.009237721
960258,0.037766326
960259,0.01589138
960260,0.014498857
960261,0.023743415
960262,0.017983397
960263,0.020430611
960264,0.010108287
960265,0.024188565
960266,0.01985428
960267,0.020474473
960268,0.018144108
960269,0.02091052
960270,0.01482928
960271,0.017389135
960272,0.010130435
960273,0.02011937
960274,0.021097358
960275,0.021230541
960276,0.016616872
960277,0.02170033
960278,0.024389885
960279,0.02160279
960280,0.019825444
960281,0.01513866
960282,0.030322287
960283,0.029293926
960284,0.042689797
960285,0.025632178
960286,0.08473832
960287,0.04302011
960288,0.0376223
960289,0.030484887
960290,0.06832141
960291,0.035505112
960292,0.019977892
960293,0.04636336
960294,0.04865552
960295,0.1321021
960296,0.031593934
960297,0.04900695
960298,0.10093133
960299,0.07391099
960300,0.03936192
960301,0.09617386
960302,0.03242214
960303,0.028374795
960304,0.07673971
960305,0.17959966
960306,0.13901588
960307,0.20672628
960308,0.28842586
960309,0.1850684
960310,0.16883272
960311,0.18422627
960312,0.15711148
960313,0.15435795
960314,0.13058467
960315,0.2627982
960316,0.24861605
960317,0.1715957
960318,0.019722538
960319,0.048211847
960320,0.030438747
960321,0.029348655
960322,0.03377589
960323,0.5088743
960324,0.65550137
960325,0.55977553
960326,0.6540576
960327,0.6739609
960328,0.70436347
960329,0.6774704
960330,0.7149783
960331,0.7107345
960332,0.6389906
960333,0.74286395
960334,0.6774312
960335,0.6546675
960336,0.65474075
960337,0.45777312
960338,0.23085071
960339,0.039424043
960340,0.07021615
960341,0.09263322
960342,0.080365345
960343,0.021422045
960344,0.17481059
960345,0.18031403
960346,0.2833085
960347,0.22447456
960348,0.42558056
960349,0.37681264
960350,0.3464084
960351,0.37259376
960352,0.46834695
960353,0.46834695
960354,0.46834695
960355,0.32538515
960356,0.22874725
960357,0.029953673
960358,0.045419414
960359,0.03900571
960360,0.035979155
960361,0.034840338
960362,0.032364223
960363,0.04311132
960364,0.024754476
960365,0.022089329
960366,0.0221855
960367,0.020610869
960368,0.023294246
960369,0.022676628
960370,0.02223767
960371,0.01984502
960372,0.012472268
960373,0.02966727
960374,0.022820115
960375,0.023593757
960376,0.023966698
960377,0.021409884
960378,0.02283365
960379,0.022521028
960380,0.0126543045
960381,0.026814794
960382,0.029850444
960383,0.029375391
960384,0.03515076
960385,0.029626563
960386,0.025559245
960387,0.026939783
960388,0.031374533
960389,0.011005689
960390,0.021970743
960391,0.022892836
960392,0.026688576
960393,0.044973396
960394,0.021803346
960395,0.021170355
960396,0.075872086
960397,0.09349303
960398,0.3798884
960399,0.28035936
960400,0.016955733
960401,0.10012394
960402,0.026643794
960403,0.02327974
960404,0.018907832
960405,0.031041216
960406,0.27510017
960407,0.37784407
960408,0.24557534
960409,0.2592009
960410,0.18988116
960411,0.21252039
960412,0.021424461
960413,0.040818807
960414,0.05385
960415,0.049375836
960416,0.040073268
960417,0.070747435
960418,0.037368126
960419,0.044120073
960420,0.03639975
960421,0.29347327
960422,0.1555107
960423,0.10504209
960424,0.12039844
960425,0.10991375
960426,0.12827308
960427,0.13321409
960428,0.26457277
960429,0.2734804
960430,0.25553316
960431,0.19813219
960432,0.0138777625
960433,0.056229666
960434,0.04344108
960435,0.049863838
960436,0.041179825
960437,0.04323115
960438,0.10583389
960439,0.1912191
960440,0.030028796
960441,0.27442917
960442,0.33044735
960443,0.4110517
960444,0.34273002
960445,0.412435
960446,0.22638032
960447,0.3761375
960448,0.22942066
960449,0.34338656
960450,0.33757436
960451,0.4568558
960452,0.39228138
960453,0.3592087
960454,0.13969573
960455,0.022507418
960456,0.056860298
960457,0.05402273
960458,0.03542132
960459,0.035725944
960460,0.029929249
960461,0.018123478
960462,0.021608043
960463,0.026689883
960464,0.021347769
960465,0.027940545
960466,0.028365007
960467,0.021940686
960468,0.008873951
960469,0.019017512
960470,0.02142614
960471,0.018594546
960472,0.017257586
960473,0.016880985
960474,0.0181632
960475,0.0123078395
960476,0.028173385
960477,0.027794765
960478,0.024457699
960479,0.04443765
960480,0.024502907
960481,0.039564975
960482,0.025483409
960483,0.023517806
960484,0.009467366
960485,0.022821076
960486,0.04797492
960487,0.03360502
960488,0.026133832
960489,0.042753596
960490,0.03483782
960491,0.037066925
960492,0.024524165
960493,0.037613526
960494,0.31684086
960495,0.18803264
960496,0.14696047
960497,0.13242458
960498,0.12618683
960499,0.08889289
960500,0.011065886
960501,0.019277569
960502,0.034492068
960503,0.02328084
960504,0.02551747
960505,0.016658852
960506,0.020221202
960507,0.020127255
960508,0.22514768
960509,0.31321466
960510,0.039771426
960511,0.08384754
960512,0.14691561
960513,0.04294539
960514,0.25699404
960515,0.12321319
960516,0.13092181
960517,0.11203089
960518,0.13088728
960519,0.014021362
960520,0.03168071
960521,0.03501297
960522,0.037525278
960523,0.068604924
960524,0.037226487
960525,0.036787458
960526,0.035478484
960527,0.035186917
960528,0.073640496
960529,0.1519237
960530,0.08771366
960531,0.099611305
960532,0.17109549
960533,0.09580311
960534,0.0142915165
960535,0.085151814
960536,0.087920606
960537,0.07826776
960538,0.085674815
960539,0.24149942
960540,0.08500923
960541,0.12275728
960542,0.026632214
960543,0.021940712
960544,0.030605936
960545,0.031836845
960546,0.2465756
960547,0.17909491
960548,0.2261549
960549,0.14896715
960550,0.03620328
960551,0.086131975
960552,0.037166517
960553,0.079170495
960554,0.049800336
960555,0.059432358
960556,0.055646185
960557,0.041657034
960558,0.043782063
960559,0.065814205
960560,0.120711036
960561,0.10259136
960562,0.08974668
960563,0.08763397
960564,0.08312091
960565,0.071769044
960566,0.013570362
960567,0.019737596
960568,0.015719652
960569,0.022732217
960570,0.017510502
960571,0.023002153
960572,0.025411746
960573,0.01770058
960574,0.11150305
960575,0.39435413
960576,0.30253747
960577,0.27073404
960578,0.31367895
960579,0.23713109
960580,0.3331487
960581,0.16390792
960582,0.18768856
960583,0.16487369
960584,0.15888286
960585,0.15022415
960586,0.1635912
960587,0.11600978
960588,0.01870111
960589,0.11505445
960590,0.04833858
960591,0.05503521
960592,0.048361443
960593,0.047069415
960594,0.08801576
960595,0.04463835
960596,0.23298882
960597,0.008236441
960598,0.029761346
960599,0.023022529
960600,0.025972981
960601,0.027486498
960602,0.025207322
960603,0.022306543
960604,0.02246713
960605,0.02185006
960606,0.17552675
960607,0.15252025
960608,0.094902016
960609,0.0136340195
960610,0.031301662
960611,0.037325703
960612,0.04939771
960613,0.028787287
960614,0.008269991
960615,0.025561247
960616,0.016404448
960617,0.022223454
960618,0.02701382
960619,0.027119318
960620,0.012358838
960621,0.05171845
960622,0.039859083
960623,0.035133902
960624,0.059283897
960625,0.04934797
960626,0.048518043
960627,0.034635905
960628,0.026582215
960629,0.14700387
960630,0.18766977
960631,0.2500284
960632,0.21955456
960633,0.27848727
960634,0.26525876
960635,0.4181642
960636,0.39507762
960637,0.06923874
960638,0.22060482
960639,0.1276218
960640,0.010055491
960641,0.033261135
960642,0.039405745
960643,0.029448804
960644,0.033029225
960645,0.049499787
960646,0.02738388
960647,0.1322119
960648,0.11494978
960649,0.1072188
960650,0.091715746
960651,0.1029174
960652,0.25619417
960653,0.16859232
960654,0.021587951
960655,0.06912267
960656,0.09871303
960657,0.11477656
960658,0.31678525
960659,0.012056829
960660,0.048064787
960661,0.033336394
960662,0.051226765
960663,0.03306649
960664,0.02488653
960665,0.041903246
960666,0.033593267
960667,0.024230845
960668,0.01988976
960669,0.020758767
960670,0.020047268
960671,0.06466394
960672,0.30858317
960673,0.23069218
960674,0.39220694
960675,0.27110457
960676,0.25719577
960677,0.21232869
960678,0.38352424
960679,0.4206346
960680,0.34772494
960681,0.46372485
960682,0.34745935
960683,0.34170073
960684,0.21348561
960685,0.019541664
960686,0.040724125
960687,0.05451891
960688,0.040407322
960689,0.047045127
960690,0.042448897
960691,0.043147262
960692,0.03871961
960693,0.24297832
960694,0.010256315
960695,0.020261675
960696,0.019882321
960697,0.018706854
960698,0.024598256
960699,0.017662682
960700,0.07288268
960701,0.096352525
960702,0.099772565
960703,0.07803451
960704,0.017565385
960705,0.09178421
960706,0.069094434
960707,0.046443332
960708,0.046756882
960709,0.048393153
960710,0.047905434
960711,0.049294546
960712,0.01245408
960713,0.036491394
960714,0.037323274
960715,0.03403946
960716,0.028253842
960717,0.04277002
960718,0.029998694
960719,0.065182075
960720,0.03307191
960721,0.025882157
960722,0.055009067
960723,0.09971981
960724,0.05326431
960725,0.049843475
960726,0.0717262
960727,0.06210518
960728,0.055180263
960729,0.018638117
960730,0.25227192
960731,0.32642418
960732,0.38868394
960733,0.41495344
960734,0.487674
960735,0.468928
960736,0.5788667
960737,0.36600456
960738,0.41870946
960739,0.37802207
960740,0.42103413
960741,0.44582605
960742,0.3948903
960743,0.33590972
960744,0.30535197
960745,0.0061674197
960746,0.02109079
960747,0.016239107
960748,0.023913732
960749,0.014183036
960750,0.016935669
960751,0.19658096
960752,0.38984954
960753,0.32597235
960754,0.3640044
960755,0.36484396
960756,0.33050463
960757,0.2845265
960758,0.016823195
960759,0.037991855
960760,0.043859433
960761,0.04681386
960762,0.03885625
960763,0.047703184
960764,0.0364342
960765,0.041084774
960766,0.045031995
960767,0.013126014
960768,0.055482507
960769,0.047215227
960770,0.0343106
960771,0.03703205
960772,0.041222375
960773,0.01630081
960774,0.027172452
960775,0.032113437
960776,0.026781788
960777,0.031988226
960778,0.03451364
960779,0.025441675
960780,0.012900626
960781,0.061610386
960782,0.06021862
960783,0.07232905
960784,0.009649524
960785,0.022191206
960786,0.037612855
960787,0.027383981
960788,0.024609001
960789,0.011859054
960790,0.022509746
960791,0.029757913
960792,0.02387069
960793,0.0144216195
960794,0.03493982
960795,0.020044973
960796,0.023928903
960797,0.013197374
960798,0.038278688
960799,0.026644908
960800,0.028177826
960801,0.027133934
960802,0.024234172
960803,0.012844785
960804,0.021017455
960805,0.023340577
960806,0.015478158
960807,0.020941287
960808,0.015781695
960809,0.017111907
960810,0.01464278
960811,0.07452355
960812,0.07834714
960813,0.049547758
960814,0.09927371
960815,0.049945228
960816,0.05848171
960817,0.04849267
960818,0.07435512
960819,0.065640435
960820,0.0077340924
960821,0.021537775
960822,0.038082954
960823,0.04662622
960824,0.03369403
960825,0.030571213
960826,0.028625444
960827,0.026164437
960828,0.024989258
960829,0.021799274
960830,0.07740313
960831,0.14236747
960832,0.26212344
960833,0.11276601
960834,0.07063329
960835,0.11345853
960836,0.091462605
960837,0.09189764
960838,0.20991117
960839,0.09475655
960840,0.010687575
960841,0.025443478
960842,0.025949197
960843,0.020015668
960844,0.024239084
960845,0.030508399
960846,0.018755523
960847,0.018026628
960848,0.07568803
960849,0.083481826
960850,0.08955967
960851,0.074267045
960852,0.058444764
960853,0.04563117
960854,0.020081235
960855,0.10429637
960856,0.081442796
960857,0.1057795
960858,0.09578436
960859,0.09316034
960860,0.09417382
960861,0.09369317
960862,0.05040164
960863,0.16203049
960864,0.06210361
960865,0.022182144
960866,0.37239552
960867,0.5110259
960868,0.3562258
960869,0.42989692
960870,0.36502585
960871,0.41492203
960872,0.3294608
960873,0.4238688
960874,0.21319906
960875,0.035181172
960876,0.4172584
960877,0.3837576
960878,0.5166612
960879,0.74254
960880,0.63326555
960881,0.6864906
960882,0.5280138
960883,0.59711653
960884,0.7202224
960885,0.69340056
960886,0.6694817
960887,0.57698417
960888,0.5095486
960889,0.38260064
960890,0.4695053
960891,0.6709168
960892,0.38754678
960893,0.11456829
960894,0.49207538
960895,0.6395127
960896,0.6806019
960897,0.66574275
960898,0.4774571
960899,0.6645322
960900,0.5719773
960901,0.5169883
960902,0.3066447
960903,0.5161139
960904,0.47735754
960905,0.47610325
960906,0.46118194
960907,0.48654366
960908,0.20946585
960909,0.043500442
960910,0.15406893
960911,0.17646901
960912,0.14345275
960913,0.095619336
960914,0.1759981
960915,0.21652827
960916,0.24132918
960917,0.35704866
960918,0.3168216
960919,0.43014833
960920,0.42889193
960921,0.39608997
960922,0.423123
960923,0.43908158
960924,0.4214585
960925,0.26239988
960926,0.3789847
960927,0.2434883
960928,0.017476693
960929,0.03902241
960930,0.042408545
960931,0.03983002
960932,0.03903932
960933,0.04039576
960934,0.04020569
960935,0.03111113
960936,0.18104853
960937,0.12276891
960938,0.1332054
960939,0.12281565
960940,0.102832355
960941,0.111187294
960942,0.078343794
960943,0.22026446
960944,0.4053405
960945,0.41269392
960946,0.47999656
960947,0.49806193
960948,0.4950276
960949,0.5110818
960950,0.37463132
960951,0.46726507
960952,0.5085538
960953,0.4736123
960954,0.45507917
960955,0.32791796
960956,0.011486066
960957,0.03691688
960958,0.038862742
960959,0.035627358
960960,0.040941782
960961,0.04546111
960962,0.038343806
960963,0.03178659
960964,0.010444401
960965,0.025416238
960966,0.022576014
960967,0.024681173
960968,0.023773432
960969,0.025189074
960970,0.031494144
960971,0.019719345
960972,0.06656328
960973,0.50226253
960974,0.54969394
960975,0.6057536
960976,0.6724495
960977,0.65305597
960978,0.7016574
960979,0.6439055
960980,0.6521077
960981,0.68963563
960982,0.67378867
960983,0.7029246
960984,0.6840794
960985,0.7125204
960986,0.65635294
960987,0.5882257
960988,0.6507416
960989,0.65731317
960990,0.6263258
960991,0.6603065
960992,0.39239272
960993,0.016594026
960994,0.08996899
960995,0.009754999
960996,0.024981406
960997,0.025315387
960998,0.023188753
960999,0.024269436
961000,0.021733958
961001,0.029371295
961002,0.026107917
961003,0.07253251
961004,0.25003585
961005,0.18000604
961006,0.1390882
961007,0.12547542
961008,0.121345915
961009,0.15670976
961010,0.14534678
961011,0.1254874
961012,0.011584869
961013,0.023867898
961014,0.019819044
961015,0.023802107
961016,0.028434236
961017,0.023190562
961018,0.057571698
961019,0.027960425
961020,0.022913849
961021,0.008998308
961022,0.021557203
961023,0.06525167
961024,0.030425986
961025,0.03611796
961026,0.022636916
961027,0.022349915
961028,0.021083876
961029,0.06756971
961030,0.039765935
961031,0.23456606
961032,0.0850093
961033,0.0500407
961034,0.04721554
961035,0.036533464
961036,0.013059792
961037,0.057353377
961038,0.07784548
961039,0.064513415
961040,0.06336199
961041,0.06046013
961042,0.013083801
961043,0.039425906
961044,0.04270923
961045,0.035744898
961046,0.18985528
961047,0.22950375
961048,0.20980643
961049,0.17073607
961050,0.06672222
961051,0.3480566
961052,0.53461
961053,0.656963
961054,0.6999142
961055,0.6818125
961056,0.6971984
961057,0.69743204
961058,0.7667302
961059,0.77755696
961060,0.7796261
961061,0.77855915
961062,0.77704966
961063,0.77704966
961064,0.773766
961065,0.7735671
961066,0.76571023
961067,0.81120133
961068,0.8078849
961069,0.8078849
961070,0.6847207
961071,0.8029501
961072,0.81410635
961073,0.5528686
961074,0.06497178
961075,0.06146649
961076,0.06416977
961077,0.06811883
961078,0.06944497
961079,0.061983287
961080,0.101192966
961081,0.21717297
961082,0.2642553
961083,0.20887594
961084,0.18366756
961085,0.1669168
961086,0.15349905
961087,0.22887497
961088,0.2721003
961089,0.0859171
961090,0.027955288
961091,0.061597504
961092,0.14159769
961093,0.15118118
961094,0.07713633
961095,0.032165855
961096,0.124990255
961097,0.14623109
961098,0.14412978
961099,0.12509602
961100,0.1259718
961101,0.14041197
961102,0.13512948
961103,0.28213912
961104,0.62094235
961105,0.77827907
961106,0.8006819
961107,0.8635083
961108,0.8902248
961109,0.8952142
961110,0.9177938
961111,0.86533666
961112,0.893822
961113,0.8719036
961114,0.87052256
961115,0.86902905
961116,0.91050386
961117,0.8569027
961118,0.91215116
961119,0.9216098
961120,0.914236
961121,0.90091115
961122,0.88153845
961123,0.8897737
961124,0.89770377
961125,0.92272294
961126,0.8531555
961127,0.91087335
961128,0.90209323
961129,0.8845383
961130,0.8823922
961131,0.8740843
961132,0.9232127
961133,0.9218653
961134,0.87433463
961135,0.8505842
961136,0.85396296
961137,0.91187096
961138,0.8664497
961139,0.8664497
961140,0.8566066
961141,0.83330804
961142,0.8669674
961143,0.8672034
961144,0.8719295
961145,0.82489514
961146,0.87589324
961147,0.8747636
961148,0.728803
961149,0.0658578
961150,0.21597974
961151,0.85402626
961152,0.76918536
961153,0.8709662
961154,0.90732974
961155,0.9411142
961156,0.92275745
961157,0.9240556
961158,0.9455718
961159,0.9139444
961160,0.9486019
961161,0.952474
961162,0.9209
961163,0.92301524
961164,0.94970065
961165,0.9563449
961166,0.95625913
961167,0.9557326
961168,0.9247811
961169,0.9412166
961170,0.9359822
961171,0.951532
961172,0.92786866
961173,0.93454355
961174,0.95301545
961175,0.9388662
961176,0.9516505
961177,0.923976
961178,0.9270141
961179,0.94813645
961180,0.93804896
961181,0.94577146
961182,0.92330104
961183,0.947954
961184,0.962357
961185,0.9128296
961186,0.9478876
961187,0.9482385
961188,0.93876576
961189,0.90409875
961190,0.94515914
961191,0.9330399
961192,0.92900455
961193,0.90446293
961194,0.95488834
961195,0.8926014
961196,0.94847363
961197,0.91199404
961198,0.9335707
961199,0.9239716
961200,0.9169964
961201,0.938974
961202,0.928159
961203,0.9205723
961204,0.93129045
961205,0.9276741
961206,0.92795545
961207,0.9342005
961208,0.93275285
961209,0.9287587
961210,0.92980057
961211,0.9078567
961212,0.9531349
961213,0.9365115
961214,0.9427489
961215,0.9125256
961216,0.90909594
961217,0.87277794
961218,0.9310997
961219,0.87592816
961220,0.9411544
961221,0.9345945
961222,0.9277581
961223,0.8959783
961224,0.89852357
961225,0.90270877
961226,0.9158145
961227,0.9326339
961228,0.91851205
961229,0.93790936
961230,0.88712174
961231,0.9493768
961232,0.89098275
961233,0.87542665
961234,0.91171753
961235,0.94602513
961236,0.9266308
961237,0.93562305
961238,0.9336926
961239,0.95561445
961240,0.9267864
961241,0.9131394
961242,0.9396614
961243,0.93407553
961244,0.8798335
961245,0.94257855
961246,0.9216559
961247,0.94249904
961248,0.94405484
961249,0.90583485
961250,0.9479781
961251,0.9157587
961252,0.94107777
961253,0.9500233
961254,0.9080232
961255,0.8907944
961256,0.93196803
961257,0.9417941
961258,0.93953824
961259,0.9046511
961260,0.9479087
961261,0.9442279
961262,0.91183436
961263,0.93853754
961264,0.9176703
961265,0.90342927
961266,0.93715745
961267,0.94452775
961268,0.9397115
961269,0.95438284
961270,0.9519514
961271,0.94416535
961272,0.9457836
961273,0.9399348
961274,0.95119405
961275,0.9314771
961276,0.94935703
961277,0.9293692
961278,0.9460831
961279,0.955777
961280,0.94345677
961281,0.93828285
961282,0.943301
961283,0.94172347
961284,0.9379489
961285,0.9506874
961286,0.9073627
961287,0.89510983
961288,0.93548506
961289,0.93938076
961290,0.89510983
961291,0.87109387
961292,0.8906189
961293,0.9049817
961294,0.7471925
961295,0.10875878
961296,0.2502813
961297,0.24806689
961298,0.23876128
961299,0.22674978
961300,0.31317282
961301,0.100041136
961302,0.15838064
961303,0.24620968
961304,0.06721605
961305,0.11642198
961306,0.14139761
961307,0.08238398
961308,0.11270194
961309,0.09020747
961310,0.092883736
961311,0.026463458
961312,0.053061042
961313,0.053058133
961314,0.051877152
961315,0.049585797
961316,0.041455727
961317,0.02741139
961318,0.36894438
961319,0.48343563
961320,0.56852317
961321,0.34853172
961322,0.3085273
961323,0.44911936
961324,0.31130344
961325,0.4700719
961326,0.5380668
961327,0.60295147
961328,0.59448916
961329,0.5917835
961330,0.5906188
961331,0.31751093
961332,0.3572254
961333,0.3569694
961334,0.5789978
961335,0.5814994
961336,0.55116785
961337,0.46501198
961338,0.4658761
961339,0.42685997
961340,0.40973848
961341,0.624989
961342,0.605873
961343,0.54783255
961344,0.54642004
961345,0.33168063
961346,0.019914726
961347,0.041655283
961348,0.040902607
961349,0.039545316
961350,0.042056356
961351,0.04334347
961352,0.042508382
961353,0.03176857
961354,0.061785743
961355,0.16959779
961356,0.11326492
961357,0.47336948
961358,0.59698004
961359,0.5877938
961360,0.5975613
961361,0.6357245
961362,0.6330037
961363,0.6768231
961364,0.6508927
961365,0.5947517
961366,0.7153965
961367,0.65552205
961368,0.73409957
961369,0.66009325
961370,0.6067791
961371,0.60518026
961372,0.6394511
961373,0.6719406
961374,0.32521626
961375,0.35048127
961376,0.38596976
961377,0.01655022
961378,0.040153217
961379,0.03432987
961380,0.03658453
961381,0.03701911
961382,0.03574042
961383,0.048900485
961384,0.029552942
961385,0.11078044
961386,0.016129058
961387,0.0906994
961388,0.18894017
961389,0.16946101
961390,0.20408937
961391,0.11589254
961392,0.115048505
961393,0.0784578
961394,0.03710836
961395,0.07120289
961396,0.060176674
961397,0.067872964
961398,0.047512177
961399,0.07586124
961400,0.080987446
961401,0.058079712
961402,0.059287336
961403,0.021758141
961404,0.039154302
961405,0.04645307
961406,0.106795825
961407,0.03886549
961408,0.045468584
961409,0.041407842
961410,0.05155875
961411,0.034686312
961412,0.017348632
961413,0.051249925
961414,0.02704407
961415,0.035961222
961416,0.038048144
961417,0.027340239
961418,0.033788104
961419,0.019553298
961420,0.04774112
961421,0.055966116
961422,0.054466665
961423,0.03935662
961424,0.04303833
961425,0.0789699
961426,0.046813842
961427,0.05855398
961428,0.015558043
961429,0.06304619
961430,0.19940455
961431,0.120176636
961432,0.121766694
961433,0.13128506
961434,0.0931931
961435,0.27076247
961436,0.02142602
961437,0.10594203
961438,0.11753136
961439,0.23140763
961440,0.31049818
961441,0.14458658
961442,0.2633145
961443,0.17872071
961444,0.30909783
961445,0.1735313
961446,0.009951559
961447,0.026331902
961448,0.033831313
961449,0.046845447
961450,0.029622829
961451,0.025972744
961452,0.018678227
961453,0.028205566
961454,0.03704574
961455,0.22156939
961456,0.15725134
961457,0.19548926
961458,0.1368421
961459,0.14166504
961460,0.1305132
961461,0.13445038
961462,0.08973715
961463,0.041135244
961464,0.08115851
961465,0.08347225
961466,0.17978908
961467,0.08762415
961468,0.065584466
961469,0.061022587
961470,0.05014558
961471,0.01805528
961472,0.068739444
961473,0.0783272
961474,0.081221566
961475,0.086894765
961476,0.08729441
961477,0.09213627
961478,0.068958335
961479,0.013450275
961480,0.079131536
961481,0.17405576
961482,0.114118725
961483,0.10582867
961484,0.14183293
961485,0.18350597
961486,0.15424104
961487,0.1666113
961488,0.16221349
961489,0.14906402
961490,0.023173468
961491,0.17452498
961492,0.32513496
961493,0.2697317
961494,0.45551062
961495,0.31247854
961496,0.41047272
961497,0.14353377
961498,0.08393488
961499,0.36439845
961500,0.20416217
961501,0.3161447
961502,0.08111452
961503,0.11565277
961504,0.1320429
961505,0.021343345
961506,0.22391638
961507,0.15922055
961508,0.2574678
961509,0.28152958
961510,0.29793927
961511,0.33704197
961512,0.3393855
961513,0.1812804
961514,0.425188
961515,0.31328386
961516,0.21032262
961517,0.12644821
961518,0.028655715
961519,0.28907338
961520,0.43416563
961521,0.5155137
961522,0.55500495
961523,0.40525147
961524,0.4816299
961525,0.38164628
961526,0.46814993
961527,0.5762203
961528,0.3727018
961529,0.4181845
961530,0.15169732
961531,0.1510302
961532,0.2439534
961533,0.43951
961534,0.19831613
961535,0.012697935
961536,0.13283488
961537,0.13365076
961538,0.14982116
961539,0.110558875
961540,0.19313209
961541,0.18303357
961542,0.09822572
961543,0.17409034
961544,0.06943939
961545,0.102844074
961546,0.024712803
961547,0.041472156
961548,0.04109743
961549,0.043899532
961550,0.078123435
961551,0.046445012
961552,0.06188842
961553,0.011778042
961554,0.076825455
961555,0.035174698
961556,0.05294514
961557,0.1787084
961558,0.047675714
961559,0.060747262
961560,0.071808964
961561,0.059368692
961562,0.046828
961563,0.012308262
961564,0.0522187
961565,0.05879712
961566,0.05994658
961567,0.059872884
961568,0.06083701
961569,0.058501612
961570,0.053482138
961571,0.9847178
961572,0.055025913
961573,0.22718239
961574,0.104886025
961575,0.009985357
961576,0.029716535
961577,0.02660933
961578,0.02612887
961579,0.026338631
961580,0.027589964
961581,0.02552235
961582,0.023214284
961583,0.023762994
961584,0.069071725
961585,0.051151037
961586,0.0571823
961587,0.07352127
961588,0.049100924
961589,0.04072206
961590,0.04753855
961591,0.06300714
961592,0.011512669
961593,0.10849745
961594,0.11473904
961595,0.10221591
961596,0.09132526
961597,0.08388211
961598,0.11646874
961599,0.14158057
961600,0.041169602
961601,0.31569844
961602,0.25432113
961603,0.21644294
961604,0.38369417
961605,0.53761923
961606,0.2761248
961607,0.3639288
961608,0.52295417
961609,0.36716434
961610,0.3660151
961611,0.3821214
961612,0.37678498
961613,0.2737665
961614,0.12893163
961615,0.20597498
961616,0.19523461
961617,0.20537803
961618,0.1761395
961619,0.21376118
961620,0.14519876
961621,0.018252347
961622,0.06302377
961623,0.052829996
961624,0.049029317
961625,0.036913585
961626,0.03242113
961627,0.02697406
961628,0.15468666
961629,0.100917555
961630,0.05119659
961631,0.07960896
961632,0.046873923
961633,0.06315271
961634,0.05055247
961635,0.04051504
961636,0.009443304
961637,0.016127499
961638,0.020821827
961639,0.023681302
961640,0.023700783
961641,0.02153338
961642,0.01776153
961643,0.027785536
961644,0.25353017
961645,0.21174875
961646,0.19196312
961647,0.308849
961648,0.29438323
961649,0.1924876
961650,0.2035358
961651,0.34724557
961652,0.336719
961653,0.2982876
961654,0.016117515
961655,0.043856833
961656,0.059328035
961657,0.035984885
961658,0.037609946
961659,0.03419166
961660,0.012501974
961661,0.03662339
961662,0.053325333
961663,0.037626106
961664,0.045879263
961665,0.043253053
961666,0.06905623
961667,0.056462236
961668,0.046256203
961669,0.039411
961670,0.048277937
961671,0.01227142
961672,0.023181856
961673,0.022193093
961674,0.022772677
961675,0.02315744
961676,0.034215152
961677,0.026705049
961678,0.019421183
961679,0.16504113
961680,0.10381289
961681,0.035785533
961682,0.045126293
961683,0.034303013
961684,0.014127972
961685,0.028741946
961686,0.030038388
961687,0.028354956
961688,0.039940543
961689,0.027092898
961690,0.031173188
961691,0.022942467
961692,0.36607194
961693,0.49602723
961694,0.3428232
961695,0.40314868
961696,0.2997191
961697,0.029546807
961698,0.09033907
961699,0.049999095
961700,0.048467726
961701,0.301795
961702,0.42820466
961703,0.16291735
961704,0.011634413
961705,0.030958151
961706,0.025485866
961707,0.028031318
961708,0.0269875
961709,0.022593332
961710,0.022603344
961711,0.032680746
961712,0.5938193
961713,0.65299106
961714,0.6847509
961715,0.7247598
961716,0.72253096
961717,0.7454544
961718,0.7347441
961719,0.8212399
961720,0.7180551
961721,0.70762044
961722,0.7988655
961723,0.67250067
961724,0.6817777
961725,0.4097306
961726,0.13817805
961727,0.017939132
961728,0.039660525
961729,0.04051541
961730,0.037682515
961731,0.041269377
961732,0.038252596
961733,0.038695008
961734,0.03228714
961735,0.042840082
961736,0.259737
961737,0.30839592
961738,0.29439148
961739,0.35068828
961740,0.22504316
961741,0.30940962
961742,0.21043365
961743,0.2855771
961744,0.36212227
961745,0.23937082
961746,0.047751058
961747,0.17666188
961748,0.32020992
961749,0.13520755
961750,0.121291146
961751,0.12466386
961752,0.11953303
961753,0.1191609
961754,0.14092202
961755,0.07187622
961756,0.022155216
961757,0.031971168
961758,0.030063698
961759,0.03188395
961760,0.033328105
961761,0.027302798
961762,0.014368067
961763,0.037010197
961764,0.04112866
961765,0.040838115
961766,0.040741675
961767,0.053134948
961768,0.044235688
961769,0.033926878
961770,0.024962075
961771,0.069883905
961772,0.08832743
961773,0.08211847
961774,0.016951308
961775,0.03859576
961776,0.03885087
961777,0.04849993
961778,0.034611646
961779,0.03741498
961780,0.030889254
961781,0.17413543
961782,0.15535024
961783,0.12749106
961784,0.11861444
961785,0.017753197
961786,0.11887521
961787,0.20139824
961788,0.3739082
961789,0.6680552
961790,0.5895033
961791,0.60673994
961792,0.5999529
961793,0.567365
961794,0.5342791
961795,0.5460055
961796,0.55841833
961797,0.62761414
961798,0.5504184
961799,0.48647588
961800,0.021734256
961801,0.05965287
961802,0.065289184
961803,0.0963029
961804,0.060582396
961805,0.06007148
961806,0.07487701
961807,0.20440735
961808,0.28195617
961809,0.36080894
961810,0.25027677
961811,0.22386865
961812,0.2425303
961813,0.0744676
961814,0.2689721
961815,0.31909853
961816,0.5240844
961817,0.35665238
961818,0.4269649
961819,0.30785972
961820,0.31446305
961821,0.67269915
961822,0.32465026
961823,0.30745777
961824,0.23547755
961825,0.32577762
961826,0.7059359
961827,0.33289576
961828,0.02133419
961829,0.09560897
961830,0.11811765
961831,0.09061807
961832,0.1286515
961833,0.13771074
961834,0.07404013
961835,0.07194723
961836,0.26726985
961837,0.20017533
961838,0.23123433
961839,0.1756675
961840,0.11026117
961841,0.042898875
961842,0.48924434
961843,0.3471503
961844,0.34897426
961845,0.5046175
961846,0.4344864
961847,0.45863116
961848,0.5281871
961849,0.5325337
961850,0.599127
961851,0.5616172
961852,0.5700096
961853,0.50115234
961854,0.29584238
961855,0.073090546
961856,0.08340116
961857,0.10207475
961858,0.069735214
961859,0.069786675
961860,0.06648089
961861,0.054295182
961862,0.011883026
961863,0.035491668
961864,0.047399126
961865,0.039205864
961866,0.03961229
961867,0.056407504
961868,0.022353368
961869,0.02088328
961870,0.091432594
961871,0.04929354
961872,0.042583507
961873,0.29385093
961874,0.36818856
961875,0.37360755
961876,0.42963368
961877,0.4074022
961878,0.50316113
961879,0.4251751
961880,0.44110465
961881,0.502441
961882,0.495493
961883,0.41269684
961884,0.31419146
961885,0.21300913
961886,0.2482163
961887,0.027164038
961888,0.09520838
961889,0.02895577
961890,0.077613495
961891,0.059716955
961892,0.065740325
961893,0.04425756
961894,0.045557603
961895,0.045393303
961896,0.13305908
961897,0.011924772
961898,0.02839317
961899,0.05849786
961900,0.016329363
961901,0.026166411
961902,0.02584418
961903,0.036141437
961904,0.028078835
961905,0.026933666
961906,0.014812702
961907,0.026925076
961908,0.041262913
961909,0.041021425
961910,0.04799991
961911,0.034346215
961912,0.027242497
961913,0.025835002
961914,0.03239169
961915,0.10288219
961916,0.15719746
961917,0.16798645
961918,0.1326973
961919,0.12679574
961920,0.1265224
961921,0.086368375
961922,0.33469155
961923,0.26884085
961924,0.1283846
961925,0.013503725
961926,0.023410141
961927,0.025324615
961928,0.033477582
961929,0.028250523
961930,0.046945043
961931,0.03518012
961932,0.023409825
961933,0.418171
961934,0.5730429
961935,0.22490072
961936,0.2453293
961937,0.23960294
961938,0.23170902
961939,0.19613287
961940,0.071100764
961941,0.010201174
961942,0.021153126
961943,0.044457052
961944,0.029897623
961945,0.029846808
961946,0.02158212
961947,0.022756685
961948,0.021834131
961949,0.032987386
961950,0.023640918
961951,0.075633466
961952,0.08592517
961953,0.07678834
961954,0.068485595
961955,0.061023675
961956,0.076086745
961957,0.054794468
961958,0.04218429
961959,0.052861653
961960,0.058548264
961961,0.061147477
961962,0.052592978
961963,0.05988379
961964,0.05904863
961965,0.057631724
961966,0.04306275
961967,0.011879354
961968,0.03180653
961969,0.021924596
961970,0.027401468
961971,0.024168298
961972,0.024563454
961973,0.023243636
961974,0.018020766
961975,0.03307014
961976,0.3110608
961977,0.29368806
961978,0.29784432
961979,0.44594145
961980,0.41851577
961981,0.42321068
961982,0.36883783
961983,0.48619696
961984,0.42029217
961985,0.46782336
961986,0.469754
961987,0.57621557
961988,0.53995377
961989,0.3786109
961990,0.02307284
961991,0.04836808
961992,0.013337492
961993,0.08493758
961994,0.06302302
961995,0.06764862
961996,0.064346574
961997,0.062273722
961998,0.06794459
961999,0.05795087
962000,0.011093158
962001,0.023306686
962002,0.022600044
962003,0.045636166
962004,0.019366143
962005,0.026127711
962006,0.020565871
962007,0.024211537
962008,0.03309514
962009,0.36233115
962010,0.5310896
962011,0.51011103
962012,0.49705416
962013,0.49944296
962014,0.6475023
962015,0.5897905
962016,0.29762194
962017,0.63796926
962018,0.60400915
962019,0.3629417
962020,0.40107787
962021,0.38805026
962022,0.5111463
962023,0.41819048
962024,0.5908867
962025,0.6858296
962026,0.57523
962027,0.5662667
962028,0.40098155
962029,0.012050338
962030,0.027848715
962031,0.026118103
962032,0.022264855
962033,0.026741568
962034,0.02754193
962035,0.030102955
962036,0.027291847
962037,0.017486366
962038,0.061502412
962039,0.57912076
962040,0.5199174
962041,0.40961072
962042,0.4028523
962043,0.3627006
962044,0.40847573
962045,0.5097942
962046,0.49525142
962047,0.4272459
962048,0.013471589
962049,0.027024545
962050,0.03775808
962051,0.027631458
962052,0.024324983
962053,0.021919172
962054,0.022077994
962055,0.029369323
962056,0.10545742
962057,0.01216942
962058,0.017249832
962059,0.023810234
962060,0.018017927
962061,0.024006998
962062,0.0177219
962063,0.09838334
962064,0.51755846
962065,0.72761214
962066,0.76800793
962067,0.78838456
962068,0.84709626
962069,0.863018
962070,0.86050034
962071,0.8567341
962072,0.8050633
962073,0.871523
962074,0.83698756
962075,0.8732651
962076,0.69723594
962077,0.7982
962078,0.8439357
962079,0.8607071
962080,0.86347324
962081,0.7641643
962082,0.85709864
962083,0.78232914
962084,0.7778593
962085,0.7981715
962086,0.7588162
962087,0.5464861
962088,0.013134936
962089,0.040274438
962090,0.032191686
962091,0.027236722
962092,0.027855344
962093,0.027499411
962094,0.029868402
962095,0.022920897
962096,0.4115017
962097,0.019092381
962098,0.03396629
962099,0.037551653
962100,0.024854947
962101,0.11393176
962102,0.11844252
962103,0.019557567
962104,0.050116017
962105,0.02981695
962106,0.04394561
962107,0.028527662
962108,0.024830382
962109,0.20358683
962110,0.0149134025
962111,0.036897626
962112,0.041331455
962113,0.043901097
962114,0.0395551
962115,0.04298057
962116,0.03832514
962117,0.040940948
962118,0.032909617
962119,0.18575335
962120,0.23990719
962121,0.25457844
962122,0.19939962
962123,0.2118953
962124,0.27875516
962125,0.20112458
962126,0.032347698
962127,0.07048559
962128,0.09189041
962129,0.077758625
962130,0.08250899
962131,0.08012526
962132,0.07490501
962133,0.01897465
962134,0.034916494
962135,0.031021358
962136,0.024537401
962137,0.024556998
962138,0.027912585
962139,0.026207812
962140,0.021684757
962141,0.019724013
962142,0.14138158
962143,0.016490951
962144,0.07854588
962145,0.108771585
962146,0.26450825
962147,0.06775286
962148,0.115653045
962149,0.07057969
962150,0.06709657
962151,0.22543222
962152,0.18781482
962153,0.13199891
962154,0.013640087
962155,0.07631985
962156,0.080251254
962157,0.08686585
962158,0.07475982
962159,0.055578005
962160,0.25641805
962161,0.25426337
962162,0.20446539
962163,0.18464601
962164,0.21672931
962165,0.31421417
962166,0.34435904
962167,0.24564406
962168,0.2327336
962169,0.047465775
962170,0.16537564
962171,0.11200739
962172,0.16411148
962173,0.1266672
962174,0.10512236
962175,0.12614888
962176,0.1266981
962177,0.14762412
962178,0.16103499
962179,0.09244966
962180,0.023147749
962181,0.27312943
962182,0.13757333
962183,0.21610664
962184,0.1938162
962185,0.18594863
962186,0.04238692
962187,0.29026037
962188,0.265562
962189,0.4146368
962190,0.47923303
962191,0.40357143
962192,0.47487813
962193,0.39376694
962194,0.5843532
962195,0.5685377
962196,0.45800316
962197,0.5551919
962198,0.5814697
962199,0.57792324
962200,0.62166846
962201,0.572451
962202,0.6142515
962203,0.5843158
962204,0.45287973
962205,0.26414156
962206,0.6277361
962207,0.726402
962208,0.7708357
962209,0.78234637
962210,0.8346789
962211,0.8458316
962212,0.851144
962213,0.806923
962214,0.8328599
962215,0.80950546
962216,0.8269125
962217,0.80951494
962218,0.83774793
962219,0.86290103
962220,0.8373121
962221,0.82793236
962222,0.80870414
962223,0.80175793
962224,0.80156577
962225,0.79560614
962226,0.80969894
962227,0.79651546
962228,0.7964344
962229,0.76602113
962230,0.73657596
962231,0.7698628
962232,0.76265097
962233,0.76258016
962234,0.78286237
962235,0.79165393
962236,0.77441794
962237,0.5162337
962238,0.22791734
962239,0.08916328
962240,0.118021004
962241,0.10176077
962242,0.22650214
962243,0.21183427
962244,0.17142195
962245,0.1699743
962246,0.14565912
962247,0.104210705
962248,0.2069043
962249,0.3287597
962250,0.017389812
962251,0.041688465
962252,0.04051525
962253,0.041757155
962254,0.040797528
962255,0.040331144
962256,0.042746212
962257,0.0343067
962258,0.39256874
962259,0.19624247
962260,0.16332811
962261,0.18374377
962262,0.14513427
962263,0.044058125
962264,0.010390545
962265,0.034508374
962266,0.024208268
962267,0.028848581
962268,0.047189474
962269,0.022816688
962270,0.09094706
962271,0.03403718
962272,0.1439265
962273,0.21378501
962274,0.14984813
962275,0.10507561
962276,0.1514711
962277,0.119893014
962278,0.11412074
962279,0.18380219
962280,0.21041031
962281,0.016108835
962282,0.058978498
962283,0.057751503
962284,0.06519175
962285,0.059145447
962286,0.037530687
962287,0.08033693
962288,0.3720127
962289,0.27204692
962290,0.26537666
962291,0.22576225
962292,0.22005238
962293,0.18964575
962294,0.19376689
962295,0.40858078
962296,0.25510144
962297,0.4230419
962298,0.17790483
962299,0.21514249
962300,0.19798686
962301,0.07126087
962302,0.19951397
962303,0.13034154
962304,0.10867212
962305,0.18742011
962306,0.082585566
962307,0.029925166
962308,0.12241588
962309,0.07658831
962310,0.0743791
962311,0.071479335
962312,0.07317762
962313,0.057239424
962314,0.055663437
962315,0.026840402
962316,0.054989155
962317,0.060723413
962318,0.056976642
962319,0.057832196
962320,0.0633781
962321,0.07278815
962322,0.075837344
962323,0.054667346
962324,0.018724151
962325,0.079717934
962326,0.014457049
962327,0.028321292
962328,0.030454773
962329,0.030968806
962330,0.028192429
962331,0.036593366
962332,0.026800673
962333,0.029338006
962334,0.028121414
962335,0.17459126
962336,0.0892243
962337,0.21184808
962338,0.09601143
962339,0.15099151
962340,0.19681132
962341,0.24300206
962342,0.2069136
962343,0.17875881
962344,0.22315326
962345,0.09736016
962346,0.018443791
962347,0.037211113
962348,0.037493378
962349,0.032670677
962350,0.040034458
962351,0.039259776
962352,0.03581731
962353,0.015391081
962354,0.036045462
962355,0.03834228
962356,0.038124293
962357,0.030489238
962358,0.03950599
962359,0.038495895
962360,0.035164297
962361,0.03805647
962362,0.012616963
962363,0.04716625
962364,0.050090972
962365,0.051273823
962366,0.042575166
962367,0.11764766
962368,0.1145576
962369,0.11464789
962370,0.16874921
962371,0.13479671
962372,0.34732622
962373,0.32920942
962374,0.43981698
962375,0.26823038
962376,0.29431137
962377,0.16557291
962378,0.038187258
962379,0.123397626
962380,0.15845393
962381,0.10001946
962382,0.15080361
962383,0.15194258
962384,0.26395306
962385,0.21140978
962386,0.3402817
962387,0.3402817
962388,0.4286024
962389,0.24256797
962390,0.06022807
962391,0.13047962
962392,0.11575161
962393,0.11039497
962394,0.13677035
962395,0.11527701
962396,0.12107004
962397,0.1347297
962398,0.26448128
962399,0.09194285
962400,0.07948104
962401,0.068230554
962402,0.036131125
962403,0.28613284
962404,0.33460864
962405,0.44154915
962406,0.27732506
962407,0.44568536
962408,0.4189006
962409,0.45653033
962410,0.43884197
962411,0.34541237
962412,0.31684643
962413,0.4525493
962414,0.4924623
962415,0.45153752
962416,0.5081171
962417,0.31704208
962418,0.014593643
962419,0.036018737
962420,0.035333302
962421,0.039350055
962422,0.046192005
962423,0.04137175
962424,0.03564427
962425,0.16926706
962426,0.4513202
962427,0.4963724
962428,0.5754948
962429,0.5977217
962430,0.654854
962431,0.64214396
962432,0.54416806
962433,0.48828718
962434,0.6263867
962435,0.6347495
962436,0.5219073
962437,0.4192103
962438,0.6299433
962439,0.5485143
962440,0.54534334
962441,0.45794696
962442,0.50386
962443,0.4687539
962444,0.5030333
962445,0.35867652
962446,0.014853647
962447,0.067985035
962448,0.07041414
962449,0.074088804
962450,0.1280354
962451,0.118912555
962452,0.04221846
962453,0.08399144
962454,0.08249858
962455,0.080669776
962456,0.10218047
962457,0.1349465
962458,0.07219115
962459,0.19312426
962460,0.051190928
962461,0.17813738
962462,0.13702893
962463,0.12237634
962464,0.13395442
962465,0.017766139
962466,0.025307957
962467,0.028427787
962468,0.03130133
962469,0.026756123
962470,0.024100432
962471,0.020961793
962472,0.5114464
962473,0.67468756
962474,0.66057086
962475,0.6976576
962476,0.67519766
962477,0.6815461
962478,0.67293394
962479,0.6749585
962480,0.66868204
962481,0.6920995
962482,0.67403084
962483,0.6715414
962484,0.65016013
962485,0.63788277
962486,0.41730735
962487,0.34387547
962488,0.3112541
962489,0.27821806
962490,0.2770377
962491,0.23935902
962492,0.015613836
962493,0.07009462
962494,0.0625712
962495,0.07068218
962496,0.013434144
962497,0.024812583
962498,0.027719878
962499,0.02774796
962500,0.028104184
962501,0.025986038
962502,0.026543465
962503,0.025417456
962504,0.07173471
962505,0.17098713
962506,0.21197528
962507,0.019068314
962508,0.054514866
962509,0.052642718
962510,0.054708503
962511,0.052311894
962512,0.048935473
962513,0.051454745
962514,0.042613015
962515,0.07086168
962516,0.13573234
962517,0.13119096
962518,0.11521127
962519,0.13142917
962520,0.11387205
962521,0.11957973
962522,0.08927549
962523,0.045342527
962524,0.38845277
962525,0.021714577
962526,0.07376149
962527,0.19111426
962528,0.08207647
962529,0.066115506
962530,0.055461735
962531,0.051572192
962532,0.056028716
962533,0.058722317
962534,0.04454255
962535,0.032495573
962536,0.19725184
962537,0.20733647
962538,0.11844291
962539,0.017109703
962540,0.028574293
962541,0.025840644
962542,0.07451517
962543,0.13503525
962544,0.12569286
962545,0.111847356
962546,0.118556105
962547,0.10350139
962548,0.11492857
962549,0.07630434
962550,0.05123057
962551,0.0475213
962552,0.04620611
962553,0.040742304
962554,0.36424893
962555,0.24399714
962556,0.18460873
962557,0.0127413785
962558,0.031638805
962559,0.03301119
962560,0.034638915
962561,0.03457396
962562,0.033664875
962563,0.030492298
962564,0.029332982
962565,0.060743265
962566,0.34338784
962567,0.297385
962568,0.3642945
962569,0.33431992
962570,0.339003
962571,0.24379963
962572,0.38889888
962573,0.33870298
962574,0.33809757
962575,0.3708973
962576,0.2369967
962577,0.01216279
962578,0.023149675
962579,0.01779102
962580,0.021808522
962581,0.022730058
962582,0.017994566
962583,0.02195943
962584,0.018299941
962585,0.17628434
962586,0.12993024
962587,0.20976657
962588,0.21784523
962589,0.13154344
962590,0.16082928
962591,0.13495164
962592,0.011193653
962593,0.12264741
962594,0.047894068
962595,0.044528283
962596,0.11234694
962597,0.046240162
962598,0.04584708
962599,0.13640836
962600,0.052372545
962601,0.035667308
962602,0.011749289
962603,0.02697321
962604,0.03930649
962605,0.032386713
962606,0.028883068
962607,0.03709029
962608,0.047597036
962609,0.03292614
962610,0.043465212
962611,0.01838417
962612,0.33933657
962613,0.48943755
962614,0.485325
962615,0.45221093
962616,0.44929022
962617,0.49938327
962618,0.016006706
962619,0.03046856
962620,0.026803635
962621,0.03817368
962622,0.036942564
962623,0.046479974
962624,0.045215387
962625,0.024472408
962626,0.06348571
962627,0.038772147
962628,0.038266674
962629,0.038209192
962630,0.03693097
962631,0.06242692
962632,0.037127722
962633,0.030477682
962634,0.010439878
962635,0.023467936
962636,0.028359048
962637,0.019299654
962638,0.019766029
962639,0.01807454
962640,0.023204776
962641,0.04576936
962642,0.018690497
962643,0.018453341
962644,0.39934275
962645,0.40921184
962646,0.22763969
962647,0.47977135
962648,0.4865099
962649,0.5593829
962650,0.46278197
962651,0.3893605
962652,0.4447286
962653,0.46778202
962654,0.40465787
962655,0.60331964
962656,0.44304964
962657,0.3111943
962658,0.022524355
962659,0.042290375
962660,0.05237622
962661,0.056812275
962662,0.05650104
962663,0.061495356
962664,0.062075447
962665,0.012195622
962666,0.033306383
962667,0.031714283
962668,0.03173408
962669,0.037376627
962670,0.03339756
962671,0.03431734
962672,0.030411402
962673,0.18744838
962674,0.23790397
962675,0.18557711
962676,0.008213557
962677,0.014539889
962678,0.01979743
962679,0.029399432
962680,0.025447581
962681,0.02190342
962682,0.020017968
962683,0.023723649
962684,0.03516358
962685,0.6857864
962686,0.5003953
962687,0.6241671
962688,0.6375808
962689,0.7557689
962690,0.6152548
962691,0.6992745
962692,0.6494278
962693,0.61183745
962694,0.6366522
962695,0.6727874
962696,0.6022085
962697,0.60803336
962698,0.32628343
962699,0.08832396
962700,0.017243804
962701,0.053700015
962702,0.027265454
962703,0.3436252
962704,0.43730462
962705,0.40243718
962706,0.25865534
962707,0.48828235
962708,0.4227923
962709,0.6069522
962710,0.5027722
962711,0.40104136
962712,0.616626
962713,0.60280377
962714,0.6358244
962715,0.5883601
962716,0.5877204
962717,0.54778266
962718,0.47452074
962719,0.28798336
962720,0.017139126
962721,0.040189814
962722,0.039096516
962723,0.03881994
962724,0.041158892
962725,0.037951116
962726,0.02798805
962727,0.02434174
962728,0.028542519
962729,0.05575817
962730,0.09968595
962731,0.09895137
962732,0.11973804
962733,0.07917639
962734,0.060047206
962735,0.011542253
962736,0.047999628
962737,0.030622797
962738,0.026389288
962739,0.031037549
962740,0.028897705
962741,0.0976497
962742,0.033727113
962743,0.04534256
962744,0.02064808
962745,0.2627864
962746,0.12273872
962747,0.050976843
962748,0.05098353
962749,0.048530035
962750,0.047368757
962751,0.043230772
962752,0.040862374
962753,0.010160058
962754,0.043526053
962755,0.027043168
962756,0.039347686
962757,0.039123323
962758,0.050992414
962759,0.14087348
962760,0.034979053
962761,0.029999048
962762,0.0384484
962763,0.16088381
962764,0.15437199
962765,0.2880301
962766,0.16384861
962767,0.23750763
962768,0.23000187
962769,0.151007
962770,0.16269185
962771,0.16260618
962772,0.0147862695
962773,0.034530494
962774,0.03523871
962775,0.055550206
962776,0.035034914
962777,0.035542917
962778,0.04342107
962779,0.037723485
962780,0.0663837
962781,0.12756103
962782,0.124309115
962783,0.10291826
962784,0.030198775
962785,0.097032644
962786,0.111315005
962787,0.05850675
962788,0.09771263
962789,0.07443834
962790,0.067040004
962791,0.39397007
962792,0.65766966
962793,0.5923432
962794,0.66288185
962795,0.6857679
962796,0.6894042
962797,0.70034623
962798,0.67352617
962799,0.67119247
962800,0.6374169
962801,0.6482249
962802,0.63526314
962803,0.42725384
962804,0.06409552
962805,0.013038438
962806,0.061875228
962807,0.06352434
962808,0.048982795
962809,0.080833286
962810,0.0678393
962811,0.10018041
962812,0.052879415
962813,0.07842492
962814,0.14866747
962815,0.1398866
962816,0.44624624
962817,0.4876372
962818,0.5933936
962819,0.65318966
962820,0.6820693
962821,0.69802725
962822,0.7268132
962823,0.7632886
962824,0.7924707
962825,0.77908564
962826,0.7728739
962827,0.7592502
962828,0.7928188
962829,0.8022873
962830,0.83617336
962831,0.80391353
962832,0.8005471
962833,0.78501093
962834,0.8022806
962835,0.83397204
962836,0.7598966
962837,0.7629632
962838,0.7990583
962839,0.7747583
962840,0.76493394
962841,0.78028995
962842,0.79545504
962843,0.77141887
962844,0.76838064
962845,0.56707686
962846,0.201238
962847,0.12533867
962848,0.13272871
962849,0.11635441
962850,0.14980114
962851,0.09988176
962852,0.011202354
962853,0.047610644
962854,0.039002005
962855,0.044337925
962856,0.041866887
962857,0.037855305
962858,0.029957352
962859,0.12746993
962860,0.29187846
962861,0.23855665
962862,0.4980054
962863,0.2768741
962864,0.2786952
962865,0.30291468
962866,0.07803775
962867,0.030647306
962868,0.047222782
962869,0.31822807
962870,0.57751626
962871,0.744481
962872,0.7643703
962873,0.833588
962874,0.75435877
962875,0.79420847
962876,0.82755774
962877,0.8698325
962878,0.82274735
962879,0.8637033
962880,0.85506123
962881,0.8829164
962882,0.8358942
962883,0.85117114
962884,0.8529589
962885,0.841213
962886,0.8611868
962887,0.8634096
962888,0.87289554
962889,0.83604544
962890,0.8356281
962891,0.860144
962892,0.87226826
962893,0.869871
962894,0.8668576
962895,0.86147803
962896,0.8471717
962897,0.81487393
962898,0.8453006
962899,0.82141453
962900,0.83610284
962901,0.8200665
962902,0.8170466
962903,0.834565
962904,0.77694243
962905,0.79167897
962906,0.791147
962907,0.78450024
962908,0.7061368
962909,0.60509044
962910,0.019922508
962911,0.08195282
962912,0.057546526
962913,0.07497907
962914,0.06929181
